task,demo,frame,camera,objectA,relation,objectB
pick_up_the_black_bowl_next_to_the_cookie_box_and_place_it_on_the_plate,demo_0,0,eye_in_hand,akita_black_bowl_1,is_behind,akita_black_bowl_2
pick_up_the_black_bowl_next_to_the_cookie_box_and_place_it_on_the_plate,demo_0,0,eye_in_hand,akita_black_bowl_1,is_behind,cookies_1
pick_up_the_black_bowl_next_to_the_cookie_box_and_place_it_on_the_plate,demo_0,0,eye_in_hand,akita_black_bowl_1,is_right_of,glazed_rim_porcelain_ramekin_1
pick_up_the_black_bowl_next_to_the_cookie_box_and_place_it_on_the_plate,demo_0,0,eye_in_hand,akita_black_bowl_1,is_right_of,plate_1
pick_up_the_black_bowl_next_to_the_cookie_box_and_place_it_on_the_plate,demo_0,0,eye_in_hand,akita_black_bowl_1,is_in_front_of,wooden_cabinet_1
pick_up_the_black_bowl_next_to_the_cookie_box_and_place_it_on_the_plate,demo_0,0,eye_in_hand,akita_black_bowl_1,is_on_top_of,flat_stove_1
pick_up_the_black_bowl_next_to_the_cookie_box_and_place_it_on_the_plate,demo_0,0,eye_in_hand,akita_black_bowl_2,is_in_front_of,akita_black_bowl_1
pick_up_the_black_bowl_next_to_the_cookie_box_and_place_it_on_the_plate,demo_0,0,eye_in_hand,akita_black_bowl_2,is_right_of,cookies_1
pick_up_the_black_bowl_next_to_the_cookie_box_and_place_it_on_the_plate,demo_0,0,eye_in_hand,akita_black_bowl_2,is_right_of,glazed_rim_porcelain_ramekin_1
pick_up_the_black_bowl_next_to_the_cookie_box_and_place_it_on_the_plate,demo_0,0,eye_in_hand,akita_black_bowl_2,is_right_of,plate_1
pick_up_the_black_bowl_next_to_the_cookie_box_and_place_it_on_the_plate,demo_0,0,eye_in_hand,akita_black_bowl_2,is_in_front_of,wooden_cabinet_1
pick_up_the_black_bowl_next_to_the_cookie_box_and_place_it_on_the_plate,demo_0,0,eye_in_hand,akita_black_bowl_2,is_in_front_of,flat_stove_1
pick_up_the_black_bowl_next_to_the_cookie_box_and_place_it_on_the_plate,demo_0,0,eye_in_hand,cookies_1,is_in_front_of,akita_black_bowl_1
pick_up_the_black_bowl_next_to_the_cookie_box_and_place_it_on_the_plate,demo_0,0,eye_in_hand,cookies_1,is_left_of,akita_black_bowl_2
pick_up_the_black_bowl_next_to_the_cookie_box_and_place_it_on_the_plate,demo_0,0,eye_in_hand,cookies_1,is_in_front_of,glazed_rim_porcelain_ramekin_1
pick_up_the_black_bowl_next_to_the_cookie_box_and_place_it_on_the_plate,demo_0,0,eye_in_hand,cookies_1,is_right_of,plate_1
pick_up_the_black_bowl_next_to_the_cookie_box_and_place_it_on_the_plate,demo_0,0,eye_in_hand,cookies_1,is_in_front_of,wooden_cabinet_1
pick_up_the_black_bowl_next_to_the_cookie_box_and_place_it_on_the_plate,demo_0,0,eye_in_hand,cookies_1,is_in_front_of,flat_stove_1
pick_up_the_black_bowl_next_to_the_cookie_box_and_place_it_on_the_plate,demo_0,0,eye_in_hand,glazed_rim_porcelain_ramekin_1,is_left_of,akita_black_bowl_1
pick_up_the_black_bowl_next_to_the_cookie_box_and_place_it_on_the_plate,demo_0,0,eye_in_hand,glazed_rim_porcelain_ramekin_1,is_left_of,akita_black_bowl_2
pick_up_the_black_bowl_next_to_the_cookie_box_and_place_it_on_the_plate,demo_0,0,eye_in_hand,glazed_rim_porcelain_ramekin_1,is_behind,cookies_1
pick_up_the_black_bowl_next_to_the_cookie_box_and_place_it_on_the_plate,demo_0,0,eye_in_hand,glazed_rim_porcelain_ramekin_1,is_behind,plate_1
pick_up_the_black_bowl_next_to_the_cookie_box_and_place_it_on_the_plate,demo_0,0,eye_in_hand,glazed_rim_porcelain_ramekin_1,is_in_front_of,wooden_cabinet_1
pick_up_the_black_bowl_next_to_the_cookie_box_and_place_it_on_the_plate,demo_0,0,eye_in_hand,glazed_rim_porcelain_ramekin_1,is_left_of,flat_stove_1
pick_up_the_black_bowl_next_to_the_cookie_box_and_place_it_on_the_plate,demo_0,0,eye_in_hand,plate_1,is_left_of,akita_black_bowl_1
pick_up_the_black_bowl_next_to_the_cookie_box_and_place_it_on_the_plate,demo_0,0,eye_in_hand,plate_1,is_left_of,akita_black_bowl_2
pick_up_the_black_bowl_next_to_the_cookie_box_and_place_it_on_the_plate,demo_0,0,eye_in_hand,plate_1,is_left_of,cookies_1
pick_up_the_black_bowl_next_to_the_cookie_box_and_place_it_on_the_plate,demo_0,0,eye_in_hand,plate_1,is_in_front_of,glazed_rim_porcelain_ramekin_1
pick_up_the_black_bowl_next_to_the_cookie_box_and_place_it_on_the_plate,demo_0,0,eye_in_hand,plate_1,is_in_front_of,wooden_cabinet_1
pick_up_the_black_bowl_next_to_the_cookie_box_and_place_it_on_the_plate,demo_0,0,eye_in_hand,plate_1,is_left_of,flat_stove_1
pick_up_the_black_bowl_next_to_the_cookie_box_and_place_it_on_the_plate,demo_0,0,eye_in_hand,wooden_cabinet_1,is_behind,akita_black_bowl_1
pick_up_the_black_bowl_next_to_the_cookie_box_and_place_it_on_the_plate,demo_0,0,eye_in_hand,wooden_cabinet_1,is_behind,akita_black_bowl_2
pick_up_the_black_bowl_next_to_the_cookie_box_and_place_it_on_the_plate,demo_0,0,eye_in_hand,wooden_cabinet_1,is_behind,cookies_1
pick_up_the_black_bowl_next_to_the_cookie_box_and_place_it_on_the_plate,demo_0,0,eye_in_hand,wooden_cabinet_1,is_behind,glazed_rim_porcelain_ramekin_1
pick_up_the_black_bowl_next_to_the_cookie_box_and_place_it_on_the_plate,demo_0,0,eye_in_hand,wooden_cabinet_1,is_behind,plate_1
pick_up_the_black_bowl_next_to_the_cookie_box_and_place_it_on_the_plate,demo_0,0,eye_in_hand,wooden_cabinet_1,is_behind,flat_stove_1
pick_up_the_black_bowl_next_to_the_cookie_box_and_place_it_on_the_plate,demo_0,0,eye_in_hand,flat_stove_1,is_below_of,akita_black_bowl_1
pick_up_the_black_bowl_next_to_the_cookie_box_and_place_it_on_the_plate,demo_0,0,eye_in_hand,flat_stove_1,is_behind,akita_black_bowl_2
pick_up_the_black_bowl_next_to_the_cookie_box_and_place_it_on_the_plate,demo_0,0,eye_in_hand,flat_stove_1,is_behind,cookies_1
pick_up_the_black_bowl_next_to_the_cookie_box_and_place_it_on_the_plate,demo_0,0,eye_in_hand,flat_stove_1,is_right_of,glazed_rim_porcelain_ramekin_1
pick_up_the_black_bowl_next_to_the_cookie_box_and_place_it_on_the_plate,demo_0,0,eye_in_hand,flat_stove_1,is_right_of,plate_1
pick_up_the_black_bowl_next_to_the_cookie_box_and_place_it_on_the_plate,demo_0,0,eye_in_hand,flat_stove_1,is_in_front_of,wooden_cabinet_1
pick_up_the_black_bowl_next_to_the_cookie_box_and_place_it_on_the_plate,demo_0,5,eye_in_hand,akita_black_bowl_1,contains,glazed_rim_porcelain_ramekin_1
pick_up_the_black_bowl_next_to_the_cookie_box_and_place_it_on_the_plate,demo_0,5,eye_in_hand,akita_black_bowl_1,is_behind,plate_1
pick_up_the_black_bowl_next_to_the_cookie_box_and_place_it_on_the_plate,demo_0,5,eye_in_hand,akita_black_bowl_1,is_behind,cookies_1
pick_up_the_black_bowl_next_to_the_cookie_box_and_place_it_on_the_plate,demo_0,5,eye_in_hand,akita_black_bowl_1,is_left_of,akita_black_bowl_2
pick_up_the_black_bowl_next_to_the_cookie_box_and_place_it_on_the_plate,demo_0,5,eye_in_hand,akita_black_bowl_1,is_in_front_of,wooden_cabinet_1
pick_up_the_black_bowl_next_to_the_cookie_box_and_place_it_on_the_plate,demo_0,5,eye_in_hand,akita_black_bowl_1,is_left_of,flat_stove_1
pick_up_the_black_bowl_next_to_the_cookie_box_and_place_it_on_the_plate,demo_0,5,eye_in_hand,akita_black_bowl_2,is_right_of,akita_black_bowl_1
pick_up_the_black_bowl_next_to_the_cookie_box_and_place_it_on_the_plate,demo_0,5,eye_in_hand,akita_black_bowl_2,is_right_of,glazed_rim_porcelain_ramekin_1
pick_up_the_black_bowl_next_to_the_cookie_box_and_place_it_on_the_plate,demo_0,5,eye_in_hand,akita_black_bowl_2,is_right_of,plate_1
pick_up_the_black_bowl_next_to_the_cookie_box_and_place_it_on_the_plate,demo_0,5,eye_in_hand,akita_black_bowl_2,is_right_of,cookies_1
pick_up_the_black_bowl_next_to_the_cookie_box_and_place_it_on_the_plate,demo_0,5,eye_in_hand,akita_black_bowl_2,is_in_front_of,wooden_cabinet_1
pick_up_the_black_bowl_next_to_the_cookie_box_and_place_it_on_the_plate,demo_0,5,eye_in_hand,akita_black_bowl_2,is_in_front_of,flat_stove_1
pick_up_the_black_bowl_next_to_the_cookie_box_and_place_it_on_the_plate,demo_0,5,eye_in_hand,cookies_1,is_in_front_of,akita_black_bowl_1
pick_up_the_black_bowl_next_to_the_cookie_box_and_place_it_on_the_plate,demo_0,5,eye_in_hand,cookies_1,is_in_front_of,glazed_rim_porcelain_ramekin_1
pick_up_the_black_bowl_next_to_the_cookie_box_and_place_it_on_the_plate,demo_0,5,eye_in_hand,cookies_1,is_right_of,plate_1
pick_up_the_black_bowl_next_to_the_cookie_box_and_place_it_on_the_plate,demo_0,5,eye_in_hand,cookies_1,is_left_of,akita_black_bowl_2
pick_up_the_black_bowl_next_to_the_cookie_box_and_place_it_on_the_plate,demo_0,5,eye_in_hand,cookies_1,is_in_front_of,wooden_cabinet_1
pick_up_the_black_bowl_next_to_the_cookie_box_and_place_it_on_the_plate,demo_0,5,eye_in_hand,cookies_1,is_in_front_of,flat_stove_1
pick_up_the_black_bowl_next_to_the_cookie_box_and_place_it_on_the_plate,demo_0,5,eye_in_hand,glazed_rim_porcelain_ramekin_1,is_inside,akita_black_bowl_1
pick_up_the_black_bowl_next_to_the_cookie_box_and_place_it_on_the_plate,demo_0,5,eye_in_hand,glazed_rim_porcelain_ramekin_1,is_behind,plate_1
pick_up_the_black_bowl_next_to_the_cookie_box_and_place_it_on_the_plate,demo_0,5,eye_in_hand,glazed_rim_porcelain_ramekin_1,is_behind,cookies_1
pick_up_the_black_bowl_next_to_the_cookie_box_and_place_it_on_the_plate,demo_0,5,eye_in_hand,glazed_rim_porcelain_ramekin_1,is_left_of,akita_black_bowl_2
pick_up_the_black_bowl_next_to_the_cookie_box_and_place_it_on_the_plate,demo_0,5,eye_in_hand,glazed_rim_porcelain_ramekin_1,is_in_front_of,wooden_cabinet_1
pick_up_the_black_bowl_next_to_the_cookie_box_and_place_it_on_the_plate,demo_0,5,eye_in_hand,glazed_rim_porcelain_ramekin_1,is_left_of,flat_stove_1
pick_up_the_black_bowl_next_to_the_cookie_box_and_place_it_on_the_plate,demo_0,5,eye_in_hand,plate_1,is_in_front_of,akita_black_bowl_1
pick_up_the_black_bowl_next_to_the_cookie_box_and_place_it_on_the_plate,demo_0,5,eye_in_hand,plate_1,is_in_front_of,glazed_rim_porcelain_ramekin_1
pick_up_the_black_bowl_next_to_the_cookie_box_and_place_it_on_the_plate,demo_0,5,eye_in_hand,plate_1,is_left_of,cookies_1
pick_up_the_black_bowl_next_to_the_cookie_box_and_place_it_on_the_plate,demo_0,5,eye_in_hand,plate_1,is_left_of,akita_black_bowl_2
pick_up_the_black_bowl_next_to_the_cookie_box_and_place_it_on_the_plate,demo_0,5,eye_in_hand,plate_1,is_in_front_of,wooden_cabinet_1
pick_up_the_black_bowl_next_to_the_cookie_box_and_place_it_on_the_plate,demo_0,5,eye_in_hand,plate_1,is_in_front_of,flat_stove_1
pick_up_the_black_bowl_next_to_the_cookie_box_and_place_it_on_the_plate,demo_0,5,eye_in_hand,wooden_cabinet_1,is_behind,akita_black_bowl_1
pick_up_the_black_bowl_next_to_the_cookie_box_and_place_it_on_the_plate,demo_0,5,eye_in_hand,wooden_cabinet_1,is_behind,akita_black_bowl_2
pick_up_the_black_bowl_next_to_the_cookie_box_and_place_it_on_the_plate,demo_0,5,eye_in_hand,wooden_cabinet_1,is_behind,cookies_1
pick_up_the_black_bowl_next_to_the_cookie_box_and_place_it_on_the_plate,demo_0,5,eye_in_hand,wooden_cabinet_1,is_behind,glazed_rim_porcelain_ramekin_1
pick_up_the_black_bowl_next_to_the_cookie_box_and_place_it_on_the_plate,demo_0,5,eye_in_hand,wooden_cabinet_1,is_behind,plate_1
pick_up_the_black_bowl_next_to_the_cookie_box_and_place_it_on_the_plate,demo_0,5,eye_in_hand,wooden_cabinet_1,is_behind,flat_stove_1
pick_up_the_black_bowl_next_to_the_cookie_box_and_place_it_on_the_plate,demo_0,5,eye_in_hand,flat_stove_1,is_right_of,akita_black_bowl_1
pick_up_the_black_bowl_next_to_the_cookie_box_and_place_it_on_the_plate,demo_0,5,eye_in_hand,flat_stove_1,is_behind,akita_black_bowl_2
pick_up_the_black_bowl_next_to_the_cookie_box_and_place_it_on_the_plate,demo_0,5,eye_in_hand,flat_stove_1,is_behind,cookies_1
pick_up_the_black_bowl_next_to_the_cookie_box_and_place_it_on_the_plate,demo_0,5,eye_in_hand,flat_stove_1,is_right_of,glazed_rim_porcelain_ramekin_1
pick_up_the_black_bowl_next_to_the_cookie_box_and_place_it_on_the_plate,demo_0,5,eye_in_hand,flat_stove_1,is_behind,plate_1
pick_up_the_black_bowl_next_to_the_cookie_box_and_place_it_on_the_plate,demo_0,5,eye_in_hand,flat_stove_1,is_in_front_of,wooden_cabinet_1
pick_up_the_black_bowl_next_to_the_cookie_box_and_place_it_on_the_plate,demo_0,10,eye_in_hand,akita_black_bowl_1,is_in_front_of,akita_black_bowl_2
pick_up_the_black_bowl_next_to_the_cookie_box_and_place_it_on_the_plate,demo_0,10,eye_in_hand,akita_black_bowl_2,is_behind,akita_black_bowl_1
pick_up_the_black_bowl_next_to_the_cookie_box_and_place_it_on_the_plate,demo_0,10,eye_in_hand,akita_black_bowl_1,is_right_of,cookies_1
pick_up_the_black_bowl_next_to_the_cookie_box_and_place_it_on_the_plate,demo_0,10,eye_in_hand,cookies_1,is_left_of,akita_black_bowl_1
pick_up_the_black_bowl_next_to_the_cookie_box_and_place_it_on_the_plate,demo_0,10,eye_in_hand,akita_black_bowl_1,is_in_front_of,glazed_rim_porcelain_ramekin_1
pick_up_the_black_bowl_next_to_the_cookie_box_and_place_it_on_the_plate,demo_0,10,eye_in_hand,glazed_rim_porcelain_ramekin_1,is_behind,akita_black_bowl_1
pick_up_the_black_bowl_next_to_the_cookie_box_and_place_it_on_the_plate,demo_0,10,eye_in_hand,akita_black_bowl_1,is_right_of,plate_1
pick_up_the_black_bowl_next_to_the_cookie_box_and_place_it_on_the_plate,demo_0,10,eye_in_hand,plate_1,is_left_of,akita_black_bowl_1
pick_up_the_black_bowl_next_to_the_cookie_box_and_place_it_on_the_plate,demo_0,10,eye_in_hand,akita_black_bowl_1,is_in_front_of,wooden_cabinet_1
pick_up_the_black_bowl_next_to_the_cookie_box_and_place_it_on_the_plate,demo_0,10,eye_in_hand,wooden_cabinet_1,is_behind,akita_black_bowl_1
pick_up_the_black_bowl_next_to_the_cookie_box_and_place_it_on_the_plate,demo_0,10,eye_in_hand,akita_black_bowl_1,is_in_front_of,flat_stove_1
pick_up_the_black_bowl_next_to_the_cookie_box_and_place_it_on_the_plate,demo_0,10,eye_in_hand,flat_stove_1,is_behind,akita_black_bowl_1
pick_up_the_black_bowl_next_to_the_cookie_box_and_place_it_on_the_plate,demo_0,10,eye_in_hand,akita_black_bowl_2,is_behind,cookies_1
pick_up_the_black_bowl_next_to_the_cookie_box_and_place_it_on_the_plate,demo_0,10,eye_in_hand,cookies_1,is_in_front_of,akita_black_bowl_2
pick_up_the_black_bowl_next_to_the_cookie_box_and_place_it_on_the_plate,demo_0,10,eye_in_hand,akita_black_bowl_2,is_left_of,glazed_rim_porcelain_ramekin_1
pick_up_the_black_bowl_next_to_the_cookie_box_and_place_it_on_the_plate,demo_0,10,eye_in_hand,glazed_rim_porcelain_ramekin_1,is_right_of,akita_black_bowl_2
pick_up_the_black_bowl_next_to_the_cookie_box_and_place_it_on_the_plate,demo_0,10,eye_in_hand,akita_black_bowl_2,is_behind,plate_1
pick_up_the_black_bowl_next_to_the_cookie_box_and_place_it_on_the_plate,demo_0,10,eye_in_hand,plate_1,is_in_front_of,akita_black_bowl_2
pick_up_the_black_bowl_next_to_the_cookie_box_and_place_it_on_the_plate,demo_0,10,eye_in_hand,akita_black_bowl_2,is_in_front_of,wooden_cabinet_1
pick_up_the_black_bowl_next_to_the_cookie_box_and_place_it_on_the_plate,demo_0,10,eye_in_hand,wooden_cabinet_1,is_behind,akita_black_bowl_2
pick_up_the_black_bowl_next_to_the_cookie_box_and_place_it_on_the_plate,demo_0,10,eye_in_hand,akita_black_bowl_2,is_left_of,flat_stove_1
pick_up_the_black_bowl_next_to_the_cookie_box_and_place_it_on_the_plate,demo_0,10,eye_in_hand,flat_stove_1,is_right_of,akita_black_bowl_2
pick_up_the_black_bowl_next_to_the_cookie_box_and_place_it_on_the_plate,demo_0,10,eye_in_hand,cookies_1,is_in_front_of,glazed_rim_porcelain_ramekin_1
pick_up_the_black_bowl_next_to_the_cookie_box_and_place_it_on_the_plate,demo_0,10,eye_in_hand,glazed_rim_porcelain_ramekin_1,is_behind,cookies_1
pick_up_the_black_bowl_next_to_the_cookie_box_and_place_it_on_the_plate,demo_0,10,eye_in_hand,cookies_1,is_right_of,plate_1
pick_up_the_black_bowl_next_to_the_cookie_box_and_place_it_on_the_plate,demo_0,10,eye_in_hand,plate_1,is_left_of,cookies_1
pick_up_the_black_bowl_next_to_the_cookie_box_and_place_it_on_the_plate,demo_0,10,eye_in_hand,cookies_1,is_in_front_of,wooden_cabinet_1
pick_up_the_black_bowl_next_to_the_cookie_box_and_place_it_on_the_plate,demo_0,10,eye_in_hand,wooden_cabinet_1,is_behind,cookies_1
pick_up_the_black_bowl_next_to_the_cookie_box_and_place_it_on_the_plate,demo_0,10,eye_in_hand,cookies_1,is_in_front_of,flat_stove_1
pick_up_the_black_bowl_next_to_the_cookie_box_and_place_it_on_the_plate,demo_0,10,eye_in_hand,flat_stove_1,is_behind,cookies_1
pick_up_the_black_bowl_next_to_the_cookie_box_and_place_it_on_the_plate,demo_0,10,eye_in_hand,glazed_rim_porcelain_ramekin_1,is_behind,plate_1
pick_up_the_black_bowl_next_to_the_cookie_box_and_place_it_on_the_plate,demo_0,10,eye_in_hand,plate_1,is_in_front_of,glazed_rim_porcelain_ramekin_1
pick_up_the_black_bowl_next_to_the_cookie_box_and_place_it_on_the_plate,demo_0,10,eye_in_hand,glazed_rim_porcelain_ramekin_1,is_in_front_of,wooden_cabinet_1
pick_up_the_black_bowl_next_to_the_cookie_box_and_place_it_on_the_plate,demo_0,10,eye_in_hand,wooden_cabinet_1,is_behind,glazed_rim_porcelain_ramekin_1
pick_up_the_black_bowl_next_to_the_cookie_box_and_place_it_on_the_plate,demo_0,10,eye_in_hand,glazed_rim_porcelain_ramekin_1,is_on_top_of,flat_stove_1
pick_up_the_black_bowl_next_to_the_cookie_box_and_place_it_on_the_plate,demo_0,10,eye_in_hand,flat_stove_1,is_below_of,glazed_rim_porcelain_ramekin_1
pick_up_the_black_bowl_next_to_the_cookie_box_and_place_it_on_the_plate,demo_0,10,eye_in_hand,plate_1,is_in_front_of,wooden_cabinet_1
pick_up_the_black_bowl_next_to_the_cookie_box_and_place_it_on_the_plate,demo_0,10,eye_in_hand,wooden_cabinet_1,is_behind,plate_1
pick_up_the_black_bowl_next_to_the_cookie_box_and_place_it_on_the_plate,demo_0,10,eye_in_hand,plate_1,is_in_front_of,flat_stove_1
pick_up_the_black_bowl_next_to_the_cookie_box_and_place_it_on_the_plate,demo_0,10,eye_in_hand,flat_stove_1,is_behind,plate_1
pick_up_the_black_bowl_next_to_the_cookie_box_and_place_it_on_the_plate,demo_0,10,eye_in_hand,wooden_cabinet_1,is_behind,flat_stove_1
pick_up_the_black_bowl_next_to_the_cookie_box_and_place_it_on_the_plate,demo_0,10,eye_in_hand,flat_stove_1,is_in_front_of,wooden_cabinet_1
pick_up_the_black_bowl_next_to_the_cookie_box_and_place_it_on_the_plate,demo_0,15,eye_in_hand,plate_1,is_left_of,cookies_1
pick_up_the_black_bowl_next_to_the_cookie_box_and_place_it_on_the_plate,demo_0,15,eye_in_hand,cookies_1,is_right_of,plate_1
pick_up_the_black_bowl_next_to_the_cookie_box_and_place_it_on_the_plate,demo_0,15,eye_in_hand,plate_1,is_left_of,glazed_rim_porcelain_ramekin_1
pick_up_the_black_bowl_next_to_the_cookie_box_and_place_it_on_the_plate,demo_0,15,eye_in_hand,glazed_rim_porcelain_ramekin_1,is_right_of,plate_1
pick_up_the_black_bowl_next_to_the_cookie_box_and_place_it_on_the_plate,demo_0,15,eye_in_hand,plate_1,is_left_of,akita_black_bowl_1
pick_up_the_black_bowl_next_to_the_cookie_box_and_place_it_on_the_plate,demo_0,15,eye_in_hand,akita_black_bowl_1,is_right_of,plate_1
pick_up_the_black_bowl_next_to_the_cookie_box_and_place_it_on_the_plate,demo_0,15,eye_in_hand,plate_1,is_in_front_of,flat_stove_1
pick_up_the_black_bowl_next_to_the_cookie_box_and_place_it_on_the_plate,demo_0,15,eye_in_hand,flat_stove_1,is_behind,plate_1
pick_up_the_black_bowl_next_to_the_cookie_box_and_place_it_on_the_plate,demo_0,15,eye_in_hand,plate_1,is_on_top_of,wooden_cabinet_1
pick_up_the_black_bowl_next_to_the_cookie_box_and_place_it_on_the_plate,demo_0,15,eye_in_hand,wooden_cabinet_1,is_below_of,plate_1
pick_up_the_black_bowl_next_to_the_cookie_box_and_place_it_on_the_plate,demo_0,15,eye_in_hand,cookies_1,is_left_of,glazed_rim_porcelain_ramekin_1
pick_up_the_black_bowl_next_to_the_cookie_box_and_place_it_on_the_plate,demo_0,15,eye_in_hand,glazed_rim_porcelain_ramekin_1,is_right_of,cookies_1
pick_up_the_black_bowl_next_to_the_cookie_box_and_place_it_on_the_plate,demo_0,15,eye_in_hand,cookies_1,is_left_of,akita_black_bowl_1
pick_up_the_black_bowl_next_to_the_cookie_box_and_place_it_on_the_plate,demo_0,15,eye_in_hand,akita_black_bowl_1,is_right_of,cookies_1
pick_up_the_black_bowl_next_to_the_cookie_box_and_place_it_on_the_plate,demo_0,15,eye_in_hand,cookies_1,is_in_front_of,flat_stove_1
pick_up_the_black_bowl_next_to_the_cookie_box_and_place_it_on_the_plate,demo_0,15,eye_in_hand,flat_stove_1,is_behind,cookies_1
pick_up_the_black_bowl_next_to_the_cookie_box_and_place_it_on_the_plate,demo_0,15,eye_in_hand,cookies_1,is_on_top_of,wooden_cabinet_1
pick_up_the_black_bowl_next_to_the_cookie_box_and_place_it_on_the_plate,demo_0,15,eye_in_hand,wooden_cabinet_1,is_below_of,cookies_1
pick_up_the_black_bowl_next_to_the_cookie_box_and_place_it_on_the_plate,demo_0,15,eye_in_hand,glazed_rim_porcelain_ramekin_1,is_left_of,akita_black_bowl_1
pick_up_the_black_bowl_next_to_the_cookie_box_and_place_it_on_the_plate,demo_0,15,eye_in_hand,akita_black_bowl_1,is_right_of,glazed_rim_porcelain_ramekin_1
pick_up_the_black_bowl_next_to_the_cookie_box_and_place_it_on_the_plate,demo_0,15,eye_in_hand,glazed_rim_porcelain_ramekin_1,is_in_front_of,flat_stove_1
pick_up_the_black_bowl_next_to_the_cookie_box_and_place_it_on_the_plate,demo_0,15,eye_in_hand,flat_stove_1,is_behind,glazed_rim_porcelain_ramekin_1
pick_up_the_black_bowl_next_to_the_cookie_box_and_place_it_on_the_plate,demo_0,15,eye_in_hand,glazed_rim_porcelain_ramekin_1,is_on_top_of,wooden_cabinet_1
pick_up_the_black_bowl_next_to_the_cookie_box_and_place_it_on_the_plate,demo_0,15,eye_in_hand,wooden_cabinet_1,is_below_of,glazed_rim_porcelain_ramekin_1
pick_up_the_black_bowl_next_to_the_cookie_box_and_place_it_on_the_plate,demo_0,15,eye_in_hand,akita_black_bowl_1,is_in_front_of,flat_stove_1
pick_up_the_black_bowl_next_to_the_cookie_box_and_place_it_on_the_plate,demo_0,15,eye_in_hand,flat_stove_1,is_behind,akita_black_bowl_1
pick_up_the_black_bowl_next_to_the_cookie_box_and_place_it_on_the_plate,demo_0,15,eye_in_hand,akita_black_bowl_1,is_on_top_of,wooden_cabinet_1
pick_up_the_black_bowl_next_to_the_cookie_box_and_place_it_on_the_plate,demo_0,15,eye_in_hand,wooden_cabinet_1,is_below_of,akita_black_bowl_1
pick_up_the_black_bowl_next_to_the_cookie_box_and_place_it_on_the_plate,demo_0,15,eye_in_hand,flat_stove_1,is_behind,wooden_cabinet_1
pick_up_the_black_bowl_next_to_the_cookie_box_and_place_it_on_the_plate,demo_0,15,eye_in_hand,wooden_cabinet_1,is_in_front_of,flat_stove_1
pick_up_the_black_bowl_next_to_the_cookie_box_and_place_it_on_the_plate,demo_0,20,eye_in_hand,plate_1,is_left_of,cookies_1
pick_up_the_black_bowl_next_to_the_cookie_box_and_place_it_on_the_plate,demo_0,20,eye_in_hand,cookies_1,is_right_of,plate_1
pick_up_the_black_bowl_next_to_the_cookie_box_and_place_it_on_the_plate,demo_0,20,eye_in_hand,plate_1,is_left_of,akita_black_bowl_2
pick_up_the_black_bowl_next_to_the_cookie_box_and_place_it_on_the_plate,demo_0,20,eye_in_hand,akita_black_bowl_2,is_right_of,plate_1
pick_up_the_black_bowl_next_to_the_cookie_box_and_place_it_on_the_plate,demo_0,20,eye_in_hand,plate_1,is_in_front_of,wooden_cabinet_1
pick_up_the_black_bowl_next_to_the_cookie_box_and_place_it_on_the_plate,demo_0,20,eye_in_hand,wooden_cabinet_1,is_behind,plate_1
pick_up_the_black_bowl_next_to_the_cookie_box_and_place_it_on_the_plate,demo_0,20,eye_in_hand,cookies_1,is_left_of,akita_black_bowl_2
pick_up_the_black_bowl_next_to_the_cookie_box_and_place_it_on_the_plate,demo_0,20,eye_in_hand,akita_black_bowl_2,is_right_of,cookies_1
pick_up_the_black_bowl_next_to_the_cookie_box_and_place_it_on_the_plate,demo_0,20,eye_in_hand,cookies_1,is_in_front_of,wooden_cabinet_1
pick_up_the_black_bowl_next_to_the_cookie_box_and_place_it_on_the_plate,demo_0,20,eye_in_hand,wooden_cabinet_1,is_behind,cookies_1
pick_up_the_black_bowl_next_to_the_cookie_box_and_place_it_on_the_plate,demo_0,20,eye_in_hand,akita_black_bowl_2,is_in_front_of,wooden_cabinet_1
pick_up_the_black_bowl_next_to_the_cookie_box_and_place_it_on_the_plate,demo_0,20,eye_in_hand,wooden_cabinet_1,is_behind,akita_black_bowl_2
pick_up_the_black_bowl_next_to_the_cookie_box_and_place_it_on_the_plate,demo_0,25,eye_in_hand,akita_black_bowl_1,is_right_of,cookies_1
pick_up_the_black_bowl_next_to_the_cookie_box_and_place_it_on_the_plate,demo_0,25,eye_in_hand,akita_black_bowl_1,is_right_of,plate_1
pick_up_the_black_bowl_next_to_the_cookie_box_and_place_it_on_the_plate,demo_0,25,eye_in_hand,akita_black_bowl_1,is_in_front_of,wooden_cabinet_1
pick_up_the_black_bowl_next_to_the_cookie_box_and_place_it_on_the_plate,demo_0,25,eye_in_hand,akita_black_bowl_1,is_on_top_of,flat_stove_1
pick_up_the_black_bowl_next_to_the_cookie_box_and_place_it_on_the_plate,demo_0,25,eye_in_hand,cookies_1,is_left_of,akita_black_bowl_1
pick_up_the_black_bowl_next_to_the_cookie_box_and_place_it_on_the_plate,demo_0,25,eye_in_hand,cookies_1,is_right_of,plate_1
pick_up_the_black_bowl_next_to_the_cookie_box_and_place_it_on_the_plate,demo_0,25,eye_in_hand,cookies_1,is_in_front_of,wooden_cabinet_1
pick_up_the_black_bowl_next_to_the_cookie_box_and_place_it_on_the_plate,demo_0,25,eye_in_hand,cookies_1,is_on_top_of,flat_stove_1
pick_up_the_black_bowl_next_to_the_cookie_box_and_place_it_on_the_plate,demo_0,25,eye_in_hand,plate_1,is_left_of,akita_black_bowl_1
pick_up_the_black_bowl_next_to_the_cookie_box_and_place_it_on_the_plate,demo_0,25,eye_in_hand,plate_1,is_left_of,cookies_1
pick_up_the_black_bowl_next_to_the_cookie_box_and_place_it_on_the_plate,demo_0,25,eye_in_hand,plate_1,is_in_front_of,wooden_cabinet_1
pick_up_the_black_bowl_next_to_the_cookie_box_and_place_it_on_the_plate,demo_0,25,eye_in_hand,plate_1,is_on_top_of,flat_stove_1
pick_up_the_black_bowl_next_to_the_cookie_box_and_place_it_on_the_plate,demo_0,25,eye_in_hand,wooden_cabinet_1,is_behind,akita_black_bowl_1
pick_up_the_black_bowl_next_to_the_cookie_box_and_place_it_on_the_plate,demo_0,25,eye_in_hand,wooden_cabinet_1,is_behind,cookies_1
pick_up_the_black_bowl_next_to_the_cookie_box_and_place_it_on_the_plate,demo_0,25,eye_in_hand,wooden_cabinet_1,is_behind,plate_1
pick_up_the_black_bowl_next_to_the_cookie_box_and_place_it_on_the_plate,demo_0,25,eye_in_hand,wooden_cabinet_1,is_behind,flat_stove_1
pick_up_the_black_bowl_next_to_the_cookie_box_and_place_it_on_the_plate,demo_0,25,eye_in_hand,flat_stove_1,is_below_of,akita_black_bowl_1
pick_up_the_black_bowl_next_to_the_cookie_box_and_place_it_on_the_plate,demo_0,25,eye_in_hand,flat_stove_1,is_below_of,cookies_1
pick_up_the_black_bowl_next_to_the_cookie_box_and_place_it_on_the_plate,demo_0,25,eye_in_hand,flat_stove_1,is_below_of,plate_1
pick_up_the_black_bowl_next_to_the_cookie_box_and_place_it_on_the_plate,demo_0,25,eye_in_hand,flat_stove_1,is_in_front_of,wooden_cabinet_1
pick_up_the_black_bowl_next_to_the_cookie_box_and_place_it_on_the_plate,demo_0,30,eye_in_hand,akita_black_bowl_1,is_on_top_of,wooden_cabinet_1
pick_up_the_black_bowl_next_to_the_cookie_box_and_place_it_on_the_plate,demo_0,30,eye_in_hand,wooden_cabinet_1,is_below_of,akita_black_bowl_1
pick_up_the_black_bowl_next_to_the_cookie_box_and_place_it_on_the_plate,demo_0,30,eye_in_hand,cookies_1,is_on_top_of,wooden_cabinet_1
pick_up_the_black_bowl_next_to_the_cookie_box_and_place_it_on_the_plate,demo_0,30,eye_in_hand,wooden_cabinet_1,is_below_of,cookies_1
pick_up_the_black_bowl_next_to_the_cookie_box_and_place_it_on_the_plate,demo_0,30,eye_in_hand,plate_1,is_on_top_of,wooden_cabinet_1
pick_up_the_black_bowl_next_to_the_cookie_box_and_place_it_on_the_plate,demo_0,30,eye_in_hand,wooden_cabinet_1,is_below_of,plate_1
pick_up_the_black_bowl_next_to_the_cookie_box_and_place_it_on_the_plate,demo_0,30,eye_in_hand,plate_1,is_left_of,cookies_1
pick_up_the_black_bowl_next_to_the_cookie_box_and_place_it_on_the_plate,demo_0,30,eye_in_hand,cookies_1,is_right_of,plate_1
pick_up_the_black_bowl_next_to_the_cookie_box_and_place_it_on_the_plate,demo_0,30,eye_in_hand,plate_1,is_left_of,akita_black_bowl_1
pick_up_the_black_bowl_next_to_the_cookie_box_and_place_it_on_the_plate,demo_0,30,eye_in_hand,akita_black_bowl_1,is_right_of,plate_1
pick_up_the_black_bowl_next_to_the_cookie_box_and_place_it_on_the_plate,demo_0,30,eye_in_hand,cookies_1,is_left_of,akita_black_bowl_1
pick_up_the_black_bowl_next_to_the_cookie_box_and_place_it_on_the_plate,demo_0,30,eye_in_hand,akita_black_bowl_1,is_right_of,cookies_1
pick_up_the_black_bowl_next_to_the_cookie_box_and_place_it_on_the_plate,demo_0,35,eye_in_hand,akita_black_bowl_1,is_right_of,cookies_1
pick_up_the_black_bowl_next_to_the_cookie_box_and_place_it_on_the_plate,demo_0,35,eye_in_hand,akita_black_bowl_1,is_on_top_of,wooden_cabinet_1
pick_up_the_black_bowl_next_to_the_cookie_box_and_place_it_on_the_plate,demo_0,35,eye_in_hand,cookies_1,is_left_of,akita_black_bowl_1
pick_up_the_black_bowl_next_to_the_cookie_box_and_place_it_on_the_plate,demo_0,35,eye_in_hand,cookies_1,is_on_top_of,wooden_cabinet_1
pick_up_the_black_bowl_next_to_the_cookie_box_and_place_it_on_the_plate,demo_0,35,eye_in_hand,wooden_cabinet_1,is_below_of,akita_black_bowl_1
pick_up_the_black_bowl_next_to_the_cookie_box_and_place_it_on_the_plate,demo_0,35,eye_in_hand,wooden_cabinet_1,is_below_of,cookies_1
pick_up_the_black_bowl_next_to_the_cookie_box_and_place_it_on_the_plate,demo_0,40,eye_in_hand,akita_black_bowl_1,is_on_top_of,wooden_cabinet_1
pick_up_the_black_bowl_next_to_the_cookie_box_and_place_it_on_the_plate,demo_0,40,eye_in_hand,wooden_cabinet_1,is_below_of,akita_black_bowl_1
pick_up_the_black_bowl_next_to_the_cookie_box_and_place_it_on_the_plate,demo_0,45,eye_in_hand,akita_black_bowl_1,is_on_top_of,wooden_cabinet_1
pick_up_the_black_bowl_next_to_the_cookie_box_and_place_it_on_the_plate,demo_0,45,eye_in_hand,wooden_cabinet_1,is_below_of,akita_black_bowl_1
pick_up_the_black_bowl_next_to_the_cookie_box_and_place_it_on_the_plate,demo_0,50,eye_in_hand,akita_black_bowl_1,is_on_top_of,wooden_cabinet_1
pick_up_the_black_bowl_next_to_the_cookie_box_and_place_it_on_the_plate,demo_0,50,eye_in_hand,wooden_cabinet_1,is_below_of,akita_black_bowl_1
pick_up_the_black_bowl_next_to_the_cookie_box_and_place_it_on_the_plate,demo_0,55,eye_in_hand,akita_black_bowl_1,is_in_front_of,wooden_cabinet_1
pick_up_the_black_bowl_next_to_the_cookie_box_and_place_it_on_the_plate,demo_0,55,eye_in_hand,wooden_cabinet_1,is_behind,akita_black_bowl_1
pick_up_the_black_bowl_next_to_the_cookie_box_and_place_it_on_the_plate,demo_0,60,eye_in_hand,akita_black_bowl_1,is_on_top_of,wooden_cabinet_1
pick_up_the_black_bowl_next_to_the_cookie_box_and_place_it_on_the_plate,demo_0,60,eye_in_hand,wooden_cabinet_1,is_below_of,akita_black_bowl_1
pick_up_the_black_bowl_next_to_the_cookie_box_and_place_it_on_the_plate,demo_0,60,eye_in_hand,akita_black_bowl_1,is_in_front_of,flat_stove_1
pick_up_the_black_bowl_next_to_the_cookie_box_and_place_it_on_the_plate,demo_0,60,eye_in_hand,flat_stove_1,is_behind,akita_black_bowl_1
pick_up_the_black_bowl_next_to_the_cookie_box_and_place_it_on_the_plate,demo_0,60,eye_in_hand,wooden_cabinet_1,is_in_front_of,flat_stove_1
pick_up_the_black_bowl_next_to_the_cookie_box_and_place_it_on_the_plate,demo_0,60,eye_in_hand,flat_stove_1,is_behind,wooden_cabinet_1
pick_up_the_black_bowl_next_to_the_cookie_box_and_place_it_on_the_plate,demo_0,65,eye_in_hand,akita_black_bowl_1,is_on_top_of,wooden_cabinet_1
pick_up_the_black_bowl_next_to_the_cookie_box_and_place_it_on_the_plate,demo_0,65,eye_in_hand,akita_black_bowl_1,is_right_of,cookies_1
pick_up_the_black_bowl_next_to_the_cookie_box_and_place_it_on_the_plate,demo_0,65,eye_in_hand,cookies_1,is_on_top_of,wooden_cabinet_1
pick_up_the_black_bowl_next_to_the_cookie_box_and_place_it_on_the_plate,demo_0,65,eye_in_hand,cookies_1,is_left_of,akita_black_bowl_1
pick_up_the_black_bowl_next_to_the_cookie_box_and_place_it_on_the_plate,demo_0,65,eye_in_hand,wooden_cabinet_1,is_below_of,akita_black_bowl_1
pick_up_the_black_bowl_next_to_the_cookie_box_and_place_it_on_the_plate,demo_0,65,eye_in_hand,wooden_cabinet_1,is_below_of,cookies_1
pick_up_the_black_bowl_next_to_the_cookie_box_and_place_it_on_the_plate,demo_0,70,eye_in_hand,akita_black_bowl_1,is_right_of,cookies_1
pick_up_the_black_bowl_next_to_the_cookie_box_and_place_it_on_the_plate,demo_0,70,eye_in_hand,akita_black_bowl_1,is_on_top_of,wooden_cabinet_1
pick_up_the_black_bowl_next_to_the_cookie_box_and_place_it_on_the_plate,demo_0,70,eye_in_hand,cookies_1,is_left_of,akita_black_bowl_1
pick_up_the_black_bowl_next_to_the_cookie_box_and_place_it_on_the_plate,demo_0,70,eye_in_hand,cookies_1,is_on_top_of,wooden_cabinet_1
pick_up_the_black_bowl_next_to_the_cookie_box_and_place_it_on_the_plate,demo_0,70,eye_in_hand,wooden_cabinet_1,is_below_of,akita_black_bowl_1
pick_up_the_black_bowl_next_to_the_cookie_box_and_place_it_on_the_plate,demo_0,70,eye_in_hand,wooden_cabinet_1,is_below_of,cookies_1
pick_up_the_black_bowl_next_to_the_cookie_box_and_place_it_on_the_plate,demo_0,75,eye_in_hand,akita_black_bowl_1,is_right_of,cookies_1
pick_up_the_black_bowl_next_to_the_cookie_box_and_place_it_on_the_plate,demo_0,75,eye_in_hand,akita_black_bowl_1,is_right_of,plate_1
pick_up_the_black_bowl_next_to_the_cookie_box_and_place_it_on_the_plate,demo_0,75,eye_in_hand,akita_black_bowl_1,is_on_top_of,wooden_cabinet_1
pick_up_the_black_bowl_next_to_the_cookie_box_and_place_it_on_the_plate,demo_0,75,eye_in_hand,cookies_1,is_left_of,akita_black_bowl_1
pick_up_the_black_bowl_next_to_the_cookie_box_and_place_it_on_the_plate,demo_0,75,eye_in_hand,cookies_1,is_right_of,plate_1
pick_up_the_black_bowl_next_to_the_cookie_box_and_place_it_on_the_plate,demo_0,75,eye_in_hand,cookies_1,is_on_top_of,wooden_cabinet_1
pick_up_the_black_bowl_next_to_the_cookie_box_and_place_it_on_the_plate,demo_0,75,eye_in_hand,plate_1,is_left_of,akita_black_bowl_1
pick_up_the_black_bowl_next_to_the_cookie_box_and_place_it_on_the_plate,demo_0,75,eye_in_hand,plate_1,is_left_of,cookies_1
pick_up_the_black_bowl_next_to_the_cookie_box_and_place_it_on_the_plate,demo_0,75,eye_in_hand,plate_1,is_on_top_of,wooden_cabinet_1
pick_up_the_black_bowl_next_to_the_cookie_box_and_place_it_on_the_plate,demo_0,75,eye_in_hand,wooden_cabinet_1,is_below_of,akita_black_bowl_1
pick_up_the_black_bowl_next_to_the_cookie_box_and_place_it_on_the_plate,demo_0,75,eye_in_hand,wooden_cabinet_1,is_below_of,cookies_1
pick_up_the_black_bowl_next_to_the_cookie_box_and_place_it_on_the_plate,demo_0,75,eye_in_hand,wooden_cabinet_1,is_below_of,plate_1
pick_up_the_black_bowl_next_to_the_cookie_box_and_place_it_on_the_plate,demo_0,80,eye_in_hand,plate_1,is_on_top_of,wooden_cabinet_1
pick_up_the_black_bowl_next_to_the_cookie_box_and_place_it_on_the_plate,demo_0,80,eye_in_hand,wooden_cabinet_1,is_below_of,plate_1
pick_up_the_black_bowl_next_to_the_cookie_box_and_place_it_on_the_plate,demo_0,80,eye_in_hand,akita_black_bowl_1,is_on_top_of,wooden_cabinet_1
pick_up_the_black_bowl_next_to_the_cookie_box_and_place_it_on_the_plate,demo_0,80,eye_in_hand,wooden_cabinet_1,is_below_of,akita_black_bowl_1
pick_up_the_black_bowl_next_to_the_cookie_box_and_place_it_on_the_plate,demo_0,80,eye_in_hand,cookies_1,is_on_top_of,wooden_cabinet_1
pick_up_the_black_bowl_next_to_the_cookie_box_and_place_it_on_the_plate,demo_0,80,eye_in_hand,wooden_cabinet_1,is_below_of,cookies_1
pick_up_the_black_bowl_next_to_the_cookie_box_and_place_it_on_the_plate,demo_0,80,eye_in_hand,plate_1,is_left_of,akita_black_bowl_1
pick_up_the_black_bowl_next_to_the_cookie_box_and_place_it_on_the_plate,demo_0,80,eye_in_hand,akita_black_bowl_1,is_right_of,plate_1
pick_up_the_black_bowl_next_to_the_cookie_box_and_place_it_on_the_plate,demo_0,80,eye_in_hand,plate_1,is_left_of,cookies_1
pick_up_the_black_bowl_next_to_the_cookie_box_and_place_it_on_the_plate,demo_0,80,eye_in_hand,cookies_1,is_right_of,plate_1
pick_up_the_black_bowl_next_to_the_cookie_box_and_place_it_on_the_plate,demo_0,80,eye_in_hand,cookies_1,is_left_of,akita_black_bowl_1
pick_up_the_black_bowl_next_to_the_cookie_box_and_place_it_on_the_plate,demo_0,80,eye_in_hand,akita_black_bowl_1,is_right_of,cookies_1
pick_up_the_black_bowl_next_to_the_cookie_box_and_place_it_on_the_plate,demo_0,85,eye_in_hand,akita_black_bowl_1,is_on_top_of,wooden_cabinet_1
pick_up_the_black_bowl_next_to_the_cookie_box_and_place_it_on_the_plate,demo_0,85,eye_in_hand,wooden_cabinet_1,is_below_of,akita_black_bowl_1
pick_up_the_black_bowl_next_to_the_cookie_box_and_place_it_on_the_plate,demo_0,85,eye_in_hand,plate_1,is_on_top_of,wooden_cabinet_1
pick_up_the_black_bowl_next_to_the_cookie_box_and_place_it_on_the_plate,demo_0,85,eye_in_hand,wooden_cabinet_1,is_below_of,plate_1
pick_up_the_black_bowl_next_to_the_cookie_box_and_place_it_on_the_plate,demo_0,85,eye_in_hand,plate_1,is_left_of,akita_black_bowl_1
pick_up_the_black_bowl_next_to_the_cookie_box_and_place_it_on_the_plate,demo_0,85,eye_in_hand,akita_black_bowl_1,is_right_of,plate_1
pick_up_the_black_bowl_next_to_the_cookie_box_and_place_it_on_the_plate,demo_0,90,eye_in_hand,akita_black_bowl_1,is_right_of,plate_1
pick_up_the_black_bowl_next_to_the_cookie_box_and_place_it_on_the_plate,demo_0,90,eye_in_hand,akita_black_bowl_1,is_on_top_of,wooden_cabinet_1
pick_up_the_black_bowl_next_to_the_cookie_box_and_place_it_on_the_plate,demo_0,90,eye_in_hand,plate_1,is_left_of,akita_black_bowl_1
pick_up_the_black_bowl_next_to_the_cookie_box_and_place_it_on_the_plate,demo_0,90,eye_in_hand,plate_1,is_on_top_of,wooden_cabinet_1
pick_up_the_black_bowl_next_to_the_cookie_box_and_place_it_on_the_plate,demo_0,90,eye_in_hand,wooden_cabinet_1,is_below_of,akita_black_bowl_1
pick_up_the_black_bowl_next_to_the_cookie_box_and_place_it_on_the_plate,demo_0,90,eye_in_hand,wooden_cabinet_1,is_below_of,plate_1
pick_up_the_black_bowl_next_to_the_cookie_box_and_place_it_on_the_plate,demo_0,95,eye_in_hand,akita_black_bowl_1,is_on_top_of,wooden_cabinet_1
pick_up_the_black_bowl_next_to_the_cookie_box_and_place_it_on_the_plate,demo_0,95,eye_in_hand,wooden_cabinet_1,is_below_of,akita_black_bowl_1
pick_up_the_black_bowl_next_to_the_cookie_box_and_place_it_on_the_plate,demo_0,95,eye_in_hand,cookies_1,is_on_top_of,wooden_cabinet_1
pick_up_the_black_bowl_next_to_the_cookie_box_and_place_it_on_the_plate,demo_0,95,eye_in_hand,wooden_cabinet_1,is_below_of,cookies_1
pick_up_the_black_bowl_next_to_the_cookie_box_and_place_it_on_the_plate,demo_0,95,eye_in_hand,plate_1,is_on_top_of,wooden_cabinet_1
pick_up_the_black_bowl_next_to_the_cookie_box_and_place_it_on_the_plate,demo_0,95,eye_in_hand,wooden_cabinet_1,is_below_of,plate_1
pick_up_the_black_bowl_next_to_the_cookie_box_and_place_it_on_the_plate,demo_0,95,eye_in_hand,flat_stove_1,is_behind,wooden_cabinet_1
pick_up_the_black_bowl_next_to_the_cookie_box_and_place_it_on_the_plate,demo_0,95,eye_in_hand,wooden_cabinet_1,is_in_front_of,flat_stove_1
pick_up_the_black_bowl_next_to_the_cookie_box_and_place_it_on_the_plate,demo_0,95,eye_in_hand,plate_1,is_left_of,akita_black_bowl_1
pick_up_the_black_bowl_next_to_the_cookie_box_and_place_it_on_the_plate,demo_0,95,eye_in_hand,akita_black_bowl_1,is_right_of,plate_1
pick_up_the_black_bowl_next_to_the_cookie_box_and_place_it_on_the_plate,demo_0,95,eye_in_hand,plate_1,is_left_of,cookies_1
pick_up_the_black_bowl_next_to_the_cookie_box_and_place_it_on_the_plate,demo_0,95,eye_in_hand,cookies_1,is_right_of,plate_1
pick_up_the_black_bowl_next_to_the_cookie_box_and_place_it_on_the_plate,demo_0,95,eye_in_hand,plate_1,is_in_front_of,flat_stove_1
pick_up_the_black_bowl_next_to_the_cookie_box_and_place_it_on_the_plate,demo_0,95,eye_in_hand,flat_stove_1,is_behind,plate_1
pick_up_the_black_bowl_next_to_the_cookie_box_and_place_it_on_the_plate,demo_0,95,eye_in_hand,akita_black_bowl_1,is_behind,cookies_1
pick_up_the_black_bowl_next_to_the_cookie_box_and_place_it_on_the_plate,demo_0,95,eye_in_hand,cookies_1,is_in_front_of,akita_black_bowl_1
pick_up_the_black_bowl_next_to_the_cookie_box_and_place_it_on_the_plate,demo_0,95,eye_in_hand,akita_black_bowl_1,is_in_front_of,flat_stove_1
pick_up_the_black_bowl_next_to_the_cookie_box_and_place_it_on_the_plate,demo_0,95,eye_in_hand,flat_stove_1,is_behind,akita_black_bowl_1
pick_up_the_black_bowl_next_to_the_cookie_box_and_place_it_on_the_plate,demo_0,95,eye_in_hand,cookies_1,is_in_front_of,flat_stove_1
pick_up_the_black_bowl_next_to_the_cookie_box_and_place_it_on_the_plate,demo_0,95,eye_in_hand,flat_stove_1,is_behind,cookies_1
pick_up_the_black_bowl_next_to_the_cookie_box_and_place_it_on_the_plate,demo_0,100,eye_in_hand,akita_black_bowl_1,is_behind,cookies_1
pick_up_the_black_bowl_next_to_the_cookie_box_and_place_it_on_the_plate,demo_0,100,eye_in_hand,akita_black_bowl_1,is_on_top_of,wooden_cabinet_1
pick_up_the_black_bowl_next_to_the_cookie_box_and_place_it_on_the_plate,demo_0,100,eye_in_hand,akita_black_bowl_1,is_right_of,plate_1
pick_up_the_black_bowl_next_to_the_cookie_box_and_place_it_on_the_plate,demo_0,100,eye_in_hand,cookies_1,is_in_front_of,akita_black_bowl_1
pick_up_the_black_bowl_next_to_the_cookie_box_and_place_it_on_the_plate,demo_0,100,eye_in_hand,cookies_1,is_on_top_of,wooden_cabinet_1
pick_up_the_black_bowl_next_to_the_cookie_box_and_place_it_on_the_plate,demo_0,100,eye_in_hand,cookies_1,is_right_of,plate_1
pick_up_the_black_bowl_next_to_the_cookie_box_and_place_it_on_the_plate,demo_0,100,eye_in_hand,plate_1,is_left_of,akita_black_bowl_1
pick_up_the_black_bowl_next_to_the_cookie_box_and_place_it_on_the_plate,demo_0,100,eye_in_hand,plate_1,is_left_of,cookies_1
pick_up_the_black_bowl_next_to_the_cookie_box_and_place_it_on_the_plate,demo_0,100,eye_in_hand,plate_1,is_on_top_of,wooden_cabinet_1
pick_up_the_black_bowl_next_to_the_cookie_box_and_place_it_on_the_plate,demo_0,100,eye_in_hand,wooden_cabinet_1,is_below_of,akita_black_bowl_1
pick_up_the_black_bowl_next_to_the_cookie_box_and_place_it_on_the_plate,demo_0,100,eye_in_hand,wooden_cabinet_1,is_below_of,cookies_1
pick_up_the_black_bowl_next_to_the_cookie_box_and_place_it_on_the_plate,demo_0,100,eye_in_hand,wooden_cabinet_1,is_below_of,plate_1
pick_up_the_black_bowl_next_to_the_cookie_box_and_place_it_on_the_plate,demo_0,105,eye_in_hand,akita_black_bowl_1,is_behind,cookies_1
pick_up_the_black_bowl_next_to_the_cookie_box_and_place_it_on_the_plate,demo_0,105,eye_in_hand,akita_black_bowl_1,is_on_top_of,wooden_cabinet_1
pick_up_the_black_bowl_next_to_the_cookie_box_and_place_it_on_the_plate,demo_0,105,eye_in_hand,akita_black_bowl_1,is_right_of,plate_1
pick_up_the_black_bowl_next_to_the_cookie_box_and_place_it_on_the_plate,demo_0,105,eye_in_hand,cookies_1,is_in_front_of,akita_black_bowl_1
pick_up_the_black_bowl_next_to_the_cookie_box_and_place_it_on_the_plate,demo_0,105,eye_in_hand,cookies_1,is_on_top_of,wooden_cabinet_1
pick_up_the_black_bowl_next_to_the_cookie_box_and_place_it_on_the_plate,demo_0,105,eye_in_hand,cookies_1,is_right_of,plate_1
pick_up_the_black_bowl_next_to_the_cookie_box_and_place_it_on_the_plate,demo_0,105,eye_in_hand,plate_1,is_left_of,akita_black_bowl_1
pick_up_the_black_bowl_next_to_the_cookie_box_and_place_it_on_the_plate,demo_0,105,eye_in_hand,plate_1,is_left_of,cookies_1
pick_up_the_black_bowl_next_to_the_cookie_box_and_place_it_on_the_plate,demo_0,105,eye_in_hand,plate_1,is_on_top_of,wooden_cabinet_1
pick_up_the_black_bowl_next_to_the_cookie_box_and_place_it_on_the_plate,demo_0,105,eye_in_hand,wooden_cabinet_1,is_below_of,akita_black_bowl_1
pick_up_the_black_bowl_next_to_the_cookie_box_and_place_it_on_the_plate,demo_0,105,eye_in_hand,wooden_cabinet_1,is_below_of,cookies_1
pick_up_the_black_bowl_next_to_the_cookie_box_and_place_it_on_the_plate,demo_0,105,eye_in_hand,wooden_cabinet_1,is_below_of,plate_1
pick_up_the_black_bowl_next_to_the_cookie_box_and_place_it_on_the_plate,demo_0,110,eye_in_hand,plate_1,is_on_top_of,wooden_cabinet_1
pick_up_the_black_bowl_next_to_the_cookie_box_and_place_it_on_the_plate,demo_0,110,eye_in_hand,wooden_cabinet_1,is_below_of,plate_1
pick_up_the_black_bowl_next_to_the_cookie_box_and_place_it_on_the_plate,demo_0,110,eye_in_hand,akita_black_bowl_2,is_right_of,plate_1
pick_up_the_black_bowl_next_to_the_cookie_box_and_place_it_on_the_plate,demo_0,110,eye_in_hand,plate_1,is_left_of,akita_black_bowl_2
pick_up_the_black_bowl_next_to_the_cookie_box_and_place_it_on_the_plate,demo_0,110,eye_in_hand,akita_black_bowl_2,is_in_front_of,wooden_cabinet_1
pick_up_the_black_bowl_next_to_the_cookie_box_and_place_it_on_the_plate,demo_0,110,eye_in_hand,wooden_cabinet_1,is_behind,akita_black_bowl_2
pick_up_the_black_bowl_next_to_the_cookie_box_and_place_it_on_the_plate,demo_0,115,eye_in_hand,akita_black_bowl_2,is_on_top_of,plate_1
pick_up_the_black_bowl_next_to_the_cookie_box_and_place_it_on_the_plate,demo_0,115,eye_in_hand,plate_1,is_below_of,akita_black_bowl_2
pick_up_the_black_bowl_next_to_the_cookie_box_and_place_it_on_the_plate,demo_0,115,eye_in_hand,akita_black_bowl_2,is_on_top_of,wooden_cabinet_1
pick_up_the_black_bowl_next_to_the_cookie_box_and_place_it_on_the_plate,demo_0,115,eye_in_hand,wooden_cabinet_1,is_below_of,akita_black_bowl_2
pick_up_the_black_bowl_next_to_the_cookie_box_and_place_it_on_the_plate,demo_0,115,eye_in_hand,plate_1,is_on_top_of,wooden_cabinet_1
pick_up_the_black_bowl_next_to_the_cookie_box_and_place_it_on_the_plate,demo_0,115,eye_in_hand,wooden_cabinet_1,is_below_of,plate_1
pick_up_the_black_bowl_next_to_the_cookie_box_and_place_it_on_the_plate,demo_0,120,eye_in_hand,akita_black_bowl_2,is_on_top_of,plate_1
pick_up_the_black_bowl_next_to_the_cookie_box_and_place_it_on_the_plate,demo_0,120,eye_in_hand,akita_black_bowl_2,is_on_top_of,wooden_cabinet_1
pick_up_the_black_bowl_next_to_the_cookie_box_and_place_it_on_the_plate,demo_0,120,eye_in_hand,plate_1,is_below_of,akita_black_bowl_2
pick_up_the_black_bowl_next_to_the_cookie_box_and_place_it_on_the_plate,demo_0,120,eye_in_hand,plate_1,is_on_top_of,wooden_cabinet_1
pick_up_the_black_bowl_next_to_the_cookie_box_and_place_it_on_the_plate,demo_0,120,eye_in_hand,wooden_cabinet_1,is_below_of,akita_black_bowl_2
pick_up_the_black_bowl_next_to_the_cookie_box_and_place_it_on_the_plate,demo_0,120,eye_in_hand,wooden_cabinet_1,is_below_of,plate_1
pick_up_the_black_bowl_next_to_the_cookie_box_and_place_it_on_the_plate,demo_1,0,eye_in_hand,akita_black_bowl_1,is_right_of,akita_black_bowl_2
pick_up_the_black_bowl_next_to_the_cookie_box_and_place_it_on_the_plate,demo_1,0,eye_in_hand,akita_black_bowl_2,is_left_of,akita_black_bowl_1
pick_up_the_black_bowl_next_to_the_cookie_box_and_place_it_on_the_plate,demo_1,0,eye_in_hand,akita_black_bowl_1,is_behind,cookies_1
pick_up_the_black_bowl_next_to_the_cookie_box_and_place_it_on_the_plate,demo_1,0,eye_in_hand,cookies_1,is_in_front_of,akita_black_bowl_1
pick_up_the_black_bowl_next_to_the_cookie_box_and_place_it_on_the_plate,demo_1,0,eye_in_hand,akita_black_bowl_1,contains,glazed_rim_porcelain_ramekin_1
pick_up_the_black_bowl_next_to_the_cookie_box_and_place_it_on_the_plate,demo_1,0,eye_in_hand,glazed_rim_porcelain_ramekin_1,is_inside,akita_black_bowl_1
pick_up_the_black_bowl_next_to_the_cookie_box_and_place_it_on_the_plate,demo_1,0,eye_in_hand,akita_black_bowl_1,is_right_of,plate_1
pick_up_the_black_bowl_next_to_the_cookie_box_and_place_it_on_the_plate,demo_1,0,eye_in_hand,plate_1,is_left_of,akita_black_bowl_1
pick_up_the_black_bowl_next_to_the_cookie_box_and_place_it_on_the_plate,demo_1,0,eye_in_hand,akita_black_bowl_1,is_in_front_of,wooden_cabinet_1
pick_up_the_black_bowl_next_to_the_cookie_box_and_place_it_on_the_plate,demo_1,0,eye_in_hand,wooden_cabinet_1,is_behind,akita_black_bowl_1
pick_up_the_black_bowl_next_to_the_cookie_box_and_place_it_on_the_plate,demo_1,0,eye_in_hand,akita_black_bowl_1,is_on_top_of,flat_stove_1
pick_up_the_black_bowl_next_to_the_cookie_box_and_place_it_on_the_plate,demo_1,0,eye_in_hand,flat_stove_1,is_below_of,akita_black_bowl_1
pick_up_the_black_bowl_next_to_the_cookie_box_and_place_it_on_the_plate,demo_1,0,eye_in_hand,akita_black_bowl_2,is_behind,cookies_1
pick_up_the_black_bowl_next_to_the_cookie_box_and_place_it_on_the_plate,demo_1,0,eye_in_hand,cookies_1,is_in_front_of,akita_black_bowl_2
pick_up_the_black_bowl_next_to_the_cookie_box_and_place_it_on_the_plate,demo_1,0,eye_in_hand,akita_black_bowl_2,is_left_of,glazed_rim_porcelain_ramekin_1
pick_up_the_black_bowl_next_to_the_cookie_box_and_place_it_on_the_plate,demo_1,0,eye_in_hand,glazed_rim_porcelain_ramekin_1,is_right_of,akita_black_bowl_2
pick_up_the_black_bowl_next_to_the_cookie_box_and_place_it_on_the_plate,demo_1,0,eye_in_hand,akita_black_bowl_2,is_behind,plate_1
pick_up_the_black_bowl_next_to_the_cookie_box_and_place_it_on_the_plate,demo_1,0,eye_in_hand,plate_1,is_in_front_of,akita_black_bowl_2
pick_up_the_black_bowl_next_to_the_cookie_box_and_place_it_on_the_plate,demo_1,0,eye_in_hand,akita_black_bowl_2,is_in_front_of,wooden_cabinet
pick_up_the_black_bowl_next_to_the_cookie_box_and_place_it_on_the_plate,demo_1,5,eye_in_hand,akita_black_bowl_1,is_behind,akita_black_bowl_2
pick_up_the_black_bowl_next_to_the_cookie_box_and_place_it_on_the_plate,demo_1,5,eye_in_hand,akita_black_bowl_1,is_behind,cookies_1
pick_up_the_black_bowl_next_to_the_cookie_box_and_place_it_on_the_plate,demo_1,5,eye_in_hand,akita_black_bowl_1,is_right_of,glazed_rim_porcelain_ramekin_1
pick_up_the_black_bowl_next_to_the_cookie_box_and_place_it_on_the_plate,demo_1,5,eye_in_hand,akita_black_bowl_1,is_right_of,plate_1
pick_up_the_black_bowl_next_to_the_cookie_box_and_place_it_on_the_plate,demo_1,5,eye_in_hand,akita_black_bowl_1,is_in_front_of,wooden_cabinet_1
pick_up_the_black_bowl_next_to_the_cookie_box_and_place_it_on_the_plate,demo_1,5,eye_in_hand,akita_black_bowl_1,is_on_top_of,flat_stove_1
pick_up_the_black_bowl_next_to_the_cookie_box_and_place_it_on_the_plate,demo_1,5,eye_in_hand,akita_black_bowl_2,is_in_front_of,akita_black_bowl_1
pick_up_the_black_bowl_next_to_the_cookie_box_and_place_it_on_the_plate,demo_1,5,eye_in_hand,akita_black_bowl_2,is_right_of,cookies_1
pick_up_the_black_bowl_next_to_the_cookie_box_and_place_it_on_the_plate,demo_1,5,eye_in_hand,akita_black_bowl_2,is_right_of,glazed_rim_porcelain_ramekin_1
pick_up_the_black_bowl_next_to_the_cookie_box_and_place_it_on_the_plate,demo_1,5,eye_in_hand,akita_black_bowl_2,is_right_of,plate_1
pick_up_the_black_bowl_next_to_the_cookie_box_and_place_it_on_the_plate,demo_1,5,eye_in_hand,akita_black_bowl_2,is_in_front_of,wooden_cabinet_1
pick_up_the_black_bowl_next_to_the_cookie_box_and_place_it_on_the_plate,demo_1,5,eye_in_hand,akita_black_bowl_2,is_in_front_of,flat_stove_1
pick_up_the_black_bowl_next_to_the_cookie_box_and_place_it_on_the_plate,demo_1,5,eye_in_hand,cookies_1,is_in_front_of,akita_black_bowl_1
pick_up_the_black_bowl_next_to_the_cookie_box_and_place_it_on_the_plate,demo_1,5,eye_in_hand,cookies_1,is_left_of,akita_black_bowl_2
pick_up_the_black_bowl_next_to_the_cookie_box_and_place_it_on_the_plate,demo_1,5,eye_in_hand,cookies_1,is_in_front_of,glazed_rim_porcelain_ramekin_1
pick_up_the_black_bowl_next_to_the_cookie_box_and_place_it_on_the_plate,demo_1,5,eye_in_hand,cookies_1,is_right_of,plate_1
pick_up_the_black_bowl_next_to_the_cookie_box_and_place_it_on_the_plate,demo_1,5,eye_in_hand,cookies_1,is_in_front_of,wooden_cabinet_1
pick_up_the_black_bowl_next_to_the_cookie_box_and_place_it_on_the_plate,demo_1,5,eye_in_hand,cookies_1,is_in_front_of,flat_stove_1
pick_up_the_black_bowl_next_to_the_cookie_box_and_place_it_on_the_plate,demo_1,5,eye_in_hand,glazed_rim_porcelain_ramekin_1,is_left_of,akita_black_bowl_1
pick_up_the_black_bowl_next_to_the_cookie_box_and_place_it_on_the_plate,demo_1,5,eye_in_hand,glazed_rim_porcelain_ramekin_1,is_left_of,akita_black_bowl_2
pick_up_the_black_bowl_next_to_the_cookie_box_and_place_it_on_the_plate,demo_1,5,eye_in_hand,glazed_rim_porcelain_ramekin_1,is_behind,cookies_1
pick_up_the_black_bowl_next_to_the_cookie_box_and_place_it_on_the_plate,demo_1,5,eye_in_hand,glazed_rim_porcelain_ramekin_1,is_behind,plate_
pick_up_the_black_bowl_next_to_the_cookie_box_and_place_it_on_the_plate,demo_1,10,eye_in_hand,akita_black_bowl_1,contains,glazed_rim_porcelain_ramekin_1
pick_up_the_black_bowl_next_to_the_cookie_box_and_place_it_on_the_plate,demo_1,10,eye_in_hand,akita_black_bowl_1,is_behind,akita_black_bowl_2
pick_up_the_black_bowl_next_to_the_cookie_box_and_place_it_on_the_plate,demo_1,10,eye_in_hand,akita_black_bowl_1,is_behind,cookies_1
pick_up_the_black_bowl_next_to_the_cookie_box_and_place_it_on_the_plate,demo_1,10,eye_in_hand,akita_black_bowl_1,is_behind,plate_1
pick_up_the_black_bowl_next_to_the_cookie_box_and_place_it_on_the_plate,demo_1,10,eye_in_hand,akita_black_bowl_1,is_left_of,wooden_cabinet_1
pick_up_the_black_bowl_next_to_the_cookie_box_and_place_it_on_the_plate,demo_1,10,eye_in_hand,akita_black_bowl_1,is_left_of,flat_stove_1
pick_up_the_black_bowl_next_to_the_cookie_box_and_place_it_on_the_plate,demo_1,10,eye_in_hand,akita_black_bowl_2,is_in_front_of,akita_black_bowl_1
pick_up_the_black_bowl_next_to_the_cookie_box_and_place_it_on_the_plate,demo_1,15,eye_in_hand,plate_1,is_left_of,cookies_1
pick_up_the_black_bowl_next_to_the_cookie_box_and_place_it_on_the_plate,demo_1,15,eye_in_hand,cookies_1,is_right_of,plate_1
pick_up_the_black_bowl_next_to_the_cookie_box_and_place_it_on_the_plate,demo_1,15,eye_in_hand,plate_1,is_left_of,akita_black_bowl_1
pick_up_the_black_bowl_next_to_the_cookie_box_and_place_it_on_the_plate,demo_1,15,eye_in_hand,akita_black_bowl_1,is_right_of,plate_1
pick_up_the_black_bowl_next_to_the_cookie_box_and_place_it_on_the_plate,demo_1,15,eye_in_hand,plate_1,is_in_front_of,wooden_cabinet_1
pick_up_the_black_bowl_next_to_the_cookie_box_and_place_it_on_the_plate,demo_1,15,eye_in_hand,wooden_cabinet_1,is_behind,plate_1
pick_up_the_black_bowl_next_to_the_cookie_box_and_place_it_on_the_plate,demo_1,15,eye_in_hand,plate_1,is_left_of,flat_stove_1
pick_up_the_black_bowl_next_to_the_cookie_box_and_place_it_on_the_plate,demo_1,15,eye_in_hand,flat_stove_1,is_right_of,plate_1
pick_up_the_black_bowl_next_to_the_cookie_box_and_place_it_on_the_plate,demo_1,15,eye_in_hand,cookies_1,is_left_of,akita_black_bowl_1
pick_up_the_black_bowl_next_to_the_cookie_box_and_place_it_on_the_plate,demo_1,15,eye_in_hand,akita_black_bowl_1,is_right_of,cookies_1
pick_up_the_black_bowl_next_to_the_cookie_box_and_place_it_on_the_plate,demo_1,15,eye_in_hand,cookies_1,is_in_front_of,wooden_cabinet_1
pick_up_the_black_bowl_next_to_the_cookie_box_and_place_it_on_the_plate,demo_1,15,eye_in_hand,wooden_cabinet_1,is_behind,cookies_1
pick_up_the_black_bowl_next_to_the_cookie_box_and_place_it_on_the_plate,demo_1,15,eye_in_hand,cookies_1,is_left_of,flat_stove_1
pick_up_the_black_bowl_next_to_the_cookie_box_and_place_it_on_the_plate,demo_1,15,eye_in_hand,flat_stove_1,is_right_of,cookies_1
pick_up_the_black_bowl_next_to_the_cookie_box_and_place_it_on_the_plate,demo_1,15,eye_in_hand,akita_black_bowl_1,is_in_front_of,wooden_cabinet_1
pick_up_the_black_bowl_next_to_the_cookie_box_and_place_it_on_the_plate,demo_1,15,eye_in_hand,wooden_cabinet_1,is_behind,akita_black_bowl_1
pick_up_the_black_bowl_next_to_the_cookie_box_and_place_it_on_the_plate,demo_1,15,eye_in_hand,akita_black_bowl_1,is_left_of,flat_stove_1
pick_up_the_black_bowl_next_to_the_cookie_box_and_place_it_on_the_plate,demo_1,15,eye_in_hand,flat_stove_1,is_right_of,akita_black_bowl_1
pick_up_the_black_bowl_next_to_the_cookie_box_and_place_it_on_the_plate,demo_1,15,eye_in_hand,flat_stove_1,is_in_front_of,wooden_cabinet_1
pick_up_the_black_bowl_next_to_the_cookie_box_and_place_it_on_the_plate,demo_1,15,eye_in_hand,wooden_cabinet_1,is_behind,flat_stove_1
pick_up_the_black_bowl_next_to_the_cookie_box_and_place_it_on_the_plate,demo_1,20,eye_in_hand,plate_1,is_left_of,cookies_1
pick_up_the_black_bowl_next_to_the_cookie_box_and_place_it_on_the_plate,demo_1,20,eye_in_hand,cookies_1,is_right_of,plate_1
pick_up_the_black_bowl_next_to_the_cookie_box_and_place_it_on_the_plate,demo_1,20,eye_in_hand,plate_1,is_left_of,glazed_rim_porcelain_ramekin_1
pick_up_the_black_bowl_next_to_the_cookie_box_and_place_it_on_the_plate,demo_1,20,eye_in_hand,glazed_rim_porcelain_ramekin_1,is_right_of,plate_1
pick_up_the_black_bowl_next_to_the_cookie_box_and_place_it_on_the_plate,demo_1,20,eye_in_hand,plate_1,is_left_of,flat_stove_1
pick_up_the_black_bowl_next_to_the_cookie_box_and_place_it_on_the_plate,demo_1,20,eye_in_hand,flat_stove_1,is_right_of,plate_1
pick_up_the_black_bowl_next_to_the_cookie_box_and_place_it_on_the_plate,demo_1,20,eye_in_hand,plate_1,is_in_front_of,wooden_cabinet_1
pick_up_the_black_bowl_next_to_the_cookie_box_and_place_it_on_the_plate,demo_1,20,eye_in_hand,wooden_cabinet_1,is_behind,plate_1
pick_up_the_black_bowl_next_to_the_cookie_box_and_place_it_on_the_plate,demo_1,20,eye_in_hand,cookies_1,is_behind,glazed_rim_porcelain_ramekin_1
pick_up_the_black_bowl_next_to_the_cookie_box_and_place_it_on_the_plate,demo_1,20,eye_in_hand,glazed_rim_porcelain_ramekin_1,is_in_front_of,cookies_1
pick_up_the_black_bowl_next_to_the_cookie_box_and_place_it_on_the_plate,demo_1,20,eye_in_hand,cookies_1,is_left_of,flat_stove_1
pick_up_the_black_bowl_next_to_the_cookie_box_and_place_it_on_the_plate,demo_1,20,eye_in_hand,flat_stove_1,is_right_of,cookies_1
pick_up_the_black_bowl_next_to_the_cookie_box_and_place_it_on_the_plate,demo_1,20,eye_in_hand,cookies_1,is_in_front_of,wooden_cabinet_1
pick_up_the_black_bowl_next_to_the_cookie_box_and_place_it_on_the_plate,demo_1,20,eye_in_hand,wooden_cabinet_1,is_behind,cookies_1
pick_up_the_black_bowl_next_to_the_cookie_box_and_place_it_on_the_plate,demo_1,20,eye_in_hand,glazed_rim_porcelain_ramekin_1,is_left_of,flat_stove_1
pick_up_the_black_bowl_next_to_the_cookie_box_and_place_it_on_the_plate,demo_1,20,eye_in_hand,flat_stove_1,is_right_of,glazed_rim_porcelain_ramekin_1
pick_up_the_black_bowl_next_to_the_cookie_box_and_place_it_on_the_plate,demo_1,20,eye_in_hand,glazed_rim_porcelain_ramekin_1,is_in_front_of,wooden_cabinet_1
pick_up_the_black_bowl_next_to_the_cookie_box_and_place_it_on_the_plate,demo_1,20,eye_in_hand,wooden_cabinet_1,is_behind,glazed_rim_porcelain_ramekin_1
pick_up_the_black_bowl_next_to_the_cookie_box_and_place_it_on_the_plate,demo_1,20,eye_in_hand,flat_stove_1,is_in_front_of,wooden_cabinet_1
pick_up_the_black_bowl_next_to_the_cookie_box_and_place_it_on_the_plate,demo_1,20,eye_in_hand,wooden_cabinet_1,is_behind,flat_stove_1
pick_up_the_black_bowl_next_to_the_cookie_box_and_place_it_on_the_plate,demo_1,25,eye_in_hand,akita_black_bowl_1,is_right_of,cookies_1
pick_up_the_black_bowl_next_to_the_cookie_box_and_place_it_on_the_plate,demo_1,25,eye_in_hand,cookies_1,is_left_of,akita_black_bowl_1
pick_up_the_black_bowl_next_to_the_cookie_box_and_place_it_on_the_plate,demo_1,25,eye_in_hand,akita_black_bowl_1,is_right_of,plate_1
pick_up_the_black_bowl_next_to_the_cookie_box_and_place_it_on_the_plate,demo_1,25,eye_in_hand,plate_1,is_left_of,akita_black_bowl_1
pick_up_the_black_bowl_next_to_the_cookie_box_and_place_it_on_the_plate,demo_1,25,eye_in_hand,akita_black_bowl_1,is_on_top_of,wooden_cabinet_1
pick_up_the_black_bowl_next_to_the_cookie_box_and_place_it_on_the_plate,demo_1,25,eye_in_hand,wooden_cabinet_1,is_below_of,akita_black_bowl_1
pick_up_the_black_bowl_next_to_the_cookie_box_and_place_it_on_the_plate,demo_1,25,eye_in_hand,akita_black_bowl_1,is_in_front_of,flat_stove_1
pick_up_the_black_bowl_next_to_the_cookie_box_and_place_it_on_the_plate,demo_1,25,eye_in_hand,flat_stove_1,is_behind,akita_black_bowl_1
pick_up_the_black_bowl_next_to_the_cookie_box_and_place_it_on_the_plate,demo_1,25,eye_in_hand,cookies_1,is_right_of,plate_1
pick_up_the_black_bowl_next_to_the_cookie_box_and_place_it_on_the_plate,demo_1,25,eye_in_hand,plate_1,is_left_of,cookies_1
pick_up_the_black_bowl_next_to_the_cookie_box_and_place_it_on_the_plate,demo_1,25,eye_in_hand,cookies_1,is_on_top_of,wooden_cabinet_1
pick_up_the_black_bowl_next_to_the_cookie_box_and_place_it_on_the_plate,demo_1,25,eye_in_hand,wooden_cabinet_1,is_below_of,cookies_1
pick_up_the_black_bowl_next_to_the_cookie_box_and_place_it_on_the_plate,demo_1,25,eye_in_hand,cookies_1,is_in_front_of,flat_stove_1
pick_up_the_black_bowl_next_to_the_cookie_box_and_place_it_on_the_plate,demo_1,25,eye_in_hand,flat_stove_1,is_behind,cookies_1
pick_up_the_black_bowl_next_to_the_cookie_box_and_place_it_on_the_plate,demo_1,25,eye_in_hand,plate_1,is_on_top_of,wooden_cabinet_1
pick_up_the_black_bowl_next_to_the_cookie_box_and_place_it_on_the_plate,demo_1,25,eye_in_hand,wooden_cabinet_1,is_below_of,plate_1
pick_up_the_black_bowl_next_to_the_cookie_box_and_place_it_on_the_plate,demo_1,25,eye_in_hand,plate_1,is_in_front_of,flat_stove_1
pick_up_the_black_bowl_next_to_the_cookie_box_and_place_it_on_the_plate,demo_1,25,eye_in_hand,flat_stove_1,is_behind,plate_1
pick_up_the_black_bowl_next_to_the_cookie_box_and_place_it_on_the_plate,demo_1,25,eye_in_hand,wooden_cabinet_1,is_in_front_of,flat_stove_1
pick_up_the_black_bowl_next_to_the_cookie_box_and_place_it_on_the_plate,demo_1,25,eye_in_hand,flat_stove_1,is_behind,wooden_cabinet_1
pick_up_the_black_bowl_next_to_the_cookie_box_and_place_it_on_the_plate,demo_1,30,eye_in_hand,akita_black_bowl_1,is_in_front_of,flat_stove_1
pick_up_the_black_bowl_next_to_the_cookie_box_and_place_it_on_the_plate,demo_1,30,eye_in_hand,akita_black_bowl_1,is_on_top_of,wooden_cabinet_1
pick_up_the_black_bowl_next_to_the_cookie_box_and_place_it_on_the_plate,demo_1,30,eye_in_hand,akita_black_bowl_1,is_right_of,cookies_1
pick_up_the_black_bowl_next_to_the_cookie_box_and_place_it_on_the_plate,demo_1,30,eye_in_hand,akita_black_bowl_1,is_right_of,plate_1
pick_up_the_black_bowl_next_to_the_cookie_box_and_place_it_on_the_plate,demo_1,30,eye_in_hand,cookies_1,is_in_front_of,flat_stove_1
pick_up_the_black_bowl_next_to_the_cookie_box_and_place_it_on_the_plate,demo_1,30,eye_in_hand,cookies_1,is_left_of,akita_black_bowl_1
pick_up_the_black_bowl_next_to_the_cookie_box_and_place_it_on_the_plate,demo_1,30,eye_in_hand,cookies_1,is_on_top_of,wooden_cabinet_1
pick_up_the_black_bowl_next_to_the_cookie_box_and_place_it_on_the_plate,demo_1,30,eye_in_hand,cookies_1,is_right_of,plate_1
pick_up_the_black_bowl_next_to_the_cookie_box_and_place_it_on_the_plate,demo_1,30,eye_in_hand,flat_stove_1,is_behind,akita_black_bowl_1
pick_up_the_black_bowl_next_to_the_cookie_box_and_place_it_on_the_plate,demo_1,30,eye_in_hand,flat_stove_1,is_behind,cookies_1
pick_up_the_black_bowl_next_to_the_cookie_box_and_place_it_on_the_plate,demo_1,30,eye_in_hand,flat_stove_1,is_behind,plate_1
pick_up_the_black_bowl_next_to_the_cookie_box_and_place_it_on_the_plate,demo_1,30,eye_in_hand,flat_stove_1,is_behind,wooden_cabinet_1
pick_up_the_black_bowl_next_to_the_cookie_box_and_place_it_on_the_plate,demo_1,30,eye_in_hand,plate_1,is_in_front_of,flat_stove_1
pick_up_the_black_bowl_next_to_the_cookie_box_and_place_it_on_the_plate,demo_1,30,eye_in_hand,plate_1,is_left_of,akita_black_bowl_1
pick_up_the_black_bowl_next_to_the_cookie_box_and_place_it_on_the_plate,demo_1,30,eye_in_hand,plate_1,is_left_of,cookies_1
pick_up_the_black_bowl_next_to_the_cookie_box_and_place_it_on_the_plate,demo_1,30,eye_in_hand,plate_1,is_on_top_of,wooden_cabinet_1
pick_up_the_black_bowl_next_to_the_cookie_box_and_place_it_on_the_plate,demo_1,30,eye_in_hand,wooden_cabinet_1,is_below_of,akita_black_bowl_1
pick_up_the_black_bowl_next_to_the_cookie_box_and_place_it_on_the_plate,demo_1,30,eye_in_hand,wooden_cabinet_1,is_below_of,cookies_1
pick_up_the_black_bowl_next_to_the_cookie_box_and_place_it_on_the_plate,demo_1,30,eye_in_hand,wooden_cabinet_1,is_below_of,plate_1
pick_up_the_black_bowl_next_to_the_cookie_box_and_place_it_on_the_plate,demo_1,30,eye_in_hand,wooden_cabinet_1,is_in_front_of,flat_stove_1
pick_up_the_black_bowl_next_to_the_cookie_box_and_place_it_on_the_plate,demo_1,35,eye_in_hand,akita_black_bowl_1,is_right_of,cookies_1
pick_up_the_black_bowl_next_to_the_cookie_box_and_place_it_on_the_plate,demo_1,35,eye_in_hand,akita_black_bowl_1,is_on_top_of,wooden_cabinet_1
pick_up_the_black_bowl_next_to_the_cookie_box_and_place_it_on_the_plate,demo_1,35,eye_in_hand,cookies_1,is_left_of,akita_black_bowl_1
pick_up_the_black_bowl_next_to_the_cookie_box_and_place_it_on_the_plate,demo_1,35,eye_in_hand,cookies_1,is_on_top_of,wooden_cabinet_1
pick_up_the_black_bowl_next_to_the_cookie_box_and_place_it_on_the_plate,demo_1,35,eye_in_hand,wooden_cabinet_1,is_below_of,akita_black_bowl_1
pick_up_the_black_bowl_next_to_the_cookie_box_and_place_it_on_the_plate,demo_1,35,eye_in_hand,wooden_cabinet_1,is_below_of,cookies_1
pick_up_the_black_bowl_next_to_the_cookie_box_and_place_it_on_the_plate,demo_1,40,eye_in_hand,akita_black_bowl_1,is_on_top_of,wooden_cabinet_1
pick_up_the_black_bowl_next_to_the_cookie_box_and_place_it_on_the_plate,demo_1,40,eye_in_hand,wooden_cabinet_1,is_below_of,akita_black_bowl_1
pick_up_the_black_bowl_next_to_the_cookie_box_and_place_it_on_the_plate,demo_1,45,eye_in_hand,akita_black_bowl_1,is_on_top_of,wooden_cabinet_1
pick_up_the_black_bowl_next_to_the_cookie_box_and_place_it_on_the_plate,demo_1,45,eye_in_hand,wooden_cabinet_1,is_below_of,akita_black_bowl_1
pick_up_the_black_bowl_next_to_the_cookie_box_and_place_it_on_the_plate,demo_1,50,eye_in_hand,akita_black_bowl_1,is_on_top_of,wooden_cabinet_1
pick_up_the_black_bowl_next_to_the_cookie_box_and_place_it_on_the_plate,demo_1,50,eye_in_hand,wooden_cabinet_1,is_below_of,akita_black_bowl_1
pick_up_the_black_bowl_next_to_the_cookie_box_and_place_it_on_the_plate,demo_1,55,eye_in_hand,akita_black_bowl_1,is_on_top_of,wooden_cabinet_1
pick_up_the_black_bowl_next_to_the_cookie_box_and_place_it_on_the_plate,demo_1,55,eye_in_hand,wooden_cabinet_1,is_below_of,akita_black_bowl_1
pick_up_the_black_bowl_next_to_the_cookie_box_and_place_it_on_the_plate,demo_1,60,eye_in_hand,akita_black_bowl_1,is_behind,wooden_cabinet_1
pick_up_the_black_bowl_next_to_the_cookie_box_and_place_it_on_the_plate,demo_1,60,eye_in_hand,wooden_cabinet_1,is_in_front_of,akita_black_bowl_1
pick_up_the_black_bowl_next_to_the_cookie_box_and_place_it_on_the_plate,demo_1,65,eye_in_hand,akita_black_bowl_1,is_behind,wooden_cabinet_1
pick_up_the_black_bowl_next_to_the_cookie_box_and_place_it_on_the_plate,demo_1,65,eye_in_hand,wooden_cabinet_1,is_in_front_of,akita_black_bowl_1
pick_up_the_black_bowl_next_to_the_cookie_box_and_place_it_on_the_plate,demo_1,70,eye_in_hand,akita_black_bowl_1,is_behind,wooden_cabinet_1
pick_up_the_black_bowl_next_to_the_cookie_box_and_place_it_on_the_plate,demo_1,70,eye_in_hand,wooden_cabinet_1,is_in_front_of,akita_black_bowl_1
pick_up_the_black_bowl_next_to_the_cookie_box_and_place_it_on_the_plate,demo_1,75,eye_in_hand,akita_black_bowl_1,is_right_of,cookies_1
pick_up_the_black_bowl_next_to_the_cookie_box_and_place_it_on_the_plate,demo_1,75,eye_in_hand,cookies_1,is_left_of,akita_black_bowl_1
pick_up_the_black_bowl_next_to_the_cookie_box_and_place_it_on_the_plate,demo_1,75,eye_in_hand,akita_black_bowl_1,is_on_top_of,wooden_cabinet_1
pick_up_the_black_bowl_next_to_the_cookie_box_and_place_it_on_the_plate,demo_1,75,eye_in_hand,wooden_cabinet_1,is_below_of,akita_black_bowl_1
pick_up_the_black_bowl_next_to_the_cookie_box_and_place_it_on_the_plate,demo_1,75,eye_in_hand,cookies_1,is_on_top_of,wooden_cabinet_1
pick_up_the_black_bowl_next_to_the_cookie_box_and_place_it_on_the_plate,demo_1,75,eye_in_hand,wooden_cabinet_1,is_below_of,cookies_1
pick_up_the_black_bowl_next_to_the_cookie_box_and_place_it_on_the_plate,demo_1,80,eye_in_hand,akita_black_bowl_1,is_on_top_of,wooden_cabinet_1
pick_up_the_black_bowl_next_to_the_cookie_box_and_place_it_on_the_plate,demo_1,80,eye_in_hand,wooden_cabinet_1,is_below_of,akita_black_bowl_1
pick_up_the_black_bowl_next_to_the_cookie_box_and_place_it_on_the_plate,demo_1,80,eye_in_hand,cookies_1,is_on_top_of,wooden_cabinet_1
pick_up_the_black_bowl_next_to_the_cookie_box_and_place_it_on_the_plate,demo_1,80,eye_in_hand,wooden_cabinet_1,is_below_of,cookies_1
pick_up_the_black_bowl_next_to_the_cookie_box_and_place_it_on_the_plate,demo_1,80,eye_in_hand,plate_1,is_on_top_of,wooden_cabinet_1
pick_up_the_black_bowl_next_to_the_cookie_box_and_place_it_on_the_plate,demo_1,80,eye_in_hand,wooden_cabinet_1,is_below_of,plate_1
pick_up_the_black_bowl_next_to_the_cookie_box_and_place_it_on_the_plate,demo_1,80,eye_in_hand,plate_1,is_left_of,cookies_1
pick_up_the_black_bowl_next_to_the_cookie_box_and_place_it_on_the_plate,demo_1,80,eye_in_hand,cookies_1,is_right_of,plate_1
pick_up_the_black_bowl_next_to_the_cookie_box_and_place_it_on_the_plate,demo_1,80,eye_in_hand,plate_1,is_left_of,akita_black_bowl_1
pick_up_the_black_bowl_next_to_the_cookie_box_and_place_it_on_the_plate,demo_1,80,eye_in_hand,akita_black_bowl_1,is_right_of,plate_1
pick_up_the_black_bowl_next_to_the_cookie_box_and_place_it_on_the_plate,demo_1,80,eye_in_hand,cookies_1,is_left_of,akita_black_bowl_1
pick_up_the_black_bowl_next_to_the_cookie_box_and_place_it_on_the_plate,demo_1,80,eye_in_hand,akita_black_bowl_1,is_right_of,cookies_1
pick_up_the_black_bowl_next_to_the_cookie_box_and_place_it_on_the_plate,demo_1,85,eye_in_hand,glazed_rim_porcelain_ramekin_1,is_left_of,akita_black_bowl_2
pick_up_the_black_bowl_next_to_the_cookie_box_and_place_it_on_the_plate,demo_1,85,eye_in_hand,akita_black_bowl_2,is_right_of,glazed_rim_porcelain_ramekin_1
pick_up_the_black_bowl_next_to_the_cookie_box_and_place_it_on_the_plate,demo_1,85,eye_in_hand,glazed_rim_porcelain_ramekin_1,is_on_top_of,wooden_cabinet_1
pick_up_the_black_bowl_next_to_the_cookie_box_and_place_it_on_the_plate,demo_1,85,eye_in_hand,wooden_cabinet_1,is_below_of,glazed_rim_porcelain_ramekin_1
pick_up_the_black_bowl_next_to_the_cookie_box_and_place_it_on_the_plate,demo_1,85,eye_in_hand,glazed_rim_porcelain_ramekin_1,is_behind,flat_stove_1
pick_up_the_black_bowl_next_to_the_cookie_box_and_place_it_on_the_plate,demo_1,85,eye_in_hand,flat_stove_1,is_in_front_of,glazed_rim_porcelain_ramekin_1
pick_up_the_black_bowl_next_to_the_cookie_box_and_place_it_on_the_plate,demo_1,85,eye_in_hand,akita_black_bowl_2,is_on_top_of,wooden_cabinet_1
pick_up_the_black_bowl_next_to_the_cookie_box_and_place_it_on_the_plate,demo_1,85,eye_in_hand,wooden_cabinet_1,is_below_of,akita_black_bowl_2
pick_up_the_black_bowl_next_to_the_cookie_box_and_place_it_on_the_plate,demo_1,85,eye_in_hand,akita_black_bowl_2,is_behind,flat_stove_1
pick_up_the_black_bowl_next_to_the_cookie_box_and_place_it_on_the_plate,demo_1,85,eye_in_hand,flat_stove_1,is_in_front_of,akita_black_bowl_2
pick_up_the_black_bowl_next_to_the_cookie_box_and_place_it_on_the_plate,demo_1,85,eye_in_hand,wooden_cabinet_1,is_behind,flat_stove_1
pick_up_the_black_bowl_next_to_the_cookie_box_and_place_it_on_the_plate,demo_1,85,eye_in_hand,flat_stove_1,is_in_front_of,wooden_cabinet_1
pick_up_the_black_bowl_next_to_the_cookie_box_and_place_it_on_the_plate,demo_1,90,eye_in_hand,plate_1,is_left_of,akita_black_bowl_1
pick_up_the_black_bowl_next_to_the_cookie_box_and_place_it_on_the_plate,demo_1,90,eye_in_hand,akita_black_bowl_1,is_right_of,plate_1
pick_up_the_black_bowl_next_to_the_cookie_box_and_place_it_on_the_plate,demo_1,90,eye_in_hand,plate_1,is_on_top_of,wooden_cabinet_1
pick_up_the_black_bowl_next_to_the_cookie_box_and_place_it_on_the_plate,demo_1,90,eye_in_hand,wooden_cabinet_1,is_below_of,plate_1
pick_up_the_black_bowl_next_to_the_cookie_box_and_place_it_on_the_plate,demo_1,90,eye_in_hand,plate_1,is_behind,flat_stove_1
pick_up_the_black_bowl_next_to_the_cookie_box_and_place_it_on_the_plate,demo_1,90,eye_in_hand,flat_stove_1,is_in_front_of,plate_1
pick_up_the_black_bowl_next_to_the_cookie_box_and_place_it_on_the_plate,demo_1,90,eye_in_hand,akita_black_bowl_1,is_on_top_of,wooden_cabinet_1
pick_up_the_black_bowl_next_to_the_cookie_box_and_place_it_on_the_plate,demo_1,90,eye_in_hand,wooden_cabinet_1,is_below_of,akita_black_bowl_1
pick_up_the_black_bowl_next_to_the_cookie_box_and_place_it_on_the_plate,demo_1,90,eye_in_hand,akita_black_bowl_1,is_behind,flat_stove_1
pick_up_the_black_bowl_next_to_the_cookie_box_and_place_it_on_the_plate,demo_1,90,eye_in_hand,flat_stove_1,is_in_front_of,akita_black_bowl_1
pick_up_the_black_bowl_next_to_the_cookie_box_and_place_it_on_the_plate,demo_1,90,eye_in_hand,wooden_cabinet_1,is_behind,flat_stove_1
pick_up_the_black_bowl_next_to_the_cookie_box_and_place_it_on_the_plate,demo_1,90,eye_in_hand,flat_stove_1,is_in_front_of,wooden_cabinet_1
pick_up_the_black_bowl_next_to_the_cookie_box_and_place_it_on_the_plate,demo_1,95,eye_in_hand,plate_1,is_left_of,akita_black_bowl_1
pick_up_the_black_bowl_next_to_the_cookie_box_and_place_it_on_the_plate,demo_1,95,eye_in_hand,akita_black_bowl_1,is_right_of,plate_1
pick_up_the_black_bowl_next_to_the_cookie_box_and_place_it_on_the_plate,demo_1,95,eye_in_hand,plate_1,is_on_top_of,wooden_cabinet_1
pick_up_the_black_bowl_next_to_the_cookie_box_and_place_it_on_the_plate,demo_1,95,eye_in_hand,wooden_cabinet_1,is_below_of,plate_1
pick_up_the_black_bowl_next_to_the_cookie_box_and_place_it_on_the_plate,demo_1,95,eye_in_hand,plate_1,is_behind,flat_stove_1
pick_up_the_black_bowl_next_to_the_cookie_box_and_place_it_on_the_plate,demo_1,95,eye_in_hand,flat_stove_1,is_in_front_of,plate_1
pick_up_the_black_bowl_next_to_the_cookie_box_and_place_it_on_the_plate,demo_1,95,eye_in_hand,akita_black_bowl_1,is_behind,wooden_cabinet_1
pick_up_the_black_bowl_next_to_the_cookie_box_and_place_it_on_the_plate,demo_1,95,eye_in_hand,wooden_cabinet_1,is_in_front_of,akita_black_bowl_1
pick_up_the_black_bowl_next_to_the_cookie_box_and_place_it_on_the_plate,demo_1,95,eye_in_hand,akita_black_bowl_1,is_behind,flat_stove_1
pick_up_the_black_bowl_next_to_the_cookie_box_and_place_it_on_the_plate,demo_1,95,eye_in_hand,flat_stove_1,is_in_front_of,akita_black_bowl_1
pick_up_the_black_bowl_next_to_the_cookie_box_and_place_it_on_the_plate,demo_1,95,eye_in_hand,wooden_cabinet_1,is_behind,flat_stove_1
pick_up_the_black_bowl_next_to_the_cookie_box_and_place_it_on_the_plate,demo_1,95,eye_in_hand,flat_stove_1,is_in_front_of,wooden_cabinet_1
pick_up_the_black_bowl_next_to_the_cookie_box_and_place_it_on_the_plate,demo_1,100,eye_in_hand,akita_black_bowl_1,is_right_of,plate_1
pick_up_the_black_bowl_next_to_the_cookie_box_and_place_it_on_the_plate,demo_1,100,eye_in_hand,plate_1,is_left_of,akita_black_bowl_1
pick_up_the_black_bowl_next_to_the_cookie_box_and_place_it_on_the_plate,demo_1,100,eye_in_hand,akita_black_bowl_1,is_behind,wooden_cabinet_1
pick_up_the_black_bowl_next_to_the_cookie_box_and_place_it_on_the_plate,demo_1,100,eye_in_hand,wooden_cabinet_1,is_in_front_of,akita_black_bowl_1
pick_up_the_black_bowl_next_to_the_cookie_box_and_place_it_on_the_plate,demo_1,100,eye_in_hand,akita_black_bowl_1,is_behind,flat_stove_1
pick_up_the_black_bowl_next_to_the_cookie_box_and_place_it_on_the_plate,demo_1,100,eye_in_hand,flat_stove_1,is_in_front_of,akita_black_bowl_1
pick_up_the_black_bowl_next_to_the_cookie_box_and_place_it_on_the_plate,demo_1,100,eye_in_hand,plate_1,is_on_top_of,wooden_cabinet_1
pick_up_the_black_bowl_next_to_the_cookie_box_and_place_it_on_the_plate,demo_1,100,eye_in_hand,wooden_cabinet_1,is_below_of,plate_1
pick_up_the_black_bowl_next_to_the_cookie_box_and_place_it_on_the_plate,demo_1,100,eye_in_hand,plate_1,is_behind,flat_stove_1
pick_up_the_black_bowl_next_to_the_cookie_box_and_place_it_on_the_plate,demo_1,100,eye_in_hand,flat_stove_1,is_in_front_of,plate_1
pick_up_the_black_bowl_next_to_the_cookie_box_and_place_it_on_the_plate,demo_1,100,eye_in_hand,wooden_cabinet_1,is_behind,flat_stove_1
pick_up_the_black_bowl_next_to_the_cookie_box_and_place_it_on_the_plate,demo_1,100,eye_in_hand,flat_stove_1,is_in_front_of,wooden_cabinet_1
pick_up_the_black_bowl_next_to_the_cookie_box_and_place_it_on_the_plate,demo_1,105,eye_in_hand,akita_black_bowl_1,is_on_top_of,plate_1
pick_up_the_black_bowl_next_to_the_cookie_box_and_place_it_on_the_plate,demo_1,105,eye_in_hand,plate_1,is_below_of,akita_black_bowl_1
pick_up_the_black_bowl_next_to_the_cookie_box_and_place_it_on_the_plate,demo_1,105,eye_in_hand,akita_black_bowl_1,is_on_top_of,wooden_cabinet_1
pick_up_the_black_bowl_next_to_the_cookie_box_and_place_it_on_the_plate,demo_1,105,eye_in_hand,wooden_cabinet_1,is_below_of,akita_black_bowl_1
pick_up_the_black_bowl_next_to_the_cookie_box_and_place_it_on_the_plate,demo_1,105,eye_in_hand,akita_black_bowl_1,is_behind,flat_stove_1
pick_up_the_black_bowl_next_to_the_cookie_box_and_place_it_on_the_plate,demo_1,105,eye_in_hand,flat_stove_1,is_in_front_of,akita_black_bowl_1
pick_up_the_black_bowl_next_to_the_cookie_box_and_place_it_on_the_plate,demo_1,105,eye_in_hand,plate_1,is_on_top_of,wooden_cabinet_1
pick_up_the_black_bowl_next_to_the_cookie_box_and_place_it_on_the_plate,demo_1,105,eye_in_hand,wooden_cabinet_1,is_below_of,plate_1
pick_up_the_black_bowl_next_to_the_cookie_box_and_place_it_on_the_plate,demo_1,105,eye_in_hand,plate_1,is_behind,flat_stove_1
pick_up_the_black_bowl_next_to_the_cookie_box_and_place_it_on_the_plate,demo_1,105,eye_in_hand,flat_stove_1,is_in_front_of,plate_1
pick_up_the_black_bowl_next_to_the_cookie_box_and_place_it_on_the_plate,demo_1,105,eye_in_hand,wooden_cabinet_1,is_behind,flat_stove_1
pick_up_the_black_bowl_next_to_the_cookie_box_and_place_it_on_the_plate,demo_1,105,eye_in_hand,flat_stove_1,is_in_front_of,wooden_cabinet_1
pick_up_the_black_bowl_next_to_the_cookie_box_and_place_it_on_the_plate,demo_1,110,eye_in_hand,akita_black_bowl_1,is_right_of,plate_1
pick_up_the_black_bowl_next_to_the_cookie_box_and_place_it_on_the_plate,demo_1,110,eye_in_hand,plate_1,is_left_of,akita_black_bowl_1
pick_up_the_black_bowl_next_to_the_cookie_box_and_place_it_on_the_plate,demo_1,110,eye_in_hand,akita_black_bowl_1,is_behind,wooden_cabinet_1
pick_up_the_black_bowl_next_to_the_cookie_box_and_place_it_on_the_plate,demo_1,110,eye_in_hand,wooden_cabinet_1,is_in_front_of,akita_black_bowl_1
pick_up_the_black_bowl_next_to_the_cookie_box_and_place_it_on_the_plate,demo_1,110,eye_in_hand,plate_1,is_on_top_of,wooden_cabinet_1
pick_up_the_black_bowl_next_to_the_cookie_box_and_place_it_on_the_plate,demo_1,110,eye_in_hand,wooden_cabinet_1,is_below_of,plate_1
pick_up_the_black_bowl_next_to_the_cookie_box_and_place_it_on_the_plate,demo_1,115,eye_in_hand,akita_black_bowl_1,is_right_of,plate_1
pick_up_the_black_bowl_next_to_the_cookie_box_and_place_it_on_the_plate,demo_1,115,eye_in_hand,plate_1,is_left_of,akita_black_bowl_1
pick_up_the_black_bowl_next_to_the_cookie_box_and_place_it_on_the_plate,demo_1,115,eye_in_hand,akita_black_bowl_1,is_behind,wooden_cabinet_1
pick_up_the_black_bowl_next_to_the_cookie_box_and_place_it_on_the_plate,demo_1,115,eye_in_hand,wooden_cabinet_1,is_in_front_of,akita_black_bowl_1
pick_up_the_black_bowl_next_to_the_cookie_box_and_place_it_on_the_plate,demo_1,115,eye_in_hand,akita_black_bowl_1,is_in_front_of,flat_stove_1
pick_up_the_black_bowl_next_to_the_cookie_box_and_place_it_on_the_plate,demo_1,115,eye_in_hand,flat_stove_1,is_behind,akita_black_bowl_1
pick_up_the_black_bowl_next_to_the_cookie_box_and_place_it_on_the_plate,demo_1,115,eye_in_hand,plate_1,is_on_top_of,wooden_cabinet_1
pick_up_the_black_bowl_next_to_the_cookie_box_and_place_it_on_the_plate,demo_1,115,eye_in_hand,wooden_cabinet_1,is_below_of,plate_1
pick_up_the_black_bowl_next_to_the_cookie_box_and_place_it_on_the_plate,demo_1,115,eye_in_hand,plate_1,is_in_front_of,flat_stove_1
pick_up_the_black_bowl_next_to_the_cookie_box_and_place_it_on_the_plate,demo_1,115,eye_in_hand,flat_stove_1,is_behind,plate_1
pick_up_the_black_bowl_next_to_the_cookie_box_and_place_it_on_the_plate,demo_1,115,eye_in_hand,wooden_cabinet_1,is_in_front_of,flat_stove_1
pick_up_the_black_bowl_next_to_the_cookie_box_and_place_it_on_the_plate,demo_1,115,eye_in_hand,flat_stove_1,is_behind,wooden_cabinet_1
pick_up_the_black_bowl_next_to_the_cookie_box_and_place_it_on_the_plate,demo_1,120,eye_in_hand,akita_black_bowl_1,is_right_of,plate_1
pick_up_the_black_bowl_next_to_the_cookie_box_and_place_it_on_the_plate,demo_1,120,eye_in_hand,plate_1,is_left_of,akita_black_bowl_1
pick_up_the_black_bowl_next_to_the_cookie_box_and_place_it_on_the_plate,demo_1,120,eye_in_hand,akita_black_bowl_1,is_on_top_of,wooden_cabinet_1
pick_up_the_black_bowl_next_to_the_cookie_box_and_place_it_on_the_plate,demo_1,120,eye_in_hand,wooden_cabinet_1,is_below_of,akita_black_bowl_1
pick_up_the_black_bowl_next_to_the_cookie_box_and_place_it_on_the_plate,demo_1,120,eye_in_hand,plate_1,is_on_top_of,wooden_cabinet_1
pick_up_the_black_bowl_next_to_the_cookie_box_and_place_it_on_the_plate,demo_1,120,eye_in_hand,wooden_cabinet_1,is_below_of,plate_1
pick_up_the_black_bowl_next_to_the_cookie_box_and_place_it_on_the_plate,demo_1,125,eye_in_hand,akita_black_bowl_1,is_on_top_of,plate_1
pick_up_the_black_bowl_next_to_the_cookie_box_and_place_it_on_the_plate,demo_1,125,eye_in_hand,akita_black_bowl_1,is_on_top_of,wooden_cabinet_1
pick_up_the_black_bowl_next_to_the_cookie_box_and_place_it_on_the_plate,demo_1,125,eye_in_hand,plate_1,is_below_of,akita_black_bowl_1
pick_up_the_black_bowl_next_to_the_cookie_box_and_place_it_on_the_plate,demo_1,125,eye_in_hand,plate_1,is_on_top_of,wooden_cabinet_1
pick_up_the_black_bowl_next_to_the_cookie_box_and_place_it_on_the_plate,demo_1,125,eye_in_hand,wooden_cabinet_1,is_below_of,akita_black_bowl_1
pick_up_the_black_bowl_next_to_the_cookie_box_and_place_it_on_the_plate,demo_1,125,eye_in_hand,wooden_cabinet_1,is_below_of,plate_1
pick_up_the_black_bowl_next_to_the_cookie_box_and_place_it_on_the_plate,demo_1,130,eye_in_hand,akita_black_bowl_1,is_right_of,plate_1
pick_up_the_black_bowl_next_to_the_cookie_box_and_place_it_on_the_plate,demo_1,130,eye_in_hand,akita_black_bowl_1,is_on_top_of,wooden_cabinet_1
pick_up_the_black_bowl_next_to_the_cookie_box_and_place_it_on_the_plate,demo_1,130,eye_in_hand,plate_1,is_left_of,akita_black_bowl_1
pick_up_the_black_bowl_next_to_the_cookie_box_and_place_it_on_the_plate,demo_1,130,eye_in_hand,plate_1,is_on_top_of,wooden_cabinet_1
pick_up_the_black_bowl_next_to_the_cookie_box_and_place_it_on_the_plate,demo_1,130,eye_in_hand,wooden_cabinet_1,is_below_of,akita_black_bowl_1
pick_up_the_black_bowl_next_to_the_cookie_box_and_place_it_on_the_plate,demo_1,130,eye_in_hand,wooden_cabinet_1,is_below_of,plate_1
pick_up_the_black_bowl_next_to_the_cookie_box_and_place_it_on_the_plate,demo_1,135,eye_in_hand,akita_black_bowl_1,is_right_of,plate_1
pick_up_the_black_bowl_next_to_the_cookie_box_and_place_it_on_the_plate,demo_1,135,eye_in_hand,plate_1,is_left_of,akita_black_bowl_1
pick_up_the_black_bowl_next_to_the_cookie_box_and_place_it_on_the_plate,demo_1,135,eye_in_hand,akita_black_bowl_1,is_in_front_of,wooden_cabinet_1
pick_up_the_black_bowl_next_to_the_cookie_box_and_place_it_on_the_plate,demo_1,135,eye_in_hand,wooden_cabinet_1,is_behind,akita_black_bowl_1
pick_up_the_black_bowl_next_to_the_cookie_box_and_place_it_on_the_plate,demo_1,135,eye_in_hand,plate_1,is_on_top_of,wooden_cabinet_1
pick_up_the_black_bowl_next_to_the_cookie_box_and_place_it_on_the_plate,demo_1,135,eye_in_hand,wooden_cabinet_1,is_below_of,plate_1
pick_up_the_black_bowl_next_to_the_cookie_box_and_place_it_on_the_plate,demo_10,0,eye_in_hand,akita_black_bowl_1,is_behind,akita_black_bowl_2
pick_up_the_black_bowl_next_to_the_cookie_box_and_place_it_on_the_plate,demo_10,0,eye_in_hand,akita_black_bowl_2,is_in_front_of,akita_black_bowl_1
pick_up_the_black_bowl_next_to_the_cookie_box_and_place_it_on_the_plate,demo_10,0,eye_in_hand,akita_black_bowl_1,is_behind,cookies_1
pick_up_the_black_bowl_next_to_the_cookie_box_and_place_it_on_the_plate,demo_10,0,eye_in_hand,cookies_1,is_in_front_of,akita_black_bowl_1
pick_up_the_black_bowl_next_to_the_cookie_box_and_place_it_on_the_plate,demo_10,0,eye_in_hand,akita_black_bowl_1,is_right_of,glazed_rim_porcelain_ramekin_1
pick_up_the_black_bowl_next_to_the_cookie_box_and_place_it_on_the_plate,demo_10,0,eye_in_hand,glazed_rim_porcelain_ramekin_1,is_left_of,akita_black_bowl_1
pick_up_the_black_bowl_next_to_the_cookie_box_and_place_it_on_the_plate,demo_10,0,eye_in_hand,akita_black_bowl_1,is_behind,plate_1
pick_up_the_black_bowl_next_to_the_cookie_box_and_place_it_on_the_plate,demo_10,0,eye_in_hand,plate_1,is_in_front_of,akita_black_bowl_1
pick_up_the_black_bowl_next_to_the_cookie_box_and_place_it_on_the_plate,demo_10,0,eye_in_hand,akita_black_bowl_1,is_in_front_of,wooden_cabinet_1
pick_up_the_black_bowl_next_to_the_cookie_box_and_place_it_on_the_plate,demo_10,0,eye_in_hand,wooden_cabinet_1,is_behind,akita_black_bowl_1
pick_up_the_black_bowl_next_to_the_cookie_box_and_place_it_on_the_plate,demo_10,0,eye_in_hand,akita_black_bowl_1,is_on_top_of,flat_stove_1
pick_up_the_black_bowl_next_to_the_cookie_box_and_place_it_on_the_plate,demo_10,0,eye_in_hand,flat_stove_1,is_below_of,akita_black_bowl_1
pick_up_the_black_bowl_next_to_the_cookie_box_and_place_it_on_the_plate,demo_10,0,eye_in_hand,akita_black_bowl_2,is_right_of,cookies_1
pick_up_the_black_bowl_next_to_the_cookie_box_and_place_it_on_the_plate,demo_10,0,eye_in_hand,cookies_1,is_left_of,akita_black_bowl_2
pick_up_the_black_bowl_next_to_the_cookie_box_and_place_it_on_the_plate,demo_10,0,eye_in_hand,akita_black_bowl_2,is_right_of,glazed_rim_porcelain_ramekin_1
pick_up_the_black_bowl_next_to_the_cookie_box_and_place_it_on_the_plate,demo_10,0,eye_in_hand,glazed_rim_porcelain_ramekin_1,is_left_of,akita_black_bowl_2
pick_up_the_black_bowl_next_to_the_cookie_box_and_place_it_on_the_plate,demo_10,0,eye_in_hand,akita_black_bowl_2,is_right_of,plate_1
pick_up_the_black_bowl_next_to_the_cookie_box_and_place_it_on_the_plate,demo_10,0,eye_in_hand,plate_1,is_left_of,akita_black_bowl_2
pick_up_the_black_bowl_next_to_the_cookie_box_and_place_it_on_the_plate,demo_10,0,eye_in_hand,akita_black_bowl_2,is_in_front_of,wooden_cabinet_1
pick_up_the_black_bowl_next_to_the_cookie_box_and_place_it_on_the_plate,demo_10,0,eye_in_hand,wooden_cabinet_1,is_behind,akita_black_bowl_2
pick_up_the_black_bowl_next_to_the_cookie_box_and_place_it_on_the_plate,demo_10,0,eye_in_hand,akita_black_bowl_2,is_in_front_of,flat_stove_1
pick_up_the_black_bowl_next_to_the_cookie_box_and_place_it_on_the_plate,demo_10,0,eye_in_hand,flat_stove_1,is_behind,akita_black_bowl_2
pick_up_the_black_bowl_next_to_the_cookie_box_and_place_it_on_the_plate,demo_10,0,eye_in_hand,cookies_1,is_in_front_of,glazed_rim_porcelain_ramekin_1
pick_up_the_black_bowl_next_to_the_cookie_box_and_place_it_on_the_plate,demo_10,0,eye_in_hand,glazed_rim_porcelain_ramekin_1,is_behind,cookies_1
pick_up_the_black_bowl_next_to_the_cookie_box_and_place_it_on_the_plate,demo_10,0,eye_in_hand,cookies_1,is_right_of,plate_1
pick_up_the_black_bowl_next_to_the_cookie_box_and_place_it_on_the_plate,demo_10,0,eye_in_hand,plate_1,is_left_of,cookies_1
pick_up_the_black_bowl_next_to_the_cookie_box_and_place_it_on_the_plate,demo_10,0,eye_in_hand,cookies_1,is_in_front_of,wooden_cabinet_1
pick_up_the_black_bowl_next_to_the_cookie_box_and_place_it_on_the_plate,demo_10,0,eye_in_hand,wooden_cabinet_1,is_behind,cookies_1
pick_up_the_black_bowl_next_to_the_cookie_box_and_place_it_on_the_plate,demo_10,0,eye_in_hand,cookies_1,is_in_front_of,flat_stove_1
pick_up_the_black_bowl_next_to_the_cookie_box_and_place_it_on_the_plate,demo_10,0,eye_in_hand,flat_stove_1,is_behind,cookies_1
pick_up_the_black_bowl_next_to_the_cookie_box_and_place_it_on_the_plate,demo_10,0,eye_in_hand,glazed_rim_porcelain_ramekin_1,is_behind,plate_1
pick_up_the_black_bowl_next_to_the_cookie_box_and_place_it_on_the_plate,demo_10,0,eye_in_hand,plate_1,is_in_front_of,glazed_rim_porcelain_ramekin_1
pick_up_the_black_bowl_next_to_the_cookie_box_and_place_it_on_the_plate,demo_10,0,eye_in_hand,glazed_rim_porcelain_ramekin_1,is_in_front_of,wooden_cabinet_1
pick_up_the_black_bowl_next_to_the_cookie_box_and_place_it_on_the_plate,demo_10,0,eye_in_hand,wooden_cabinet_1,is_behind,glazed_rim_porcelain_ramekin_1
pick_up_the_black_bowl_next_to_the_cookie_box_and_place_it_on_the_plate,demo_10,0,eye_in_hand,glazed_rim_porcelain_ramekin_1,is_left_of,flat_stove_1
pick_up_the_black_bowl_next_to_the_cookie_box_and_place_it_on_the_plate,demo_10,0,eye_in_hand,flat_stove_1,is_right_of,glazed_rim_porcelain_ramekin_1
pick_up_the_black_bowl_next_to_the_cookie_box_and_place_it_on_the_plate,demo_10,0,eye_in_hand,plate_1,is_in_front_of,wooden_cabinet_1
pick_up_the_black_bowl_next_to_the_cookie_box_and_place_it_on_the_plate,demo_10,0,eye_in_hand,wooden_cabinet_1,is_behind,plate_1
pick_up_the_black_bowl_next_to_the_cookie_box_and_place_it_on_the_plate,demo_10,0,eye_in_hand,plate_1,is_in_front_of,flat_stove_1
pick_up_the_black_bowl_next_to_the_cookie_box_and_place_it_on_the_plate,demo_10,0,eye_in_hand,flat_stove_1,is_behind,plate_1
pick_up_the_black_bowl_next_to_the_cookie_box_and_place_it_on_the_plate,demo_10,0,eye_in_hand,wooden_cabinet_1,is_behind,flat_stove_1
pick_up_the_black_bowl_next_to_the_cookie_box_and_place_it_on_the_plate,demo_10,0,eye_in_hand,flat_stove_1,is_in_front_of,wooden_cabinet_1
pick_up_the_black_bowl_next_to_the_cookie_box_and_place_it_on_the_plate,demo_10,5,eye_in_hand,akita_black_bowl_1,is_behind,akita_black_bowl_2
pick_up_the_black_bowl_next_to_the_cookie_box_and_place_it_on_the_plate,demo_10,5,eye_in_hand,akita_black_bowl_2,is_in_front_of,akita_black_bowl_1
pick_up_the_black_bowl_next_to_the_cookie_box_and_place_it_on_the_plate,demo_10,5,eye_in_hand,akita_black_bowl_1,is_behind,cookies_1
pick_up_the_black_bowl_next_to_the_cookie_box_and_place_it_on_the_plate,demo_10,5,eye_in_hand,cookies_1,is_in_front_of,akita_black_bowl_1
pick_up_the_black_bowl_next_to_the_cookie_box_and_place_it_on_the_plate,demo_10,5,eye_in_hand,akita_black_bowl_1,contains,glazed_rim_porcelain_ramekin_1
pick_up_the_black_bowl_next_to_the_cookie_box_and_place_it_on_the_plate,demo_10,5,eye_in_hand,glazed_rim_porcelain_ramekin_1,is_inside,akita_black_bowl_1
pick_up_the_black_bowl_next_to_the_cookie_box_and_place_it_on_the_plate,demo_10,5,eye_in_hand,akita_black_bowl_1,is_behind,plate_1
pick_up_the_black_bowl_next_to_the_cookie_box_and_place_it_on_the_plate,demo_10,5,eye_in_hand,plate_1,is_in_front_of,akita_black_bowl_1
pick_up_the_black_bowl_next_to_the_cookie_box_and_place_it_on_the_plate,demo_10,5,eye_in_hand,akita_black_bowl_1,is_left_of,wooden_cabinet_1
pick_up_the_black_bowl_next_to_the_cookie_box_and_place_it_on_the_plate,demo_10,5,eye_in_hand,wooden_cabinet_1,is_right_of,akita_black_bowl_1
pick_up_the_black_bowl_next_to_the_cookie_box_and_place_it_on_the_plate,demo_10,5,eye_in_hand,akita_black_bowl_1,is_left_of,flat_stove_1
pick_up_the_black_bowl_next_to_the_cookie_box_and_place_it_on_the_plate,demo_10,5,eye_in_hand,flat_stove_1,is_right_of,akita_black_bowl_1
pick_up_the_black_bowl_next_to_the_cookie_box_and_place_it_on_the_plate,demo_10,5,eye_in_hand,akita_black_bowl_2,is_right_of,cookies_1
pick_up_the_black_bowl_next_to_the_cookie_box_and_place_it_on_the_plate,demo_10,5,eye_in_hand,cookies_1,is_left_of,akita_black_bowl_2
pick_up_the_black_bowl_next_to_the_cookie_box_and_place_it_on_the_plate,demo_10,5,eye_in_hand,akita_black_bowl_2,is_in_front_of,glazed_rim_porcelain_ramekin_1
pick_up_the_black_bowl_next_to_the_cookie_box_and_place_it_on_the_plate,demo_10,5,eye_in_hand,glazed_rim_porcelain_ramekin_1,is_behind,akita_black_bowl_2
pick_up_the_black_bowl_next_to_the_cookie_box_and_place_it_on_the_plate,demo_10,5,eye_in_hand,akita_black_bowl_2,is_right_of,plate_1
pick_up_the_black_bowl_next_to_the_cookie_box_and_place_it_on_the_plate,demo_10,5,eye_in_hand,plate_1,is_left_of,akita_black_bowl_2
pick_up_the_black_bowl_next_to_the_cookie_box_and_place_it_on_the_plate,demo_10,5,eye_in_hand,akita_black_bowl_2,is_left_of,wooden_cabinet_1
pick_up_the_black_bowl_next_to_the_cookie_box_and_place_it_on_the_plate,demo_10,5,eye_in_hand,wooden_cabinet_1,is_right_of,akita_black_bowl_2
pick_up_the_black_bowl_next_to_the_cookie_box_and_place_it_on_the_plate,demo_10,5,eye_in_hand,akita_black_bowl_2,is_in_front_of,flat_stove_1
pick_up_the_black_bowl_next_to_the_cookie_box_and_place_it_on_the_plate,demo_10,5,eye_in_hand,flat_stove_1,is_behind,akita_black_bowl_2
pick_up_the_black_bowl_next_to_the_cookie_box_and_place_it_on_the_plate,demo_10,5,eye_in_hand,cookies_1,is_in_front_of,glazed_rim_porcelain_ramekin_1
pick_up_the_black_bowl_next_to_the_cookie_box_and_place_it_on_the_plate,demo_10,5,eye_in_hand,glazed_rim_porcelain_ramekin_1,is_behind,cookies_1
pick_up_the_black_bowl_next_to_the_cookie_box_and_place_it_on_the_plate,demo_10,5,eye_in_hand,cookies_1,is_right_of,plate_1
pick_up_the_black_bowl_next_to_the_cookie_box_and_place_it_on_the_plate,demo_10,5,eye_in_hand,plate_1,is_left_of,cookies_1
pick_up_the_black_bowl_next_to_the_cookie_box_and_place_it_on_the_plate,demo_10,5,eye_in_hand,cookies_1,is_left_of,wooden_cabinet_1
pick_up_the_black_bowl_next_to_the_cookie_box_and_place_it_on_the_plate,demo_10,5,eye_in_hand,wooden_cabinet_1,is_right_of,cookies_1
pick_up_the_black_bowl_next_to_the_cookie_box_and_place_it_on_the_plate,demo_10,5,eye_in_hand,cookies_1,is_in_front_of,flat_stove_1
pick_up_the_black_bowl_next_to_the_cookie_box_and_place_it_on_the_plate,demo_10,5,eye_in_hand,flat_stove_1,is_behind,cookies_1
pick_up_the_black_bowl_next_to_the_cookie_box_and_place_it_on_the_plate,demo_10,5,eye_in_hand,glazed_rim_porcelain_ramekin_1,is_behind,plate_1
pick_up_the_black_bowl_next_to_the_cookie_box_and_place_it_on_the_plate,demo_10,5,eye_in_hand,plate_1,is_in_front_of,glazed_rim_porcelain_ramekin_1
pick_up_the_black_bowl_next_to_the_cookie_box_and_place_it_on_the_plate,demo_10,5,eye_in_hand,glazed_rim_porcelain_ramekin_1,is_left_of,wooden_cabinet_1
pick_up_the_black_bowl_next_to_the_cookie_box_and_place_it_on_the_plate,demo_10,5,eye_in_hand,wooden_cabinet_1,is_right_of,glazed_rim_porcelain_ramekin_1
pick_up_the_black_bowl_next_to_the_cookie_box_and_place_it_on_the_plate,demo_10,5,eye_in_hand,glazed_rim_porcelain_ramekin_1,is_left_of,flat_stove_1
pick_up_the_black_bowl_next_to_the_cookie_box_and_place_it_on_the_plate,demo_10,5,eye_in_hand,flat_stove_1,is_right_of,glazed_rim_porcelain_ramekin_1
pick_up_the_black_bowl_next_to_the_cookie_box_and_place_it_on_the_plate,demo_10,5,eye_in_hand,plate_1,is_left_of,wooden_cabinet_1
pick_up_the_black_bowl_next_to_the_cookie_box_and_place_it_on_the_plate,demo_10,5,eye_in_hand,wooden_cabinet_1,is_right_of,plate_1
pick_up_the_black_bowl_next_to_the_cookie_box_and_place_it_on_the_plate,demo_10,5,eye_in_hand,plate_1,is_left_of,flat_stove_1
pick_up_the_black_bowl_next_to_the_cookie_box_and_place_it_on_the_plate,demo_10,5,eye_in_hand,flat_stove_1,is_right_of,plate_1
pick_up_the_black_bowl_next_to_the_cookie_box_and_place_it_on_the_plate,demo_10,5,eye_in_hand,wooden_cabinet_1,is_in_front_of,flat_stove_1
pick_up_the_black_bowl_next_to_the_cookie_box_and_place_it_on_the_plate,demo_10,5,eye_in_hand,flat_stove_1,is_behind,wooden_cabinet_1
pick_up_the_black_bowl_next_to_the_cookie_box_and_place_it_on_the_plate,demo_10,10,eye_in_hand,akita_black_bowl_1,is_on_top_of,flat_stove_1
pick_up_the_black_bowl_next_to_the_cookie_box_and_place_it_on_the_plate,demo_10,10,eye_in_hand,flat_stove_1,is_below_of,akita_black_bowl_1
pick_up_the_black_bowl_next_to_the_cookie_box_and_place_it_on_the_plate,demo_10,10,eye_in_hand,akita_black_bowl_2,is_on_top_of,flat_stove_1
pick_up_the_black_bowl_next_to_the_cookie_box_and_place_it_on_the_plate,demo_10,10,eye_in_hand,flat_stove_1,is_below_of,akita_black_bowl_2
pick_up_the_black_bowl_next_to_the_cookie_box_and_place_it_on_the_plate,demo_10,10,eye_in_hand,akita_black_bowl_1,is_left_of,akita_black_bowl_2
pick_up_the_black_bowl_next_to_the_cookie_box_and_place_it_on_the_plate,demo_10,10,eye_in_hand,akita_black_bowl_2,is_right_of,akita_black_bowl_1
pick_up_the_black_bowl_next_to_the_cookie_box_and_place_it_on_the_plate,demo_10,10,eye_in_hand,plate_1,is_left_of,cookies_1
pick_up_the_black_bowl_next_to_the_cookie_box_and_place_it_on_the_plate,demo_10,15,eye_in_hand,akita_black_bowl_1,is_right_of,cookies_1
pick_up_the_black_bowl_next_to_the_cookie_box_and_place_it_on_the_plate,demo_10,15,eye_in_hand,akita_black_bowl_1,is_in_front_of,flat_stove_1
pick_up_the_black_bowl_next_to_the_cookie_box_and_place_it_on_the_plate,demo_10,15,eye_in_hand,akita_black_bowl_1,is_right_of,plate_1
pick_up_the_black_bowl_next_to_the_cookie_box_and_place_it_on_the_plate,demo_10,15,eye_in_hand,akita_black_bowl_1,is_left_of,wooden_cabinet_1
pick_up_the_black_bowl_next_to_the_cookie_box_and_place_it_on_the_plate,demo_10,15,eye_in_hand,cookies_1,is_left_of,akita_black_bowl_1
pick_up_the_black_bowl_next_to_the_cookie_box_and_place_it_on_the_plate,demo_10,15,eye_in_hand,cookies_1,is_in_front_of,flat_stove_1
pick_up_the_black_bowl_next_to_the_cookie_box_and_place_it_on_the_plate,demo_10,15,eye_in_hand,cookies_1,is_right_of,plate_1
pick_up_the_black_bowl_next_to_the_cookie_box_and_place_it_on_the_plate,demo_10,15,eye_in_hand,cookies_1,is_left_of,wooden_cabinet_1
pick_up_the_black_bowl_next_to_the_cookie_box_and_place_it_on_the_plate,demo_10,15,eye_in_hand,flat_stove_1,is_behind,akita_black_bowl_1
pick_up_the_black_bowl_next_to_the_cookie_box_and_place_it_on_the_plate,demo_10,15,eye_in_hand,flat_stove_1,is_behind,cookies_1
pick_up_the_black_bowl_next_to_the_cookie_box_and_place_it_on_the_plate,demo_10,15,eye_in_hand,flat_stove_1,is_behind,plate_1
pick_up_the_black_bowl_next_to_the_cookie_box_and_place_it_on_the_plate,demo_10,15,eye_in_hand,flat_stove_1,is_behind,wooden_cabinet_1
pick_up_the_black_bowl_next_to_the_cookie_box_and_place_it_on_the_plate,demo_10,15,eye_in_hand,plate_1,is_left_of,akita_black_bowl_1
pick_up_the_black_bowl_next_to_the_cookie_box_and_place_it_on_the_plate,demo_10,15,eye_in_hand,plate_1,is_left_of,cookies_1
pick_up_the_black_bowl_next_to_the_cookie_box_and_place_it_on_the_plate,demo_10,15,eye_in_hand,plate_1,is_in_front_of,flat_stove_1
pick_up_the_black_bowl_next_to_the_cookie_box_and_place_it_on_the_plate,demo_10,15,eye_in_hand,plate_1,is_left_of,wooden_cabinet_1
pick_up_the_black_bowl_next_to_the_cookie_box_and_place_it_on_the_plate,demo_10,15,eye_in_hand,wooden_cabinet_1,is_right_of,akita_black_bowl_1
pick_up_the_black_bowl_next_to_the_cookie_box_and_place_it_on_the_plate,demo_10,15,eye_in_hand,wooden_cabinet_1,is_right_of,cookies_1
pick_up_the_black_bowl_next_to_the_cookie_box_and_place_it_on_the_plate,demo_10,15,eye_in_hand,wooden_cabinet_1,is_in_front_of,flat_stove_1
pick_up_the_black_bowl_next_to_the_cookie_box_and_place_it_on_the_plate,demo_10,15,eye_in_hand,wooden_cabinet_1,is_right_of,plate_1
pick_up_the_black_bowl_next_to_the_cookie_box_and_place_it_on_the_plate,demo_10,20,eye_in_hand,akita_black_bowl_1,is_left_of,wooden_cabinet_1
pick_up_the_black_bowl_next_to_the_cookie_box_and_place_it_on_the_plate,demo_10,20,eye_in_hand,wooden_cabinet_1,is_right_of,akita_black_bowl_1
pick_up_the_black_bowl_next_to_the_cookie_box_and_place_it_on_the_plate,demo_10,20,eye_in_hand,akita_black_bowl_1,is_in_front_of,flat_stove_1
pick_up_the_black_bowl_next_to_the_cookie_box_and_place_it_on_the_plate,demo_10,20,eye_in_hand,flat_stove_1,is_behind,akita_black_bowl_1
pick_up_the_black_bowl_next_to_the_cookie_box_and_place_it_on_the_plate,demo_10,20,eye_in_hand,cookies_1,is_left_of,akita_black_bowl_1
pick_up_the_black_bowl_next_to_the_cookie_box_and_place_it_on_the_plate,demo_10,20,eye_in_hand,akita_black_bowl_1,is_right_of,cookies_1
pick_up_the_black_bowl_next_to_the_cookie_box_and_place_it_on_the_plate,demo_10,20,eye_in_hand,cookies_1,is_left_of,wooden_cabinet_1
pick_up_the_black_bowl_next_to_the_cookie_box_and_place_it_on_the_plate,demo_10,20,eye_in_hand,wooden_cabinet_1,is_right_of,cookies_1
pick_up_the_black_bowl_next_to_the_cookie_box_and_place_it_on_the_plate,demo_10,25,eye_in_hand,plate_1,is_left_of,cookies_1
pick_up_the_black_bowl_next_to_the_cookie_box_and_place_it_on_the_plate,demo_10,25,eye_in_hand,cookies_1,is_right_of,plate_1
pick_up_the_black_bowl_next_to_the_cookie_box_and_place_it_on_the_plate,demo_10,25,eye_in_hand,plate_1,is_left_of,akita_black_bowl_1
pick_up_the_black_bowl_next_to_the_cookie_box_and_place_it_on_the_plate,demo_10,25,eye_in_hand,akita_black_bowl_1,is_right_of,plate_1
pick_up_the_black_bowl_next_to_the_cookie_box_and_place_it_on_the_plate,demo_10,25,eye_in_hand,plate_1,is_in_front_of,flat_stove_1
pick_up_the_black_bowl_next_to_the_cookie_box_and_place_it_on_the_plate,demo_10,25,eye_in_hand,flat_stove_1,is_behind,plate_1
pick_up_the_black_bowl_next_to_the_cookie_box_and_place_it_on_the_plate,demo_10,25,eye_in_hand,plate_1,is_left_of,wooden_cabinet_1
pick_up_the_black_bowl_next_to_the_cookie_box_and_place_it_on_the_plate,demo_10,25,eye_in_hand,wooden_cabinet_1,is_right_of,plate_1
pick_up_the_black_bowl_next_to_the_cookie_box_and_place_it_on_the_plate,demo_10,25,eye_in_hand,cookies_1,is_left_of,akita_black_bowl_1
pick_up_the_black_bowl_next_to_the_cookie_box_and_place_it_on_the_plate,demo_10,25,eye_in_hand,akita_black_bowl_1,is_right_of,cookies_1
pick_up_the_black_bowl_next_to_the_cookie_box_and_place_it_on_the_plate,demo_10,25,eye_in_hand,cookies_1,is_in_front_of,flat_stove_1
pick_up_the_black_bowl_next_to_the_cookie_box_and_place_it_on_the_plate,demo_10,25,eye_in_hand,flat_stove_1,is_behind,cookies_1
pick_up_the_black_bowl_next_to_the_cookie_box_and_place_it_on_the_plate,demo_10,25,eye_in_hand,cookies_1,is_left_of,wooden_cabinet_1
pick_up_the_black_bowl_next_to_the_cookie_box_and_place_it_on_the_plate,demo_10,25,eye_in_hand,wooden_cabinet_1,is_right_of,cookies_1
pick_up_the_black_bowl_next_to_the_cookie_box_and_place_it_on_the_plate,demo_10,25,eye_in_hand,akita_black_bowl_1,is_in_front_of,flat_stove_1
pick_up_the_black_bowl_next_to_the_cookie_box_and_place_it_on_the_plate,demo_10,25,eye_in_hand,flat_stove_1,is_behind,akita_black_bowl_1
pick_up_the_black_bowl_next_to_the_cookie_box_and_place_it_on_the_plate,demo_10,25,eye_in_hand,akita_black_bowl_1,is_left_of,wooden_cabinet_1
pick_up_the_black_bowl_next_to_the_cookie_box_and_place_it_on_the_plate,demo_10,25,eye_in_hand,wooden_cabinet_1,is_right_of,akita_black_bowl_1
pick_up_the_black_bowl_next_to_the_cookie_box_and_place_it_on_the_plate,demo_10,25,eye_in_hand,flat_stove_1,is_left_of,wooden_cabinet_1
pick_up_the_black_bowl_next_to_the_cookie_box_and_place_it_on_the_plate,demo_10,25,eye_in_hand,wooden_cabinet_1,is_right_of,flat_stove_1
pick_up_the_black_bowl_next_to_the_cookie_box_and_place_it_on_the_plate,demo_10,30,eye_in_hand,cookies_1,is_on_top_of,wooden_cabinet_1
pick_up_the_black_bowl_next_to_the_cookie_box_and_place_it_on_the_plate,demo_10,30,eye_in_hand,wooden_cabinet_1,is_below_of,cookies_1
pick_up_the_black_bowl_next_to_the_cookie_box_and_place_it_on_the_plate,demo_10,30,eye_in_hand,akita_black_bowl_1,is_on_top_of,wooden_cabinet_1
pick_up_the_black_bowl_next_to_the_cookie_box_and_place_it_on_the_plate,demo_10,30,eye_in_hand,wooden_cabinet_1,is_below_of,akita_black_bowl_1
pick_up_the_black_bowl_next_to_the_cookie_box_and_place_it_on_the_plate,demo_10,30,eye_in_hand,cookies_1,is_left_of,akita_black_bowl_1
pick_up_the_black_bowl_next_to_the_cookie_box_and_place_it_on_the_plate,demo_10,30,eye_in_hand,akita_black_bowl_1,is_right_of,cookies_1
pick_up_the_black_bowl_next_to_the_cookie_box_and_place_it_on_the_plate,demo_10,35,eye_in_hand,akita_black_bowl_1,is_right_of,cookies_1
pick_up_the_black_bowl_next_to_the_cookie_box_and_place_it_on_the_plate,demo_10,35,eye_in_hand,akita_black_bowl_1,is_on_top_of,wooden_cabinet_1
pick_up_the_black_bowl_next_to_the_cookie_box_and_place_it_on_the_plate,demo_10,35,eye_in_hand,cookies_1,is_left_of,akita_black_bowl_1
pick_up_the_black_bowl_next_to_the_cookie_box_and_place_it_on_the_plate,demo_10,35,eye_in_hand,cookies_1,is_on_top_of,wooden_cabinet_1
pick_up_the_black_bowl_next_to_the_cookie_box_and_place_it_on_the_plate,demo_10,35,eye_in_hand,wooden_cabinet_1,is_below_of,akita_black_bowl_1
pick_up_the_black_bowl_next_to_the_cookie_box_and_place_it_on_the_plate,demo_10,35,eye_in_hand,wooden_cabinet_1,is_below_of,cookies_1
pick_up_the_black_bowl_next_to_the_cookie_box_and_place_it_on_the_plate,demo_10,40,eye_in_hand,akita_black_bowl_1,is_on_top_of,wooden_cabinet_1
pick_up_the_black_bowl_next_to_the_cookie_box_and_place_it_on_the_plate,demo_10,40,eye_in_hand,wooden_cabinet_1,is_below_of,akita_black_bowl_1
pick_up_the_black_bowl_next_to_the_cookie_box_and_place_it_on_the_plate,demo_10,45,eye_in_hand,akita_black_bowl_1,is_on_top_of,wooden_cabinet_1
pick_up_the_black_bowl_next_to_the_cookie_box_and_place_it_on_the_plate,demo_10,45,eye_in_hand,wooden_cabinet_1,is_below_of,akita_black_bowl_1
pick_up_the_black_bowl_next_to_the_cookie_box_and_place_it_on_the_plate,demo_10,50,eye_in_hand,akita_black_bowl_1,is_right_of,cookies_1
pick_up_the_black_bowl_next_to_the_cookie_box_and_place_it_on_the_plate,demo_10,50,eye_in_hand,akita_black_bowl_1,is_on_top_of,wooden_cabinet_1
pick_up_the_black_bowl_next_to_the_cookie_box_and_place_it_on_the_plate,demo_10,50,eye_in_hand,cookies_1,is_left_of,akita_black_bowl_1
pick_up_the_black_bowl_next_to_the_cookie_box_and_place_it_on_the_plate,demo_10,50,eye_in_hand,cookies_1,is_on_top_of,wooden_cabinet_1
pick_up_the_black_bowl_next_to_the_cookie_box_and_place_it_on_the_plate,demo_10,50,eye_in_hand,wooden_cabinet_1,is_below_of,akita_black_bowl_1
pick_up_the_black_bowl_next_to_the_cookie_box_and_place_it_on_the_plate,demo_10,50,eye_in_hand,wooden_cabinet_1,is_below_of,cookies_1
pick_up_the_black_bowl_next_to_the_cookie_box_and_place_it_on_the_plate,demo_10,55,eye_in_hand,akita_black_bowl_1,is_right_of,cookies_1
pick_up_the_black_bowl_next_to_the_cookie_box_and_place_it_on_the_plate,demo_10,55,eye_in_hand,akita_black_bowl_1,is_on_top_of,wooden_cabinet_1
pick_up_the_black_bowl_next_to_the_cookie_box_and_place_it_on_the_plate,demo_10,55,eye_in_hand,cookies_1,is_left_of,akita_black_bowl_1
pick_up_the_black_bowl_next_to_the_cookie_box_and_place_it_on_the_plate,demo_10,55,eye_in_hand,cookies_1,is_on_top_of,wooden_cabinet_1
pick_up_the_black_bowl_next_to_the_cookie_box_and_place_it_on_the_plate,demo_10,55,eye_in_hand,wooden_cabinet_1,is_below_of,akita_black_bowl_1
pick_up_the_black_bowl_next_to_the_cookie_box_and_place_it_on_the_plate,demo_10,55,eye_in_hand,wooden_cabinet_1,is_below_of,cookies_1
pick_up_the_black_bowl_next_to_the_cookie_box_and_place_it_on_the_plate,demo_10,60,eye_in_hand,akita_black_bowl_1,is_right_of,cookies_1
pick_up_the_black_bowl_next_to_the_cookie_box_and_place_it_on_the_plate,demo_10,60,eye_in_hand,akita_black_bowl_1,is_on_top_of,wooden_cabinet_1
pick_up_the_black_bowl_next_to_the_cookie_box_and_place_it_on_the_plate,demo_10,60,eye_in_hand,cookies_1,is_left_of,akita_black_bowl_1
pick_up_the_black_bowl_next_to_the_cookie_box_and_place_it_on_the_plate,demo_10,60,eye_in_hand,cookies_1,is_on_top_of,wooden_cabinet_1
pick_up_the_black_bowl_next_to_the_cookie_box_and_place_it_on_the_plate,demo_10,60,eye_in_hand,wooden_cabinet_1,is_below_of,akita_black_bowl_1
pick_up_the_black_bowl_next_to_the_cookie_box_and_place_it_on_the_plate,demo_10,60,eye_in_hand,wooden_cabinet_1,is_below_of,cookies_1
pick_up_the_black_bowl_next_to_the_cookie_box_and_place_it_on_the_plate,demo_10,65,eye_in_hand,akita_black_bowl_1,is_on_top_of,wooden_cabinet_1
pick_up_the_black_bowl_next_to_the_cookie_box_and_place_it_on_the_plate,demo_10,65,eye_in_hand,wooden_cabinet_1,is_below_of,akita_black_bowl_1
pick_up_the_black_bowl_next_to_the_cookie_box_and_place_it_on_the_plate,demo_10,70,eye_in_hand,akita_black_bowl_1,is_right_of,wooden_cabinet_1
pick_up_the_black_bowl_next_to_the_cookie_box_and_place_it_on_the_plate,demo_10,70,eye_in_hand,wooden_cabinet_1,is_left_of,akita_black_bowl_1
pick_up_the_black_bowl_next_to_the_cookie_box_and_place_it_on_the_plate,demo_10,75,eye_in_hand,akita_black_bowl_1,is_right_of,cookies_1
pick_up_the_black_bowl_next_to_the_cookie_box_and_place_it_on_the_plate,demo_10,75,eye_in_hand,akita_black_bowl_1,is_on_top_of,wooden_cabinet_1
pick_up_the_black_bowl_next_to_the_cookie_box_and_place_it_on_the_plate,demo_10,75,eye_in_hand,cookies_1,is_left_of,akita_black_bowl_1
pick_up_the_black_bowl_next_to_the_cookie_box_and_place_it_on_the_plate,demo_10,75,eye_in_hand,cookies_1,is_on_top_of,wooden_cabinet_1
pick_up_the_black_bowl_next_to_the_cookie_box_and_place_it_on_the_plate,demo_10,75,eye_in_hand,wooden_cabinet_1,is_below_of,akita_black_bowl_1
pick_up_the_black_bowl_next_to_the_cookie_box_and_place_it_on_the_plate,demo_10,75,eye_in_hand,wooden_cabinet_1,is_below_of,cookies_1
pick_up_the_black_bowl_next_to_the_cookie_box_and_place_it_on_the_plate,demo_10,80,eye_in_hand,akita_black_bowl_1,is_right_of,cookies_1
pick_up_the_black_bowl_next_to_the_cookie_box_and_place_it_on_the_plate,demo_10,80,eye_in_hand,akita_black_bowl_1,is_right_of,plate_1
pick_up_the_black_bowl_next_to_the_cookie_box_and_place_it_on_the_plate,demo_10,80,eye_in_hand,akita_black_bowl_1,is_on_top_of,wooden_cabinet_1
pick_up_the_black_bowl_next_to_the_cookie_box_and_place_it_on_the_plate,demo_10,80,eye_in_hand,cookies_1,is_left_of,akita_black_bowl_1
pick_up_the_black_bowl_next_to_the_cookie_box_and_place_it_on_the_plate,demo_10,80,eye_in_hand,cookies_1,is_right_of,plate_1
pick_up_the_black_bowl_next_to_the_cookie_box_and_place_it_on_the_plate,demo_10,80,eye_in_hand,cookies_1,is_on_top_of,wooden_cabinet_1
pick_up_the_black_bowl_next_to_the_cookie_box_and_place_it_on_the_plate,demo_10,80,eye_in_hand,plate_1,is_left_of,akita_black_bowl_1
pick_up_the_black_bowl_next_to_the_cookie_box_and_place_it_on_the_plate,demo_10,80,eye_in_hand,plate_1,is_left_of,cookies_1
pick_up_the_black_bowl_next_to_the_cookie_box_and_place_it_on_the_plate,demo_10,80,eye_in_hand,plate_1,is_on_top_of,wooden_cabinet_1
pick_up_the_black_bowl_next_to_the_cookie_box_and_place_it_on_the_plate,demo_10,80,eye_in_hand,wooden_cabinet_1,is_below_of,akita_black_bowl_1
pick_up_the_black_bowl_next_to_the_cookie_box_and_place_it_on_the_plate,demo_10,80,eye_in_hand,wooden_cabinet_1,is_below_of,cookies_1
pick_up_the_black_bowl_next_to_the_cookie_box_and_place_it_on_the_plate,demo_10,80,eye_in_hand,wooden_cabinet_1,is_below_of,plate_1
pick_up_the_black_bowl_next_to_the_cookie_box_and_place_it_on_the_plate,demo_10,85,eye_in_hand,akita_black_bowl_1,is_right_of,cookies_1
pick_up_the_black_bowl_next_to_the_cookie_box_and_place_it_on_the_plate,demo_10,85,eye_in_hand,akita_black_bowl_1,is_right_of,plate_1
pick_up_the_black_bowl_next_to_the_cookie_box_and_place_it_on_the_plate,demo_10,85,eye_in_hand,akita_black_bowl_1,is_on_top_of,wooden_cabinet_1
pick_up_the_black_bowl_next_to_the_cookie_box_and_place_it_on_the_plate,demo_10,85,eye_in_hand,cookies_1,is_left_of,akita_black_bowl_1
pick_up_the_black_bowl_next_to_the_cookie_box_and_place_it_on_the_plate,demo_10,85,eye_in_hand,cookies_1,is_right_of,plate_1
pick_up_the_black_bowl_next_to_the_cookie_box_and_place_it_on_the_plate,demo_10,85,eye_in_hand,cookies_1,is_on_top_of,wooden_cabinet_1
pick_up_the_black_bowl_next_to_the_cookie_box_and_place_it_on_the_plate,demo_10,85,eye_in_hand,plate_1,is_left_of,akita_black_bowl_1
pick_up_the_black_bowl_next_to_the_cookie_box_and_place_it_on_the_plate,demo_10,85,eye_in_hand,plate_1,is_left_of,cookies_1
pick_up_the_black_bowl_next_to_the_cookie_box_and_place_it_on_the_plate,demo_10,85,eye_in_hand,plate_1,is_on_top_of,wooden_cabinet_1
pick_up_the_black_bowl_next_to_the_cookie_box_and_place_it_on_the_plate,demo_10,85,eye_in_hand,wooden_cabinet_1,is_below_of,akita_black_bowl_1
pick_up_the_black_bowl_next_to_the_cookie_box_and_place_it_on_the_plate,demo_10,85,eye_in_hand,wooden_cabinet_1,is_below_of,cookies_1
pick_up_the_black_bowl_next_to_the_cookie_box_and_place_it_on_the_plate,demo_10,85,eye_in_hand,wooden_cabinet_1,is_below_of,plate_1
pick_up_the_black_bowl_next_to_the_cookie_box_and_place_it_on_the_plate,demo_10,90,eye_in_hand,plate_1,is_left_of,akita_black_bowl_1
pick_up_the_black_bowl_next_to_the_cookie_box_and_place_it_on_the_plate,demo_10,90,eye_in_hand,akita_black_bowl_1,is_right_of,plate_1
pick_up_the_black_bowl_next_to_the_cookie_box_and_place_it_on_the_plate,demo_10,90,eye_in_hand,plate_1,is_on_top_of,wooden_cabinet_1
pick_up_the_black_bowl_next_to_the_cookie_box_and_place_it_on_the_plate,demo_10,90,eye_in_hand,wooden_cabinet_1,is_below_of,plate_1
pick_up_the_black_bowl_next_to_the_cookie_box_and_place_it_on_the_plate,demo_10,90,eye_in_hand,akita_black_bowl_1,is_in_front_of,wooden_cabinet_1
pick_up_the_black_bowl_next_to_the_cookie_box_and_place_it_on_the_plate,demo_10,90,eye_in_hand,wooden_cabinet_1,is_behind,akita_black_bowl_1
pick_up_the_black_bowl_next_to_the_cookie_box_and_place_it_on_the_plate,demo_10,95,eye_in_hand,akita_black_bowl_1,is_right_of,plate_1
pick_up_the_black_bowl_next_to_the_cookie_box_and_place_it_on_the_plate,demo_10,95,eye_in_hand,akita_black_bowl_1,is_on_top_of,wooden_cabinet_1
pick_up_the_black_bowl_next_to_the_cookie_box_and_place_it_on_the_plate,demo_10,95,eye_in_hand,plate_1,is_left_of,akita_black_bowl_1
pick_up_the_black_bowl_next_to_the_cookie_box_and_place_it_on_the_plate,demo_10,95,eye_in_hand,plate_1,is_on_top_of,wooden_cabinet_1
pick_up_the_black_bowl_next_to_the_cookie_box_and_place_it_on_the_plate,demo_10,95,eye_in_hand,wooden_cabinet_1,is_below_of,akita_black_bowl_1
pick_up_the_black_bowl_next_to_the_cookie_box_and_place_it_on_the_plate,demo_10,95,eye_in_hand,wooden_cabinet_1,is_below_of,plate_1
pick_up_the_black_bowl_next_to_the_cookie_box_and_place_it_on_the_plate,demo_10,100,eye_in_hand,akita_black_bowl_1,is_right_of,plate_1
pick_up_the_black_bowl_next_to_the_cookie_box_and_place_it_on_the_plate,demo_10,100,eye_in_hand,akita_black_bowl_1,is_on_top_of,wooden_cabinet_1
pick_up_the_black_bowl_next_to_the_cookie_box_and_place_it_on_the_plate,demo_10,100,eye_in_hand,plate_1,is_left_of,akita_black_bowl_1
pick_up_the_black_bowl_next_to_the_cookie_box_and_place_it_on_the_plate,demo_10,100,eye_in_hand,plate_1,is_on_top_of,wooden_cabinet_1
pick_up_the_black_bowl_next_to_the_cookie_box_and_place_it_on_the_plate,demo_10,100,eye_in_hand,wooden_cabinet_1,is_below_of,akita_black_bowl_1
pick_up_the_black_bowl_next_to_the_cookie_box_and_place_it_on_the_plate,demo_10,100,eye_in_hand,wooden_cabinet_1,is_below_of,plate_1
pick_up_the_black_bowl_next_to_the_cookie_box_and_place_it_on_the_plate,demo_10,105,eye_in_hand,akita_black_bowl_1,is_right_of,plate_1
pick_up_the_black_bowl_next_to_the_cookie_box_and_place_it_on_the_plate,demo_10,105,eye_in_hand,akita_black_bowl_1,is_on_top_of,wooden_cabinet_1
pick_up_the_black_bowl_next_to_the_cookie_box_and_place_it_on_the_plate,demo_10,105,eye_in_hand,plate_1,is_left_of,akita_black_bowl_1
pick_up_the_black_bowl_next_to_the_cookie_box_and_place_it_on_the_plate,demo_10,105,eye_in_hand,plate_1,is_on_top_of,wooden_cabinet_1
pick_up_the_black_bowl_next_to_the_cookie_box_and_place_it_on_the_plate,demo_10,105,eye_in_hand,wooden_cabinet_1,is_below_of,akita_black_bowl_1
pick_up_the_black_bowl_next_to_the_cookie_box_and_place_it_on_the_plate,demo_10,105,eye_in_hand,wooden_cabinet_1,is_below_of,plate_1
pick_up_the_black_bowl_next_to_the_cookie_box_and_place_it_on_the_plate,demo_10,110,eye_in_hand,akita_black_bowl_1,is_on_top_of,plate_1
pick_up_the_black_bowl_next_to_the_cookie_box_and_place_it_on_the_plate,demo_10,110,eye_in_hand,plate_1,is_below_of,akita_black_bowl_1
pick_up_the_black_bowl_next_to_the_cookie_box_and_place_it_on_the_plate,demo_10,110,eye_in_hand,akita_black_bowl_1,is_on_top_of,wooden_cabinet_1
pick_up_the_black_bowl_next_to_the_cookie_box_and_place_it_on_the_plate,demo_10,110,eye_in_hand,wooden_cabinet_1,is_below_of,akita_black_bowl_1
pick_up_the_black_bowl_next_to_the_cookie_box_and_place_it_on_the_plate,demo_10,110,eye_in_hand,plate_1,is_on_top_of,wooden_cabinet_1
pick_up_the_black_bowl_next_to_the_cookie_box_and_place_it_on_the_plate,demo_10,110,eye_in_hand,wooden_cabinet_1,is_below_of,plate_1
pick_up_the_black_bowl_next_to_the_cookie_box_and_place_it_on_the_plate,demo_10,115,eye_in_hand,akita_black_bowl_1,is_right_of,plate_1
pick_up_the_black_bowl_next_to_the_cookie_box_and_place_it_on_the_plate,demo_10,115,eye_in_hand,akita_black_bowl_1,is_on_top_of,wooden_cabinet_1
pick_up_the_black_bowl_next_to_the_cookie_box_and_place_it_on_the_plate,demo_10,115,eye_in_hand,plate_1,is_left_of,akita_black_bowl_1
pick_up_the_black_bowl_next_to_the_cookie_box_and_place_it_on_the_plate,demo_10,115,eye_in_hand,plate_1,is_on_top_of,wooden_cabinet_1
pick_up_the_black_bowl_next_to_the_cookie_box_and_place_it_on_the_plate,demo_10,115,eye_in_hand,wooden_cabinet_1,is_below_of,akita_black_bowl_1
pick_up_the_black_bowl_next_to_the_cookie_box_and_place_it_on_the_plate,demo_10,115,eye_in_hand,wooden_cabinet_1,is_below_of,plate_1
pick_up_the_black_bowl_next_to_the_cookie_box_and_place_it_on_the_plate,demo_10,120,eye_in_hand,akita_black_bowl_1,is_on_top_of,plate_1
pick_up_the_black_bowl_next_to_the_cookie_box_and_place_it_on_the_plate,demo_10,120,eye_in_hand,akita_black_bowl_1,is_on_top_of,wooden_cabinet_1
pick_up_the_black_bowl_next_to_the_cookie_box_and_place_it_on_the_plate,demo_10,120,eye_in_hand,plate_1,is_below_of,akita_black_bowl_1
pick_up_the_black_bowl_next_to_the_cookie_box_and_place_it_on_the_plate,demo_10,120,eye_in_hand,plate_1,is_on_top_of,wooden_cabinet_1
pick_up_the_black_bowl_next_to_the_cookie_box_and_place_it_on_the_plate,demo_10,120,eye_in_hand,wooden_cabinet_1,is_below_of,akita_black_bowl_1
pick_up_the_black_bowl_next_to_the_cookie_box_and_place_it_on_the_plate,demo_10,120,eye_in_hand,wooden_cabinet_1,is_below_of,plate_1
pick_up_the_black_bowl_next_to_the_cookie_box_and_place_it_on_the_plate,demo_10,125,eye_in_hand,akita_black_bowl_1,is_right_of,plate_1
pick_up_the_black_bowl_next_to_the_cookie_box_and_place_it_on_the_plate,demo_10,125,eye_in_hand,plate_1,is_left_of,akita_black_bowl_1
pick_up_the_black_bowl_next_to_the_cookie_box_and_place_it_on_the_plate,demo_10,125,eye_in_hand,akita_black_bowl_1,is_on_top_of,wooden_cabinet_1
pick_up_the_black_bowl_next_to_the_cookie_box_and_place_it_on_the_plate,demo_10,125,eye_in_hand,wooden_cabinet_1,is_below_of,akita_black_bowl_1
pick_up_the_black_bowl_next_to_the_cookie_box_and_place_it_on_the_plate,demo_10,125,eye_in_hand,plate_1,is_on_top_of,wooden_cabinet_1
pick_up_the_black_bowl_next_to_the_cookie_box_and_place_it_on_the_plate,demo_10,125,eye_in_hand,wooden_cabinet_1,is_below_of,plate_1
pick_up_the_black_bowl_next_to_the_cookie_box_and_place_it_on_the_plate,demo_11,0,eye_in_hand,akita_black_bowl_2,is_on_top_of,flat_stove_1
pick_up_the_black_bowl_next_to_the_cookie_box_and_place_it_on_the_plate,demo_11,0,eye_in_hand,flat_stove_1,is_below_of,akita_black_bowl_2
pick_up_the_black_bowl_next_to_the_cookie_box_and_place_it_on_the_plate,demo_11,0,eye_in_hand,glazed_rim_porcelain_ramekin_1,is_left_of,flat_stove_1
pick_up_the_black_bowl_next_to_the_cookie_box_and_place_it_on_the_plate,demo_11,0,eye_in_hand,flat_stove_1,is_right_of,glazed_rim_porcelain_ramekin_1
pick_up_the_black_bowl_next_to_the_cookie_box_and_place_it_on_the_plate,demo_11,0,eye_in_hand,glazed_rim_porcelain_ramekin_1,is_left_of,akita_black_bowl_2
pick_up_the_black_bowl_next_to_the_cookie_box_and_place_it_on_the_plate,demo_11,0,eye_in_hand,akita_black_bowl_2,is_right_of,glazed_rim_porcelain_ramekin_1
pick_up_the_black_bowl_next_to_the_cookie_box_and_place_it_on_the_plate,demo_11,0,eye_in_hand,glazed_rim_porcelain_ramekin_1,is_behind,plate_1
pick_up_the_black_bowl_next_to_the_cookie_box_and_place_it_on_the_plate,demo_11,0,eye_in_hand,plate_1,is_in_front_of,glazed_rim_porcelain_ramekin_1
pick_up_the_black_bowl_next_to_the_cookie_box_and_place_it_on_the_plate,demo_11,0,eye_in_hand,glazed_rim_porcelain_ramekin_1,is_behind,cookies_1
pick_up_the_black_bowl_next_to_the_cookie_box_and_place_it_on_the_plate,demo_11,0,eye_in_hand,cookies_1,is_in_front_of,glazed_rim_porcelain_ramekin_1
pick_up_the_black_bowl_next_to_the_cookie_box_and_place_it_on_the_plate,demo_11,0,eye_in_hand,glazed_rim_porcelain_ramekin_1,is_left_of,wooden_cabinet_1
pick_up_the_black_bowl_next_to_the_cookie_box_and_place_it_on_the_plate,demo_11,0,eye_in_hand,wooden_cabinet_1,is_right_of,glazed_rim_porcelain_ramekin_1
pick_up_the_black_bowl_next_to_the_cookie_box_and_place_it_on_the_plate,demo_11,0,eye_in_hand,flat_stove_1,is_right_of,plate_1
pick_up_the_black_bowl_next_to_the_cookie_box_and_place_it_on_the_plate,demo_11,0,eye_in_hand,plate_1,is_left_of,flat_stove_1
pick_up_the_black_bowl_next_to_the_cookie_box_and_place_it_on_the_plate,demo_11,0,eye_in_hand,flat_stove_1,is_behind,cookies_1
pick_up_the_black_bowl_next_to_the_cookie_box_and_place_it_on_the_plate,demo_11,0,eye_in_hand,cookies_1,is_in_front_of,flat_stove_1
pick_up_the_black_bowl_next_to_the_cookie_box_and_place_it_on_the_plate,demo_11,0,eye_in_hand,flat_stove_1,is_behind,wooden_cabinet_1
pick_up_the_black_bowl_next_to_the_cookie_box_and_place_it_on_the_plate,demo_11,0,eye_in_hand,wooden_cabinet_1,is_in_front_of,flat_stove_1
pick_up_the_black_bowl_next_to_the_cookie_box_and_place_it_on_the_plate,demo_11,0,eye_in_hand,akita_black_bowl_2,is_right_of,plate_1
pick_up_the_black_bowl_next_to_the_cookie_box_and_place_it_on_the_plate,demo_11,0,eye_in_hand,plate_1,is_left_of,akita_black_bowl_2
pick_up_the_black_bowl_next_to_the_cookie_box_and_place_it_on_the_plate,demo_11,0,eye_in_hand,akita_black_bowl_2,is_behind,cookies_1
pick_up_the_black_bowl_next_to_the_cookie_box_and_place_it_on_the_plate,demo_11,0,eye_in_hand,cookies_1,is_in_front_of,akita_black_bowl_2
pick_up_the_black_bowl_next_to_the_cookie_box_and_place_it_on_the_plate,demo_11,0,eye_in_hand,akita_black_bowl_2,is_behind,wooden_cabinet_1
pick_up_the_black_bowl_next_to_the_cookie_box_and_place_it_on_the_plate,demo_11,0,eye_in_hand,wooden_cabinet_1,is_in_front_of,akita_black_bowl_2
pick_up_the_black_bowl_next_to_the_cookie_box_and_place_it_on_the_plate,demo_11,0,eye_in_hand,plate_1,is_left_of,cookies_1
pick_up_the_black_bowl_next_to_the_cookie_box_and_place_it_on_the_plate,demo_11,0,eye_in_hand,cookies_1,is_right_of,plate_1
pick_up_the_black_bowl_next_to_the_cookie_box_and_place_it_on_the_plate,demo_11,0,eye_in_hand,plate_1,is_left_of,wooden_cabinet_1
pick_up_the_black_bowl_next_to_the_cookie_box_and_place_it_on_the_plate,demo_11,0,eye_in_hand,wooden_cabinet_1,is_right_of,plate_1
pick_up_the_black_bowl_next_to_the_cookie_box_and_place_it_on_the_plate,demo_11,0,eye_in_hand,cookies_1,is_left_of,wooden_cabinet_1
pick_up_the_black_bowl_next_to_the_cookie_box_and_place_it_on_the_plate,demo_11,0,eye_in_hand,wooden_cabinet_1,is_right_of,cookies_1
pick_up_the_black_bowl_next_to_the_cookie_box_and_place_it_on_the_plate,demo_11,5,eye_in_hand,akita_black_bowl_1,is_in_front_of,akita_black_bowl_2
pick_up_the_black_bowl_next_to_the_cookie_box_and_place_it_on_the_plate,demo_11,5,eye_in_hand,akita_black_bowl_2,is_behind,akita_black_bowl_1
pick_up_the_black_bowl_next_to_the_cookie_box_and_place_it_on_the_plate,demo_11,5,eye_in_hand,akita_black_bowl_1,is_right_of,cookies_1
pick_up_the_black_bowl_next_to_the_cookie_box_and_place_it_on_the_plate,demo_11,5,eye_in_hand,cookies_1,is_left_of,akita_black_bowl_1
pick_up_the_black_bowl_next_to_the_cookie_box_and_place_it_on_the_plate,demo_11,5,eye_in_hand,akita_black_bowl_1,is_in_front_of,glazed_rim_porcelain_ramekin_1
pick_up_the_black_bowl_next_to_the_cookie_box_and_place_it_on_the_plate,demo_11,5,eye_in_hand,glazed_rim_porcelain_ramekin_1,is_behind,akita_black_bowl_1
pick_up_the_black_bowl_next_to_the_cookie_box_and_place_it_on_the_plate,demo_11,5,eye_in_hand,akita_black_bowl_1,is_right_of,plate_1
pick_up_the_black_bowl_next_to_the_cookie_box_and_place_it_on_the_plate,demo_11,5,eye_in_hand,plate_1,is_left_of,akita_black_bowl_1
pick_up_the_black_bowl_next_to_the_cookie_box_and_place_it_on_the_plate,demo_11,5,eye_in_hand,akita_black_bowl_1,is_left_of,wooden_cabinet_1
pick_up_the_black_bowl_next_to_the_cookie_box_and_place_it_on_the_plate,demo_11,5,eye_in_hand,wooden_cabinet_1,is_right_of,akita_black_bowl_1
pick_up_the_black_bowl_next_to_the_cookie_box_and_place_it_on_the_plate,demo_11,5,eye_in_hand,akita_black_bowl_1,is_in_front_of,flat_stove_1
pick_up_the_black_bowl_next_to_the_cookie_box_and_place_it_on_the_plate,demo_11,5,eye_in_hand,flat_stove_1,is_behind,akita_black_bowl_1
pick_up_the_black_bowl_next_to_the_cookie_box_and_place_it_on_the_plate,demo_11,5,eye_in_hand,akita_black_bowl_2,is_behind,cookies_1
pick_up_the_black_bowl_next_to_the_cookie_box_and_place_it_on_the_plate,demo_11,5,eye_in_hand,cookies_1,is_in_front_of,akita_black_bowl_2
pick_up_the_black_bowl_next_to_the_cookie_box_and_place_it_on_the_plate,demo_11,5,eye_in_hand,akita_black_bowl_2,is_right_of,glazed_rim_porcelain_ramekin_1
pick_up_the_black_bowl_next_to_the_cookie_box_and_place_it_on_the_plate,demo_11,5,eye_in_hand,glazed_rim_porcelain_ramekin_1,is_left_of,akita_black_bowl_2
pick_up_the_black_bowl_next_to_the_cookie_box_and_place_it_on_the_plate,demo_11,5,eye_in_hand,akita_black_bowl_2,is_behind,plate_1
pick_up_the_black_bowl_next_to_the_cookie_box_and_place_it_on_the_plate,demo_11,5,eye_in_hand,plate_1,is_in_front_of,akita_black_bowl_2
pick_up_the_black_bowl_next_to_the_cookie_box_and_place_it_on_the_plate,demo_11,5,eye_in_hand,akita_black_bowl_2,is_behind,wooden_cabinet_1
pick_up_the_black_bowl_next_to_the_cookie_box_and_place_it_on_the_plate,demo_11,5,eye_in_hand,wooden_cabinet_1,is_in_front_of,akita_black_bowl_2
pick_up_the_black_bowl_next_to_the_cookie_box_and_place_it_on_the_plate,demo_11,5,eye_in_hand,akita_black_bowl_2,is_on_top_of,flat_stove_1
pick_up_the_black_bowl_next_to_the_cookie_box_and_place_it_on_the_plate,demo_11,5,eye_in_hand,flat_stove_1,is_below_of,akita_black_bowl_2
pick_up_the_black_bowl_next_to_the_cookie_box_and_place_it_on_the_plate,demo_11,5,eye_in_hand,cookies_1,is_in_front_of,glazed_rim_porcelain_ramekin_1
pick_up_the_black_bowl_next_to_the_cookie_box_and_place_it_on_the_plate,demo_11,5,eye_in_hand,glazed_rim_porcelain_ramekin_1,is_behind,cookies_1
pick_up_the_black_bowl_next_to_the_cookie_box_and_place_it_on_the_plate,demo_11,5,eye_in_hand,cookies_1,is_right_of,plate_1
pick_up_the_black_bowl_next_to_the_cookie_box_and_place_it_on_the_plate,demo_11,5,eye_in_hand,plate_1,is_left_of,cookies_1
pick_up_the_black_bowl_next_to_the_cookie_box_and_place_it_on_the_plate,demo_11,5,eye_in_hand,cookies_1,is_left_of,wooden_cabinet_1
pick_up_the_black_bowl_next_to_the_cookie_box_and_place_it_on_the_plate,demo_11,5,eye_in_hand,wooden_cabinet_1,is_right_of,cookies_1
pick_up_the_black_bowl_next_to_the_cookie_box_and_place_it_on_the_plate,demo_11,5,eye_in_hand,cookies_1,is_in_front_of,flat_stove_1
pick_up_the_black_bowl_next_to_the_cookie_box_and_place_it_on_the_plate,demo_11,5,eye_in_hand,flat_stove_1,is_behind,cookies_1
pick_up_the_black_bowl_next_to_the_cookie_box_and_place_it_on_the_plate,demo_11,5,eye_in_hand,glazed_rim_porcelain_ramekin_1,is_behind,plate_1
pick_up_the_black_bowl_next_to_the_cookie_box_and_place_it_on_the_plate,demo_11,5,eye_in_hand,plate_1,is_in_front_of,glazed_rim_porcelain_ramekin_1
pick_up_the_black_bowl_next_to_the_cookie_box_and_place_it_on_the_plate,demo_11,5,eye_in_hand,glazed_rim_porcelain_ramekin_1,is_behind,wooden_cabinet_1
pick_up_the_black_bowl_next_to_the_cookie_box_and_place_it_on_the_plate,demo_11,5,eye_in_hand,wooden_cabinet_1,is_in_front_of,glazed_rim_porcelain_ramekin_1
pick_up_the_black_bowl_next_to_the_cookie_box_and_place_it_on_the_plate,demo_11,5,eye_in_hand,glazed_rim_porcelain_ramekin_1,is_left_of,flat_stove_1
pick_up_the_black_bowl_next_to_the_cookie_box_and_place_it_on_the_plate,demo_11,5,eye_in_hand,flat_stove_1,is_right_of,glazed_rim_porcelain_ramekin_1
pick_up_the_black_bowl_next_to_the_cookie_box_and_place_it_on_the_plate,demo_11,5,eye_in_hand,plate_1,is_left_of,wooden_cabinet_1
pick_up_the_black_bowl_next_to_the_cookie_box_and_place_it_on_the_plate,demo_11,5,eye_in_hand,wooden_cabinet_1,is_right_of,plate_1
pick_up_the_black_bowl_next_to_the_cookie_box_and_place_it_on_the_plate,demo_11,5,eye_in_hand,plate_1,is_in_front_of,flat_stove_1
pick_up_the_black_bowl_next_to_the_cookie_box_and_place_it_on_the_plate,demo_11,5,eye_in_hand,flat_stove_1,is_behind,plate_1
pick_up_the_black_bowl_next_to_the_cookie_box_and_place_it_on_the_plate,demo_11,5,eye_in_hand,wooden_cabinet_1,is_in_front_of,flat_stove_1
pick_up_the_black_bowl_next_to_the_cookie_box_and_place_it_on_the_plate,demo_11,5,eye_in_hand,flat_stove_1,is_behind,wooden_cabinet_1
pick_up_the_black_bowl_next_to_the_cookie_box_and_place_it_on_the_plate,demo_11,10,eye_in_hand,akita_black_bowl_1,is_left_of,flat_stove_1
pick_up_the_black_bowl_next_to_the_cookie_box_and_place_it_on_the_plate,demo_11,10,eye_in_hand,flat_stove_1,is_right_of,akita_black_bowl_1
pick_up_the_black_bowl_next_to_the_cookie_box_and_place_it_on_the_plate,demo_11,10,eye_in_hand,akita_black_bowl_1,is_behind,plate_1
pick_up_the_black_bowl_next_to_the_cookie_box_and_place_it_on_the_plate,demo_11,10,eye_in_hand,plate_1,is_in_front_of,akita_black_bowl_1
pick_up_the_black_bowl_next_to_the_cookie_box_and_place_it_on_the_plate,demo_11,10,eye_in_hand,akita_black_bowl_1,is_behind,cookies_1
pick_up_the_black_bowl_next_to_the_cookie_box_and_place_it_on_the_plate,demo_11,10,eye_in_hand,cookies_1,is_in_front_of,akita_black_bowl_1
pick_up_the_black_bowl_next_to_the_cookie_box_and_place_it_on_the_plate,demo_11,10,eye_in_hand,akita_black_bowl_1,is_behind,akita_black_bowl_2
pick_up_the_black_bowl_next_to_the_cookie_box_and_place_it_on_the_plate,demo_11,10,eye_in_hand,akita_black_bowl_2,is_in_front_of,akita_black_bowl_1
pick_up_the_black_bowl_next_to_the_cookie_box_and_place_it_on_the_plate,demo_11,10,eye_in_hand,akita_black_bowl_1,is_left_of,wooden_cabinet_1
pick_up_the_black_bowl_next_to_the_cookie_box_and_place_it_on_the_plate,demo_11,10,eye_in_hand,wooden_cabinet_1,is_right_of,akita_black_bowl_1
pick_up_the_black_bowl_next_to_the_cookie_box_and_place_it_on_the_plate,demo_11,10,eye_in_hand,flat_stove_1,is_right_of,plate_1
pick_up_the_black_bowl_next_to_the_cookie_box_and_place_it_on_the_plate,demo_11,10,eye_in_hand,plate_1,is_left_of,flat_stove_1
pick_up_the_black_bowl_next_to_the_cookie_box_and_place_it_on_the_plate,demo_11,10,eye_in_hand,flat_stove_1,is_behind,cookies_1
pick_up_the_black_bowl_next_to_the_cookie_box_and_place_it_on_the_plate,demo_11,10,eye_in_hand,cookies_1,is_in_front_of,flat_stove_1
pick_up_the_black_bowl_next_to_the_cookie_box_and_place_it_on_the_plate,demo_11,10,eye_in_hand,flat_stove_1,is_behind,akita_black_bowl_2
pick_up_the_black_bowl_next_to_the_cookie_box_and_place_it_on_the_plate,demo_11,10,eye_in_hand,akita_black_bowl_2,is_in_front_of,flat_stove_1
pick_up_the_black_bowl_next_to_the_cookie_box_and_place_it_on_the_plate,demo_11,10,eye_in_hand,flat_stove_1,is_behind,wooden_cabinet_1
pick_up_the_black_bowl_next_to_the_cookie_box_and_place_it_on_the_plate,demo_11,10,eye_in_hand,wooden_cabinet_1,is_in_front_of,flat_stove_1
pick_up_the_black_bowl_next_to_the_cookie_box_and_place_it_on_the_plate,demo_11,10,eye_in_hand,plate_1,is_left_of,cookies_1
pick_up_the_black_bowl_next_to_the_cookie_box_and_place_it_on_the_plate,demo_11,10,eye_in_hand,cookies_1,is_right_of,plate_1
pick_up_the_black_bowl_next_to_the_cookie_box_and_place_it_on_the_plate,demo_11,10,eye_in_hand,plate_1,is_left_of,akita_black_bowl_2
pick_up_the_black_bowl_next_to_the_cookie_box_and_place_it_on_the_plate,demo_11,10,eye_in_hand,akita_black_bowl_2,is_right_of,plate_1
pick_up_the_black_bowl_next_to_the_cookie_box_and_place_it_on_the_plate,demo_11,10,eye_in_hand,plate_1,is_left_of,wooden_cabinet_1
pick_up_the_black_bowl_next_to_the_cookie_box_and_place_it_on_the_plate,demo_11,10,eye_in_hand,wooden_cabinet_1,is_right_of,plate_1
pick_up_the_black_bowl_next_to_the_cookie_box_and_place_it_on_the_plate,demo_11,10,eye_in_hand,cookies_1,is_left_of,akita_black_bowl_2
pick_up_the_black_bowl_next_to_the_cookie_box_and_place_it_on_the_plate,demo_11,10,eye_in_hand,akita_black_bowl_2,is_right_of,cookies_1
pick_up_the_black_bowl_next_to_the_cookie_box_and_place_it_on_the_plate,demo_11,10,eye_in_hand,cookies_1,is_left_of,wooden_cabinet_1
pick_up_the_black_bowl_next_to_the_cookie_box_and_place_it_on_the_plate,demo_11,10,eye_in_hand,wooden_cabinet_1,is_right_of,cookies_1
pick_up_the_black_bowl_next_to_the_cookie_box_and_place_it_on_the_plate,demo_11,10,eye_in_hand,akita_black_bowl_2,is_left_of,wooden_cabinet_1
pick_up_the_black_bowl_next_to_the_cookie_box_and_place_it_on_the_plate,demo_11,10,eye_in_hand,wooden_cabinet_1,is_right_of,akita_black_bowl_2
pick_up_the_black_bowl_next_to_the_cookie_box_and_place_it_on_the_plate,demo_11,15,eye_in_hand,akita_black_bowl_1,is_right_of,plate_1
pick_up_the_black_bowl_next_to_the_cookie_box_and_place_it_on_the_plate,demo_11,15,eye_in_hand,plate_1,is_left_of,akita_black_bowl_1
pick_up_the_black_bowl_next_to_the_cookie_box_and_place_it_on_the_plate,demo_11,15,eye_in_hand,akita_black_bowl_1,is_in_front_of,cookies_1
pick_up_the_black_bowl_next_to_the_cookie_box_and_place_it_on_the_plate,demo_11,15,eye_in_hand,cookies_1,is_behind,akita_black_bowl_1
pick_up_the_black_bowl_next_to_the_cookie_box_and_place_it_on_the_plate,demo_11,15,eye_in_hand,akita_black_bowl_1,is_in_front_of,flat_stove_1
pick_up_the_black_bowl_next_to_the_cookie_box_and_place_it_on_the_plate,demo_11,15,eye_in_hand,flat_stove_1,is_behind,akita_black_bowl_1
pick_up_the_black_bowl_next_to_the_cookie_box_and_place_it_on_the_plate,demo_11,15,eye_in_hand,akita_black_bowl_1,is_left_of,wooden_cabinet_1
pick_up_the_black_bowl_next_to_the_cookie_box_and_place_it_on_the_plate,demo_11,15,eye_in_hand,wooden_cabinet_1,is_right_of,akita_black_bowl_1
pick_up_the_black_bowl_next_to_the_cookie_box_and_place_it_on_the_plate,demo_11,15,eye_in_hand,cookies_1,is_right_of,plate_1
pick_up_the_black_bowl_next_to_the_cookie_box_and_place_it_on_the_plate,demo_11,15,eye_in_hand,plate_1,is_left_of,cookies_1
pick_up_the_black_bowl_next_to_the_cookie_box_and_place_it_on_the_plate,demo_11,15,eye_in_hand,cookies_1,is_in_front_of,flat_stove_1
pick_up_the_black_bowl_next_to_the_cookie_box_and_place_it_on_the_plate,demo_11,15,eye_in_hand,flat_stove_1,is_behind,cookies_1
pick_up_the_black_bowl_next_to_the_cookie_box_and_place_it_on_the_plate,demo_11,15,eye_in_hand,cookies_1,is_left_of,wooden_cabinet_1
pick_up_the_black_bowl_next_to_the_cookie_box_and_place_it_on_the_plate,demo_11,15,eye_in_hand,wooden_cabinet_1,is_right_of,cookies_1
pick_up_the_black_bowl_next_to_the_cookie_box_and_place_it_on_the_plate,demo_11,15,eye_in_hand,plate_1,is_in_front_of,flat_stove_1
pick_up_the_black_bowl_next_to_the_cookie_box_and_place_it_on_the_plate,demo_11,15,eye_in_hand,flat_stove_1,is_behind,plate_1
pick_up_the_black_bowl_next_to_the_cookie_box_and_place_it_on_the_plate,demo_11,15,eye_in_hand,plate_1,is_left_of,wooden_cabinet_1
pick_up_the_black_bowl_next_to_the_cookie_box_and_place_it_on_the_plate,demo_11,15,eye_in_hand,wooden_cabinet_1,is_right_of,plate_1
pick_up_the_black_bowl_next_to_the_cookie_box_and_place_it_on_the_plate,demo_11,15,eye_in_hand,wooden_cabinet_1,is_in_front_of,flat_stove_1
pick_up_the_black_bowl_next_to_the_cookie_box_and_place_it_on_the_plate,demo_11,15,eye_in_hand,flat_stove_1,is_behind,wooden_cabinet_1
pick_up_the_black_bowl_next_to_the_cookie_box_and_place_it_on_the_plate,demo_11,20,eye_in_hand,plate_1,is_left_of,cookies_1
pick_up_the_black_bowl_next_to_the_cookie_box_and_place_it_on_the_plate,demo_11,20,eye_in_hand,cookies_1,is_right_of,plate_1
pick_up_the_black_bowl_next_to_the_cookie_box_and_place_it_on_the_plate,demo_11,20,eye_in_hand,plate_1,is_left_of,glazed_rim_porcelain_ramekin_1
pick_up_the_black_bowl_next_to_the_cookie_box_and_place_it_on_the_plate,demo_11,20,eye_in_hand,glazed_rim_porcelain_ramekin_1,is_right_of,plate_1
pick_up_the_black_bowl_next_to_the_cookie_box_and_place_it_on_the_plate,demo_11,20,eye_in_hand,plate_1,is_left_of,akita_black_bowl_1
pick_up_the_black_bowl_next_to_the_cookie_box_and_place_it_on_the_plate,demo_11,20,eye_in_hand,akita_black_bowl_1,is_right_of,plate_1
pick_up_the_black_bowl_next_to_the_cookie_box_and_place_it_on_the_plate,demo_11,20,eye_in_hand,plate_1,is_in_front_of,flat_stove_1
pick_up_the_black_bowl_next_to_the_cookie_box_and_place_it_on_the_plate,demo_11,20,eye_in_hand,flat_stove_1,is_behind,plate_1
pick_up_the_black_bowl_next_to_the_cookie_box_and_place_it_on_the_plate,demo_11,20,eye_in_hand,plate_1,is_on_top_of,wooden_cabinet_1
pick_up_the_black_bowl_next_to_the_cookie_box_and_place_it_on_the_plate,demo_11,20,eye_in_hand,wooden_cabinet_1,is_below_of,plate_1
pick_up_the_black_bowl_next_to_the_cookie_box_and_place_it_on_the_plate,demo_11,20,eye_in_hand,cookies_1,is_left_of,glazed_rim_porcelain_ramekin_1
pick_up_the_black_bowl_next_to_the_cookie_box_and_place_it_on_the_plate,demo_11,20,eye_in_hand,glazed_rim_porcelain_ramekin_1,is_right_of,cookies_1
pick_up_the_black_bowl_next_to_the_cookie_box_and_place_it_on_the_plate,demo_11,20,eye_in_hand,cookies_1,is_left_of,akita_black_bowl_1
pick_up_the_black_bowl_next_to_the_cookie_box_and_place_it_on_the_plate,demo_11,20,eye_in_hand,akita_black_bowl_1,is_right_of,cookies_1
pick_up_the_black_bowl_next_to_the_cookie_box_and_place_it_on_the_plate,demo_11,20,eye_in_hand,cookies_1,is_in_front_of,flat_stove_1
pick_up_the_black_bowl_next_to_the_cookie_box_and_place_it_on_the_plate,demo_11,20,eye_in_hand,flat_stove_1,is_behind,cookies_1
pick_up_the_black_bowl_next_to_the_cookie_box_and_place_it_on_the_plate,demo_11,20,eye_in_hand,cookies_1,is_on_top_of,wooden_cabinet_1
pick_up_the_black_bowl_next_to_the_cookie_box_and_place_it_on_the_plate,demo_11,20,eye_in_hand,wooden_cabinet_1,is_below_of,cookies_1
pick_up_the_black_bowl_next_to_the_cookie_box_and_place_it_on_the_plate,demo_11,20,eye_in_hand,glazed_rim_porcelain_ramekin_1,is_left_of,akita_black_bowl_1
pick_up_the_black_bowl_next_to_the_cookie_box_and_place_it_on_the_plate,demo_11,20,eye_in_hand,akita_black_bowl_1,is_right_of,glazed_rim_porcelain_ramekin_1
pick_up_the_black_bowl_next_to_the_cookie_box_and_place_it_on_the_plate,demo_11,20,eye_in_hand,glazed_rim_porcelain_ramekin_1,is_in_front_of,flat_stove_1
pick_up_the_black_bowl_next_to_the_cookie_box_and_place_it_on_the_plate,demo_11,20,eye_in_hand,flat_stove_1,is_behind,glazed_rim_porcelain_ramekin_1
pick_up_the_black_bowl_next_to_the_cookie_box_and_place_it_on_the_plate,demo_11,20,eye_in_hand,glazed_rim_porcelain_ramekin_1,is_on_top_of,wooden_cabinet_1
pick_up_the_black_bowl_next_to_the_cookie_box_and_place_it_on_the_plate,demo_11,20,eye_in_hand,wooden_cabinet_1,is_below_of,glazed_rim_porcelain_ramekin_1
pick_up_the_black_bowl_next_to_the_cookie_box_and_place_it_on_the_plate,demo_11,20,eye_in_hand,akita_black_bowl_1,is_in_front_of,flat_stove_1
pick_up_the_black_bowl_next_to_the_cookie_box_and_place_it_on_the_plate,demo_11,20,eye_in_hand,flat_stove_1,is_behind,akita_black_bowl_1
pick_up_the_black_bowl_next_to_the_cookie_box_and_place_it_on_the_plate,demo_11,20,eye_in_hand,akita_black_bowl_1,is_on_top_of,wooden_cabinet_1
pick_up_the_black_bowl_next_to_the_cookie_box_and_place_it_on_the_plate,demo_11,20,eye_in_hand,wooden_cabinet_1,is_below_of,akita_black_bowl_1
pick_up_the_black_bowl_next_to_the_cookie_box_and_place_it_on_the_plate,demo_11,20,eye_in_hand,flat_stove_1,is_behind,wooden_cabinet_1
pick_up_the_black_bowl_next_to_the_cookie_box_and_place_it_on_the_plate,demo_11,20,eye_in_hand,wooden_cabinet_1,is_in_front_of,flat_stove_1
pick_up_the_black_bowl_next_to_the_cookie_box_and_place_it_on_the_plate,demo_11,25,eye_in_hand,plate_1,is_left_of,cookies_1
pick_up_the_black_bowl_next_to_the_cookie_box_and_place_it_on_the_plate,demo_11,25,eye_in_hand,cookies_1,is_right_of,plate_1
pick_up_the_black_bowl_next_to_the_cookie_box_and_place_it_on_the_plate,demo_11,25,eye_in_hand,plate_1,is_left_of,akita_black_bowl_1
pick_up_the_black_bowl_next_to_the_cookie_box_and_place_it_on_the_plate,demo_11,25,eye_in_hand,akita_black_bowl_1,is_right_of,plate_1
pick_up_the_black_bowl_next_to_the_cookie_box_and_place_it_on_the_plate,demo_11,25,eye_in_hand,plate_1,is_in_front_of,flat_stove_1
pick_up_the_black_bowl_next_to_the_cookie_box_and_place_it_on_the_plate,demo_11,25,eye_in_hand,flat_stove_1,is_behind,plate_1
pick_up_the_black_bowl_next_to_the_cookie_box_and_place_it_on_the_plate,demo_11,25,eye_in_hand,plate_1,is_on_top_of,wooden_cabinet_1
pick_up_the_black_bowl_next_to_the_cookie_box_and_place_it_on_the_plate,demo_11,25,eye_in_hand,wooden_cabinet_1,is_below_of,plate_1
pick_up_the_black_bowl_next_to_the_cookie_box_and_place_it_on_the_plate,demo_11,25,eye_in_hand,cookies_1,is_left_of,akita_black_bowl_1
pick_up_the_black_bowl_next_to_the_cookie_box_and_place_it_on_the_plate,demo_11,25,eye_in_hand,akita_black_bowl_1,is_right_of,cookies_1
pick_up_the_black_bowl_next_to_the_cookie_box_and_place_it_on_the_plate,demo_11,25,eye_in_hand,cookies_1,is_in_front_of,flat_stove_1
pick_up_the_black_bowl_next_to_the_cookie_box_and_place_it_on_the_plate,demo_11,25,eye_in_hand,flat_stove_1,is_behind,cookies_1
pick_up_the_black_bowl_next_to_the_cookie_box_and_place_it_on_the_plate,demo_11,25,eye_in_hand,cookies_1,is_on_top_of,wooden_cabinet_1
pick_up_the_black_bowl_next_to_the_cookie_box_and_place_it_on_the_plate,demo_11,25,eye_in_hand,wooden_cabinet_1,is_below_of,cookies_1
pick_up_the_black_bowl_next_to_the_cookie_box_and_place_it_on_the_plate,demo_11,25,eye_in_hand,akita_black_bowl_1,is_in_front_of,flat_stove_1
pick_up_the_black_bowl_next_to_the_cookie_box_and_place_it_on_the_plate,demo_11,25,eye_in_hand,flat_stove_1,is_behind,akita_black_bowl_1
pick_up_the_black_bowl_next_to_the_cookie_box_and_place_it_on_the_plate,demo_11,25,eye_in_hand,akita_black_bowl_1,is_on_top_of,wooden_cabinet_1
pick_up_the_black_bowl_next_to_the_cookie_box_and_place_it_on_the_plate,demo_11,25,eye_in_hand,wooden_cabinet_1,is_below_of,akita_black_bowl_1
pick_up_the_black_bowl_next_to_the_cookie_box_and_place_it_on_the_plate,demo_11,25,eye_in_hand,wooden_cabinet_1,is_in_front_of,flat_stove_1
pick_up_the_black_bowl_next_to_the_cookie_box_and_place_it_on_the_plate,demo_11,25,eye_in_hand,flat_stove_1,is_behind,wooden_cabinet_1
pick_up_the_black_bowl_next_to_the_cookie_box_and_place_it_on_the_plate,demo_11,30,eye_in_hand,akita_black_bowl_1,is_right_of,cookies_1
pick_up_the_black_bowl_next_to_the_cookie_box_and_place_it_on_the_plate,demo_11,30,eye_in_hand,cookies_1,is_left_of,akita_black_bowl_1
pick_up_the_black_bowl_next_to_the_cookie_box_and_place_it_on_the_plate,demo_11,30,eye_in_hand,akita_black_bowl_1,is_right_of,plate_1
pick_up_the_black_bowl_next_to_the_cookie_box_and_place_it_on_the_plate,demo_11,30,eye_in_hand,plate_1,is_left_of,akita_black_bowl_1
pick_up_the_black_bowl_next_to_the_cookie_box_and_place_it_on_the_plate,demo_11,30,eye_in_hand,akita_black_bowl_1,is_on_top_of,wooden_cabinet_1
pick_up_the_black_bowl_next_to_the_cookie_box_and_place_it_on_the_plate,demo_11,30,eye_in_hand,wooden_cabinet_1,is_below_of,akita_black_bowl_1
pick_up_the_black_bowl_next_to_the_cookie_box_and_place_it_on_the_plate,demo_11,30,eye_in_hand,akita_black_bowl_1,is_in_front_of,flat_stove_1
pick_up_the_black_bowl_next_to_the_cookie_box_and_place_it_on_the_plate,demo_11,30,eye_in_hand,flat_stove_1,is_behind,akita_black_bowl_1
pick_up_the_black_bowl_next_to_the_cookie_box_and_place_it_on_the_plate,demo_11,30,eye_in_hand,cookies_1,is_right_of,plate_1
pick_up_the_black_bowl_next_to_the_cookie_box_and_place_it_on_the_plate,demo_11,30,eye_in_hand,plate_1,is_left_of,cookies_1
pick_up_the_black_bowl_next_to_the_cookie_box_and_place_it_on_the_plate,demo_11,30,eye_in_hand,cookies_1,is_on_top_of,wooden_cabinet_1
pick_up_the_black_bowl_next_to_the_cookie_box_and_place_it_on_the_plate,demo_11,30,eye_in_hand,wooden_cabinet_1,is_below_of,cookies_1
pick_up_the_black_bowl_next_to_the_cookie_box_and_place_it_on_the_plate,demo_11,30,eye_in_hand,cookies_1,is_in_front_of,flat_stove_1
pick_up_the_black_bowl_next_to_the_cookie_box_and_place_it_on_the_plate,demo_11,30,eye_in_hand,flat_stove_1,is_behind,cookies_1
pick_up_the_black_bowl_next_to_the_cookie_box_and_place_it_on_the_plate,demo_11,30,eye_in_hand,plate_1,is_on_top_of,wooden_cabinet_1
pick_up_the_black_bowl_next_to_the_cookie_box_and_place_it_on_the_plate,demo_11,30,eye_in_hand,wooden_cabinet_1,is_below_of,plate_1
pick_up_the_black_bowl_next_to_the_cookie_box_and_place_it_on_the_plate,demo_11,30,eye_in_hand,plate_1,is_in_front_of,flat_stove_1
pick_up_the_black_bowl_next_to_the_cookie_box_and_place_it_on_the_plate,demo_11,30,eye_in_hand,flat_stove_1,is_behind,plate_1
pick_up_the_black_bowl_next_to_the_cookie_box_and_place_it_on_the_plate,demo_11,30,eye_in_hand,wooden_cabinet_1,is_in_front_of,flat_stove_1
pick_up_the_black_bowl_next_to_the_cookie_box_and_place_it_on_the_plate,demo_11,30,eye_in_hand,flat_stove_1,is_behind,wooden_cabinet_1
pick_up_the_black_bowl_next_to_the_cookie_box_and_place_it_on_the_plate,demo_11,35,eye_in_hand,akita_black_bowl_1,is_on_top_of,wooden_cabinet_1
pick_up_the_black_bowl_next_to_the_cookie_box_and_place_it_on_the_plate,demo_11,35,eye_in_hand,wooden_cabinet_1,is_below_of,akita_black_bowl_1
pick_up_the_black_bowl_next_to_the_cookie_box_and_place_it_on_the_plate,demo_11,35,eye_in_hand,cookies_1,is_on_top_of,wooden_cabinet_1
pick_up_the_black_bowl_next_to_the_cookie_box_and_place_it_on_the_plate,demo_11,35,eye_in_hand,wooden_cabinet_1,is_below_of,cookies_1
pick_up_the_black_bowl_next_to_the_cookie_box_and_place_it_on_the_plate,demo_11,35,eye_in_hand,plate_1,is_on_top_of,wooden_cabinet_1
pick_up_the_black_bowl_next_to_the_cookie_box_and_place_it_on_the_plate,demo_11,35,eye_in_hand,wooden_cabinet_1,is_below_of,plate_1
pick_up_the_black_bowl_next_to_the_cookie_box_and_place_it_on_the_plate,demo_11,35,eye_in_hand,plate_1,is_left_of,cookies_1
pick_up_the_black_bowl_next_to_the_cookie_box_and_place_it_on_the_plate,demo_11,35,eye_in_hand,cookies_1,is_right_of,plate_1
pick_up_the_black_bowl_next_to_the_cookie_box_and_place_it_on_the_plate,demo_11,35,eye_in_hand,plate_1,is_left_of,akita_black_bowl_1
pick_up_the_black_bowl_next_to_the_cookie_box_and_place_it_on_the_plate,demo_11,35,eye_in_hand,akita_black_bowl_1,is_right_of,plate_1
pick_up_the_black_bowl_next_to_the_cookie_box_and_place_it_on_the_plate,demo_11,35,eye_in_hand,cookies_1,is_left_of,akita_black_bowl_1
pick_up_the_black_bowl_next_to_the_cookie_box_and_place_it_on_the_plate,demo_11,35,eye_in_hand,akita_black_bowl_1,is_right_of,cookies_1
pick_up_the_black_bowl_next_to_the_cookie_box_and_place_it_on_the_plate,demo_11,40,eye_in_hand,akita_black_bowl_1,is_right_of,cookies_1
pick_up_the_black_bowl_next_to_the_cookie_box_and_place_it_on_the_plate,demo_11,40,eye_in_hand,akita_black_bowl_1,is_on_top_of,wooden_cabinet_1
pick_up_the_black_bowl_next_to_the_cookie_box_and_place_it_on_the_plate,demo_11,40,eye_in_hand,cookies_1,is_left_of,akita_black_bowl_1
pick_up_the_black_bowl_next_to_the_cookie_box_and_place_it_on_the_plate,demo_11,40,eye_in_hand,cookies_1,is_on_top_of,wooden_cabinet_1
pick_up_the_black_bowl_next_to_the_cookie_box_and_place_it_on_the_plate,demo_11,40,eye_in_hand,wooden_cabinet_1,is_below_of,akita_black_bowl_1
pick_up_the_black_bowl_next_to_the_cookie_box_and_place_it_on_the_plate,demo_11,40,eye_in_hand,wooden_cabinet_1,is_below_of,cookies_1
pick_up_the_black_bowl_next_to_the_cookie_box_and_place_it_on_the_plate,demo_11,45,eye_in_hand,akita_black_bowl_2,is_on_top_of,wooden_cabinet_1
pick_up_the_black_bowl_next_to_the_cookie_box_and_place_it_on_the_plate,demo_11,45,eye_in_hand,wooden_cabinet_1,is_below_of,akita_black_bowl_2
pick_up_the_black_bowl_next_to_the_cookie_box_and_place_it_on_the_plate,demo_11,50,eye_in_hand,akita_black_bowl_1,is_on_top_of,wooden_cabinet_1
pick_up_the_black_bowl_next_to_the_cookie_box_and_place_it_on_the_plate,demo_11,50,eye_in_hand,wooden_cabinet_1,is_below_of,akita_black_bowl_1
pick_up_the_black_bowl_next_to_the_cookie_box_and_place_it_on_the_plate,demo_11,55,eye_in_hand,akita_black_bowl_1,is_on_top_of,wooden_cabinet_1
pick_up_the_black_bowl_next_to_the_cookie_box_and_place_it_on_the_plate,demo_11,55,eye_in_hand,wooden_cabinet_1,is_below_of,akita_black_bowl_1
pick_up_the_black_bowl_next_to_the_cookie_box_and_place_it_on_the_plate,demo_11,60,eye_in_hand,akita_black_bowl_1,is_on_top_of,wooden_cabinet_1
pick_up_the_black_bowl_next_to_the_cookie_box_and_place_it_on_the_plate,demo_11,60,eye_in_hand,wooden_cabinet_1,is_below_of,akita_black_bowl_1
pick_up_the_black_bowl_next_to_the_cookie_box_and_place_it_on_the_plate,demo_11,65,eye_in_hand,akita_black_bowl_1,is_right_of,cookies_1
pick_up_the_black_bowl_next_to_the_cookie_box_and_place_it_on_the_plate,demo_11,65,eye_in_hand,cookies_1,is_left_of,akita_black_bowl_1
pick_up_the_black_bowl_next_to_the_cookie_box_and_place_it_on_the_plate,demo_11,65,eye_in_hand,akita_black_bowl_1,is_in_front_of,wooden_cabinet_1
pick_up_the_black_bowl_next_to_the_cookie_box_and_place_it_on_the_plate,demo_11,65,eye_in_hand,wooden_cabinet_1,is_behind,akita_black_bowl_1
pick_up_the_black_bowl_next_to_the_cookie_box_and_place_it_on_the_plate,demo_11,65,eye_in_hand,cookies_1,is_on_top_of,wooden_cabinet_1
pick_up_the_black_bowl_next_to_the_cookie_box_and_place_it_on_the_plate,demo_11,65,eye_in_hand,wooden_cabinet_1,is_below_of,cookies_1
pick_up_the_black_bowl_next_to_the_cookie_box_and_place_it_on_the_plate,demo_11,70,eye_in_hand,akita_black_bowl_1,is_right_of,cookies_1
pick_up_the_black_bowl_next_to_the_cookie_box_and_place_it_on_the_plate,demo_11,70,eye_in_hand,akita_black_bowl_1,is_on_top_of,wooden_cabinet_1
pick_up_the_black_bowl_next_to_the_cookie_box_and_place_it_on_the_plate,demo_11,70,eye_in_hand,cookies_1,is_left_of,akita_black_bowl_1
pick_up_the_black_bowl_next_to_the_cookie_box_and_place_it_on_the_plate,demo_11,70,eye_in_hand,cookies_1,is_on_top_of,wooden_cabinet_1
pick_up_the_black_bowl_next_to_the_cookie_box_and_place_it_on_the_plate,demo_11,70,eye_in_hand,wooden_cabinet_1,is_below_of,akita_black_bowl_1
pick_up_the_black_bowl_next_to_the_cookie_box_and_place_it_on_the_plate,demo_11,70,eye_in_hand,wooden_cabinet_1,is_below_of,cookies_1
pick_up_the_black_bowl_next_to_the_cookie_box_and_place_it_on_the_plate,demo_11,75,eye_in_hand,akita_black_bowl_1,is_right_of,plate_1
pick_up_the_black_bowl_next_to_the_cookie_box_and_place_it_on_the_plate,demo_11,75,eye_in_hand,akita_black_bowl_1,is_in_front_of,wooden_cabinet_1
pick_up_the_black_bowl_next_to_the_cookie_box_and_place_it_on_the_plate,demo_11,75,eye_in_hand,plate_1,is_left_of,akita_black_bowl_1
pick_up_the_black_bowl_next_to_the_cookie_box_and_place_it_on_the_plate,demo_11,75,eye_in_hand,plate_1,is_on_top_of,wooden_cabinet_1
pick_up_the_black_bowl_next_to_the_cookie_box_and_place_it_on_the_plate,demo_11,75,eye_in_hand,wooden_cabinet_1,is_behind,akita_black_bowl_1
pick_up_the_black_bowl_next_to_the_cookie_box_and_place_it_on_the_plate,demo_11,75,eye_in_hand,wooden_cabinet_1,is_below_of,plate_1
pick_up_the_black_bowl_next_to_the_cookie_box_and_place_it_on_the_plate,demo_11,80,eye_in_hand,plate_1,is_left_of,akita_black_bowl_1
pick_up_the_black_bowl_next_to_the_cookie_box_and_place_it_on_the_plate,demo_11,80,eye_in_hand,akita_black_bowl_1,is_right_of,plate_1
pick_up_the_black_bowl_next_to_the_cookie_box_and_place_it_on_the_plate,demo_11,80,eye_in_hand,plate_1,is_on_top_of,wooden_cabinet_1
pick_up_the_black_bowl_next_to_the_cookie_box_and_place_it_on_the_plate,demo_11,80,eye_in_hand,wooden_cabinet_1,is_below_of,plate_1
pick_up_the_black_bowl_next_to_the_cookie_box_and_place_it_on_the_plate,demo_11,80,eye_in_hand,akita_black_bowl_1,is_on_top_of,wooden_cabinet_1
pick_up_the_black_bowl_next_to_the_cookie_box_and_place_it_on_the_plate,demo_11,80,eye_in_hand,wooden_cabinet_1,is_below_of,akita_black_bowl_1
pick_up_the_black_bowl_next_to_the_cookie_box_and_place_it_on_the_plate,demo_11,85,eye_in_hand,akita_black_bowl_1,is_right_of,plate_1
pick_up_the_black_bowl_next_to_the_cookie_box_and_place_it_on_the_plate,demo_11,85,eye_in_hand,akita_black_bowl_1,is_on_top_of,wooden_cabinet_1
pick_up_the_black_bowl_next_to_the_cookie_box_and_place_it_on_the_plate,demo_11,85,eye_in_hand,plate_1,is_left_of,akita_black_bowl_1
pick_up_the_black_bowl_next_to_the_cookie_box_and_place_it_on_the_plate,demo_11,85,eye_in_hand,plate_1,is_on_top_of,wooden_cabinet_1
pick_up_the_black_bowl_next_to_the_cookie_box_and_place_it_on_the_plate,demo_11,85,eye_in_hand,wooden_cabinet_1,is_below_of,akita_black_bowl_1
pick_up_the_black_bowl_next_to_the_cookie_box_and_place_it_on_the_plate,demo_11,85,eye_in_hand,wooden_cabinet_1,is_below_of,plate_1
pick_up_the_black_bowl_next_to_the_cookie_box_and_place_it_on_the_plate,demo_11,90,eye_in_hand,akita_black_bowl_1,is_right_of,plate_1
pick_up_the_black_bowl_next_to_the_cookie_box_and_place_it_on_the_plate,demo_11,90,eye_in_hand,plate_1,is_left_of,akita_black_bowl_1
pick_up_the_black_bowl_next_to_the_cookie_box_and_place_it_on_the_plate,demo_11,90,eye_in_hand,akita_black_bowl_1,is_in_front_of,wooden_cabinet_1
pick_up_the_black_bowl_next_to_the_cookie_box_and_place_it_on_the_plate,demo_11,90,eye_in_hand,wooden_cabinet_1,is_behind,akita_black_bowl_1
pick_up_the_black_bowl_next_to_the_cookie_box_and_place_it_on_the_plate,demo_11,90,eye_in_hand,plate_1,is_on_top_of,wooden_cabinet_1
pick_up_the_black_bowl_next_to_the_cookie_box_and_place_it_on_the_plate,demo_11,90,eye_in_hand,wooden_cabinet_1,is_below_of,plate_1
pick_up_the_black_bowl_next_to_the_cookie_box_and_place_it_on_the_plate,demo_11,95,eye_in_hand,akita_black_bowl_1,is_right_of,plate_1
pick_up_the_black_bowl_next_to_the_cookie_box_and_place_it_on_the_plate,demo_11,95,eye_in_hand,plate_1,is_left_of,akita_black_bowl_1
pick_up_the_black_bowl_next_to_the_cookie_box_and_place_it_on_the_plate,demo_11,95,eye_in_hand,akita_black_bowl_1,is_in_front_of,wooden_cabinet_1
pick_up_the_black_bowl_next_to_the_cookie_box_and_place_it_on_the_plate,demo_11,95,eye_in_hand,wooden_cabinet_1,is_behind,akita_black_bowl_1
pick_up_the_black_bowl_next_to_the_cookie_box_and_place_it_on_the_plate,demo_11,95,eye_in_hand,akita_black_bowl_1,is_in_front_of,flat_stove_1
pick_up_the_black_bowl_next_to_the_cookie_box_and_place_it_on_the_plate,demo_11,95,eye_in_hand,flat_stove_1,is_behind,akita_black_bowl_1
pick_up_the_black_bowl_next_to_the_cookie_box_and_place_it_on_the_plate,demo_11,95,eye_in_hand,plate_1,is_on_top_of,wooden_cabinet_1
pick_up_the_black_bowl_next_to_the_cookie_box_and_place_it_on_the_plate,demo_11,95,eye_in_hand,wooden_cabinet_1,is_below_of,plate_1
pick_up_the_black_bowl_next_to_the_cookie_box_and_place_it_on_the_plate,demo_11,95,eye_in_hand,plate_1,is_in_front_of,flat_stove_1
pick_up_the_black_bowl_next_to_the_cookie_box_and_place_it_on_the_plate,demo_11,95,eye_in_hand,flat_stove_1,is_behind,plate_1
pick_up_the_black_bowl_next_to_the_cookie_box_and_place_it_on_the_plate,demo_11,95,eye_in_hand,wooden_cabinet_1,is_in_front_of,flat_stove_1
pick_up_the_black_bowl_next_to_the_cookie_box_and_place_it_on_the_plate,demo_11,95,eye_in_hand,flat_stove_1,is_behind,wooden_cabinet_1
pick_up_the_black_bowl_next_to_the_cookie_box_and_place_it_on_the_plate,demo_11,100,eye_in_hand,akita_black_bowl_1,is_right_of,plate_1
pick_up_the_black_bowl_next_to_the_cookie_box_and_place_it_on_the_plate,demo_11,100,eye_in_hand,akita_black_bowl_1,is_right_of,wooden_cabinet_1
pick_up_the_black_bowl_next_to_the_cookie_box_and_place_it_on_the_plate,demo_11,100,eye_in_hand,plate_1,is_left_of,akita_black_bowl_1
pick_up_the_black_bowl_next_to_the_cookie_box_and_place_it_on_the_plate,demo_11,100,eye_in_hand,plate_1,is_on_top_of,wooden_cabinet_1
pick_up_the_black_bowl_next_to_the_cookie_box_and_place_it_on_the_plate,demo_11,100,eye_in_hand,wooden_cabinet_1,is_left_of,akita_black_bowl_1
pick_up_the_black_bowl_next_to_the_cookie_box_and_place_it_on_the_plate,demo_11,100,eye_in_hand,wooden_cabinet_1,is_below_of,plate_1
pick_up_the_black_bowl_next_to_the_cookie_box_and_place_it_on_the_plate,demo_11,105,eye_in_hand,akita_black_bowl_1,is_on_top_of,plate_1
pick_up_the_black_bowl_next_to_the_cookie_box_and_place_it_on_the_plate,demo_11,105,eye_in_hand,akita_black_bowl_1,is_on_top_of,wooden_cabinet_1
pick_up_the_black_bowl_next_to_the_cookie_box_and_place_it_on_the_plate,demo_11,105,eye_in_hand,plate_1,is_below_of,akita_black_bowl_1
pick_up_the_black_bowl_next_to_the_cookie_box_and_place_it_on_the_plate,demo_11,105,eye_in_hand,plate_1,is_on_top_of,wooden_cabinet_1
pick_up_the_black_bowl_next_to_the_cookie_box_and_place_it_on_the_plate,demo_11,105,eye_in_hand,wooden_cabinet_1,is_below_of,akita_black_bowl_1
pick_up_the_black_bowl_next_to_the_cookie_box_and_place_it_on_the_plate,demo_11,105,eye_in_hand,wooden_cabinet_1,is_below_of,plate_1
pick_up_the_black_bowl_next_to_the_cookie_box_and_place_it_on_the_plate,demo_11,110,eye_in_hand,akita_black_bowl_1,is_on_top_of,plate_1
pick_up_the_black_bowl_next_to_the_cookie_box_and_place_it_on_the_plate,demo_11,110,eye_in_hand,akita_black_bowl_1,is_on_top_of,wooden_cabinet_1
pick_up_the_black_bowl_next_to_the_cookie_box_and_place_it_on_the_plate,demo_11,110,eye_in_hand,plate_1,is_below_of,akita_black_bowl_1
pick_up_the_black_bowl_next_to_the_cookie_box_and_place_it_on_the_plate,demo_11,110,eye_in_hand,plate_1,is_on_top_of,wooden_cabinet_1
pick_up_the_black_bowl_next_to_the_cookie_box_and_place_it_on_the_plate,demo_11,110,eye_in_hand,wooden_cabinet_1,is_below_of,akita_black_bowl_1
pick_up_the_black_bowl_next_to_the_cookie_box_and_place_it_on_the_plate,demo_11,110,eye_in_hand,wooden_cabinet_1,is_below_of,plate_1
pick_up_the_black_bowl_next_to_the_cookie_box_and_place_it_on_the_plate,demo_12,0,eye_in_hand,akita_black_bowl_1,is_on_top_of,flat_stove_1
pick_up_the_black_bowl_next_to_the_cookie_box_and_place_it_on_the_plate,demo_12,0,eye_in_hand,flat_stove_1,is_below_of,akita_black_bowl_1
pick_up_the_black_bowl_next_to_the_cookie_box_and_place_it_on_the_plate,demo_12,0,eye_in_hand,akita_black_bowl_1,is_in_front_of,wooden_cabinet_1
pick_up_the_black_bowl_next_to_the_cookie_box_and_place_it_on_the_plate,demo_12,0,eye_in_hand,wooden_cabinet_1,is_behind,akita_black_bowl_1
pick_up_the_black_bowl_next_to_the_cookie_box_and_place_it_on_the_plate,demo_12,0,eye_in_hand,akita_black_bowl_1,is_right_of,glazed_rim_porcelain_ramekin_1
pick_up_the_black_bowl_next_to_the_cookie_box_and_place_it_on_the_plate,demo_12,0,eye_in_hand,glazed_rim_porcelain_ramekin_1,is_left_of,akita_black_bowl_1
pick_up_the_black_bowl_next_to_the_cookie_box_and_place_it_on_the_plate,demo_12,0,eye_in_hand,akita_black_bowl_1,is_behind,plate_1
pick_up_the_black_bowl_next_to_the_cookie_box_and_place_it_on_the_plate,demo_12,0,eye_in_hand,plate_1,is_in_front_of,akita_black_bowl_1
pick_up_the_black_bowl_next_to_the_cookie_box_and_place_it_on_the_plate,demo_12,0,eye_in_hand,akita_black_bowl_1,is_behind,cookies_1
pick_up_the_black_bowl_next_to_the_cookie_box_and_place_it_on_the_plate,demo_12,0,eye_in_hand,cookies_1,is_in_front_of,akita_black_bowl_1
pick_up_the_black_bowl_next_to_the_cookie_box_and_place_it_on_the_plate,demo_12,0,eye_in_hand,akita_black_bowl_1,is_behind,akita_black_bowl_2
pick_up_the_black_bowl_next_to_the_cookie_box_and_place_it_on_the_plate,demo_12,0,eye_in_hand,akita_black_bowl_2,is_in_front_of,akita_black_bowl_1
pick_up_the_black_bowl_next_to_the_cookie_box_and_place_it_on_the_plate,demo_12,0,eye_in_hand,flat_stove_1,is_in_front_of,wooden_cabinet_1
pick_up_the_black_bowl_next_to_the_cookie_box_and_place_it_on_the_plate,demo_12,0,eye_in_hand,wooden_cabinet_1,is_behind,flat_stove_1
pick_up_the_black_bowl_next_to_the_cookie_box_and_place_it_on_the_plate,demo_12,0,eye_in_hand,flat_stove_1,is_right_of,glazed_rim_porcelain_ramekin_1
pick_up_the_black_bowl_next_to_the_cookie_box_and_place_it_on_the_plate,demo_12,0,eye_in_hand,glazed_rim_porcelain_ramekin_1,is_left_of,flat_stove_1
pick_up_the_black_bowl_next_to_the_cookie_box_and_place_it_on_the_plate,demo_12,0,eye_in_hand,flat_stove_1,is_behind,plate_1
pick_up_the_black_bowl_next_to_the_cookie_box_and_place_it_on_the_plate,demo_12,0,eye_in_hand,plate_1,is_in_front_of,flat_stove_1
pick_up_the_black_bowl_next_to_the_cookie_box_and_place_it_on_the_plate,demo_12,0,eye_in_hand,flat_stove_1,is_behind,cookies_1
pick_up_the_black_bowl_next_to_the_cookie_box_and_place_it_on_the_plate,demo_12,0,eye_in_hand,cookies_1,is_in_front_of,flat_stove_1
pick_up_the_black_bowl_next_to_the_cookie_box_and_place_it_on_the_plate,demo_12,0,eye_in_hand,flat_stove_1,is_behind,akita_black_bowl_2
pick_up_the_black_bowl_next_to_the_cookie_box_and_place_it_on_the_plate,demo_12,0,eye_in_hand,akita_black_bowl_2,is_in_front_of,flat_stove_1
pick_up_the_black_bowl_next_to_the_cookie_box_and_place_it_on_the_plate,demo_12,0,eye_in_hand,wooden_cabinet_1,is_behind,glazed_rim_porcelain_ramekin_1
pick_up_the_black_bowl_next_to_the_cookie_box_and_place_it_on_the_plate,demo_12,0,eye_in_hand,glazed_rim_porcelain_ramekin_1,is_in_front_of,wooden_cabinet_1
pick_up_the_black_bowl_next_to_the_cookie_box_and_place_it_on_the_plate,demo_12,0,eye_in_hand,wooden_cabinet_1,is_behind,plate_1
pick_up_the_black_bowl_next_to_the_cookie_box_and_place_it_on_the_plate,demo_12,0,eye_in_hand,plate_1,is_in_front_of,wooden_cabinet_1
pick_up_the_black_bowl_next_to_the_cookie_box_and_place_it_on_the_plate,demo_12,0,eye_in_hand,wooden_cabinet_1,is_behind,cookies_1
pick_up_the_black_bowl_next_to_the_cookie_box_and_place_it_on_the_plate,demo_12,0,eye_in_hand,cookies_1,is_in_front_of,wooden_cabinet_1
pick_up_the_black_bowl_next_to_the_cookie_box_and_place_it_on_the_plate,demo_12,0,eye_in_hand,wooden_cabinet_1,is_behind,akita_black_bowl_2
pick_up_the_black_bowl_next_to_the_cookie_box_and_place_it_on_the_plate,demo_12,0,eye_in_hand,akita_black_bowl_2,is_in_front_of,wooden_cabinet_1
pick_up_the_black_bowl_next_to_the_cookie_box_and_place_it_on_the_plate,demo_12,0,eye_in_hand,glazed_rim_porcelain_ramekin_1,is_behind,plate_1
pick_up_the_black_bowl_next_to_the_cookie_box_and_place_it_on_the_plate,demo_12,0,eye_in_hand,plate_1,is_in_front_of,glazed_rim_porcelain_ramekin_1
pick_up_the_black_bowl_next_to_the_cookie_box_and_place_it_on_the_plate,demo_12,0,eye_in_hand,glazed_rim_porcelain_ramekin_1,is_behind,cookies_1
pick_up_the_black_bowl_next_to_the_cookie_box_and_place_it_on_the_plate,demo_12,0,eye_in_hand,cookies_1,is_in_front_of,glazed_rim_porcelain_ramekin_1
pick_up_the_black_bowl_next_to_the_cookie_box_and_place_it_on_the_plate,demo_12,0,eye_in_hand,glazed_rim_porcelain_ramekin_1,is_behind,akita_black_bowl_2
pick_up_the_black_bowl_next_to_the_cookie_box_and_place_it_on_the_plate,demo_12,0,eye_in_hand,akita_black_bowl_2,is_in_front_of,glazed_rim_porcelain_ramekin_1
pick_up_the_black_bowl_next_to_the_cookie_box_and_place_it_on_the_plate,demo_12,0,eye_in_hand,plate_1,is_left_of,cookies_1
pick_up_the_black_bowl_next_to_the_cookie_box_and_place_it_on_the_plate,demo_12,0,eye_in_hand,cookies_1,is_right_of,plate_1
pick_up_the_black_bowl_next_to_the_cookie_box_and_place_it_on_the_plate,demo_12,0,eye_in_hand,plate_1,is_left_of,akita_black_bowl_2
pick_up_the_black_bowl_next_to_the_cookie_box_and_place_it_on_the_plate,demo_12,0,eye_in_hand,akita_black_bowl_2,is_right_of,plate_1
pick_up_the_black_bowl_next_to_the_cookie_box_and_place_it_on_the_plate,demo_12,0,eye_in_hand,cookies_1,is_left_of,akita_black_bowl_2
pick_up_the_black_bowl_next_to_the_cookie_box_and_place_it_on_the_plate,demo_12,0,eye_in_hand,akita_black_bowl_2,is_right_of,cookies_1
pick_up_the_black_bowl_next_to_the_cookie_box_and_place_it_on_the_plate,demo_12,5,eye_in_hand,akita_black_bowl_1,is_in_front_of,akita_black_bowl_2
pick_up_the_black_bowl_next_to_the_cookie_box_and_place_it_on_the_plate,demo_12,5,eye_in_hand,akita_black_bowl_2,is_behind,akita_black_bowl_1
pick_up_the_black_bowl_next_to_the_cookie_box_and_place_it_on_the_plate,demo_12,5,eye_in_hand,akita_black_bowl_1,is_right_of,cookies_1
pick_up_the_black_bowl_next_to_the_cookie_box_and_place_it_on_the_plate,demo_12,5,eye_in_hand,cookies_1,is_left_of,akita_black_bowl_1
pick_up_the_black_bowl_next_to_the_cookie_box_and_place_it_on_the_plate,demo_12,5,eye_in_hand,akita_black_bowl_1,is_in_front_of,glazed_rim_porcelain_ramekin_1
pick_up_the_black_bowl_next_to_the_cookie_box_and_place_it_on_the_plate,demo_12,5,eye_in_hand,glazed_rim_porcelain_ramekin_1,is_behind,akita_black_bowl_1
pick_up_the_black_bowl_next_to_the_cookie_box_and_place_it_on_the_plate,demo_12,5,eye_in_hand,akita_black_bowl_1,is_right_of,plate_1
pick_up_the_black_bowl_next_to_the_cookie_box_and_place_it_on_the_plate,demo_12,5,eye_in_hand,plate_1,is_left_of,akita_black_bowl_1
pick_up_the_black_bowl_next_to_the_cookie_box_and_place_it_on_the_plate,demo_12,5,eye_in_hand,akita_black_bowl_1,is_in_front_of,wooden_cabinet_1
pick_up_the_black_bowl_next_to_the_cookie_box_and_place_it_on_the_plate,demo_12,5,eye_in_hand,wooden_cabinet_1,is_behind,akita_black_bowl_1
pick_up_the_black_bowl_next_to_the_cookie_box_and_place_it_on_the_plate,demo_12,5,eye_in_hand,akita_black_bowl_1,is_in_front_of,flat_stove_1
pick_up_the_black_bowl_next_to_the_cookie_box_and_place_it_on_the_plate,demo_12,5,eye_in_hand,flat_stove_1,is_behind,akita_black_bowl_1
pick_up_the_black_bowl_next_to_the_cookie_box_and_place_it_on_the_plate,demo_12,5,eye_in_hand,akita_black_bowl_2,is_behind,cookies_1
pick_up_the_black_bowl_next_to_the_cookie_box_and_place_it_on_the_plate,demo_12,5,eye_in_hand,cookies_1,is_in_front_of,akita_black_bowl_2
pick_up_the_black_bowl_next_to_the_cookie_box_and_place_it_on_the_plate,demo_12,5,eye_in_hand,akita_black_bowl_2,is_right_of,glazed_rim_porcelain_ramekin_1
pick_up_the_black_bowl_next_to_the_cookie_box_and_place_it_on_the_plate,demo_12,5,eye_in_hand,glazed_rim_porcelain_ramekin_1,is_left_of,akita_black_bowl_2
pick_up_the_black_bowl_next_to_the_cookie_box_and_place_it_on_the_plate,demo_12,5,eye_in_hand,akita_black_bowl_2,is_behind,plate_1
pick_up_the_black_bowl_next_to_the_cookie_box_and_place_it_on_the_plate,demo_12,5,eye_in_hand,plate_1,is_in_front_of,akita_black_bowl_2
pick_up_the_black_bowl_next_to_the_cookie_box_and_place_it_on_the_plate,demo_12,5,eye_in_hand,akita_black_bowl_2,is_in_front_of,wooden_cabinet_1
pick_up_the_black_bowl_next_to_the_cookie_box_and_place_it_on_the_plate,demo_12,5,eye_in_hand,wooden_cabinet_1,is_behind,akita_black_bowl_2
pick_up_the_black_bowl_next_to_the_cookie_box_and_place_it_on_the_plate,demo_12,5,eye_in_hand,akita_black_bowl_2,is_on_top_of,flat_stove_1
pick_up_the_black_bowl_next_to_the_cookie_box_and_place_it_on_the_plate,demo_12,5,eye_in_hand,flat_stove_1,is_below_of,akita_black_bowl_2
pick_up_the_black_bowl_next_to_the_cookie_box_and_place_it_on_the_plate,demo_12,5,eye_in_hand,cookies_1,is_in_front_of,glazed_rim_porcelain_ramekin_1
pick_up_the_black_bowl_next_to_the_cookie_box_and_place_it_on_the_plate,demo_12,5,eye_in_hand,glazed_rim_porcelain_ramekin_1,is_behind,cookies_1
pick_up_the_black_bowl_next_to_the_cookie_box_and_place_it_on_the_plate,demo_12,5,eye_in_hand,cookies_1,is_right_of,plate_1
pick_up_the_black_bowl_next_to_the_cookie_box_and_place_it_on_the_plate,demo_12,5,eye_in_hand,plate_1,is_left_of,cookies_1
pick_up_the_black_bowl_next_to_the_cookie_box_and_place_it_on_the_plate,demo_12,5,eye_in_hand,cookies_1,is_in_front_of,wooden_cabinet_1
pick_up_the_black_bowl_next_to_the_cookie_box_and_place_it_on_the_plate,demo_12,5,eye_in_hand,wooden_cabinet_1,is_behind,cookies_1
pick_up_the_black_bowl_next_to_the_cookie_box_and_place_it_on_the_plate,demo_12,5,eye_in_hand,cookies_1,is_in_front_of,flat_stove_1
pick_up_the_black_bowl_next_to_the_cookie_box_and_place_it_on_the_plate,demo_12,5,eye_in_hand,flat_stove_1,is_behind,cookies_1
pick_up_the_black_bowl_next_to_the_cookie_box_and_place_it_on_the_plate,demo_12,5,eye_in_hand,glazed_rim_porcelain_ramekin_1,is_behind,plate_1
pick_up_the_black_bowl_next_to_the_cookie_box_and_place_it_on_the_plate,demo_12,5,eye_in_hand,plate_1,is_in_front_of,glazed_rim_porcelain_ramekin_1
pick_up_the_black_bowl_next_to_the_cookie_box_and_place_it_on_the_plate,demo_12,5,eye_in_hand,glazed_rim_porcelain_ramekin_1,is_in_front_of,wooden_cabinet_1
pick_up_the_black_bowl_next_to_the_cookie_box_and_place_it_on_the_plate,demo_12,5,eye_in_hand,wooden_cabinet_1,is_behind,glazed_rim_porcelain_ramekin_1
pick_up_the_black_bowl_next_to_the_cookie_box_and_place_it_on_the_plate,demo_12,5,eye_in_hand,glazed_rim_porcelain_ramekin_1,is_left_of,flat_stove_1
pick_up_the_black_bowl_next_to_the_cookie_box_and_place_it_on_the_plate,demo_12,5,eye_in_hand,flat_stove_1,is_right_of,glazed_rim_porcelain_ramekin_1
pick_up_the_black_bowl_next_to_the_cookie_box_and_place_it_on_the_plate,demo_12,5,eye_in_hand,plate_1,is_in_front_of,wooden_cabinet_1
pick_up_the_black_bowl_next_to_the_cookie_box_and_place_it_on_the_plate,demo_12,5,eye_in_hand,wooden_cabinet_1,is_behind,plate_1
pick_up_the_black_bowl_next_to_the_cookie_box_and_place_it_on_the_plate,demo_12,5,eye_in_hand,plate_1,is_in_front_of,flat_stove_1
pick_up_the_black_bowl_next_to_the_cookie_box_and_place_it_on_the_plate,demo_12,5,eye_in_hand,flat_stove_1,is_behind,plate_1
pick_up_the_black_bowl_next_to_the_cookie_box_and_place_it_on_the_plate,demo_12,5,eye_in_hand,wooden_cabinet_1,is_behind,flat_stove_1
pick_up_the_black_bowl_next_to_the_cookie_box_and_place_it_on_the_plate,demo_12,5,eye_in_hand,flat_stove_1,is_in_front_of,wooden_cabinet_1
pick_up_the_black_bowl_next_to_the_cookie_box_and_place_it_on_the_plate,demo_12,10,eye_in_hand,flat_stove_1,is_behind,glazed_rim_porcelain_ramekin_1
pick_up_the_black_bowl_next_to_the_cookie_box_and_place_it_on_the_plate,demo_12,10,eye_in_hand,glazed_rim_porcelain_ramekin_1,is_in_front_of,flat_stove_1
pick_up_the_black_bowl_next_to_the_cookie_box_and_place_it_on_the_plate,demo_12,10,eye_in_hand,flat_stove_1,is_behind,plate_1
pick_up_the_black_bowl_next_to_the_cookie_box_and_place_it_on_the_plate,demo_12,10,eye_in_hand,plate_1,is_in_front_of,flat_stove_1
pick_up_the_black_bowl_next_to_the_cookie_box_and_place_it_on_the_plate,demo_12,10,eye_in_hand,flat_stove_1,is_behind,cookies_1
pick_up_the_black_bowl_next_to_the_cookie_box_and_place_it_on_the_plate,demo_12,10,eye_in_hand,cookies_1,is_in_front_of,flat_stove_1
pick_up_the_black_bowl_next_to_the_cookie_box_and_place_it_on_the_plate,demo_12,10,eye_in_hand,flat_stove_1,is_behind,akita_black_bowl_1
pick_up_the_black_bowl_next_to_the_cookie_box_and_place_it_on_the_plate,demo_12,10,eye_in_hand,akita_black_bowl_1,is_in_front_of,flat_stove_1
pick_up_the_black_bowl_next_to_the_cookie_box_and_place_it_on_the_plate,demo_12,10,eye_in_hand,flat_stove_1,is_behind,wooden_cabinet_1
pick_up_the_black_bowl_next_to_the_cookie_box_and_place_it_on_the_plate,demo_12,10,eye_in_hand,wooden_cabinet_1,is_in_front_of,flat_stove_1
pick_up_the_black_bowl_next_to_the_cookie_box_and_place_it_on_the_plate,demo_12,10,eye_in_hand,glazed_rim_porcelain_ramekin_1,is_behind,plate_1
pick_up_the_black_bowl_next_to_the_cookie_box_and_place_it_on_the_plate,demo_12,10,eye_in_hand,plate_1,is_in_front_of,glazed_rim_porcelain_ramekin_1
pick_up_the_black_bowl_next_to_the_cookie_box_and_place_it_on_the_plate,demo_12,10,eye_in_hand,glazed_rim_porcelain_ramekin_1,is_behind,cookies_1
pick_up_the_black_bowl_next_to_the_cookie_box_and_place_it_on_the_plate,demo_12,10,eye_in_hand,cookies_1,is_in_front_of,glazed_rim_porcelain_ramekin_1
pick_up_the_black_bowl_next_to_the_cookie_box_and_place_it_on_the_plate,demo_12,10,eye_in_hand,glazed_rim_porcelain_ramekin_1,is_behind,akita_black_bowl_1
pick_up_the_black_bowl_next_to_the_cookie_box_and_place_it_on_the_plate,demo_12,10,eye_in_hand,akita_black_bowl_1,is_in_front_of,glazed_rim_porcelain_ramekin_1
pick_up_the_black_bowl_next_to_the_cookie_box_and_place_it_on_the_plate,demo_12,10,eye_in_hand,glazed_rim_porcelain_ramekin_1,is_left_of,wooden_cabinet_1
pick_up_the_black_bowl_next_to_the_cookie_box_and_place_it_on_the_plate,demo_12,10,eye_in_hand,wooden_cabinet_1,is_right_of,glazed_rim_porcelain_ramekin_1
pick_up_the_black_bowl_next_to_the_cookie_box_and_place_it_on_the_plate,demo_12,10,eye_in_hand,plate_1,is_left_of,cookies_1
pick_up_the_black_bowl_next_to_the_cookie_box_and_place_it_on_the_plate,demo_12,10,eye_in_hand,cookies_1,is_right_of,plate_1
pick_up_the_black_bowl_next_to_the_cookie_box_and_place_it_on_the_plate,demo_12,10,eye_in_hand,plate_1,is_left_of,akita_black_bowl_1
pick_up_the_black_bowl_next_to_the_cookie_box_and_place_it_on_the_plate,demo_12,10,eye_in_hand,akita_black_bowl_1,is_right_of,plate_1
pick_up_the_black_bowl_next_to_the_cookie_box_and_place_it_on_the_plate,demo_12,10,eye_in_hand,plate_1,is_left_of,wooden_cabinet_1
pick_up_the_black_bowl_next_to_the_cookie_box_and_place_it_on_the_plate,demo_12,10,eye_in_hand,wooden_cabinet_1,is_right_of,plate_1
pick_up_the_black_bowl_next_to_the_cookie_box_and_place_it_on_the_plate,demo_12,10,eye_in_hand,cookies_1,is_left_of,akita_black_bowl_1
pick_up_the_black_bowl_next_to_the_cookie_box_and_place_it_on_the_plate,demo_12,10,eye_in_hand,akita_black_bowl_1,is_right_of,cookies_
pick_up_the_black_bowl_next_to_the_cookie_box_and_place_it_on_the_plate,demo_12,15,eye_in_hand,plate_1,is_left_of,cookies_1
pick_up_the_black_bowl_next_to_the_cookie_box_and_place_it_on_the_plate,demo_12,15,eye_in_hand,cookies_1,is_right_of,plate_1
pick_up_the_black_bowl_next_to_the_cookie_box_and_place_it_on_the_plate,demo_12,15,eye_in_hand,plate_1,is_left_of,akita_black_bowl_1
pick_up_the_black_bowl_next_to_the_cookie_box_and_place_it_on_the_plate,demo_12,15,eye_in_hand,akita_black_bowl_1,is_right_of,plate_1
pick_up_the_black_bowl_next_to_the_cookie_box_and_place_it_on_the_plate,demo_12,15,eye_in_hand,plate_1,is_in_front_of,flat_stove_1
pick_up_the_black_bowl_next_to_the_cookie_box_and_place_it_on_the_plate,demo_12,15,eye_in_hand,flat_stove_1,is_behind,plate_1
pick_up_the_black_bowl_next_to_the_cookie_box_and_place_it_on_the_plate,demo_12,15,eye_in_hand,plate_1,is_on_top_of,wooden_cabinet_1
pick_up_the_black_bowl_next_to_the_cookie_box_and_place_it_on_the_plate,demo_12,15,eye_in_hand,wooden_cabinet_1,is_below_of,plate_1
pick_up_the_black_bowl_next_to_the_cookie_box_and_place_it_on_the_plate,demo_12,15,eye_in_hand,cookies_1,is_left_of,akita_black_bowl_1
pick_up_the_black_bowl_next_to_the_cookie_box_and_place_it_on_the_plate,demo_12,15,eye_in_hand,akita_black_bowl_1,is_right_of,cookies_1
pick_up_the_black_bowl_next_to_the_cookie_box_and_place_it_on_the_plate,demo_12,15,eye_in_hand,cookies_1,is_in_front_of,flat_stove_1
pick_up_the_black_bowl_next_to_the_cookie_box_and_place_it_on_the_plate,demo_12,15,eye_in_hand,flat_stove_1,is_behind,cookies_1
pick_up_the_black_bowl_next_to_the_cookie_box_and_place_it_on_the_plate,demo_12,15,eye_in_hand,cookies_1,is_on_top_of,wooden_cabinet_1
pick_up_the_black_bowl_next_to_the_cookie_box_and_place_it_on_the_plate,demo_12,15,eye_in_hand,wooden_cabinet_1,is_below_of,cookies_1
pick_up_the_black_bowl_next_to_the_cookie_box_and_place_it_on_the_plate,demo_12,15,eye_in_hand,akita_black_bowl_1,is_in_front_of,flat_stove_1
pick_up_the_black_bowl_next_to_the_cookie_box_and_place_it_on_the_plate,demo_12,15,eye_in_hand,flat_stove_1,is_behind,akita_black_bowl_1
pick_up_the_black_bowl_next_to_the_cookie_box_and_place_it_on_the_plate,demo_12,15,eye_in_hand,akita_black_bowl_1,is_on_top_of,wooden_cabinet_1
pick_up_the_black_bowl_next_to_the_cookie_box_and_place_it_on_the_plate,demo_12,15,eye_in_hand,wooden_cabinet_1,is_below_of,akita_black_bowl_1
pick_up_the_black_bowl_next_to_the_cookie_box_and_place_it_on_the_plate,demo_12,15,eye_in_hand,wooden_cabinet_1,is_in_front_of,flat_stove_1
pick_up_the_black_bowl_next_to_the_cookie_box_and_place_it_on_the_plate,demo_12,15,eye_in_hand,flat_stove_1,is_behind,wooden_cabinet_1
pick_up_the_black_bowl_next_to_the_cookie_box_and_place_it_on_the_plate,demo_12,20,eye_in_hand,akita_black_bowl_1,is_in_front_of,wooden_cabinet_1
pick_up_the_black_bowl_next_to_the_cookie_box_and_place_it_on_the_plate,demo_12,20,eye_in_hand,akita_black_bowl_1,is_left_of,flat_stove_1
pick_up_the_black_bowl_next_to_the_cookie_box_and_place_it_on_the_plate,demo_12,20,eye_in_hand,cookies_1,is_left_of,akita_black_bowl_1
pick_up_the_black_bowl_next_to_the_cookie_box_and_place_it_on_the_plate,demo_12,20,eye_in_hand,cookies_1,is_in_front_of,wooden_cabinet_1
pick_up_the_black_bowl_next_to_the_cookie_box_and_place_it_on_the_plate,demo_12,20,eye_in_hand,cookies_1,is_left_of,flat_stove_1
pick_up_the_black_bowl_next_to_the_cookie_box_and_place_it_on_the_plate,demo_12,20,eye_in_hand,flat_stove_1,is_right_of,akita_black_bowl_1
pick_up_the_black_bowl_next_to_the_cookie_box_and_place_it_on_the_plate,demo_12,20,eye_in_hand,flat_stove_1,is_right_of,cookies_1
pick_up_the_black_bowl_next_to_the_cookie_box_and_place_it_on_the_plate,demo_12,20,eye_in_hand,flat_stove_1,is_right_of,plate_1
pick_up_the_black_bowl_next_to_the_cookie_box_and_place_it_on_the_plate,demo_12,20,eye_in_hand,flat_stove_1,is_in_front_of,wooden_cabinet_1
pick_up_the_black_bowl_next_to_the_cookie_box_and_place_it_on_the_plate,demo_12,20,eye_in_hand,plate_1,is_left_of,akita_black_bowl_1
pick_up_the_black_bowl_next_to_the_cookie_box_and_place_it_on_the_plate,demo_12,20,eye_in_hand,plate_1,is_left_of,cookies_1
pick_up_the_black_bowl_next_to_the_cookie_box_and_place_it_on_the_plate,demo_12,20,eye_in_hand,plate_1,is_left_of,flat_stove_1
pick_up_the_black_bowl_next_to_the_cookie_box_and_place_it_on_the_plate,demo_12,20,eye_in_hand,plate_1,is_in_front_of,wooden_cabinet_1
pick_up_the_black_bowl_next_to_the_cookie_box_and_place_it_on_the_plate,demo_12,20,eye_in_hand,wooden_cabinet_1,is_behind,akita_black_bowl_1
pick_up_the_black_bowl_next_to_the_cookie_box_and_place_it_on_the_plate,demo_12,20,eye_in_hand,wooden_cabinet_1,is_behind,cookies_1
pick_up_the_black_bowl_next_to_the_cookie_box_and_place_it_on_the_plate,demo_12,20,eye_in_hand,wooden_cabinet_1,is_behind,flat_stove_1
pick_up_the_black_bowl_next_to_the_cookie_box_and_place_it_on_the_plate,demo_12,20,eye_in_hand,wooden_cabinet_1,is_behind,plate_1
pick_up_the_black_bowl_next_to_the_cookie_box_and_place_it_on_the_plate,demo_12,25,eye_in_hand,plate_1,is_left_of,cookies_1
pick_up_the_black_bowl_next_to_the_cookie_box_and_place_it_on_the_plate,demo_12,25,eye_in_hand,cookies_1,is_right_of,plate_1
pick_up_the_black_bowl_next_to_the_cookie_box_and_place_it_on_the_plate,demo_12,25,eye_in_hand,plate_1,is_left_of,akita_black_bowl_1
pick_up_the_black_bowl_next_to_the_cookie_box_and_place_it_on_the_plate,demo_12,25,eye_in_hand,akita_black_bowl_1,is_right_of,plate_1
pick_up_the_black_bowl_next_to_the_cookie_box_and_place_it_on_the_plate,demo_12,25,eye_in_hand,cookies_1,is_left_of,akita_black_bowl_1
pick_up_the_black_bowl_next_to_the_cookie_box_and_place_it_on_the_plate,demo_12,25,eye_in_hand,akita_black_bowl_1,is_right_of,cookies_1
pick_up_the_black_bowl_next_to_the_cookie_box_and_place_it_on_the_plate,demo_12,25,eye_in_hand,plate_1,is_on_top_of,wooden_cabinet_1
pick_up_the_black_bowl_next_to_the_cookie_box_and_place_it_on_the_plate,demo_12,25,eye_in_hand,wooden_cabinet_1,is_below_of,plate_1
pick_up_the_black_bowl_next_to_the_cookie_box_and_place_it_on_the_plate,demo_12,25,eye_in_hand,cookies_1,is_on_top_of,wooden_cabinet_1
pick_up_the_black_bowl_next_to_the_cookie_box_and_place_it_on_the_plate,demo_12,25,eye_in_hand,wooden_cabinet_1,is_below_of,cookies_1
pick_up_the_black_bowl_next_to_the_cookie_box_and_place_it_on_the_plate,demo_12,25,eye_in_hand,akita_black_bowl_1,is_on_top_of,wooden_cabinet_1
pick_up_the_black_bowl_next_to_the_cookie_box_and_place_it_on_the_plate,demo_12,25,eye_in_hand,wooden_cabinet_1,is_below_of,akita_black_bowl_1
pick_up_the_black_bowl_next_to_the_cookie_box_and_place_it_on_the_plate,demo_12,30,eye_in_hand,cookies_1,is_left_of,plate_1
pick_up_the_black_bowl_next_to_the_cookie_box_and_place_it_on_the_plate,demo_12,30,eye_in_hand,plate_1,is_right_of,cookies_1
pick_up_the_black_bowl_next_to_the_cookie_box_and_place_it_on_the_plate,demo_12,30,eye_in_hand,cookies_1,is_on_top_of,wooden_cabinet_1
pick_up_the_black_bowl_next_to_the_cookie_box_and_place_it_on_the_plate,demo_12,30,eye_in_hand,wooden_cabinet_1,is_below_of,cookies_1
pick_up_the_black_bowl_next_to_the_cookie_box_and_place_it_on_the_plate,demo_12,30,eye_in_hand,plate_1,is_on_top_of,wooden_cabinet_1
pick_up_the_black_bowl_next_to_the_cookie_box_and_place_it_on_the_plate,demo_12,30,eye_in_hand,wooden_cabinet_1,is_below_of,plate_1
pick_up_the_black_bowl_next_to_the_cookie_box_and_place_it_on_the_plate,demo_12,35,eye_in_hand,akita_black_bowl_1,is_right_of,cookies_1
pick_up_the_black_bowl_next_to_the_cookie_box_and_place_it_on_the_plate,demo_12,35,eye_in_hand,akita_black_bowl_1,is_on_top_of,wooden_cabinet_1
pick_up_the_black_bowl_next_to_the_cookie_box_and_place_it_on_the_plate,demo_12,35,eye_in_hand,cookies_1,is_left_of,akita_black_bowl_1
pick_up_the_black_bowl_next_to_the_cookie_box_and_place_it_on_the_plate,demo_12,35,eye_in_hand,cookies_1,is_on_top_of,wooden_cabinet_1
pick_up_the_black_bowl_next_to_the_cookie_box_and_place_it_on_the_plate,demo_12,35,eye_in_hand,wooden_cabinet_1,is_below_of,akita_black_bowl_1
pick_up_the_black_bowl_next_to_the_cookie_box_and_place_it_on_the_plate,demo_12,35,eye_in_hand,wooden_cabinet_1,is_below_of,cookies_1
pick_up_the_black_bowl_next_to_the_cookie_box_and_place_it_on_the_plate,demo_12,40,eye_in_hand,cookies_1,is_left_of,akita_black_bowl_1
pick_up_the_black_bowl_next_to_the_cookie_box_and_place_it_on_the_plate,demo_12,40,eye_in_hand,akita_black_bowl_1,is_right_of,cookies_1
pick_up_the_black_bowl_next_to_the_cookie_box_and_place_it_on_the_plate,demo_12,40,eye_in_hand,cookies_1,is_on_top_of,wooden_cabinet_1
pick_up_the_black_bowl_next_to_the_cookie_box_and_place_it_on_the_plate,demo_12,40,eye_in_hand,wooden_cabinet_1,is_below_of,cookies_1
pick_up_the_black_bowl_next_to_the_cookie_box_and_place_it_on_the_plate,demo_12,40,eye_in_hand,akita_black_bowl_1,is_on_top_of,wooden_cabinet_1
pick_up_the_black_bowl_next_to_the_cookie_box_and_place_it_on_the_plate,demo_12,40,eye_in_hand,wooden_cabinet_1,is_below_of,akita_black_bowl_1
pick_up_the_black_bowl_next_to_the_cookie_box_and_place_it_on_the_plate,demo_12,45,eye_in_hand,akita_black_bowl_1,is_right_of,cookies_1
pick_up_the_black_bowl_next_to_the_cookie_box_and_place_it_on_the_plate,demo_12,45,eye_in_hand,akita_black_bowl_1,is_on_top_of,wooden_cabinet_1
pick_up_the_black_bowl_next_to_the_cookie_box_and_place_it_on_the_plate,demo_12,45,eye_in_hand,cookies_1,is_left_of,akita_black_bowl_1
pick_up_the_black_bowl_next_to_the_cookie_box_and_place_it_on_the_plate,demo_12,45,eye_in_hand,cookies_1,is_on_top_of,wooden_cabinet_1
pick_up_the_black_bowl_next_to_the_cookie_box_and_place_it_on_the_plate,demo_12,45,eye_in_hand,wooden_cabinet_1,is_below_of,akita_black_bowl_1
pick_up_the_black_bowl_next_to_the_cookie_box_and_place_it_on_the_plate,demo_12,45,eye_in_hand,wooden_cabinet_1,is_below_of,cookies_1
pick_up_the_black_bowl_next_to_the_cookie_box_and_place_it_on_the_plate,demo_12,50,eye_in_hand,akita_black_bowl_1,is_right_of,cookies_1
pick_up_the_black_bowl_next_to_the_cookie_box_and_place_it_on_the_plate,demo_12,50,eye_in_hand,akita_black_bowl_1,is_on_top_of,wooden_cabinet_1
pick_up_the_black_bowl_next_to_the_cookie_box_and_place_it_on_the_plate,demo_12,50,eye_in_hand,cookies_1,is_left_of,akita_black_bowl_1
pick_up_the_black_bowl_next_to_the_cookie_box_and_place_it_on_the_plate,demo_12,50,eye_in_hand,cookies_1,is_on_top_of,wooden_cabinet_1
pick_up_the_black_bowl_next_to_the_cookie_box_and_place_it_on_the_plate,demo_12,50,eye_in_hand,wooden_cabinet_1,is_below_of,akita_black_bowl_1
pick_up_the_black_bowl_next_to_the_cookie_box_and_place_it_on_the_plate,demo_12,50,eye_in_hand,wooden_cabinet_1,is_below_of,cookies_1
pick_up_the_black_bowl_next_to_the_cookie_box_and_place_it_on_the_plate,demo_12,55,eye_in_hand,akita_black_bowl_1,is_on_top_of,wooden_cabinet_1
pick_up_the_black_bowl_next_to_the_cookie_box_and_place_it_on_the_plate,demo_12,55,eye_in_hand,wooden_cabinet_1,is_below_of,akita_black_bowl_1
pick_up_the_black_bowl_next_to_the_cookie_box_and_place_it_on_the_plate,demo_12,55,eye_in_hand,cookies_1,is_on_top_of,wooden_cabinet_1
pick_up_the_black_bowl_next_to_the_cookie_box_and_place_it_on_the_plate,demo_12,55,eye_in_hand,wooden_cabinet_1,is_below_of,cookies_1
pick_up_the_black_bowl_next_to_the_cookie_box_and_place_it_on_the_plate,demo_12,55,eye_in_hand,akita_black_bowl_1,is_right_of,cookies_1
pick_up_the_black_bowl_next_to_the_cookie_box_and_place_it_on_the_plate,demo_12,55,eye_in_hand,cookies_1,is_left_of,akita_black_bowl_1
pick_up_the_black_bowl_next_to_the_cookie_box_and_place_it_on_the_plate,demo_12,60,eye_in_hand,akita_black_bowl_1,is_right_of,cookies_1
pick_up_the_black_bowl_next_to_the_cookie_box_and_place_it_on_the_plate,demo_12,60,eye_in_hand,akita_black_bowl_1,is_on_top_of,wooden_cabinet_1
pick_up_the_black_bowl_next_to_the_cookie_box_and_place_it_on_the_plate,demo_12,60,eye_in_hand,cookies_1,is_left_of,akita_black_bowl_1
pick_up_the_black_bowl_next_to_the_cookie_box_and_place_it_on_the_plate,demo_12,60,eye_in_hand,cookies_1,is_on_top_of,wooden_cabinet_1
pick_up_the_black_bowl_next_to_the_cookie_box_and_place_it_on_the_plate,demo_12,60,eye_in_hand,wooden_cabinet_1,is_below_of,akita_black_bowl_1
pick_up_the_black_bowl_next_to_the_cookie_box_and_place_it_on_the_plate,demo_12,60,eye_in_hand,wooden_cabinet_1,is_below_of,cookies_1
pick_up_the_black_bowl_next_to_the_cookie_box_and_place_it_on_the_plate,demo_12,65,eye_in_hand,akita_black_bowl_1,is_right_of,cookies_1
pick_up_the_black_bowl_next_to_the_cookie_box_and_place_it_on_the_plate,demo_12,65,eye_in_hand,akita_black_bowl_1,is_on_top_of,wooden_cabinet_1
pick_up_the_black_bowl_next_to_the_cookie_box_and_place_it_on_the_plate,demo_12,65,eye_in_hand,cookies_1,is_left_of,akita_black_bowl_1
pick_up_the_black_bowl_next_to_the_cookie_box_and_place_it_on_the_plate,demo_12,65,eye_in_hand,cookies_1,is_on_top_of,wooden_cabinet_1
pick_up_the_black_bowl_next_to_the_cookie_box_and_place_it_on_the_plate,demo_12,65,eye_in_hand,wooden_cabinet_1,is_below_of,akita_black_bowl_1
pick_up_the_black_bowl_next_to_the_cookie_box_and_place_it_on_the_plate,demo_12,65,eye_in_hand,wooden_cabinet_1,is_below_of,cookies_1
pick_up_the_black_bowl_next_to_the_cookie_box_and_place_it_on_the_plate,demo_12,70,eye_in_hand,akita_black_bowl_1,is_right_of,cookies_1
pick_up_the_black_bowl_next_to_the_cookie_box_and_place_it_on_the_plate,demo_12,70,eye_in_hand,akita_black_bowl_1,is_on_top_of,wooden_cabinet_1
pick_up_the_black_bowl_next_to_the_cookie_box_and_place_it_on_the_plate,demo_12,70,eye_in_hand,cookies_1,is_left_of,akita_black_bowl_1
pick_up_the_black_bowl_next_to_the_cookie_box_and_place_it_on_the_plate,demo_12,70,eye_in_hand,cookies_1,is_on_top_of,wooden_cabinet_1
pick_up_the_black_bowl_next_to_the_cookie_box_and_place_it_on_the_plate,demo_12,70,eye_in_hand,wooden_cabinet_1,is_below_of,akita_black_bowl_1
pick_up_the_black_bowl_next_to_the_cookie_box_and_place_it_on_the_plate,demo_12,70,eye_in_hand,wooden_cabinet_1,is_below_of,cookies_1
pick_up_the_black_bowl_next_to_the_cookie_box_and_place_it_on_the_plate,demo_12,75,eye_in_hand,akita_black_bowl_1,is_on_top_of,wooden_cabinet_1
pick_up_the_black_bowl_next_to_the_cookie_box_and_place_it_on_the_plate,demo_12,75,eye_in_hand,akita_black_bowl_1,is_right_of,cookies_1
pick_up_the_black_bowl_next_to_the_cookie_box_and_place_it_on_the_plate,demo_12,75,eye_in_hand,cookies_1,is_on_top_of,wooden_cabinet_1
pick_up_the_black_bowl_next_to_the_cookie_box_and_place_it_on_the_plate,demo_12,75,eye_in_hand,cookies_1,is_left_of,akita_black_bowl_1
pick_up_the_black_bowl_next_to_the_cookie_box_and_place_it_on_the_plate,demo_12,75,eye_in_hand,wooden_cabinet_1,is_below_of,akita_black_bowl_1
pick_up_the_black_bowl_next_to_the_cookie_box_and_place_it_on_the_plate,demo_12,75,eye_in_hand,wooden_cabinet_1,is_below_of,cookies_1
pick_up_the_black_bowl_next_to_the_cookie_box_and_place_it_on_the_plate,demo_12,80,eye_in_hand,plate_1,is_on_top_of,wooden_cabinet_1
pick_up_the_black_bowl_next_to_the_cookie_box_and_place_it_on_the_plate,demo_12,80,eye_in_hand,wooden_cabinet_1,is_below_of,plate_1
pick_up_the_black_bowl_next_to_the_cookie_box_and_place_it_on_the_plate,demo_12,80,eye_in_hand,cookies_1,is_on_top_of,wooden_cabinet_1
pick_up_the_black_bowl_next_to_the_cookie_box_and_place_it_on_the_plate,demo_12,80,eye_in_hand,wooden_cabinet_1,is_below_of,cookies_1
pick_up_the_black_bowl_next_to_the_cookie_box_and_place_it_on_the_plate,demo_12,80,eye_in_hand,akita_black_bowl_1,is_on_top_of,wooden_cabinet_1
pick_up_the_black_bowl_next_to_the_cookie_box_and_place_it_on_the_plate,demo_12,80,eye_in_hand,wooden_cabinet_1,is_below_of,akita_black_bowl_1
pick_up_the_black_bowl_next_to_the_cookie_box_and_place_it_on_the_plate,demo_12,80,eye_in_hand,plate_1,is_left_of,cookies_1
pick_up_the_black_bowl_next_to_the_cookie_box_and_place_it_on_the_plate,demo_12,80,eye_in_hand,cookies_1,is_right_of,plate_1
pick_up_the_black_bowl_next_to_the_cookie_box_and_place_it_on_the_plate,demo_12,80,eye_in_hand,plate_1,is_left_of,akita_black_bowl_1
pick_up_the_black_bowl_next_to_the_cookie_box_and_place_it_on_the_plate,demo_12,80,eye_in_hand,akita_black_bowl_1,is_right_of,plate_1
pick_up_the_black_bowl_next_to_the_cookie_box_and_place_it_on_the_plate,demo_12,80,eye_in_hand,cookies_1,is_left_of,akita_black_bowl_1
pick_up_the_black_bowl_next_to_the_cookie_box_and_place_it_on_the_plate,demo_12,80,eye_in_hand,akita_black_bowl_1,is_right_of,cookies_1
pick_up_the_black_bowl_next_to_the_cookie_box_and_place_it_on_the_plate,demo_12,85,eye_in_hand,akita_black_bowl_1,is_on_top_of,wooden_cabinet_1
pick_up_the_black_bowl_next_to_the_cookie_box_and_place_it_on_the_plate,demo_12,85,eye_in_hand,wooden_cabinet_1,is_below_of,akita_black_bowl_1
pick_up_the_black_bowl_next_to_the_cookie_box_and_place_it_on_the_plate,demo_12,85,eye_in_hand,cookies_1,is_on_top_of,wooden_cabinet_1
pick_up_the_black_bowl_next_to_the_cookie_box_and_place_it_on_the_plate,demo_12,85,eye_in_hand,wooden_cabinet_1,is_below_of,cookies_1
pick_up_the_black_bowl_next_to_the_cookie_box_and_place_it_on_the_plate,demo_12,85,eye_in_hand,plate_1,is_on_top_of,wooden_cabinet_1
pick_up_the_black_bowl_next_to_the_cookie_box_and_place_it_on_the_plate,demo_12,85,eye_in_hand,wooden_cabinet_1,is_below_of,plate_1
pick_up_the_black_bowl_next_to_the_cookie_box_and_place_it_on_the_plate,demo_12,85,eye_in_hand,plate_1,is_left_of,cookies_1
pick_up_the_black_bowl_next_to_the_cookie_box_and_place_it_on_the_plate,demo_12,85,eye_in_hand,cookies_1,is_right_of,plate_1
pick_up_the_black_bowl_next_to_the_cookie_box_and_place_it_on_the_plate,demo_12,85,eye_in_hand,plate_1,is_left_of,akita_black_bowl_1
pick_up_the_black_bowl_next_to_the_cookie_box_and_place_it_on_the_plate,demo_12,85,eye_in_hand,akita_black_bowl_1,is_right_of,plate_1
pick_up_the_black_bowl_next_to_the_cookie_box_and_place_it_on_the_plate,demo_12,85,eye_in_hand,cookies_1,is_left_of,akita_black_bowl_1
pick_up_the_black_bowl_next_to_the_cookie_box_and_place_it_on_the_plate,demo_12,85,eye_in_hand,akita_black_bowl_1,is_right_of,cookies_1
pick_up_the_black_bowl_next_to_the_cookie_box_and_place_it_on_the_plate,demo_12,90,eye_in_hand,plate_1,is_left_of,akita_black_bowl_1
pick_up_the_black_bowl_next_to_the_cookie_box_and_place_it_on_the_plate,demo_12,90,eye_in_hand,akita_black_bowl_1,is_right_of,plate_1
pick_up_the_black_bowl_next_to_the_cookie_box_and_place_it_on_the_plate,demo_12,90,eye_in_hand,plate_1,is_left_of,cookies_1
pick_up_the_black_bowl_next_to_the_cookie_box_and_place_it_on_the_plate,demo_12,90,eye_in_hand,cookies_1,is_right_of,plate_1
pick_up_the_black_bowl_next_to_the_cookie_box_and_place_it_on_the_plate,demo_12,90,eye_in_hand,plate_1,is_on_top_of,wooden_cabinet_1
pick_up_the_black_bowl_next_to_the_cookie_box_and_place_it_on_the_plate,demo_12,90,eye_in_hand,wooden_cabinet_1,is_below_of,plate_1
pick_up_the_black_bowl_next_to_the_cookie_box_and_place_it_on_the_plate,demo_12,90,eye_in_hand,plate_1,is_in_front_of,flat_stove_1
pick_up_the_black_bowl_next_to_the_cookie_box_and_place_it_on_the_plate,demo_12,90,eye_in_hand,flat_stove_1,is_behind,plate_1
pick_up_the_black_bowl_next_to_the_cookie_box_and_place_it_on_the_plate,demo_12,90,eye_in_hand,akita_black_bowl_1,is_right_of,cookies_1
pick_up_the_black_bowl_next_to_the_cookie_box_and_place_it_on_the_plate,demo_12,90,eye_in_hand,cookies_1,is_left_of,akita_black_bowl_1
pick_up_the_black_bowl_next_to_the_cookie_box_and_place_it_on_the_plate,demo_12,90,eye_in_hand,akita_black_bowl_1,is_on_top_of,wooden_cabinet_1
pick_up_the_black_bowl_next_to_the_cookie_box_and_place_it_on_the_plate,demo_12,90,eye_in_hand,wooden_cabinet_1,is_below_of,akita_black_bowl_1
pick_up_the_black_bowl_next_to_the_cookie_box_and_place_it_on_the_plate,demo_12,90,eye_in_hand,akita_black_bowl_1,is_in_front_of,flat_stove_1
pick_up_the_black_bowl_next_to_the_cookie_box_and_place_it_on_the_plate,demo_12,90,eye_in_hand,flat_stove_1,is_behind,akita_black_bowl_1
pick_up_the_black_bowl_next_to_the_cookie_box_and_place_it_on_the_plate,demo_12,90,eye_in_hand,cookies_1,is_on_top_of,wooden_cabinet_1
pick_up_the_black_bowl_next_to_the_cookie_box_and_place_it_on_the_plate,demo_12,90,eye_in_hand,wooden_cabinet_1,is_below_of,cookies_1
pick_up_the_black_bowl_next_to_the_cookie_box_and_place_it_on_the_plate,demo_12,90,eye_in_hand,cookies_1,is_in_front_of,flat_stove_1
pick_up_the_black_bowl_next_to_the_cookie_box_and_place_it_on_the_plate,demo_12,90,eye_in_hand,flat_stove_1,is_behind,cookies_1
pick_up_the_black_bowl_next_to_the_cookie_box_and_place_it_on_the_plate,demo_12,90,eye_in_hand,wooden_cabinet_1,is_in_front_of,flat_stove_1
pick_up_the_black_bowl_next_to_the_cookie_box_and_place_it_on_the_plate,demo_12,90,eye_in_hand,flat_stove_1,is_behind,wooden_cabinet_1
pick_up_the_black_bowl_next_to_the_cookie_box_and_place_it_on_the_plate,demo_12,95,eye_in_hand,akita_black_bowl_2,is_on_top_of,wooden_cabinet_1
pick_up_the_black_bowl_next_to_the_cookie_box_and_place_it_on_the_plate,demo_12,95,eye_in_hand,wooden_cabinet_1,is_below_of,akita_black_bowl_2
pick_up_the_black_bowl_next_to_the_cookie_box_and_place_it_on_the_plate,demo_12,95,eye_in_hand,plate_1,is_on_top_of,wooden_cabinet_1
pick_up_the_black_bowl_next_to_the_cookie_box_and_place_it_on_the_plate,demo_12,95,eye_in_hand,wooden_cabinet_1,is_below_of,plate_1
pick_up_the_black_bowl_next_to_the_cookie_box_and_place_it_on_the_plate,demo_12,95,eye_in_hand,plate_1,is_left_of,akita_black_bowl_2
pick_up_the_black_bowl_next_to_the_cookie_box_and_place_it_on_the_plate,demo_12,95,eye_in_hand,akita_black_bowl_2,is_right_of,plate_1
pick_up_the_black_bowl_next_to_the_cookie_box_and_place_it_on_the_plate,demo_12,100,eye_in_hand,plate_1,is_left_of,akita_black_bowl_1
pick_up_the_black_bowl_next_to_the_cookie_box_and_place_it_on_the_plate,demo_12,100,eye_in_hand,akita_black_bowl_1,is_right_of,plate_1
pick_up_the_black_bowl_next_to_the_cookie_box_and_place_it_on_the_plate,demo_12,100,eye_in_hand,plate_1,is_on_top_of,wooden_cabinet_1
pick_up_the_black_bowl_next_to_the_cookie_box_and_place_it_on_the_plate,demo_12,100,eye_in_hand,wooden_cabinet_1,is_below_of,plate_1
pick_up_the_black_bowl_next_to_the_cookie_box_and_place_it_on_the_plate,demo_12,100,eye_in_hand,akita_black_bowl_1,is_on_top_of,wooden_cabinet_1
pick_up_the_black_bowl_next_to_the_cookie_box_and_place_it_on_the_plate,demo_12,100,eye_in_hand,wooden_cabinet_1,is_below_of,akita_black_bowl_1
pick_up_the_black_bowl_next_to_the_cookie_box_and_place_it_on_the_plate,demo_12,105,eye_in_hand,plate_1,is_on_top_of,wooden_cabinet_1
pick_up_the_black_bowl_next_to_the_cookie_box_and_place_it_on_the_plate,demo_12,105,eye_in_hand,wooden_cabinet_1,is_below_of,plate_1
pick_up_the_black_bowl_next_to_the_cookie_box_and_place_it_on_the_plate,demo_12,105,eye_in_hand,akita_black_bowl_2,is_on_top_of,wooden_cabinet_1
pick_up_the_black_bowl_next_to_the_cookie_box_and_place_it_on_the_plate,demo_12,105,eye_in_hand,wooden_cabinet_1,is_below_of,akita_black_bowl_2
pick_up_the_black_bowl_next_to_the_cookie_box_and_place_it_on_the_plate,demo_12,105,eye_in_hand,plate_1,is_left_of,akita_black_bowl_2
pick_up_the_black_bowl_next_to_the_cookie_box_and_place_it_on_the_plate,demo_12,105,eye_in_hand,akita_black_bowl_2,is_right_of,plate_1
pick_up_the_black_bowl_next_to_the_cookie_box_and_place_it_on_the_plate,demo_12,110,eye_in_hand,akita_black_bowl_1,is_right_of,plate_1
pick_up_the_black_bowl_next_to_the_cookie_box_and_place_it_on_the_plate,demo_12,110,eye_in_hand,plate_1,is_left_of,akita_black_bowl_1
pick_up_the_black_bowl_next_to_the_cookie_box_and_place_it_on_the_plate,demo_12,110,eye_in_hand,akita_black_bowl_1,is_in_front_of,wooden_cabinet_1
pick_up_the_black_bowl_next_to_the_cookie_box_and_place_it_on_the_plate,demo_12,110,eye_in_hand,wooden_cabinet_1,is_behind,akita_black_bowl_1
pick_up_the_black_bowl_next_to_the_cookie_box_and_place_it_on_the_plate,demo_12,110,eye_in_hand,plate_1,is_on_top_of,wooden_cabinet_1
pick_up_the_black_bowl_next_to_the_cookie_box_and_place_it_on_the_plate,demo_12,110,eye_in_hand,wooden_cabinet_1,is_below_of,plate_1
pick_up_the_black_bowl_next_to_the_cookie_box_and_place_it_on_the_plate,demo_12,115,eye_in_hand,akita_black_bowl_1,is_on_top_of,plate_1
pick_up_the_black_bowl_next_to_the_cookie_box_and_place_it_on_the_plate,demo_12,115,eye_in_hand,plate_1,is_below_of,akita_black_bowl_1
pick_up_the_black_bowl_next_to_the_cookie_box_and_place_it_on_the_plate,demo_12,115,eye_in_hand,akita_black_bowl_1,is_on_top_of,wooden_cabinet_1
pick_up_the_black_bowl_next_to_the_cookie_box_and_place_it_on_the_plate,demo_12,115,eye_in_hand,wooden_cabinet_1,is_below_of,akita_black_bowl_1
pick_up_the_black_bowl_next_to_the_cookie_box_and_place_it_on_the_plate,demo_12,115,eye_in_hand,plate_1,is_on_top_of,wooden_cabinet_1
pick_up_the_black_bowl_next_to_the_cookie_box_and_place_it_on_the_plate,demo_12,115,eye_in_hand,wooden_cabinet_1,is_below_of,plate_1
pick_up_the_black_bowl_next_to_the_cookie_box_and_place_it_on_the_plate,demo_12,120,eye_in_hand,akita_black_bowl_1,is_on_top_of,plate_1
pick_up_the_black_bowl_next_to_the_cookie_box_and_place_it_on_the_plate,demo_12,120,eye_in_hand,plate_1,is_below_of,akita_black_bowl_1
pick_up_the_black_bowl_next_to_the_cookie_box_and_place_it_on_the_plate,demo_12,120,eye_in_hand,akita_black_bowl_1,is_on_top_of,wooden_cabinet_1
pick_up_the_black_bowl_next_to_the_cookie_box_and_place_it_on_the_plate,demo_12,120,eye_in_hand,wooden_cabinet_1,is_below_of,akita_black_bowl_1
pick_up_the_black_bowl_next_to_the_cookie_box_and_place_it_on_the_plate,demo_12,120,eye_in_hand,plate_1,is_on_top_of,wooden_cabinet_1
pick_up_the_black_bowl_next_to_the_cookie_box_and_place_it_on_the_plate,demo_12,120,eye_in_hand,wooden_cabinet_1,is_below_of,plate_1
pick_up_the_black_bowl_next_to_the_cookie_box_and_place_it_on_the_plate,demo_13,0,eye_in_hand,akita_black_bowl_1,is_right_of,akita_black_bowl_2
pick_up_the_black_bowl_next_to_the_cookie_box_and_place_it_on_the_plate,demo_13,0,eye_in_hand,akita_black_bowl_2,is_left_of,akita_black_bowl_1
pick_up_the_black_bowl_next_to_the_cookie_box_and_place_it_on_the_plate,demo_13,0,eye_in_hand,akita_black_bowl_1,is_behind,cookies_1
pick_up_the_black_bowl_next_to_the_cookie_box_and_place_it_on_the_plate,demo_13,0,eye_in_hand,cookies_1,is_in_front_of,akita_black_bowl_1
pick_up_the_black_bowl_next_to_the_cookie_box_and_place_it_on_the_plate,demo_13,0,eye_in_hand,akita_black_bowl_1,is_right_of,glazed_rim_porcelain_ramekin_1
pick_up_the_black_bowl_next_to_the_cookie_box_and_place_it_on_the_plate,demo_13,0,eye_in_hand,glazed_rim_porcelain_ramekin_1,is_left_of,akita_black_bowl_1
pick_up_the_black_bowl_next_to_the_cookie_box_and_place_it_on_the_plate,demo_13,0,eye_in_hand,akita_black_bowl_1,is_right_of,plate_1
pick_up_the_black_bowl_next_to_the_cookie_box_and_place_it_on_the_plate,demo_13,5,eye_in_hand,akita_black_bowl_1,is_left_of,flat_stove_1
pick_up_the_black_bowl_next_to_the_cookie_box_and_place_it_on_the_plate,demo_13,5,eye_in_hand,flat_stove_1,is_right_of,akita_black_bowl_1
pick_up_the_black_bowl_next_to_the_cookie_box_and_place_it_on_the_plate,demo_13,5,eye_in_hand,akita_black_bowl_1,is_behind,plate_1
pick_up_the_black_bowl_next_to_the_cookie_box_and_place_it_on_the_plate,demo_13,5,eye_in_hand,plate_1,is_in_front_of,akita_black_bowl_1
pick_up_the_black_bowl_next_to_the_cookie_box_and_place_it_on_the_plate,demo_13,5,eye_in_hand,akita_black_bowl_1,is_behind,cookies_1
pick_up_the_black_bowl_next_to_the_cookie_box_and_place_it_on_the_plate,demo_13,5,eye_in_hand,cookies_1,is_in_front_of,akita_black_bowl_1
pick_up_the_black_bowl_next_to_the_cookie_box_and_place_it_on_the_plate,demo_13,5,eye_in_hand,akita_black_bowl_1,is_behind,glazed_rim_porcelain_ramekin_1
pick_up_the_black_bowl_next_to_the_cookie_box_and_place_it_on_the_plate,demo_13,10,eye_in_hand,akita_black_bowl_1,is_in_front_of,akita_black_bowl_2
pick_up_the_black_bowl_next_to_the_cookie_box_and_place_it_on_the_plate,demo_13,10,eye_in_hand,akita_black_bowl_2,is_behind,akita_black_bowl_1
pick_up_the_black_bowl_next_to_the_cookie_box_and_place_it_on_the_plate,demo_13,10,eye_in_hand,akita_black_bowl_1,is_right_of,cookies_1
pick_up_the_black_bowl_next_to_the_cookie_box_and_place_it_on_the_plate,demo_13,10,eye_in_hand,cookies_1,is_left_of,akita_black_bowl_1
pick_up_the_black_bowl_next_to_the_cookie_box_and_place_it_on_the_plate,demo_13,10,eye_in_hand,akita_black_bowl_1,is_in_front_of,glazed_rim_porcelain_ramekin_1
pick_up_the_black_bowl_next_to_the_cookie_box_and_place_it_on_the_plate,demo_13,10,eye_in_hand,glazed_rim_porcelain_ramekin_1,is_behind,akita_black_bowl_1
pick_up_the_black_bowl_next_to_the_cookie_box_and_place_it_on_the_plate,demo_13,10,eye_in_hand,akita_black_bowl_1,is_right_of,plate_1
pick_up_the_black_bowl_next_to_the_cookie_box_and_place_it_on_the_plate,demo_13,15,eye_in_hand,plate_1,is_left_of,cookies_1
pick_up_the_black_bowl_next_to_the_cookie_box_and_place_it_on_the_plate,demo_13,15,eye_in_hand,cookies_1,is_right_of,plate_1
pick_up_the_black_bowl_next_to_the_cookie_box_and_place_it_on_the_plate,demo_13,15,eye_in_hand,plate_1,is_left_of,akita_black_bowl_1
pick_up_the_black_bowl_next_to_the_cookie_box_and_place_it_on_the_plate,demo_13,15,eye_in_hand,akita_black_bowl_1,is_right_of,plate_1
pick_up_the_black_bowl_next_to_the_cookie_box_and_place_it_on_the_plate,demo_13,15,eye_in_hand,plate_1,is_left_of,wooden_cabinet_1
pick_up_the_black_bowl_next_to_the_cookie_box_and_place_it_on_the_plate,demo_13,15,eye_in_hand,wooden_cabinet_1,is_right_of,plate_1
pick_up_the_black_bowl_next_to_the_cookie_box_and_place_it_on_the_plate,demo_13,15,eye_in_hand,plate_1,is_in_front_of,flat_stove_1
pick_up_the_black_bowl_next_to_the_cookie_box_and_place_it_on_the_plate,demo_13,15,eye_in_hand,flat_stove_1,is_behind,plate_1
pick_up_the_black_bowl_next_to_the_cookie_box_and_place_it_on_the_plate,demo_13,15,eye_in_hand,cookies_1,is_left_of,akita_black_bowl_1
pick_up_the_black_bowl_next_to_the_cookie_box_and_place_it_on_the_plate,demo_13,15,eye_in_hand,akita_black_bowl_1,is_right_of,cookies_1
pick_up_the_black_bowl_next_to_the_cookie_box_and_place_it_on_the_plate,demo_13,15,eye_in_hand,cookies_1,is_left_of,wooden_cabinet_1
pick_up_the_black_bowl_next_to_the_cookie_box_and_place_it_on_the_plate,demo_13,15,eye_in_hand,wooden_cabinet_1,is_right_of,cookies_1
pick_up_the_black_bowl_next_to_the_cookie_box_and_place_it_on_the_plate,demo_13,15,eye_in_hand,cookies_1,is_in_front_of,flat_stove_1
pick_up_the_black_bowl_next_to_the_cookie_box_and_place_it_on_the_plate,demo_13,15,eye_in_hand,flat_stove_1,is_behind,cookies_1
pick_up_the_black_bowl_next_to_the_cookie_box_and_place_it_on_the_plate,demo_13,15,eye_in_hand,akita_black_bowl_1,is_left_of,wooden_cabinet_1
pick_up_the_black_bowl_next_to_the_cookie_box_and_place_it_on_the_plate,demo_13,15,eye_in_hand,wooden_cabinet_1,is_right_of,akita_black_bowl_1
pick_up_the_black_bowl_next_to_the_cookie_box_and_place_it_on_the_plate,demo_13,15,eye_in_hand,akita_black_bowl_1,is_in_front_of,flat_stove_1
pick_up_the_black_bowl_next_to_the_cookie_box_and_place_it_on_the_plate,demo_13,15,eye_in_hand,flat_stove_1,is_behind,akita_black_bowl_1
pick_up_the_black_bowl_next_to_the_cookie_box_and_place_it_on_the_plate,demo_13,15,eye_in_hand,wooden_cabinet_1,is_in_front_of,flat_stove_1
pick_up_the_black_bowl_next_to_the_cookie_box_and_place_it_on_the_plate,demo_13,15,eye_in_hand,flat_stove_1,is_behind,wooden_cabinet_1
pick_up_the_black_bowl_next_to_the_cookie_box_and_place_it_on_the_plate,demo_13,20,eye_in_hand,akita_black_bowl_1,is_right_of,cookies_1
pick_up_the_black_bowl_next_to_the_cookie_box_and_place_it_on_the_plate,demo_13,20,eye_in_hand,akita_black_bowl_1,is_in_front_of,flat_stove_1
pick_up_the_black_bowl_next_to_the_cookie_box_and_place_it_on_the_plate,demo_13,20,eye_in_hand,akita_black_bowl_1,is_right_of,plate_1
pick_up_the_black_bowl_next_to_the_cookie_box_and_place_it_on_the_plate,demo_13,20,eye_in_hand,akita_black_bowl_1,is_left_of,wooden_cabinet_1
pick_up_the_black_bowl_next_to_the_cookie_box_and_place_it_on_the_plate,demo_13,20,eye_in_hand,cookies_1,is_left_of,akita_black_bowl_1
pick_up_the_black_bowl_next_to_the_cookie_box_and_place_it_on_the_plate,demo_13,20,eye_in_hand,cookies_1,is_in_front_of,flat_stove_1
pick_up_the_black_bowl_next_to_the_cookie_box_and_place_it_on_the_plate,demo_13,20,eye_in_hand,cookies_1,is_right_of,plate_1
pick_up_the_black_bowl_next_to_the_cookie_box_and_place_it_on_the_plate,demo_13,20,eye_in_hand,cookies_1,is_left_of,wooden_cabinet_1
pick_up_the_black_bowl_next_to_the_cookie_box_and_place_it_on_the_plate,demo_13,20,eye_in_hand,flat_stove_1,is_behind,akita_black_bowl_1
pick_up_the_black_bowl_next_to_the_cookie_box_and_place_it_on_the_plate,demo_13,20,eye_in_hand,flat_stove_1,is_behind,cookies_1
pick_up_the_black_bowl_next_to_the_cookie_box_and_place_it_on_the_plate,demo_13,20,eye_in_hand,flat_stove_1,is_behind,plate_1
pick_up_the_black_bowl_next_to_the_cookie_box_and_place_it_on_the_plate,demo_13,20,eye_in_hand,flat_stove_1,is_behind,wooden_cabinet_1
pick_up_the_black_bowl_next_to_the_cookie_box_and_place_it_on_the_plate,demo_13,20,eye_in_hand,plate_1,is_left_of,akita_black_bowl_1
pick_up_the_black_bowl_next_to_the_cookie_box_and_place_it_on_the_plate,demo_13,20,eye_in_hand,plate_1,is_left_of,cookies_1
pick_up_the_black_bowl_next_to_the_cookie_box_and_place_it_on_the_plate,demo_13,20,eye_in_hand,plate_1,is_in_front_of,flat_stove_1
pick_up_the_black_bowl_next_to_the_cookie_box_and_place_it_on_the_plate,demo_13,20,eye_in_hand,plate_1,is_left_of,wooden_cabinet_1
pick_up_the_black_bowl_next_to_the_cookie_box_and_place_it_on_the_plate,demo_13,20,eye_in_hand,wooden_cabinet_1,is_right_of,akita_black_bowl_1
pick_up_the_black_bowl_next_to_the_cookie_box_and_place_it_on_the_plate,demo_13,20,eye_in_hand,wooden_cabinet_1,is_right_of,cookies_1
pick_up_the_black_bowl_next_to_the_cookie_box_and_place_it_on_the_plate,demo_13,20,eye_in_hand,wooden_cabinet_1,is_in_front_of,flat_stove_1
pick_up_the_black_bowl_next_to_the_cookie_box_and_place_it_on_the_plate,demo_13,20,eye_in_hand,wooden_cabinet_1,is_right_of,plate_1
pick_up_the_black_bowl_next_to_the_cookie_box_and_place_it_on_the_plate,demo_13,25,eye_in_hand,akita_black_bowl_1,is_in_front_of,flat_stove_1
pick_up_the_black_bowl_next_to_the_cookie_box_and_place_it_on_the_plate,demo_13,25,eye_in_hand,akita_black_bowl_1,is_left_of,wooden_cabinet_1
pick_up_the_black_bowl_next_to_the_cookie_box_and_place_it_on_the_plate,demo_13,25,eye_in_hand,akita_black_bowl_1,is_right_of,cookies_1
pick_up_the_black_bowl_next_to_the_cookie_box_and_place_it_on_the_plate,demo_13,25,eye_in_hand,akita_black_bowl_1,is_right_of,plate_1
pick_up_the_black_bowl_next_to_the_cookie_box_and_place_it_on_the_plate,demo_13,25,eye_in_hand,cookies_1,is_in_front_of,flat_stove_1
pick_up_the_black_bowl_next_to_the_cookie_box_and_place_it_on_the_plate,demo_13,25,eye_in_hand,cookies_1,is_left_of,akita_black_bowl_1
pick_up_the_black_bowl_next_to_the_cookie_box_and_place_it_on_the_plate,demo_13,25,eye_in_hand,cookies_1,is_left_of,wooden_cabinet_1
pick_up_the_black_bowl_next_to_the_cookie_box_and_place_it_on_the_plate,demo_13,25,eye_in_hand,cookies_1,is_right_of,plate_1
pick_up_the_black_bowl_next_to_the_cookie_box_and_place_it_on_the_plate,demo_13,25,eye_in_hand,flat_stove_1,is_behind,akita_black_bowl_1
pick_up_the_black_bowl_next_to_the_cookie_box_and_place_it_on_the_plate,demo_13,25,eye_in_hand,flat_stove_1,is_behind,cookies_1
pick_up_the_black_bowl_next_to_the_cookie_box_and_place_it_on_the_plate,demo_13,25,eye_in_hand,flat_stove_1,is_behind,plate_1
pick_up_the_black_bowl_next_to_the_cookie_box_and_place_it_on_the_plate,demo_13,25,eye_in_hand,flat_stove_1,is_behind,wooden_cabinet_1
pick_up_the_black_bowl_next_to_the_cookie_box_and_place_it_on_the_plate,demo_13,25,eye_in_hand,plate_1,is_in_front_of,flat_stove_1
pick_up_the_black_bowl_next_to_the_cookie_box_and_place_it_on_the_plate,demo_13,25,eye_in_hand,plate_1,is_left_of,akita_black_bowl_1
pick_up_the_black_bowl_next_to_the_cookie_box_and_place_it_on_the_plate,demo_13,25,eye_in_hand,plate_1,is_left_of,cookies_1
pick_up_the_black_bowl_next_to_the_cookie_box_and_place_it_on_the_plate,demo_13,25,eye_in_hand,plate_1,is_left_of,wooden_cabinet_1
pick_up_the_black_bowl_next_to_the_cookie_box_and_place_it_on_the_plate,demo_13,25,eye_in_hand,wooden_cabinet_1,is_in_front_of,flat_stove_1
pick_up_the_black_bowl_next_to_the_cookie_box_and_place_it_on_the_plate,demo_13,25,eye_in_hand,wooden_cabinet_1,is_right_of,akita_black_bowl_1
pick_up_the_black_bowl_next_to_the_cookie_box_and_place_it_on_the_plate,demo_13,25,eye_in_hand,wooden_cabinet_1,is_right_of,cookies_1
pick_up_the_black_bowl_next_to_the_cookie_box_and_place_it_on_the_plate,demo_13,25,eye_in_hand,wooden_cabinet_1,is_right_of,plate_1
pick_up_the_black_bowl_next_to_the_cookie_box_and_place_it_on_the_plate,demo_13,30,eye_in_hand,plate_1,is_left_of,cookies_1
pick_up_the_black_bowl_next_to_the_cookie_box_and_place_it_on_the_plate,demo_13,30,eye_in_hand,cookies_1,is_right_of,plate_1
pick_up_the_black_bowl_next_to_the_cookie_box_and_place_it_on_the_plate,demo_13,30,eye_in_hand,plate_1,is_left_of,akita_black_bowl_1
pick_up_the_black_bowl_next_to_the_cookie_box_and_place_it_on_the_plate,demo_13,30,eye_in_hand,akita_black_bowl_1,is_right_of,plate_1
pick_up_the_black_bowl_next_to_the_cookie_box_and_place_it_on_the_plate,demo_13,30,eye_in_hand,plate_1,is_left_of,akita_black_bowl_2
pick_up_the_black_bowl_next_to_the_cookie_box_and_place_it_on_the_plate,demo_13,30,eye_in_hand,akita_black_bowl_2,is_right_of,plate_1
pick_up_the_black_bowl_next_to_the_cookie_box_and_place_it_on_the_plate,demo_13,30,eye_in_hand,plate_1,is_in_front_of,flat_stove_1
pick_up_the_black_bowl_next_to_the_cookie_box_and_place_it_on_the_plate,demo_13,30,eye_in_hand,flat_stove_1,is_behind,plate_1
pick_up_the_black_bowl_next_to_the_cookie_box_and_place_it_on_the_plate,demo_13,30,eye_in_hand,plate_1,is_on_top_of,wooden_cabinet_1
pick_up_the_black_bowl_next_to_the_cookie_box_and_place_it_on_the_plate,demo_13,30,eye_in_hand,wooden_cabinet_1,is_below_of,plate_1
pick_up_the_black_bowl_next_to_the_cookie_box_and_place_it_on_the_plate,demo_13,30,eye_in_hand,cookies_1,is_left_of,akita_black_bowl_1
pick_up_the_black_bowl_next_to_the_cookie_box_and_place_it_on_the_plate,demo_13,30,eye_in_hand,akita_black_bowl_1,is_right_of,cookies_1
pick_up_the_black_bowl_next_to_the_cookie_box_and_place_it_on_the_plate,demo_13,30,eye_in_hand,cookies_1,is_left_of,akita_black_bowl_2
pick_up_the_black_bowl_next_to_the_cookie_box_and_place_it_on_the_plate,demo_13,30,eye_in_hand,akita_black_bowl_2,is_right_of,cookies_1
pick_up_the_black_bowl_next_to_the_cookie_box_and_place_it_on_the_plate,demo_13,30,eye_in_hand,cookies_1,is_in_front_of,flat_stove_1
pick_up_the_black_bowl_next_to_the_cookie_box_and_place_it_on_the_plate,demo_13,30,eye_in_hand,flat_stove_1,is_behind,cookies_1
pick_up_the_black_bowl_next_to_the_cookie_box_and_place_it_on_the_plate,demo_13,30,eye_in_hand,cookies_1,is_on_top_of,wooden_cabinet_1
pick_up_the_black_bowl_next_to_the_cookie_box_and_place_it_on_the_plate,demo_13,30,eye_in_hand,wooden_cabinet_1,is_below_of,cookies_1
pick_up_the_black_bowl_next_to_the_cookie_box_and_place_it_on_the_plate,demo_13,30,eye_in_hand,akita_black_bowl_1,is_left_of,akita_black_bowl_2
pick_up_the_black_bowl_next_to_the_cookie_box_and_place_it_on_the_plate,demo_13,30,eye_in_hand,akita_black_bowl_2,is_right_of,akita_black_bowl_1
pick_up_the_black_bowl_next_to_the_cookie_box_and_place_it_on_the_plate,demo_13,30,eye_in_hand,akita_black_bowl_1,is_in_front_of,flat_stove_1
pick_up_the_black_bowl_next_to_the_cookie_box_and_place_it_on_the_plate,demo_13,30,eye_in_hand,flat_stove_1,is_behind,akita_black_bowl_1
pick_up_the_black_bowl_next_to_the_cookie_box_and_place_it_on_the_plate,demo_13,30,eye_in_hand,akita_black_bowl_1,is_on_top_of,wooden_cabinet_1
pick_up_the_black_bowl_next_to_the_cookie_box_and_place_it_on_the_plate,demo_13,30,eye_in_hand,wooden_cabinet_1,is_below_of,akita_black_bowl_1
pick_up_the_black_bowl_next_to_the_cookie_box_and_place_it_on_the_plate,demo_13,30,eye_in_hand,akita_black_bowl_2,is_in_front_of,flat_stove_1
pick_up_the_black_bowl_next_to_the_cookie_box_and_place_it_on_the_plate,demo_13,30,eye_in_hand,flat_stove_1,is_behind,akita_black_bowl_2
pick_up_the_black_bowl_next_to_the_cookie_box_and_place_it_on_the_plate,demo_13,30,eye_in_hand,akita_black_bowl_2,is_on_top_of,wooden_cabinet_1
pick_up_the_black_bowl_next_to_the_cookie_box_and_place_it_on_the_plate,demo_13,30,eye_in_hand,wooden_cabinet_1,is_below_of,akita_black_bowl_2
pick_up_the_black_bowl_next_to_the_cookie_box_and_place_it_on_the_plate,demo_13,30,eye_in_hand,flat_stove_1,is_behind,wooden_cabinet_1
pick_up_the_black_bowl_next_to_the_cookie_box_and_place_it_on_the_plate,demo_13,30,eye_in_hand,wooden_cabinet_1,is_in_front_of,flat_stove_1
pick_up_the_black_bowl_next_to_the_cookie_box_and_place_it_on_the_plate,demo_13,35,eye_in_hand,cookies_1,is_left_of,plate_1
pick_up_the_black_bowl_next_to_the_cookie_box_and_place_it_on_the_plate,demo_13,35,eye_in_hand,plate_1,is_right_of,cookies_1
pick_up_the_black_bowl_next_to_the_cookie_box_and_place_it_on_the_plate,demo_13,35,eye_in_hand,cookies_1,is_on_top_of,wooden_cabinet_1
pick_up_the_black_bowl_next_to_the_cookie_box_and_place_it_on_the_plate,demo_13,35,eye_in_hand,wooden_cabinet_1,is_below_of,cookies_1
pick_up_the_black_bowl_next_to_the_cookie_box_and_place_it_on_the_plate,demo_13,35,eye_in_hand,cookies_1,is_in_front_of,flat_stove_1
pick_up_the_black_bowl_next_to_the_cookie_box_and_place_it_on_the_plate,demo_13,35,eye_in_hand,flat_stove_1,is_behind,cookies_1
pick_up_the_black_bowl_next_to_the_cookie_box_and_place_it_on_the_plate,demo_13,35,eye_in_hand,plate_1,is_on_top_of,wooden_cabinet_1
pick_up_the_black_bowl_next_to_the_cookie_box_and_place_it_on_the_plate,demo_13,35,eye_in_hand,wooden_cabinet_1,is_below_of,plate_1
pick_up_the_black_bowl_next_to_the_cookie_box_and_place_it_on_the_plate,demo_13,35,eye_in_hand,plate_1,is_in_front_of,flat_stove_1
pick_up_the_black_bowl_next_to_the_cookie_box_and_place_it_on_the_plate,demo_13,35,eye_in_hand,flat_stove_1,is_behind,plate_1
pick_up_the_black_bowl_next_to_the_cookie_box_and_place_it_on_the_plate,demo_13,35,eye_in_hand,wooden_cabinet_1,is_in_front_of,flat_stove_1
pick_up_the_black_bowl_next_to_the_cookie_box_and_place_it_on_the_plate,demo_13,35,eye_in_hand,flat_stove_1,is_behind,wooden_cabinet_1
pick_up_the_black_bowl_next_to_the_cookie_box_and_place_it_on_the_plate,demo_13,40,eye_in_hand,akita_black_bowl_2,is_right_of,cookies_1
pick_up_the_black_bowl_next_to_the_cookie_box_and_place_it_on_the_plate,demo_13,40,eye_in_hand,akita_black_bowl_2,is_on_top_of,wooden_cabinet_1
pick_up_the_black_bowl_next_to_the_cookie_box_and_place_it_on_the_plate,demo_13,40,eye_in_hand,cookies_1,is_left_of,akita_black_bowl_2
pick_up_the_black_bowl_next_to_the_cookie_box_and_place_it_on_the_plate,demo_13,40,eye_in_hand,cookies_1,is_on_top_of,wooden_cabinet_1
pick_up_the_black_bowl_next_to_the_cookie_box_and_place_it_on_the_plate,demo_13,40,eye_in_hand,wooden_cabinet_1,is_below_of,akita_black_bowl_2
pick_up_the_black_bowl_next_to_the_cookie_box_and_place_it_on_the_plate,demo_13,40,eye_in_hand,wooden_cabinet_1,is_below_of,cookies_1
pick_up_the_black_bowl_next_to_the_cookie_box_and_place_it_on_the_plate,demo_13,45,eye_in_hand,akita_black_bowl_1,is_right_of,cookies_1
pick_up_the_black_bowl_next_to_the_cookie_box_and_place_it_on_the_plate,demo_13,45,eye_in_hand,akita_black_bowl_1,is_on_top_of,wooden_cabinet_1
pick_up_the_black_bowl_next_to_the_cookie_box_and_place_it_on_the_plate,demo_13,45,eye_in_hand,cookies_1,is_left_of,akita_black_bowl_1
pick_up_the_black_bowl_next_to_the_cookie_box_and_place_it_on_the_plate,demo_13,45,eye_in_hand,cookies_1,is_on_top_of,wooden_cabinet_1
pick_up_the_black_bowl_next_to_the_cookie_box_and_place_it_on_the_plate,demo_13,45,eye_in_hand,wooden_cabinet_1,is_below_of,akita_black_bowl_1
pick_up_the_black_bowl_next_to_the_cookie_box_and_place_it_on_the_plate,demo_13,45,eye_in_hand,wooden_cabinet_1,is_below_of,cookies_1
pick_up_the_black_bowl_next_to_the_cookie_box_and_place_it_on_the_plate,demo_13,50,eye_in_hand,akita_black_bowl_1,is_right_of,cookies_1
pick_up_the_black_bowl_next_to_the_cookie_box_and_place_it_on_the_plate,demo_13,50,eye_in_hand,akita_black_bowl_1,is_on_top_of,wooden_cabinet_1
pick_up_the_black_bowl_next_to_the_cookie_box_and_place_it_on_the_plate,demo_13,50,eye_in_hand,cookies_1,is_left_of,akita_black_bowl_1
pick_up_the_black_bowl_next_to_the_cookie_box_and_place_it_on_the_plate,demo_13,50,eye_in_hand,cookies_1,is_on_top_of,wooden_cabinet_1
pick_up_the_black_bowl_next_to_the_cookie_box_and_place_it_on_the_plate,demo_13,50,eye_in_hand,wooden_cabinet_1,is_below_of,akita_black_bowl_1
pick_up_the_black_bowl_next_to_the_cookie_box_and_place_it_on_the_plate,demo_13,50,eye_in_hand,wooden_cabinet_1,is_below_of,cookies_1
pick_up_the_black_bowl_next_to_the_cookie_box_and_place_it_on_the_plate,demo_13,55,eye_in_hand,akita_black_bowl_1,is_right_of,cookies_1
pick_up_the_black_bowl_next_to_the_cookie_box_and_place_it_on_the_plate,demo_13,55,eye_in_hand,akita_black_bowl_1,is_on_top_of,wooden_cabinet_1
pick_up_the_black_bowl_next_to_the_cookie_box_and_place_it_on_the_plate,demo_13,55,eye_in_hand,cookies_1,is_left_of,akita_black_bowl_1
pick_up_the_black_bowl_next_to_the_cookie_box_and_place_it_on_the_plate,demo_13,55,eye_in_hand,cookies_1,is_on_top_of,wooden_cabinet_1
pick_up_the_black_bowl_next_to_the_cookie_box_and_place_it_on_the_plate,demo_13,55,eye_in_hand,wooden_cabinet_1,is_below_of,akita_black_bowl_1
pick_up_the_black_bowl_next_to_the_cookie_box_and_place_it_on_the_plate,demo_13,55,eye_in_hand,wooden_cabinet_1,is_below_of,cookies_1
pick_up_the_black_bowl_next_to_the_cookie_box_and_place_it_on_the_plate,demo_13,60,eye_in_hand,akita_black_bowl_1,is_right_of,cookies_1
pick_up_the_black_bowl_next_to_the_cookie_box_and_place_it_on_the_plate,demo_13,60,eye_in_hand,akita_black_bowl_1,is_on_top_of,wooden_cabinet_1
pick_up_the_black_bowl_next_to_the_cookie_box_and_place_it_on_the_plate,demo_13,60,eye_in_hand,cookies_1,is_left_of,akita_black_bowl_1
pick_up_the_black_bowl_next_to_the_cookie_box_and_place_it_on_the_plate,demo_13,60,eye_in_hand,cookies_1,is_on_top_of,wooden_cabinet_1
pick_up_the_black_bowl_next_to_the_cookie_box_and_place_it_on_the_plate,demo_13,60,eye_in_hand,wooden_cabinet_1,is_below_of,akita_black_bowl_1
pick_up_the_black_bowl_next_to_the_cookie_box_and_place_it_on_the_plate,demo_13,60,eye_in_hand,wooden_cabinet_1,is_below_of,cookies_1
pick_up_the_black_bowl_next_to_the_cookie_box_and_place_it_on_the_plate,demo_13,65,eye_in_hand,akita_black_bowl_2,is_right_of,cookies_1
pick_up_the_black_bowl_next_to_the_cookie_box_and_place_it_on_the_plate,demo_13,65,eye_in_hand,akita_black_bowl_2,is_on_top_of,wooden_cabinet_1
pick_up_the_black_bowl_next_to_the_cookie_box_and_place_it_on_the_plate,demo_13,65,eye_in_hand,cookies_1,is_left_of,akita_black_bowl_2
pick_up_the_black_bowl_next_to_the_cookie_box_and_place_it_on_the_plate,demo_13,65,eye_in_hand,cookies_1,is_on_top_of,wooden_cabinet_1
pick_up_the_black_bowl_next_to_the_cookie_box_and_place_it_on_the_plate,demo_13,65,eye_in_hand,wooden_cabinet_1,is_below_of,akita_black_bowl_2
pick_up_the_black_bowl_next_to_the_cookie_box_and_place_it_on_the_plate,demo_13,65,eye_in_hand,wooden_cabinet_1,is_below_of,cookies_1
pick_up_the_black_bowl_next_to_the_cookie_box_and_place_it_on_the_plate,demo_13,70,eye_in_hand,akita_black_bowl_1,is_right_of,cookies_1
pick_up_the_black_bowl_next_to_the_cookie_box_and_place_it_on_the_plate,demo_13,70,eye_in_hand,cookies_1,is_left_of,akita_black_bowl_1
pick_up_the_black_bowl_next_to_the_cookie_box_and_place_it_on_the_plate,demo_13,70,eye_in_hand,akita_black_bowl_1,is_on_top_of,wooden_cabinet_1
pick_up_the_black_bowl_next_to_the_cookie_box_and_place_it_on_the_plate,demo_13,70,eye_in_hand,wooden_cabinet_1,is_below_of,akita_black_bowl_1
pick_up_the_black_bowl_next_to_the_cookie_box_and_place_it_on_the_plate,demo_13,70,eye_in_hand,akita_black_bowl_1,is_in_front_of,flat_stove_1
pick_up_the_black_bowl_next_to_the_cookie_box_and_place_it_on_the_plate,demo_13,70,eye_in_hand,flat_stove_1,is_behind,akita_black_bowl_1
pick_up_the_black_bowl_next_to_the_cookie_box_and_place_it_on_the_plate,demo_13,70,eye_in_hand,cookies_1,is_on_top_of,wooden_cabinet_1
pick_up_the_black_bowl_next_to_the_cookie_box_and_place_it_on_the_plate,demo_13,70,eye_in_hand,wooden_cabinet_1,is_below_of,cookies_1
pick_up_the_black_bowl_next_to_the_cookie_box_and_place_it_on_the_plate,demo_13,70,eye_in_hand,cookies_1,is_in_front_of,flat_stove_1
pick_up_the_black_bowl_next_to_the_cookie_box_and_place_it_on_the_plate,demo_13,70,eye_in_hand,flat_stove_1,is_behind,cookies_1
pick_up_the_black_bowl_next_to_the_cookie_box_and_place_it_on_the_plate,demo_13,70,eye_in_hand,wooden_cabinet_1,is_in_front_of,flat_stove_1
pick_up_the_black_bowl_next_to_the_cookie_box_and_place_it_on_the_plate,demo_13,70,eye_in_hand,flat_stove_1,is_behind,wooden_cabinet_1
pick_up_the_black_bowl_next_to_the_cookie_box_and_place_it_on_the_plate,demo_13,75,eye_in_hand,cookies_1,is_left_of,akita_black_bowl_1
pick_up_the_black_bowl_next_to_the_cookie_box_and_place_it_on_the_plate,demo_13,75,eye_in_hand,akita_black_bowl_1,is_right_of,cookies_1
pick_up_the_black_bowl_next_to_the_cookie_box_and_place_it_on_the_plate,demo_13,75,eye_in_hand,cookies_1,is_on_top_of,wooden_cabinet_1
pick_up_the_black_bowl_next_to_the_cookie_box_and_place_it_on_the_plate,demo_13,75,eye_in_hand,wooden_cabinet_1,is_below_of,cookies_1
pick_up_the_black_bowl_next_to_the_cookie_box_and_place_it_on_the_plate,demo_13,75,eye_in_hand,akita_black_bowl_1,is_on_top_of,wooden_cabinet_1
pick_up_the_black_bowl_next_to_the_cookie_box_and_place_it_on_the_plate,demo_13,75,eye_in_hand,wooden_cabinet_1,is_below_of,akita_black_bowl_1
pick_up_the_black_bowl_next_to_the_cookie_box_and_place_it_on_the_plate,demo_13,80,eye_in_hand,plate_1,is_left_of,cookies_1
pick_up_the_black_bowl_next_to_the_cookie_box_and_place_it_on_the_plate,demo_13,80,eye_in_hand,cookies_1,is_right_of,plate_1
pick_up_the_black_bowl_next_to_the_cookie_box_and_place_it_on_the_plate,demo_13,80,eye_in_hand,plate_1,is_left_of,akita_black_bowl_1
pick_up_the_black_bowl_next_to_the_cookie_box_and_place_it_on_the_plate,demo_13,80,eye_in_hand,akita_black_bowl_1,is_right_of,plate_1
pick_up_the_black_bowl_next_to_the_cookie_box_and_place_it_on_the_plate,demo_13,80,eye_in_hand,cookies_1,is_left_of,akita_black_bowl_1
pick_up_the_black_bowl_next_to_the_cookie_box_and_place_it_on_the_plate,demo_13,80,eye_in_hand,akita_black_bowl_1,is_right_of,cookies_1
pick_up_the_black_bowl_next_to_the_cookie_box_and_place_it_on_the_plate,demo_13,80,eye_in_hand,plate_1,is_on_top_of,wooden_cabinet_1
pick_up_the_black_bowl_next_to_the_cookie_box_and_place_it_on_the_plate,demo_13,80,eye_in_hand,wooden_cabinet_1,is_below_of,plate_1
pick_up_the_black_bowl_next_to_the_cookie_box_and_place_it_on_the_plate,demo_13,80,eye_in_hand,cookies_1,is_on_top_of,wooden_cabinet_1
pick_up_the_black_bowl_next_to_the_cookie_box_and_place_it_on_the_plate,demo_13,80,eye_in_hand,wooden_cabinet_1,is_below_of,cookies_1
pick_up_the_black_bowl_next_to_the_cookie_box_and_place_it_on_the_plate,demo_13,80,eye_in_hand,akita_black_bowl_1,is_on_top_of,wooden_cabinet_1
pick_up_the_black_bowl_next_to_the_cookie_box_and_place_it_on_the_plate,demo_13,80,eye_in_hand,wooden_cabinet_1,is_below_of,akita_black_bowl_1
pick_up_the_black_bowl_next_to_the_cookie_box_and_place_it_on_the_plate,demo_13,85,eye_in_hand,plate_1,is_left_of,cookies_1
pick_up_the_black_bowl_next_to_the_cookie_box_and_place_it_on_the_plate,demo_13,85,eye_in_hand,cookies_1,is_right_of,plate_1
pick_up_the_black_bowl_next_to_the_cookie_box_and_place_it_on_the_plate,demo_13,85,eye_in_hand,plate_1,is_left_of,akita_black_bowl_1
pick_up_the_black_bowl_next_to_the_cookie_box_and_place_it_on_the_plate,demo_13,85,eye_in_hand,akita_black_bowl_1,is_right_of,plate_1
pick_up_the_black_bowl_next_to_the_cookie_box_and_place_it_on_the_plate,demo_13,85,eye_in_hand,plate_1,is_on_top_of,wooden_cabinet_1
pick_up_the_black_bowl_next_to_the_cookie_box_and_place_it_on_the_plate,demo_13,85,eye_in_hand,wooden_cabinet_1,is_below_of,plate_1
pick_up_the_black_bowl_next_to_the_cookie_box_and_place_it_on_the_plate,demo_13,85,eye_in_hand,plate_1,is_left_of,flat_stove_1
pick_up_the_black_bowl_next_to_the_cookie_box_and_place_it_on_the_plate,demo_13,85,eye_in_hand,flat_stove_1,is_right_of,plate_1
pick_up_the_black_bowl_next_to_the_cookie_box_and_place_it_on_the_plate,demo_13,85,eye_in_hand,cookies_1,is_left_of,akita_black_bowl_1
pick_up_the_black_bowl_next_to_the_cookie_box_and_place_it_on_the_plate,demo_13,85,eye_in_hand,akita_black_bowl_1,is_right_of,cookies_1
pick_up_the_black_bowl_next_to_the_cookie_box_and_place_it_on_the_plate,demo_13,85,eye_in_hand,cookies_1,is_on_top_of,wooden_cabinet_1
pick_up_the_black_bowl_next_to_the_cookie_box_and_place_it_on_the_plate,demo_13,85,eye_in_hand,wooden_cabinet_1,is_below_of,cookies_1
pick_up_the_black_bowl_next_to_the_cookie_box_and_place_it_on_the_plate,demo_13,85,eye_in_hand,cookies_1,is_in_front_of,flat_stove_1
pick_up_the_black_bowl_next_to_the_cookie_box_and_place_it_on_the_plate,demo_13,85,eye_in_hand,flat_stove_1,is_behind,cookies_1
pick_up_the_black_bowl_next_to_the_cookie_box_and_place_it_on_the_plate,demo_13,85,eye_in_hand,akita_black_bowl_1,is_behind,wooden_cabinet_1
pick_up_the_black_bowl_next_to_the_cookie_box_and_place_it_on_the_plate,demo_13,85,eye_in_hand,wooden_cabinet_1,is_in_front_of,akita_black_bowl_1
pick_up_the_black_bowl_next_to_the_cookie_box_and_place_it_on_the_plate,demo_13,85,eye_in_hand,akita_black_bowl_1,is_in_front_of,flat_stove_1
pick_up_the_black_bowl_next_to_the_cookie_box_and_place_it_on_the_plate,demo_13,85,eye_in_hand,flat_stove_1,is_behind,akita_black_bowl_1
pick_up_the_black_bowl_next_to_the_cookie_box_and_place_it_on_the_plate,demo_13,85,eye_in_hand,wooden_cabinet_1,is_in_front_of,flat_stove_1
pick_up_the_black_bowl_next_to_the_cookie_box_and_place_it_on_the_plate,demo_13,85,eye_in_hand,flat_stove_1,is_behind,wooden_cabinet_1
pick_up_the_black_bowl_next_to_the_cookie_box_and_place_it_on_the_plate,demo_13,90,eye_in_hand,plate_1,is_left_of,akita_black_bowl_1
pick_up_the_black_bowl_next_to_the_cookie_box_and_place_it_on_the_plate,demo_13,90,eye_in_hand,akita_black_bowl_1,is_right_of,plate_1
pick_up_the_black_bowl_next_to_the_cookie_box_and_place_it_on_the_plate,demo_13,90,eye_in_hand,plate_1,is_on_top_of,wooden_cabinet_1
pick_up_the_black_bowl_next_to_the_cookie_box_and_place_it_on_the_plate,demo_13,90,eye_in_hand,wooden_cabinet_1,is_below_of,plate_1
pick_up_the_black_bowl_next_to_the_cookie_box_and_place_it_on_the_plate,demo_13,90,eye_in_hand,akita_black_bowl_1,is_on_top_of,wooden_cabinet_1
pick_up_the_black_bowl_next_to_the_cookie_box_and_place_it_on_the_plate,demo_13,90,eye_in_hand,wooden_cabinet_1,is_below_of,akita_black_bowl_1
pick_up_the_black_bowl_next_to_the_cookie_box_and_place_it_on_the_plate,demo_13,95,eye_in_hand,akita_black_bowl_1,is_on_top_of,wooden_cabinet_1
pick_up_the_black_bowl_next_to_the_cookie_box_and_place_it_on_the_plate,demo_13,95,eye_in_hand,wooden_cabinet_1,is_below_of,akita_black_bowl_1
pick_up_the_black_bowl_next_to_the_cookie_box_and_place_it_on_the_plate,demo_13,95,eye_in_hand,plate_1,is_on_top_of,wooden_cabinet_1
pick_up_the_black_bowl_next_to_the_cookie_box_and_place_it_on_the_plate,demo_13,95,eye_in_hand,wooden_cabinet_1,is_below_of,plate_1
pick_up_the_black_bowl_next_to_the_cookie_box_and_place_it_on_the_plate,demo_13,95,eye_in_hand,plate_1,is_left_of,akita_black_bowl_1
pick_up_the_black_bowl_next_to_the_cookie_box_and_place_it_on_the_plate,demo_13,95,eye_in_hand,akita_black_bowl_1,is_right_of,plate_1
pick_up_the_black_bowl_next_to_the_cookie_box_and_place_it_on_the_plate,demo_13,100,eye_in_hand,plate_1,is_on_top_of,wooden_cabinet_1
pick_up_the_black_bowl_next_to_the_cookie_box_and_place_it_on_the_plate,demo_13,100,eye_in_hand,wooden_cabinet_1,is_below_of,plate_1
pick_up_the_black_bowl_next_to_the_cookie_box_and_place_it_on_the_plate,demo_13,100,eye_in_hand,akita_black_bowl_1,is_on_top_of,wooden_cabinet_1
pick_up_the_black_bowl_next_to_the_cookie_box_and_place_it_on_the_plate,demo_13,100,eye_in_hand,wooden_cabinet_1,is_below_of,akita_black_bowl_1
pick_up_the_black_bowl_next_to_the_cookie_box_and_place_it_on_the_plate,demo_13,100,eye_in_hand,plate_1,is_left_of,akita_black_bowl_1
pick_up_the_black_bowl_next_to_the_cookie_box_and_place_it_on_the_plate,demo_13,100,eye_in_hand,akita_black_bowl_1,is_right_of,plate_1
pick_up_the_black_bowl_next_to_the_cookie_box_and_place_it_on_the_plate,demo_13,105,eye_in_hand,plate_1,is_left_of,akita_black_bowl_1
pick_up_the_black_bowl_next_to_the_cookie_box_and_place_it_on_the_plate,demo_13,105,eye_in_hand,akita_black_bowl_1,is_right_of,plate_1
pick_up_the_black_bowl_next_to_the_cookie_box_and_place_it_on_the_plate,demo_13,105,eye_in_hand,plate_1,is_left_of,cookies_1
pick_up_the_black_bowl_next_to_the_cookie_box_and_place_it_on_the_plate,demo_13,105,eye_in_hand,cookies_1,is_right_of,plate_1
pick_up_the_black_bowl_next_to_the_cookie_box_and_place_it_on_the_plate,demo_13,105,eye_in_hand,plate_1,is_in_front_of,flat_stove_1
pick_up_the_black_bowl_next_to_the_cookie_box_and_place_it_on_the_plate,demo_13,105,eye_in_hand,flat_stove_1,is_behind,plate_1
pick_up_the_black_bowl_next_to_the_cookie_box_and_place_it_on_the_plate,demo_13,105,eye_in_hand,plate_1,is_on_top_of,wooden_cabinet_1
pick_up_the_black_bowl_next_to_the_cookie_box_and_place_it_on_the_plate,demo_13,105,eye_in_hand,wooden_cabinet_1,is_below_of,plate_1
pick_up_the_black_bowl_next_to_the_cookie_box_and_place_it_on_the_plate,demo_13,105,eye_in_hand,akita_black_bowl_1,is_left_of,cookies_1
pick_up_the_black_bowl_next_to_the_cookie_box_and_place_it_on_the_plate,demo_13,105,eye_in_hand,cookies_1,is_right_of,akita_black_bowl_1
pick_up_the_black_bowl_next_to_the_cookie_box_and_place_it_on_the_plate,demo_13,105,eye_in_hand,akita_black_bowl_1,is_in_front_of,flat_stove_1
pick_up_the_black_bowl_next_to_the_cookie_box_and_place_it_on_the_plate,demo_13,105,eye_in_hand,flat_stove_1,is_behind,akita_black_bowl_1
pick_up_the_black_bowl_next_to_the_cookie_box_and_place_it_on_the_plate,demo_13,105,eye_in_hand,akita_black_bowl_1,is_on_top_of,wooden_cabinet_1
pick_up_the_black_bowl_next_to_the_cookie_box_and_place_it_on_the_plate,demo_13,105,eye_in_hand,wooden_cabinet_1,is_below_of,akita_black_bowl_1
pick_up_the_black_bowl_next_to_the_cookie_box_and_place_it_on_the_plate,demo_13,105,eye_in_hand,cookies_1,is_in_front_of,flat_stove_1
pick_up_the_black_bowl_next_to_the_cookie_box_and_place_it_on_the_plate,demo_13,105,eye_in_hand,flat_stove_1,is_behind,cookies_1
pick_up_the_black_bowl_next_to_the_cookie_box_and_place_it_on_the_plate,demo_13,105,eye_in_hand,cookies_1,is_on_top_of,wooden_cabinet_1
pick_up_the_black_bowl_next_to_the_cookie_box_and_place_it_on_the_plate,demo_13,105,eye_in_hand,wooden_cabinet_1,is_below_of,cookies_1
pick_up_the_black_bowl_next_to_the_cookie_box_and_place_it_on_the_plate,demo_13,105,eye_in_hand,wooden_cabinet_1,is_in_front_of,flat_stove_1
pick_up_the_black_bowl_next_to_the_cookie_box_and_place_it_on_the_plate,demo_13,105,eye_in_hand,flat_stove_1,is_behind,wooden_cabinet_1
pick_up_the_black_bowl_next_to_the_cookie_box_and_place_it_on_the_plate,demo_13,110,eye_in_hand,akita_black_bowl_2,is_right_of,plate_1
pick_up_the_black_bowl_next_to_the_cookie_box_and_place_it_on_the_plate,demo_13,110,eye_in_hand,plate_1,is_left_of,akita_black_bowl_2
pick_up_the_black_bowl_next_to_the_cookie_box_and_place_it_on_the_plate,demo_13,110,eye_in_hand,akita_black_bowl_2,is_in_front_of,flat_stove_1
pick_up_the_black_bowl_next_to_the_cookie_box_and_place_it_on_the_plate,demo_13,110,eye_in_hand,flat_stove_1,is_behind,akita_black_bowl_2
pick_up_the_black_bowl_next_to_the_cookie_box_and_place_it_on_the_plate,demo_13,110,eye_in_hand,akita_black_bowl_2,is_behind,wooden_cabinet_1
pick_up_the_black_bowl_next_to_the_cookie_box_and_place_it_on_the_plate,demo_13,110,eye_in_hand,wooden_cabinet_1,is_in_front_of,akita_black_bowl_2
pick_up_the_black_bowl_next_to_the_cookie_box_and_place_it_on_the_plate,demo_13,110,eye_in_hand,plate_1,is_in_front_of,flat_stove_1
pick_up_the_black_bowl_next_to_the_cookie_box_and_place_it_on_the_plate,demo_13,110,eye_in_hand,flat_stove_1,is_behind,plate_1
pick_up_the_black_bowl_next_to_the_cookie_box_and_place_it_on_the_plate,demo_13,110,eye_in_hand,plate_1,is_on_top_of,wooden_cabinet_1
pick_up_the_black_bowl_next_to_the_cookie_box_and_place_it_on_the_plate,demo_13,110,eye_in_hand,wooden_cabinet_1,is_below_of,plate_1
pick_up_the_black_bowl_next_to_the_cookie_box_and_place_it_on_the_plate,demo_13,110,eye_in_hand,flat_stove_1,is_behind,wooden_cabinet_1
pick_up_the_black_bowl_next_to_the_cookie_box_and_place_it_on_the_plate,demo_13,110,eye_in_hand,wooden_cabinet_1,is_in_front_of,flat_stove_1
pick_up_the_black_bowl_next_to_the_cookie_box_and_place_it_on_the_plate,demo_13,115,eye_in_hand,akita_black_bowl_1,is_on_top_of,plate_1
pick_up_the_black_bowl_next_to_the_cookie_box_and_place_it_on_the_plate,demo_13,115,eye_in_hand,plate_1,is_below_of,akita_black_bowl_1
pick_up_the_black_bowl_next_to_the_cookie_box_and_place_it_on_the_plate,demo_13,115,eye_in_hand,akita_black_bowl_1,is_on_top_of,wooden_cabinet_1
pick_up_the_black_bowl_next_to_the_cookie_box_and_place_it_on_the_plate,demo_13,115,eye_in_hand,wooden_cabinet_1,is_below_of,akita_black_bowl_1
pick_up_the_black_bowl_next_to_the_cookie_box_and_place_it_on_the_plate,demo_13,115,eye_in_hand,plate_1,is_on_top_of,wooden_cabinet_1
pick_up_the_black_bowl_next_to_the_cookie_box_and_place_it_on_the_plate,demo_13,115,eye_in_hand,wooden_cabinet_1,is_below_of,plate_1
pick_up_the_black_bowl_next_to_the_cookie_box_and_place_it_on_the_plate,demo_13,120,eye_in_hand,akita_black_bowl_1,is_right_of,plate_1
pick_up_the_black_bowl_next_to_the_cookie_box_and_place_it_on_the_plate,demo_13,120,eye_in_hand,plate_1,is_left_of,akita_black_bowl_1
pick_up_the_black_bowl_next_to_the_cookie_box_and_place_it_on_the_plate,demo_13,120,eye_in_hand,akita_black_bowl_1,is_right_of,wooden_cabinet_1
pick_up_the_black_bowl_next_to_the_cookie_box_and_place_it_on_the_plate,demo_13,120,eye_in_hand,wooden_cabinet_1,is_left_of,akita_black_bowl_1
pick_up_the_black_bowl_next_to_the_cookie_box_and_place_it_on_the_plate,demo_13,120,eye_in_hand,plate_1,is_on_top_of,wooden_cabinet_1
pick_up_the_black_bowl_next_to_the_cookie_box_and_place_it_on_the_plate,demo_13,120,eye_in_hand,wooden_cabinet_1,is_below_of,plate_1
pick_up_the_black_bowl_next_to_the_cookie_box_and_place_it_on_the_plate,demo_14,0,eye_in_hand,akita_black_bowl_1,is_behind,akita_black_bowl_2
pick_up_the_black_bowl_next_to_the_cookie_box_and_place_it_on_the_plate,demo_14,0,eye_in_hand,akita_black_bowl_2,is_in_front_of,akita_black_bowl_1
pick_up_the_black_bowl_next_to_the_cookie_box_and_place_it_on_the_plate,demo_14,0,eye_in_hand,akita_black_bowl_1,is_behind,cookies_1
pick_up_the_black_bowl_next_to_the_cookie_box_and_place_it_on_the_plate,demo_14,0,eye_in_hand,cookies_1,is_in_front_of,akita_black_bowl_1
pick_up_the_black_bowl_next_to_the_cookie_box_and_place_it_on_the_plate,demo_14,0,eye_in_hand,akita_black_bowl_1,is_right_of,glazed_rim_porcelain_ramekin_1
pick_up_the_black_bowl_next_to_the_cookie_box_and_place_it_on_the_plate,demo_14,0,eye_in_hand,glazed_rim_porcelain_ramekin_1,is_left_of,akita_black_bowl_1
pick_up_the_black_bowl_next_to_the_cookie_box_and_place_it_on_the_plate,demo_14,0,eye_in_hand,akita_black_bowl_1,is_right_of,plate_1
pick_up_the_black_bowl_next_to_the_cookie_box_and_place_it_on_the_plate,demo_14,0,eye_in_hand,plate_1,is_left_of,akita_black_bowl_1
pick_up_the_black_bowl_next_to_the_cookie_box_and_place_it_on_the_plate,demo_14,0,eye_in_hand,akita_black_bowl_1,is_in_front_of,wooden_cabinet_1
pick_up_the_black_bowl_next_to_the_cookie_box_and_place_it_on_the_plate,demo_14,0,eye_in_hand,wooden_cabinet_1,is_behind,akita_black_bowl_1
pick_up_the_black_bowl_next_to_the_cookie_box_and_place_it_on_the_plate,demo_14,0,eye_in_hand,akita_black_bowl_1,is_on_top_of,flat_stove_1
pick_up_the_black_bowl_next_to_the_cookie_box_and_place_it_on_the_plate,demo_14,0,eye_in_hand,flat_stove_1,is_below_of,akita_black_bowl_1
pick_up_the_black_bowl_next_to_the_cookie_box_and_place_it_on_the_plate,demo_14,0,eye_in_hand,akita_black_bowl_2,is_right_of,cookies_1
pick_up_the_black_bowl_next_to_the_cookie_box_and_place_it_on_the_plate,demo_14,0,eye_in_hand,cookies_1,is_left_of,akita_black_bowl_2
pick_up_the_black_bowl_next_to_the_cookie_box_and_place_it_on_the_plate,demo_14,0,eye_in_hand,akita_black_bowl_2,is_right_of,glazed_rim_porcelain_ramekin_1
pick_up_the_black_bowl_next_to_the_cookie_box_and_place_it_on_the_plate,demo_14,0,eye_in_hand,glazed_rim_porcelain_ramekin_1,is_left_of,akita_black_bowl_2
pick_up_the_black_bowl_next_to_the_cookie_box_and_place_it_on_the_plate,demo_14,0,eye_in_hand,akita_black_bowl_2,is_right_of,plate_1
pick_up_the_black_bowl_next_to_the_cookie_box_and_place_it_on_the_plate,demo_14,0,eye_in_hand,plate_1,is_left_of,akita_black_bowl_2
pick_up_the_black_bowl_next_to_the_cookie_box_and_place_it_on_the_plate,demo_14,0,eye_in_hand,akita_black_bowl_2,is_in_front_of,wooden_cabinet_1
pick_up_the_black_bowl_next_to_the_cookie_box_and_place_it_on_the_plate,demo_14,0,eye_in_hand,wooden_cabinet_1,is_behind,akita_black_bowl_2
pick_up_the_black_bowl_next_to_the_cookie_box_and_place_it_on_the_plate,demo_14,0,eye_in_hand,akita_black_bowl_2,is_in_front_of,flat_stove_1
pick_up_the_black_bowl_next_to_the_cookie_box_and_place_it_on_the_plate,demo_14,0,eye_in_hand,flat_stove_1,is_behind,akita_black_bowl_2
pick_up_the_black_bowl_next_to_the_cookie_box_and_place_it_on_the_plate,demo_14,0,eye_in_hand,cookies_1,is_in_front_of,glazed_rim_porcelain_ramekin_1
pick_up_the_black_bowl_next_to_the_cookie_box_and_place_it_on_the_plate,demo_14,0,eye_in_hand,glazed_rim_porcelain_ramekin_1,is_behind,cookies_1
pick_up_the_black_bowl_next_to_the_cookie_box_and_place_it_on_the_plate,demo_14,0,eye_in_hand,cookies_1,is_right_of,plate_1
pick_up_the_black_bowl_next_to_the_cookie_box_and_place_it_on_the_plate,demo_14,0,eye_in_hand,plate_1,is_left_of,cookies_1
pick_up_the_black_bowl_next_to_the_cookie_box_and_place_it_on_the_plate,demo_14,0,eye_in_hand,cookies_1,is_in_front_of,wooden_cabinet_1
pick_up_the_black_bowl_next_to_the_cookie_box_and_place_it_on_the_plate,demo_14,0,eye_in_hand,wooden_cabinet_1,is_behind,cookies_1
pick_up_the_black_bowl_next_to_the_cookie_box_and_place_it_on_the_plate,demo_14,0,eye_in_hand,cookies_1,is_in_front_of,flat_stove_1
pick_up_the_black_bowl_next_to_the_cookie_box_and_place_it_on_the_plate,demo_14,0,eye_in_hand,flat_stove_1,is_behind,cookies_1
pick_up_the_black_bowl_next_to_the_cookie_box_and_place_it_on_the_plate,demo_14,0,eye_in_hand,glazed_rim_porcelain_ramekin_1,is_behind,plate_1
pick_up_the_black_bowl_next_to_the_cookie_box_and_place_it_on_the_plate,demo_14,0,eye_in_hand,plate_1,is_in_front_of,glazed_rim_porcelain_ramekin_1
pick_up_the_black_bowl_next_to_the_cookie_box_and_place_it_on_the_plate,demo_14,0,eye_in_hand,glazed_rim_porcelain_ramekin_1,is_in_front_of,wooden_cabinet_1
pick_up_the_black_bowl_next_to_the_cookie_box_and_place_it_on_the_plate,demo_14,0,eye_in_hand,wooden_cabinet_1,is_behind,glazed_rim_porcelain_ramekin_1
pick_up_the_black_bowl_next_to_the_cookie_box_and_place_it_on_the_plate,demo_14,0,eye_in_hand,glazed_rim_porcelain_ramekin_1,is_left_of,flat_stove_1
pick_up_the_black_bowl_next_to_the_cookie_box_and_place_it_on_the_plate,demo_14,0,eye_in_hand,flat_stove_1,is_right_of,glazed_rim_porcelain_ramekin_1
pick_up_the_black_bowl_next_to_the_cookie_box_and_place_it_on_the_plate,demo_14,0,eye_in_hand,plate_1,is_in_front_of,wooden_cabinet_1
pick_up_the_black_bowl_next_to_the_cookie_box_and_place_it_on_the_plate,demo_14,0,eye_in_hand,wooden_cabinet_1,is_behind,plate_1
pick_up_the_black_bowl_next_to_the_cookie_box_and_place_it_on_the_plate,demo_14,0,eye_in_hand,plate_1,is_left_of,flat_stove_1
pick_up_the_black_bowl_next_to_the_cookie_box_and_place_it_on_the_plate,demo_14,0,eye_in_hand,flat_stove_1,is_right_of,plate_1
pick_up_the_black_bowl_next_to_the_cookie_box_and_place_it_on_the_plate,demo_14,0,eye_in_hand,wooden_cabinet_1,is_behind,flat_stove_1
pick_up_the_black_bowl_next_to_the_cookie_box_and_place_it_on_the_plate,demo_14,0,eye_in_hand,flat_stove_1,is_in_front_of,wooden_cabinet_1
pick_up_the_black_bowl_next_to_the_cookie_box_and_place_it_on_the_plate,demo_14,5,eye_in_hand,akita_black_bowl_1,is_on_top_of,flat_stove_1
pick_up_the_black_bowl_next_to_the_cookie_box_and_place_it_on_the_plate,demo_14,5,eye_in_hand,flat_stove_1,is_below_of,akita_black_bowl_1
pick_up_the_black_bowl_next_to_the_cookie_box_and_place_it_on_the_plate,demo_14,5,eye_in_hand,akita_black_bowl_1,is_right_of,glazed_rim_porcelain_ramekin_1
pick_up_the_black_bowl_next_to_the_cookie_box_and_place_it_on_the_plate,demo_14,5,eye_in_hand,glazed_rim_porcelain_ramekin_1,is_left_of,akita_black_bowl_1
pick_up_the_black_bowl_next_to_the_cookie_box_and_place_it_on_the_plate,demo_14,5,eye_in_hand,akita_black_bowl_1,is_behind,plate_1
pick_up_the_black_bowl_next_to_the_cookie_box_and_place_it_on_the_plate,demo_14,5,eye_in_hand,plate_1,is_in_front_of,akita_black_bowl_1
pick_up_the_black_bowl_next_to_the_cookie_box_and_place_it_on_the_plate,demo_14,5,eye_in_hand,akita_black_bowl_1,is_behind,cookies_1
pick_up_the_black_bowl_next_to_the_cookie_box_and_place_it_on_the_plate,demo_14,5,eye_in_hand,cookies_1,is_in_front_of,akita_black_bowl_1
pick_up_the_black_bowl_next_to_the_cookie_box_and_place_it_on_the_plate,demo_14,5,eye_in_hand,akita_black_bowl_1,is_behind,akita_black_bowl_2
pick_up_the_black_bowl_next_to_the_cookie_box_and_place_it_on_the_plate,demo_14,5,eye_in_hand,akita_black_bowl_2,is_in_front_of,akita_black_bowl_1
pick_up_the_black_bowl_next_to_the_cookie_box_and_place_it_on_the_plate,demo_14,5,eye_in_hand,akita_black_bowl_1,is_behind,wooden_cabinet_1
pick_up_the_black_bowl_next_to_the_cookie_box_and_place_it_on_the_plate,demo_14,5,eye_in_hand,wooden_cabinet_1,is_in_front_of,akita_black_bowl_1
pick_up_the_black_bowl_next_to_the_cookie_box_and_place_it_on_the_plate,demo_14,5,eye_in_hand,flat_stove_1,is_right_of,glazed_rim_porcelain_ramekin_1
pick_up_the_black_bowl_next_to_the_cookie_box_and_place_it_on_the_plate,demo_14,5,eye_in_hand,glazed_rim_porcelain_ramekin_1,is_left_of,flat_stove_1
pick_up_the_black_bowl_next_to_the_cookie_box_and_place_it_on_the_plate,demo_14,5,eye_in_hand,flat_stove_1,is_behind,plate_1
pick_up_the_black_bowl_next_to_the_cookie_box_and_place_it_on_the_plate,demo_14,5,eye_in_hand,plate_1,is_in_front_of,flat_stove_1
pick_up_the_black_bowl_next_to_the_cookie_box_and_place_it_on_the_plate,demo_14,5,eye_in_hand,flat_stove_1,is_behind,cookies_1
pick_up_the_black_bowl_next_to_the_cookie_box_and_place_it_on_the_plate,demo_14,5,eye_in_hand,cookies_1,is_in_front_of,flat_stove_1
pick_up_the_black_bowl_next_to_the_cookie_box_and_place_it_on_the_plate,demo_14,5,eye_in_hand,flat_stove_1,is_behind,akita_black_bowl_2
pick_up_the_black_bowl_next_to_the_cookie_box_and_place_it_on_the_plate,demo_14,5,eye_in_hand,akita_black_bowl_2,is_in_front_of,flat_stove_1
pick_up_the_black_bowl_next_to_the_cookie_box_and_place_it_on_the_plate,demo_14,5,eye_in_hand,flat_stove_1,is_behind,wooden_cabinet_1
pick_up_the_black_bowl_next_to_the_cookie_box_and_place_it_on_the_plate,demo_14,5,eye_in_hand,wooden_cabinet_1,is_in_front_of,flat_stove_1
pick_up_the_black_bowl_next_to_the_cookie_box_and_place_it_on_the_plate,demo_14,5,eye_in_hand,glazed_rim_porcelain_ramekin_1,is_behind,plate_1
pick_up_the_black_bowl_next_to_the_cookie_box_and_place_it_on_the_plate,demo_14,5,eye_in_hand,plate_1,is_in_front_of,glazed_rim_porcelain_ramekin_1
pick_up_the_black_bowl_next_to_the_cookie_box_and_place_it_on_the_plate,demo_14,5,eye_in_hand,glazed_rim_porcelain_ramekin_1,is_behind,cookies_1
pick_up_the_black_bowl_next_to_the_cookie_box_and_place_it_on_the_plate,demo_14,5,eye_in_hand,cookies_1,is_in_front_of,glazed_rim_porcelain_ramekin_1
pick_up_the_black_bowl_next_to_the_cookie_box_and_place_it_on_the_plate,demo_14,5,eye_in_hand,glazed_rim_porcelain_ramekin_1,is_behind,akita_black_bowl_2
pick_up_the_black_bowl_next_to_the_cookie_box_and_place_it_on_the_plate,demo_14,5,eye_in_hand,akita_black_bowl_2,is_in_front_of,glazed_rim_porcelain_ramekin_1
pick_up_the_black_bowl_next_to_the_cookie_box_and_place_it_on_the_plate,demo_14,5,eye_in_hand,glazed_rim_porcelain_ramekin_1,is_behind,wooden_cabinet_1
pick_up_the_black_bowl_next_to_the_cookie_box_and_place_it_on_the_plate,demo_14,5,eye_in_hand,wooden_cabinet_1,is_in_front_of,glazed_rim_porcelain_ramekin_1
pick_up_the_black_bowl_next_to_the_cookie_box_and_place_it_on_the_plate,demo_14,5,eye_in_hand,plate_1,is_left_of,cookies_1
pick_up_the_black_bowl_next_to_the_cookie_box_and_place_it_on_the_plate,demo_14,5,eye_in_hand,cookies_1,is_right_of,plate_1
pick_up_the_black_bowl_next_to_the_cookie_box_and_place_it_on_the_plate,demo_14,5,eye_in_hand,plate_1,is_left_of,akita_black_bowl_2
pick_up_the_black_bowl_next_to_the_cookie_box_and_place_it_on_the_plate,demo_14,5,eye_in_hand,akita_black_bowl_2,is_right_of,plate_1
pick_up_the_black_bowl_next_to_the_cookie_box_and_place_it_on_the_plate,demo_14,5,eye_in_hand,plate_1,is_left_of,wooden_cabinet_1
pick_up_the_black_bowl_next_to_the_cookie_box_and_place_it_on_the_plate,demo_14,5,eye_in_hand,wooden_cabinet_1,is_right_of,plate_1
pick_up_the_black_bowl_next_to_the_cookie_box_and_place_it_on_the_plate,demo_14,5,eye_in_hand,cookies_1,is_left_of,akita_black_bowl_2
pick_up_the_black_bowl_next_to_the_cookie_box_and_place_it_on_the_plate,demo_14,5,eye_in_hand,akita_black_bowl_2,is_right_of,cookies_1
pick_up_the_black_bowl_next_to_the_cookie_box_and_place_it_on_the_plate,demo_14,5,eye_in_hand,cookies_1,is_left_of,wooden_cabinet_1
pick_up_the_black_bowl_next_to_the_cookie_box_and_place_it_on_the_plate,demo_14,5,eye_in_hand,wooden_cabinet_1,is_right_of,cookies_1
pick_up_the_black_bowl_next_to_the_cookie_box_and_place_it_on_the_plate,demo_14,5,eye_in_hand,akita_black_bowl_2,is_left_of,wooden_cabinet_1
pick_up_the_black_bowl_next_to_the_cookie_box_and_place_it_on_the_plate,demo_14,5,eye_in_hand,wooden_cabinet_1,is_right_of,akita_black_bowl_2
pick_up_the_black_bowl_next_to_the_cookie_box_and_place_it_on_the_plate,demo_14,10,eye_in_hand,akita_black_bowl_1,is_left_of,flat_stove_1
pick_up_the_black_bowl_next_to_the_cookie_box_and_place_it_on_the_plate,demo_14,10,eye_in_hand,flat_stove_1,is_right_of,akita_black_bowl_1
pick_up_the_black_bowl_next_to_the_cookie_box_and_place_it_on_the_plate,demo_14,10,eye_in_hand,akita_black_bowl_1,is_behind,plate_1
pick_up_the_black_bowl_next_to_the_cookie_box_and_place_it_on_the_plate,demo_14,10,eye_in_hand,plate_1,is_in_front_of,akita_black_bowl_1
pick_up_the_black_bowl_next_to_the_cookie_box_and_place_it_on_the_plate,demo_14,10,eye_in_hand,akita_black_bowl_1,is_behind,cookies_1
pick_up_the_black_bowl_next_to_the_cookie_box_and_place_it_on_the_plate,demo_14,10,eye_in_hand,cookies_1,is_in_front_of,akita_black_bowl_1
pick_up_the_black_bowl_next_to_the_cookie_box_and_place_it_on_the_plate,demo_14,10,eye_in_hand,akita_black_bowl_1,is_behind,glazed_rim_porcelain_ramekin_1
pick_up_the_black_bowl_next_to_the_cookie_box_and_place_it_on_the_plate,demo_14,10,eye_in_hand,glazed_rim_porcelain_ramekin_1,is_in_front_of,akita_black_bowl_1
pick_up_the_black_bowl_next_to_the_cookie_box_and_place_it_on_the_plate,demo_14,10,eye_in_hand,akita_black_bowl_1,is_behind,wooden_cabinet_1
pick_up_the_black_bowl_next_to_the_cookie_box_and_place_it_on_the_plate,demo_14,10,eye_in_hand,wooden_cabinet_1,is_in_front_of,akita_black_bowl_1
pick_up_the_black_bowl_next_to_the_cookie_box_and_place_it_on_the_plate,demo_14,10,eye_in_hand,flat_stove_1,is_behind,plate_1
pick_up_the_black_bowl_next_to_the_cookie_box_and_place_it_on_the_plate,demo_14,10,eye_in_hand,plate_1,is_in_front_of,flat_stove_1
pick_up_the_black_bowl_next_to_the_cookie_box_and_place_it_on_the_plate,demo_14,10,eye_in_hand,flat_stove_1,is_behind,cookies_1
pick_up_the_black_bowl_next_to_the_cookie_box_and_place_it_on_the_plate,demo_14,10,eye_in_hand,cookies_1,is_in_front_of,flat_stove_1
pick_up_the_black_bowl_next_to_the_cookie_box_and_place_it_on_the_plate,demo_14,10,eye_in_hand,flat_stove_1,is_behind,glazed_rim_porcelain_ramekin_1
pick_up_the_black_bowl_next_to_the_cookie_box_and_place_it_on_the_plate,demo_14,10,eye_in_hand,glazed_rim_porcelain_ramekin_1,is_in_front_of,flat_stove_1
pick_up_the_black_bowl_next_to_the_cookie_box_and_place_it_on_the_plate,demo_14,10,eye_in_hand,flat_stove_1,is_behind,wooden_cabinet_1
pick_up_the_black_bowl_next_to_the_cookie_box_and_place_it_on_the_plate,demo_14,10,eye_in_hand,wooden_cabinet_1,is_in_front_of,flat_stove_1
pick_up_the_black_bowl_next_to_the_cookie_box_and_place_it_on_the_plate,demo_14,10,eye_in_hand,plate_1,is_left_of,cookies_1
pick_up_the_black_bowl_next_to_the_cookie_box_and_place_it_on_the_plate,demo_14,10,eye_in_hand,cookies_1,is_right_of,plate_1
pick_up_the_black_bowl_next_to_the_cookie_box_and_place_it_on_the_plate,demo_14,10,eye_in_hand,plate_1,is_left_of,glazed_rim_porcelain_ramekin_1
pick_up_the_black_bowl_next_to_the_cookie_box_and_place_it_on_the_plate,demo_14,10,eye_in_hand,glazed_rim_porcelain_ramekin_1,is_right_of,plate_1
pick_up_the_black_bowl_next_to_the_cookie_box_and_place_it_on_the_plate,demo_14,10,eye_in_hand,plate_1,is_left_of,wooden_cabinet_1
pick_up_the_black_bowl_next_to_the_cookie_box_and_place_it_on_the_plate,demo_14,10,eye_in_hand,wooden_cabinet_1,is_right_of,plate_1
pick_up_the_black_bowl_next_to_the_cookie_box_and_place_it_on_the_plate,demo_14,10,eye_in_hand,cookies_1,is_left_of,glazed_rim_porcelain_ramekin_1
pick_up_the_black_bowl_next_to_the_cookie_box_and_place_it_on_the_plate,demo_14,10,eye_in_hand,glazed_rim_porcelain_ramekin_1,is_right_of,cookies_1
pick_up_the_black_bowl_next_to_the_cookie_box_and_place_it_on_the_plate,demo_14,10,eye_in_hand,cookies_1,is_left_of,wooden_cabinet_1
pick_up_the_black_bowl_next_to_the_cookie_box_and_place_it_on_the_plate,demo_14,10,eye_in_hand,wooden_cabinet_1,is_right_of,cookies_1
pick_up_the_black_bowl_next_to_the_cookie_box_and_place_it_on_the_plate,demo_14,10,eye_in_hand,glazed_rim_porcelain_ramekin_1,is_left_of,wooden_cabinet_1
pick_up_the_black_bowl_next_to_the_cookie_box_and_place_it_on_the_plate,demo_14,10,eye_in_hand,wooden_cabinet_1,is_right_of,glazed_rim_porcelain_ramekin_1
pick_up_the_black_bowl_next_to_the_cookie_box_and_place_it_on_the_plate,demo_14,15,eye_in_hand,akita_black_bowl_1,is_in_front_of,cookies_1
pick_up_the_black_bowl_next_to_the_cookie_box_and_place_it_on_the_plate,demo_14,15,eye_in_hand,cookies_1,is_behind,akita_black_bowl_1
pick_up_the_black_bowl_next_to_the_cookie_box_and_place_it_on_the_plate,demo_14,15,eye_in_hand,akita_black_bowl_1,is_right_of,plate_1
pick_up_the_black_bowl_next_to_the_cookie_box_and_place_it_on_the_plate,demo_14,15,eye_in_hand,plate_1,is_left_of,akita_black_bowl_1
pick_up_the_black_bowl_next_to_the_cookie_box_and_place_it_on_the_plate,demo_14,15,eye_in_hand,akita_black_bowl_1,is_left_of,wooden_cabinet_1
pick_up_the_black_bowl_next_to_the_cookie_box_and_place_it_on_the_plate,demo_14,15,eye_in_hand,wooden_cabinet_1,is_right_of,akita_black_bowl_1
pick_up_the_black_bowl_next_to_the_cookie_box_and_place_it_on_the_plate,demo_14,15,eye_in_hand,akita_black_bowl_1,is_in_front_of,flat_stove_1
pick_up_the_black_bowl_next_to_the_cookie_box_and_place_it_on_the_plate,demo_14,15,eye_in_hand,flat_stove_1,is_behind,akita_black_bowl_1
pick_up_the_black_bowl_next_to_the_cookie_box_and_place_it_on_the_plate,demo_14,15,eye_in_hand,cookies_1,is_right_of,plate_1
pick_up_the_black_bowl_next_to_the_cookie_box_and_place_it_on_the_plate,demo_14,15,eye_in_hand,plate_1,is_left_of,cookies_1
pick_up_the_black_bowl_next_to_the_cookie_box_and_place_it_on_the_plate,demo_14,15,eye_in_hand,cookies_1,is_left_of,wooden_cabinet_1
pick_up_the_black_bowl_next_to_the_cookie_box_and_place_it_on_the_plate,demo_14,15,eye_in_hand,wooden_cabinet_1,is_right_of,cookies_1
pick_up_the_black_bowl_next_to_the_cookie_box_and_place_it_on_the_plate,demo_14,15,eye_in_hand,cookies_1,is_in_front_of,flat_stove_1
pick_up_the_black_bowl_next_to_the_cookie_box_and_place_it_on_the_plate,demo_14,15,eye_in_hand,flat_stove_1,is_behind,cookies_1
pick_up_the_black_bowl_next_to_the_cookie_box_and_place_it_on_the_plate,demo_14,15,eye_in_hand,plate_1,is_left_of,wooden_cabinet_1
pick_up_the_black_bowl_next_to_the_cookie_box_and_place_it_on_the_plate,demo_14,15,eye_in_hand,wooden_cabinet_1,is_right_of,plate_1
pick_up_the_black_bowl_next_to_the_cookie_box_and_place_it_on_the_plate,demo_14,15,eye_in_hand,plate_1,is_in_front_of,flat_stove_1
pick_up_the_black_bowl_next_to_the_cookie_box_and_place_it_on_the_plate,demo_14,15,eye_in_hand,flat_stove_1,is_behind,plate_1
pick_up_the_black_bowl_next_to_the_cookie_box_and_place_it_on_the_plate,demo_14,15,eye_in_hand,wooden_cabinet_1,is_in_front_of,flat_stove_1
pick_up_the_black_bowl_next_to_the_cookie_box_and_place_it_on_the_plate,demo_14,15,eye_in_hand,flat_stove_1,is_behind,wooden_cabinet_1
pick_up_the_black_bowl_next_to_the_cookie_box_and_place_it_on_the_plate,demo_14,20,eye_in_hand,plate_1,is_left_of,cookies_1
pick_up_the_black_bowl_next_to_the_cookie_box_and_place_it_on_the_plate,demo_14,20,eye_in_hand,cookies_1,is_right_of,plate_1
pick_up_the_black_bowl_next_to_the_cookie_box_and_place_it_on_the_plate,demo_14,20,eye_in_hand,plate_1,is_left_of,akita_black_bowl_1
pick_up_the_black_bowl_next_to_the_cookie_box_and_place_it_on_the_plate,demo_14,20,eye_in_hand,akita_black_bowl_1,is_right_of,plate_1
pick_up_the_black_bowl_next_to_the_cookie_box_and_place_it_on_the_plate,demo_14,20,eye_in_hand,plate_1,is_left_of,flat_stove_1
pick_up_the_black_bowl_next_to_the_cookie_box_and_place_it_on_the_plate,demo_14,20,eye_in_hand,flat_stove_1,is_right_of,plate_1
pick_up_the_black_bowl_next_to_the_cookie_box_and_place_it_on_the_plate,demo_14,20,eye_in_hand,plate_1,is_left_of,wooden_cabinet_1
pick_up_the_black_bowl_next_to_the_cookie_box_and_place_it_on_the_plate,demo_14,20,eye_in_hand,wooden_cabinet_1,is_right_of,plate_1
pick_up_the_black_bowl_next_to_the_cookie_box_and_place_it_on_the_plate,demo_14,20,eye_in_hand,cookies_1,is_left_of,akita_black_bowl_1
pick_up_the_black_bowl_next_to_the_cookie_box_and_place_it_on_the_plate,demo_14,20,eye_in_hand,akita_black_bowl_1,is_right_of,cookies_1
pick_up_the_black_bowl_next_to_the_cookie_box_and_place_it_on_the_plate,demo_14,20,eye_in_hand,cookies_1,is_in_front_of,flat_stove_1
pick_up_the_black_bowl_next_to_the_cookie_box_and_place_it_on_the_plate,demo_14,20,eye_in_hand,flat_stove_1,is_behind,cookies_1
pick_up_the_black_bowl_next_to_the_cookie_box_and_place_it_on_the_plate,demo_14,20,eye_in_hand,cookies_1,is_left_of,wooden_cabinet_1
pick_up_the_black_bowl_next_to_the_cookie_box_and_place_it_on_the_plate,demo_14,20,eye_in_hand,wooden_cabinet_1,is_right_of,cookies_1
pick_up_the_black_bowl_next_to_the_cookie_box_and_place_it_on_the_plate,demo_14,20,eye_in_hand,akita_black_bowl_1,is_in_front_of,flat_stove_1
pick_up_the_black_bowl_next_to_the_cookie_box_and_place_it_on_the_plate,demo_14,20,eye_in_hand,flat_stove_1,is_behind,akita_black_bowl_1
pick_up_the_black_bowl_next_to_the_cookie_box_and_place_it_on_the_plate,demo_14,20,eye_in_hand,akita_black_bowl_1,is_left_of,wooden_cabinet_1
pick_up_the_black_bowl_next_to_the_cookie_box_and_place_it_on_the_plate,demo_14,20,eye_in_hand,wooden_cabinet_1,is_right_of,akita_black_bowl_1
pick_up_the_black_bowl_next_to_the_cookie_box_and_place_it_on_the_plate,demo_14,20,eye_in_hand,flat_stove_1,is_behind,wooden_cabinet_1
pick_up_the_black_bowl_next_to_the_cookie_box_and_place_it_on_the_plate,demo_14,20,eye_in_hand,wooden_cabinet_1,is_in_front_of,flat_stove_1
pick_up_the_black_bowl_next_to_the_cookie_box_and_place_it_on_the_plate,demo_14,25,eye_in_hand,akita_black_bowl_1,is_right_of,cookies_1
pick_up_the_black_bowl_next_to_the_cookie_box_and_place_it_on_the_plate,demo_14,25,eye_in_hand,cookies_1,is_left_of,akita_black_bowl_1
pick_up_the_black_bowl_next_to_the_cookie_box_and_place_it_on_the_plate,demo_14,25,eye_in_hand,akita_black_bowl_1,is_right_of,plate_1
pick_up_the_black_bowl_next_to_the_cookie_box_and_place_it_on_the_plate,demo_14,25,eye_in_hand,plate_1,is_left_of,akita_black_bowl_1
pick_up_the_black_bowl_next_to_the_cookie_box_and_place_it_on_the_plate,demo_14,25,eye_in_hand,akita_black_bowl_1,is_on_top_of,wooden_cabinet_1
pick_up_the_black_bowl_next_to_the_cookie_box_and_place_it_on_the_plate,demo_14,25,eye_in_hand,wooden_cabinet_1,is_below_of,akita_black_bowl_1
pick_up_the_black_bowl_next_to_the_cookie_box_and_place_it_on_the_plate,demo_14,25,eye_in_hand,akita_black_bowl_1,is_in_front_of,flat_stove_1
pick_up_the_black_bowl_next_to_the_cookie_box_and_place_it_on_the_plate,demo_14,25,eye_in_hand,flat_stove_1,is_behind,akita_black_bowl_1
pick_up_the_black_bowl_next_to_the_cookie_box_and_place_it_on_the_plate,demo_14,25,eye_in_hand,cookies_1,is_right_of,plate_1
pick_up_the_black_bowl_next_to_the_cookie_box_and_place_it_on_the_plate,demo_14,25,eye_in_hand,plate_1,is_left_of,cookies_1
pick_up_the_black_bowl_next_to_the_cookie_box_and_place_it_on_the_plate,demo_14,25,eye_in_hand,cookies_1,is_on_top_of,wooden_cabinet_1
pick_up_the_black_bowl_next_to_the_cookie_box_and_place_it_on_the_plate,demo_14,25,eye_in_hand,wooden_cabinet_1,is_below_of,cookies_1
pick_up_the_black_bowl_next_to_the_cookie_box_and_place_it_on_the_plate,demo_14,25,eye_in_hand,cookies_1,is_in_front_of,flat_stove_1
pick_up_the_black_bowl_next_to_the_cookie_box_and_place_it_on_the_plate,demo_14,25,eye_in_hand,flat_stove_1,is_behind,cookies_1
pick_up_the_black_bowl_next_to_the_cookie_box_and_place_it_on_the_plate,demo_14,25,eye_in_hand,plate_1,is_on_top_of,wooden_cabinet_1
pick_up_the_black_bowl_next_to_the_cookie_box_and_place_it_on_the_plate,demo_14,25,eye_in_hand,wooden_cabinet_1,is_below_of,plate_1
pick_up_the_black_bowl_next_to_the_cookie_box_and_place_it_on_the_plate,demo_14,25,eye_in_hand,plate_1,is_in_front_of,flat_stove_1
pick_up_the_black_bowl_next_to_the_cookie_box_and_place_it_on_the_plate,demo_14,25,eye_in_hand,flat_stove_1,is_behind,plate_1
pick_up_the_black_bowl_next_to_the_cookie_box_and_place_it_on_the_plate,demo_14,25,eye_in_hand,wooden_cabinet_1,is_in_front_of,flat_stove_1
pick_up_the_black_bowl_next_to_the_cookie_box_and_place_it_on_the_plate,demo_14,25,eye_in_hand,flat_stove_1,is_behind,wooden_cabinet_1
pick_up_the_black_bowl_next_to_the_cookie_box_and_place_it_on_the_plate,demo_14,30,eye_in_hand,akita_black_bowl_1,is_right_of,cookies_1
pick_up_the_black_bowl_next_to_the_cookie_box_and_place_it_on_the_plate,demo_14,30,eye_in_hand,akita_black_bowl_1,is_on_top_of,wooden_cabinet_1
pick_up_the_black_bowl_next_to_the_cookie_box_and_place_it_on_the_plate,demo_14,30,eye_in_hand,cookies_1,is_left_of,akita_black_bowl_1
pick_up_the_black_bowl_next_to_the_cookie_box_and_place_it_on_the_plate,demo_14,30,eye_in_hand,cookies_1,is_on_top_of,wooden_cabinet_1
pick_up_the_black_bowl_next_to_the_cookie_box_and_place_it_on_the_plate,demo_14,30,eye_in_hand,wooden_cabinet_1,is_below_of,akita_black_bowl_1
pick_up_the_black_bowl_next_to_the_cookie_box_and_place_it_on_the_plate,demo_14,30,eye_in_hand,wooden_cabinet_1,is_below_of,cookies_1
pick_up_the_black_bowl_next_to_the_cookie_box_and_place_it_on_the_plate,demo_14,35,eye_in_hand,akita_black_bowl_1,is_right_of,cookies_1
pick_up_the_black_bowl_next_to_the_cookie_box_and_place_it_on_the_plate,demo_14,35,eye_in_hand,akita_black_bowl_1,is_in_front_of,flat_stove_1
pick_up_the_black_bowl_next_to_the_cookie_box_and_place_it_on_the_plate,demo_14,35,eye_in_hand,akita_black_bowl_1,is_on_top_of,wooden_cabinet_1
pick_up_the_black_bowl_next_to_the_cookie_box_and_place_it_on_the_plate,demo_14,35,eye_in_hand,cookies_1,is_left_of,akita_black_bowl_1
pick_up_the_black_bowl_next_to_the_cookie_box_and_place_it_on_the_plate,demo_14,35,eye_in_hand,cookies_1,is_in_front_of,flat_stove_1
pick_up_the_black_bowl_next_to_the_cookie_box_and_place_it_on_the_plate,demo_14,35,eye_in_hand,cookies_1,is_on_top_of,wooden_cabinet_1
pick_up_the_black_bowl_next_to_the_cookie_box_and_place_it_on_the_plate,demo_14,35,eye_in_hand,flat_stove_1,is_behind,akita_black_bowl_1
pick_up_the_black_bowl_next_to_the_cookie_box_and_place_it_on_the_plate,demo_14,35,eye_in_hand,flat_stove_1,is_behind,cookies_1
pick_up_the_black_bowl_next_to_the_cookie_box_and_place_it_on_the_plate,demo_14,35,eye_in_hand,flat_stove_1,is_behind,wooden_cabinet_1
pick_up_the_black_bowl_next_to_the_cookie_box_and_place_it_on_the_plate,demo_14,35,eye_in_hand,wooden_cabinet_1,is_below_of,akita_black_bowl_1
pick_up_the_black_bowl_next_to_the_cookie_box_and_place_it_on_the_plate,demo_14,35,eye_in_hand,wooden_cabinet_1,is_below_of,cookies_1
pick_up_the_black_bowl_next_to_the_cookie_box_and_place_it_on_the_plate,demo_14,35,eye_in_hand,wooden_cabinet_1,is_in_front_of,flat_stove_1
pick_up_the_black_bowl_next_to_the_cookie_box_and_place_it_on_the_plate,demo_14,40,eye_in_hand,akita_black_bowl_2,is_on_top_of,wooden_cabinet_1
pick_up_the_black_bowl_next_to_the_cookie_box_and_place_it_on_the_plate,demo_14,40,eye_in_hand,wooden_cabinet_1,is_below_of,akita_black_bowl_2
pick_up_the_black_bowl_next_to_the_cookie_box_and_place_it_on_the_plate,demo_14,45,eye_in_hand,akita_black_bowl_1,is_on_top_of,wooden_cabinet_1
pick_up_the_black_bowl_next_to_the_cookie_box_and_place_it_on_the_plate,demo_14,45,eye_in_hand,wooden_cabinet_1,is_below_of,akita_black_bowl_1
pick_up_the_black_bowl_next_to_the_cookie_box_and_place_it_on_the_plate,demo_14,50,eye_in_hand,akita_black_bowl_1,is_right_of,cookies_1
pick_up_the_black_bowl_next_to_the_cookie_box_and_place_it_on_the_plate,demo_14,50,eye_in_hand,akita_black_bowl_1,is_on_top_of,wooden_cabinet_1
pick_up_the_black_bowl_next_to_the_cookie_box_and_place_it_on_the_plate,demo_14,50,eye_in_hand,cookies_1,is_left_of,akita_black_bowl_1
pick_up_the_black_bowl_next_to_the_cookie_box_and_place_it_on_the_plate,demo_14,50,eye_in_hand,cookies_1,is_on_top_of,wooden_cabinet_1
pick_up_the_black_bowl_next_to_the_cookie_box_and_place_it_on_the_plate,demo_14,50,eye_in_hand,wooden_cabinet_1,is_below_of,akita_black_bowl_1
pick_up_the_black_bowl_next_to_the_cookie_box_and_place_it_on_the_plate,demo_14,50,eye_in_hand,wooden_cabinet_1,is_below_of,cookies_1
pick_up_the_black_bowl_next_to_the_cookie_box_and_place_it_on_the_plate,demo_14,55,eye_in_hand,akita_black_bowl_1,is_right_of,cookies_1
pick_up_the_black_bowl_next_to_the_cookie_box_and_place_it_on_the_plate,demo_14,55,eye_in_hand,akita_black_bowl_1,is_on_top_of,wooden_cabinet_1
pick_up_the_black_bowl_next_to_the_cookie_box_and_place_it_on_the_plate,demo_14,55,eye_in_hand,cookies_1,is_left_of,akita_black_bowl_1
pick_up_the_black_bowl_next_to_the_cookie_box_and_place_it_on_the_plate,demo_14,55,eye_in_hand,cookies_1,is_on_top_of,wooden_cabinet_1
pick_up_the_black_bowl_next_to_the_cookie_box_and_place_it_on_the_plate,demo_14,55,eye_in_hand,wooden_cabinet_1,is_below_of,akita_black_bowl_1
pick_up_the_black_bowl_next_to_the_cookie_box_and_place_it_on_the_plate,demo_14,55,eye_in_hand,wooden_cabinet_1,is_below_of,cookies_1
pick_up_the_black_bowl_next_to_the_cookie_box_and_place_it_on_the_plate,demo_14,60,eye_in_hand,akita_black_bowl_1,is_on_top_of,wooden_cabinet_1
pick_up_the_black_bowl_next_to_the_cookie_box_and_place_it_on_the_plate,demo_14,60,eye_in_hand,wooden_cabinet_1,is_below_of,akita_black_bowl_1
pick_up_the_black_bowl_next_to_the_cookie_box_and_place_it_on_the_plate,demo_14,60,eye_in_hand,cookies_1,is_on_top_of,wooden_cabinet_1
pick_up_the_black_bowl_next_to_the_cookie_box_and_place_it_on_the_plate,demo_14,60,eye_in_hand,wooden_cabinet_1,is_below_of,cookies_1
pick_up_the_black_bowl_next_to_the_cookie_box_and_place_it_on_the_plate,demo_14,60,eye_in_hand,cookies_1,is_left_of,akita_black_bowl_1
pick_up_the_black_bowl_next_to_the_cookie_box_and_place_it_on_the_plate,demo_14,60,eye_in_hand,akita_black_bowl_1,is_right_of,cookies_1
pick_up_the_black_bowl_next_to_the_cookie_box_and_place_it_on_the_plate,demo_14,65,eye_in_hand,plate_1,is_left_of,cookies_1
pick_up_the_black_bowl_next_to_the_cookie_box_and_place_it_on_the_plate,demo_14,65,eye_in_hand,cookies_1,is_right_of,plate_1
pick_up_the_black_bowl_next_to_the_cookie_box_and_place_it_on_the_plate,demo_14,65,eye_in_hand,plate_1,is_left_of,akita_black_bowl_2
pick_up_the_black_bowl_next_to_the_cookie_box_and_place_it_on_the_plate,demo_14,65,eye_in_hand,akita_black_bowl_2,is_right_of,plate_1
pick_up_the_black_bowl_next_to_the_cookie_box_and_place_it_on_the_plate,demo_14,65,eye_in_hand,plate_1,is_on_top_of,wooden_cabinet_1
pick_up_the_black_bowl_next_to_the_cookie_box_and_place_it_on_the_plate,demo_14,65,eye_in_hand,wooden_cabinet_1,is_below_of,plate_1
pick_up_the_black_bowl_next_to_the_cookie_box_and_place_it_on_the_plate,demo_14,65,eye_in_hand,cookies_1,is_left_of,akita_black_bowl_2
pick_up_the_black_bowl_next_to_the_cookie_box_and_place_it_on_the_plate,demo_14,65,eye_in_hand,akita_black_bowl_2,is_right_of,cookies_1
pick_up_the_black_bowl_next_to_the_cookie_box_and_place_it_on_the_plate,demo_14,65,eye_in_hand,cookies_1,is_on_top_of,wooden_cabinet_1
pick_up_the_black_bowl_next_to_the_cookie_box_and_place_it_on_the_plate,demo_14,65,eye_in_hand,wooden_cabinet_1,is_below_of,cookies_1
pick_up_the_black_bowl_next_to_the_cookie_box_and_place_it_on_the_plate,demo_14,65,eye_in_hand,akita_black_bowl_2,is_on_top_of,wooden_cabinet_1
pick_up_the_black_bowl_next_to_the_cookie_box_and_place_it_on_the_plate,demo_14,65,eye_in_hand,wooden_cabinet_1,is_below_of,akita_black_bowl_2
pick_up_the_black_bowl_next_to_the_cookie_box_and_place_it_on_the_plate,demo_14,70,eye_in_hand,plate_1,is_left_of,cookies_1
pick_up_the_black_bowl_next_to_the_cookie_box_and_place_it_on_the_plate,demo_14,70,eye_in_hand,cookies_1,is_right_of,plate_1
pick_up_the_black_bowl_next_to_the_cookie_box_and_place_it_on_the_plate,demo_14,70,eye_in_hand,plate_1,is_left_of,akita_black_bowl_1
pick_up_the_black_bowl_next_to_the_cookie_box_and_place_it_on_the_plate,demo_14,70,eye_in_hand,akita_black_bowl_1,is_right_of,plate_1
pick_up_the_black_bowl_next_to_the_cookie_box_and_place_it_on_the_plate,demo_14,70,eye_in_hand,plate_1,is_on_top_of,wooden_cabinet_1
pick_up_the_black_bowl_next_to_the_cookie_box_and_place_it_on_the_plate,demo_14,70,eye_in_hand,wooden_cabinet_1,is_below_of,plate_1
pick_up_the_black_bowl_next_to_the_cookie_box_and_place_it_on_the_plate,demo_14,70,eye_in_hand,cookies_1,is_left_of,akita_black_bowl_1
pick_up_the_black_bowl_next_to_the_cookie_box_and_place_it_on_the_plate,demo_14,70,eye_in_hand,akita_black_bowl_1,is_right_of,cookies_1
pick_up_the_black_bowl_next_to_the_cookie_box_and_place_it_on_the_plate,demo_14,70,eye_in_hand,cookies_1,is_on_top_of,wooden_cabinet_1
pick_up_the_black_bowl_next_to_the_cookie_box_and_place_it_on_the_plate,demo_14,70,eye_in_hand,wooden_cabinet_1,is_below_of,cookies_1
pick_up_the_black_bowl_next_to_the_cookie_box_and_place_it_on_the_plate,demo_14,70,eye_in_hand,akita_black_bowl_1,is_on_top_of,wooden_cabinet_1
pick_up_the_black_bowl_next_to_the_cookie_box_and_place_it_on_the_plate,demo_14,70,eye_in_hand,wooden_cabinet_1,is_below_of,akita_black_bowl_1
pick_up_the_black_bowl_next_to_the_cookie_box_and_place_it_on_the_plate,demo_14,75,eye_in_hand,plate_1,is_left_of,cookies_1
pick_up_the_black_bowl_next_to_the_cookie_box_and_place_it_on_the_plate,demo_14,75,eye_in_hand,cookies_1,is_right_of,plate_1
pick_up_the_black_bowl_next_to_the_cookie_box_and_place_it_on_the_plate,demo_14,75,eye_in_hand,plate_1,is_left_of,akita_black_bowl_1
pick_up_the_black_bowl_next_to_the_cookie_box_and_place_it_on_the_plate,demo_14,75,eye_in_hand,akita_black_bowl_1,is_right_of,plate_1
pick_up_the_black_bowl_next_to_the_cookie_box_and_place_it_on_the_plate,demo_14,75,eye_in_hand,plate_1,is_on_top_of,wooden_cabinet_1
pick_up_the_black_bowl_next_to_the_cookie_box_and_place_it_on_the_plate,demo_14,75,eye_in_hand,wooden_cabinet_1,is_below_of,plate_1
pick_up_the_black_bowl_next_to_the_cookie_box_and_place_it_on_the_plate,demo_14,75,eye_in_hand,cookies_1,is_on_top_of,wooden_cabinet_1
pick_up_the_black_bowl_next_to_the_cookie_box_and_place_it_on_the_plate,demo_14,75,eye_in_hand,wooden_cabinet_1,is_below_of,cookies_1
pick_up_the_black_bowl_next_to_the_cookie_box_and_place_it_on_the_plate,demo_14,75,eye_in_hand,akita_black_bowl_1,is_behind,cookies_1
pick_up_the_black_bowl_next_to_the_cookie_box_and_place_it_on_the_plate,demo_14,75,eye_in_hand,cookies_1,is_in_front_of,akita_black_bowl_1
pick_up_the_black_bowl_next_to_the_cookie_box_and_place_it_on_the_plate,demo_14,75,eye_in_hand,akita_black_bowl_1,is_on_top_of,wooden_cabinet_1
pick_up_the_black_bowl_next_to_the_cookie_box_and_place_it_on_the_plate,demo_14,75,eye_in_hand,wooden_cabinet_1,is_below_of,akita_black_bowl_1
pick_up_the_black_bowl_next_to_the_cookie_box_and_place_it_on_the_plate,demo_14,80,eye_in_hand,plate_1,is_left_of,akita_black_bowl_1
pick_up_the_black_bowl_next_to_the_cookie_box_and_place_it_on_the_plate,demo_14,80,eye_in_hand,akita_black_bowl_1,is_right_of,plate_1
pick_up_the_black_bowl_next_to_the_cookie_box_and_place_it_on_the_plate,demo_14,80,eye_in_hand,plate_1,is_left_of,cookies_1
pick_up_the_black_bowl_next_to_the_cookie_box_and_place_it_on_the_plate,demo_14,80,eye_in_hand,cookies_1,is_right_of,plate_1
pick_up_the_black_bowl_next_to_the_cookie_box_and_place_it_on_the_plate,demo_14,80,eye_in_hand,plate_1,is_on_top_of,wooden_cabinet_1
pick_up_the_black_bowl_next_to_the_cookie_box_and_place_it_on_the_plate,demo_14,80,eye_in_hand,wooden_cabinet_1,is_below_of,plate_1
pick_up_the_black_bowl_next_to_the_cookie_box_and_place_it_on_the_plate,demo_14,80,eye_in_hand,plate_1,is_in_front_of,flat_stove_1
pick_up_the_black_bowl_next_to_the_cookie_box_and_place_it_on_the_plate,demo_14,80,eye_in_hand,flat_stove_1,is_behind,plate_1
pick_up_the_black_bowl_next_to_the_cookie_box_and_place_it_on_the_plate,demo_14,80,eye_in_hand,akita_black_bowl_1,is_behind,cookies_1
pick_up_the_black_bowl_next_to_the_cookie_box_and_place_it_on_the_plate,demo_14,80,eye_in_hand,cookies_1,is_in_front_of,akita_black_bowl_1
pick_up_the_black_bowl_next_to_the_cookie_box_and_place_it_on_the_plate,demo_14,80,eye_in_hand,akita_black_bowl_1,is_on_top_of,wooden_cabinet_1
pick_up_the_black_bowl_next_to_the_cookie_box_and_place_it_on_the_plate,demo_14,80,eye_in_hand,wooden_cabinet_1,is_below_of,akita_black_bowl_1
pick_up_the_black_bowl_next_to_the_cookie_box_and_place_it_on_the_plate,demo_14,80,eye_in_hand,akita_black_bowl_1,is_in_front_of,flat_stove_1
pick_up_the_black_bowl_next_to_the_cookie_box_and_place_it_on_the_plate,demo_14,80,eye_in_hand,flat_stove_1,is_behind,akita_black_bowl_1
pick_up_the_black_bowl_next_to_the_cookie_box_and_place_it_on_the_plate,demo_14,80,eye_in_hand,cookies_1,is_on_top_of,wooden_cabinet_1
pick_up_the_black_bowl_next_to_the_cookie_box_and_place_it_on_the_plate,demo_14,80,eye_in_hand,wooden_cabinet_1,is_below_of,cookies_1
pick_up_the_black_bowl_next_to_the_cookie_box_and_place_it_on_the_plate,demo_14,80,eye_in_hand,cookies_1,is_in_front_of,flat_stove_1
pick_up_the_black_bowl_next_to_the_cookie_box_and_place_it_on_the_plate,demo_14,80,eye_in_hand,flat_stove_1,is_behind,cookies_1
pick_up_the_black_bowl_next_to_the_cookie_box_and_place_it_on_the_plate,demo_14,80,eye_in_hand,wooden_cabinet_1,is_in_front_of,flat_stove_1
pick_up_the_black_bowl_next_to_the_cookie_box_and_place_it_on_the_plate,demo_14,80,eye_in_hand,flat_stove_1,is_behind,wooden_cabinet_1
pick_up_the_black_bowl_next_to_the_cookie_box_and_place_it_on_the_plate,demo_14,85,eye_in_hand,plate_1,is_left_of,akita_black_bowl_1
pick_up_the_black_bowl_next_to_the_cookie_box_and_place_it_on_the_plate,demo_14,85,eye_in_hand,akita_black_bowl_1,is_right_of,plate_1
pick_up_the_black_bowl_next_to_the_cookie_box_and_place_it_on_the_plate,demo_14,85,eye_in_hand,plate_1,is_left_of,cookies_1
pick_up_the_black_bowl_next_to_the_cookie_box_and_place_it_on_the_plate,demo_14,85,eye_in_hand,cookies_1,is_right_of,plate_1
pick_up_the_black_bowl_next_to_the_cookie_box_and_place_it_on_the_plate,demo_14,85,eye_in_hand,plate_1,is_on_top_of,wooden_cabinet_1
pick_up_the_black_bowl_next_to_the_cookie_box_and_place_it_on_the_plate,demo_14,85,eye_in_hand,wooden_cabinet_1,is_below_of,plate_1
pick_up_the_black_bowl_next_to_the_cookie_box_and_place_it_on_the_plate,demo_14,85,eye_in_hand,akita_black_bowl_1,is_behind,cookies_1
pick_up_the_black_bowl_next_to_the_cookie_box_and_place_it_on_the_plate,demo_14,85,eye_in_hand,cookies_1,is_in_front_of,akita_black_bowl_1
pick_up_the_black_bowl_next_to_the_cookie_box_and_place_it_on_the_plate,demo_14,85,eye_in_hand,akita_black_bowl_1,is_on_top_of,wooden_cabinet_1
pick_up_the_black_bowl_next_to_the_cookie_box_and_place_it_on_the_plate,demo_14,85,eye_in_hand,wooden_cabinet_1,is_below_of,akita_black_bowl_1
pick_up_the_black_bowl_next_to_the_cookie_box_and_place_it_on_the_plate,demo_14,85,eye_in_hand,cookies_1,is_on_top_of,wooden_cabinet_1
pick_up_the_black_bowl_next_to_the_cookie_box_and_place_it_on_the_plate,demo_14,85,eye_in_hand,wooden_cabinet_1,is_below_of,cookies_1
pick_up_the_black_bowl_next_to_the_cookie_box_and_place_it_on_the_plate,demo_14,90,eye_in_hand,plate_1,is_left_of,akita_black_bowl_1
pick_up_the_black_bowl_next_to_the_cookie_box_and_place_it_on_the_plate,demo_14,90,eye_in_hand,akita_black_bowl_1,is_right_of,plate_1
pick_up_the_black_bowl_next_to_the_cookie_box_and_place_it_on_the_plate,demo_14,90,eye_in_hand,plate_1,is_on_top_of,wooden_cabinet_1
pick_up_the_black_bowl_next_to_the_cookie_box_and_place_it_on_the_plate,demo_14,90,eye_in_hand,wooden_cabinet_1,is_below_of,plate_1
pick_up_the_black_bowl_next_to_the_cookie_box_and_place_it_on_the_plate,demo_14,90,eye_in_hand,akita_black_bowl_1,is_in_front_of,wooden_cabinet_1
pick_up_the_black_bowl_next_to_the_cookie_box_and_place_it_on_the_plate,demo_14,90,eye_in_hand,wooden_cabinet_1,is_behind,akita_black_bowl_1
pick_up_the_black_bowl_next_to_the_cookie_box_and_place_it_on_the_plate,demo_14,95,eye_in_hand,akita_black_bowl_1,is_right_of,plate_1
pick_up_the_black_bowl_next_to_the_cookie_box_and_place_it_on_the_plate,demo_14,95,eye_in_hand,akita_black_bowl_1,is_on_top_of,wooden_cabinet_1
pick_up_the_black_bowl_next_to_the_cookie_box_and_place_it_on_the_plate,demo_14,95,eye_in_hand,plate_1,is_left_of,akita_black_bowl_1
pick_up_the_black_bowl_next_to_the_cookie_box_and_place_it_on_the_plate,demo_14,95,eye_in_hand,plate_1,is_on_top_of,wooden_cabinet_1
pick_up_the_black_bowl_next_to_the_cookie_box_and_place_it_on_the_plate,demo_14,95,eye_in_hand,wooden_cabinet_1,is_below_of,akita_black_bowl_1
pick_up_the_black_bowl_next_to_the_cookie_box_and_place_it_on_the_plate,demo_14,95,eye_in_hand,wooden_cabinet_1,is_below_of,plate_1
pick_up_the_black_bowl_next_to_the_cookie_box_and_place_it_on_the_plate,demo_14,100,eye_in_hand,akita_black_bowl_1,is_behind,plate_1
pick_up_the_black_bowl_next_to_the_cookie_box_and_place_it_on_the_plate,demo_14,100,eye_in_hand,akita_black_bowl_1,is_on_top_of,wooden_cabinet_1
pick_up_the_black_bowl_next_to_the_cookie_box_and_place_it_on_the_plate,demo_14,100,eye_in_hand,plate_1,is_in_front_of,akita_black_bowl_1
pick_up_the_black_bowl_next_to_the_cookie_box_and_place_it_on_the_plate,demo_14,100,eye_in_hand,plate_1,is_on_top_of,wooden_cabinet_1
pick_up_the_black_bowl_next_to_the_cookie_box_and_place_it_on_the_plate,demo_14,100,eye_in_hand,wooden_cabinet_1,is_below_of,akita_black_bowl_1
pick_up_the_black_bowl_next_to_the_cookie_box_and_place_it_on_the_plate,demo_14,100,eye_in_hand,wooden_cabinet_1,is_below_of,plate_1
pick_up_the_black_bowl_next_to_the_cookie_box_and_place_it_on_the_plate,demo_14,105,eye_in_hand,akita_black_bowl_1,is_behind,plate_1
pick_up_the_black_bowl_next_to_the_cookie_box_and_place_it_on_the_plate,demo_14,105,eye_in_hand,plate_1,is_in_front_of,akita_black_bowl_1
pick_up_the_black_bowl_next_to_the_cookie_box_and_place_it_on_the_plate,demo_14,105,eye_in_hand,akita_black_bowl_1,is_right_of,wooden_cabinet_1
pick_up_the_black_bowl_next_to_the_cookie_box_and_place_it_on_the_plate,demo_14,105,eye_in_hand,wooden_cabinet_1,is_left_of,akita_black_bowl_1
pick_up_the_black_bowl_next_to_the_cookie_box_and_place_it_on_the_plate,demo_14,105,eye_in_hand,plate_1,is_on_top_of,wooden_cabinet_1
pick_up_the_black_bowl_next_to_the_cookie_box_and_place_it_on_the_plate,demo_14,105,eye_in_hand,wooden_cabinet_1,is_below_of,plate_1
pick_up_the_black_bowl_next_to_the_cookie_box_and_place_it_on_the_plate,demo_14,110,eye_in_hand,akita_black_bowl_1,is_behind,plate_1
pick_up_the_black_bowl_next_to_the_cookie_box_and_place_it_on_the_plate,demo_14,110,eye_in_hand,akita_black_bowl_1,is_behind,wooden_cabinet_1
pick_up_the_black_bowl_next_to_the_cookie_box_and_place_it_on_the_plate,demo_14,110,eye_in_hand,plate_1,is_in_front_of,akita_black_bowl_1
pick_up_the_black_bowl_next_to_the_cookie_box_and_place_it_on_the_plate,demo_14,110,eye_in_hand,plate_1,is_on_top_of,wooden_cabinet_1
pick_up_the_black_bowl_next_to_the_cookie_box_and_place_it_on_the_plate,demo_14,110,eye_in_hand,wooden_cabinet_1,is_in_front_of,akita_black_bowl_1
pick_up_the_black_bowl_next_to_the_cookie_box_and_place_it_on_the_plate,demo_14,110,eye_in_hand,wooden_cabinet_1,is_below_of,plate_1
pick_up_the_black_bowl_next_to_the_cookie_box_and_place_it_on_the_plate,demo_14,115,eye_in_hand,akita_black_bowl_1,is_behind,plate_1
pick_up_the_black_bowl_next_to_the_cookie_box_and_place_it_on_the_plate,demo_14,115,eye_in_hand,plate_1,is_in_front_of,akita_black_bowl_1
pick_up_the_black_bowl_next_to_the_cookie_box_and_place_it_on_the_plate,demo_14,115,eye_in_hand,akita_black_bowl_1,is_behind,wooden_cabinet_1
pick_up_the_black_bowl_next_to_the_cookie_box_and_place_it_on_the_plate,demo_14,115,eye_in_hand,wooden_cabinet_1,is_in_front_of,akita_black_bowl_1
pick_up_the_black_bowl_next_to_the_cookie_box_and_place_it_on_the_plate,demo_14,115,eye_in_hand,plate_1,is_on_top_of,wooden_cabinet_1
pick_up_the_black_bowl_next_to_the_cookie_box_and_place_it_on_the_plate,demo_14,115,eye_in_hand,wooden_cabinet_1,is_below_of,plate_1
pick_up_the_black_bowl_next_to_the_cookie_box_and_place_it_on_the_plate,demo_14,120,eye_in_hand,akita_black_bowl_1,is_behind,plate_1
pick_up_the_black_bowl_next_to_the_cookie_box_and_place_it_on_the_plate,demo_14,120,eye_in_hand,akita_black_bowl_1,is_on_top_of,wooden_cabinet_1
pick_up_the_black_bowl_next_to_the_cookie_box_and_place_it_on_the_plate,demo_14,120,eye_in_hand,akita_black_bowl_1,is_in_front_of,flat_stove_1
pick_up_the_black_bowl_next_to_the_cookie_box_and_place_it_on_the_plate,demo_14,120,eye_in_hand,plate_1,is_in_front_of,akita_black_bowl_1
pick_up_the_black_bowl_next_to_the_cookie_box_and_place_it_on_the_plate,demo_14,120,eye_in_hand,plate_1,is_on_top_of,wooden_cabinet_1
pick_up_the_black_bowl_next_to_the_cookie_box_and_place_it_on_the_plate,demo_14,120,eye_in_hand,plate_1,is_in_front_of,flat_stove_1
pick_up_the_black_bowl_next_to_the_cookie_box_and_place_it_on_the_plate,demo_14,120,eye_in_hand,wooden_cabinet_1,is_below_of,akita_black_bowl_1
pick_up_the_black_bowl_next_to_the_cookie_box_and_place_it_on_the_plate,demo_14,120,eye_in_hand,wooden_cabinet_1,is_below_of,plate_1
pick_up_the_black_bowl_next_to_the_cookie_box_and_place_it_on_the_plate,demo_14,120,eye_in_hand,wooden_cabinet_1,is_in_front_of,flat_stove_1
pick_up_the_black_bowl_next_to_the_cookie_box_and_place_it_on_the_plate,demo_14,120,eye_in_hand,flat_stove_1,is_behind,akita_black_bowl_1
pick_up_the_black_bowl_next_to_the_cookie_box_and_place_it_on_the_plate,demo_14,120,eye_in_hand,flat_stove_1,is_behind,plate_1
pick_up_the_black_bowl_next_to_the_cookie_box_and_place_it_on_the_plate,demo_14,120,eye_in_hand,flat_stove_1,is_behind,wooden_cabinet_1
pick_up_the_black_bowl_next_to_the_cookie_box_and_place_it_on_the_plate,demo_14,125,eye_in_hand,akita_black_bowl_1,is_behind,plate_1
pick_up_the_black_bowl_next_to_the_cookie_box_and_place_it_on_the_plate,demo_14,125,eye_in_hand,plate_1,is_in_front_of,akita_black_bowl_1
pick_up_the_black_bowl_next_to_the_cookie_box_and_place_it_on_the_plate,demo_14,125,eye_in_hand,akita_black_bowl_1,is_right_of,wooden_cabinet_1
pick_up_the_black_bowl_next_to_the_cookie_box_and_place_it_on_the_plate,demo_14,125,eye_in_hand,wooden_cabinet_1,is_left_of,akita_black_bowl_1
pick_up_the_black_bowl_next_to_the_cookie_box_and_place_it_on_the_plate,demo_14,125,eye_in_hand,plate_1,is_on_top_of,wooden_cabinet_1
pick_up_the_black_bowl_next_to_the_cookie_box_and_place_it_on_the_plate,demo_14,125,eye_in_hand,wooden_cabinet_1,is_below_of,plate_1
pick_up_the_black_bowl_next_to_the_cookie_box_and_place_it_on_the_plate,demo_14,130,eye_in_hand,akita_black_bowl_1,is_right_of,plate_1
pick_up_the_black_bowl_next_to_the_cookie_box_and_place_it_on_the_plate,demo_14,130,eye_in_hand,akita_black_bowl_1,is_on_top_of,wooden_cabinet_1
pick_up_the_black_bowl_next_to_the_cookie_box_and_place_it_on_the_plate,demo_14,130,eye_in_hand,plate_1,is_left_of,akita_black_bowl_1
pick_up_the_black_bowl_next_to_the_cookie_box_and_place_it_on_the_plate,demo_14,130,eye_in_hand,plate_1,is_on_top_of,wooden_cabinet_1
pick_up_the_black_bowl_next_to_the_cookie_box_and_place_it_on_the_plate,demo_14,130,eye_in_hand,wooden_cabinet_1,is_below_of,akita_black_bowl_1
pick_up_the_black_bowl_next_to_the_cookie_box_and_place_it_on_the_plate,demo_14,130,eye_in_hand,wooden_cabinet_1,is_below_of,plate_1
pick_up_the_black_bowl_next_to_the_cookie_box_and_place_it_on_the_plate,demo_14,135,eye_in_hand,akita_black_bowl_1,is_behind,plate_1
pick_up_the_black_bowl_next_to_the_cookie_box_and_place_it_on_the_plate,demo_14,135,eye_in_hand,plate_1,is_in_front_of,akita_black_bowl_1
pick_up_the_black_bowl_next_to_the_cookie_box_and_place_it_on_the_plate,demo_14,135,eye_in_hand,akita_black_bowl_1,is_behind,wooden_cabinet_1
pick_up_the_black_bowl_next_to_the_cookie_box_and_place_it_on_the_plate,demo_14,135,eye_in_hand,wooden_cabinet_1,is_in_front_of,akita_black_bowl_1
pick_up_the_black_bowl_next_to_the_cookie_box_and_place_it_on_the_plate,demo_14,135,eye_in_hand,plate_1,is_on_top_of,wooden_cabinet_1
pick_up_the_black_bowl_next_to_the_cookie_box_and_place_it_on_the_plate,demo_14,135,eye_in_hand,wooden_cabinet_1,is_below_of,plate_1
pick_up_the_black_bowl_next_to_the_cookie_box_and_place_it_on_the_plate,demo_14,140,eye_in_hand,akita_black_bowl_1,is_on_top_of,plate_1
pick_up_the_black_bowl_next_to_the_cookie_box_and_place_it_on_the_plate,demo_14,140,eye_in_hand,akita_black_bowl_1,is_on_top_of,wooden_cabinet_1
pick_up_the_black_bowl_next_to_the_cookie_box_and_place_it_on_the_plate,demo_14,140,eye_in_hand,plate_1,is_below_of,akita_black_bowl_1
pick_up_the_black_bowl_next_to_the_cookie_box_and_place_it_on_the_plate,demo_14,140,eye_in_hand,plate_1,is_on_top_of,wooden_cabinet_1
pick_up_the_black_bowl_next_to_the_cookie_box_and_place_it_on_the_plate,demo_14,140,eye_in_hand,wooden_cabinet_1,is_below_of,akita_black_bowl_1
pick_up_the_black_bowl_next_to_the_cookie_box_and_place_it_on_the_plate,demo_14,140,eye_in_hand,wooden_cabinet_1,is_below_of,plate_1
pick_up_the_black_bowl_next_to_the_cookie_box_and_place_it_on_the_plate,demo_15,0,eye_in_hand,akita_black_bowl_1,is_left_of,akita_black_bowl_2
pick_up_the_black_bowl_next_to_the_cookie_box_and_place_it_on_the_plate,demo_15,0,eye_in_hand,akita_black_bowl_1,is_behind,cookies_1
pick_up_the_black_bowl_next_to_the_cookie_box_and_place_it_on_the_plate,demo_15,0,eye_in_hand,akita_black_bowl_1,contains,glazed_rim_porcelain_ramekin_1
pick_up_the_black_bowl_next_to_the_cookie_box_and_place_it_on_the_plate,demo_15,0,eye_in_hand,akita_black_bowl_1,is_behind,plate_1
pick_up_the_black_bowl_next_to_the_cookie_box_and_place_it_on_the_plate,demo_15,0,eye_in_hand,akita_black_bowl_1,is_in_front_of,wooden_cabinet_1
pick_up_the_black_bowl_next_to_the_cookie_box_and_place_it_on_the_plate,demo_15,0,eye_in_hand,akita_black_bowl_1,is_left_of,flat_stove_1
pick_up_the_black_bowl_next_to_the_cookie_box_and_place_it_on_the_plate,demo_15,0,eye_in_hand,akita_black_bowl_2,is_right_of,akita_black_bowl_1
pick_up_the_black_bowl_next_to_the_cookie_box_and_place_it_on_the_plate,demo_15,0,eye_in_hand,akita_black_bowl_2,is_behind,cookies_1
pick_up_the_black_bowl_next_to_the_cookie_box_and_place_it_on_the_plate,demo_15,0,eye_in_hand,akita_black_bowl_2,is_right_of,glazed_rim_porcelain_ramekin_1
pick_up_the_black_bowl_next_to_the_cookie_box_and_place_it_on_the_plate,demo_15,0,eye_in_hand,akita_black_bowl_2,is_behind,plate_1
pick_up_the_black_bowl_next_to_the_cookie_box_and_place_it_on_the_plate,demo_15,0,eye_in_hand,akita_black_bowl_2,is_in_front_of,wooden_cabinet_1
pick_up_the_black_bowl_next_to_the_cookie_box_and_place_it_on_the_plate,demo_15,0,eye_in_hand,akita_black_bowl_2,is_on_top_of,flat_stove_1
pick_up_the_black_bowl_next_to_the_cookie_box_and_place_it_on_the_plate,demo_15,0,eye_in_hand,cookies_1,is_in_front_of,akita_black_bowl_1
pick_up_the_black_bowl_next_to_the_cookie_box_and_place_it_on_the_plate,demo_15,0,eye_in_hand,cookies_1,is_in_front_of,akita_black_bowl_2
pick_up_the_black_bowl_next_to_the_cookie_box_and_place_it_on_the_plate,demo_15,0,eye_in_hand,cookies_1,is_in_front_of,glazed_rim_porcelain_ramekin_1
pick_up_the_black_bowl_next_to_the_cookie_box_and_place_it_on_the_plate,demo_15,0,eye_in_hand,cookies_1,is_right_of,plate_1
pick_up_the_black_bowl_next_to_the_cookie_box_and_place_it_on_the_plate,demo_15,0,eye_in_hand,cookies_1,is_in_front_of,wooden_cabinet_1
pick_up_the_black_bowl_next_to_the_cookie_box_and_place_it_on_the_plate,demo_15,0,eye_in_hand,cookies_1,is_in_front_of,flat_stove_1
pick_up_the_black_bowl_next_to_the_cookie_box_and_place_it_on_the_plate,demo_15,0,eye_in_hand,glazed_rim_porcelain_ramekin_1,is_inside,akita_black_bowl_1
pick_up_the_black_bowl_next_to_the_cookie_box_and_place_it_on_the_plate,demo_15,0,eye_in_hand,glazed_rim_porcelain_ramekin_1,is_left_of,akita_black_bowl_2
pick_up_the_black_bowl_next_to_the_cookie_box_and_place_it_on_the_plate,demo_15,0,eye_in_hand,glazed_rim_porcelain_ramekin_1,is_behind,cookies_1
pick_up_the_black_bowl_next_to_the_cookie_box_and_place_it_on_the_plate,demo_15,0,eye_in_hand,glazed_rim_porcelain_ramekin_1,is_behind,plate_1
pick_up_the_black_bowl_next_to_the_cookie_box_and_place_it_on_the_plate,demo_15,0,eye_in_hand,glazed_rim_porcelain_ramekin_1,is_in_front_of,wooden_cabinet_1
pick_up_the_black_bowl_next_to_the_cookie_box_and_place_it_on_the_plate,demo_15,0,eye_in_hand,glazed_rim_porcelain_ramekin_1,is_left_of,flat_stove_1
pick_up_the_black_bowl_next_to_the_cookie_box_and_place_it_on_the_plate,demo_15,0,eye_in_hand,plate_1,is_in_front_of,akita_black_bowl_1
pick_up_the_black_bowl_next_to_the_cookie_box_and_place_it_on_the_plate,demo_15,0,eye_in_hand,plate_1,is_in_front_of,akita_black_bowl_2
pick_up_the_black_bowl_next_to_the_cookie_box_and_place_it_on_the_plate,demo_15,0,eye_in_hand,plate_1,is_left_of,cookies_1
pick_up_the_black_bowl_next_to_the_cookie_box_and_place_it_on_the_plate,demo_15,0,eye_in_hand,plate_1,is_in_front_of,glazed_rim_porcelain_ramekin_1
pick_up_the_black_bowl_next_to_the_cookie_box_and_place_it_on_the_plate,demo_15,0,eye_in_hand,plate_1,is_in_front_of,wooden_cabinet_1
pick_up_the_black_bowl_next_to_the_cookie_box_and_place_it_on_the_plate,demo_15,0,eye_in_hand,plate_1,is_in_front_of,flat_stove_1
pick_up_the_black_bowl_next_to_the_cookie_box_and_place_it_on_the_plate,demo_15,0,eye_in_hand,wooden_cabinet_1,is_behind,akita_black_bowl_1
pick_up_the_black_bowl_next_to_the_cookie_box_and_place_it_on_the_plate,demo_15,0,eye_in_hand,wooden_cabinet_1,is_behind,akita_black_bowl_2
pick_up_the_black_bowl_next_to_the_cookie_box_and_place_it_on_the_plate,demo_15,0,eye_in_hand,wooden_cabinet_1,is_behind,cookies_1
pick_up_the_black_bowl_next_to_the_cookie_box_and_place_it_on_the_plate,demo_15,0,eye_in_hand,wooden_cabinet_1,is_behind,glazed_rim_porcelain_ramekin_1
pick_up_the_black_bowl_next_to_the_cookie_box_and_place_it_on_the_plate,demo_15,0,eye_in_hand,wooden_cabinet_1,is_behind,plate_1
pick_up_the_black_bowl_next_to_the_cookie_box_and_place_it_on_the_plate,demo_15,0,eye_in_hand,wooden_cabinet_1,is_behind,flat_stove_1
pick_up_the_black_bowl_next_to_the_cookie_box_and_place_it_on_the_plate,demo_15,0,eye_in_hand,flat_stove_1,is_right_of,akita_black_bowl_1
pick_up_the_black_bowl_next_to_the_cookie_box_and_place_it_on_the_plate,demo_15,0,eye_in_hand,flat_stove_1,is_below_of,akita_black_bowl_2
pick_up_the_black_bowl_next_to_the_cookie_box_and_place_it_on_the_plate,demo_15,0,eye_in_hand,flat_stove_1,is_behind,cookies_1
pick_up_the_black_bowl_next_to_the_cookie_box_and_place_it_on_the_plate,demo_15,0,eye_in_hand,flat_stove_1,is_right_of,glazed_rim_porcelain_ramekin_1
pick_up_the_black_bowl_next_to_the_cookie_box_and_place_it_on_the_plate,demo_15,0,eye_in_hand,flat_stove_1,is_behind,plate_1
pick_up_the_black_bowl_next_to_the_cookie_box_and_place_it_on_the_plate,demo_15,0,eye_in_hand,flat_stove_1,is_in_front_of,wooden_cabinet_1
pick_up_the_black_bowl_next_to_the_cookie_box_and_place_it_on_the_plate,demo_15,5,eye_in_hand,akita_black_bowl_1,is_on_top_of,flat_stove_1
pick_up_the_black_bowl_next_to_the_cookie_box_and_place_it_on_the_plate,demo_15,5,eye_in_hand,flat_stove_1,is_below_of,akita_black_bowl_1
pick_up_the_black_bowl_next_to_the_cookie_box_and_place_it_on_the_plate,demo_15,5,eye_in_hand,akita_black_bowl_1,is_behind,akita_black_bowl_2
pick_up_the_black_bowl_next_to_the_cookie_box_and_place_it_on_the_plate,demo_15,5,eye_in_hand,akita_black_bowl_2,is_in_front_of,akita_black_bowl_1
pick_up_the_black_bowl_next_to_the_cookie_box_and_place_it_on_the_plate,demo_15,5,eye_in_hand,akita_black_bowl_1,is_behind,cookies_1
pick_up_the_black_bowl_next_to_the_cookie_box_and_place_it_on_the_plate,demo_15,5,eye_in_hand,cookies_1,is_in_front_of,akita_black_bowl_1
pick_up_the_black_bowl_next_to_the_cookie_box_and_place_it_on_the_plate,demo_15,5,eye_in_hand,akita_black_bowl_1,is_right_of,glazed_rim_porcelain_ramekin_1
pick_up_the_black_bowl_next_to_the_cookie_box_and_place_it_on_the_plate,demo_15,5,eye_in_hand,glazed_rim_porcelain_ramekin_1,is_left_of,akita_black_bowl_1
pick_up_the_black_bowl_next_to_the_cookie_box_and_place_it_on_the_plate,demo_15,5,eye_in_hand,akita_black_bowl_1,is_behind,plate_1
pick_up_the_black_bowl_next_to_the_cookie_box_and_place_it_on_the_plate,demo_15,5,eye_in_hand,plate_1,is_in_front_of,akita_black_bowl_1
pick_up_the_black_bowl_next_to_the_cookie_box_and_place_it_on_the_plate,demo_15,5,eye_in_hand,akita_black_bowl_1,is_behind,wooden_cabinet_1
pick_up_the_black_bowl_next_to_the_cookie_box_and_place_it_on_the_plate,demo_15,5,eye_in_hand,wooden_cabinet_1,is_in_front_of,akita_black_bowl_1
pick_up_the_black_bowl_next_to_the_cookie_box_and_place_it_on_the_plate,demo_15,5,eye_in_hand,akita_black_bowl_2,is_right_of,cookies_1
pick_up_the_black_bowl_next_to_the_cookie_box_and_place_it_on_the_plate,demo_15,5,eye_in_hand,cookies_1,is_left_of,akita_black_bowl_2
pick_up_the_black_bowl_next_to_the_cookie_box_and_place_it_on_the_plate,demo_15,5,eye_in_hand,akita_black_bowl_2,is_in_front_of,glazed_rim_porcelain_ramekin_1
pick_up_the_black_bowl_next_to_the_cookie_box_and_place_it_on_the_plate,demo_15,5,eye_in_hand,glazed_rim_porcelain_ramekin_1,is_behind,akita_black_bowl_2
pick_up_the_black_bowl_next_to_the_cookie_box_and_place_it_on_the_plate,demo_15,5,eye_in_hand,akita_black_bowl_2,is_right_of,plate_1
pick_up_the_black_bowl_next_to_the_cookie_box_and_place_it_on_the_plate,demo_15,5,eye_in_hand,plate_1,is_left_of,akita_black_bowl_2
pick_up_the_black_bowl_next_to_the_cookie_box_and_place_it_on_the_plate,demo_15,5,eye_in_hand,akita_black_bowl_2,is_in_front_of,wooden_cabinet_1
pick_up_the_black_bowl_next_to_the_cookie_box_and_place_it_on_the_plate,demo_15,5,eye_in_hand,wooden_cabinet_1,is_behind,akita_black_bowl_2
pick_up_the_black_bowl_next_to_the_cookie_box_and_place_it_on_the_plate,demo_15,5,eye_in_hand,akita_black_bowl_2,is_in_front_of,flat_stove_1
pick_up_the_black_bowl_next_to_the_cookie_box_and_place_it_on_the_plate,demo_15,5,eye_in_hand,flat_stove_1,is_behind,akita_black_bowl_2
pick_up_the_black_bowl_next_to_the_cookie_box_and_place_it_on_the_plate,demo_15,5,eye_in_hand,cookies_1,is_in_front_of,glazed_rim_porcelain_ramekin_1
pick_up_the_black_bowl_next_to_the_cookie_box_and_place_it_on_the_plate,demo_15,5,eye_in_hand,glazed_rim_porcelain_ramekin_1,is_behind,cookies_1
pick_up_the_black_bowl_next_to_the_cookie_box_and_place_it_on_the_plate,demo_15,5,eye_in_hand,cookies_1,is_right_of,plate_1
pick_up_the_black_bowl_next_to_the_cookie_box_and_place_it_on_the_plate,demo_15,5,eye_in_hand,plate_1,is_left_of,cookies_1
pick_up_the_black_bowl_next_to_the_cookie_box_and_place_it_on_the_plate,demo_15,5,eye_in_hand,cookies_1,is_left_of,wooden_cabinet_1
pick_up_the_black_bowl_next_to_the_cookie_box_and_place_it_on_the_plate,demo_15,5,eye_in_hand,wooden_cabinet_1,is_right_of,cookies_1
pick_up_the_black_bowl_next_to_the_cookie_box_and_place_it_on_the_plate,demo_15,5,eye_in_hand,cookies_1,is_in_front_of,flat_stove_1
pick_up_the_black_bowl_next_to_the_cookie_box_and_place_it_on_the_plate,demo_15,5,eye_in_hand,flat_stove_1,is_behind,cookies_1
pick_up_the_black_bowl_next_to_the_cookie_box_and_place_it_on_the_plate,demo_15,5,eye_in_hand,glazed_rim_porcelain_ramekin_1,is_behind,plate_1
pick_up_the_black_bowl_next_to_the_cookie_box_and_place_it_on_the_plate,demo_15,5,eye_in_hand,plate_1,is_in_front_of,glazed_rim
pick_up_the_black_bowl_next_to_the_cookie_box_and_place_it_on_the_plate,demo_15,10,eye_in_hand,akita_black_bowl_2,contains,glazed_rim_porcelain_ramekin_1
pick_up_the_black_bowl_next_to_the_cookie_box_and_place_it_on_the_plate,demo_15,10,eye_in_hand,glazed_rim_porcelain_ramekin_1,is_inside,akita_black_bowl_2
pick_up_the_black_bowl_next_to_the_cookie_box_and_place_it_on_the_plate,demo_15,10,eye_in_hand,akita_black_bowl_2,is_left_of,flat_stove_1
pick_up_the_black_bowl_next_to_the_cookie_box_and_place_it_on_the_plate,demo_15,10,eye_in_hand,flat_stove_1,is_right_of,akita_black_bowl_2
pick_up_the_black_bowl_next_to_the_cookie_box_and_place_it_on_the_plate,demo_15,10,eye_in_hand,akita_black_bowl_2,is_behind,plate_1
pick_up_the_black_bowl_next_to_the_cookie_box_and_place_it_on_the_plate,demo_15,10,eye_in_hand,plate_1,is_in_front_of,akita_black_bowl_2
pick_up_the_black_bowl_next_to_the_cookie_box_and_place_it_on_the_plate,demo_15,10,eye_in_hand,akita_black_bowl_2,is_behind,cookies_1
pick_up_the_black_bowl_next_to_the_cookie_box_and_place_it_on_the_plate,demo_15,10,eye_in_hand,cookies_1,is_in_front_of,akita_black
pick_up_the_black_bowl_next_to_the_cookie_box_and_place_it_on_the_plate,demo_15,15,eye_in_hand,cookies_1,is_in_front_of,flat_stove_1
pick_up_the_black_bowl_next_to_the_cookie_box_and_place_it_on_the_plate,demo_15,15,eye_in_hand,cookies_1,is_left_of,glazed_rim_porcelain_ramekin_1
pick_up_the_black_bowl_next_to_the_cookie_box_and_place_it_on_the_plate,demo_15,15,eye_in_hand,cookies_1,is_right_of,plate_1
pick_up_the_black_bowl_next_to_the_cookie_box_and_place_it_on_the_plate,demo_15,15,eye_in_hand,cookies_1,is_left_of,wooden_cabinet_1
pick_up_the_black_bowl_next_to_the_cookie_box_and_place_it_on_the_plate,demo_15,15,eye_in_hand,flat_stove_1,is_behind,cookies_1
pick_up_the_black_bowl_next_to_the_cookie_box_and_place_it_on_the_plate,demo_15,15,eye_in_hand,flat_stove_1,is_behind,glazed_rim_porcelain_ramekin_1
pick_up_the_black_bowl_next_to_the_cookie_box_and_place_it_on_the_plate,demo_15,15,eye_in_hand,flat_stove_1,is_behind,plate_1
pick_up_the_black_bowl_next_to_the_cookie_box_and_place_it_on_the_plate,demo_15,15,eye_in_hand,flat_stove_1,is_behind,wooden_cabinet_1
pick_up_the_black_bowl_next_to_the_cookie_box_and_place_it_on_the_plate,demo_15,15,eye_in_hand,glazed_rim_porcelain_ramekin_1,is_in_front_of,flat_stove_1
pick_up_the_black_bowl_next_to_the_cookie_box_and_place_it_on_the_plate,demo_15,15,eye_in_hand,glazed_rim_porcelain_ramekin_1,is_right_of,cookies_1
pick_up_the_black_bowl_next_to_the_cookie_box_and_place_it_on_the_plate,demo_15,15,eye_in_hand,glazed_rim_porcelain_ramekin_1,is_right_of,plate_1
pick_up_the_black_bowl_next_to_the_cookie_box_and_place_it_on_the_plate,demo_15,15,eye_in_hand,glazed_rim_porcelain_ramekin_1,is_left_of,wooden_cabinet_1
pick_up_the_black_bowl_next_to_the_cookie_box_and_place_it_on_the_plate,demo_15,15,eye_in_hand,plate_1,is_in_front_of,flat_stove_1
pick_up_the_black_bowl_next_to_the_cookie_box_and_place_it_on_the_plate,demo_15,15,eye_in_hand,plate_1,is_left_of,cookies_1
pick_up_the_black_bowl_next_to_the_cookie_box_and_place_it_on_the_plate,demo_15,15,eye_in_hand,plate_1,is_left_of,glazed_rim_porcelain_ramekin_1
pick_up_the_black_bowl_next_to_the_cookie_box_and_place_it_on_the_plate,demo_15,15,eye_in_hand,plate_1,is_left_of,wooden_cabinet_1
pick_up_the_black_bowl_next_to_the_cookie_box_and_place_it_on_the_plate,demo_15,15,eye_in_hand,wooden_cabinet_1,is_in_front_of,flat_stove_1
pick_up_the_black_bowl_next_to_the_cookie_box_and_place_it_on_the_plate,demo_15,15,eye_in_hand,wooden_cabinet_1,is_right_of,cookies_1
pick_up_the_black_bowl_next_to_the_cookie_box_and_place_it_on_the_plate,demo_15,15,eye_in_hand,wooden_cabinet_1,is_right_of,glazed_rim_porcelain_ramekin_1
pick_up_the_black_bowl_next_to_the_cookie_box_and_place_it_on_the_plate,demo_15,15,eye_in_hand,wooden_cabinet_1,is_right_of,plate_1
pick_up_the_black_bowl_next_to_the_cookie_box_and_place_it_on_the_plate,demo_15,20,eye_in_hand,akita_black_bowl_1,is_right_of,cookies_1
pick_up_the_black_bowl_next_to_the_cookie_box_and_place_it_on_the_plate,demo_15,20,eye_in_hand,akita_black_bowl_1,is_right_of,plate_1
pick_up_the_black_bowl_next_to_the_cookie_box_and_place_it_on_the_plate,demo_15,20,eye_in_hand,akita_black_bowl_1,is_on_top_of,wooden_cabinet_1
pick_up_the_black_bowl_next_to_the_cookie_box_and_place_it_on_the_plate,demo_15,20,eye_in_hand,akita_black_bowl_1,is_in_front_of,flat_stove_1
pick_up_the_black_bowl_next_to_the_cookie_box_and_place_it_on_the_plate,demo_15,20,eye_in_hand,cookies_1,is_left_of,akita_black_bowl_1
pick_up_the_black_bowl_next_to_the_cookie_box_and_place_it_on_the_plate,demo_15,20,eye_in_hand,cookies_1,is_right_of,plate_1
pick_up_the_black_bowl_next_to_the_cookie_box_and_place_it_on_the_plate,demo_15,20,eye_in_hand,cookies_1,is_on_top_of,wooden_cabinet_1
pick_up_the_black_bowl_next_to_the_cookie_box_and_place_it_on_the_plate,demo_15,20,eye_in_hand,cookies_1,is_in_front_of,flat_stove_1
pick_up_the_black_bowl_next_to_the_cookie_box_and_place_it_on_the_plate,demo_15,20,eye_in_hand,plate_1,is_left_of,akita_black_bowl_1
pick_up_the_black_bowl_next_to_the_cookie_box_and_place_it_on_the_plate,demo_15,20,eye_in_hand,plate_1,is_left_of,cookies_1
pick_up_the_black_bowl_next_to_the_cookie_box_and_place_it_on_the_plate,demo_15,20,eye_in_hand,plate_1,is_on_top_of,wooden_cabinet_1
pick_up_the_black_bowl_next_to_the_cookie_box_and_place_it_on_the_plate,demo_15,20,eye_in_hand,plate_1,is_in_front_of,flat_stove_1
pick_up_the_black_bowl_next_to_the_cookie_box_and_place_it_on_the_plate,demo_15,20,eye_in_hand,wooden_cabinet_1,is_below_of,akita_black_bowl_1
pick_up_the_black_bowl_next_to_the_cookie_box_and_place_it_on_the_plate,demo_15,20,eye_in_hand,wooden_cabinet_1,is_below_of,cookies_1
pick_up_the_black_bowl_next_to_the_cookie_box_and_place_it_on_the_plate,demo_15,20,eye_in_hand,wooden_cabinet_1,is_below_of,plate_1
pick_up_the_black_bowl_next_to_the_cookie_box_and_place_it_on_the_plate,demo_15,20,eye_in_hand,wooden_cabinet_1,is_in_front_of,flat_stove_1
pick_up_the_black_bowl_next_to_the_cookie_box_and_place_it_on_the_plate,demo_15,20,eye_in_hand,flat_stove_1,is_behind,akita_black_bowl_1
pick_up_the_black_bowl_next_to_the_cookie_box_and_place_it_on_the_plate,demo_15,20,eye_in_hand,flat_stove_1,is_behind,cookies_1
pick_up_the_black_bowl_next_to_the_cookie_box_and_place_it_on_the_plate,demo_15,20,eye_in_hand,flat_stove_1,is_behind,plate_1
pick_up_the_black_bowl_next_to_the_cookie_box_and_place_it_on_the_plate,demo_15,20,eye_in_hand,flat_stove_1,is_behind,wooden_cabinet_1
pick_up_the_black_bowl_next_to_the_cookie_box_and_place_it_on_the_plate,demo_15,25,eye_in_hand,plate_1,is_left_of,cookies_1
pick_up_the_black_bowl_next_to_the_cookie_box_and_place_it_on_the_plate,demo_15,25,eye_in_hand,cookies_1,is_right_of,plate_1
pick_up_the_black_bowl_next_to_the_cookie_box_and_place_it_on_the_plate,demo_15,25,eye_in_hand,plate_1,is_left_of,akita_black_bowl_1
pick_up_the_black_bowl_next_to_the_cookie_box_and_place_it_on_the_plate,demo_15,25,eye_in_hand,akita_black_bowl_1,is_right_of,plate_1
pick_up_the_black_bowl_next_to_the_cookie_box_and_place_it_on_the_plate,demo_15,25,eye_in_hand,plate_1,is_on_top_of,wooden_cabinet_1
pick_up_the_black_bowl_next_to_the_cookie_box_and_place_it_on_the_plate,demo_15,25,eye_in_hand,wooden_cabinet_1,is_below_of,plate_1
pick_up_the_black_bowl_next_to_the_cookie_box_and_place_it_on_the_plate,demo_15,25,eye_in_hand,plate_1,is_in_front_of,flat_stove_1
pick_up_the_black_bowl_next_to_the_cookie_box_and_place_it_on_the_plate,demo_15,25,eye_in_hand,flat_stove_1,is_behind,plate_1
pick_up_the_black_bowl_next_to_the_cookie_box_and_place_it_on_the_plate,demo_15,25,eye_in_hand,cookies_1,is_left_of,akita_black_bowl_1
pick_up_the_black_bowl_next_to_the_cookie_box_and_place_it_on_the_plate,demo_15,25,eye_in_hand,akita_black_bowl_1,is_right_of,cookies_1
pick_up_the_black_bowl_next_to_the_cookie_box_and_place_it_on_the_plate,demo_15,25,eye_in_hand,cookies_1,is_on_top_of,wooden_cabinet_1
pick_up_the_black_bowl_next_to_the_cookie_box_and_place_it_on_the_plate,demo_15,25,eye_in_hand,wooden_cabinet_1,is_below_of,cookies_1
pick_up_the_black_bowl_next_to_the_cookie_box_and_place_it_on_the_plate,demo_15,25,eye_in_hand,cookies_1,is_in_front_of,flat_stove_1
pick_up_the_black_bowl_next_to_the_cookie_box_and_place_it_on_the_plate,demo_15,25,eye_in_hand,flat_stove_1,is_behind,cookies_1
pick_up_the_black_bowl_next_to_the_cookie_box_and_place_it_on_the_plate,demo_15,25,eye_in_hand,akita_black_bowl_1,is_on_top_of,wooden_cabinet_1
pick_up_the_black_bowl_next_to_the_cookie_box_and_place_it_on_the_plate,demo_15,25,eye_in_hand,wooden_cabinet_1,is_below_of,akita_black_bowl_1
pick_up_the_black_bowl_next_to_the_cookie_box_and_place_it_on_the_plate,demo_15,25,eye_in_hand,akita_black_bowl_1,is_in_front_of,flat_stove_1
pick_up_the_black_bowl_next_to_the_cookie_box_and_place_it_on_the_plate,demo_15,25,eye_in_hand,flat_stove_1,is_behind,akita_black_bowl_1
pick_up_the_black_bowl_next_to_the_cookie_box_and_place_it_on_the_plate,demo_15,25,eye_in_hand,wooden_cabinet_1,is_in_front_of,flat_stove_1
pick_up_the_black_bowl_next_to_the_cookie_box_and_place_it_on_the_plate,demo_15,25,eye_in_hand,flat_stove_1,is_behind,wooden_cabinet_1
pick_up_the_black_bowl_next_to_the_cookie_box_and_place_it_on_the_plate,demo_15,30,eye_in_hand,plate_1,is_left_of,cookies_1
pick_up_the_black_bowl_next_to_the_cookie_box_and_place_it_on_the_plate,demo_15,30,eye_in_hand,cookies_1,is_right_of,plate_1
pick_up_the_black_bowl_next_to_the_cookie_box_and_place_it_on_the_plate,demo_15,30,eye_in_hand,plate_1,is_left_of,akita_black_bowl_1
pick_up_the_black_bowl_next_to_the_cookie_box_and_place_it_on_the_plate,demo_15,30,eye_in_hand,akita_black_bowl_1,is_right_of,plate_1
pick_up_the_black_bowl_next_to_the_cookie_box_and_place_it_on_the_plate,demo_15,30,eye_in_hand,cookies_1,is_left_of,akita_black_bowl_1
pick_up_the_black_bowl_next_to_the_cookie_box_and_place_it_on_the_plate,demo_15,30,eye_in_hand,akita_black_bowl_1,is_right_of,cookies_1
pick_up_the_black_bowl_next_to_the_cookie_box_and_place_it_on_the_plate,demo_15,35,eye_in_hand,akita_black_bowl_1,is_on_top_of,wooden_cabinet_1
pick_up_the_black_bowl_next_to_the_cookie_box_and_place_it_on_the_plate,demo_15,35,eye_in_hand,wooden_cabinet_1,is_below_of,akita_black_bowl_1
pick_up_the_black_bowl_next_to_the_cookie_box_and_place_it_on_the_plate,demo_15,40,eye_in_hand,akita_black_bowl_1,is_on_top_of,wooden_cabinet_1
pick_up_the_black_bowl_next_to_the_cookie_box_and_place_it_on_the_plate,demo_15,40,eye_in_hand,wooden_cabinet_1,is_below_of,akita_black_bowl_1
pick_up_the_black_bowl_next_to_the_cookie_box_and_place_it_on_the_plate,demo_15,45,eye_in_hand,akita_black_bowl_2,is_on_top_of,wooden_cabinet_1
pick_up_the_black_bowl_next_to_the_cookie_box_and_place_it_on_the_plate,demo_15,45,eye_in_hand,wooden_cabinet_1,is_below_of,akita_black_bowl_2
pick_up_the_black_bowl_next_to_the_cookie_box_and_place_it_on_the_plate,demo_15,50,eye_in_hand,akita_black_bowl_1,is_on_top_of,wooden_cabinet_1
pick_up_the_black_bowl_next_to_the_cookie_box_and_place_it_on_the_plate,demo_15,50,eye_in_hand,wooden_cabinet_1,is_below_of,akita_black_bowl_1
pick_up_the_black_bowl_next_to_the_cookie_box_and_place_it_on_the_plate,demo_15,55,eye_in_hand,cookies_1,is_left_of,akita_black_bowl_1
pick_up_the_black_bowl_next_to_the_cookie_box_and_place_it_on_the_plate,demo_15,55,eye_in_hand,akita_black_bowl_1,is_right_of,cookies_1
pick_up_the_black_bowl_next_to_the_cookie_box_and_place_it_on_the_plate,demo_15,55,eye_in_hand,cookies_1,is_in_front_of,flat_stove_1
pick_up_the_black_bowl_next_to_the_cookie_box_and_place_it_on_the_plate,demo_15,55,eye_in_hand,flat_stove_1,is_behind,cookies_1
pick_up_the_black_bowl_next_to_the_cookie_box_and_place_it_on_the_plate,demo_15,55,eye_in_hand,cookies_1,is_on_top_of,wooden_cabinet_1
pick_up_the_black_bowl_next_to_the_cookie_box_and_place_it_on_the_plate,demo_15,55,eye_in_hand,wooden_cabinet_1,is_below_of,cookies_1
pick_up_the_black_bowl_next_to_the_cookie_box_and_place_it_on_the_plate,demo_15,55,eye_in_hand,akita_black_bowl_1,is_in_front_of,flat_stove_1
pick_up_the_black_bowl_next_to_the_cookie_box_and_place_it_on_the_plate,demo_15,55,eye_in_hand,flat_stove_1,is_behind,akita_black_bowl_1
pick_up_the_black_bowl_next_to_the_cookie_box_and_place_it_on_the_plate,demo_15,55,eye_in_hand,akita_black_bowl_1,is_on_top_of,wooden_cabinet_1
pick_up_the_black_bowl_next_to_the_cookie_box_and_place_it_on_the_plate,demo_15,55,eye_in_hand,wooden_cabinet_1,is_below_of,akita_black_bowl_1
pick_up_the_black_bowl_next_to_the_cookie_box_and_place_it_on_the_plate,demo_15,55,eye_in_hand,flat_stove_1,is_behind,wooden_cabinet_1
pick_up_the_black_bowl_next_to_the_cookie_box_and_place_it_on_the_plate,demo_15,55,eye_in_hand,wooden_cabinet_1,is_in_front_of,flat_stove_1
pick_up_the_black_bowl_next_to_the_cookie_box_and_place_it_on_the_plate,demo_15,60,eye_in_hand,akita_black_bowl_1,is_right_of,cookies_1
pick_up_the_black_bowl_next_to_the_cookie_box_and_place_it_on_the_plate,demo_15,60,eye_in_hand,akita_black_bowl_1,is_on_top_of,wooden_cabinet_1
pick_up_the_black_bowl_next_to_the_cookie_box_and_place_it_on_the_plate,demo_15,60,eye_in_hand,cookies_1,is_left_of,akita_black_bowl_1
pick_up_the_black_bowl_next_to_the_cookie_box_and_place_it_on_the_plate,demo_15,60,eye_in_hand,cookies_1,is_on_top_of,wooden_cabinet_1
pick_up_the_black_bowl_next_to_the_cookie_box_and_place_it_on_the_plate,demo_15,60,eye_in_hand,wooden_cabinet_1,is_below_of,akita_black_bowl_1
pick_up_the_black_bowl_next_to_the_cookie_box_and_place_it_on_the_plate,demo_15,60,eye_in_hand,wooden_cabinet_1,is_below_of,cookies_1
pick_up_the_black_bowl_next_to_the_cookie_box_and_place_it_on_the_plate,demo_15,65,eye_in_hand,akita_black_bowl_1,is_right_of,cookies_1
pick_up_the_black_bowl_next_to_the_cookie_box_and_place_it_on_the_plate,demo_15,65,eye_in_hand,akita_black_bowl_1,is_right_of,plate_1
pick_up_the_black_bowl_next_to_the_cookie_box_and_place_it_on_the_plate,demo_15,65,eye_in_hand,akita_black_bowl_1,is_in_front_of,flat_stove_1
pick_up_the_black_bowl_next_to_the_cookie_box_and_place_it_on_the_plate,demo_15,65,eye_in_hand,akita_black_bowl_1,is_on_top_of,wooden_cabinet_1
pick_up_the_black_bowl_next_to_the_cookie_box_and_place_it_on_the_plate,demo_15,65,eye_in_hand,cookies_1,is_left_of,akita_black_bowl_1
pick_up_the_black_bowl_next_to_the_cookie_box_and_place_it_on_the_plate,demo_15,65,eye_in_hand,cookies_1,is_right_of,plate_1
pick_up_the_black_bowl_next_to_the_cookie_box_and_place_it_on_the_plate,demo_15,65,eye_in_hand,cookies_1,is_in_front_of,flat_stove_1
pick_up_the_black_bowl_next_to_the_cookie_box_and_place_it_on_the_plate,demo_15,65,eye_in_hand,cookies_1,is_on_top_of,wooden_cabinet_1
pick_up_the_black_bowl_next_to_the_cookie_box_and_place_it_on_the_plate,demo_15,65,eye_in_hand,plate_1,is_left_of,akita_black_bowl_1
pick_up_the_black_bowl_next_to_the_cookie_box_and_place_it_on_the_plate,demo_15,65,eye_in_hand,plate_1,is_left_of,cookies_1
pick_up_the_black_bowl_next_to_the_cookie_box_and_place_it_on_the_plate,demo_15,65,eye_in_hand,plate_1,is_in_front_of,flat_stove_1
pick_up_the_black_bowl_next_to_the_cookie_box_and_place_it_on_the_plate,demo_15,65,eye_in_hand,plate_1,is_on_top_of,wooden_cabinet_1
pick_up_the_black_bowl_next_to_the_cookie_box_and_place_it_on_the_plate,demo_15,65,eye_in_hand,flat_stove_1,is_behind,akita_black_bowl_1
pick_up_the_black_bowl_next_to_the_cookie_box_and_place_it_on_the_plate,demo_15,65,eye_in_hand,flat_stove_1,is_behind,cookies_1
pick_up_the_black_bowl_next_to_the_cookie_box_and_place_it_on_the_plate,demo_15,65,eye_in_hand,flat_stove_1,is_behind,plate_1
pick_up_the_black_bowl_next_to_the_cookie_box_and_place_it_on_the_plate,demo_15,65,eye_in_hand,flat_stove_1,is_behind,wooden_cabinet_1
pick_up_the_black_bowl_next_to_the_cookie_box_and_place_it_on_the_plate,demo_15,65,eye_in_hand,wooden_cabinet_1,is_below_of,akita_black_bowl_1
pick_up_the_black_bowl_next_to_the_cookie_box_and_place_it_on_the_plate,demo_15,65,eye_in_hand,wooden_cabinet_1,is_below_of,cookies_1
pick_up_the_black_bowl_next_to_the_cookie_box_and_place_it_on_the_plate,demo_15,65,eye_in_hand,wooden_cabinet_1,is_below_of,plate_1
pick_up_the_black_bowl_next_to_the_cookie_box_and_place_it_on_the_plate,demo_15,65,eye_in_hand,wooden_cabinet_1,is_in_front_of,flat_stove_1
pick_up_the_black_bowl_next_to_the_cookie_box_and_place_it_on_the_plate,demo_15,70,eye_in_hand,plate_1,is_on_top_of,wooden_cabinet_1
pick_up_the_black_bowl_next_to_the_cookie_box_and_place_it_on_the_plate,demo_15,70,eye_in_hand,wooden_cabinet_1,is_below_of,plate_1
pick_up_the_black_bowl_next_to_the_cookie_box_and_place_it_on_the_plate,demo_15,70,eye_in_hand,akita_black_bowl_1,is_on_top_of,wooden_cabinet_1
pick_up_the_black_bowl_next_to_the_cookie_box_and_place_it_on_the_plate,demo_15,70,eye_in_hand,wooden_cabinet_1,is_below_of,akita_black_bowl_1
pick_up_the_black_bowl_next_to_the_cookie_box_and_place_it_on_the_plate,demo_15,70,eye_in_hand,plate_1,is_left_of,akita_black_bowl_1
pick_up_the_black_bowl_next_to_the_cookie_box_and_place_it_on_the_plate,demo_15,70,eye_in_hand,akita_black_bowl_1,is_right_of,plate_1
pick_up_the_black_bowl_next_to_the_cookie_box_and_place_it_on_the_plate,demo_15,70,eye_in_hand,plate_1,is_in_front_of,flat_stove_1
pick_up_the_black_bowl_next_to_the_cookie_box_and_place_it_on_the_plate,demo_15,70,eye_in_hand,flat_stove_1,is_behind,plate_1
pick_up_the_black_bowl_next_to_the_cookie_box_and_place_it_on_the_plate,demo_15,70,eye_in_hand,akita_black_bowl_1,is_in_front_of,flat_stove_1
pick_up_the_black_bowl_next_to_the_cookie_box_and_place_it_on_the_plate,demo_15,70,eye_in_hand,flat_stove_1,is_behind,akita_black_bowl_1
pick_up_the_black_bowl_next_to_the_cookie_box_and_place_it_on_the_plate,demo_15,70,eye_in_hand,wooden_cabinet_1,is_in_front_of,flat_stove_1
pick_up_the_black_bowl_next_to_the_cookie_box_and_place_it_on_the_plate,demo_15,70,eye_in_hand,flat_stove_1,is_behind,wooden_cabinet_1
pick_up_the_black_bowl_next_to_the_cookie_box_and_place_it_on_the_plate,demo_15,75,eye_in_hand,plate_1,is_on_top_of,wooden_cabinet_1
pick_up_the_black_bowl_next_to_the_cookie_box_and_place_it_on_the_plate,demo_15,75,eye_in_hand,wooden_cabinet_1,is_below_of,plate_1
pick_up_the_black_bowl_next_to_the_cookie_box_and_place_it_on_the_plate,demo_15,75,eye_in_hand,akita_black_bowl_1,is_on_top_of,wooden_cabinet_1
pick_up_the_black_bowl_next_to_the_cookie_box_and_place_it_on_the_plate,demo_15,75,eye_in_hand,wooden_cabinet_1,is_below_of,akita_black_bowl_1
pick_up_the_black_bowl_next_to_the_cookie_box_and_place_it_on_the_plate,demo_15,75,eye_in_hand,plate_1,is_left_of,akita_black_bowl_1
pick_up_the_black_bowl_next_to_the_cookie_box_and_place_it_on_the_plate,demo_15,75,eye_in_hand,akita_black_bowl_1,is_right_of,plate_1
pick_up_the_black_bowl_next_to_the_cookie_box_and_place_it_on_the_plate,demo_15,80,eye_in_hand,akita_black_bowl_1,is_right_of,plate_1
pick_up_the_black_bowl_next_to_the_cookie_box_and_place_it_on_the_plate,demo_15,80,eye_in_hand,akita_black_bowl_1,is_on_top_of,wooden_cabinet_1
pick_up_the_black_bowl_next_to_the_cookie_box_and_place_it_on_the_plate,demo_15,80,eye_in_hand,akita_black_bowl_1,is_in_front_of,flat_stove_1
pick_up_the_black_bowl_next_to_the_cookie_box_and_place_it_on_the_plate,demo_15,80,eye_in_hand,plate_1,is_left_of,akita_black_bowl_1
pick_up_the_black_bowl_next_to_the_cookie_box_and_place_it_on_the_plate,demo_15,80,eye_in_hand,plate_1,is_on_top_of,wooden_cabinet_1
pick_up_the_black_bowl_next_to_the_cookie_box_and_place_it_on_the_plate,demo_15,80,eye_in_hand,plate_1,is_in_front_of,flat_stove_1
pick_up_the_black_bowl_next_to_the_cookie_box_and_place_it_on_the_plate,demo_15,80,eye_in_hand,wooden_cabinet_1,is_below_of,akita_black_bowl_1
pick_up_the_black_bowl_next_to_the_cookie_box_and_place_it_on_the_plate,demo_15,80,eye_in_hand,wooden_cabinet_1,is_below_of,plate_1
pick_up_the_black_bowl_next_to_the_cookie_box_and_place_it_on_the_plate,demo_15,80,eye_in_hand,wooden_cabinet_1,is_in_front_of,flat_stove_1
pick_up_the_black_bowl_next_to_the_cookie_box_and_place_it_on_the_plate,demo_15,80,eye_in_hand,flat_stove_1,is_behind,akita_black_bowl_1
pick_up_the_black_bowl_next_to_the_cookie_box_and_place_it_on_the_plate,demo_15,80,eye_in_hand,flat_stove_1,is_behind,plate_1
pick_up_the_black_bowl_next_to_the_cookie_box_and_place_it_on_the_plate,demo_15,80,eye_in_hand,flat_stove_1,is_behind,wooden_cabinet_1
pick_up_the_black_bowl_next_to_the_cookie_box_and_place_it_on_the_plate,demo_15,85,eye_in_hand,akita_black_bowl_1,is_on_top_of,plate_1
pick_up_the_black_bowl_next_to_the_cookie_box_and_place_it_on_the_plate,demo_15,85,eye_in_hand,akita_black_bowl_1,is_on_top_of,wooden_cabinet_1
pick_up_the_black_bowl_next_to_the_cookie_box_and_place_it_on_the_plate,demo_15,85,eye_in_hand,plate_1,is_below_of,akita_black_bowl_1
pick_up_the_black_bowl_next_to_the_cookie_box_and_place_it_on_the_plate,demo_15,85,eye_in_hand,plate_1,is_on_top_of,wooden_cabinet_1
pick_up_the_black_bowl_next_to_the_cookie_box_and_place_it_on_the_plate,demo_15,85,eye_in_hand,wooden_cabinet_1,is_below_of,akita_black_bowl_1
pick_up_the_black_bowl_next_to_the_cookie_box_and_place_it_on_the_plate,demo_15,85,eye_in_hand,wooden_cabinet_1,is_below_of,plate_1
pick_up_the_black_bowl_next_to_the_cookie_box_and_place_it_on_the_plate,demo_15,90,eye_in_hand,akita_black_bowl_1,is_on_top_of,plate_1
pick_up_the_black_bowl_next_to_the_cookie_box_and_place_it_on_the_plate,demo_15,90,eye_in_hand,akita_black_bowl_1,is_on_top_of,wooden_cabinet_1
pick_up_the_black_bowl_next_to_the_cookie_box_and_place_it_on_the_plate,demo_15,90,eye_in_hand,plate_1,is_below_of,akita_black_bowl_1
pick_up_the_black_bowl_next_to_the_cookie_box_and_place_it_on_the_plate,demo_15,90,eye_in_hand,plate_1,is_on_top_of,wooden_cabinet_1
pick_up_the_black_bowl_next_to_the_cookie_box_and_place_it_on_the_plate,demo_15,90,eye_in_hand,wooden_cabinet_1,is_below_of,akita_black_bowl_1
pick_up_the_black_bowl_next_to_the_cookie_box_and_place_it_on_the_plate,demo_15,90,eye_in_hand,wooden_cabinet_1,is_below_of,plate_1
pick_up_the_black_bowl_next_to_the_cookie_box_and_place_it_on_the_plate,demo_15,95,eye_in_hand,akita_black_bowl_1,is_behind,plate_1
pick_up_the_black_bowl_next_to_the_cookie_box_and_place_it_on_the_plate,demo_15,95,eye_in_hand,plate_1,is_in_front_of,akita_black_bowl_1
pick_up_the_black_bowl_next_to_the_cookie_box_and_place_it_on_the_plate,demo_15,95,eye_in_hand,akita_black_bowl_1,is_behind,wooden_cabinet_1
pick_up_the_black_bowl_next_to_the_cookie_box_and_place_it_on_the_plate,demo_15,95,eye_in_hand,wooden_cabinet_1,is_in_front_of,akita_black_bowl_1
pick_up_the_black_bowl_next_to_the_cookie_box_and_place_it_on_the_plate,demo_15,95,eye_in_hand,plate_1,is_on_top_of,wooden_cabinet_1
pick_up_the_black_bowl_next_to_the_cookie_box_and_place_it_on_the_plate,demo_15,95,eye_in_hand,wooden_cabinet_1,is_below_of,plate_1
pick_up_the_black_bowl_next_to_the_cookie_box_and_place_it_on_the_plate,demo_15,100,eye_in_hand,akita_black_bowl_1,is_on_top_of,plate_1
pick_up_the_black_bowl_next_to_the_cookie_box_and_place_it_on_the_plate,demo_15,100,eye_in_hand,akita_black_bowl_1,is_on_top_of,wooden_cabinet_1
pick_up_the_black_bowl_next_to_the_cookie_box_and_place_it_on_the_plate,demo_15,100,eye_in_hand,plate_1,is_below_of,akita_black_bowl_1
pick_up_the_black_bowl_next_to_the_cookie_box_and_place_it_on_the_plate,demo_15,100,eye_in_hand,plate_1,is_on_top_of,wooden_cabinet_1
pick_up_the_black_bowl_next_to_the_cookie_box_and_place_it_on_the_plate,demo_15,100,eye_in_hand,wooden_cabinet_1,is_below_of,akita_black_bowl_1
pick_up_the_black_bowl_next_to_the_cookie_box_and_place_it_on_the_plate,demo_15,100,eye_in_hand,wooden_cabinet_1,is_below_of,plate_1
pick_up_the_black_bowl_next_to_the_cookie_box_and_place_it_on_the_plate,demo_15,105,eye_in_hand,akita_black_bowl_1,is_on_top_of,plate_1
pick_up_the_black_bowl_next_to_the_cookie_box_and_place_it_on_the_plate,demo_15,105,eye_in_hand,akita_black_bowl_1,is_on_top_of,wooden_cabinet_1
pick_up_the_black_bowl_next_to_the_cookie_box_and_place_it_on_the_plate,demo_15,105,eye_in_hand,plate_1,is_below_of,akita_black_bowl_1
pick_up_the_black_bowl_next_to_the_cookie_box_and_place_it_on_the_plate,demo_15,105,eye_in_hand,plate_1,is_on_top_of,wooden_cabinet_1
pick_up_the_black_bowl_next_to_the_cookie_box_and_place_it_on_the_plate,demo_15,105,eye_in_hand,wooden_cabinet_1,is_below_of,akita_black_bowl_1
pick_up_the_black_bowl_next_to_the_cookie_box_and_place_it_on_the_plate,demo_15,105,eye_in_hand,wooden_cabinet_1,is_below_of,plate_1
pick_up_the_black_bowl_next_to_the_cookie_box_and_place_it_on_the_plate,demo_16,0,eye_in_hand,akita_black_bowl_1,is_on_top_of,flat_stove_1
pick_up_the_black_bowl_next_to_the_cookie_box_and_place_it_on_the_plate,demo_16,0,eye_in_hand,flat_stove_1,is_below_of,akita_black_bowl_1
pick_up_the_black_bowl_next_to_the_cookie_box_and_place_it_on_the_plate,demo_16,0,eye_in_hand,akita_black_bowl_1,is_in_front_of,wooden_cabinet_1
pick_up_the_black_bowl_next_to_the_cookie_box_and_place_it_on_the_plate,demo_16,0,eye_in_hand,wooden_cabinet_1,is_behind,akita_black_bowl_1
pick_up_the_black_bowl_next_to_the_cookie_box_and_place_it_on_the_plate,demo_16,0,eye_in_hand,akita_black_bowl_1,is_right_of,glazed_rim_porcelain_ramekin_1
pick_up_the_black_bowl_next_to_the_cookie_box_and_place_it_on_the_plate,demo_16,0,eye_in_hand,glazed_rim_porcelain_ramekin_1,is_left_of,akita_black_bowl_1
pick_up_the_black_bowl_next_to_the_cookie_box_and_place_it_on_the_plate,demo_16,0,eye_in_hand,akita_black_bowl_1,is_right_of,plate_1
pick_up_the_black_bowl_next_to_the_cookie_box_and_place_it_on_the_plate,demo_16,5,eye_in_hand,akita_black_bowl_1,is_on_top_of,flat_stove_1
pick_up_the_black_bowl_next_to_the_cookie_box_and_place_it_on_the_plate,demo_16,5,eye_in_hand,flat_stove_1,is_below_of,akita_black_bowl_1
pick_up_the_black_bowl_next_to_the_cookie_box_and_place_it_on_the_plate,demo_16,5,eye_in_hand,akita_black_bowl_1,is_in_front_of,wooden_cabinet_1
pick_up_the_black_bowl_next_to_the_cookie_box_and_place_it_on_the_plate,demo_16,5,eye_in_hand,wooden_cabinet_1,is_behind,akita_black_bowl_1
pick_up_the_black_bowl_next_to_the_cookie_box_and_place_it_on_the_plate,demo_16,5,eye_in_hand,akita_black_bowl_1,is_right_of,glazed_rim_porcelain_ramekin_1
pick_up_the_black_bowl_next_to_the_cookie_box_and_place_it_on_the_plate,demo_16,5,eye_in_hand,glazed_rim_porcelain_ramekin_1,is_left_of,akita_black_bowl_1
pick_up_the_black_bowl_next_to_the_cookie_box_and_place_it_on_the_plate,demo_16,5,eye_in_hand,akita_black_bowl_1,is_behind,plate_1
pick_up_the_black_bowl_next_to_the_cookie_box_and_place_it_on_the_plate,demo_16,5,eye_in_hand,plate_1,is_in_front_of,akita_black_bowl_1
pick_up_the_black_bowl_next_to_the_cookie_box_and_place_it_on_the_plate,demo_16,5,eye_in_hand,akita_black_bowl_1,is_behind,cookies_1
pick_up_the_black_bowl_next_to_the_cookie_box_and_place_it_on_the_plate,demo_16,5,eye_in_hand,cookies_1,is_in_front_of,akita_black_bowl_1
pick_up_the_black_bowl_next_to_the_cookie_box_and_place_it_on_the_plate,demo_16,5,eye_in_hand,akita_black_bowl_1,is_behind,akita_black_bowl_2
pick_up_the_black_bowl_next_to_the_cookie_box_and_place_it_on_the_plate,demo_16,5,eye_in_hand,akita_black_bowl_2,is_in_front_of,akita_black_bowl_1
pick_up_the_black_bowl_next_to_the_cookie_box_and_place_it_on_the_plate,demo_16,5,eye_in_hand,flat_stove_1,is_in_front_of,wooden_cabinet_1
pick_up_the_black_bowl_next_to_the_cookie_box_and_place_it_on_the_plate,demo_16,5,eye_in_hand,wooden_cabinet_1,is_behind,flat_stove_1
pick_up_the_black_bowl_next_to_the_cookie_box_and_place_it_on_the_plate,demo_16,5,eye_in_hand,flat_stove_1,is_right_of,glazed_rim_porcelain_ramekin_1
pick_up_the_black_bowl_next_to_the_cookie_box_and_place_it_on_the_plate,demo_16,5,eye_in_hand,glazed_rim_porcelain_ramekin_1,is_left_of,flat_stove_1
pick_up_the_black_bowl_next_to_the_cookie_box_and_place_it_on_the_plate,demo_16,5,eye_in_hand,flat_stove_1,is_behind,plate_1
pick_up_the_black_bowl_next_to_the_cookie_box_and_place_it_on_the_plate,demo_16,5,eye_in_hand,plate_1,is_in_front_of,flat_stove_1
pick_up_the_black_bowl_next_to_the_cookie_box_and_place_it_on_the_plate,demo_16,5,eye_in_hand,flat_stove_1,is_behind,cookies_1
pick_up_the_black_bowl_next_to_the_cookie_box_and_place_it_on_the_plate,demo_16,5,eye_in_hand,cookies_1,is_in_front_of,flat_stove_1
pick_up_the_black_bowl_next_to_the_cookie_box_and_place_it_on_the_plate,demo_16,5,eye_in_hand,flat_stove_1,is_behind,akita_black_bowl_2
pick_up_the_black_bowl_next_to_the_cookie_box_and_place_it_on_the_plate,demo_16,5,eye_in_hand,akita_black_bowl_2,is_in_front_of,flat_stove_1
pick_up_the_black_bowl_next_to_the_cookie_box_and_place_it_on_the_plate,demo_16,5,eye_in_hand,wooden_cabinet_1,is_behind,glazed_rim_porcelain_ramekin_1
pick_up_the_black_bowl_next_to_the_cookie_box_and_place_it_on_the_plate,demo_16,5,eye_in_hand,glazed_rim_porcelain_ramekin_1,is_in_front_of,wooden_cabinet_1
pick_up_the_black_bowl_next_to_the_cookie_box_and_place_it_on_the_plate,demo_16,5,eye_in_hand,wooden_cabinet_1,is_behind,plate_1
pick_up_the_black_bowl_next_to_the_cookie_box_and_place_it_on_the_plate,demo_16,5,eye_in_hand,plate_1,is_in_front_of,wooden_cabinet_1
pick_up_the_black_bowl_next_to_the_cookie_box_and_place_it_on_the_plate,demo_16,5,eye_in_hand,wooden_cabinet_1,is_behind,cookies_1
pick_up_the_black_bowl_next_to_the_cookie_box_and_place_it_on_the_plate,demo_16,5,eye_in_hand,cookies_1,is_in_front_of,wooden_cabinet_1
pick_up_the_black_bowl_next_to_the_cookie_box_and_place_it_on_the_plate,demo_16,5,eye_in_hand,wooden_cabinet_1,is_behind,akita_black_bowl_2
pick_up_the_black_bowl_next_to_the_cookie_box_and_place_it_on_the_plate,demo_16,5,eye_in_hand,akita_black_bowl_2,is_in_front_of,wooden_cabinet_1
pick_up_the_black_bowl_next_to_the_cookie_box_and_place_it_on_the_plate,demo_16,5,eye_in_hand,glazed_rim_porcelain_ramekin_1,is_behind,plate_1
pick_up_the_black_bowl_next_to_the_cookie_box_and_place_it_on_the_plate,demo_16,5,eye_in_hand,plate_1,is_in_front_of,glazed_rim_porcelain_ramekin_1
pick_up_the_black_bowl_next_to_the_cookie_box_and_place_it_on_the_plate,demo_16,5,eye_in_hand,glazed_rim_porcelain_ramekin_1,is_behind,cookies_1
pick_up_the_black_bowl_next_to_the_cookie_box_and_place_it_on_the_plate,demo_16,5,eye_in_hand,cookies_1,is_in_front_of,glazed_rim_porcelain_ramekin_1
pick_up_the_black_bowl_next_to_the_cookie_box_and_place_it_on_the_plate,demo_16,5,eye_in_hand,glazed_rim_porcelain_ramekin_1,is_behind,akita_black_bowl_2
pick_up_the_black_bowl_next_to_the_cookie_box_and_place_it_on_the_plate,demo_16,5,eye_in_hand,akita_black_bowl_2,is_in_front_of,glazed_rim_porcelain_ramekin_1
pick_up_the_black_bowl_next_to_the_cookie_box_and_place_it_on_the_plate,demo_16,5,eye_in_hand,plate_1,is_left_of,cookies_1
pick_up_the_black_bowl_next_to_the_cookie_box_and_place_it_on_the_plate,demo_16,5,eye_in_hand,cookies_1,is_right_of,plate_1
pick_up_the_black_bowl_next_to_the_cookie_box_and_place_it_on_the_plate,demo_16,5,eye_in_hand,plate_1,is_left_of,akita_black_bowl_2
pick_up_the_black_bowl_next_to_the_cookie_box_and_place_it_on_the_plate,demo_16,5,eye_in_hand,akita_black_bowl_2,is_right_of,plate_1
pick_up_the_black_bowl_next_to_the_cookie_box_and_place_it_on_the_plate,demo_16,5,eye_in_hand,cookies_1,is_left_of,akita_black_bowl_2
pick_up_the_black_bowl_next_to_the_cookie_box_and_place_it_on_the_plate,demo_16,5,eye_in_hand,akita_black_bowl_2,is_right_of,cookies_1
pick_up_the_black_bowl_next_to_the_cookie_box_and_place_it_on_the_plate,demo_16,10,eye_in_hand,akita_black_bowl_1,is_left_of,flat_stove_1
pick_up_the_black_bowl_next_to_the_cookie_box_and_place_it_on_the_plate,demo_16,10,eye_in_hand,flat_stove_1,is_right_of,akita_black_bowl_1
pick_up_the_black_bowl_next_to_the_cookie_box_and_place_it_on_the_plate,demo_16,10,eye_in_hand,akita_black_bowl_1,is_behind,plate_1
pick_up_the_black_bowl_next_to_the_cookie_box_and_place_it_on_the_plate,demo_16,10,eye_in_hand,plate_1,is_in_front_of,akita_black_bowl_1
pick_up_the_black_bowl_next_to_the_cookie_box_and_place_it_on_the_plate,demo_16,10,eye_in_hand,akita_black_bowl_1,is_behind,cookies_1
pick_up_the_black_bowl_next_to_the_cookie_box_and_place_it_on_the_plate,demo_16,10,eye_in_hand,cookies_1,is_in_front_of,akita_black_bowl_1
pick_up_the_black_bowl_next_to_the_cookie_box_and_place_it_on_the_plate,demo_16,10,eye_in_hand,akita_black_bowl_1,is_behind,glazed_rim_porcelain_ramekin_1
pick_up_the_black_bowl_next_to_the_cookie_box_and_place_it_on_the_plate,demo_16,10,eye_in_hand,glazed_rim_porcelain_ramekin_1,is_in_front_of,akita_black_bowl_1
pick_up_the_black_bowl_next_to_the_cookie_box_and_place_it_on_the_plate,demo_16,10,eye_in_hand,akita_black_bowl_1,is_behind,wooden_cabinet_1
pick_up_the_black_bowl_next_to_the_cookie_box_and_place_it_on_the_plate,demo_16,10,eye_in_hand,wooden_cabinet_1,is_in_front_of,akita_black_bowl_1
pick_up_the_black_bowl_next_to_the_cookie_box_and_place_it_on_the_plate,demo_16,10,eye_in_hand,flat_stove_1,is_behind,plate_1
pick_up_the_black_bowl_next_to_the_cookie_box_and_place_it_on_the_plate,demo_16,10,eye_in_hand,plate_1,is_in_front_of,flat_stove_1
pick_up_the_black_bowl_next_to_the_cookie_box_and_place_it_on_the_plate,demo_16,10,eye_in_hand,flat_stove_1,is_behind,cookies_1
pick_up_the_black_bowl_next_to_the_cookie_box_and_place_it_on_the_plate,demo_16,10,eye_in_hand,cookies_1,is_in_front_of,flat_stove_1
pick_up_the_black_bowl_next_to_the_cookie_box_and_place_it_on_the_plate,demo_16,10,eye_in_hand,flat_stove_1,is_behind,glazed_rim_porcelain_ramekin_1
pick_up_the_black_bowl_next_to_the_cookie_box_and_place_it_on_the_plate,demo_16,10,eye_in_hand,glazed_rim_porcelain_ramekin_1,is_in_front_of,flat_stove_1
pick_up_the_black_bowl_next_to_the_cookie_box_and_place_it_on_the_plate,demo_16,10,eye_in_hand,flat_stove_1,is_behind,wooden_cabinet_1
pick_up_the_black_bowl_next_to_the_cookie_box_and_place_it_on_the_plate,demo_16,10,eye_in_hand,wooden_cabinet_1,is_in_front_of,flat_stove_1
pick_up_the_black_bowl_next_to_the_cookie_box_and_place_it_on_the_plate,demo_16,10,eye_in_hand,plate_1,is_left_of,cookies_1
pick_up_the_black_bowl_next_to_the_cookie_box_and_place_it_on_the_plate,demo_16,10,eye_in_hand,cookies_1,is_right_of,plate_1
pick_up_the_black_bowl_next_to_the_cookie_box_and_place_it_on_the_plate,demo_16,10,eye_in_hand,plate_1,is_left_of,glazed_rim_porcelain_ramekin_1
pick_up_the_black_bowl_next_to_the_cookie_box_and_place_it_on_the_plate,demo_16,10,eye_in_hand,glazed_rim_porcelain_ramekin_1,is_right_of,plate_1
pick_up_the_black_bowl_next_to_the_cookie_box_and_place_it_on_the_plate,demo_16,10,eye_in_hand,plate_1,is_left_of,wooden_cabinet_1
pick_up_the_black_bowl_next_to_the_cookie_box_and_place_it_on_the_plate,demo_16,10,eye_in_hand,wooden_cabinet_1,is_right_of,plate_1
pick_up_the_black_bowl_next_to_the_cookie_box_and_place_it_on_the_plate,demo_16,10,eye_in_hand,cookies_1,is_behind,glazed_rim_porcelain_ramekin_1
pick_up_the_black_bowl_next_to_the_cookie_box_and_place_it_on_the_plate,demo_16,10,eye_in_hand,glazed_rim_porcelain_ramekin_1,is_in_front_of,cookies_1
pick_up_the_black_bowl_next_to_the_cookie_box_and_place_it_on_the_plate,demo_16,10,eye_in_hand,cookies_1,is_left_of,wooden_cabinet_1
pick_up_the_black_bowl_next_to_the_cookie_box_and_place_it_on_the_plate,demo_16,10,eye_in_hand,wooden_cabinet_1,is_right_of,cookies_1
pick_up_the_black_bowl_next_to_the_cookie_box_and_place_it_on_the_plate,demo_16,10,eye_in_hand,glazed_rim_porcelain_ramekin_1,is_left_of,wooden_cabinet_1
pick_up_the_black_bowl_next_to_the_cookie_box_and_place_it_on_the_plate,demo_16,10,eye_in_hand,wooden_cabinet_1,is_right_of,glazed_rim_porcelain_ramekin_1
pick_up_the_black_bowl_next_to_the_cookie_box_and_place_it_on_the_plate,demo_16,15,eye_in_hand,plate_1,is_left_of,cookies_1
pick_up_the_black_bowl_next_to_the_cookie_box_and_place_it_on_the_plate,demo_16,15,eye_in_hand,cookies_1,is_right_of,plate_1
pick_up_the_black_bowl_next_to_the_cookie_box_and_place_it_on_the_plate,demo_16,15,eye_in_hand,plate_1,is_left_of,akita_black_bowl_1
pick_up_the_black_bowl_next_to_the_cookie_box_and_place_it_on_the_plate,demo_16,15,eye_in_hand,akita_black_bowl_1,is_right_of,plate_1
pick_up_the_black_bowl_next_to_the_cookie_box_and_place_it_on_the_plate,demo_16,15,eye_in_hand,plate_1,is_left_of,flat_stove_1
pick_up_the_black_bowl_next_to_the_cookie_box_and_place_it_on_the_plate,demo_16,15,eye_in_hand,flat_stove_1,is_right_of,plate_1
pick_up_the_black_bowl_next_to_the_cookie_box_and_place_it_on_the_plate,demo_16,15,eye_in_hand,plate_1,is_in_front_of,wooden_cabinet_1
pick_up_the_black_bowl_next_to_the_cookie_box_and_place_it_on_the_plate,demo_16,15,eye_in_hand,wooden_cabinet_1,is_behind,plate_1
pick_up_the_black_bowl_next_to_the_cookie_box_and_place_it_on_the_plate,demo_16,15,eye_in_hand,cookies_1,is_behind,akita_black_bowl_1
pick_up_the_black_bowl_next_to_the_cookie_box_and_place_it_on_the_plate,demo_16,15,eye_in_hand,akita_black_bowl_1,is_in_front_of,cookies_1
pick_up_the_black_bowl_next_to_the_cookie_box_and_place_it_on_the_plate,demo_16,15,eye_in_hand,cookies_1,is_left_of,flat_stove_1
pick_up_the_black_bowl_next_to_the_cookie_box_and_place_it_on_the_plate,demo_16,15,eye_in_hand,flat_stove_1,is_right_of,cookies_1
pick_up_the_black_bowl_next_to_the_cookie_box_and_place_it_on_the_plate,demo_16,15,eye_in_hand,cookies_1,is_in_front_of,wooden_cabinet_1
pick_up_the_black_bowl_next_to_the_cookie_box_and_place_it_on_the_plate,demo_16,15,eye_in_hand,wooden_cabinet_1,is_behind,cookies_1
pick_up_the_black_bowl_next_to_the_cookie_box_and_place_it_on_the_plate,demo_16,15,eye_in_hand,akita_black_bowl_1,is_left_of,flat_stove_1
pick_up_the_black_bowl_next_to_the_cookie_box_and_place_it_on_the_plate,demo_16,15,eye_in_hand,flat_stove_1,is_right_of,akita_black_bowl_1
pick_up_the_black_bowl_next_to_the_cookie_box_and_place_it_on_the_plate,demo_16,15,eye_in_hand,akita_black_bowl_1,is_in_front_of,wooden_cabinet_1
pick_up_the_black_bowl_next_to_the_cookie_box_and_place_it_on_the_plate,demo_16,15,eye_in_hand,wooden_cabinet_1,is_behind,akita_black_bowl_1
pick_up_the_black_bowl_next_to_the_cookie_box_and_place_it_on_the_plate,demo_16,15,eye_in_hand,flat_stove_1,is_in_front_of,wooden_cabinet_1
pick_up_the_black_bowl_next_to_the_cookie_box_and_place_it_on_the_plate,demo_16,15,eye_in_hand,wooden_cabinet_1,is_behind,flat_stove_1
pick_up_the_black_bowl_next_to_the_cookie_box_and_place_it_on_the_plate,demo_16,20,eye_in_hand,plate_1,is_left_of,cookies_1
pick_up_the_black_bowl_next_to_the_cookie_box_and_place_it_on_the_plate,demo_16,20,eye_in_hand,cookies_1,is_right_of,plate_1
pick_up_the_black_bowl_next_to_the_cookie_box_and_place_it_on_the_plate,demo_16,20,eye_in_hand,plate_1,is_left_of,akita_black_bowl_1
pick_up_the_black_bowl_next_to_the_cookie_box_and_place_it_on_the_plate,demo_16,20,eye_in_hand,akita_black_bowl_1,is_right_of,plate_1
pick_up_the_black_bowl_next_to_the_cookie_box_and_place_it_on_the_plate,demo_16,20,eye_in_hand,plate_1,is_left_of,wooden_cabinet_1
pick_up_the_black_bowl_next_to_the_cookie_box_and_place_it_on_the_plate,demo_16,20,eye_in_hand,wooden_cabinet_1,is_right_of,plate_1
pick_up_the_black_bowl_next_to_the_cookie_box_and_place_it_on_the_plate,demo_16,20,eye_in_hand,plate_1,is_in_front_of,flat_stove_1
pick_up_the_black_bowl_next_to_the_cookie_box_and_place_it_on_the_plate,demo_16,20,eye_in_hand,flat_stove_1,is_behind,plate_1
pick_up_the_black_bowl_next_to_the_cookie_box_and_place_it_on_the_plate,demo_16,20,eye_in_hand,cookies_1,is_left_of,akita_black_bowl_1
pick_up_the_black_bowl_next_to_the_cookie_box_and_place_it_on_the_plate,demo_16,20,eye_in_hand,akita_black_bowl_1,is_right_of,cookies_1
pick_up_the_black_bowl_next_to_the_cookie_box_and_place_it_on_the_plate,demo_16,20,eye_in_hand,cookies_1,is_left_of,wooden_cabinet_1
pick_up_the_black_bowl_next_to_the_cookie_box_and_place_it_on_the_plate,demo_16,20,eye_in_hand,wooden_cabinet_1,is_right_of,cookies_1
pick_up_the_black_bowl_next_to_the_cookie_box_and_place_it_on_the_plate,demo_16,20,eye_in_hand,cookies_1,is_in_front_of,flat_stove_1
pick_up_the_black_bowl_next_to_the_cookie_box_and_place_it_on_the_plate,demo_16,20,eye_in_hand,flat_stove_1,is_behind,cookies_1
pick_up_the_black_bowl_next_to_the_cookie_box_and_place_it_on_the_plate,demo_16,20,eye_in_hand,akita_black_bowl_1,is_left_of,wooden_cabinet_1
pick_up_the_black_bowl_next_to_the_cookie_box_and_place_it_on_the_plate,demo_16,20,eye_in_hand,wooden_cabinet_1,is_right_of,akita_black_bowl_1
pick_up_the_black_bowl_next_to_the_cookie_box_and_place_it_on_the_plate,demo_16,20,eye_in_hand,akita_black_bowl_1,is_in_front_of,flat_stove_1
pick_up_the_black_bowl_next_to_the_cookie_box_and_place_it_on_the_plate,demo_16,20,eye_in_hand,flat_stove_1,is_behind,akita_black_bowl_1
pick_up_the_black_bowl_next_to_the_cookie_box_and_place_it_on_the_plate,demo_16,20,eye_in_hand,wooden_cabinet_1,is_in_front_of,flat_stove_1
pick_up_the_black_bowl_next_to_the_cookie_box_and_place_it_on_the_plate,demo_16,20,eye_in_hand,flat_stove_1,is_behind,wooden_cabinet_1
pick_up_the_black_bowl_next_to_the_cookie_box_and_place_it_on_the_plate,demo_16,25,eye_in_hand,akita_black_bowl_1,is_in_front_of,cookies_1
pick_up_the_black_bowl_next_to_the_cookie_box_and_place_it_on_the_plate,demo_16,25,eye_in_hand,cookies_1,is_behind,akita_black_bowl_1
pick_up_the_black_bowl_next_to_the_cookie_box_and_place_it_on_the_plate,demo_16,25,eye_in_hand,akita_black_bowl_1,is_right_of,plate_1
pick_up_the_black_bowl_next_to_the_cookie_box_and_place_it_on_the_plate,demo_16,25,eye_in_hand,plate_1,is_left_of,akita_black_bowl_1
pick_up_the_black_bowl_next_to_the_cookie_box_and_place_it_on_the_plate,demo_16,25,eye_in_hand,akita_black_bowl_1,is_on_top_of,wooden_cabinet_1
pick_up_the_black_bowl_next_to_the_cookie_box_and_place_it_on_the_plate,demo_16,25,eye_in_hand,wooden_cabinet_1,is_below_of,akita_black_bowl_1
pick_up_the_black_bowl_next_to_the_cookie_box_and_place_it_on_the_plate,demo_16,25,eye_in_hand,akita_black_bowl_1,is_in_front_of,flat_stove_1
pick_up_the_black_bowl_next_to_the_cookie_box_and_place_it_on_the_plate,demo_16,25,eye_in_hand,flat_stove_1,is_behind,akita_black_bowl_1
pick_up_the_black_bowl_next_to_the_cookie_box_and_place_it_on_the_plate,demo_16,25,eye_in_hand,cookies_1,is_right_of,plate_1
pick_up_the_black_bowl_next_to_the_cookie_box_and_place_it_on_the_plate,demo_16,25,eye_in_hand,plate_1,is_left_of,cookies_1
pick_up_the_black_bowl_next_to_the_cookie_box_and_place_it_on_the_plate,demo_16,25,eye_in_hand,cookies_1,is_on_top_of,wooden_cabinet_1
pick_up_the_black_bowl_next_to_the_cookie_box_and_place_it_on_the_plate,demo_16,25,eye_in_hand,wooden_cabinet_1,is_below_of,cookies_1
pick_up_the_black_bowl_next_to_the_cookie_box_and_place_it_on_the_plate,demo_16,25,eye_in_hand,cookies_1,is_in_front_of,flat_stove_1
pick_up_the_black_bowl_next_to_the_cookie_box_and_place_it_on_the_plate,demo_16,25,eye_in_hand,flat_stove_1,is_behind,cookies_1
pick_up_the_black_bowl_next_to_the_cookie_box_and_place_it_on_the_plate,demo_16,25,eye_in_hand,plate_1,is_on_top_of,wooden_cabinet_1
pick_up_the_black_bowl_next_to_the_cookie_box_and_place_it_on_the_plate,demo_16,25,eye_in_hand,wooden_cabinet_1,is_below_of,plate_1
pick_up_the_black_bowl_next_to_the_cookie_box_and_place_it_on_the_plate,demo_16,25,eye_in_hand,plate_1,is_in_front_of,flat_stove_1
pick_up_the_black_bowl_next_to_the_cookie_box_and_place_it_on_the_plate,demo_16,25,eye_in_hand,flat_stove_1,is_behind,plate_1
pick_up_the_black_bowl_next_to_the_cookie_box_and_place_it_on_the_plate,demo_16,25,eye_in_hand,wooden_cabinet_1,is_in_front_of,flat_stove_1
pick_up_the_black_bowl_next_to_the_cookie_box_and_place_it_on_the_plate,demo_16,25,eye_in_hand,flat_stove_1,is_behind,wooden_cabinet_1
pick_up_the_black_bowl_next_to_the_cookie_box_and_place_it_on_the_plate,demo_16,30,eye_in_hand,akita_black_bowl_1,is_right_of,cookies_1
pick_up_the_black_bowl_next_to_the_cookie_box_and_place_it_on_the_plate,demo_16,30,eye_in_hand,akita_black_bowl_1,is_right_of,plate_1
pick_up_the_black_bowl_next_to_the_cookie_box_and_place_it_on_the_plate,demo_16,30,eye_in_hand,akita_black_bowl_1,is_on_top_of,wooden_cabinet_1
pick_up_the_black_bowl_next_to_the_cookie_box_and_place_it_on_the_plate,demo_16,30,eye_in_hand,akita_black_bowl_1,is_in_front_of,flat_stove_1
pick_up_the_black_bowl_next_to_the_cookie_box_and_place_it_on_the_plate,demo_16,30,eye_in_hand,cookies_1,is_left_of,akita_black_bowl_1
pick_up_the_black_bowl_next_to_the_cookie_box_and_place_it_on_the_plate,demo_16,30,eye_in_hand,cookies_1,is_right_of,plate_1
pick_up_the_black_bowl_next_to_the_cookie_box_and_place_it_on_the_plate,demo_16,30,eye_in_hand,cookies_1,is_on_top_of,wooden_cabinet_1
pick_up_the_black_bowl_next_to_the_cookie_box_and_place_it_on_the_plate,demo_16,30,eye_in_hand,cookies_1,is_in_front_of,flat_stove_1
pick_up_the_black_bowl_next_to_the_cookie_box_and_place_it_on_the_plate,demo_16,30,eye_in_hand,plate_1,is_left_of,akita_black_bowl_1
pick_up_the_black_bowl_next_to_the_cookie_box_and_place_it_on_the_plate,demo_16,30,eye_in_hand,plate_1,is_left_of,cookies_1
pick_up_the_black_bowl_next_to_the_cookie_box_and_place_it_on_the_plate,demo_16,30,eye_in_hand,plate_1,is_on_top_of,wooden_cabinet_1
pick_up_the_black_bowl_next_to_the_cookie_box_and_place_it_on_the_plate,demo_16,30,eye_in_hand,plate_1,is_in_front_of,flat_stove_1
pick_up_the_black_bowl_next_to_the_cookie_box_and_place_it_on_the_plate,demo_16,30,eye_in_hand,wooden_cabinet_1,is_below_of,akita_black_bowl_1
pick_up_the_black_bowl_next_to_the_cookie_box_and_place_it_on_the_plate,demo_16,30,eye_in_hand,wooden_cabinet_1,is_below_of,cookies_1
pick_up_the_black_bowl_next_to_the_cookie_box_and_place_it_on_the_plate,demo_16,30,eye_in_hand,wooden_cabinet_1,is_below_of,plate_1
pick_up_the_black_bowl_next_to_the_cookie_box_and_place_it_on_the_plate,demo_16,30,eye_in_hand,wooden_cabinet_1,is_in_front_of,flat_stove_1
pick_up_the_black_bowl_next_to_the_cookie_box_and_place_it_on_the_plate,demo_16,30,eye_in_hand,flat_stove_1,is_behind,akita_black_bowl_1
pick_up_the_black_bowl_next_to_the_cookie_box_and_place_it_on_the_plate,demo_16,30,eye_in_hand,flat_stove_1,is_behind,cookies_1
pick_up_the_black_bowl_next_to_the_cookie_box_and_place_it_on_the_plate,demo_16,30,eye_in_hand,flat_stove_1,is_behind,plate_1
pick_up_the_black_bowl_next_to_the_cookie_box_and_place_it_on_the_plate,demo_16,30,eye_in_hand,flat_stove_1,is_behind,wooden_cabinet_1
pick_up_the_black_bowl_next_to_the_cookie_box_and_place_it_on_the_plate,demo_16,35,eye_in_hand,akita_black_bowl_1,is_right_of,cookies_1
pick_up_the_black_bowl_next_to_the_cookie_box_and_place_it_on_the_plate,demo_16,35,eye_in_hand,cookies_1,is_left_of,akita_black_bowl_1
pick_up_the_black_bowl_next_to_the_cookie_box_and_place_it_on_the_plate,demo_16,35,eye_in_hand,akita_black_bowl_1,is_right_of,plate_1
pick_up_the_black_bowl_next_to_the_cookie_box_and_place_it_on_the_plate,demo_16,35,eye_in_hand,plate_1,is_left_of,akita_black_bowl_1
pick_up_the_black_bowl_next_to_the_cookie_box_and_place_it_on_the_plate,demo_16,35,eye_in_hand,akita_black_bowl_1,is_on_top_of,wooden_cabinet_1
pick_up_the_black_bowl_next_to_the_cookie_box_and_place_it_on_the_plate,demo_16,35,eye_in_hand,wooden_cabinet_1,is_below_of,akita_black_bowl_1
pick_up_the_black_bowl_next_to_the_cookie_box_and_place_it_on_the_plate,demo_16,35,eye_in_hand,cookies_1,is_right_of,plate_1
pick_up_the_black_bowl_next_to_the_cookie_box_and_place_it_on_the_plate,demo_16,35,eye_in_hand,plate_1,is_left_of,cookies_1
pick_up_the_black_bowl_next_to_the_cookie_box_and_place_it_on_the_plate,demo_16,35,eye_in_hand,cookies_1,is_on_top_of,wooden_cabinet_1
pick_up_the_black_bowl_next_to_the_cookie_box_and_place_it_on_the_plate,demo_16,35,eye_in_hand,wooden_cabinet_1,is_below_of,cookies_1
pick_up_the_black_bowl_next_to_the_cookie_box_and_place_it_on_the_plate,demo_16,35,eye_in_hand,plate_1,is_on_top_of,wooden_cabinet_1
pick_up_the_black_bowl_next_to_the_cookie_box_and_place_it_on_the_plate,demo_16,35,eye_in_hand,wooden_cabinet_1,is_below_of,plate_1
pick_up_the_black_bowl_next_to_the_cookie_box_and_place_it_on_the_plate,demo_16,40,eye_in_hand,akita_black_bowl_1,is_on_top_of,wooden_cabinet_1
pick_up_the_black_bowl_next_to_the_cookie_box_and_place_it_on_the_plate,demo_16,40,eye_in_hand,wooden_cabinet_1,is_below_of,akita_black_bowl_1
pick_up_the_black_bowl_next_to_the_cookie_box_and_place_it_on_the_plate,demo_16,45,eye_in_hand,akita_black_bowl_1,is_on_top_of,wooden_cabinet_1
pick_up_the_black_bowl_next_to_the_cookie_box_and_place_it_on_the_plate,demo_16,45,eye_in_hand,wooden_cabinet_1,is_below_of,akita_black_bowl_1
pick_up_the_black_bowl_next_to_the_cookie_box_and_place_it_on_the_plate,demo_16,50,eye_in_hand,akita_black_bowl_1,is_on_top_of,wooden_cabinet_1
pick_up_the_black_bowl_next_to_the_cookie_box_and_place_it_on_the_plate,demo_16,50,eye_in_hand,wooden_cabinet_1,is_below_of,akita_black_bowl_1
pick_up_the_black_bowl_next_to_the_cookie_box_and_place_it_on_the_plate,demo_16,55,eye_in_hand,akita_black_bowl_1,is_on_top_of,wooden_cabinet_1
pick_up_the_black_bowl_next_to_the_cookie_box_and_place_it_on_the_plate,demo_16,55,eye_in_hand,wooden_cabinet_1,is_below_of,akita_black_bowl_1
pick_up_the_black_bowl_next_to_the_cookie_box_and_place_it_on_the_plate,demo_16,60,eye_in_hand,akita_black_bowl_2,is_in_front_of,flat_stove_1
pick_up_the_black_bowl_next_to_the_cookie_box_and_place_it_on_the_plate,demo_16,60,eye_in_hand,flat_stove_1,is_behind,akita_black_bowl_2
pick_up_the_black_bowl_next_to_the_cookie_box_and_place_it_on_the_plate,demo_16,60,eye_in_hand,akita_black_bowl_2,is_on_top_of,wooden_cabinet_1
pick_up_the_black_bowl_next_to_the_cookie_box_and_place_it_on_the_plate,demo_16,60,eye_in_hand,wooden_cabinet_1,is_below_of,akita_black_bowl_2
pick_up_the_black_bowl_next_to_the_cookie_box_and_place_it_on_the_plate,demo_16,60,eye_in_hand,flat_stove_1,is_behind,wooden_cabinet_1
pick_up_the_black_bowl_next_to_the_cookie_box_and_place_it_on_the_plate,demo_16,60,eye_in_hand,wooden_cabinet_1,is_in_front_of,flat_stove_1
pick_up_the_black_bowl_next_to_the_cookie_box_and_place_it_on_the_plate,demo_16,65,eye_in_hand,akita_black_bowl_1,is_on_top_of,wooden_cabinet_1
pick_up_the_black_bowl_next_to_the_cookie_box_and_place_it_on_the_plate,demo_16,65,eye_in_hand,wooden_cabinet_1,is_below_of,akita_black_bowl_1
pick_up_the_black_bowl_next_to_the_cookie_box_and_place_it_on_the_plate,demo_16,70,eye_in_hand,akita_black_bowl_1,is_right_of,plate_1
pick_up_the_black_bowl_next_to_the_cookie_box_and_place_it_on_the_plate,demo_16,70,eye_in_hand,akita_black_bowl_1,is_in_front_of,wooden_cabinet_1
pick_up_the_black_bowl_next_to_the_cookie_box_and_place_it_on_the_plate,demo_16,70,eye_in_hand,plate_1,is_left_of,akita_black_bowl_1
pick_up_the_black_bowl_next_to_the_cookie_box_and_place_it_on_the_plate,demo_16,70,eye_in_hand,plate_1,is_on_top_of,wooden_cabinet_1
pick_up_the_black_bowl_next_to_the_cookie_box_and_place_it_on_the_plate,demo_16,70,eye_in_hand,wooden_cabinet_1,is_behind,akita_black_bowl_1
pick_up_the_black_bowl_next_to_the_cookie_box_and_place_it_on_the_plate,demo_16,70,eye_in_hand,wooden_cabinet_1,is_below_of,plate_1
pick_up_the_black_bowl_next_to_the_cookie_box_and_place_it_on_the_plate,demo_16,75,eye_in_hand,plate_1,is_left_of,akita_black_bowl_1
pick_up_the_black_bowl_next_to_the_cookie_box_and_place_it_on_the_plate,demo_16,75,eye_in_hand,akita_black_bowl_1,is_right_of,plate_1
pick_up_the_black_bowl_next_to_the_cookie_box_and_place_it_on_the_plate,demo_16,75,eye_in_hand,plate_1,is_on_top_of,wooden_cabinet_1
pick_up_the_black_bowl_next_to_the_cookie_box_and_place_it_on_the_plate,demo_16,75,eye_in_hand,wooden_cabinet_1,is_below_of,plate_1
pick_up_the_black_bowl_next_to_the_cookie_box_and_place_it_on_the_plate,demo_16,75,eye_in_hand,akita_black_bowl_1,is_in_front_of,wooden_cabinet_1
pick_up_the_black_bowl_next_to_the_cookie_box_and_place_it_on_the_plate,demo_16,75,eye_in_hand,wooden_cabinet_1,is_behind,akita_black_bowl_1
pick_up_the_black_bowl_next_to_the_cookie_box_and_place_it_on_the_plate,demo_16,80,eye_in_hand,plate_1,is_left_of,akita_black_bowl_2
pick_up_the_black_bowl_next_to_the_cookie_box_and_place_it_on_the_plate,demo_16,80,eye_in_hand,akita_black_bowl_2,is_right_of,plate_1
pick_up_the_black_bowl_next_to_the_cookie_box_and_place_it_on_the_plate,demo_16,80,eye_in_hand,plate_1,is_on_top_of,wooden_cabinet_1
pick_up_the_black_bowl_next_to_the_cookie_box_and_place_it_on_the_plate,demo_16,80,eye_in_hand,wooden_cabinet_1,is_below_of,plate_1
pick_up_the_black_bowl_next_to_the_cookie_box_and_place_it_on_the_plate,demo_16,80,eye_in_hand,akita_black_bowl_2,is_on_top_of,wooden_cabinet_1
pick_up_the_black_bowl_next_to_the_cookie_box_and_place_it_on_the_plate,demo_16,80,eye_in_hand,wooden_cabinet_1,is_below_of,akita_black_bowl_2
pick_up_the_black_bowl_next_to_the_cookie_box_and_place_it_on_the_plate,demo_16,85,eye_in_hand,plate_1,is_on_top_of,wooden_cabinet_1
pick_up_the_black_bowl_next_to_the_cookie_box_and_place_it_on_the_plate,demo_16,85,eye_in_hand,wooden_cabinet_1,is_below_of,plate_1
pick_up_the_black_bowl_next_to_the_cookie_box_and_place_it_on_the_plate,demo_16,85,eye_in_hand,akita_black_bowl_1,is_right_of,plate_1
pick_up_the_black_bowl_next_to_the_cookie_box_and_place_it_on_the_plate,demo_16,85,eye_in_hand,plate_1,is_left_of,akita_black_bowl_1
pick_up_the_black_bowl_next_to_the_cookie_box_and_place_it_on_the_plate,demo_16,85,eye_in_hand,akita_black_bowl_1,is_behind,wooden_cabinet_1
pick_up_the_black_bowl_next_to_the_cookie_box_and_place_it_on_the_plate,demo_16,85,eye_in_hand,wooden_cabinet_1,is_in_front_of,akita_black_bowl_1
pick_up_the_black_bowl_next_to_the_cookie_box_and_place_it_on_the_plate,demo_16,90,eye_in_hand,akita_black_bowl_1,is_right_of,plate_1
pick_up_the_black_bowl_next_to_the_cookie_box_and_place_it_on_the_plate,demo_16,90,eye_in_hand,akita_black_bowl_1,is_in_front_of,wooden_cabinet_1
pick_up_the_black_bowl_next_to_the_cookie_box_and_place_it_on_the_plate,demo_16,90,eye_in_hand,plate_1,is_left_of,akita_black_bowl_1
pick_up_the_black_bowl_next_to_the_cookie_box_and_place_it_on_the_plate,demo_16,90,eye_in_hand,plate_1,is_on_top_of,wooden_cabinet_1
pick_up_the_black_bowl_next_to_the_cookie_box_and_place_it_on_the_plate,demo_16,90,eye_in_hand,wooden_cabinet_1,is_behind,akita_black_bowl_1
pick_up_the_black_bowl_next_to_the_cookie_box_and_place_it_on_the_plate,demo_16,90,eye_in_hand,wooden_cabinet_1,is_below_of,plate_1
pick_up_the_black_bowl_next_to_the_cookie_box_and_place_it_on_the_plate,demo_16,95,eye_in_hand,akita_black_bowl_1,is_right_of,plate_1
pick_up_the_black_bowl_next_to_the_cookie_box_and_place_it_on_the_plate,demo_16,95,eye_in_hand,akita_black_bowl_1,is_in_front_of,wooden_cabinet_1
pick_up_the_black_bowl_next_to_the_cookie_box_and_place_it_on_the_plate,demo_16,95,eye_in_hand,plate_1,is_left_of,akita_black_bowl_1
pick_up_the_black_bowl_next_to_the_cookie_box_and_place_it_on_the_plate,demo_16,95,eye_in_hand,plate_1,is_on_top_of,wooden_cabinet_1
pick_up_the_black_bowl_next_to_the_cookie_box_and_place_it_on_the_plate,demo_16,95,eye_in_hand,wooden_cabinet_1,is_behind,akita_black_bowl_1
pick_up_the_black_bowl_next_to_the_cookie_box_and_place_it_on_the_plate,demo_16,95,eye_in_hand,wooden_cabinet_1,is_below_of,plate_1
pick_up_the_black_bowl_next_to_the_cookie_box_and_place_it_on_the_plate,demo_16,100,eye_in_hand,akita_black_bowl_1,is_on_top_of,plate_1
pick_up_the_black_bowl_next_to_the_cookie_box_and_place_it_on_the_plate,demo_16,100,eye_in_hand,plate_1,is_below_of,akita_black_bowl_1
pick_up_the_black_bowl_next_to_the_cookie_box_and_place_it_on_the_plate,demo_16,100,eye_in_hand,akita_black_bowl_1,is_on_top_of,wooden_cabinet_1
pick_up_the_black_bowl_next_to_the_cookie_box_and_place_it_on_the_plate,demo_16,100,eye_in_hand,wooden_cabinet_1,is_below_of,akita_black_bowl_1
pick_up_the_black_bowl_next_to_the_cookie_box_and_place_it_on_the_plate,demo_16,100,eye_in_hand,plate_1,is_on_top_of,wooden_cabinet_1
pick_up_the_black_bowl_next_to_the_cookie_box_and_place_it_on_the_plate,demo_16,100,eye_in_hand,wooden_cabinet_1,is_below_of,plate_1
pick_up_the_black_bowl_next_to_the_cookie_box_and_place_it_on_the_plate,demo_16,105,eye_in_hand,akita_black_bowl_1,is_on_top_of,plate_1
pick_up_the_black_bowl_next_to_the_cookie_box_and_place_it_on_the_plate,demo_16,105,eye_in_hand,plate_1,is_below_of,akita_black_bowl_1
pick_up_the_black_bowl_next_to_the_cookie_box_and_place_it_on_the_plate,demo_16,105,eye_in_hand,akita_black_bowl_1,is_on_top_of,wooden_cabinet_1
pick_up_the_black_bowl_next_to_the_cookie_box_and_place_it_on_the_plate,demo_16,105,eye_in_hand,wooden_cabinet_1,is_below_of,akita_black_bowl_1
pick_up_the_black_bowl_next_to_the_cookie_box_and_place_it_on_the_plate,demo_16,105,eye_in_hand,plate_1,is_on_top_of,wooden_cabinet_1
pick_up_the_black_bowl_next_to_the_cookie_box_and_place_it_on_the_plate,demo_16,105,eye_in_hand,wooden_cabinet_1,is_below_of,plate_1
pick_up_the_black_bowl_next_to_the_cookie_box_and_place_it_on_the_plate,demo_16,110,eye_in_hand,akita_black_bowl_2,is_on_top_of,plate_1
pick_up_the_black_bowl_next_to_the_cookie_box_and_place_it_on_the_plate,demo_16,110,eye_in_hand,plate_1,is_below_of,akita_black_bowl_2
pick_up_the_black_bowl_next_to_the_cookie_box_and_place_it_on_the_plate,demo_16,110,eye_in_hand,akita_black_bowl_2,is_on_top_of,wooden_cabinet_1
pick_up_the_black_bowl_next_to_the_cookie_box_and_place_it_on_the_plate,demo_16,110,eye_in_hand,wooden_cabinet_1,is_below_of,akita_black_bowl_2
pick_up_the_black_bowl_next_to_the_cookie_box_and_place_it_on_the_plate,demo_16,110,eye_in_hand,plate_1,is_on_top_of,wooden_cabinet_1
pick_up_the_black_bowl_next_to_the_cookie_box_and_place_it_on_the_plate,demo_16,110,eye_in_hand,wooden_cabinet_1,is_below_of,plate_1
pick_up_the_black_bowl_next_to_the_cookie_box_and_place_it_on_the_plate,demo_16,115,eye_in_hand,akita_black_bowl_1,is_right_of,plate_1
pick_up_the_black_bowl_next_to_the_cookie_box_and_place_it_on_the_plate,demo_16,115,eye_in_hand,akita_black_bowl_1,is_on_top_of,wooden_cabinet_1
pick_up_the_black_bowl_next_to_the_cookie_box_and_place_it_on_the_plate,demo_16,115,eye_in_hand,plate_1,is_left_of,akita_black_bowl_1
pick_up_the_black_bowl_next_to_the_cookie_box_and_place_it_on_the_plate,demo_16,115,eye_in_hand,plate_1,is_on_top_of,wooden_cabinet_1
pick_up_the_black_bowl_next_to_the_cookie_box_and_place_it_on_the_plate,demo_16,115,eye_in_hand,wooden_cabinet_1,is_below_of,akita_black_bowl_1
pick_up_the_black_bowl_next_to_the_cookie_box_and_place_it_on_the_plate,demo_16,115,eye_in_hand,wooden_cabinet_1,is_below_of,plate_1
pick_up_the_black_bowl_next_to_the_cookie_box_and_place_it_on_the_plate,demo_17,0,eye_in_hand,akita_black_bowl_1,is_behind,akita_black_bowl_2
pick_up_the_black_bowl_next_to_the_cookie_box_and_place_it_on_the_plate,demo_17,0,eye_in_hand,akita_black_bowl_2,is_in_front_of,akita_black_bowl_1
pick_up_the_black_bowl_next_to_the_cookie_box_and_place_it_on_the_plate,demo_17,0,eye_in_hand,akita_black_bowl_1,is_behind,cookies_1
pick_up_the_black_bowl_next_to_the_cookie_box_and_place_it_on_the_plate,demo_17,0,eye_in_hand,cookies_1,is_in_front_of,akita_black_bowl_1
pick_up_the_black_bowl_next_to_the_cookie_box_and_place_it_on_the_plate,demo_17,0,eye_in_hand,akita_black_bowl_1,is_right_of,glazed_rim_porcelain_ramekin_1
pick_up_the_black_bowl_next_to_the_cookie_box_and_place_it_on_the_plate,demo_17,0,eye_in_hand,glazed_rim_porcelain_ramekin_1,is_left_of,akita_black_bowl_1
pick_up_the_black_bowl_next_to_the_cookie_box_and_place_it_on_the_plate,demo_17,0,eye_in_hand,akita_black_bowl_1,is_right_of,plate_1
pick_up_the_black_bowl_next_to_the_cookie_box_and_place_it_on_the_plate,demo_17,0,eye_in_hand,plate_1,is_left_of,akita_black_bowl_1
pick_up_the_black_bowl_next_to_the_cookie_box_and_place_it_on_the_plate,demo_17,0,eye_in_hand,akita_black_bowl_1,is_in_front_of,wooden_cabinet_1
pick_up_the_black_bowl_next_to_the_cookie_box_and_place_it_on_the_plate,demo_17,0,eye_in_hand,wooden_cabinet_1,is_behind,akita_black_bowl_1
pick_up_the_black_bowl_next_to_the_cookie_box_and_place_it_on_the_plate,demo_17,0,eye_in_hand,akita_black_bowl_1,is_on_top_of,flat_stove_1
pick_up_the_black_bowl_next_to_the_cookie_box_and_place_it_on_the_plate,demo_17,0,eye_in_hand,flat_stove_1,is_below_of,akita_black_bowl_1
pick_up_the_black_bowl_next_to_the_cookie_box_and_place_it_on_the_plate,demo_17,0,eye_in_hand,akita_black_bowl_2,is_right_of,cookies_1
pick_up_the_black_bowl_next_to_the_cookie_box_and_place_it_on_the_plate,demo_17,0,eye_in_hand,cookies_1,is_left_of,akita_black_bowl_2
pick_up_the_black_bowl_next_to_the_cookie_box_and_place_it_on_the_plate,demo_17,0,eye_in_hand,akita_black_bowl_2,is_right_of,glazed_rim_porcelain_ramekin_1
pick_up_the_black_bowl_next_to_the_cookie_box_and_place_it_on_the_plate,demo_17,0,eye_in_hand,glazed_rim_porcelain_ramekin_1,is_left_of,akita_black_bowl_2
pick_up_the_black_bowl_next_to_the_cookie_box_and_place_it_on_the_plate,demo_17,0,eye_in_hand,akita_black_bowl_2,is_right_of,plate_1
pick_up_the_black_bowl_next_to_the_cookie_box_and_place_it_on_the_plate,demo_17,0,eye_in_hand,plate_1,is_left_of,akita_black_bowl_2
pick_up_the_black_bowl_next_to_the_cookie_box_and_place_it_on_the_plate,demo_17,0,eye_in_hand,akita_black_bowl_2,is_in_front_of,wooden_cabinet_1
pick_up_the_black_bowl_next_to_the_cookie_box_and_place_it_on_the_plate,demo_17,0,eye_in_hand,wooden_cabinet_1,is_behind,akita_black_bowl_2
pick_up_the_black_bowl_next_to_the_cookie_box_and_place_it_on_the_plate,demo_17,0,eye_in_hand,akita_black_bowl_2,is_in_front_of,flat_stove_1
pick_up_the_black_bowl_next_to_the_cookie_box_and_place_it_on_the_plate,demo_17,0,eye_in_hand,flat_stove_1,is_behind,akita_black_bowl_2
pick_up_the_black_bowl_next_to_the_cookie_box_and_place_it_on_the_plate,demo_17,0,eye_in_hand,cookies_1,is_in_front_of,glazed_rim_porcelain_ramekin_1
pick_up_the_black_bowl_next_to_the_cookie_box_and_place_it_on_the_plate,demo_17,0,eye_in_hand,glazed_rim_porcelain_ramekin_1,is_behind,cookies_1
pick_up_the_black_bowl_next_to_the_cookie_box_and_place_it_on_the_plate,demo_17,0,eye_in_hand,cookies_1,is_right_of,plate_1
pick_up_the_black_bowl_next_to_the_cookie_box_and_place_it_on_the_plate,demo_17,0,eye_in_hand,plate_1,is_left_of,cookies_1
pick_up_the_black_bowl_next_to_the_cookie_box_and_place_it_on_the_plate,demo_17,0,eye_in_hand,cookies_1,is_in_front_of,wooden_cabinet_1
pick_up_the_black_bowl_next_to_the_cookie_box_and_place_it_on_the_plate,demo_17,0,eye_in_hand,wooden_cabinet_1,is_behind,cookies_1
pick_up_the_black_bowl_next_to_the_cookie_box_and_place_it_on_the_plate,demo_17,0,eye_in_hand,cookies_1,is_in_front_of,flat_stove_1
pick_up_the_black_bowl_next_to_the_cookie_box_and_place_it_on_the_plate,demo_17,0,eye_in_hand,flat_stove_1,is_behind,cookies_1
pick_up_the_black_bowl_next_to_the_cookie_box_and_place_it_on_the_plate,demo_17,0,eye_in_hand,glazed_rim_porcelain_ramekin_1,is_behind,plate_1
pick_up_the_black_bowl_next_to_the_cookie_box_and_place_it_on_the_plate,demo_17,0,eye_in_hand,plate_1,is_in_front_of,glazed_rim_porcelain_ramekin_1
pick_up_the_black_bowl_next_to_the_cookie_box_and_place_it_on_the_plate,demo_17,0,eye_in_hand,glazed_rim_porcelain_ramekin_1,is_in_front_of,wooden_cabinet_1
pick_up_the_black_bowl_next_to_the_cookie_box_and_place_it_on_the_plate,demo_17,0,eye_in_hand,wooden_cabinet_1,is_behind,glazed_rim_porcelain_ramekin_1
pick_up_the_black_bowl_next_to_the_cookie_box_and_place_it_on_the_plate,demo_17,0,eye_in_hand,glazed_rim_porcelain_ramekin_1,is_left_of,flat_stove_1
pick_up_the_black_bowl_next_to_the_cookie_box_and_place_it_on_the_plate,demo_17,0,eye_in_hand,flat_stove_1,is_right_of,glazed_rim_porcelain_ramekin_1
pick_up_the_black_bowl_next_to_the_cookie_box_and_place_it_on_the_plate,demo_17,0,eye_in_hand,plate_1,is_in_front_of,wooden_cabinet_1
pick_up_the_black_bowl_next_to_the_cookie_box_and_place_it_on_the_plate,demo_17,0,eye_in_hand,wooden_cabinet_1,is_behind,plate_1
pick_up_the_black_bowl_next_to_the_cookie_box_and_place_it_on_the_plate,demo_17,0,eye_in_hand,plate_1,is_left_of,flat_stove_1
pick_up_the_black_bowl_next_to_the_cookie_box_and_place_it_on_the_plate,demo_17,0,eye_in_hand,flat_stove_1,is_right_of,plate_1
pick_up_the_black_bowl_next_to_the_cookie_box_and_place_it_on_the_plate,demo_17,0,eye_in_hand,wooden_cabinet_1,is_behind,flat_stove_1
pick_up_the_black_bowl_next_to_the_cookie_box_and_place_it_on_the_plate,demo_17,0,eye_in_hand,flat_stove_1,is_in_front_of,wooden_cabinet_1
pick_up_the_black_bowl_next_to_the_cookie_box_and_place_it_on_the_plate,demo_17,5,eye_in_hand,akita_black_bowl_1,is_in_front_of,akita_black_bowl_2
pick_up_the_black_bowl_next_to_the_cookie_box_and_place_it_on_the_plate,demo_17,5,eye_in_hand,akita_black_bowl_2,is_behind,akita_black_bowl_1
pick_up_the_black_bowl_next_to_the_cookie_box_and_place_it_on_the_plate,demo_17,5,eye_in_hand,akita_black_bowl_1,is_right_of,cookies_1
pick_up_the_black_bowl_next_to_the_cookie_box_and_place_it_on_the_plate,demo_17,5,eye_in_hand,cookies_1,is_left_of,akita_black_bowl_1
pick_up_the_black_bowl_next_to_the_cookie_box_and_place_it_on_the_plate,demo_17,5,eye_in_hand,akita_black_bowl_1,is_in_front_of,glazed_rim_porcelain_ramekin_1
pick_up_the_black_bowl_next_to_the_cookie_box_and_place_it_on_the_plate,demo_17,5,eye_in_hand,glazed_rim_porcelain_ramekin_1,is_behind,akita_black_bowl_1
pick_up_the_black_bowl_next_to_the_cookie_box_and_place_it_on_the_plate,demo_17,5,eye_in_hand,akita_black_bowl_1,is_right_of,plate_1
pick_up_the_black_bowl_next_to_the_cookie_box_and_place_it_on_the_plate,demo_17,5,eye_in_hand,plate_1,is_left_of,akita_black_bowl_1
pick_up_the_black_bowl_next_to_the_cookie_box_and_place_it_on_the_plate,demo_17,5,eye_in_hand,akita_black_bowl_1,is_in_front_of,wooden_cabinet_1
pick_up_the_black_bowl_next_to_the_cookie_box_and_place_it_on_the_plate,demo_17,5,eye_in_hand,wooden_cabinet_1,is_behind,akita_black_bowl_1
pick_up_the_black_bowl_next_to_the_cookie_box_and_place_it_on_the_plate,demo_17,5,eye_in_hand,akita_black_bowl_1,is_in_front_of,flat_stove_1
pick_up_the_black_bowl_next_to_the_cookie_box_and_place_it_on_the_plate,demo_17,5,eye_in_hand,flat_stove_1,is_behind,akita_black_bowl_1
pick_up_the_black_bowl_next_to_the_cookie_box_and_place_it_on_the_plate,demo_17,5,eye_in_hand,akita_black_bowl_2,is_behind,cookies_1
pick_up_the_black_bowl_next_to_the_cookie_box_and_place_it_on_the_plate,demo_17,5,eye_in_hand,cookies_1,is_in_front_of,akita_black_bowl_2
pick_up_the_black_bowl_next_to_the_cookie_box_and_place_it_on_the_plate,demo_17,5,eye_in_hand,akita_black_bowl_2,is_right_of,glazed_rim_porcelain_ramekin_1
pick_up_the_black_bowl_next_to_the_cookie_box_and_place_it_on_the_plate,demo_17,5,eye_in_hand,glazed_rim_porcelain_ramekin_1,is_left_of,akita_black_bowl_2
pick_up_the_black_bowl_next_to_the_cookie_box_and_place_it_on_the_plate,demo_17,5,eye_in_hand,akita_black_bowl_2,is_right_of,plate_1
pick_up_the_black_bowl_next_to_the_cookie_box_and_place_it_on_the_plate,demo_17,5,eye_in_hand,plate_1,is_left_of,akita_black_bowl_2
pick_up_the_black_bowl_next_to_the_cookie_box_and_place_it_on_the_plate,demo_17,5,eye_in_hand,akita_black_bowl_2,is_in_front_of,wooden_cabinet_1
pick_up_the_black_bowl_next_to_the_cookie_box_and_place_it_on_the_plate,demo_17,5,eye_in_hand,wooden_cabinet_1,is_behind,akita_black_bowl_2
pick_up_the_black_bowl_next_to_the_cookie_box_and_place_it_on_the_plate,demo_17,5,eye_in_hand,akita_black_bowl_2,is_on_top_of,flat_stove_1
pick_up_the_black_bowl_next_to_the_cookie_box_and_place_it_on_the_plate,demo_17,5,eye_in_hand,flat_stove_1,is_below_of,akita_black_bowl_2
pick_up_the_black_bowl_next_to_the_cookie_box_and_place_it_on_the_plate,demo_17,5,eye_in_hand,cookies_1,is_in_front_of,glazed_rim_porcelain_ramekin_1
pick_up_the_black_bowl_next_to_the_cookie_box_and_place_it_on_the_plate,demo_17,5,eye_in_hand,glazed_rim_porcelain_ramekin_1,is_behind,cookies_1
pick_up_the_black_bowl_next_to_the_cookie_box_and_place_it_on_the_plate,demo_17,5,eye_in_hand,cookies_1,is_right_of,plate_1
pick_up_the_black_bowl_next_to_the_cookie_box_and_place_it_on_the_plate,demo_17,5,eye_in_hand,plate_1,is_left_of,cookies_1
pick_up_the_black_bowl_next_to_the_cookie_box_and_place_it_on_the_plate,demo_17,5,eye_in_hand,cookies_1,is_in_front_of,wooden_cabinet_1
pick_up_the_black_bowl_next_to_the_cookie_box_and_place_it_on_the_plate,demo_17,5,eye_in_hand,wooden_cabinet_1,is_behind,cookies_1
pick_up_the_black_bowl_next_to_the_cookie_box_and_place_it_on_the_plate,demo_17,5,eye_in_hand,cookies_1,is_in_front_of,flat_stove_1
pick_up_the_black_bowl_next_to_the_cookie_box_and_place_it_on_the_plate,demo_17,5,eye_in_hand,flat_stove_1,is_behind,cookies_1
pick_up_the_black_bowl_next_to_the_cookie_box_and_place_it_on_the_plate,demo_17,5,eye_in_hand,glazed_rim_porcelain_ramekin_1,is_behind,plate_1
pick_up_the_black_bowl_next_to_the_cookie_box_and_place_it_on_the_plate,demo_17,5,eye_in_hand,plate_1,is_in_front_of,glazed_rim_porcelain_ramekin_1
pick_up_the_black_bowl_next_to_the_cookie_box_and_place_it_on_the_plate,demo_17,5,eye_in_hand,glazed_rim_porcelain_ramekin_1,is_in_front_of,wooden_cabinet_1
pick_up_the_black_bowl_next_to_the_cookie_box_and_place_it_on_the_plate,demo_17,5,eye_in_hand,wooden_cabinet_1,is_behind,glazed_rim_porcelain_ramekin_1
pick_up_the_black_bowl_next_to_the_cookie_box_and_place_it_on_the_plate,demo_17,5,eye_in_hand,glazed_rim_porcelain_ramekin_1,is_left_of,flat_stove_1
pick_up_the_black_bowl_next_to_the_cookie_box_and_place_it_on_the_plate,demo_17,5,eye_in_hand,flat_stove_1,is_right_of,glazed_rim_porcelain_ramekin_1
pick_up_the_black_bowl_next_to_the_cookie_box_and_place_it_on_the_plate,demo_17,5,eye_in_hand,plate_1,is_in_front_of,wooden_cabinet_1
pick_up_the_black_bowl_next_to_the_cookie_box_and_place_it_on_the_plate,demo_17,5,eye_in_hand,wooden_cabinet_1,is_behind,plate_1
pick_up_the_black_bowl_next_to_the_cookie_box_and_place_it_on_the_plate,demo_17,5,eye_in_hand,plate_1,is_left_of,flat_stove_1
pick_up_the_black_bowl_next_to_the_cookie_box_and_place_it_on_the_plate,demo_17,5,eye_in_hand,flat_stove_1,is_right_of,plate_1
pick_up_the_black_bowl_next_to_the_cookie_box_and_place_it_on_the_plate,demo_17,5,eye_in_hand,wooden_cabinet_1,is_behind,flat_stove_1
pick_up_the_black_bowl_next_to_the_cookie_box_and_place_it_on_the_plate,demo_17,5,eye_in_hand,flat_stove_1,is_in_front_of,wooden_cabinet_1
pick_up_the_black_bowl_next_to_the_cookie_box_and_place_it_on_the_plate,demo_17,10,eye_in_hand,akita_black_bowl_1,is_behind,akita_black_bowl_2
pick_up_the_black_bowl_next_to_the_cookie_box_and_place_it_on_the_plate,demo_17,10,eye_in_hand,akita_black_bowl_2,is_in_front_of,akita_black_bowl_1
pick_up_the_black_bowl_next_to_the_cookie_box_and_place_it_on_the_plate,demo_17,10,eye_in_hand,akita_black_bowl_1,is_behind,cookies_1
pick_up_the_black_bowl_next_to_the_cookie_box_and_place_it_on_the_plate,demo_17,10,eye_in_hand,cookies_1,is_in_front_of,akita_black_bowl_1
pick_up_the_black_bowl_next_to_the_cookie_box_and_place_it_on_the_plate,demo_17,10,eye_in_hand,akita_black_bowl_1,contains,glazed_rim_porcelain_ramekin_1
pick_up_the_black_bowl_next_to_the_cookie_box_and_place_it_on_the_plate,demo_17,10,eye_in_hand,glazed_rim_porcelain_ramekin_1,is_inside,akita_black_bowl_1
pick_up_the_black_bowl_next_to_the_cookie_box_and_place_it_on_the_plate,demo_17,10,eye_in_hand,akita_black_bowl_1,is_behind,plate_1
pick_up_the_black_bowl_next_to_the_cookie_box_and_place_it_on_the_plate,demo_17,10,eye_in_hand,plate_1,is_in_front_of,akita_black_bowl_1
pick_up_the_black_bowl_next_to_the_cookie_box_and_place_it_on_the_plate,demo_17,10,eye_in_hand,akita_black_bowl_1,is_in_front_of,wooden_cabinet_1
pick_up_the_black_bowl_next_to_the_cookie_box_and_place_it_on_the_plate,demo_17,10,eye_in_hand,wooden_cabinet_1,is_behind,akita_black_bowl_1
pick_up_the_black_bowl_next_to_the_cookie_box_and_place_it_on_the_plate,demo_17,10,eye_in_hand,akita_black_bowl_1,is_left_of,flat_stove_1
pick_up_the_black_bowl_next_to_the_cookie_box_and_place_it_on_the_plate,demo_17,10,eye_in_hand,flat_stove_1,is_right_of,akita_black_bowl_1
pick_up_the_black_bowl_next_to_the_cookie_box_and_place_it_on_the_plate,demo_17,10,eye_in_hand,akita_black_bowl_2,is_right_of,cookies_1
pick_up_the_black_bowl_next_to_the_cookie_box_and_place_it_on_the_plate,demo_17,10,eye_in_hand,cookies_1,is_left_of,akita_black_bowl_2
pick_up_the_black_bowl_next_to_the_cookie_box_and_place_it_on_the_plate,demo_17,10,eye_in_hand,akita_black_bowl_2,is_in_front_of,glazed_rim_porcelain_ramekin_1
pick_up_the_black_bowl_next_to_the_cookie_box_and_place_it_on_the_plate,demo_17,10,eye_in_hand,glazed_rim_porcelain_ramekin_1,is_behind,akita_black_bowl_2
pick_up_the_black_bowl_next_to_the_cookie_box_and_place_it_on_the_plate,demo_17,10,eye_in_hand,akita_black_bowl_2,is_right_of,plate_1
pick_up_the_black_bowl_next_to_the_cookie_box_and_place_it_on_the_plate,demo_17,10,eye_in_hand,plate_1,is_left_of,akita_black_bowl_2
pick_up_the_black_bowl_next_to_the_cookie_box_and_place_it_on_the_plate,demo_17,10,eye_in_hand,akita_black_bowl_2,is_in_front_of,wooden_cabinet_1
pick_up_the_black_bowl_next_to_the_cookie_box_and_place_it_on_the_plate,demo_17,10,eye_in_hand,wooden_cabinet_1,is_behind,akita_black_bowl_2
pick_up_the_black_bowl_next_to_the_cookie_box_and_place_it_on_the_plate,demo_17,10,eye_in_hand,akita_black_bowl_2,is_left_of,flat_stove_1
pick_up_the_black_bowl_next_to_the_cookie_box_and_place_it_on_the_plate,demo_17,10,eye_in_hand,flat_stove_1,is_right_of,akita_black_bowl_2
pick_up_the_black_bowl_next_to_the_cookie_box_and_place_it_on_the_plate,demo_17,10,eye_in_hand,cookies_1,is_in_front_of,glazed_rim_porcelain_ramekin_1
pick_up_the_black_bowl_next_to_the_cookie_box_and_place_it_on_the_plate,demo_17,10,eye_in_hand,glazed_rim_porcelain_ramekin_1,is_behind,cookies_1
pick_up_the_black_bowl_next_to_the_cookie_box_and_place_it_on_the_plate,demo_17,10,eye_in_hand,cookies_1,is_right_of,plate_1
pick_up_the_black_bowl_next_to_the_cookie_box_and_place_it_on_the_plate,demo_17,10,eye_in_hand,plate_1,is_left_of,cookies_1
pick_up_the_black_bowl_next_to_the_cookie_box_and_place_it_on_the_plate,demo_17,10,eye_in_hand,cookies_1,is_in_front_of,wooden_cabinet_1
pick_up_the_black_bowl_next_to_the_cookie_box_and_place_it_on_the_plate,demo_17,10,eye_in_hand,wooden_cabinet_1,is_behind,cookies_1
pick_up_the_black_bowl_next_to_the_cookie_box_and_place_it_on_the_plate,demo_17,10,eye_in_hand,cookies_1,is_left_of,flat_stove_1
pick_up_the_black_bowl_next_to_the_cookie_box_and_place_it_on_the_plate,demo_17,10,eye_in_hand,flat_stove_1,is_right_of,cookies_1
pick_up_the_black_bowl_next_to_the_cookie_box_and_place_it_on_the_plate,demo_17,10,eye_in_hand,glazed_rim_porcelain_ramekin_1,is_behind,plate_1
pick_up_the_black_bowl_next_to_the_cookie_box_and_place_it_on_the_plate,demo_17,10,eye_in_hand,plate_1,is_in_front_of,glazed_rim_porcelain_ramekin_1
pick_up_the_black_bowl_next_to_the_cookie_box_and_place_it_on_the_plate,demo_17,10,eye_in_hand,glazed_rim_porcelain_ramekin_1,is_in_front_of,wooden_cabinet_1
pick_up_the_black_bowl_next_to_the_cookie_box_and_place_it_on_the_plate,demo_17,10,eye_in_hand,wooden_cabinet_1,is_behind,glazed_rim_porcelain_ramekin_1
pick_up_the_black_bowl_next_to_the_cookie_box_and_place_it_on_the_plate,demo_17,10,eye_in_hand,glazed_rim_porcelain_ramekin_1,is_left_of,flat_stove_1
pick_up_the_black_bowl_next_to_the_cookie_box_and_place_it_on_the_plate,demo_17,10,eye_in_hand,flat_stove_1,is_right_of,glazed_rim_porcelain_ramekin_1
pick_up_the_black_bowl_next_to_the_cookie_box_and_place_it_on_the_plate,demo_17,10,eye_in_hand,plate_1,is_in_front_of,wooden_cabinet_1
pick_up_the_black_bowl_next_to_the_cookie_box_and_place_it_on_the_plate,demo_17,10,eye_in_hand,wooden_cabinet_1,is_behind,plate_1
pick_up_the_black_bowl_next_to_the_cookie_box_and_place_it_on_the_plate,demo_17,10,eye_in_hand,plate_1,is_left_of,flat_stove_1
pick_up_the_black_bowl_next_to_the_cookie_box_and_place_it_on_the_plate,demo_17,10,eye_in_hand,flat_stove_1,is_right_of,plate_1
pick_up_the_black_bowl_next_to_the_cookie_box_and_place_it_on_the_plate,demo_17,10,eye_in_hand,wooden_cabinet_1,is_behind,flat_stove_1
pick_up_the_black_bowl_next_to_the_cookie_box_and_place_it_on_the_plate,demo_17,10,eye_in_hand,flat_stove_1,is_in_front_of,wooden_cabinet_1
pick_up_the_black_bowl_next_to_the_cookie_box_and_place_it_on_the_plate,demo_17,15,eye_in_hand,plate_1,is_left_of,cookies_1
pick_up_the_black_bowl_next_to_the_cookie_box_and_place_it_on_the_plate,demo_17,15,eye_in_hand,cookies_1,is_right_of,plate_1
pick_up_the_black_bowl_next_to_the_cookie_box_and_place_it_on_the_plate,demo_17,15,eye_in_hand,plate_1,is_left_of,akita_black_bowl_1
pick_up_the_black_bowl_next_to_the_cookie_box_and_place_it_on_the_plate,demo_17,15,eye_in_hand,akita_black_bowl_1,is_right_of,plate_1
pick_up_the_black_bowl_next_to_the_cookie_box_and_place_it_on_the_plate,demo_17,15,eye_in_hand,plate_1,is_in_front_of,flat_stove_1
pick_up_the_black_bowl_next_to_the_cookie_box_and_place_it_on_the_plate,demo_17,15,eye_in_hand,flat_stove_1,is_behind,plate_1
pick_up_the_black_bowl_next_to_the_cookie_box_and_place_it_on_the_plate,demo_17,15,eye_in_hand,plate_1,is_left_of,wooden_cabinet_1
pick_up_the_black_bowl_next_to_the_cookie_box_and_place_it_on_the_plate,demo_17,15,eye_in_hand,wooden_cabinet_1,is_right_of,plate_1
pick_up_the_black_bowl_next_to_the_cookie_box_and_place_it_on_the_plate,demo_17,15,eye_in_hand,cookies_1,is_left_of,akita_black_bowl_1
pick_up_the_black_bowl_next_to_the_cookie_box_and_place_it_on_the_plate,demo_17,15,eye_in_hand,akita_black_bowl_1,is_right_of,cookies_1
pick_up_the_black_bowl_next_to_the_cookie_box_and_place_it_on_the_plate,demo_17,15,eye_in_hand,cookies_1,is_in_front_of,flat_stove_1
pick_up_the_black_bowl_next_to_the_cookie_box_and_place_it_on_the_plate,demo_17,15,eye_in_hand,flat_stove_1,is_behind,cookies_1
pick_up_the_black_bowl_next_to_the_cookie_box_and_place_it_on_the_plate,demo_17,15,eye_in_hand,cookies_1,is_left_of,wooden_cabinet_1
pick_up_the_black_bowl_next_to_the_cookie_box_and_place_it_on_the_plate,demo_17,15,eye_in_hand,wooden_cabinet_1,is_right_of,cookies_1
pick_up_the_black_bowl_next_to_the_cookie_box_and_place_it_on_the_plate,demo_17,15,eye_in_hand,akita_black_bowl_1,is_in_front_of,flat_stove_1
pick_up_the_black_bowl_next_to_the_cookie_box_and_place_it_on_the_plate,demo_17,15,eye_in_hand,flat_stove_1,is_behind,akita_black_bowl_1
pick_up_the_black_bowl_next_to_the_cookie_box_and_place_it_on_the_plate,demo_17,15,eye_in_hand,akita_black_bowl_1,is_in_front_of,wooden_cabinet_1
pick_up_the_black_bowl_next_to_the_cookie_box_and_place_it_on_the_plate,demo_17,15,eye_in_hand,wooden_cabinet_1,is_behind,akita_black_bowl_1
pick_up_the_black_bowl_next_to_the_cookie_box_and_place_it_on_the_plate,demo_17,15,eye_in_hand,flat_stove_1,is_behind,wooden_cabinet_1
pick_up_the_black_bowl_next_to_the_cookie_box_and_place_it_on_the_plate,demo_17,15,eye_in_hand,wooden_cabinet_1,is_in_front_of,flat_stove_1
pick_up_the_black_bowl_next_to_the_cookie_box_and_place_it_on_the_plate,demo_17,20,eye_in_hand,plate_1,is_left_of,cookies_1
pick_up_the_black_bowl_next_to_the_cookie_box_and_place_it_on_the_plate,demo_17,20,eye_in_hand,cookies_1,is_right_of,plate_1
pick_up_the_black_bowl_next_to_the_cookie_box_and_place_it_on_the_plate,demo_17,20,eye_in_hand,plate_1,is_left_of,akita_black_bowl_1
pick_up_the_black_bowl_next_to_the_cookie_box_and_place_it_on_the_plate,demo_17,20,eye_in_hand,akita_black_bowl_1,is_right_of,plate_1
pick_up_the_black_bowl_next_to_the_cookie_box_and_place_it_on_the_plate,demo_17,20,eye_in_hand,plate_1,is_on_top_of,wooden_cabinet_1
pick_up_the_black_bowl_next_to_the_cookie_box_and_place_it_on_the_plate,demo_17,20,eye_in_hand,wooden_cabinet_1,is_below_of,plate_1
pick_up_the_black_bowl_next_to_the_cookie_box_and_place_it_on_the_plate,demo_17,20,eye_in_hand,plate_1,is_in_front_of,flat_stove_1
pick_up_the_black_bowl_next_to_the_cookie_box_and_place_it_on_the_plate,demo_17,20,eye_in_hand,flat_stove_1,is_behind,plate_1
pick_up_the_black_bowl_next_to_the_cookie_box_and_place_it_on_the_plate,demo_17,20,eye_in_hand,cookies_1,is_left_of,akita_black_bowl_1
pick_up_the_black_bowl_next_to_the_cookie_box_and_place_it_on_the_plate,demo_17,20,eye_in_hand,akita_black_bowl_1,is_right_of,cookies_1
pick_up_the_black_bowl_next_to_the_cookie_box_and_place_it_on_the_plate,demo_17,20,eye_in_hand,cookies_1,is_on_top_of,wooden_cabinet_1
pick_up_the_black_bowl_next_to_the_cookie_box_and_place_it_on_the_plate,demo_17,20,eye_in_hand,wooden_cabinet_1,is_below_of,cookies_1
pick_up_the_black_bowl_next_to_the_cookie_box_and_place_it_on_the_plate,demo_17,20,eye_in_hand,cookies_1,is_in_front_of,flat_stove_1
pick_up_the_black_bowl_next_to_the_cookie_box_and_place_it_on_the_plate,demo_17,20,eye_in_hand,flat_stove_1,is_behind,cookies_1
pick_up_the_black_bowl_next_to_the_cookie_box_and_place_it_on_the_plate,demo_17,20,eye_in_hand,akita_black_bowl_1,is_on_top_of,wooden_cabinet_1
pick_up_the_black_bowl_next_to_the_cookie_box_and_place_it_on_the_plate,demo_17,20,eye_in_hand,wooden_cabinet_1,is_below_of,akita_black_bowl_1
pick_up_the_black_bowl_next_to_the_cookie_box_and_place_it_on_the_plate,demo_17,20,eye_in_hand,akita_black_bowl_1,is_in_front_of,flat_stove_1
pick_up_the_black_bowl_next_to_the_cookie_box_and_place_it_on_the_plate,demo_17,20,eye_in_hand,flat_stove_1,is_behind,akita_black_bowl_1
pick_up_the_black_bowl_next_to_the_cookie_box_and_place_it_on_the_plate,demo_17,20,eye_in_hand,wooden_cabinet_1,is_in_front_of,flat_stove_1
pick_up_the_black_bowl_next_to_the_cookie_box_and_place_it_on_the_plate,demo_17,20,eye_in_hand,flat_stove_1,is_behind,wooden_cabinet_1
pick_up_the_black_bowl_next_to_the_cookie_box_and_place_it_on_the_plate,demo_17,25,eye_in_hand,akita_black_bowl_1,is_right_of,cookies_1
pick_up_the_black_bowl_next_to_the_cookie_box_and_place_it_on_the_plate,demo_17,25,eye_in_hand,akita_black_bowl_1,is_right_of,plate_1
pick_up_the_black_bowl_next_to_the_cookie_box_and_place_it_on_the_plate,demo_17,25,eye_in_hand,akita_black_bowl_1,is_on_top_of,wooden_cabinet_1
pick_up_the_black_bowl_next_to_the_cookie_box_and_place_it_on_the_plate,demo_17,25,eye_in_hand,akita_black_bowl_1,is_in_front_of,flat_stove_1
pick_up_the_black_bowl_next_to_the_cookie_box_and_place_it_on_the_plate,demo_17,25,eye_in_hand,cookies_1,is_left_of,akita_black_bowl_1
pick_up_the_black_bowl_next_to_the_cookie_box_and_place_it_on_the_plate,demo_17,25,eye_in_hand,cookies_1,is_right_of,plate_1
pick_up_the_black_bowl_next_to_the_cookie_box_and_place_it_on_the_plate,demo_17,25,eye_in_hand,cookies_1,is_on_top_of,wooden_cabinet_1
pick_up_the_black_bowl_next_to_the_cookie_box_and_place_it_on_the_plate,demo_17,25,eye_in_hand,cookies_1,is_in_front_of,flat_stove_1
pick_up_the_black_bowl_next_to_the_cookie_box_and_place_it_on_the_plate,demo_17,25,eye_in_hand,plate_1,is_left_of,akita_black_bowl_1
pick_up_the_black_bowl_next_to_the_cookie_box_and_place_it_on_the_plate,demo_17,25,eye_in_hand,plate_1,is_left_of,cookies_1
pick_up_the_black_bowl_next_to_the_cookie_box_and_place_it_on_the_plate,demo_17,25,eye_in_hand,plate_1,is_on_top_of,wooden_cabinet_1
pick_up_the_black_bowl_next_to_the_cookie_box_and_place_it_on_the_plate,demo_17,25,eye_in_hand,plate_1,is_in_front_of,flat_stove_1
pick_up_the_black_bowl_next_to_the_cookie_box_and_place_it_on_the_plate,demo_17,25,eye_in_hand,wooden_cabinet_1,is_below_of,akita_black_bowl_1
pick_up_the_black_bowl_next_to_the_cookie_box_and_place_it_on_the_plate,demo_17,25,eye_in_hand,wooden_cabinet_1,is_below_of,cookies_1
pick_up_the_black_bowl_next_to_the_cookie_box_and_place_it_on_the_plate,demo_17,25,eye_in_hand,wooden_cabinet_1,is_below_of,plate_1
pick_up_the_black_bowl_next_to_the_cookie_box_and_place_it_on_the_plate,demo_17,25,eye_in_hand,wooden_cabinet_1,is_in_front_of,flat_stove_1
pick_up_the_black_bowl_next_to_the_cookie_box_and_place_it_on_the_plate,demo_17,25,eye_in_hand,flat_stove_1,is_behind,akita_black_bowl_1
pick_up_the_black_bowl_next_to_the_cookie_box_and_place_it_on_the_plate,demo_17,25,eye_in_hand,flat_stove_1,is_behind,cookies_1
pick_up_the_black_bowl_next_to_the_cookie_box_and_place_it_on_the_plate,demo_17,25,eye_in_hand,flat_stove_1,is_behind,plate_1
pick_up_the_black_bowl_next_to_the_cookie_box_and_place_it_on_the_plate,demo_17,25,eye_in_hand,flat_stove_1,is_behind,wooden_cabinet_1
pick_up_the_black_bowl_next_to_the_cookie_box_and_place_it_on_the_plate,demo_17,30,eye_in_hand,akita_black_bowl_1,is_right_of,cookies_1
pick_up_the_black_bowl_next_to_the_cookie_box_and_place_it_on_the_plate,demo_17,30,eye_in_hand,akita_black_bowl_1,is_right_of,plate_1
pick_up_the_black_bowl_next_to_the_cookie_box_and_place_it_on_the_plate,demo_17,30,eye_in_hand,akita_black_bowl_1,is_on_top_of,wooden_cabinet_1
pick_up_the_black_bowl_next_to_the_cookie_box_and_place_it_on_the_plate,demo_17,30,eye_in_hand,cookies_1,is_left_of,akita_black_bowl_1
pick_up_the_black_bowl_next_to_the_cookie_box_and_place_it_on_the_plate,demo_17,30,eye_in_hand,cookies_1,is_right_of,plate_1
pick_up_the_black_bowl_next_to_the_cookie_box_and_place_it_on_the_plate,demo_17,30,eye_in_hand,cookies_1,is_on_top_of,wooden_cabinet_1
pick_up_the_black_bowl_next_to_the_cookie_box_and_place_it_on_the_plate,demo_17,30,eye_in_hand,plate_1,is_left_of,akita_black_bowl_1
pick_up_the_black_bowl_next_to_the_cookie_box_and_place_it_on_the_plate,demo_17,30,eye_in_hand,plate_1,is_left_of,cookies_1
pick_up_the_black_bowl_next_to_the_cookie_box_and_place_it_on_the_plate,demo_17,30,eye_in_hand,plate_1,is_on_top_of,wooden_cabinet_1
pick_up_the_black_bowl_next_to_the_cookie_box_and_place_it_on_the_plate,demo_17,30,eye_in_hand,wooden_cabinet_1,is_below_of,akita_black_bowl_1
pick_up_the_black_bowl_next_to_the_cookie_box_and_place_it_on_the_plate,demo_17,30,eye_in_hand,wooden_cabinet_1,is_below_of,cookies_1
pick_up_the_black_bowl_next_to_the_cookie_box_and_place_it_on_the_plate,demo_17,30,eye_in_hand,wooden_cabinet_1,is_below_of,plate_1
pick_up_the_black_bowl_next_to_the_cookie_box_and_place_it_on_the_plate,demo_17,35,eye_in_hand,cookies_1,is_left_of,glazed_rim_porcelain_ramekin_1
pick_up_the_black_bowl_next_to_the_cookie_box_and_place_it_on_the_plate,demo_17,35,eye_in_hand,cookies_1,is_on_top_of,wooden_cabinet_1
pick_up_the_black_bowl_next_to_the_cookie_box_and_place_it_on_the_plate,demo_17,35,eye_in_hand,glazed_rim_porcelain_ramekin_1,is_right_of,cookies_1
pick_up_the_black_bowl_next_to_the_cookie_box_and_place_it_on_the_plate,demo_17,35,eye_in_hand,glazed_rim_porcelain_ramekin_1,is_on_top_of,wooden_cabinet_1
pick_up_the_black_bowl_next_to_the_cookie_box_and_place_it_on_the_plate,demo_17,35,eye_in_hand,wooden_cabinet_1,is_below_of,cookies_1
pick_up_the_black_bowl_next_to_the_cookie_box_and_place_it_on_the_plate,demo_17,35,eye_in_hand,wooden_cabinet_1,is_below_of,glazed_rim_porcelain_ramekin_1
pick_up_the_black_bowl_next_to_the_cookie_box_and_place_it_on_the_plate,demo_17,40,eye_in_hand,akita_black_bowl_1,is_on_top_of,wooden_cabinet_1
pick_up_the_black_bowl_next_to_the_cookie_box_and_place_it_on_the_plate,demo_17,40,eye_in_hand,wooden_cabinet_1,is_below_of,akita_black_bowl_1
pick_up_the_black_bowl_next_to_the_cookie_box_and_place_it_on_the_plate,demo_17,45,eye_in_hand,cookies_1,is_left_of,akita_black_bowl_1
pick_up_the_black_bowl_next_to_the_cookie_box_and_place_it_on_the_plate,demo_17,45,eye_in_hand,akita_black_bowl_1,is_right_of,cookies_1
pick_up_the_black_bowl_next_to_the_cookie_box_and_place_it_on_the_plate,demo_17,45,eye_in_hand,cookies_1,is_on_top_of,wooden_cabinet_1
pick_up_the_black_bowl_next_to_the_cookie_box_and_place_it_on_the_plate,demo_17,45,eye_in_hand,wooden_cabinet_1,is_below_of,cookies_1
pick_up_the_black_bowl_next_to_the_cookie_box_and_place_it_on_the_plate,demo_17,45,eye_in_hand,akita_black_bowl_1,is_on_top_of,wooden_cabinet_1
pick_up_the_black_bowl_next_to_the_cookie_box_and_place_it_on_the_plate,demo_17,45,eye_in_hand,wooden_cabinet_1,is_below_of,akita_black_bowl_1
pick_up_the_black_bowl_next_to_the_cookie_box_and_place_it_on_the_plate,demo_17,50,eye_in_hand,akita_black_bowl_1,is_right_of,cookies_1
pick_up_the_black_bowl_next_to_the_cookie_box_and_place_it_on_the_plate,demo_17,50,eye_in_hand,akita_black_bowl_1,is_on_top_of,wooden_cabinet_1
pick_up_the_black_bowl_next_to_the_cookie_box_and_place_it_on_the_plate,demo_17,50,eye_in_hand,cookies_1,is_left_of,akita_black_bowl_1
pick_up_the_black_bowl_next_to_the_cookie_box_and_place_it_on_the_plate,demo_17,50,eye_in_hand,cookies_1,is_on_top_of,wooden_cabinet_1
pick_up_the_black_bowl_next_to_the_cookie_box_and_place_it_on_the_plate,demo_17,50,eye_in_hand,wooden_cabinet_1,is_below_of,akita_black_bowl_1
pick_up_the_black_bowl_next_to_the_cookie_box_and_place_it_on_the_plate,demo_17,50,eye_in_hand,wooden_cabinet_1,is_below_of,cookies_1
pick_up_the_black_bowl_next_to_the_cookie_box_and_place_it_on_the_plate,demo_17,55,eye_in_hand,cookies_1,is_left_of,akita_black_bowl_1
pick_up_the_black_bowl_next_to_the_cookie_box_and_place_it_on_the_plate,demo_17,55,eye_in_hand,cookies_1,is_on_top_of,wooden_cabinet_1
pick_up_the_black_bowl_next_to_the_cookie_box_and_place_it_on_the_plate,demo_17,55,eye_in_hand,akita_black_bowl_1,is_right_of,cookies_1
pick_up_the_black_bowl_next_to_the_cookie_box_and_place_it_on_the_plate,demo_17,55,eye_in_hand,akita_black_bowl_1,is_on_top_of,wooden_cabinet_1
pick_up_the_black_bowl_next_to_the_cookie_box_and_place_it_on_the_plate,demo_17,55,eye_in_hand,wooden_cabinet_1,is_below_of,cookies_1
pick_up_the_black_bowl_next_to_the_cookie_box_and_place_it_on_the_plate,demo_17,55,eye_in_hand,wooden_cabinet_1,is_below_of,akita_black_bowl_1
pick_up_the_black_bowl_next_to_the_cookie_box_and_place_it_on_the_plate,demo_17,60,eye_in_hand,akita_black_bowl_1,is_right_of,cookies_1
pick_up_the_black_bowl_next_to_the_cookie_box_and_place_it_on_the_plate,demo_17,60,eye_in_hand,akita_black_bowl_1,is_on_top_of,wooden_cabinet_1
pick_up_the_black_bowl_next_to_the_cookie_box_and_place_it_on_the_plate,demo_17,60,eye_in_hand,cookies_1,is_left_of,akita_black_bowl_1
pick_up_the_black_bowl_next_to_the_cookie_box_and_place_it_on_the_plate,demo_17,60,eye_in_hand,cookies_1,is_on_top_of,wooden_cabinet_1
pick_up_the_black_bowl_next_to_the_cookie_box_and_place_it_on_the_plate,demo_17,60,eye_in_hand,wooden_cabinet_1,is_below_of,akita_black_bowl_1
pick_up_the_black_bowl_next_to_the_cookie_box_and_place_it_on_the_plate,demo_17,60,eye_in_hand,wooden_cabinet_1,is_below_of,cookies_1
pick_up_the_black_bowl_next_to_the_cookie_box_and_place_it_on_the_plate,demo_17,65,eye_in_hand,plate_1,is_left_of,cookies_1
pick_up_the_black_bowl_next_to_the_cookie_box_and_place_it_on_the_plate,demo_17,65,eye_in_hand,cookies_1,is_right_of,plate_1
pick_up_the_black_bowl_next_to_the_cookie_box_and_place_it_on_the_plate,demo_17,65,eye_in_hand,plate_1,is_left_of,akita_black_bowl_1
pick_up_the_black_bowl_next_to_the_cookie_box_and_place_it_on_the_plate,demo_17,65,eye_in_hand,akita_black_bowl_1,is_right_of,plate_1
pick_up_the_black_bowl_next_to_the_cookie_box_and_place_it_on_the_plate,demo_17,65,eye_in_hand,plate_1,is_on_top_of,wooden_cabinet_1
pick_up_the_black_bowl_next_to_the_cookie_box_and_place_it_on_the_plate,demo_17,65,eye_in_hand,wooden_cabinet_1,is_below_of,plate_1
pick_up_the_black_bowl_next_to_the_cookie_box_and_place_it_on_the_plate,demo_17,65,eye_in_hand,cookies_1,is_left_of,akita_black_bowl_1
pick_up_the_black_bowl_next_to_the_cookie_box_and_place_it_on_the_plate,demo_17,65,eye_in_hand,akita_black_bowl_1,is_right_of,cookies_1
pick_up_the_black_bowl_next_to_the_cookie_box_and_place_it_on_the_plate,demo_17,65,eye_in_hand,cookies_1,is_on_top_of,wooden_cabinet_1
pick_up_the_black_bowl_next_to_the_cookie_box_and_place_it_on_the_plate,demo_17,65,eye_in_hand,wooden_cabinet_1,is_below_of,cookies_1
pick_up_the_black_bowl_next_to_the_cookie_box_and_place_it_on_the_plate,demo_17,65,eye_in_hand,akita_black_bowl_1,is_on_top_of,wooden_cabinet_1
pick_up_the_black_bowl_next_to_the_cookie_box_and_place_it_on_the_plate,demo_17,65,eye_in_hand,wooden_cabinet_1,is_below_of,akita_black_bowl_1
pick_up_the_black_bowl_next_to_the_cookie_box_and_place_it_on_the_plate,demo_17,70,eye_in_hand,cookies_1,is_left_of,akita_black_bowl_1
pick_up_the_black_bowl_next_to_the_cookie_box_and_place_it_on_the_plate,demo_17,70,eye_in_hand,akita_black_bowl_1,is_right_of,cookies_1
pick_up_the_black_bowl_next_to_the_cookie_box_and_place_it_on_the_plate,demo_17,70,eye_in_hand,cookies_1,is_on_top_of,wooden_cabinet_1
pick_up_the_black_bowl_next_to_the_cookie_box_and_place_it_on_the_plate,demo_17,70,eye_in_hand,wooden_cabinet_1,is_below_of,cookies_1
pick_up_the_black_bowl_next_to_the_cookie_box_and_place_it_on_the_plate,demo_17,70,eye_in_hand,akita_black_bowl_1,is_on_top_of,wooden_cabinet_1
pick_up_the_black_bowl_next_to_the_cookie_box_and_place_it_on_the_plate,demo_17,70,eye_in_hand,wooden_cabinet_1,is_below_of,akita_black_bowl_1
pick_up_the_black_bowl_next_to_the_cookie_box_and_place_it_on_the_plate,demo_17,75,eye_in_hand,cookies_1,is_left_of,akita_black_bowl_1
pick_up_the_black_bowl_next_to_the_cookie_box_and_place_it_on_the_plate,demo_17,75,eye_in_hand,akita_black_bowl_1,is_right_of,cookies_1
pick_up_the_black_bowl_next_to_the_cookie_box_and_place_it_on_the_plate,demo_17,75,eye_in_hand,cookies_1,is_on_top_of,wooden_cabinet_1
pick_up_the_black_bowl_next_to_the_cookie_box_and_place_it_on_the_plate,demo_17,75,eye_in_hand,wooden_cabinet_1,is_below_of,cookies_1
pick_up_the_black_bowl_next_to_the_cookie_box_and_place_it_on_the_plate,demo_17,75,eye_in_hand,akita_black_bowl_1,is_on_top_of,wooden_cabinet_1
pick_up_the_black_bowl_next_to_the_cookie_box_and_place_it_on_the_plate,demo_17,75,eye_in_hand,wooden_cabinet_1,is_below_of,akita_black_bowl_1
pick_up_the_black_bowl_next_to_the_cookie_box_and_place_it_on_the_plate,demo_17,120,eye_in_hand,plate_1,is_on_top_of,wooden_cabinet_1
pick_up_the_black_bowl_next_to_the_cookie_box_and_place_it_on_the_plate,demo_17,120,eye_in_hand,wooden_cabinet_1,is_below_of,plate_1
pick_up_the_black_bowl_next_to_the_cookie_box_and_place_it_on_the_plate,demo_17,120,eye_in_hand,akita_black_bowl_1,is_on_top_of,wooden_cabinet_1
pick_up_the_black_bowl_next_to_the_cookie_box_and_place_it_on_the_plate,demo_17,120,eye_in_hand,wooden_cabinet_1,is_below_of,akita_black_bowl_1
pick_up_the_black_bowl_next_to_the_cookie_box_and_place_it_on_the_plate,demo_17,120,eye_in_hand,plate_1,is_left_of,akita_black_bowl_1
pick_up_the_black_bowl_next_to_the_cookie_box_and_place_it_on_the_plate,demo_17,120,eye_in_hand,akita_black_bowl_1,is_right_of,plate_1
pick_up_the_black_bowl_next_to_the_cookie_box_and_place_it_on_the_plate,demo_17,125,eye_in_hand,akita_black_bowl_1,is_right_of,plate_1
pick_up_the_black_bowl_next_to_the_cookie_box_and_place_it_on_the_plate,demo_17,125,eye_in_hand,plate_1,is_left_of,akita_black_bowl_1
pick_up_the_black_bowl_next_to_the_cookie_box_and_place_it_on_the_plate,demo_17,125,eye_in_hand,akita_black_bowl_1,is_on_top_of,wooden_cabinet_1
pick_up_the_black_bowl_next_to_the_cookie_box_and_place_it_on_the_plate,demo_17,125,eye_in_hand,wooden_cabinet_1,is_below_of,akita_black_bowl_1
pick_up_the_black_bowl_next_to_the_cookie_box_and_place_it_on_the_plate,demo_17,125,eye_in_hand,plate_1,is_on_top_of,wooden_cabinet_1
pick_up_the_black_bowl_next_to_the_cookie_box_and_place_it_on_the_plate,demo_17,125,eye_in_hand,wooden_cabinet_1,is_below_of,plate_1
pick_up_the_black_bowl_next_to_the_cookie_box_and_place_it_on_the_plate,demo_17,135,eye_in_hand,akita_black_bowl_2,is_right_of,plate_1
pick_up_the_black_bowl_next_to_the_cookie_box_and_place_it_on_the_plate,demo_17,135,eye_in_hand,plate_1,is_left_of,akita_black_bowl_2
pick_up_the_black_bowl_next_to_the_cookie_box_and_place_it_on_the_plate,demo_17,135,eye_in_hand,akita_black_bowl_2,is_behind,wooden_cabinet_1
pick_up_the_black_bowl_next_to_the_cookie_box_and_place_it_on_the_plate,demo_17,135,eye_in_hand,wooden_cabinet_1,is_in_front_of,akita_black_bowl_2
pick_up_the_black_bowl_next_to_the_cookie_box_and_place_it_on_the_plate,demo_17,135,eye_in_hand,plate_1,is_on_top_of,wooden_cabinet_1
pick_up_the_black_bowl_next_to_the_cookie_box_and_place_it_on_the_plate,demo_17,135,eye_in_hand,wooden_cabinet_1,is_below_of,plate_1
