task,demo,frame,camera,objectA,relation,objectB
move-the-black-bowl-from-the-top-of-the-drawer-to-on-top-of-the-cookie-at-the-ri,episode_0,0,wrist,black_bowl,is_behind,red_drawer
move-the-black-bowl-from-the-top-of-the-drawer-to-on-top-of-the-cookie-at-the-ri,episode_0,0,wrist,red_drawer,is_in_front_of,black_bowl
move-the-black-bowl-from-the-top-of-the-drawer-to-on-top-of-the-cookie-at-the-ri,episode_0,30,wrist,black_bowl,is_left_of,red_drawer
move-the-black-bowl-from-the-top-of-the-drawer-to-on-top-of-the-cookie-at-the-ri,episode_0,30,wrist,red_drawer,is_right_of,black_bowl
move-the-black-bowl-from-the-top-of-the-drawer-to-on-top-of-the-cookie-at-the-ri,episode_0,60,wrist,black_bowl,is_on_top_of,red_drawer
move-the-black-bowl-from-the-top-of-the-drawer-to-on-top-of-the-cookie-at-the-ri,episode_0,60,wrist,red_drawer,is_below_of,black_bowl
move-the-black-bowl-from-the-top-of-the-drawer-to-on-top-of-the-cookie-at-the-ri,episode_0,90,wrist,black_bowl,is_on_top_of,red_drawer
move-the-black-bowl-from-the-top-of-the-drawer-to-on-top-of-the-cookie-at-the-ri,episode_0,90,wrist,red_drawer,is_below_of,black_bowl
move-the-black-bowl-from-the-top-of-the-drawer-to-on-top-of-the-cookie-at-the-ri,episode_0,120,wrist,black_bowl,is_left_of,red_drawer
move-the-black-bowl-from-the-top-of-the-drawer-to-on-top-of-the-cookie-at-the-ri,episode_0,120,wrist,red_drawer,is_right_of,black_bowl
move-the-black-bowl-from-the-top-of-the-drawer-to-on-top-of-the-cookie-at-the-ri,episode_0,120,wrist,black_bowl,is_right_of,black_stove
move-the-black-bowl-from-the-top-of-the-drawer-to-on-top-of-the-cookie-at-the-ri,episode_0,120,wrist,black_stove,is_left_of,black_bowl
move-the-black-bowl-from-the-top-of-the-drawer-to-on-top-of-the-cookie-at-the-ri,episode_0,120,wrist,red_drawer,is_right_of,black_stove
move-the-black-bowl-from-the-top-of-the-drawer-to-on-top-of-the-cookie-at-the-ri,episode_0,120,wrist,black_stove,is_left_of,red_drawer
move-the-black-bowl-from-the-top-of-the-drawer-to-on-top-of-the-cookie-at-the-ri,episode_0,150,wrist,black_bowl,is_on_top_of,red_drawer
move-the-black-bowl-from-the-top-of-the-drawer-to-on-top-of-the-cookie-at-the-ri,episode_0,150,wrist,red_drawer,is_below_of,black_bowl
move-the-black-bowl-from-the-top-of-the-drawer-to-on-top-of-the-cookie-at-the-ri,episode_0,150,wrist,black_bowl,is_right_of,black_stove
move-the-black-bowl-from-the-top-of-the-drawer-to-on-top-of-the-cookie-at-the-ri,episode_0,150,wrist,black_stove,is_left_of,black_bowl
move-the-black-bowl-from-the-top-of-the-drawer-to-on-top-of-the-cookie-at-the-ri,episode_0,150,wrist,red_drawer,is_right_of,black_stove
move-the-black-bowl-from-the-top-of-the-drawer-to-on-top-of-the-cookie-at-the-ri,episode_0,150,wrist,black_stove,is_left_of,red_drawer
move-the-black-bowl-from-the-top-of-the-drawer-to-on-top-of-the-cookie-at-the-ri,episode_0,180,wrist,black_bowl,is_on_top_of,red_drawer
move-the-black-bowl-from-the-top-of-the-drawer-to-on-top-of-the-cookie-at-the-ri,episode_0,180,wrist,red_drawer,is_below_of,black_bowl
move-the-black-bowl-from-the-top-of-the-drawer-to-on-top-of-the-cookie-at-the-ri,episode_0,180,wrist,black_bowl,is_behind,black_stove
move-the-black-bowl-from-the-top-of-the-drawer-to-on-top-of-the-cookie-at-the-ri,episode_0,180,wrist,black_stove,is_in_front_of,black_bowl
move-the-black-bowl-from-the-top-of-the-drawer-to-on-top-of-the-cookie-at-the-ri,episode_0,180,wrist,red_drawer,is_behind,black_stove
move-the-black-bowl-from-the-top-of-the-drawer-to-on-top-of-the-cookie-at-the-ri,episode_0,180,wrist,black_stove,is_in_front_of,red_drawer
move-the-black-bowl-from-the-top-of-the-drawer-to-on-top-of-the-cookie-at-the-ri,episode_0,210,wrist,black_bowl,is_on_top_of,red_drawer
move-the-black-bowl-from-the-top-of-the-drawer-to-on-top-of-the-cookie-at-the-ri,episode_0,210,wrist,red_drawer,is_below_of,black_bowl
move-the-black-bowl-from-the-top-of-the-drawer-to-on-top-of-the-cookie-at-the-ri,episode_0,210,wrist,black_bowl,is_in_front_of,black_stove
move-the-black-bowl-from-the-top-of-the-drawer-to-on-top-of-the-cookie-at-the-ri,episode_0,210,wrist,black_stove,is_behind,black_bowl
move-the-black-bowl-from-the-top-of-the-drawer-to-on-top-of-the-cookie-at-the-ri,episode_0,210,wrist,red_drawer,is_in_front_of,black_stove
move-the-black-bowl-from-the-top-of-the-drawer-to-on-top-of-the-cookie-at-the-ri,episode_0,210,wrist,black_stove,is_behind,red_drawer
move-the-black-bowl-from-the-top-of-the-drawer-to-on-top-of-the-cookie-at-the-ri,episode_0,240,wrist,black_bowl,is_on_top_of,red_drawer
move-the-black-bowl-from-the-top-of-the-drawer-to-on-top-of-the-cookie-at-the-ri,episode_0,240,wrist,red_drawer,is_below_of,black_bowl
move-the-black-bowl-from-the-top-of-the-drawer-to-on-top-of-the-cookie-at-the-ri,episode_0,240,wrist,black_bowl,is_behind,black_stove
move-the-black-bowl-from-the-top-of-the-drawer-to-on-top-of-the-cookie-at-the-ri,episode_0,240,wrist,black_stove,is_in_front_of,black_bowl
move-the-black-bowl-from-the-top-of-the-drawer-to-on-top-of-the-cookie-at-the-ri,episode_0,240,wrist,red_drawer,is_behind,black_stove
move-the-black-bowl-from-the-top-of-the-drawer-to-on-top-of-the-cookie-at-the-ri,episode_0,240,wrist,black_stove,is_in_front_of,red_drawer
move-the-black-bowl-from-the-top-of-the-drawer-to-on-top-of-the-cookie-at-the-ri,episode_0,270,wrist,black_bowl,is_behind,cookie
move-the-black-bowl-from-the-top-of-the-drawer-to-on-top-of-the-cookie-at-the-ri,episode_0,270,wrist,cookie,is_in_front_of,black_bowl
move-the-black-bowl-from-the-top-of-the-drawer-to-on-top-of-the-cookie-at-the-ri,episode_0,300,wrist,black_bowl,is_in_front_of,cookie
move-the-black-bowl-from-the-top-of-the-drawer-to-on-top-of-the-cookie-at-the-ri,episode_0,300,wrist,cookie,is_behind,black_bowl
move-the-black-bowl-from-the-top-of-the-drawer-to-on-top-of-the-cookie-at-the-ri,episode_0,330,wrist,black_bowl,is_in_front_of,cookie
move-the-black-bowl-from-the-top-of-the-drawer-to-on-top-of-the-cookie-at-the-ri,episode_0,330,wrist,cookie,is_behind,black_bowl
move-the-black-bowl-from-the-top-of-the-drawer-to-on-top-of-the-cookie-at-the-ri,episode_0,360,wrist,black_bowl,is_in_front_of,cookie
move-the-black-bowl-from-the-top-of-the-drawer-to-on-top-of-the-cookie-at-the-ri,episode_0,360,wrist,cookie,is_behind,black_bowl
move-the-black-bowl-from-the-top-of-the-drawer-to-on-top-of-the-cookie-at-the-ri,episode_0,390,wrist,black_bowl,is_in_front_of,red_drawer
move-the-black-bowl-from-the-top-of-the-drawer-to-on-top-of-the-cookie-at-the-ri,episode_0,390,wrist,red_drawer,is_behind,black_bowl
move-the-black-bowl-from-the-top-of-the-drawer-to-on-top-of-the-cookie-at-the-ri,episode_0,420,wrist,black_bowl,is_on_top_of,red_drawer
move-the-black-bowl-from-the-top-of-the-drawer-to-on-top-of-the-cookie-at-the-ri,episode_0,420,wrist,red_drawer,is_below_of,black_bowl
move-the-black-bowl-from-the-top-of-the-drawer-to-on-top-of-the-cookie-at-the-ri,episode_0,450,wrist,black_bowl,is_left_of,red_drawer
move-the-black-bowl-from-the-top-of-the-drawer-to-on-top-of-the-cookie-at-the-ri,episode_0,450,wrist,red_drawer,is_right_of,black_bowl
move-the-black-bowl-from-the-top-of-the-drawer-to-on-top-of-the-cookie-at-the-ri,episode_0,450,wrist,black_bowl,is_behind,black_stove
move-the-black-bowl-from-the-top-of-the-drawer-to-on-top-of-the-cookie-at-the-ri,episode_0,450,wrist,black_stove,is_in_front_of,black_bowl
move-the-black-bowl-from-the-top-of-the-drawer-to-on-top-of-the-cookie-at-the-ri,episode_0,450,wrist,red_drawer,is_behind,black_stove
move-the-black-bowl-from-the-top-of-the-drawer-to-on-top-of-the-cookie-at-the-ri,episode_0,450,wrist,black_stove,is_in_front_of,red_drawer
move-the-black-bowl-from-the-top-of-the-drawer-to-on-top-of-the-cookie-at-the-ri,episode_0,480,wrist,black_bowl,is_left_of,red_drawer
move-the-black-bowl-from-the-top-of-the-drawer-to-on-top-of-the-cookie-at-the-ri,episode_0,480,wrist,red_drawer,is_right_of,black_bowl
move-the-black-bowl-from-the-top-of-the-drawer-to-on-top-of-the-cookie-at-the-ri,episode_0,480,wrist,black_bowl,is_on_top_of,black_stove
move-the-black-bowl-from-the-top-of-the-drawer-to-on-top-of-the-cookie-at-the-ri,episode_0,480,wrist,black_stove,is_below_of,black_bowl
move-the-black-bowl-from-the-top-of-the-drawer-to-on-top-of-the-cookie-at-the-ri,episode_0,480,wrist,red_drawer,is_behind,black_stove
move-the-black-bowl-from-the-top-of-the-drawer-to-on-top-of-the-cookie-at-the-ri,episode_0,480,wrist,black_stove,is_in_front_of,red_drawer
move-the-black-bowl-from-the-top-of-the-drawer-to-on-top-of-the-cookie-at-the-ri,episode_1,0,wrist,black_bowl,is_behind,red_drawer
move-the-black-bowl-from-the-top-of-the-drawer-to-on-top-of-the-cookie-at-the-ri,episode_1,0,wrist,black_bowl,is_behind,cookie
move-the-black-bowl-from-the-top-of-the-drawer-to-on-top-of-the-cookie-at-the-ri,episode_1,0,wrist,red_drawer,is_in_front_of,black_bowl
move-the-black-bowl-from-the-top-of-the-drawer-to-on-top-of-the-cookie-at-the-ri,episode_1,0,wrist,red_drawer,contains,cookie
move-the-black-bowl-from-the-top-of-the-drawer-to-on-top-of-the-cookie-at-the-ri,episode_1,0,wrist,cookie,is_in_front_of,black_bowl
move-the-black-bowl-from-the-top-of-the-drawer-to-on-top-of-the-cookie-at-the-ri,episode_1,0,wrist,cookie,is_inside,red_drawer
move-the-black-bowl-from-the-top-of-the-drawer-to-on-top-of-the-cookie-at-the-ri,episode_1,30,wrist,black_bowl,is_behind,red_drawer
move-the-black-bowl-from-the-top-of-the-drawer-to-on-top-of-the-cookie-at-the-ri,episode_1,30,wrist,black_bowl,is_behind,cookie
move-the-black-bowl-from-the-top-of-the-drawer-to-on-top-of-the-cookie-at-the-ri,episode_1,30,wrist,red_drawer,is_in_front_of,black_bowl
move-the-black-bowl-from-the-top-of-the-drawer-to-on-top-of-the-cookie-at-the-ri,episode_1,30,wrist,red_drawer,contains,cookie
move-the-black-bowl-from-the-top-of-the-drawer-to-on-top-of-the-cookie-at-the-ri,episode_1,30,wrist,cookie,is_inside,red_drawer
move-the-black-bowl-from-the-top-of-the-drawer-to-on-top-of-the-cookie-at-the-ri,episode_1,30,wrist,cookie,is_in_front_of,black_bowl
move-the-black-bowl-from-the-top-of-the-drawer-to-on-top-of-the-cookie-at-the-ri,episode_1,60,wrist,black_bowl,is_behind,red_drawer
move-the-black-bowl-from-the-top-of-the-drawer-to-on-top-of-the-cookie-at-the-ri,episode_1,60,wrist,black_bowl,is_behind,cookie
move-the-black-bowl-from-the-top-of-the-drawer-to-on-top-of-the-cookie-at-the-ri,episode_1,60,wrist,red_drawer,is_in_front_of,black_bowl
move-the-black-bowl-from-the-top-of-the-drawer-to-on-top-of-the-cookie-at-the-ri,episode_1,60,wrist,red_drawer,is_left_of,cookie
move-the-black-bowl-from-the-top-of-the-drawer-to-on-top-of-the-cookie-at-the-ri,episode_1,60,wrist,cookie,is_in_front_of,black_bowl
move-the-black-bowl-from-the-top-of-the-drawer-to-on-top-of-the-cookie-at-the-ri,episode_1,60,wrist,cookie,is_right_of,red_drawer
move-the-black-bowl-from-the-top-of-the-drawer-to-on-top-of-the-cookie-at-the-ri,episode_1,90,wrist,black_bowl,is_behind,cookie
move-the-black-bowl-from-the-top-of-the-drawer-to-on-top-of-the-cookie-at-the-ri,episode_1,90,wrist,black_bowl,is_behind,red_drawer
move-the-black-bowl-from-the-top-of-the-drawer-to-on-top-of-the-cookie-at-the-ri,episode_1,90,wrist,cookie,is_in_front_of,black_bowl
move-the-black-bowl-from-the-top-of-the-drawer-to-on-top-of-the-cookie-at-the-ri,episode_1,90,wrist,cookie,is_on_top_of,red_drawer
move-the-black-bowl-from-the-top-of-the-drawer-to-on-top-of-the-cookie-at-the-ri,episode_1,90,wrist,red_drawer,is_in_front_of,black_bowl
move-the-black-bowl-from-the-top-of-the-drawer-to-on-top-of-the-cookie-at-the-ri,episode_1,90,wrist,red_drawer,contains,cookie
move-the-black-bowl-from-the-top-of-the-drawer-to-on-top-of-the-cookie-at-the-ri,episode_1,120,wrist,black_bowl,is_behind,cookie
move-the-black-bowl-from-the-top-of-the-drawer-to-on-top-of-the-cookie-at-the-ri,episode_1,120,wrist,black_bowl,is_behind,red_drawer
move-the-black-bowl-from-the-top-of-the-drawer-to-on-top-of-the-cookie-at-the-ri,episode_1,120,wrist,cookie,is_in_front_of,black_bowl
move-the-black-bowl-from-the-top-of-the-drawer-to-on-top-of-the-cookie-at-the-ri,episode_1,120,wrist,cookie,is_inside,red_drawer
move-the-black-bowl-from-the-top-of-the-drawer-to-on-top-of-the-cookie-at-the-ri,episode_1,120,wrist,red_drawer,is_in_front_of,black_bowl
move-the-black-bowl-from-the-top-of-the-drawer-to-on-top-of-the-cookie-at-the-ri,episode_1,120,wrist,red_drawer,contains,cookie
move-the-black-bowl-from-the-top-of-the-drawer-to-on-top-of-the-cookie-at-the-ri,episode_1,150,wrist,black_bowl,is_in_front_of,red_drawer
move-the-black-bowl-from-the-top-of-the-drawer-to-on-top-of-the-cookie-at-the-ri,episode_1,150,wrist,red_drawer,is_behind,black_bowl
move-the-black-bowl-from-the-top-of-the-drawer-to-on-top-of-the-cookie-at-the-ri,episode_1,150,wrist,black_bowl,is_on_top_of,black_stove
move-the-black-bowl-from-the-top-of-the-drawer-to-on-top-of-the-cookie-at-the-ri,episode_1,150,wrist,black_stove,is_below_of,black_bowl
move-the-black-bowl-from-the-top-of-the-drawer-to-on-top-of-the-cookie-at-the-ri,episode_1,150,wrist,black_bowl,is_left_of,cookie
move-the-black-bowl-from-the-top-of-the-drawer-to-on-top-of-the-cookie-at-the-ri,episode_1,150,wrist,cookie,is_right_of,black_bowl
move-the-black-bowl-from-the-top-of-the-drawer-to-on-top-of-the-cookie-at-the-ri,episode_1,150,wrist,red_drawer,is_behind,black_stove
move-the-black-bowl-from-the-top-of-the-drawer-to-on-top-of-the-cookie-at-the-ri,episode_1,150,wrist,black_stove,is_in_front_of,red_drawer
move-the-black-bowl-from-the-top-of-the-drawer-to-on-top-of-the-cookie-at-the-ri,episode_1,150,wrist,red_drawer,is_behind,cookie
move-the-black-bowl-from-the-top-of-the-drawer-to-on-top-of-the-cookie-at-the-ri,episode_1,150,wrist,cookie,is_in_front_of,red_drawer
move-the-black-bowl-from-the-top-of-the-drawer-to-on-top-of-the-cookie-at-the-ri,episode_1,150,wrist,black_stove,is_left_of,cookie
move-the-black-bowl-from-the-top-of-the-drawer-to-on-top-of-the-cookie-at-the-ri,episode_1,150,wrist,cookie,is_right_of,black_stove
move-the-black-bowl-from-the-top-of-the-drawer-to-on-top-of-the-cookie-at-the-ri,episode_1,180,wrist,black_bowl,is_on_top_of,red_drawer
move-the-black-bowl-from-the-top-of-the-drawer-to-on-top-of-the-cookie-at-the-ri,episode_1,180,wrist,red_drawer,is_below_of,black_bowl
move-the-black-bowl-from-the-top-of-the-drawer-to-on-top-of-the-cookie-at-the-ri,episode_1,210,wrist,black_bowl,is_on_top_of,red_drawer
move-the-black-bowl-from-the-top-of-the-drawer-to-on-top-of-the-cookie-at-the-ri,episode_1,210,wrist,red_drawer,is_below_of,black_bowl
move-the-black-bowl-from-the-top-of-the-drawer-to-on-top-of-the-cookie-at-the-ri,episode_1,210,wrist,black_bowl,is_behind,black_stove
move-the-black-bowl-from-the-top-of-the-drawer-to-on-top-of-the-cookie-at-the-ri,episode_1,210,wrist,black_stove,is_in_front_of,black_bowl
move-the-black-bowl-from-the-top-of-the-drawer-to-on-top-of-the-cookie-at-the-ri,episode_1,210,wrist,black_bowl,is_behind,cookie
move-the-black-bowl-from-the-top-of-the-drawer-to-on-top-of-the-cookie-at-the-ri,episode_1,210,wrist,cookie,is_in_front_of,black_bowl
move-the-black-bowl-from-the-top-of-the-drawer-to-on-top-of-the-cookie-at-the-ri,episode_1,210,wrist,red_drawer,is_behind,black_stove
move-the-black-bowl-from-the-top-of-the-drawer-to-on-top-of-the-cookie-at-the-ri,episode_1,210,wrist,black_stove,is_in_front_of,red_drawer
move-the-black-bowl-from-the-top-of-the-drawer-to-on-top-of-the-cookie-at-the-ri,episode_1,210,wrist,red_drawer,is_behind,cookie
move-the-black-bowl-from-the-top-of-the-drawer-to-on-top-of-the-cookie-at-the-ri,episode_1,210,wrist,cookie,is_in_front_of,red_drawer
move-the-black-bowl-from-the-top-of-the-drawer-to-on-top-of-the-cookie-at-the-ri,episode_1,210,wrist,black_stove,is_left_of,cookie
move-the-black-bowl-from-the-top-of-the-drawer-to-on-top-of-the-cookie-at-the-ri,episode_1,210,wrist,cookie,is_right_of,black_stove
move-the-black-bowl-from-the-top-of-the-drawer-to-on-top-of-the-cookie-at-the-ri,episode_1,240,wrist,black_bowl,is_on_top_of,red_drawer
move-the-black-bowl-from-the-top-of-the-drawer-to-on-top-of-the-cookie-at-the-ri,episode_1,240,wrist,red_drawer,is_below_of,black_bowl
move-the-black-bowl-from-the-top-of-the-drawer-to-on-top-of-the-cookie-at-the-ri,episode_1,240,wrist,black_bowl,is_behind,black_stove
move-the-black-bowl-from-the-top-of-the-drawer-to-on-top-of-the-cookie-at-the-ri,episode_1,240,wrist,black_stove,is_in_front_of,black_bowl
move-the-black-bowl-from-the-top-of-the-drawer-to-on-top-of-the-cookie-at-the-ri,episode_1,240,wrist,black_bowl,is_behind,cookie
move-the-black-bowl-from-the-top-of-the-drawer-to-on-top-of-the-cookie-at-the-ri,episode_1,240,wrist,cookie,is_in_front_of,black_bowl
move-the-black-bowl-from-the-top-of-the-drawer-to-on-top-of-the-cookie-at-the-ri,episode_1,240,wrist,red_drawer,is_behind,black_stove
move-the-black-bowl-from-the-top-of-the-drawer-to-on-top-of-the-cookie-at-the-ri,episode_1,240,wrist,black_stove,is_in_front_of,red_drawer
move-the-black-bowl-from-the-top-of-the-drawer-to-on-top-of-the-cookie-at-the-ri,episode_1,240,wrist,red_drawer,is_behind,cookie
move-the-black-bowl-from-the-top-of-the-drawer-to-on-top-of-the-cookie-at-the-ri,episode_1,240,wrist,cookie,is_in_front_of,red_drawer
move-the-black-bowl-from-the-top-of-the-drawer-to-on-top-of-the-cookie-at-the-ri,episode_1,240,wrist,black_stove,is_left_of,cookie
move-the-black-bowl-from-the-top-of-the-drawer-to-on-top-of-the-cookie-at-the-ri,episode_1,240,wrist,cookie,is_right_of,black_stove
move-the-black-bowl-from-the-top-of-the-drawer-to-on-top-of-the-cookie-at-the-ri,episode_1,270,wrist,black_bowl,is_on_top_of,red_drawer
move-the-black-bowl-from-the-top-of-the-drawer-to-on-top-of-the-cookie-at-the-ri,episode_1,270,wrist,red_drawer,is_below_of,black_bowl
move-the-black-bowl-from-the-top-of-the-drawer-to-on-top-of-the-cookie-at-the-ri,episode_1,270,wrist,black_bowl,is_behind,black_stove
move-the-black-bowl-from-the-top-of-the-drawer-to-on-top-of-the-cookie-at-the-ri,episode_1,270,wrist,black_stove,is_in_front_of,black_bowl
move-the-black-bowl-from-the-top-of-the-drawer-to-on-top-of-the-cookie-at-the-ri,episode_1,270,wrist,black_bowl,is_behind,cookie
move-the-black-bowl-from-the-top-of-the-drawer-to-on-top-of-the-cookie-at-the-ri,episode_1,270,wrist,cookie,is_in_front_of,black_bowl
move-the-black-bowl-from-the-top-of-the-drawer-to-on-top-of-the-cookie-at-the-ri,episode_1,270,wrist,red_drawer,is_behind,black_stove
move-the-black-bowl-from-the-top-of-the-drawer-to-on-top-of-the-cookie-at-the-ri,episode_1,270,wrist,black_stove,is_in_front_of,red_drawer
move-the-black-bowl-from-the-top-of-the-drawer-to-on-top-of-the-cookie-at-the-ri,episode_1,270,wrist,red_drawer,is_behind,cookie
move-the-black-bowl-from-the-top-of-the-drawer-to-on-top-of-the-cookie-at-the-ri,episode_1,270,wrist,cookie,is_in_front_of,red_drawer
move-the-black-bowl-from-the-top-of-the-drawer-to-on-top-of-the-cookie-at-the-ri,episode_1,270,wrist,black_stove,is_left_of,cookie
move-the-black-bowl-from-the-top-of-the-drawer-to-on-top-of-the-cookie-at-the-ri,episode_1,270,wrist,cookie,is_right_of,black_stove
move-the-black-bowl-from-the-top-of-the-drawer-to-on-top-of-the-cookie-at-the-ri,episode_1,300,wrist,black_bowl,is_on_top_of,red_drawer
move-the-black-bowl-from-the-top-of-the-drawer-to-on-top-of-the-cookie-at-the-ri,episode_1,300,wrist,red_drawer,is_below_of,black_bowl
move-the-black-bowl-from-the-top-of-the-drawer-to-on-top-of-the-cookie-at-the-ri,episode_1,300,wrist,black_bowl,is_right_of,black_stove
move-the-black-bowl-from-the-top-of-the-drawer-to-on-top-of-the-cookie-at-the-ri,episode_1,300,wrist,black_stove,is_left_of,black_bowl
move-the-black-bowl-from-the-top-of-the-drawer-to-on-top-of-the-cookie-at-the-ri,episode_1,300,wrist,red_drawer,is_right_of,black_stove
move-the-black-bowl-from-the-top-of-the-drawer-to-on-top-of-the-cookie-at-the-ri,episode_1,300,wrist,black_stove,is_left_of,red_drawer
move-the-black-bowl-from-the-top-of-the-drawer-to-on-top-of-the-cookie-at-the-ri,episode_1,330,wrist,black_bowl,is_in_front_of,red_drawer
move-the-black-bowl-from-the-top-of-the-drawer-to-on-top-of-the-cookie-at-the-ri,episode_1,330,wrist,red_drawer,is_behind,black_bowl
move-the-black-bowl-from-the-top-of-the-drawer-to-on-top-of-the-cookie-at-the-ri,episode_1,330,wrist,black_bowl,is_right_of,black_stove
move-the-black-bowl-from-the-top-of-the-drawer-to-on-top-of-the-cookie-at-the-ri,episode_1,330,wrist,black_stove,is_left_of,black_bowl
move-the-black-bowl-from-the-top-of-the-drawer-to-on-top-of-the-cookie-at-the-ri,episode_1,330,wrist,black_bowl,is_right_of,cookie
move-the-black-bowl-from-the-top-of-the-drawer-to-on-top-of-the-cookie-at-the-ri,episode_1,330,wrist,cookie,is_left_of,black_bowl
move-the-black-bowl-from-the-top-of-the-drawer-to-on-top-of-the-cookie-at-the-ri,episode_1,330,wrist,red_drawer,is_right_of,black_stove
move-the-black-bowl-from-the-top-of-the-drawer-to-on-top-of-the-cookie-at-the-ri,episode_1,330,wrist,black_stove,is_left_of,red_drawer
move-the-black-bowl-from-the-top-of-the-drawer-to-on-top-of-the-cookie-at-the-ri,episode_1,330,wrist,red_drawer,is_right_of,cookie
move-the-black-bowl-from-the-top-of-the-drawer-to-on-top-of-the-cookie-at-the-ri,episode_1,330,wrist,cookie,is_left_of,red_drawer
move-the-black-bowl-from-the-top-of-the-drawer-to-on-top-of-the-cookie-at-the-ri,episode_1,330,wrist,cookie,is_on_top_of,black_stove
move-the-black-bowl-from-the-top-of-the-drawer-to-on-top-of-the-cookie-at-the-ri,episode_1,330,wrist,black_stove,is_below_of,cookie
move-the-black-bowl-from-the-top-of-the-drawer-to-on-top-of-the-cookie-at-the-ri,episode_1,360,wrist,black_bowl,is_on_top_of,red_drawer
move-the-black-bowl-from-the-top-of-the-drawer-to-on-top-of-the-cookie-at-the-ri,episode_1,360,wrist,red_drawer,is_below_of,black_bowl
move-the-black-bowl-from-the-top-of-the-drawer-to-on-top-of-the-cookie-at-the-ri,episode_1,360,wrist,black_bowl,is_behind,black_stove
move-the-black-bowl-from-the-top-of-the-drawer-to-on-top-of-the-cookie-at-the-ri,episode_1,360,wrist,black_stove,is_in_front_of,black_bowl
move-the-black-bowl-from-the-top-of-the-drawer-to-on-top-of-the-cookie-at-the-ri,episode_1,360,wrist,red_drawer,is_behind,black_stove
move-the-black-bowl-from-the-top-of-the-drawer-to-on-top-of-the-cookie-at-the-ri,episode_1,360,wrist,black_stove,is_in_front_of,red_drawer
move-the-black-bowl-from-the-top-of-the-drawer-to-on-top-of-the-cookie-at-the-ri,episode_1,390,wrist,black_bowl,is_on_top_of,red_drawer
move-the-black-bowl-from-the-top-of-the-drawer-to-on-top-of-the-cookie-at-the-ri,episode_1,390,wrist,red_drawer,is_below_of,black_bowl
move-the-black-bowl-from-the-top-of-the-drawer-to-on-top-of-the-cookie-at-the-ri,episode_1,390,wrist,black_bowl,is_behind,black_stove
move-the-black-bowl-from-the-top-of-the-drawer-to-on-top-of-the-cookie-at-the-ri,episode_1,390,wrist,black_stove,is_in_front_of,black_bowl
move-the-black-bowl-from-the-top-of-the-drawer-to-on-top-of-the-cookie-at-the-ri,episode_1,390,wrist,red_drawer,is_behind,black_stove
move-the-black-bowl-from-the-top-of-the-drawer-to-on-top-of-the-cookie-at-the-ri,episode_1,390,wrist,black_stove,is_in_front_of,red_drawer
move-the-black-bowl-from-the-top-of-the-drawer-to-on-top-of-the-cookie-at-the-ri,episode_1,420,wrist,black_bowl,is_on_top_of,red_drawer
move-the-black-bowl-from-the-top-of-the-drawer-to-on-top-of-the-cookie-at-the-ri,episode_1,420,wrist,red_drawer,is_below_of,black_bowl
move-the-black-bowl-from-the-top-of-the-drawer-to-on-top-of-the-cookie-at-the-ri,episode_1,450,wrist,black_bowl,is_in_front_of,red_drawer
move-the-black-bowl-from-the-top-of-the-drawer-to-on-top-of-the-cookie-at-the-ri,episode_1,450,wrist,red_drawer,is_behind,black_bowl
move-the-black-bowl-from-the-top-of-the-drawer-to-on-top-of-the-cookie-at-the-ri,episode_1,450,wrist,black_bowl,is_right_of,black_stove
move-the-black-bowl-from-the-top-of-the-drawer-to-on-top-of-the-cookie-at-the-ri,episode_1,450,wrist,black_stove,is_left_of,black_bowl
move-the-black-bowl-from-the-top-of-the-drawer-to-on-top-of-the-cookie-at-the-ri,episode_1,450,wrist,black_bowl,is_right_of,cookie
move-the-black-bowl-from-the-top-of-the-drawer-to-on-top-of-the-cookie-at-the-ri,episode_1,450,wrist,cookie,is_left_of,black_bowl
move-the-black-bowl-from-the-top-of-the-drawer-to-on-top-of-the-cookie-at-the-ri,episode_1,450,wrist,red_drawer,is_behind,black_stove
move-the-black-bowl-from-the-top-of-the-drawer-to-on-top-of-the-cookie-at-the-ri,episode_1,450,wrist,black_stove,is_in_front_of,red_drawer
move-the-black-bowl-from-the-top-of-the-drawer-to-on-top-of-the-cookie-at-the-ri,episode_1,450,wrist,red_drawer,is_behind,cookie
move-the-black-bowl-from-the-top-of-the-drawer-to-on-top-of-the-cookie-at-the-ri,episode_1,450,wrist,cookie,is_in_front_of,red_drawer
move-the-black-bowl-from-the-top-of-the-drawer-to-on-top-of-the-cookie-at-the-ri,episode_1,450,wrist,black_stove,contains,cookie
move-the-black-bowl-from-the-top-of-the-drawer-to-on-top-of-the-cookie-at-the-ri,episode_1,450,wrist,cookie,is_inside,black_stove
move-the-black-bowl-from-the-top-of-the-drawer-to-on-top-of-the-cookie-at-the-ri,episode_1,480,wrist,black_bowl,is_on_top_of,red_drawer
move-the-black-bowl-from-the-top-of-the-drawer-to-on-top-of-the-cookie-at-the-ri,episode_1,480,wrist,red_drawer,is_below_of,black_bowl
move-the-black-bowl-from-the-top-of-the-drawer-to-on-top-of-the-cookie-at-the-ri,episode_1,510,wrist,black_bowl,is_behind,red_drawer
move-the-black-bowl-from-the-top-of-the-drawer-to-on-top-of-the-cookie-at-the-ri,episode_1,510,wrist,red_drawer,is_in_front_of,black_bowl
move-the-black-bowl-from-the-top-of-the-drawer-to-on-top-of-the-cookie-at-the-ri,episode_1,540,wrist,black_bowl,is_on_top_of,red_drawer
move-the-black-bowl-from-the-top-of-the-drawer-to-on-top-of-the-cookie-at-the-ri,episode_1,540,wrist,red_drawer,is_below_of,black_bowl
move-the-black-bowl-from-the-top-of-the-drawer-to-on-top-of-the-cookie-at-the-ri,episode_1,570,wrist,black_bowl,is_on_top_of,red_drawer
move-the-black-bowl-from-the-top-of-the-drawer-to-on-top-of-the-cookie-at-the-ri,episode_1,570,wrist,red_drawer,is_below_of,black_bowl
move-the-black-bowl-from-the-top-of-the-drawer-to-on-top-of-the-cookie-at-the-ri,episode_1,570,wrist,black_bowl,is_behind,cookie
move-the-black-bowl-from-the-top-of-the-drawer-to-on-top-of-the-cookie-at-the-ri,episode_1,570,wrist,cookie,is_in_front_of,black_bowl
move-the-black-bowl-from-the-top-of-the-drawer-to-on-top-of-the-cookie-at-the-ri,episode_1,570,wrist,red_drawer,is_behind,cookie
move-the-black-bowl-from-the-top-of-the-drawer-to-on-top-of-the-cookie-at-the-ri,episode_1,570,wrist,cookie,is_in_front_of,red_drawer
move-the-black-bowl-from-the-top-of-the-drawer-to-on-top-of-the-cookie-at-the-ri,episode_1,600,wrist,black_bowl,is_on_top_of,cookie
move-the-black-bowl-from-the-top-of-the-drawer-to-on-top-of-the-cookie-at-the-ri,episode_1,600,wrist,cookie,is_below_of,black_bowl
move-the-black-bowl-from-the-top-of-the-drawer-to-on-top-of-the-cookie-at-the-ri,episode_1,630,wrist,black_bowl,is_behind,red_drawer
move-the-black-bowl-from-the-top-of-the-drawer-to-on-top-of-the-cookie-at-the-ri,episode_1,630,wrist,black_bowl,is_behind,cookie
move-the-black-bowl-from-the-top-of-the-drawer-to-on-top-of-the-cookie-at-the-ri,episode_1,630,wrist,red_drawer,is_in_front_of,black_bowl
move-the-black-bowl-from-the-top-of-the-drawer-to-on-top-of-the-cookie-at-the-ri,episode_1,630,wrist,red_drawer,contains,cookie
move-the-black-bowl-from-the-top-of-the-drawer-to-on-top-of-the-cookie-at-the-ri,episode_1,630,wrist,cookie,is_in_front_of,black_bowl
move-the-black-bowl-from-the-top-of-the-drawer-to-on-top-of-the-cookie-at-the-ri,episode_1,630,wrist,cookie,is_inside,red_drawer
move-the-black-bowl-from-the-top-of-the-drawer-to-on-top-of-the-cookie-at-the-ri,episode_1,660,wrist,black_bowl,is_left_of,red_drawer
move-the-black-bowl-from-the-top-of-the-drawer-to-on-top-of-the-cookie-at-the-ri,episode_1,660,wrist,red_drawer,is_right_of,black_bowl
move-the-black-bowl-from-the-top-of-the-drawer-to-on-top-of-the-cookie-at-the-ri,episode_1,660,wrist,black_bowl,is_on_top_of,black_stove
move-the-black-bowl-from-the-top-of-the-drawer-to-on-top-of-the-cookie-at-the-ri,episode_1,660,wrist,black_stove,is_below_of,black_bowl
move-the-black-bowl-from-the-top-of-the-drawer-to-on-top-of-the-cookie-at-the-ri,episode_1,660,wrist,black_bowl,is_left_of,cookie
move-the-black-bowl-from-the-top-of-the-drawer-to-on-top-of-the-cookie-at-the-ri,episode_1,660,wrist,cookie,is_right_of,black_bowl
move-the-black-bowl-from-the-top-of-the-drawer-to-on-top-of-the-cookie-at-the-ri,episode_1,660,wrist,black_bowl,is_left_of,white_plate
move-the-black-bowl-from-the-top-of-the-drawer-to-on-top-of-the-cookie-at-the-ri,episode_1,660,wrist,white_plate,is_right_of,black_bowl
move-the-black-bowl-from-the-top-of-the-drawer-to-on-top-of-the-cookie-at-the-ri,episode_1,660,wrist,red_drawer,is_behind,black_stove
move-the-black-bowl-from-the-top-of-the-drawer-to-on-top-of-the-cookie-at-the-ri,episode_1,660,wrist,black_stove,is_in_front_of,red_drawer
move-the-black-bowl-from-the-top-of-the-drawer-to-on-top-of-the-cookie-at-the-ri,episode_1,660,wrist,red_drawer,is_behind,cookie
move-the-black-bowl-from-the-top-of-the-drawer-to-on-top-of-the-cookie-at-the-ri,episode_1,660,wrist,cookie,is_in_front_of,red_drawer
move-the-black-bowl-from-the-top-of-the-drawer-to-on-top-of-the-cookie-at-the-ri,episode_1,660,wrist,red_drawer,is_behind,white_plate
move-the-black-bowl-from-the-top-of-the-drawer-to-on-top-of-the-cookie-at-the-ri,episode_1,660,wrist,white_plate,is_in_front_of,red_drawer
move-the-black-bowl-from-the-top-of-the-drawer-to-on-top-of-the-cookie-at-the-ri,episode_1,660,wrist,black_stove,is_left_of,cookie
move-the-black-bowl-from-the-top-of-the-drawer-to-on-top-of-the-cookie-at-the-ri,episode_1,660,wrist,cookie,is_right_of,black_stove
move-the-black-bowl-from-the-top-of-the-drawer-to-on-top-of-the-cookie-at-the-ri,episode_1,660,wrist,black_stove,is_left_of,white_plate
move-the-black-bowl-from-the-top-of-the-drawer-to-on-top-of-the-cookie-at-the-ri,episode_1,660,wrist,white_plate,is_right_of,black_stove
move-the-black-bowl-from-the-top-of-the-drawer-to-on-top-of-the-cookie-at-the-ri,episode_1,660,wrist,cookie,is_on_top_of,white_plate
move-the-black-bowl-from-the-top-of-the-drawer-to-on-top-of-the-cookie-at-the-ri,episode_1,660,wrist,white_plate,is_below_of,cookie
move-the-black-bowl-from-the-top-of-the-drawer-to-on-top-of-the-cookie-at-the-ri,episode_2,0,wrist,black_bowl,is_left_of,red_drawer
move-the-black-bowl-from-the-top-of-the-drawer-to-on-top-of-the-cookie-at-the-ri,episode_2,0,wrist,red_drawer,is_right_of,black_bowl
move-the-black-bowl-from-the-top-of-the-drawer-to-on-top-of-the-cookie-at-the-ri,episode_2,0,wrist,black_bowl,is_on_top_of,black_stove
move-the-black-bowl-from-the-top-of-the-drawer-to-on-top-of-the-cookie-at-the-ri,episode_2,0,wrist,black_stove,is_below_of,black_bowl
move-the-black-bowl-from-the-top-of-the-drawer-to-on-top-of-the-cookie-at-the-ri,episode_2,0,wrist,red_drawer,is_behind,black_stove
move-the-black-bowl-from-the-top-of-the-drawer-to-on-top-of-the-cookie-at-the-ri,episode_2,0,wrist,black_stove,is_in_front_of,red_drawer
move-the-black-bowl-from-the-top-of-the-drawer-to-on-top-of-the-cookie-at-the-ri,episode_2,30,wrist,black_bowl,is_left_of,red_drawer
move-the-black-bowl-from-the-top-of-the-drawer-to-on-top-of-the-cookie-at-the-ri,episode_2,30,wrist,red_drawer,is_right_of,black_bowl
move-the-black-bowl-from-the-top-of-the-drawer-to-on-top-of-the-cookie-at-the-ri,episode_2,30,wrist,black_bowl,is_behind,black_stove
move-the-black-bowl-from-the-top-of-the-drawer-to-on-top-of-the-cookie-at-the-ri,episode_2,30,wrist,black_stove,is_in_front_of,black_bowl
move-the-black-bowl-from-the-top-of-the-drawer-to-on-top-of-the-cookie-at-the-ri,episode_2,30,wrist,red_drawer,is_behind,black_stove
move-the-black-bowl-from-the-top-of-the-drawer-to-on-top-of-the-cookie-at-the-ri,episode_2,30,wrist,black_stove,is_in_front_of,red_drawer
move-the-black-bowl-from-the-top-of-the-drawer-to-on-top-of-the-cookie-at-the-ri,episode_2,60,wrist,black_bowl,is_left_of,red_drawer
move-the-black-bowl-from-the-top-of-the-drawer-to-on-top-of-the-cookie-at-the-ri,episode_2,60,wrist,red_drawer,is_right_of,black_bowl
move-the-black-bowl-from-the-top-of-the-drawer-to-on-top-of-the-cookie-at-the-ri,episode_2,60,wrist,black_bowl,is_on_top_of,black_stove
move-the-black-bowl-from-the-top-of-the-drawer-to-on-top-of-the-cookie-at-the-ri,episode_2,60,wrist,black_stove,is_below_of,black_bowl
move-the-black-bowl-from-the-top-of-the-drawer-to-on-top-of-the-cookie-at-the-ri,episode_2,60,wrist,red_drawer,is_behind,black_stove
move-the-black-bowl-from-the-top-of-the-drawer-to-on-top-of-the-cookie-at-the-ri,episode_2,60,wrist,black_stove,is_in_front_of,red_drawer
move-the-black-bowl-from-the-top-of-the-drawer-to-on-top-of-the-cookie-at-the-ri,episode_2,90,wrist,black_bowl,is_right_of,red_drawer
move-the-black-bowl-from-the-top-of-the-drawer-to-on-top-of-the-cookie-at-the-ri,episode_2,90,wrist,red_drawer,is_left_of,black_bowl
move-the-black-bowl-from-the-top-of-the-drawer-to-on-top-of-the-cookie-at-the-ri,episode_2,90,wrist,black_bowl,is_behind,black_stove
move-the-black-bowl-from-the-top-of-the-drawer-to-on-top-of-the-cookie-at-the-ri,episode_2,90,wrist,black_stove,is_in_front_of,black_bowl
move-the-black-bowl-from-the-top-of-the-drawer-to-on-top-of-the-cookie-at-the-ri,episode_2,90,wrist,red_drawer,is_behind,black_stove
move-the-black-bowl-from-the-top-of-the-drawer-to-on-top-of-the-cookie-at-the-ri,episode_2,90,wrist,black_stove,is_in_front_of,red_drawer
move-the-black-bowl-from-the-top-of-the-drawer-to-on-top-of-the-cookie-at-the-ri,episode_2,120,wrist,black_bowl,is_left_of,red_drawer
move-the-black-bowl-from-the-top-of-the-drawer-to-on-top-of-the-cookie-at-the-ri,episode_2,120,wrist,red_drawer,is_right_of,black_bowl
move-the-black-bowl-from-the-top-of-the-drawer-to-on-top-of-the-cookie-at-the-ri,episode_2,120,wrist,black_bowl,is_behind,black_stove
move-the-black-bowl-from-the-top-of-the-drawer-to-on-top-of-the-cookie-at-the-ri,episode_2,120,wrist,black_stove,is_in_front_of,black_bowl
move-the-black-bowl-from-the-top-of-the-drawer-to-on-top-of-the-cookie-at-the-ri,episode_2,120,wrist,red_drawer,is_behind,black_stove
move-the-black-bowl-from-the-top-of-the-drawer-to-on-top-of-the-cookie-at-the-ri,episode_2,120,wrist,black_stove,is_in_front_of,red_drawer
move-the-black-bowl-from-the-top-of-the-drawer-to-on-top-of-the-cookie-at-the-ri,episode_2,150,wrist,black_bowl,is_behind,cookie
move-the-black-bowl-from-the-top-of-the-drawer-to-on-top-of-the-cookie-at-the-ri,episode_2,150,wrist,black_bowl,is_left_of,red_drawer
move-the-black-bowl-from-the-top-of-the-drawer-to-on-top-of-the-cookie-at-the-ri,episode_2,150,wrist,black_bowl,is_right_of,black_stove
move-the-black-bowl-from-the-top-of-the-drawer-to-on-top-of-the-cookie-at-the-ri,episode_2,150,wrist,red_drawer,is_behind,cookie
move-the-black-bowl-from-the-top-of-the-drawer-to-on-top-of-the-cookie-at-the-ri,episode_2,150,wrist,red_drawer,is_right_of,black_bowl
move-the-black-bowl-from-the-top-of-the-drawer-to-on-top-of-the-cookie-at-the-ri,episode_2,150,wrist,red_drawer,is_right_of,black_stove
move-the-black-bowl-from-the-top-of-the-drawer-to-on-top-of-the-cookie-at-the-ri,episode_2,150,wrist,black_stove,is_behind,cookie
move-the-black-bowl-from-the-top-of-the-drawer-to-on-top-of-the-cookie-at-the-ri,episode_2,150,wrist,black_stove,is_left_of,black_bowl
move-the-black-bowl-from-the-top-of-the-drawer-to-on-top-of-the-cookie-at-the-ri,episode_2,150,wrist,black_stove,is_left_of,red_drawer
move-the-black-bowl-from-the-top-of-the-drawer-to-on-top-of-the-cookie-at-the-ri,episode_2,150,wrist,cookie,is_in_front_of,black_bowl
move-the-black-bowl-from-the-top-of-the-drawer-to-on-top-of-the-cookie-at-the-ri,episode_2,150,wrist,cookie,is_in_front_of,red_drawer
move-the-black-bowl-from-the-top-of-the-drawer-to-on-top-of-the-cookie-at-the-ri,episode_2,150,wrist,cookie,is_in_front_of,black_stove
move-the-black-bowl-from-the-top-of-the-drawer-to-on-top-of-the-cookie-at-the-ri,episode_2,180,wrist,black_bowl,is_on_top_of,red_drawer
move-the-black-bowl-from-the-top-of-the-drawer-to-on-top-of-the-cookie-at-the-ri,episode_2,180,wrist,red_drawer,is_below_of,black_bowl
move-the-black-bowl-from-the-top-of-the-drawer-to-on-top-of-the-cookie-at-the-ri,episode_2,180,wrist,black_bowl,is_right_of,black_stove
move-the-black-bowl-from-the-top-of-the-drawer-to-on-top-of-the-cookie-at-the-ri,episode_2,180,wrist,black_stove,is_left_of,black_bowl
move-the-black-bowl-from-the-top-of-the-drawer-to-on-top-of-the-cookie-at-the-ri,episode_2,180,wrist,red_drawer,is_right_of,black_stove
move-the-black-bowl-from-the-top-of-the-drawer-to-on-top-of-the-cookie-at-the-ri,episode_2,180,wrist,black_stove,is_left_of,red_drawer
move-the-black-bowl-from-the-top-of-the-drawer-to-on-top-of-the-cookie-at-the-ri,episode_2,210,wrist,black_bowl,is_on_top_of,red_drawer
move-the-black-bowl-from-the-top-of-the-drawer-to-on-top-of-the-cookie-at-the-ri,episode_2,210,wrist,red_drawer,is_below_of,black_bowl
move-the-black-bowl-from-the-top-of-the-drawer-to-on-top-of-the-cookie-at-the-ri,episode_2,210,wrist,black_bowl,is_right_of,black_stove
move-the-black-bowl-from-the-top-of-the-drawer-to-on-top-of-the-cookie-at-the-ri,episode_2,210,wrist,black_stove,is_left_of,black_bowl
move-the-black-bowl-from-the-top-of-the-drawer-to-on-top-of-the-cookie-at-the-ri,episode_2,210,wrist,red_drawer,is_right_of,black_stove
move-the-black-bowl-from-the-top-of-the-drawer-to-on-top-of-the-cookie-at-the-ri,episode_2,210,wrist,black_stove,is_left_of,red_drawer
move-the-black-bowl-from-the-top-of-the-drawer-to-on-top-of-the-cookie-at-the-ri,episode_2,240,wrist,black_bowl,is_on_top_of,red_drawer
move-the-black-bowl-from-the-top-of-the-drawer-to-on-top-of-the-cookie-at-the-ri,episode_2,240,wrist,red_drawer,is_below_of,black_bowl
move-the-black-bowl-from-the-top-of-the-drawer-to-on-top-of-the-cookie-at-the-ri,episode_2,240,wrist,black_bowl,is_right_of,black_stove
move-the-black-bowl-from-the-top-of-the-drawer-to-on-top-of-the-cookie-at-the-ri,episode_2,240,wrist,black_stove,is_left_of,black_bowl
move-the-black-bowl-from-the-top-of-the-drawer-to-on-top-of-the-cookie-at-the-ri,episode_2,240,wrist,red_drawer,is_right_of,black_stove
move-the-black-bowl-from-the-top-of-the-drawer-to-on-top-of-the-cookie-at-the-ri,episode_2,240,wrist,black_stove,is_left_of,red_drawer
move-the-black-bowl-from-the-top-of-the-drawer-to-on-top-of-the-cookie-at-the-ri,episode_2,270,wrist,black_bowl,is_on_top_of,red_drawer
move-the-black-bowl-from-the-top-of-the-drawer-to-on-top-of-the-cookie-at-the-ri,episode_2,270,wrist,red_drawer,is_below_of,black_bowl
move-the-black-bowl-from-the-top-of-the-drawer-to-on-top-of-the-cookie-at-the-ri,episode_2,270,wrist,black_bowl,is_behind,black_stove
move-the-black-bowl-from-the-top-of-the-drawer-to-on-top-of-the-cookie-at-the-ri,episode_2,270,wrist,black_stove,is_in_front_of,black_bowl
move-the-black-bowl-from-the-top-of-the-drawer-to-on-top-of-the-cookie-at-the-ri,episode_2,270,wrist,red_drawer,is_behind,black_stove
move-the-black-bowl-from-the-top-of-the-drawer-to-on-top-of-the-cookie-at-the-ri,episode_2,270,wrist,black_stove,is_in_front_of,red_drawer
move-the-black-bowl-from-the-top-of-the-drawer-to-on-top-of-the-cookie-at-the-ri,episode_2,300,wrist,black_bowl,is_on_top_of,red_drawer
move-the-black-bowl-from-the-top-of-the-drawer-to-on-top-of-the-cookie-at-the-ri,episode_2,300,wrist,red_drawer,is_below_of,black_bowl
move-the-black-bowl-from-the-top-of-the-drawer-to-on-top-of-the-cookie-at-the-ri,episode_2,300,wrist,black_bowl,is_in_front_of,black_stove
move-the-black-bowl-from-the-top-of-the-drawer-to-on-top-of-the-cookie-at-the-ri,episode_2,300,wrist,black_stove,is_behind,black_bowl
move-the-black-bowl-from-the-top-of-the-drawer-to-on-top-of-the-cookie-at-the-ri,episode_2,300,wrist,red_drawer,is_in_front_of,black_stove
move-the-black-bowl-from-the-top-of-the-drawer-to-on-top-of-the-cookie-at-the-ri,episode_2,300,wrist,black_stove,is_behind,red_drawer
move-the-black-bowl-from-the-top-of-the-drawer-to-on-top-of-the-cookie-at-the-ri,episode_2,330,wrist,black_bowl,is_on_top_of,red_drawer
move-the-black-bowl-from-the-top-of-the-drawer-to-on-top-of-the-cookie-at-the-ri,episode_2,330,wrist,red_drawer,is_below_of,black_bowl
move-the-black-bowl-from-the-top-of-the-drawer-to-on-top-of-the-cookie-at-the-ri,episode_2,330,wrist,black_bowl,is_in_front_of,black_stove
move-the-black-bowl-from-the-top-of-the-drawer-to-on-top-of-the-cookie-at-the-ri,episode_2,330,wrist,black_stove,is_behind,black_bowl
move-the-black-bowl-from-the-top-of-the-drawer-to-on-top-of-the-cookie-at-the-ri,episode_2,330,wrist,red_drawer,is_in_front_of,black_stove
move-the-black-bowl-from-the-top-of-the-drawer-to-on-top-of-the-cookie-at-the-ri,episode_2,330,wrist,black_stove,is_behind,red_drawer
move-the-black-bowl-from-the-top-of-the-drawer-to-on-top-of-the-cookie-at-the-ri,episode_2,360,wrist,black_bowl,is_behind,black_stove
move-the-black-bowl-from-the-top-of-the-drawer-to-on-top-of-the-cookie-at-the-ri,episode_2,360,wrist,black_bowl,is_in_front_of,red_drawer
move-the-black-bowl-from-the-top-of-the-drawer-to-on-top-of-the-cookie-at-the-ri,episode_2,360,wrist,black_bowl,is_left_of,cookie
move-the-black-bowl-from-the-top-of-the-drawer-to-on-top-of-the-cookie-at-the-ri,episode_2,360,wrist,red_drawer,is_behind,black_bowl
move-the-black-bowl-from-the-top-of-the-drawer-to-on-top-of-the-cookie-at-the-ri,episode_2,360,wrist,red_drawer,is_behind,black_stove
move-the-black-bowl-from-the-top-of-the-drawer-to-on-top-of-the-cookie-at-the-ri,episode_2,360,wrist,red_drawer,is_behind,cookie
move-the-black-bowl-from-the-top-of-the-drawer-to-on-top-of-the-cookie-at-the-ri,episode_2,360,wrist,black_stove,is_in_front_of,black_bowl
move-the-black-bowl-from-the-top-of-the-drawer-to-on-top-of-the-cookie-at-the-ri,episode_2,360,wrist,black_stove,is_in_front_of,red_drawer
move-the-black-bowl-from-the-top-of-the-drawer-to-on-top-of-the-cookie-at-the-ri,episode_2,360,wrist,black_stove,is_left_of,cookie
move-the-black-bowl-from-the-top-of-the-drawer-to-on-top-of-the-cookie-at-the-ri,episode_2,360,wrist,cookie,is_right_of,black_bowl
move-the-black-bowl-from-the-top-of-the-drawer-to-on-top-of-the-cookie-at-the-ri,episode_2,360,wrist,cookie,is_in_front_of,red_drawer
move-the-black-bowl-from-the-top-of-the-drawer-to-on-top-of-the-cookie-at-the-ri,episode_2,360,wrist,cookie,is_right_of,black_stove
move-the-black-bowl-from-the-top-of-the-drawer-to-on-top-of-the-cookie-at-the-ri,episode_2,390,wrist,black_bowl,is_in_front_of,cookie
move-the-black-bowl-from-the-top-of-the-drawer-to-on-top-of-the-cookie-at-the-ri,episode_2,390,wrist,cookie,is_behind,black_bowl
move-the-black-bowl-from-the-top-of-the-drawer-to-on-top-of-the-cookie-at-the-ri,episode_2,420,wrist,black_bowl,is_in_front_of,cookie
move-the-black-bowl-from-the-top-of-the-drawer-to-on-top-of-the-cookie-at-the-ri,episode_2,420,wrist,cookie,is_behind,black_bowl
move-the-black-bowl-from-the-top-of-the-drawer-to-on-top-of-the-cookie-at-the-ri,episode_2,450,wrist,black_bowl,is_on_top_of,cookie
move-the-black-bowl-from-the-top-of-the-drawer-to-on-top-of-the-cookie-at-the-ri,episode_2,450,wrist,cookie,is_below_of,black_bowl
move-the-black-bowl-from-the-top-of-the-drawer-to-on-top-of-the-cookie-at-the-ri,episode_2,450,wrist,black_bowl,is_right_of,red_drawer
move-the-black-bowl-from-the-top-of-the-drawer-to-on-top-of-the-cookie-at-the-ri,episode_2,450,wrist,red_drawer,is_left_of,black_bowl
move-the-black-bowl-from-the-top-of-the-drawer-to-on-top-of-the-cookie-at-the-ri,episode_2,450,wrist,cookie,is_right_of,red_drawer
move-the-black-bowl-from-the-top-of-the-drawer-to-on-top-of-the-cookie-at-the-ri,episode_2,450,wrist,red_drawer,is_left_of,cookie
move-the-black-bowl-from-the-top-of-the-drawer-to-on-top-of-the-cookie-at-the-ri,episode_2,480,wrist,black_bowl,is_on_top_of,cookie
move-the-black-bowl-from-the-top-of-the-drawer-to-on-top-of-the-cookie-at-the-ri,episode_2,480,wrist,cookie,is_below_of,black_bowl
move-the-black-bowl-from-the-top-of-the-drawer-to-on-top-of-the-cookie-at-the-ri,episode_2,480,wrist,black_bowl,is_on_top_of,black_stove
move-the-black-bowl-from-the-top-of-the-drawer-to-on-top-of-the-cookie-at-the-ri,episode_2,480,wrist,black_stove,is_below_of,black_bowl
move-the-black-bowl-from-the-top-of-the-drawer-to-on-top-of-the-cookie-at-the-ri,episode_2,480,wrist,cookie,is_on_top_of,black_stove
move-the-black-bowl-from-the-top-of-the-drawer-to-on-top-of-the-cookie-at-the-ri,episode_2,480,wrist,black_stove,is_below_of,cookie
move-the-black-bowl-from-the-top-of-the-drawer-to-on-top-of-the-cookie-at-the-ri,episode_2,510,wrist,black_bowl,is_right_of,cookie
move-the-black-bowl-from-the-top-of-the-drawer-to-on-top-of-the-cookie-at-the-ri,episode_2,510,wrist,black_bowl,is_right_of,black_stove
move-the-black-bowl-from-the-top-of-the-drawer-to-on-top-of-the-cookie-at-the-ri,episode_2,510,wrist,cookie,is_left_of,black_bowl
move-the-black-bowl-from-the-top-of-the-drawer-to-on-top-of-the-cookie-at-the-ri,episode_2,510,wrist,cookie,is_on_top_of,black_stove
move-the-black-bowl-from-the-top-of-the-drawer-to-on-top-of-the-cookie-at-the-ri,episode_2,510,wrist,black_stove,is_left_of,black_bowl
move-the-black-bowl-from-the-top-of-the-drawer-to-on-top-of-the-cookie-at-the-ri,episode_2,510,wrist,black_stove,is_below_of,cookie
move-the-black-bowl-from-the-top-of-the-drawer-to-on-top-of-the-cookie-at-the-ri,episode_2,540,wrist,black_bowl,is_left_of,red_drawer
move-the-black-bowl-from-the-top-of-the-drawer-to-on-top-of-the-cookie-at-the-ri,episode_2,540,wrist,red_drawer,is_right_of,black_bowl
move-the-black-bowl-from-the-top-of-the-drawer-to-on-top-of-the-cookie-at-the-ri,episode_2,540,wrist,black_bowl,is_on_top_of,black_stove
move-the-black-bowl-from-the-top-of-the-drawer-to-on-top-of-the-cookie-at-the-ri,episode_2,540,wrist,black_stove,is_below_of,black_bowl
move-the-black-bowl-from-the-top-of-the-drawer-to-on-top-of-the-cookie-at-the-ri,episode_2,540,wrist,red_drawer,is_behind,black_stove
move-the-black-bowl-from-the-top-of-the-drawer-to-on-top-of-the-cookie-at-the-ri,episode_2,540,wrist,black_stove,is_in_front_of,red_drawer
move-the-black-bowl-from-the-top-of-the-drawer-to-on-top-of-the-cookie-at-the-ri,episode_2,570,wrist,black_bowl,is_left_of,red_drawer
move-the-black-bowl-from-the-top-of-the-drawer-to-on-top-of-the-cookie-at-the-ri,episode_2,570,wrist,red_drawer,is_right_of,black_bowl
move-the-black-bowl-from-the-top-of-the-drawer-to-on-top-of-the-cookie-at-the-ri,episode_2,570,wrist,black_bowl,is_on_top_of,black_stove
move-the-black-bowl-from-the-top-of-the-drawer-to-on-top-of-the-cookie-at-the-ri,episode_2,570,wrist,black_stove,is_below_of,black_bowl
move-the-black-bowl-from-the-top-of-the-drawer-to-on-top-of-the-cookie-at-the-ri,episode_2,570,wrist,black_bowl,is_left_of,cookie
move-the-black-bowl-from-the-top-of-the-drawer-to-on-top-of-the-cookie-at-the-ri,episode_2,570,wrist,cookie,is_right_of,black_bowl
move-the-black-bowl-from-the-top-of-the-drawer-to-on-top-of-the-cookie-at-the-ri,episode_2,570,wrist,black_bowl,is_left_of,white_plate
move-the-black-bowl-from-the-top-of-the-drawer-to-on-top-of-the-cookie-at-the-ri,episode_2,570,wrist,white_plate,is_right_of,black_bowl
move-the-black-bowl-from-the-top-of-the-drawer-to-on-top-of-the-cookie-at-the-ri,episode_2,570,wrist,red_drawer,is_behind,black_stove
move-the-black-bowl-from-the-top-of-the-drawer-to-on-top-of-the-cookie-at-the-ri,episode_2,570,wrist,black_stove,is_in_front_of,red_drawer
move-the-black-bowl-from-the-top-of-the-drawer-to-on-top-of-the-cookie-at-the-ri,episode_2,570,wrist,red_drawer,is_behind,cookie
move-the-black-bowl-from-the-top-of-the-drawer-to-on-top-of-the-cookie-at-the-ri,episode_2,570,wrist,cookie,is_in_front_of,red_drawer
move-the-black-bowl-from-the-top-of-the-drawer-to-on-top-of-the-cookie-at-the-ri,episode_2,570,wrist,red_drawer,is_behind,white_plate
move-the-black-bowl-from-the-top-of-the-drawer-to-on-top-of-the-cookie-at-the-ri,episode_2,570,wrist,white_plate,is_in_front_of,red_drawer
move-the-black-bowl-from-the-top-of-the-drawer-to-on-top-of-the-cookie-at-the-ri,episode_2,570,wrist,black_stove,is_left_of,cookie
move-the-black-bowl-from-the-top-of-the-drawer-to-on-top-of-the-cookie-at-the-ri,episode_2,570,wrist,cookie,is_right_of,black_stove
move-the-black-bowl-from-the-top-of-the-drawer-to-on-top-of-the-cookie-at-the-ri,episode_2,570,wrist,black_stove,is_left_of,white_plate
move-the-black-bowl-from-the-top-of-the-drawer-to-on-top-of-the-cookie-at-the-ri,episode_2,570,wrist,white_plate,is_right_of,black_stove
move-the-black-bowl-from-the-top-of-the-drawer-to-on-top-of-the-cookie-at-the-ri,episode_2,570,wrist,cookie,is_on_top_of,white_plate
move-the-black-bowl-from-the-top-of-the-drawer-to-on-top-of-the-cookie-at-the-ri,episode_2,570,wrist,white_plate,is_below_of,cookie
move-the-black-bowl-from-the-top-of-the-drawer-to-on-top-of-the-cookie-at-the-ri,episode_2,600,wrist,black_bowl,is_left_of,red_drawer
move-the-black-bowl-from-the-top-of-the-drawer-to-on-top-of-the-cookie-at-the-ri,episode_2,600,wrist,red_drawer,is_right_of,black_bowl
move-the-black-bowl-from-the-top-of-the-drawer-to-on-top-of-the-cookie-at-the-ri,episode_2,600,wrist,black_bowl,is_behind,black_stove
move-the-black-bowl-from-the-top-of-the-drawer-to-on-top-of-the-cookie-at-the-ri,episode_2,600,wrist,black_stove,is_in_front_of,black_bowl
move-the-black-bowl-from-the-top-of-the-drawer-to-on-top-of-the-cookie-at-the-ri,episode_2,600,wrist,red_drawer,is_behind,black_stove
move-the-black-bowl-from-the-top-of-the-drawer-to-on-top-of-the-cookie-at-the-ri,episode_2,600,wrist,black_stove,is_in_front_of,red_drawer
move-the-black-bowl-from-the-top-of-the-drawer-to-on-top-of-the-cookie-at-the-ri,episode_3,0,wrist,black_bowl,is_left_of,red_drawer
move-the-black-bowl-from-the-top-of-the-drawer-to-on-top-of-the-cookie-at-the-ri,episode_3,0,wrist,red_drawer,is_right_of,black_bowl
move-the-black-bowl-from-the-top-of-the-drawer-to-on-top-of-the-cookie-at-the-ri,episode_3,30,wrist,black_bowl,is_on_top_of,red_drawer
move-the-black-bowl-from-the-top-of-the-drawer-to-on-top-of-the-cookie-at-the-ri,episode_3,30,wrist,red_drawer,is_below_of,black_bowl
move-the-black-bowl-from-the-top-of-the-drawer-to-on-top-of-the-cookie-at-the-ri,episode_3,60,wrist,black_bowl,is_in_front_of,red_drawer
move-the-black-bowl-from-the-top-of-the-drawer-to-on-top-of-the-cookie-at-the-ri,episode_3,60,wrist,red_drawer,is_behind,black_bowl
move-the-black-bowl-from-the-top-of-the-drawer-to-on-top-of-the-cookie-at-the-ri,episode_3,90,wrist,black_bowl,is_left_of,red_drawer
move-the-black-bowl-from-the-top-of-the-drawer-to-on-top-of-the-cookie-at-the-ri,episode_3,90,wrist,red_drawer,is_right_of,black_bowl
move-the-black-bowl-from-the-top-of-the-drawer-to-on-top-of-the-cookie-at-the-ri,episode_3,120,wrist,black_bowl,is_on_top_of,red_drawer
move-the-black-bowl-from-the-top-of-the-drawer-to-on-top-of-the-cookie-at-the-ri,episode_3,120,wrist,red_drawer,is_below_of,black_bowl
move-the-black-bowl-from-the-top-of-the-drawer-to-on-top-of-the-cookie-at-the-ri,episode_3,120,wrist,black_bowl,is_behind,black_stove
move-the-black-bowl-from-the-top-of-the-drawer-to-on-top-of-the-cookie-at-the-ri,episode_3,120,wrist,black_stove,is_in_front_of,black_bowl
move-the-black-bowl-from-the-top-of-the-drawer-to-on-top-of-the-cookie-at-the-ri,episode_3,120,wrist,red_drawer,is_behind,black_stove
move-the-black-bowl-from-the-top-of-the-drawer-to-on-top-of-the-cookie-at-the-ri,episode_3,120,wrist,black_stove,is_in_front_of,red_drawer
move-the-black-bowl-from-the-top-of-the-drawer-to-on-top-of-the-cookie-at-the-ri,episode_3,150,wrist,black_bowl,is_on_top_of,red_drawer
move-the-black-bowl-from-the-top-of-the-drawer-to-on-top-of-the-cookie-at-the-ri,episode_3,150,wrist,red_drawer,is_below_of,black_bowl
move-the-black-bowl-from-the-top-of-the-drawer-to-on-top-of-the-cookie-at-the-ri,episode_3,150,wrist,black_bowl,is_behind,black_stove
move-the-black-bowl-from-the-top-of-the-drawer-to-on-top-of-the-cookie-at-the-ri,episode_3,150,wrist,black_stove,is_in_front_of,black_bowl
move-the-black-bowl-from-the-top-of-the-drawer-to-on-top-of-the-cookie-at-the-ri,episode_3,150,wrist,red_drawer,is_behind,black_stove
move-the-black-bowl-from-the-top-of-the-drawer-to-on-top-of-the-cookie-at-the-ri,episode_3,150,wrist,black_stove,is_in_front_of,red_drawer
move-the-black-bowl-from-the-top-of-the-drawer-to-on-top-of-the-cookie-at-the-ri,episode_3,180,wrist,black_bowl,is_on_top_of,red_drawer
move-the-black-bowl-from-the-top-of-the-drawer-to-on-top-of-the-cookie-at-the-ri,episode_3,180,wrist,red_drawer,is_below_of,black_bowl
move-the-black-bowl-from-the-top-of-the-drawer-to-on-top-of-the-cookie-at-the-ri,episode_3,180,wrist,black_bowl,is_behind,black_stove
move-the-black-bowl-from-the-top-of-the-drawer-to-on-top-of-the-cookie-at-the-ri,episode_3,180,wrist,black_stove,is_in_front_of,black_bowl
move-the-black-bowl-from-the-top-of-the-drawer-to-on-top-of-the-cookie-at-the-ri,episode_3,180,wrist,red_drawer,is_behind,black_stove
move-the-black-bowl-from-the-top-of-the-drawer-to-on-top-of-the-cookie-at-the-ri,episode_3,180,wrist,black_stove,is_in_front_of,red_drawer
move-the-black-bowl-from-the-top-of-the-drawer-to-on-top-of-the-cookie-at-the-ri,episode_3,210,wrist,black_bowl,is_on_top_of,red_drawer
move-the-black-bowl-from-the-top-of-the-drawer-to-on-top-of-the-cookie-at-the-ri,episode_3,210,wrist,red_drawer,is_below_of,black_bowl
move-the-black-bowl-from-the-top-of-the-drawer-to-on-top-of-the-cookie-at-the-ri,episode_3,240,wrist,black_bowl,is_on_top_of,red_drawer
move-the-black-bowl-from-the-top-of-the-drawer-to-on-top-of-the-cookie-at-the-ri,episode_3,240,wrist,red_drawer,is_below_of,black_bowl
move-the-black-bowl-from-the-top-of-the-drawer-to-on-top-of-the-cookie-at-the-ri,episode_3,270,wrist,black_bowl,is_on_top_of,red_drawer
move-the-black-bowl-from-the-top-of-the-drawer-to-on-top-of-the-cookie-at-the-ri,episode_3,270,wrist,red_drawer,is_below_of,black_bowl
move-the-black-bowl-from-the-top-of-the-drawer-to-on-top-of-the-cookie-at-the-ri,episode_3,300,wrist,black_bowl,is_right_of,red_drawer
move-the-black-bowl-from-the-top-of-the-drawer-to-on-top-of-the-cookie-at-the-ri,episode_3,300,wrist,red_drawer,is_left_of,black_bowl
move-the-black-bowl-from-the-top-of-the-drawer-to-on-top-of-the-cookie-at-the-ri,episode_3,330,wrist,black_bowl,is_in_front_of,red_drawer
move-the-black-bowl-from-the-top-of-the-drawer-to-on-top-of-the-cookie-at-the-ri,episode_3,330,wrist,red_drawer,is_behind,black_bowl
move-the-black-bowl-from-the-top-of-the-drawer-to-on-top-of-the-cookie-at-the-ri,episode_3,330,wrist,black_bowl,is_right_of,black_stove
move-the-black-bowl-from-the-top-of-the-drawer-to-on-top-of-the-cookie-at-the-ri,episode_3,330,wrist,black_stove,is_left_of,black_bowl
move-the-black-bowl-from-the-top-of-the-drawer-to-on-top-of-the-cookie-at-the-ri,episode_3,330,wrist,red_drawer,is_right_of,black_stove
move-the-black-bowl-from-the-top-of-the-drawer-to-on-top-of-the-cookie-at-the-ri,episode_3,330,wrist,black_stove,is_left_of,red_drawer
move-the-black-bowl-from-the-top-of-the-drawer-to-on-top-of-the-cookie-at-the-ri,episode_3,360,wrist,black_bowl,is_behind,cookie
move-the-black-bowl-from-the-top-of-the-drawer-to-on-top-of-the-cookie-at-the-ri,episode_3,360,wrist,cookie,is_in_front_of,black_bowl
move-the-black-bowl-from-the-top-of-the-drawer-to-on-top-of-the-cookie-at-the-ri,episode_3,390,wrist,black_bowl,is_in_front_of,cookie
move-the-black-bowl-from-the-top-of-the-drawer-to-on-top-of-the-cookie-at-the-ri,episode_3,390,wrist,cookie,is_behind,black_bowl
move-the-black-bowl-from-the-top-of-the-drawer-to-on-top-of-the-cookie-at-the-ri,episode_3,420,wrist,black_bowl,is_in_front_of,cookie
move-the-black-bowl-from-the-top-of-the-drawer-to-on-top-of-the-cookie-at-the-ri,episode_3,420,wrist,cookie,is_behind,black_bowl
move-the-black-bowl-from-the-top-of-the-drawer-to-on-top-of-the-cookie-at-the-ri,episode_3,450,wrist,black_bowl,is_on_top_of,cookie
move-the-black-bowl-from-the-top-of-the-drawer-to-on-top-of-the-cookie-at-the-ri,episode_3,450,wrist,cookie,is_below_of,black_bowl
move-the-black-bowl-from-the-top-of-the-drawer-to-on-top-of-the-cookie-at-the-ri,episode_3,480,wrist,black_bowl,is_on_top_of,cookie
move-the-black-bowl-from-the-top-of-the-drawer-to-on-top-of-the-cookie-at-the-ri,episode_3,480,wrist,cookie,is_below_of,black_bowl
move-the-black-bowl-from-the-top-of-the-drawer-to-on-top-of-the-cookie-at-the-ri,episode_3,480,wrist,black_bowl,is_behind,red_drawer
move-the-black-bowl-from-the-top-of-the-drawer-to-on-top-of-the-cookie-at-the-ri,episode_3,480,wrist,red_drawer,is_in_front_of,black_bowl
move-the-black-bowl-from-the-top-of-the-drawer-to-on-top-of-the-cookie-at-the-ri,episode_3,480,wrist,cookie,is_behind,red_drawer
move-the-black-bowl-from-the-top-of-the-drawer-to-on-top-of-the-cookie-at-the-ri,episode_3,480,wrist,red_drawer,is_in_front_of,cookie
move-the-black-bowl-from-the-top-of-the-drawer-to-on-top-of-the-cookie-at-the-ri,episode_3,510,wrist,black_bowl,is_on_top_of,red_drawer
move-the-black-bowl-from-the-top-of-the-drawer-to-on-top-of-the-cookie-at-the-ri,episode_3,510,wrist,red_drawer,is_below_of,black_bowl
move-the-black-bowl-from-the-top-of-the-drawer-to-on-top-of-the-cookie-at-the-ri,episode_3,540,wrist,black_bowl,is_on_top_of,red_drawer
move-the-black-bowl-from-the-top-of-the-drawer-to-on-top-of-the-cookie-at-the-ri,episode_3,540,wrist,red_drawer,is_below_of,black_bowl
move-the-black-bowl-from-the-top-of-the-drawer-to-on-top-of-the-cookie-at-the-ri,episode_3,570,wrist,black_bowl,is_on_top_of,red_drawer
move-the-black-bowl-from-the-top-of-the-drawer-to-on-top-of-the-cookie-at-the-ri,episode_3,570,wrist,red_drawer,is_below_of,black_bowl
move-the-black-bowl-from-the-top-of-the-drawer-to-on-top-of-the-cookie-at-the-ri,episode_4,0,wrist,black_bowl,is_on_top_of,red_drawer
move-the-black-bowl-from-the-top-of-the-drawer-to-on-top-of-the-cookie-at-the-ri,episode_4,0,wrist,red_drawer,is_below_of,black_bowl
move-the-black-bowl-from-the-top-of-the-drawer-to-on-top-of-the-cookie-at-the-ri,episode_4,30,wrist,black_bowl,is_on_top_of,red_drawer
move-the-black-bowl-from-the-top-of-the-drawer-to-on-top-of-the-cookie-at-the-ri,episode_4,30,wrist,red_drawer,is_below_of,black_bowl
move-the-black-bowl-from-the-top-of-the-drawer-to-on-top-of-the-cookie-at-the-ri,episode_4,60,wrist,black_bowl,is_on_top_of,red_drawer
move-the-black-bowl-from-the-top-of-the-drawer-to-on-top-of-the-cookie-at-the-ri,episode_4,60,wrist,red_drawer,is_below_of,black_bowl
move-the-black-bowl-from-the-top-of-the-drawer-to-on-top-of-the-cookie-at-the-ri,episode_4,90,wrist,black_bowl,is_on_top_of,red_drawer
move-the-black-bowl-from-the-top-of-the-drawer-to-on-top-of-the-cookie-at-the-ri,episode_4,90,wrist,red_drawer,is_below_of,black_bowl
move-the-black-bowl-from-the-top-of-the-drawer-to-on-top-of-the-cookie-at-the-ri,episode_4,120,wrist,black_bowl,is_on_top_of,red_drawer
move-the-black-bowl-from-the-top-of-the-drawer-to-on-top-of-the-cookie-at-the-ri,episode_4,120,wrist,red_drawer,is_below_of,black_bowl
move-the-black-bowl-from-the-top-of-the-drawer-to-on-top-of-the-cookie-at-the-ri,episode_4,150,wrist,black_bowl,is_on_top_of,red_drawer
move-the-black-bowl-from-the-top-of-the-drawer-to-on-top-of-the-cookie-at-the-ri,episode_4,150,wrist,red_drawer,is_below_of,black_bowl
move-the-black-bowl-from-the-top-of-the-drawer-to-on-top-of-the-cookie-at-the-ri,episode_4,180,wrist,black_bowl,is_on_top_of,red_drawer
move-the-black-bowl-from-the-top-of-the-drawer-to-on-top-of-the-cookie-at-the-ri,episode_4,180,wrist,red_drawer,is_below_of,black_bowl
move-the-black-bowl-from-the-top-of-the-drawer-to-on-top-of-the-cookie-at-the-ri,episode_4,210,wrist,black_bowl,is_on_top_of,red_drawer
move-the-black-bowl-from-the-top-of-the-drawer-to-on-top-of-the-cookie-at-the-ri,episode_4,210,wrist,red_drawer,is_below_of,black_bowl
move-the-black-bowl-from-the-top-of-the-drawer-to-on-top-of-the-cookie-at-the-ri,episode_4,240,wrist,black_bowl,is_on_top_of,red_drawer
move-the-black-bowl-from-the-top-of-the-drawer-to-on-top-of-the-cookie-at-the-ri,episode_4,240,wrist,red_drawer,is_below_of,black_bowl
move-the-black-bowl-from-the-top-of-the-drawer-to-on-top-of-the-cookie-at-the-ri,episode_4,240,wrist,black_bowl,is_left_of,white_plate
move-the-black-bowl-from-the-top-of-the-drawer-to-on-top-of-the-cookie-at-the-ri,episode_4,240,wrist,white_plate,is_right_of,black_bowl
move-the-black-bowl-from-the-top-of-the-drawer-to-on-top-of-the-cookie-at-the-ri,episode_4,240,wrist,red_drawer,is_left_of,white_plate
move-the-black-bowl-from-the-top-of-the-drawer-to-on-top-of-the-cookie-at-the-ri,episode_4,240,wrist,white_plate,is_right_of,red_drawer
move-the-black-bowl-from-the-top-of-the-drawer-to-on-top-of-the-cookie-at-the-ri,episode_4,270,wrist,black_bowl,is_on_top_of,red_drawer
move-the-black-bowl-from-the-top-of-the-drawer-to-on-top-of-the-cookie-at-the-ri,episode_4,270,wrist,red_drawer,is_below_of,black_bowl
move-the-black-bowl-from-the-top-of-the-drawer-to-on-top-of-the-cookie-at-the-ri,episode_4,270,wrist,black_bowl,is_right_of,black_stove
move-the-black-bowl-from-the-top-of-the-drawer-to-on-top-of-the-cookie-at-the-ri,episode_4,270,wrist,black_stove,is_left_of,black_bowl
move-the-black-bowl-from-the-top-of-the-drawer-to-on-top-of-the-cookie-at-the-ri,episode_4,270,wrist,black_bowl,is_right_of,cookie
move-the-black-bowl-from-the-top-of-the-drawer-to-on-top-of-the-cookie-at-the-ri,episode_4,270,wrist,cookie,is_left_of,black_bowl
move-the-black-bowl-from-the-top-of-the-drawer-to-on-top-of-the-cookie-at-the-ri,episode_4,270,wrist,black_bowl,is_right_of,white_plate
move-the-black-bowl-from-the-top-of-the-drawer-to-on-top-of-the-cookie-at-the-ri,episode_4,270,wrist,white_plate,is_left_of,black_bowl
move-the-black-bowl-from-the-top-of-the-drawer-to-on-top-of-the-cookie-at-the-ri,episode_4,270,wrist,red_drawer,is_right_of,black_stove
move-the-black-bowl-from-the-top-of-the-drawer-to-on-top-of-the-cookie-at-the-ri,episode_4,270,wrist,black_stove,is_left_of,red_drawer
move-the-black-bowl-from-the-top-of-the-drawer-to-on-top-of-the-cookie-at-the-ri,episode_4,270,wrist,red_drawer,is_behind,cookie
move-the-black-bowl-from-the-top-of-the-drawer-to-on-top-of-the-cookie-at-the-ri,episode_4,270,wrist,cookie,is_in_front_of,red_drawer
move-the-black-bowl-from-the-top-of-the-drawer-to-on-top-of-the-cookie-at-the-ri,episode_4,270,wrist,red_drawer,is_behind,white_plate
move-the-black-bowl-from-the-top-of-the-drawer-to-on-top-of-the-cookie-at-the-ri,episode_4,270,wrist,white_plate,is_in_front_of,red_drawer
move-the-black-bowl-from-the-top-of-the-drawer-to-on-top-of-the-cookie-at-the-ri,episode_4,270,wrist,black_stove,is_behind,cookie
move-the-black-bowl-from-the-top-of-the-drawer-to-on-top-of-the-cookie-at-the-ri,episode_4,270,wrist,cookie,is_in_front_of,black_stove
move-the-black-bowl-from-the-top-of-the-drawer-to-on-top-of-the-cookie-at-the-ri,episode_4,270,wrist,black_stove,is_behind,white_plate
move-the-black-bowl-from-the-top-of-the-drawer-to-on-top-of-the-cookie-at-the-ri,episode_4,270,wrist,white_plate,is_in_front_of,black_stove
move-the-black-bowl-from-the-top-of-the-drawer-to-on-top-of-the-cookie-at-the-ri,episode_4,270,wrist,cookie,is_on_top_of,white_plate
move-the-black-bowl-from-the-top-of-the-drawer-to-on-top-of-the-cookie-at-the-ri,episode_4,270,wrist,white_plate,is_below_of,cookie
move-the-black-bowl-from-the-top-of-the-drawer-to-on-top-of-the-cookie-at-the-ri,episode_4,300,wrist,black_bowl,is_on_top_of,red_drawer
move-the-black-bowl-from-the-top-of-the-drawer-to-on-top-of-the-cookie-at-the-ri,episode_4,300,wrist,red_drawer,is_below_of,black_bowl
move-the-black-bowl-from-the-top-of-the-drawer-to-on-top-of-the-cookie-at-the-ri,episode_4,300,wrist,black_bowl,is_behind,black_stove
move-the-black-bowl-from-the-top-of-the-drawer-to-on-top-of-the-cookie-at-the-ri,episode_4,300,wrist,black_stove,is_in_front_of,black_bowl
move-the-black-bowl-from-the-top-of-the-drawer-to-on-top-of-the-cookie-at-the-ri,episode_4,300,wrist,red_drawer,is_behind,black_stove
move-the-black-bowl-from-the-top-of-the-drawer-to-on-top-of-the-cookie-at-the-ri,episode_4,300,wrist,black_stove,is_in_front_of,red_drawer
move-the-black-bowl-from-the-top-of-the-drawer-to-on-top-of-the-cookie-at-the-ri,episode_4,330,wrist,black_bowl,is_on_top_of,red_drawer
move-the-black-bowl-from-the-top-of-the-drawer-to-on-top-of-the-cookie-at-the-ri,episode_4,330,wrist,red_drawer,is_below_of,black_bowl
move-the-black-bowl-from-the-top-of-the-drawer-to-on-top-of-the-cookie-at-the-ri,episode_4,360,wrist,black_bowl,is_on_top_of,red_drawer
move-the-black-bowl-from-the-top-of-the-drawer-to-on-top-of-the-cookie-at-the-ri,episode_4,360,wrist,red_drawer,is_below_of,black_bowl
move-the-black-bowl-from-the-top-of-the-drawer-to-on-top-of-the-cookie-at-the-ri,episode_4,360,wrist,black_bowl,is_right_of,black_stove
move-the-black-bowl-from-the-top-of-the-drawer-to-on-top-of-the-cookie-at-the-ri,episode_4,360,wrist,black_stove,is_left_of,black_bowl
move-the-black-bowl-from-the-top-of-the-drawer-to-on-top-of-the-cookie-at-the-ri,episode_4,360,wrist,red_drawer,is_right_of,black_stove
move-the-black-bowl-from-the-top-of-the-drawer-to-on-top-of-the-cookie-at-the-ri,episode_4,360,wrist,black_stove,is_left_of,red_drawer
move-the-black-bowl-from-the-top-of-the-drawer-to-on-top-of-the-cookie-at-the-ri,episode_4,390,wrist,black_bowl,is_in_front_of,red_drawer
move-the-black-bowl-from-the-top-of-the-drawer-to-on-top-of-the-cookie-at-the-ri,episode_4,390,wrist,red_drawer,is_behind,black_bowl
move-the-black-bowl-from-the-top-of-the-drawer-to-on-top-of-the-cookie-at-the-ri,episode_4,390,wrist,black_bowl,is_right_of,black_stove
move-the-black-bowl-from-the-top-of-the-drawer-to-on-top-of-the-cookie-at-the-ri,episode_4,390,wrist,black_stove,is_left_of,black_bowl
move-the-black-bowl-from-the-top-of-the-drawer-to-on-top-of-the-cookie-at-the-ri,episode_4,390,wrist,red_drawer,is_right_of,black_stove
move-the-black-bowl-from-the-top-of-the-drawer-to-on-top-of-the-cookie-at-the-ri,episode_4,390,wrist,black_stove,is_left_of,red_drawer
move-the-black-bowl-from-the-top-of-the-drawer-to-on-top-of-the-cookie-at-the-ri,episode_4,420,wrist,black_bowl,is_behind,cookie
move-the-black-bowl-from-the-top-of-the-drawer-to-on-top-of-the-cookie-at-the-ri,episode_4,420,wrist,cookie,is_in_front_of,black_bowl
move-the-black-bowl-from-the-top-of-the-drawer-to-on-top-of-the-cookie-at-the-ri,episode_4,450,wrist,black_bowl,is_on_top_of,cookie
move-the-black-bowl-from-the-top-of-the-drawer-to-on-top-of-the-cookie-at-the-ri,episode_4,450,wrist,cookie,is_below_of,black_bowl
move-the-black-bowl-from-the-top-of-the-drawer-to-on-top-of-the-cookie-at-the-ri,episode_4,480,wrist,black_bowl,is_on_top_of,cookie
move-the-black-bowl-from-the-top-of-the-drawer-to-on-top-of-the-cookie-at-the-ri,episode_4,480,wrist,cookie,is_below_of,black_bowl
move-the-black-bowl-from-the-top-of-the-drawer-to-on-top-of-the-cookie-at-the-ri,episode_4,510,wrist,black_bowl,is_on_top_of,cookie
move-the-black-bowl-from-the-top-of-the-drawer-to-on-top-of-the-cookie-at-the-ri,episode_4,510,wrist,cookie,is_below_of,black_bowl
move-the-black-bowl-from-the-top-of-the-drawer-to-on-top-of-the-cookie-at-the-ri,episode_4,540,wrist,black_bowl,is_left_of,red_drawer
move-the-black-bowl-from-the-top-of-the-drawer-to-on-top-of-the-cookie-at-the-ri,episode_4,540,wrist,red_drawer,is_right_of,black_bowl
move-the-black-bowl-from-the-top-of-the-drawer-to-on-top-of-the-cookie-at-the-ri,episode_4,540,wrist,black_bowl,is_on_top_of,cookie
move-the-black-bowl-from-the-top-of-the-drawer-to-on-top-of-the-cookie-at-the-ri,episode_4,540,wrist,cookie,is_below_of,black_bowl
move-the-black-bowl-from-the-top-of-the-drawer-to-on-top-of-the-cookie-at-the-ri,episode_4,540,wrist,black_bowl,is_behind,black_stove
move-the-black-bowl-from-the-top-of-the-drawer-to-on-top-of-the-cookie-at-the-ri,episode_4,540,wrist,black_stove,is_in_front_of,black_bowl
move-the-black-bowl-from-the-top-of-the-drawer-to-on-top-of-the-cookie-at-the-ri,episode_4,540,wrist,red_drawer,is_behind,cookie
move-the-black-bowl-from-the-top-of-the-drawer-to-on-top-of-the-cookie-at-the-ri,episode_4,540,wrist,cookie,is_in_front_of,red_drawer
move-the-black-bowl-from-the-top-of-the-drawer-to-on-top-of-the-cookie-at-the-ri,episode_4,540,wrist,red_drawer,is_behind,black_stove
move-the-black-bowl-from-the-top-of-the-drawer-to-on-top-of-the-cookie-at-the-ri,episode_4,540,wrist,black_stove,is_in_front_of,red_drawer
move-the-black-bowl-from-the-top-of-the-drawer-to-on-top-of-the-cookie-at-the-ri,episode_4,540,wrist,cookie,is_behind,black_stove
move-the-black-bowl-from-the-top-of-the-drawer-to-on-top-of-the-cookie-at-the-ri,episode_4,540,wrist,black_stove,is_in_front_of,cookie
move-the-black-bowl-from-the-top-of-the-drawer-to-on-top-of-the-cookie-at-the-ri,episode_4,570,wrist,black_bowl,is_on_top_of,red_drawer
move-the-black-bowl-from-the-top-of-the-drawer-to-on-top-of-the-cookie-at-the-ri,episode_4,570,wrist,red_drawer,is_below_of,black_bowl
move-the-black-bowl-from-the-top-of-the-drawer-to-on-top-of-the-cookie-at-the-ri,episode_4,570,wrist,black_bowl,is_left_of,cookie
move-the-black-bowl-from-the-top-of-the-drawer-to-on-top-of-the-cookie-at-the-ri,episode_4,570,wrist,cookie,is_right_of,black_bowl
move-the-black-bowl-from-the-top-of-the-drawer-to-on-top-of-the-cookie-at-the-ri,episode_4,570,wrist,red_drawer,is_left_of,cookie
move-the-black-bowl-from-the-top-of-the-drawer-to-on-top-of-the-cookie-at-the-ri,episode_4,570,wrist,cookie,is_right_of,red_drawer
move-the-black-bowl-from-the-top-of-the-drawer-to-on-top-of-the-cookie-at-the-ri,episode_4,600,wrist,black_bowl,is_on_top_of,red_drawer
move-the-black-bowl-from-the-top-of-the-drawer-to-on-top-of-the-cookie-at-the-ri,episode_4,600,wrist,red_drawer,is_below_of,black_bowl
move-the-black-bowl-from-the-top-of-the-drawer-to-on-top-of-the-cookie-at-the-ri,episode_4,630,wrist,black_bowl,is_on_top_of,red_drawer
move-the-black-bowl-from-the-top-of-the-drawer-to-on-top-of-the-cookie-at-the-ri,episode_4,630,wrist,red_drawer,is_below_of,black_bowl
move-the-black-bowl-from-the-top-of-the-drawer-to-on-top-of-the-cookie-at-the-ri,episode_4,660,wrist,black_bowl,is_on_top_of,red_drawer
move-the-black-bowl-from-the-top-of-the-drawer-to-on-top-of-the-cookie-at-the-ri,episode_4,660,wrist,red_drawer,is_below_of,black_bowl
move-the-black-bowl-from-the-top-of-the-drawer-to-on-top-of-the-cookie-at-the-ri,episode_5,0,wrist,black_bowl,is_on_top_of,red_drawer
move-the-black-bowl-from-the-top-of-the-drawer-to-on-top-of-the-cookie-at-the-ri,episode_5,0,wrist,red_drawer,is_below_of,black_bowl
move-the-black-bowl-from-the-top-of-the-drawer-to-on-top-of-the-cookie-at-the-ri,episode_5,30,wrist,black_bowl,is_on_top_of,red_drawer
move-the-black-bowl-from-the-top-of-the-drawer-to-on-top-of-the-cookie-at-the-ri,episode_5,30,wrist,red_drawer,is_below_of,black_bowl
move-the-black-bowl-from-the-top-of-the-drawer-to-on-top-of-the-cookie-at-the-ri,episode_5,60,wrist,black_bowl,is_on_top_of,red_drawer
move-the-black-bowl-from-the-top-of-the-drawer-to-on-top-of-the-cookie-at-the-ri,episode_5,60,wrist,red_drawer,is_below_of,black_bowl
move-the-black-bowl-from-the-top-of-the-drawer-to-on-top-of-the-cookie-at-the-ri,episode_5,90,wrist,black_bowl,is_on_top_of,red_drawer
move-the-black-bowl-from-the-top-of-the-drawer-to-on-top-of-the-cookie-at-the-ri,episode_5,90,wrist,red_drawer,is_below_of,black_bowl
move-the-black-bowl-from-the-top-of-the-drawer-to-on-top-of-the-cookie-at-the-ri,episode_5,120,wrist,black_bowl,is_on_top_of,red_drawer
move-the-black-bowl-from-the-top-of-the-drawer-to-on-top-of-the-cookie-at-the-ri,episode_5,120,wrist,red_drawer,is_below_of,black_bowl
move-the-black-bowl-from-the-top-of-the-drawer-to-on-top-of-the-cookie-at-the-ri,episode_5,150,wrist,black_bowl,is_on_top_of,red_drawer
move-the-black-bowl-from-the-top-of-the-drawer-to-on-top-of-the-cookie-at-the-ri,episode_5,150,wrist,red_drawer,is_below_of,black_bowl
move-the-black-bowl-from-the-top-of-the-drawer-to-on-top-of-the-cookie-at-the-ri,episode_5,180,wrist,black_bowl,is_on_top_of,red_drawer
move-the-black-bowl-from-the-top-of-the-drawer-to-on-top-of-the-cookie-at-the-ri,episode_5,180,wrist,red_drawer,is_below_of,black_bowl
move-the-black-bowl-from-the-top-of-the-drawer-to-on-top-of-the-cookie-at-the-ri,episode_5,210,wrist,black_bowl,is_on_top_of,red_drawer
move-the-black-bowl-from-the-top-of-the-drawer-to-on-top-of-the-cookie-at-the-ri,episode_5,210,wrist,red_drawer,is_below_of,black_bowl
move-the-black-bowl-from-the-top-of-the-drawer-to-on-top-of-the-cookie-at-the-ri,episode_5,240,wrist,red_drawer,is_behind,black_stove
move-the-black-bowl-from-the-top-of-the-drawer-to-on-top-of-the-cookie-at-the-ri,episode_5,240,wrist,black_stove,is_in_front_of,red_drawer
move-the-black-bowl-from-the-top-of-the-drawer-to-on-top-of-the-cookie-at-the-ri,episode_5,270,wrist,black_bowl,is_on_top_of,red_drawer
move-the-black-bowl-from-the-top-of-the-drawer-to-on-top-of-the-cookie-at-the-ri,episode_5,270,wrist,red_drawer,is_below_of,black_bowl
move-the-black-bowl-from-the-top-of-the-drawer-to-on-top-of-the-cookie-at-the-ri,episode_5,270,wrist,black_bowl,is_right_of,black_stove
move-the-black-bowl-from-the-top-of-the-drawer-to-on-top-of-the-cookie-at-the-ri,episode_5,270,wrist,black_stove,is_left_of,black_bowl
move-the-black-bowl-from-the-top-of-the-drawer-to-on-top-of-the-cookie-at-the-ri,episode_5,270,wrist,red_drawer,is_right_of,black_stove
move-the-black-bowl-from-the-top-of-the-drawer-to-on-top-of-the-cookie-at-the-ri,episode_5,270,wrist,black_stove,is_left_of,red_drawer
move-the-black-bowl-from-the-top-of-the-drawer-to-on-top-of-the-cookie-at-the-ri,episode_5,300,wrist,black_bowl,is_on_top_of,red_drawer
move-the-black-bowl-from-the-top-of-the-drawer-to-on-top-of-the-cookie-at-the-ri,episode_5,300,wrist,red_drawer,is_below_of,black_bowl
move-the-black-bowl-from-the-top-of-the-drawer-to-on-top-of-the-cookie-at-the-ri,episode_5,300,wrist,black_bowl,is_behind,black_stove
move-the-black-bowl-from-the-top-of-the-drawer-to-on-top-of-the-cookie-at-the-ri,episode_5,300,wrist,black_stove,is_in_front_of,black_bowl
move-the-black-bowl-from-the-top-of-the-drawer-to-on-top-of-the-cookie-at-the-ri,episode_5,300,wrist,red_drawer,is_behind,black_stove
move-the-black-bowl-from-the-top-of-the-drawer-to-on-top-of-the-cookie-at-the-ri,episode_5,300,wrist,black_stove,is_in_front_of,red_drawer
move-the-black-bowl-from-the-top-of-the-drawer-to-on-top-of-the-cookie-at-the-ri,episode_5,330,wrist,black_bowl,is_on_top_of,red_drawer
move-the-black-bowl-from-the-top-of-the-drawer-to-on-top-of-the-cookie-at-the-ri,episode_5,330,wrist,red_drawer,is_below_of,black_bowl
move-the-black-bowl-from-the-top-of-the-drawer-to-on-top-of-the-cookie-at-the-ri,episode_5,330,wrist,black_bowl,is_behind,black_stove
move-the-black-bowl-from-the-top-of-the-drawer-to-on-top-of-the-cookie-at-the-ri,episode_5,330,wrist,black_stove,is_in_front_of,black_bowl
move-the-black-bowl-from-the-top-of-the-drawer-to-on-top-of-the-cookie-at-the-ri,episode_5,330,wrist,red_drawer,is_behind,black_stove
move-the-black-bowl-from-the-top-of-the-drawer-to-on-top-of-the-cookie-at-the-ri,episode_5,330,wrist,black_stove,is_in_front_of,red_drawer
move-the-black-bowl-from-the-top-of-the-drawer-to-on-top-of-the-cookie-at-the-ri,episode_5,360,wrist,black_bowl,is_on_top_of,red_drawer
move-the-black-bowl-from-the-top-of-the-drawer-to-on-top-of-the-cookie-at-the-ri,episode_5,360,wrist,red_drawer,is_below_of,black_bowl
move-the-black-bowl-from-the-top-of-the-drawer-to-on-top-of-the-cookie-at-the-ri,episode_5,390,wrist,black_bowl,is_on_top_of,red_drawer
move-the-black-bowl-from-the-top-of-the-drawer-to-on-top-of-the-cookie-at-the-ri,episode_5,390,wrist,red_drawer,is_below_of,black_bowl
move-the-black-bowl-from-the-top-of-the-drawer-to-on-top-of-the-cookie-at-the-ri,episode_5,420,wrist,black_bowl,is_on_top_of,red_drawer
move-the-black-bowl-from-the-top-of-the-drawer-to-on-top-of-the-cookie-at-the-ri,episode_5,420,wrist,red_drawer,is_below_of,black_bowl
move-the-black-bowl-from-the-top-of-the-drawer-to-on-top-of-the-cookie-at-the-ri,episode_5,420,wrist,black_bowl,is_right_of,black_stove
move-the-black-bowl-from-the-top-of-the-drawer-to-on-top-of-the-cookie-at-the-ri,episode_5,420,wrist,black_stove,is_left_of,black_bowl
move-the-black-bowl-from-the-top-of-the-drawer-to-on-top-of-the-cookie-at-the-ri,episode_5,420,wrist,red_drawer,is_right_of,black_stove
move-the-black-bowl-from-the-top-of-the-drawer-to-on-top-of-the-cookie-at-the-ri,episode_5,420,wrist,black_stove,is_left_of,red_drawer
move-the-black-bowl-from-the-top-of-the-drawer-to-on-top-of-the-cookie-at-the-ri,episode_5,450,wrist,black_bowl,is_in_front_of,red_drawer
move-the-black-bowl-from-the-top-of-the-drawer-to-on-top-of-the-cookie-at-the-ri,episode_5,450,wrist,red_drawer,is_behind,black_bowl
move-the-black-bowl-from-the-top-of-the-drawer-to-on-top-of-the-cookie-at-the-ri,episode_5,450,wrist,black_bowl,is_right_of,black_stove
move-the-black-bowl-from-the-top-of-the-drawer-to-on-top-of-the-cookie-at-the-ri,episode_5,450,wrist,black_stove,is_left_of,black_bowl
move-the-black-bowl-from-the-top-of-the-drawer-to-on-top-of-the-cookie-at-the-ri,episode_5,450,wrist,black_bowl,is_right_of,cookie
move-the-black-bowl-from-the-top-of-the-drawer-to-on-top-of-the-cookie-at-the-ri,episode_5,450,wrist,cookie,is_left_of,black_bowl
move-the-black-bowl-from-the-top-of-the-drawer-to-on-top-of-the-cookie-at-the-ri,episode_5,450,wrist,black_bowl,is_right_of,white_plate
move-the-black-bowl-from-the-top-of-the-drawer-to-on-top-of-the-cookie-at-the-ri,episode_5,450,wrist,white_plate,is_left_of,black_bowl
move-the-black-bowl-from-the-top-of-the-drawer-to-on-top-of-the-cookie-at-the-ri,episode_5,450,wrist,red_drawer,is_behind,black_stove
move-the-black-bowl-from-the-top-of-the-drawer-to-on-top-of-the-cookie-at-the-ri,episode_5,450,wrist,black_stove,is_in_front_of,red_drawer
move-the-black-bowl-from-the-top-of-the-drawer-to-on-top-of-the-cookie-at-the-ri,episode_5,450,wrist,red_drawer,is_behind,cookie
move-the-black-bowl-from-the-top-of-the-drawer-to-on-top-of-the-cookie-at-the-ri,episode_5,450,wrist,cookie,is_in_front_of,red_drawer
move-the-black-bowl-from-the-top-of-the-drawer-to-on-top-of-the-cookie-at-the-ri,episode_5,450,wrist,red_drawer,is_behind,white_plate
move-the-black-bowl-from-the-top-of-the-drawer-to-on-top-of-the-cookie-at-the-ri,episode_5,450,wrist,white_plate,is_in_front_of,red_drawer
move-the-black-bowl-from-the-top-of-the-drawer-to-on-top-of-the-cookie-at-the-ri,episode_5,450,wrist,black_stove,is_behind,cookie
move-the-black-bowl-from-the-top-of-the-drawer-to-on-top-of-the-cookie-at-the-ri,episode_5,450,wrist,cookie,is_in_front_of,black_stove
move-the-black-bowl-from-the-top-of-the-drawer-to-on-top-of-the-cookie-at-the-ri,episode_5,450,wrist,black_stove,is_behind,white_plate
move-the-black-bowl-from-the-top-of-the-drawer-to-on-top-of-the-cookie-at-the-ri,episode_5,450,wrist,white_plate,is_in_front_of,black_stove
move-the-black-bowl-from-the-top-of-the-drawer-to-on-top-of-the-cookie-at-the-ri,episode_5,450,wrist,cookie,is_on_top_of,white_plate
move-the-black-bowl-from-the-top-of-the-drawer-to-on-top-of-the-cookie-at-the-ri,episode_5,450,wrist,white_plate,is_below_of,cookie
move-the-black-bowl-from-the-top-of-the-drawer-to-on-top-of-the-cookie-at-the-ri,episode_5,480,wrist,black_bowl,is_in_front_of,cookie
move-the-black-bowl-from-the-top-of-the-drawer-to-on-top-of-the-cookie-at-the-ri,episode_5,480,wrist,cookie,is_behind,black_bowl
move-the-black-bowl-from-the-top-of-the-drawer-to-on-top-of-the-cookie-at-the-ri,episode_5,480,wrist,black_bowl,is_in_front_of,black_stove
move-the-black-bowl-from-the-top-of-the-drawer-to-on-top-of-the-cookie-at-the-ri,episode_5,480,wrist,black_stove,is_behind,black_bowl
move-the-black-bowl-from-the-top-of-the-drawer-to-on-top-of-the-cookie-at-the-ri,episode_5,480,wrist,cookie,is_on_top_of,black_stove
move-the-black-bowl-from-the-top-of-the-drawer-to-on-top-of-the-cookie-at-the-ri,episode_5,480,wrist,black_stove,is_below_of,cookie
move-the-black-bowl-from-the-top-of-the-drawer-to-on-top-of-the-cookie-at-the-ri,episode_5,510,wrist,black_bowl,is_in_front_of,cookie
move-the-black-bowl-from-the-top-of-the-drawer-to-on-top-of-the-cookie-at-the-ri,episode_5,510,wrist,cookie,is_behind,black_bowl
move-the-black-bowl-from-the-top-of-the-drawer-to-on-top-of-the-cookie-at-the-ri,episode_5,540,wrist,black_bowl,is_in_front_of,cookie
move-the-black-bowl-from-the-top-of-the-drawer-to-on-top-of-the-cookie-at-the-ri,episode_5,540,wrist,cookie,is_behind,black_bowl
move-the-black-bowl-from-the-top-of-the-drawer-to-on-top-of-the-cookie-at-the-ri,episode_5,570,wrist,black_bowl,is_on_top_of,cookie
move-the-black-bowl-from-the-top-of-the-drawer-to-on-top-of-the-cookie-at-the-ri,episode_5,570,wrist,cookie,is_below_of,black_bowl
move-the-black-bowl-from-the-top-of-the-drawer-to-on-top-of-the-cookie-at-the-ri,episode_5,570,wrist,black_bowl,is_in_front_of,black_stove
move-the-black-bowl-from-the-top-of-the-drawer-to-on-top-of-the-cookie-at-the-ri,episode_5,570,wrist,black_stove,is_behind,black_bowl
move-the-black-bowl-from-the-top-of-the-drawer-to-on-top-of-the-cookie-at-the-ri,episode_5,570,wrist,cookie,is_in_front_of,black_stove
move-the-black-bowl-from-the-top-of-the-drawer-to-on-top-of-the-cookie-at-the-ri,episode_5,570,wrist,black_stove,is_behind,cookie
move-the-black-bowl-from-the-top-of-the-drawer-to-on-top-of-the-cookie-at-the-ri,episode_5,600,wrist,black_bowl,is_on_top_of,cookie
move-the-black-bowl-from-the-top-of-the-drawer-to-on-top-of-the-cookie-at-the-ri,episode_5,600,wrist,cookie,is_below_of,black_bowl
move-the-black-bowl-from-the-top-of-the-drawer-to-on-top-of-the-cookie-at-the-ri,episode_5,630,wrist,black_bowl,is_on_top_of,cookie
move-the-black-bowl-from-the-top-of-the-drawer-to-on-top-of-the-cookie-at-the-ri,episode_5,630,wrist,black_bowl,is_on_top_of,red_drawer
move-the-black-bowl-from-the-top-of-the-drawer-to-on-top-of-the-cookie-at-the-ri,episode_5,630,wrist,black_bowl,is_left_of,white_plate
move-the-black-bowl-from-the-top-of-the-drawer-to-on-top-of-the-cookie-at-the-ri,episode_5,630,wrist,cookie,is_below_of,black_bowl
move-the-black-bowl-from-the-top-of-the-drawer-to-on-top-of-the-cookie-at-the-ri,episode_5,630,wrist,cookie,is_on_top_of,red_drawer
move-the-black-bowl-from-the-top-of-the-drawer-to-on-top-of-the-cookie-at-the-ri,episode_5,630,wrist,cookie,is_left_of,white_plate
move-the-black-bowl-from-the-top-of-the-drawer-to-on-top-of-the-cookie-at-the-ri,episode_5,630,wrist,red_drawer,is_below_of,black_bowl
move-the-black-bowl-from-the-top-of-the-drawer-to-on-top-of-the-cookie-at-the-ri,episode_5,630,wrist,red_drawer,is_below_of,cookie
move-the-black-bowl-from-the-top-of-the-drawer-to-on-top-of-the-cookie-at-the-ri,episode_5,630,wrist,red_drawer,is_left_of,white_plate
move-the-black-bowl-from-the-top-of-the-drawer-to-on-top-of-the-cookie-at-the-ri,episode_5,630,wrist,white_plate,is_right_of,black_bowl
move-the-black-bowl-from-the-top-of-the-drawer-to-on-top-of-the-cookie-at-the-ri,episode_5,630,wrist,white_plate,is_right_of,cookie
move-the-black-bowl-from-the-top-of-the-drawer-to-on-top-of-the-cookie-at-the-ri,episode_5,630,wrist,white_plate,is_right_of,red_drawer
move-the-black-bowl-from-the-top-of-the-drawer-to-on-top-of-the-cookie-at-the-ri,episode_5,660,wrist,black_bowl,is_on_top_of,red_drawer
move-the-black-bowl-from-the-top-of-the-drawer-to-on-top-of-the-cookie-at-the-ri,episode_5,660,wrist,red_drawer,is_below_of,black_bowl
move-the-black-bowl-from-the-top-of-the-drawer-to-on-top-of-the-cookie-at-the-ri,episode_5,660,wrist,black_bowl,is_left_of,cookie
move-the-black-bowl-from-the-top-of-the-drawer-to-on-top-of-the-cookie-at-the-ri,episode_5,660,wrist,cookie,is_right_of,black_bowl
move-the-black-bowl-from-the-top-of-the-drawer-to-on-top-of-the-cookie-at-the-ri,episode_5,660,wrist,black_bowl,is_left_of,white_plate
move-the-black-bowl-from-the-top-of-the-drawer-to-on-top-of-the-cookie-at-the-ri,episode_5,660,wrist,white_plate,is_right_of,black_bowl
move-the-black-bowl-from-the-top-of-the-drawer-to-on-top-of-the-cookie-at-the-ri,episode_5,660,wrist,red_drawer,is_left_of,cookie
move-the-black-bowl-from-the-top-of-the-drawer-to-on-top-of-the-cookie-at-the-ri,episode_5,660,wrist,cookie,is_right_of,red_drawer
move-the-black-bowl-from-the-top-of-the-drawer-to-on-top-of-the-cookie-at-the-ri,episode_5,660,wrist,red_drawer,is_left_of,white_plate
move-the-black-bowl-from-the-top-of-the-drawer-to-on-top-of-the-cookie-at-the-ri,episode_5,660,wrist,white_plate,is_right_of,red_drawer
move-the-black-bowl-from-the-top-of-the-drawer-to-on-top-of-the-cookie-at-the-ri,episode_5,660,wrist,cookie,is_on_top_of,white_plate
move-the-black-bowl-from-the-top-of-the-drawer-to-on-top-of-the-cookie-at-the-ri,episode_5,660,wrist,white_plate,is_below_of,cookie
move-the-black-bowl-from-the-top-of-the-drawer-to-on-top-of-the-cookie-at-the-ri,episode_5,690,wrist,black_bowl,is_on_top_of,red_drawer
move-the-black-bowl-from-the-top-of-the-drawer-to-on-top-of-the-cookie-at-the-ri,episode_5,690,wrist,red_drawer,is_below_of,black_bowl
move-the-black-bowl-from-the-top-of-the-drawer-to-on-top-of-the-cookie-at-the-ri,episode_5,720,wrist,black_bowl,is_on_top_of,red_drawer
move-the-black-bowl-from-the-top-of-the-drawer-to-on-top-of-the-cookie-at-the-ri,episode_5,720,wrist,red_drawer,is_below_of,black_bowl
move-the-black-bowl-from-the-top-of-the-drawer-to-on-top-of-the-cookie-at-the-ri,episode_5,750,wrist,black_bowl,is_on_top_of,red_drawer
move-the-black-bowl-from-the-top-of-the-drawer-to-on-top-of-the-cookie-at-the-ri,episode_5,750,wrist,red_drawer,is_below_of,black_bowl
move-the-black-bowl-from-the-top-of-the-drawer-to-on-top-of-the-cookie-at-the-ri,episode_5,780,wrist,black_bowl,is_on_top_of,red_drawer
move-the-black-bowl-from-the-top-of-the-drawer-to-on-top-of-the-cookie-at-the-ri,episode_5,780,wrist,red_drawer,is_below_of,black_bowl
move-the-black-bowl-from-the-top-of-the-drawer-to-on-top-of-the-cookie-at-the-ri,episode_5,810,wrist,black_bowl,is_on_top_of,red_drawer
move-the-black-bowl-from-the-top-of-the-drawer-to-on-top-of-the-cookie-at-the-ri,episode_5,810,wrist,red_drawer,is_below_of,black_bowl
move-the-black-bowl-from-the-top-of-the-drawer-to-on-top-of-the-cookie-at-the-ri,episode_6,0,wrist,black_bowl,is_on_top_of,red_drawer
move-the-black-bowl-from-the-top-of-the-drawer-to-on-top-of-the-cookie-at-the-ri,episode_6,0,wrist,red_drawer,is_below_of,black_bowl
move-the-black-bowl-from-the-top-of-the-drawer-to-on-top-of-the-cookie-at-the-ri,episode_6,30,wrist,black_bowl,is_on_top_of,red_drawer
move-the-black-bowl-from-the-top-of-the-drawer-to-on-top-of-the-cookie-at-the-ri,episode_6,30,wrist,red_drawer,is_below_of,black_bowl
move-the-black-bowl-from-the-top-of-the-drawer-to-on-top-of-the-cookie-at-the-ri,episode_6,30,wrist,black_bowl,is_left_of,white_plate
move-the-black-bowl-from-the-top-of-the-drawer-to-on-top-of-the-cookie-at-the-ri,episode_6,30,wrist,white_plate,is_right_of,black_bowl
move-the-black-bowl-from-the-top-of-the-drawer-to-on-top-of-the-cookie-at-the-ri,episode_6,30,wrist,red_drawer,is_left_of,white_plate
move-the-black-bowl-from-the-top-of-the-drawer-to-on-top-of-the-cookie-at-the-ri,episode_6,30,wrist,white_plate,is_right_of,red_drawer
move-the-black-bowl-from-the-top-of-the-drawer-to-on-top-of-the-cookie-at-the-ri,episode_6,60,wrist,black_bowl,is_on_top_of,red_drawer
move-the-black-bowl-from-the-top-of-the-drawer-to-on-top-of-the-cookie-at-the-ri,episode_6,60,wrist,red_drawer,is_below_of,black_bowl
move-the-black-bowl-from-the-top-of-the-drawer-to-on-top-of-the-cookie-at-the-ri,episode_6,60,wrist,black_bowl,is_left_of,cookie
move-the-black-bowl-from-the-top-of-the-drawer-to-on-top-of-the-cookie-at-the-ri,episode_6,60,wrist,cookie,is_right_of,black_bowl
move-the-black-bowl-from-the-top-of-the-drawer-to-on-top-of-the-cookie-at-the-ri,episode_6,60,wrist,red_drawer,is_left_of,cookie
move-the-black-bowl-from-the-top-of-the-drawer-to-on-top-of-the-cookie-at-the-ri,episode_6,60,wrist,cookie,is_right_of,red_drawer
move-the-black-bowl-from-the-top-of-the-drawer-to-on-top-of-the-cookie-at-the-ri,episode_6,90,wrist,black_bowl,is_on_top_of,red_drawer
move-the-black-bowl-from-the-top-of-the-drawer-to-on-top-of-the-cookie-at-the-ri,episode_6,90,wrist,red_drawer,is_below_of,black_bowl
move-the-black-bowl-from-the-top-of-the-drawer-to-on-top-of-the-cookie-at-the-ri,episode_6,120,wrist,black_bowl,is_on_top_of,white_plate
move-the-black-bowl-from-the-top-of-the-drawer-to-on-top-of-the-cookie-at-the-ri,episode_6,120,wrist,white_plate,is_below_of,black_bowl
move-the-black-bowl-from-the-top-of-the-drawer-to-on-top-of-the-cookie-at-the-ri,episode_6,150,wrist,black_bowl,is_on_top_of,red_drawer
move-the-black-bowl-from-the-top-of-the-drawer-to-on-top-of-the-cookie-at-the-ri,episode_6,150,wrist,red_drawer,is_below_of,black_bowl
move-the-black-bowl-from-the-top-of-the-drawer-to-on-top-of-the-cookie-at-the-ri,episode_6,150,wrist,black_bowl,is_behind,black_stove
move-the-black-bowl-from-the-top-of-the-drawer-to-on-top-of-the-cookie-at-the-ri,episode_6,150,wrist,black_stove,is_in_front_of,black_bowl
move-the-black-bowl-from-the-top-of-the-drawer-to-on-top-of-the-cookie-at-the-ri,episode_6,150,wrist,red_drawer,is_behind,black_stove
move-the-black-bowl-from-the-top-of-the-drawer-to-on-top-of-the-cookie-at-the-ri,episode_6,150,wrist,black_stove,is_in_front_of,red_drawer
move-the-black-bowl-from-the-top-of-the-drawer-to-on-top-of-the-cookie-at-the-ri,episode_6,180,wrist,black_bowl,is_on_top_of,red_drawer
move-the-black-bowl-from-the-top-of-the-drawer-to-on-top-of-the-cookie-at-the-ri,episode_6,180,wrist,red_drawer,is_below_of,black_bowl
move-the-black-bowl-from-the-top-of-the-drawer-to-on-top-of-the-cookie-at-the-ri,episode_6,180,wrist,black_bowl,is_behind,black_stove
move-the-black-bowl-from-the-top-of-the-drawer-to-on-top-of-the-cookie-at-the-ri,episode_6,180,wrist,black_stove,is_in_front_of,black_bowl
move-the-black-bowl-from-the-top-of-the-drawer-to-on-top-of-the-cookie-at-the-ri,episode_6,180,wrist,black_bowl,is_behind,white_plate
move-the-black-bowl-from-the-top-of-the-drawer-to-on-top-of-the-cookie-at-the-ri,episode_6,180,wrist,white_plate,is_in_front_of,black_bowl
move-the-black-bowl-from-the-top-of-the-drawer-to-on-top-of-the-cookie-at-the-ri,episode_6,180,wrist,red_drawer,is_behind,black_stove
move-the-black-bowl-from-the-top-of-the-drawer-to-on-top-of-the-cookie-at-the-ri,episode_6,180,wrist,black_stove,is_in_front_of,red_drawer
move-the-black-bowl-from-the-top-of-the-drawer-to-on-top-of-the-cookie-at-the-ri,episode_6,180,wrist,red_drawer,is_behind,white_plate
move-the-black-bowl-from-the-top-of-the-drawer-to-on-top-of-the-cookie-at-the-ri,episode_6,180,wrist,white_plate,is_in_front_of,red_drawer
move-the-black-bowl-from-the-top-of-the-drawer-to-on-top-of-the-cookie-at-the-ri,episode_6,180,wrist,black_stove,is_left_of,white_plate
move-the-black-bowl-from-the-top-of-the-drawer-to-on-top-of-the-cookie-at-the-ri,episode_6,180,wrist,white_plate,is_right_of,black_stove
move-the-black-bowl-from-the-top-of-the-drawer-to-on-top-of-the-cookie-at-the-ri,episode_6,210,wrist,black_bowl,is_on_top_of,red_drawer
move-the-black-bowl-from-the-top-of-the-drawer-to-on-top-of-the-cookie-at-the-ri,episode_6,210,wrist,red_drawer,is_below_of,black_bowl
move-the-black-bowl-from-the-top-of-the-drawer-to-on-top-of-the-cookie-at-the-ri,episode_6,240,wrist,black_bowl,is_on_top_of,red_drawer
move-the-black-bowl-from-the-top-of-the-drawer-to-on-top-of-the-cookie-at-the-ri,episode_6,240,wrist,red_drawer,is_below_of,black_bowl
move-the-black-bowl-from-the-top-of-the-drawer-to-on-top-of-the-cookie-at-the-ri,episode_6,270,wrist,black_bowl,is_right_of,red_drawer
move-the-black-bowl-from-the-top-of-the-drawer-to-on-top-of-the-cookie-at-the-ri,episode_6,270,wrist,red_drawer,is_left_of,black_bowl
move-the-black-bowl-from-the-top-of-the-drawer-to-on-top-of-the-cookie-at-the-ri,episode_6,300,wrist,black_bowl,is_in_front_of,cookie
move-the-black-bowl-from-the-top-of-the-drawer-to-on-top-of-the-cookie-at-the-ri,episode_6,300,wrist,black_bowl,is_in_front_of,red_drawer
move-the-black-bowl-from-the-top-of-the-drawer-to-on-top-of-the-cookie-at-the-ri,episode_6,300,wrist,cookie,is_behind,black_bowl
move-the-black-bowl-from-the-top-of-the-drawer-to-on-top-of-the-cookie-at-the-ri,episode_6,300,wrist,cookie,is_right_of,red_drawer
move-the-black-bowl-from-the-top-of-the-drawer-to-on-top-of-the-cookie-at-the-ri,episode_6,300,wrist,red_drawer,is_behind,black_bowl
move-the-black-bowl-from-the-top-of-the-drawer-to-on-top-of-the-cookie-at-the-ri,episode_6,300,wrist,red_drawer,is_left_of,cookie
move-the-black-bowl-from-the-top-of-the-drawer-to-on-top-of-the-cookie-at-the-ri,episode_6,330,wrist,black_bowl,is_in_front_of,red_drawer
move-the-black-bowl-from-the-top-of-the-drawer-to-on-top-of-the-cookie-at-the-ri,episode_6,330,wrist,red_drawer,is_behind,black_bowl
move-the-black-bowl-from-the-top-of-the-drawer-to-on-top-of-the-cookie-at-the-ri,episode_6,360,wrist,black_bowl,is_in_front_of,cookie
move-the-black-bowl-from-the-top-of-the-drawer-to-on-top-of-the-cookie-at-the-ri,episode_6,360,wrist,cookie,is_behind,black_bowl
move-the-black-bowl-from-the-top-of-the-drawer-to-on-top-of-the-cookie-at-the-ri,episode_6,390,wrist,black_bowl,is_in_front_of,cookie
move-the-black-bowl-from-the-top-of-the-drawer-to-on-top-of-the-cookie-at-the-ri,episode_6,390,wrist,cookie,is_behind,black_bowl
move-the-black-bowl-from-the-top-of-the-drawer-to-on-top-of-the-cookie-at-the-ri,episode_6,420,wrist,black_bowl,is_on_top_of,cookie
move-the-black-bowl-from-the-top-of-the-drawer-to-on-top-of-the-cookie-at-the-ri,episode_6,420,wrist,cookie,is_below_of,black_bowl
move-the-black-bowl-from-the-top-of-the-drawer-to-on-top-of-the-cookie-at-the-ri,episode_6,420,wrist,black_bowl,is_in_front_of,black_stove
move-the-black-bowl-from-the-top-of-the-drawer-to-on-top-of-the-cookie-at-the-ri,episode_6,420,wrist,black_stove,is_behind,black_bowl
move-the-black-bowl-from-the-top-of-the-drawer-to-on-top-of-the-cookie-at-the-ri,episode_6,420,wrist,cookie,is_in_front_of,black_stove
move-the-black-bowl-from-the-top-of-the-drawer-to-on-top-of-the-cookie-at-the-ri,episode_6,420,wrist,black_stove,is_behind,cookie
move-the-black-bowl-from-the-top-of-the-drawer-to-on-top-of-the-cookie-at-the-ri,episode_6,450,wrist,black_bowl,is_left_of,white_plate
move-the-black-bowl-from-the-top-of-the-drawer-to-on-top-of-the-cookie-at-the-ri,episode_6,450,wrist,white_plate,is_right_of,black_bowl
move-the-black-bowl-from-the-top-of-the-drawer-to-on-top-of-the-cookie-at-the-ri,episode_6,450,wrist,black_bowl,is_on_top_of,cookie
move-the-black-bowl-from-the-top-of-the-drawer-to-on-top-of-the-cookie-at-the-ri,episode_6,450,wrist,cookie,is_below_of,black_bowl
move-the-black-bowl-from-the-top-of-the-drawer-to-on-top-of-the-cookie-at-the-ri,episode_6,450,wrist,black_bowl,is_on_top_of,red_drawer
move-the-black-bowl-from-the-top-of-the-drawer-to-on-top-of-the-cookie-at-the-ri,episode_6,450,wrist,red_drawer,is_below_of,black_bowl
move-the-black-bowl-from-the-top-of-the-drawer-to-on-top-of-the-cookie-at-the-ri,episode_6,450,wrist,white_plate,is_behind,cookie
move-the-black-bowl-from-the-top-of-the-drawer-to-on-top-of-the-cookie-at-the-ri,episode_6,450,wrist,cookie,is_in_front_of,white_plate
move-the-black-bowl-from-the-top-of-the-drawer-to-on-top-of-the-cookie-at-the-ri,episode_6,450,wrist,white_plate,is_on_top_of,red_drawer
move-the-black-bowl-from-the-top-of-the-drawer-to-on-top-of-the-cookie-at-the-ri,episode_6,450,wrist,red_drawer,is_below_of,white_plate
move-the-black-bowl-from-the-top-of-the-drawer-to-on-top-of-the-cookie-at-the-ri,episode_6,450,wrist,cookie,is_on_top_of,red_drawer
move-the-black-bowl-from-the-top-of-the-drawer-to-on-top-of-the-cookie-at-the-ri,episode_6,450,wrist,red_drawer,is_below_of,cookie
move-the-black-bowl-from-the-top-of-the-drawer-to-on-top-of-the-cookie-at-the-ri,episode_6,480,wrist,black_bowl,is_on_top_of,red_drawer
move-the-black-bowl-from-the-top-of-the-drawer-to-on-top-of-the-cookie-at-the-ri,episode_6,480,wrist,red_drawer,is_below_of,black_bowl
move-the-black-bowl-from-the-top-of-the-drawer-to-on-top-of-the-cookie-at-the-ri,episode_6,480,wrist,black_bowl,is_left_of,white_plate
move-the-black-bowl-from-the-top-of-the-drawer-to-on-top-of-the-cookie-at-the-ri,episode_6,480,wrist,white_plate,is_right_of,black_bowl
move-the-black-bowl-from-the-top-of-the-drawer-to-on-top-of-the-cookie-at-the-ri,episode_6,480,wrist,red_drawer,is_left_of,white_plate
move-the-black-bowl-from-the-top-of-the-drawer-to-on-top-of-the-cookie-at-the-ri,episode_6,480,wrist,white_plate,is_right_of,red_drawer
move-the-black-bowl-from-the-top-of-the-drawer-to-on-top-of-the-cookie-at-the-ri,episode_6,510,wrist,black_bowl,is_on_top_of,red_drawer
move-the-black-bowl-from-the-top-of-the-drawer-to-on-top-of-the-cookie-at-the-ri,episode_6,510,wrist,red_drawer,is_below_of,black_bowl
move-the-black-bowl-from-the-top-of-the-drawer-to-on-top-of-the-cookie-at-the-ri,episode_6,540,wrist,black_bowl,is_on_top_of,red_drawer
move-the-black-bowl-from-the-top-of-the-drawer-to-on-top-of-the-cookie-at-the-ri,episode_6,540,wrist,red_drawer,is_below_of,black_bowl
move-the-black-bowl-from-the-top-of-the-drawer-to-on-top-of-the-cookie-at-the-ri,episode_7,0,wrist,black_bowl,is_on_top_of,red_drawer
move-the-black-bowl-from-the-top-of-the-drawer-to-on-top-of-the-cookie-at-the-ri,episode_7,0,wrist,red_drawer,is_below_of,black_bowl
move-the-black-bowl-from-the-top-of-the-drawer-to-on-top-of-the-cookie-at-the-ri,episode_7,0,wrist,black_bowl,is_left_of,cookie
move-the-black-bowl-from-the-top-of-the-drawer-to-on-top-of-the-cookie-at-the-ri,episode_7,0,wrist,cookie,is_right_of,black_bowl
move-the-black-bowl-from-the-top-of-the-drawer-to-on-top-of-the-cookie-at-the-ri,episode_7,0,wrist,black_bowl,is_left_of,white_plate
move-the-black-bowl-from-the-top-of-the-drawer-to-on-top-of-the-cookie-at-the-ri,episode_7,0,wrist,white_plate,is_right_of,black_bowl
move-the-black-bowl-from-the-top-of-the-drawer-to-on-top-of-the-cookie-at-the-ri,episode_7,0,wrist,red_drawer,is_left_of,cookie
move-the-black-bowl-from-the-top-of-the-drawer-to-on-top-of-the-cookie-at-the-ri,episode_7,0,wrist,cookie,is_right_of,red_drawer
move-the-black-bowl-from-the-top-of-the-drawer-to-on-top-of-the-cookie-at-the-ri,episode_7,0,wrist,red_drawer,is_left_of,white_plate
move-the-black-bowl-from-the-top-of-the-drawer-to-on-top-of-the-cookie-at-the-ri,episode_7,0,wrist,white_plate,is_right_of,red_drawer
move-the-black-bowl-from-the-top-of-the-drawer-to-on-top-of-the-cookie-at-the-ri,episode_7,0,wrist,cookie,is_on_top_of,white_plate
move-the-black-bowl-from-the-top-of-the-drawer-to-on-top-of-the-cookie-at-the-ri,episode_7,0,wrist,white_plate,is_below_of,cookie
move-the-black-bowl-from-the-top-of-the-drawer-to-on-top-of-the-cookie-at-the-ri,episode_7,30,wrist,black_bowl,is_on_top_of,red_drawer
move-the-black-bowl-from-the-top-of-the-drawer-to-on-top-of-the-cookie-at-the-ri,episode_7,30,wrist,red_drawer,is_below_of,black_bowl
move-the-black-bowl-from-the-top-of-the-drawer-to-on-top-of-the-cookie-at-the-ri,episode_7,30,wrist,black_bowl,is_left_of,cookie
move-the-black-bowl-from-the-top-of-the-drawer-to-on-top-of-the-cookie-at-the-ri,episode_7,30,wrist,cookie,is_right_of,black_bowl
move-the-black-bowl-from-the-top-of-the-drawer-to-on-top-of-the-cookie-at-the-ri,episode_7,30,wrist,black_bowl,is_left_of,white_plate
move-the-black-bowl-from-the-top-of-the-drawer-to-on-top-of-the-cookie-at-the-ri,episode_7,30,wrist,white_plate,is_right_of,black_bowl
move-the-black-bowl-from-the-top-of-the-drawer-to-on-top-of-the-cookie-at-the-ri,episode_7,30,wrist,red_drawer,is_left_of,cookie
move-the-black-bowl-from-the-top-of-the-drawer-to-on-top-of-the-cookie-at-the-ri,episode_7,30,wrist,cookie,is_right_of,red_drawer
move-the-black-bowl-from-the-top-of-the-drawer-to-on-top-of-the-cookie-at-the-ri,episode_7,30,wrist,red_drawer,is_left_of,white_plate
move-the-black-bowl-from-the-top-of-the-drawer-to-on-top-of-the-cookie-at-the-ri,episode_7,30,wrist,white_plate,is_right_of,red_drawer
move-the-black-bowl-from-the-top-of-the-drawer-to-on-top-of-the-cookie-at-the-ri,episode_7,30,wrist,cookie,is_on_top_of,white_plate
move-the-black-bowl-from-the-top-of-the-drawer-to-on-top-of-the-cookie-at-the-ri,episode_7,30,wrist,white_plate,is_below_of,cookie
move-the-black-bowl-from-the-top-of-the-drawer-to-on-top-of-the-cookie-at-the-ri,episode_7,60,wrist,black_bowl,is_on_top_of,red_drawer
move-the-black-bowl-from-the-top-of-the-drawer-to-on-top-of-the-cookie-at-the-ri,episode_7,60,wrist,red_drawer,is_below_of,black_bowl
move-the-black-bowl-from-the-top-of-the-drawer-to-on-top-of-the-cookie-at-the-ri,episode_7,60,wrist,black_bowl,is_left_of,cookie
move-the-black-bowl-from-the-top-of-the-drawer-to-on-top-of-the-cookie-at-the-ri,episode_7,60,wrist,cookie,is_right_of,black_bowl
move-the-black-bowl-from-the-top-of-the-drawer-to-on-top-of-the-cookie-at-the-ri,episode_7,60,wrist,red_drawer,is_left_of,cookie
move-the-black-bowl-from-the-top-of-the-drawer-to-on-top-of-the-cookie-at-the-ri,episode_7,60,wrist,cookie,is_right_of,red_drawer
move-the-black-bowl-from-the-top-of-the-drawer-to-on-top-of-the-cookie-at-the-ri,episode_7,90,wrist,black_bowl,is_on_top_of,red_drawer
move-the-black-bowl-from-the-top-of-the-drawer-to-on-top-of-the-cookie-at-the-ri,episode_7,90,wrist,red_drawer,is_below_of,black_bowl
move-the-black-bowl-from-the-top-of-the-drawer-to-on-top-of-the-cookie-at-the-ri,episode_7,90,wrist,black_bowl,is_left_of,cookie
move-the-black-bowl-from-the-top-of-the-drawer-to-on-top-of-the-cookie-at-the-ri,episode_7,90,wrist,cookie,is_right_of,black_bowl
move-the-black-bowl-from-the-top-of-the-drawer-to-on-top-of-the-cookie-at-the-ri,episode_7,90,wrist,red_drawer,is_left_of,cookie
move-the-black-bowl-from-the-top-of-the-drawer-to-on-top-of-the-cookie-at-the-ri,episode_7,90,wrist,cookie,is_right_of,red_drawer
move-the-black-bowl-from-the-top-of-the-drawer-to-on-top-of-the-cookie-at-the-ri,episode_7,120,wrist,black_bowl,is_on_top_of,white_plate
move-the-black-bowl-from-the-top-of-the-drawer-to-on-top-of-the-cookie-at-the-ri,episode_7,120,wrist,white_plate,is_below_of,black_bowl
move-the-black-bowl-from-the-top-of-the-drawer-to-on-top-of-the-cookie-at-the-ri,episode_7,120,wrist,black_bowl,is_behind,cookie
move-the-black-bowl-from-the-top-of-the-drawer-to-on-top-of-the-cookie-at-the-ri,episode_7,120,wrist,cookie,is_in_front_of,black_bowl
move-the-black-bowl-from-the-top-of-the-drawer-to-on-top-of-the-cookie-at-the-ri,episode_7,120,wrist,white_plate,is_behind,cookie
move-the-black-bowl-from-the-top-of-the-drawer-to-on-top-of-the-cookie-at-the-ri,episode_7,120,wrist,cookie,is_in_front_of,white_plate
move-the-black-bowl-from-the-top-of-the-drawer-to-on-top-of-the-cookie-at-the-ri,episode_7,150,wrist,black_bowl,is_on_top_of,red_drawer
move-the-black-bowl-from-the-top-of-the-drawer-to-on-top-of-the-cookie-at-the-ri,episode_7,150,wrist,red_drawer,is_below_of,black_bowl
move-the-black-bowl-from-the-top-of-the-drawer-to-on-top-of-the-cookie-at-the-ri,episode_7,150,wrist,black_bowl,is_left_of,black_stove
move-the-black-bowl-from-the-top-of-the-drawer-to-on-top-of-the-cookie-at-the-ri,episode_7,150,wrist,black_stove,is_right_of,black_bowl
move-the-black-bowl-from-the-top-of-the-drawer-to-on-top-of-the-cookie-at-the-ri,episode_7,150,wrist,red_drawer,is_left_of,black_stove
move-the-black-bowl-from-the-top-of-the-drawer-to-on-top-of-the-cookie-at-the-ri,episode_7,150,wrist,black_stove,is_right_of,red_drawer
move-the-black-bowl-from-the-top-of-the-drawer-to-on-top-of-the-cookie-at-the-ri,episode_7,180,wrist,black_bowl,is_on_top_of,red_drawer
move-the-black-bowl-from-the-top-of-the-drawer-to-on-top-of-the-cookie-at-the-ri,episode_7,180,wrist,red_drawer,is_below_of,black_bowl
move-the-black-bowl-from-the-top-of-the-drawer-to-on-top-of-the-cookie-at-the-ri,episode_7,180,wrist,black_bowl,is_right_of,black_stove
move-the-black-bowl-from-the-top-of-the-drawer-to-on-top-of-the-cookie-at-the-ri,episode_7,180,wrist,black_stove,is_left_of,black_bowl
move-the-black-bowl-from-the-top-of-the-drawer-to-on-top-of-the-cookie-at-the-ri,episode_7,180,wrist,black_bowl,is_behind,cookie
move-the-black-bowl-from-the-top-of-the-drawer-to-on-top-of-the-cookie-at-the-ri,episode_7,180,wrist,cookie,is_in_front_of,black_bowl
move-the-black-bowl-from-the-top-of-the-drawer-to-on-top-of-the-cookie-at-the-ri,episode_7,180,wrist,black_bowl,is_behind,white_plate
move-the-black-bowl-from-the-top-of-the-drawer-to-on-top-of-the-cookie-at-the-ri,episode_7,180,wrist,white_plate,is_in_front_of,black_bowl
move-the-black-bowl-from-the-top-of-the-drawer-to-on-top-of-the-cookie-at-the-ri,episode_7,180,wrist,red_drawer,is_right_of,black_stove
move-the-black-bowl-from-the-top-of-the-drawer-to-on-top-of-the-cookie-at-the-ri,episode_7,180,wrist,black_stove,is_left_of,red_drawer
move-the-black-bowl-from-the-top-of-the-drawer-to-on-top-of-the-cookie-at-the-ri,episode_7,180,wrist,red_drawer,is_behind,cookie
move-the-black-bowl-from-the-top-of-the-drawer-to-on-top-of-the-cookie-at-the-ri,episode_7,180,wrist,cookie,is_in_front_of,red_drawer
move-the-black-bowl-from-the-top-of-the-drawer-to-on-top-of-the-cookie-at-the-ri,episode_7,180,wrist,red_drawer,is_behind,white_plate
move-the-black-bowl-from-the-top-of-the-drawer-to-on-top-of-the-cookie-at-the-ri,episode_7,180,wrist,white_plate,is_in_front_of,red_drawer
move-the-black-bowl-from-the-top-of-the-drawer-to-on-top-of-the-cookie-at-the-ri,episode_7,180,wrist,black_stove,is_behind,cookie
move-the-black-bowl-from-the-top-of-the-drawer-to-on-top-of-the-cookie-at-the-ri,episode_7,180,wrist,cookie,is_in_front_of,black_stove
move-the-black-bowl-from-the-top-of-the-drawer-to-on-top-of-the-cookie-at-the-ri,episode_7,180,wrist,black_stove,is_behind,white_plate
move-the-black-bowl-from-the-top-of-the-drawer-to-on-top-of-the-cookie-at-the-ri,episode_7,180,wrist,white_plate,is_in_front_of,black_stove
move-the-black-bowl-from-the-top-of-the-drawer-to-on-top-of-the-cookie-at-the-ri,episode_7,180,wrist,cookie,is_on_top_of,white_plate
move-the-black-bowl-from-the-top-of-the-drawer-to-on-top-of-the-cookie-at-the-ri,episode_7,180,wrist,white_plate,is_below_of,cookie
move-the-black-bowl-from-the-top-of-the-drawer-to-on-top-of-the-cookie-at-the-ri,episode_7,210,wrist,black_bowl,is_on_top_of,red_drawer
move-the-black-bowl-from-the-top-of-the-drawer-to-on-top-of-the-cookie-at-the-ri,episode_7,210,wrist,red_drawer,is_below_of,black_bowl
move-the-black-bowl-from-the-top-of-the-drawer-to-on-top-of-the-cookie-at-the-ri,episode_7,210,wrist,black_bowl,is_right_of,black_stove
move-the-black-bowl-from-the-top-of-the-drawer-to-on-top-of-the-cookie-at-the-ri,episode_7,210,wrist,black_stove,is_left_of,black_bowl
move-the-black-bowl-from-the-top-of-the-drawer-to-on-top-of-the-cookie-at-the-ri,episode_7,210,wrist,black_bowl,is_right_of,white_plate
move-the-black-bowl-from-the-top-of-the-drawer-to-on-top-of-the-cookie-at-the-ri,episode_7,210,wrist,white_plate,is_left_of,black_bowl
move-the-black-bowl-from-the-top-of-the-drawer-to-on-top-of-the-cookie-at-the-ri,episode_7,210,wrist,red_drawer,is_right_of,black_stove
move-the-black-bowl-from-the-top-of-the-drawer-to-on-top-of-the-cookie-at-the-ri,episode_7,210,wrist,black_stove,is_left_of,red_drawer
move-the-black-bowl-from-the-top-of-the-drawer-to-on-top-of-the-cookie-at-the-ri,episode_7,210,wrist,red_drawer,is_right_of,white_plate
move-the-black-bowl-from-the-top-of-the-drawer-to-on-top-of-the-cookie-at-the-ri,episode_7,210,wrist,white_plate,is_left_of,red_drawer
move-the-black-bowl-from-the-top-of-the-drawer-to-on-top-of-the-cookie-at-the-ri,episode_7,210,wrist,black_stove,is_behind,white_plate
move-the-black-bowl-from-the-top-of-the-drawer-to-on-top-of-the-cookie-at-the-ri,episode_7,210,wrist,white_plate,is_in_front_of,black_stove
move-the-black-bowl-from-the-top-of-the-drawer-to-on-top-of-the-cookie-at-the-ri,episode_7,240,wrist,black_bowl,is_on_top_of,red_drawer
move-the-black-bowl-from-the-top-of-the-drawer-to-on-top-of-the-cookie-at-the-ri,episode_7,240,wrist,red_drawer,is_below_of,black_bowl
move-the-black-bowl-from-the-top-of-the-drawer-to-on-top-of-the-cookie-at-the-ri,episode_7,240,wrist,black_bowl,is_right_of,black_stove
move-the-black-bowl-from-the-top-of-the-drawer-to-on-top-of-the-cookie-at-the-ri,episode_7,240,wrist,black_stove,is_left_of,black_bowl
move-the-black-bowl-from-the-top-of-the-drawer-to-on-top-of-the-cookie-at-the-ri,episode_7,240,wrist,black_bowl,is_right_of,white_plate
move-the-black-bowl-from-the-top-of-the-drawer-to-on-top-of-the-cookie-at-the-ri,episode_7,240,wrist,white_plate,is_left_of,black_bowl
move-the-black-bowl-from-the-top-of-the-drawer-to-on-top-of-the-cookie-at-the-ri,episode_7,240,wrist,red_drawer,is_right_of,black_stove
move-the-black-bowl-from-the-top-of-the-drawer-to-on-top-of-the-cookie-at-the-ri,episode_7,240,wrist,black_stove,is_left_of,red_drawer
move-the-black-bowl-from-the-top-of-the-drawer-to-on-top-of-the-cookie-at-the-ri,episode_7,240,wrist,red_drawer,is_right_of,white_plate
move-the-black-bowl-from-the-top-of-the-drawer-to-on-top-of-the-cookie-at-the-ri,episode_7,240,wrist,white_plate,is_left_of,red_drawer
move-the-black-bowl-from-the-top-of-the-drawer-to-on-top-of-the-cookie-at-the-ri,episode_7,240,wrist,black_stove,contains,white_plate
move-the-black-bowl-from-the-top-of-the-drawer-to-on-top-of-the-cookie-at-the-ri,episode_7,240,wrist,white_plate,is_inside,black_stove
move-the-black-bowl-from-the-top-of-the-drawer-to-on-top-of-the-cookie-at-the-ri,episode_7,270,wrist,black_bowl,is_on_top_of,red_drawer
move-the-black-bowl-from-the-top-of-the-drawer-to-on-top-of-the-cookie-at-the-ri,episode_7,270,wrist,red_drawer,is_below_of,black_bowl
move-the-black-bowl-from-the-top-of-the-drawer-to-on-top-of-the-cookie-at-the-ri,episode_7,270,wrist,black_bowl,is_right_of,black_stove
move-the-black-bowl-from-the-top-of-the-drawer-to-on-top-of-the-cookie-at-the-ri,episode_7,270,wrist,black_stove,is_left_of,black_bowl
move-the-black-bowl-from-the-top-of-the-drawer-to-on-top-of-the-cookie-at-the-ri,episode_7,270,wrist,red_drawer,is_right_of,black_stove
move-the-black-bowl-from-the-top-of-the-drawer-to-on-top-of-the-cookie-at-the-ri,episode_7,270,wrist,black_stove,is_left_of,red_drawer
move-the-black-bowl-from-the-top-of-the-drawer-to-on-top-of-the-cookie-at-the-ri,episode_7,300,wrist,black_bowl,is_in_front_of,red_drawer
move-the-black-bowl-from-the-top-of-the-drawer-to-on-top-of-the-cookie-at-the-ri,episode_7,300,wrist,red_drawer,is_behind,black_bowl
move-the-black-bowl-from-the-top-of-the-drawer-to-on-top-of-the-cookie-at-the-ri,episode_7,300,wrist,black_bowl,is_right_of,black_stove
move-the-black-bowl-from-the-top-of-the-drawer-to-on-top-of-the-cookie-at-the-ri,episode_7,300,wrist,black_stove,is_left_of,black_bowl
move-the-black-bowl-from-the-top-of-the-drawer-to-on-top-of-the-cookie-at-the-ri,episode_7,300,wrist,red_drawer,is_right_of,black_stove
move-the-black-bowl-from-the-top-of-the-drawer-to-on-top-of-the-cookie-at-the-ri,episode_7,300,wrist,black_stove,is_left_of,red_drawer
move-the-black-bowl-from-the-top-of-the-drawer-to-on-top-of-the-cookie-at-the-ri,episode_7,330,wrist,black_bowl,is_behind,cookie
move-the-black-bowl-from-the-top-of-the-drawer-to-on-top-of-the-cookie-at-the-ri,episode_7,330,wrist,cookie,is_in_front_of,black_bowl
move-the-black-bowl-from-the-top-of-the-drawer-to-on-top-of-the-cookie-at-the-ri,episode_7,360,wrist,black_bowl,is_on_top_of,cookie
move-the-black-bowl-from-the-top-of-the-drawer-to-on-top-of-the-cookie-at-the-ri,episode_7,360,wrist,cookie,is_below_of,black_bowl
move-the-black-bowl-from-the-top-of-the-drawer-to-on-top-of-the-cookie-at-the-ri,episode_7,390,wrist,black_bowl,is_on_top_of,cookie
move-the-black-bowl-from-the-top-of-the-drawer-to-on-top-of-the-cookie-at-the-ri,episode_7,390,wrist,cookie,is_below_of,black_bowl
move-the-black-bowl-from-the-top-of-the-drawer-to-on-top-of-the-cookie-at-the-ri,episode_7,420,wrist,black_bowl,is_behind,cookie
move-the-black-bowl-from-the-top-of-the-drawer-to-on-top-of-the-cookie-at-the-ri,episode_7,420,wrist,cookie,is_in_front_of,black_bowl
move-the-black-bowl-from-the-top-of-the-drawer-to-on-top-of-the-cookie-at-the-ri,episode_7,450,wrist,black_bowl,is_on_top_of,red_drawer
move-the-black-bowl-from-the-top-of-the-drawer-to-on-top-of-the-cookie-at-the-ri,episode_7,450,wrist,red_drawer,is_below_of,black_bowl
move-the-black-bowl-from-the-top-of-the-drawer-to-on-top-of-the-cookie-at-the-ri,episode_7,450,wrist,black_bowl,is_left_of,cookie
move-the-black-bowl-from-the-top-of-the-drawer-to-on-top-of-the-cookie-at-the-ri,episode_7,450,wrist,cookie,is_right_of,black_bowl
move-the-black-bowl-from-the-top-of-the-drawer-to-on-top-of-the-cookie-at-the-ri,episode_7,450,wrist,red_drawer,is_left_of,cookie
move-the-black-bowl-from-the-top-of-the-drawer-to-on-top-of-the-cookie-at-the-ri,episode_7,450,wrist,cookie,is_right_of,red_drawer
move-the-black-bowl-from-the-top-of-the-drawer-to-on-top-of-the-cookie-at-the-ri,episode_7,480,wrist,black_bowl,is_on_top_of,red_drawer
move-the-black-bowl-from-the-top-of-the-drawer-to-on-top-of-the-cookie-at-the-ri,episode_7,480,wrist,red_drawer,is_below_of,black_bowl
move-the-black-bowl-from-the-top-of-the-drawer-to-on-top-of-the-cookie-at-the-ri,episode_7,480,wrist,black_bowl,is_left_of,white_plate
move-the-black-bowl-from-the-top-of-the-drawer-to-on-top-of-the-cookie-at-the-ri,episode_7,480,wrist,white_plate,is_right_of,black_bowl
move-the-black-bowl-from-the-top-of-the-drawer-to-on-top-of-the-cookie-at-the-ri,episode_7,480,wrist,red_drawer,is_left_of,white_plate
move-the-black-bowl-from-the-top-of-the-drawer-to-on-top-of-the-cookie-at-the-ri,episode_7,480,wrist,white_plate,is_right_of,red_drawer
move-the-black-bowl-from-the-top-of-the-drawer-to-on-top-of-the-cookie-at-the-ri,episode_7,510,wrist,black_bowl,is_on_top_of,red_drawer
move-the-black-bowl-from-the-top-of-the-drawer-to-on-top-of-the-cookie-at-the-ri,episode_7,510,wrist,red_drawer,is_below_of,black_bowl
move-the-black-bowl-from-the-top-of-the-drawer-to-on-top-of-the-cookie-at-the-ri,episode_8,0,wrist,black_bowl,is_on_top_of,red_drawer
move-the-black-bowl-from-the-top-of-the-drawer-to-on-top-of-the-cookie-at-the-ri,episode_8,0,wrist,red_drawer,is_below_of,black_bowl
move-the-black-bowl-from-the-top-of-the-drawer-to-on-top-of-the-cookie-at-the-ri,episode_8,30,wrist,black_bowl,is_on_top_of,red_drawer
move-the-black-bowl-from-the-top-of-the-drawer-to-on-top-of-the-cookie-at-the-ri,episode_8,30,wrist,red_drawer,is_below_of,black_bowl
move-the-black-bowl-from-the-top-of-the-drawer-to-on-top-of-the-cookie-at-the-ri,episode_8,60,wrist,black_bowl,is_on_top_of,red_drawer
move-the-black-bowl-from-the-top-of-the-drawer-to-on-top-of-the-cookie-at-the-ri,episode_8,60,wrist,red_drawer,is_below_of,black_bowl
move-the-black-bowl-from-the-top-of-the-drawer-to-on-top-of-the-cookie-at-the-ri,episode_8,90,wrist,red_drawer,is_behind,black_stove
move-the-black-bowl-from-the-top-of-the-drawer-to-on-top-of-the-cookie-at-the-ri,episode_8,90,wrist,black_stove,is_in_front_of,red_drawer
move-the-black-bowl-from-the-top-of-the-drawer-to-on-top-of-the-cookie-at-the-ri,episode_8,120,wrist,black_bowl,is_on_top_of,red_drawer
move-the-black-bowl-from-the-top-of-the-drawer-to-on-top-of-the-cookie-at-the-ri,episode_8,120,wrist,red_drawer,is_below_of,black_bowl
move-the-black-bowl-from-the-top-of-the-drawer-to-on-top-of-the-cookie-at-the-ri,episode_8,120,wrist,black_bowl,is_right_of,black_stove
move-the-black-bowl-from-the-top-of-the-drawer-to-on-top-of-the-cookie-at-the-ri,episode_8,120,wrist,black_stove,is_left_of,black_bowl
move-the-black-bowl-from-the-top-of-the-drawer-to-on-top-of-the-cookie-at-the-ri,episode_8,120,wrist,red_drawer,is_right_of,black_stove
move-the-black-bowl-from-the-top-of-the-drawer-to-on-top-of-the-cookie-at-the-ri,episode_8,120,wrist,black_stove,is_left_of,red_drawer
move-the-black-bowl-from-the-top-of-the-drawer-to-on-top-of-the-cookie-at-the-ri,episode_8,150,wrist,black_bowl,is_on_top_of,red_drawer
move-the-black-bowl-from-the-top-of-the-drawer-to-on-top-of-the-cookie-at-the-ri,episode_8,150,wrist,red_drawer,is_below_of,black_bowl
move-the-black-bowl-from-the-top-of-the-drawer-to-on-top-of-the-cookie-at-the-ri,episode_8,150,wrist,black_bowl,is_right_of,black_stove
move-the-black-bowl-from-the-top-of-the-drawer-to-on-top-of-the-cookie-at-the-ri,episode_8,150,wrist,black_stove,is_left_of,black_bowl
move-the-black-bowl-from-the-top-of-the-drawer-to-on-top-of-the-cookie-at-the-ri,episode_8,150,wrist,red_drawer,is_right_of,black_stove
move-the-black-bowl-from-the-top-of-the-drawer-to-on-top-of-the-cookie-at-the-ri,episode_8,150,wrist,black_stove,is_left_of,red_drawer
move-the-black-bowl-from-the-top-of-the-drawer-to-on-top-of-the-cookie-at-the-ri,episode_8,180,wrist,black_bowl,is_on_top_of,red_drawer
move-the-black-bowl-from-the-top-of-the-drawer-to-on-top-of-the-cookie-at-the-ri,episode_8,180,wrist,red_drawer,is_below_of,black_bowl
move-the-black-bowl-from-the-top-of-the-drawer-to-on-top-of-the-cookie-at-the-ri,episode_8,180,wrist,black_bowl,is_right_of,black_stove
move-the-black-bowl-from-the-top-of-the-drawer-to-on-top-of-the-cookie-at-the-ri,episode_8,180,wrist,black_stove,is_left_of,black_bowl
move-the-black-bowl-from-the-top-of-the-drawer-to-on-top-of-the-cookie-at-the-ri,episode_8,180,wrist,red_drawer,is_right_of,black_stove
move-the-black-bowl-from-the-top-of-the-drawer-to-on-top-of-the-cookie-at-the-ri,episode_8,180,wrist,black_stove,is_left_of,red_drawer
move-the-black-bowl-from-the-top-of-the-drawer-to-on-top-of-the-cookie-at-the-ri,episode_8,210,wrist,black_bowl,is_on_top_of,red_drawer
move-the-black-bowl-from-the-top-of-the-drawer-to-on-top-of-the-cookie-at-the-ri,episode_8,210,wrist,red_drawer,is_below_of,black_bowl
move-the-black-bowl-from-the-top-of-the-drawer-to-on-top-of-the-cookie-at-the-ri,episode_8,210,wrist,black_bowl,is_right_of,black_stove
move-the-black-bowl-from-the-top-of-the-drawer-to-on-top-of-the-cookie-at-the-ri,episode_8,210,wrist,black_stove,is_left_of,black_bowl
move-the-black-bowl-from-the-top-of-the-drawer-to-on-top-of-the-cookie-at-the-ri,episode_8,210,wrist,red_drawer,is_right_of,black_stove
move-the-black-bowl-from-the-top-of-the-drawer-to-on-top-of-the-cookie-at-the-ri,episode_8,210,wrist,black_stove,is_left_of,red_drawer
move-the-black-bowl-from-the-top-of-the-drawer-to-on-top-of-the-cookie-at-the-ri,episode_8,240,wrist,black_bowl,is_on_top_of,red_drawer
move-the-black-bowl-from-the-top-of-the-drawer-to-on-top-of-the-cookie-at-the-ri,episode_8,240,wrist,red_drawer,is_below_of,black_bowl
move-the-black-bowl-from-the-top-of-the-drawer-to-on-top-of-the-cookie-at-the-ri,episode_8,240,wrist,black_bowl,is_in_front_of,black_stove
move-the-black-bowl-from-the-top-of-the-drawer-to-on-top-of-the-cookie-at-the-ri,episode_8,240,wrist,black_stove,is_behind,black_bowl
move-the-black-bowl-from-the-top-of-the-drawer-to-on-top-of-the-cookie-at-the-ri,episode_8,240,wrist,red_drawer,is_in_front_of,black_stove
move-the-black-bowl-from-the-top-of-the-drawer-to-on-top-of-the-cookie-at-the-ri,episode_8,240,wrist,black_stove,is_behind,red_drawer
move-the-black-bowl-from-the-top-of-the-drawer-to-on-top-of-the-cookie-at-the-ri,episode_8,270,wrist,black_bowl,is_on_top_of,red_drawer
move-the-black-bowl-from-the-top-of-the-drawer-to-on-top-of-the-cookie-at-the-ri,episode_8,270,wrist,red_drawer,is_below_of,black_bowl
move-the-black-bowl-from-the-top-of-the-drawer-to-on-top-of-the-cookie-at-the-ri,episode_8,300,wrist,black_bowl,is_in_front_of,red_drawer
move-the-black-bowl-from-the-top-of-the-drawer-to-on-top-of-the-cookie-at-the-ri,episode_8,300,wrist,red_drawer,is_behind,black_bowl
move-the-black-bowl-from-the-top-of-the-drawer-to-on-top-of-the-cookie-at-the-ri,episode_8,300,wrist,black_bowl,is_right_of,black_stove
move-the-black-bowl-from-the-top-of-the-drawer-to-on-top-of-the-cookie-at-the-ri,episode_8,300,wrist,black_stove,is_left_of,black_bowl
move-the-black-bowl-from-the-top-of-the-drawer-to-on-top-of-the-cookie-at-the-ri,episode_8,300,wrist,red_drawer,is_right_of,black_stove
move-the-black-bowl-from-the-top-of-the-drawer-to-on-top-of-the-cookie-at-the-ri,episode_8,300,wrist,black_stove,is_left_of,red_drawer
move-the-black-bowl-from-the-top-of-the-drawer-to-on-top-of-the-cookie-at-the-ri,episode_8,330,wrist,black_bowl,is_right_of,cookie
move-the-black-bowl-from-the-top-of-the-drawer-to-on-top-of-the-cookie-at-the-ri,episode_8,330,wrist,cookie,is_left_of,black_bowl
move-the-black-bowl-from-the-top-of-the-drawer-to-on-top-of-the-cookie-at-the-ri,episode_8,360,wrist,black_bowl,is_in_front_of,cookie
move-the-black-bowl-from-the-top-of-the-drawer-to-on-top-of-the-cookie-at-the-ri,episode_8,360,wrist,cookie,is_behind,black_bowl
move-the-black-bowl-from-the-top-of-the-drawer-to-on-top-of-the-cookie-at-the-ri,episode_8,390,wrist,black_bowl,is_in_front_of,cookie
move-the-black-bowl-from-the-top-of-the-drawer-to-on-top-of-the-cookie-at-the-ri,episode_8,390,wrist,cookie,is_behind,black_bowl
move-the-black-bowl-from-the-top-of-the-drawer-to-on-top-of-the-cookie-at-the-ri,episode_8,420,wrist,black_bowl,is_in_front_of,cookie
move-the-black-bowl-from-the-top-of-the-drawer-to-on-top-of-the-cookie-at-the-ri,episode_8,420,wrist,cookie,is_behind,black_bowl
move-the-black-bowl-from-the-top-of-the-drawer-to-on-top-of-the-cookie-at-the-ri,episode_8,450,wrist,black_bowl,is_in_front_of,cookie
move-the-black-bowl-from-the-top-of-the-drawer-to-on-top-of-the-cookie-at-the-ri,episode_8,450,wrist,cookie,is_behind,black_bowl
move-the-black-bowl-from-the-top-of-the-drawer-to-on-top-of-the-cookie-at-the-ri,episode_8,480,wrist,black_bowl,is_left_of,red_drawer
move-the-black-bowl-from-the-top-of-the-drawer-to-on-top-of-the-cookie-at-the-ri,episode_8,480,wrist,red_drawer,is_right_of,black_bowl
move-the-black-bowl-from-the-top-of-the-drawer-to-on-top-of-the-cookie-at-the-ri,episode_8,510,wrist,black_bowl,is_on_top_of,red_drawer
move-the-black-bowl-from-the-top-of-the-drawer-to-on-top-of-the-cookie-at-the-ri,episode_8,510,wrist,red_drawer,is_below_of,black_bowl
move-the-black-bowl-from-the-top-of-the-drawer-to-on-top-of-the-cookie-at-the-ri,episode_8,540,wrist,black_bowl,is_on_top_of,red_drawer
move-the-black-bowl-from-the-top-of-the-drawer-to-on-top-of-the-cookie-at-the-ri,episode_8,540,wrist,red_drawer,is_below_of,black_bowl
move-the-black-bowl-from-the-top-of-the-drawer-to-on-top-of-the-cookie-at-the-ri,episode_9,0,wrist,black_bowl,is_on_top_of,red_drawer
move-the-black-bowl-from-the-top-of-the-drawer-to-on-top-of-the-cookie-at-the-ri,episode_9,0,wrist,red_drawer,is_below_of,black_bowl
move-the-black-bowl-from-the-top-of-the-drawer-to-on-top-of-the-cookie-at-the-ri,episode_9,30,wrist,black_bowl,is_on_top_of,red_drawer
move-the-black-bowl-from-the-top-of-the-drawer-to-on-top-of-the-cookie-at-the-ri,episode_9,30,wrist,red_drawer,is_below_of,black_bowl
move-the-black-bowl-from-the-top-of-the-drawer-to-on-top-of-the-cookie-at-the-ri,episode_9,30,wrist,black_bowl,is_left_of,black_stove
move-the-black-bowl-from-the-top-of-the-drawer-to-on-top-of-the-cookie-at-the-ri,episode_9,30,wrist,black_stove,is_right_of,black_bowl
move-the-black-bowl-from-the-top-of-the-drawer-to-on-top-of-the-cookie-at-the-ri,episode_9,30,wrist,black_bowl,is_left_of,cookie
move-the-black-bowl-from-the-top-of-the-drawer-to-on-top-of-the-cookie-at-the-ri,episode_9,30,wrist,cookie,is_right_of,black_bowl
move-the-black-bowl-from-the-top-of-the-drawer-to-on-top-of-the-cookie-at-the-ri,episode_9,30,wrist,black_bowl,is_left_of,white_plate
move-the-black-bowl-from-the-top-of-the-drawer-to-on-top-of-the-cookie-at-the-ri,episode_9,30,wrist,white_plate,is_right_of,black_bowl
move-the-black-bowl-from-the-top-of-the-drawer-to-on-top-of-the-cookie-at-the-ri,episode_9,30,wrist,red_drawer,is_left_of,black_stove
move-the-black-bowl-from-the-top-of-the-drawer-to-on-top-of-the-cookie-at-the-ri,episode_9,30,wrist,black_stove,is_right_of,red_drawer
move-the-black-bowl-from-the-top-of-the-drawer-to-on-top-of-the-cookie-at-the-ri,episode_9,30,wrist,red_drawer,is_left_of,cookie
move-the-black-bowl-from-the-top-of-the-drawer-to-on-top-of-the-cookie-at-the-ri,episode_9,30,wrist,cookie,is_right_of,red_drawer
move-the-black-bowl-from-the-top-of-the-drawer-to-on-top-of-the-cookie-at-the-ri,episode_9,30,wrist,red_drawer,is_left_of,white_plate
move-the-black-bowl-from-the-top-of-the-drawer-to-on-top-of-the-cookie-at-the-ri,episode_9,30,wrist,white_plate,is_right_of,red_drawer
move-the-black-bowl-from-the-top-of-the-drawer-to-on-top-of-the-cookie-at-the-ri,episode_9,30,wrist,black_stove,is_behind,cookie
move-the-black-bowl-from-the-top-of-the-drawer-to-on-top-of-the-cookie-at-the-ri,episode_9,30,wrist,cookie,is_in_front_of,black_stove
move-the-black-bowl-from-the-top-of-the-drawer-to-on-top-of-the-cookie-at-the-ri,episode_9,30,wrist,black_stove,is_behind,white_plate
move-the-black-bowl-from-the-top-of-the-drawer-to-on-top-of-the-cookie-at-the-ri,episode_9,30,wrist,white_plate,is_in_front_of,black_stove
move-the-black-bowl-from-the-top-of-the-drawer-to-on-top-of-the-cookie-at-the-ri,episode_9,30,wrist,cookie,is_on_top_of,white_plate
move-the-black-bowl-from-the-top-of-the-drawer-to-on-top-of-the-cookie-at-the-ri,episode_9,30,wrist,white_plate,is_below_of,cookie
move-the-black-bowl-from-the-top-of-the-drawer-to-on-top-of-the-cookie-at-the-ri,episode_9,60,wrist,black_bowl,is_behind,red_drawer
move-the-black-bowl-from-the-top-of-the-drawer-to-on-top-of-the-cookie-at-the-ri,episode_9,60,wrist,red_drawer,is_in_front_of,black_bowl
move-the-black-bowl-from-the-top-of-the-drawer-to-on-top-of-the-cookie-at-the-ri,episode_9,90,wrist,black_bowl,is_behind,red_drawer
move-the-black-bowl-from-the-top-of-the-drawer-to-on-top-of-the-cookie-at-the-ri,episode_9,90,wrist,red_drawer,is_in_front_of,black_bowl
move-the-black-bowl-from-the-top-of-the-drawer-to-on-top-of-the-cookie-at-the-ri,episode_9,120,wrist,black_bowl,is_left_of,red_drawer
move-the-black-bowl-from-the-top-of-the-drawer-to-on-top-of-the-cookie-at-the-ri,episode_9,120,wrist,red_drawer,is_right_of,black_bowl
move-the-black-bowl-from-the-top-of-the-drawer-to-on-top-of-the-cookie-at-the-ri,episode_9,120,wrist,black_bowl,is_behind,black_stove
move-the-black-bowl-from-the-top-of-the-drawer-to-on-top-of-the-cookie-at-the-ri,episode_9,120,wrist,black_stove,is_in_front_of,black_bowl
move-the-black-bowl-from-the-top-of-the-drawer-to-on-top-of-the-cookie-at-the-ri,episode_9,120,wrist,red_drawer,is_behind,black_stove
move-the-black-bowl-from-the-top-of-the-drawer-to-on-top-of-the-cookie-at-the-ri,episode_9,120,wrist,black_stove,is_in_front_of,red_drawer
move-the-black-bowl-from-the-top-of-the-drawer-to-on-top-of-the-cookie-at-the-ri,episode_9,150,wrist,black_bowl,is_left_of,red_drawer
move-the-black-bowl-from-the-top-of-the-drawer-to-on-top-of-the-cookie-at-the-ri,episode_9,150,wrist,red_drawer,is_right_of,black_bowl
move-the-black-bowl-from-the-top-of-the-drawer-to-on-top-of-the-cookie-at-the-ri,episode_9,150,wrist,black_bowl,is_right_of,black_stove
move-the-black-bowl-from-the-top-of-the-drawer-to-on-top-of-the-cookie-at-the-ri,episode_9,150,wrist,black_stove,is_left_of,black_bowl
move-the-black-bowl-from-the-top-of-the-drawer-to-on-top-of-the-cookie-at-the-ri,episode_9,150,wrist,black_bowl,is_behind,cookie
move-the-black-bowl-from-the-top-of-the-drawer-to-on-top-of-the-cookie-at-the-ri,episode_9,150,wrist,cookie,is_in_front_of,black_bowl
move-the-black-bowl-from-the-top-of-the-drawer-to-on-top-of-the-cookie-at-the-ri,episode_9,150,wrist,black_bowl,is_behind,white_plate
move-the-black-bowl-from-the-top-of-the-drawer-to-on-top-of-the-cookie-at-the-ri,episode_9,150,wrist,white_plate,is_in_front_of,black_bowl
move-the-black-bowl-from-the-top-of-the-drawer-to-on-top-of-the-cookie-at-the-ri,episode_9,150,wrist,red_drawer,is_right_of,black_stove
move-the-black-bowl-from-the-top-of-the-drawer-to-on-top-of-the-cookie-at-the-ri,episode_9,150,wrist,black_stove,is_left_of,red_drawer
move-the-black-bowl-from-the-top-of-the-drawer-to-on-top-of-the-cookie-at-the-ri,episode_9,150,wrist,red_drawer,is_behind,cookie
move-the-black-bowl-from-the-top-of-the-drawer-to-on-top-of-the-cookie-at-the-ri,episode_9,150,wrist,cookie,is_in_front_of,red_drawer
move-the-black-bowl-from-the-top-of-the-drawer-to-on-top-of-the-cookie-at-the-ri,episode_9,150,wrist,red_drawer,is_behind,white_plate
move-the-black-bowl-from-the-top-of-the-drawer-to-on-top-of-the-cookie-at-the-ri,episode_9,150,wrist,white_plate,is_in_front_of,red_drawer
move-the-black-bowl-from-the-top-of-the-drawer-to-on-top-of-the-cookie-at-the-ri,episode_9,150,wrist,black_stove,is_behind,cookie
move-the-black-bowl-from-the-top-of-the-drawer-to-on-top-of-the-cookie-at-the-ri,episode_9,150,wrist,cookie,is_in_front_of,black_stove
move-the-black-bowl-from-the-top-of-the-drawer-to-on-top-of-the-cookie-at-the-ri,episode_9,150,wrist,black_stove,is_behind,white_plate
move-the-black-bowl-from-the-top-of-the-drawer-to-on-top-of-the-cookie-at-the-ri,episode_9,150,wrist,white_plate,is_in_front_of,black_stove
move-the-black-bowl-from-the-top-of-the-drawer-to-on-top-of-the-cookie-at-the-ri,episode_9,150,wrist,cookie,is_on_top_of,white_plate
move-the-black-bowl-from-the-top-of-the-drawer-to-on-top-of-the-cookie-at-the-ri,episode_9,150,wrist,white_plate,is_below_of,cookie
move-the-black-bowl-from-the-top-of-the-drawer-to-on-top-of-the-cookie-at-the-ri,episode_9,180,wrist,black_bowl,is_on_top_of,red_drawer
move-the-black-bowl-from-the-top-of-the-drawer-to-on-top-of-the-cookie-at-the-ri,episode_9,180,wrist,red_drawer,is_below_of,black_bowl
move-the-black-bowl-from-the-top-of-the-drawer-to-on-top-of-the-cookie-at-the-ri,episode_9,180,wrist,black_bowl,is_right_of,black_stove
move-the-black-bowl-from-the-top-of-the-drawer-to-on-top-of-the-cookie-at-the-ri,episode_9,180,wrist,black_stove,is_left_of,black_bowl
move-the-black-bowl-from-the-top-of-the-drawer-to-on-top-of-the-cookie-at-the-ri,episode_9,180,wrist,red_drawer,is_right_of,black_stove
move-the-black-bowl-from-the-top-of-the-drawer-to-on-top-of-the-cookie-at-the-ri,episode_9,180,wrist,black_stove,is_left_of,red_drawer
move-the-black-bowl-from-the-top-of-the-drawer-to-on-top-of-the-cookie-at-the-ri,episode_9,210,wrist,black_bowl,is_on_top_of,red_drawer
move-the-black-bowl-from-the-top-of-the-drawer-to-on-top-of-the-cookie-at-the-ri,episode_9,210,wrist,red_drawer,is_below_of,black_bowl
move-the-black-bowl-from-the-top-of-the-drawer-to-on-top-of-the-cookie-at-the-ri,episode_9,210,wrist,black_bowl,is_behind,black_stove
move-the-black-bowl-from-the-top-of-the-drawer-to-on-top-of-the-cookie-at-the-ri,episode_9,210,wrist,black_stove,is_in_front_of,black_bowl
move-the-black-bowl-from-the-top-of-the-drawer-to-on-top-of-the-cookie-at-the-ri,episode_9,210,wrist,red_drawer,is_behind,black_stove
move-the-black-bowl-from-the-top-of-the-drawer-to-on-top-of-the-cookie-at-the-ri,episode_9,210,wrist,black_stove,is_in_front_of,red_drawer
move-the-black-bowl-from-the-top-of-the-drawer-to-on-top-of-the-cookie-at-the-ri,episode_9,240,wrist,black_bowl,is_on_top_of,red_drawer
move-the-black-bowl-from-the-top-of-the-drawer-to-on-top-of-the-cookie-at-the-ri,episode_9,240,wrist,red_drawer,is_below_of,black_bowl
move-the-black-bowl-from-the-top-of-the-drawer-to-on-top-of-the-cookie-at-the-ri,episode_9,270,wrist,black_bowl,is_on_top_of,red_drawer
move-the-black-bowl-from-the-top-of-the-drawer-to-on-top-of-the-cookie-at-the-ri,episode_9,270,wrist,red_drawer,is_below_of,black_bowl
move-the-black-bowl-from-the-top-of-the-drawer-to-on-top-of-the-cookie-at-the-ri,episode_9,270,wrist,black_bowl,is_in_front_of,black_stove
move-the-black-bowl-from-the-top-of-the-drawer-to-on-top-of-the-cookie-at-the-ri,episode_9,270,wrist,black_stove,is_behind,black_bowl
move-the-black-bowl-from-the-top-of-the-drawer-to-on-top-of-the-cookie-at-the-ri,episode_9,270,wrist,red_drawer,is_in_front_of,black_stove
move-the-black-bowl-from-the-top-of-the-drawer-to-on-top-of-the-cookie-at-the-ri,episode_9,270,wrist,black_stove,is_behind,red_drawer
move-the-black-bowl-from-the-top-of-the-drawer-to-on-top-of-the-cookie-at-the-ri,episode_9,300,wrist,black_bowl,is_behind,red_drawer
move-the-black-bowl-from-the-top-of-the-drawer-to-on-top-of-the-cookie-at-the-ri,episode_9,300,wrist,red_drawer,is_in_front_of,black_bowl
move-the-black-bowl-from-the-top-of-the-drawer-to-on-top-of-the-cookie-at-the-ri,episode_9,330,wrist,black_bowl,is_in_front_of,cookie
move-the-black-bowl-from-the-top-of-the-drawer-to-on-top-of-the-cookie-at-the-ri,episode_9,330,wrist,cookie,is_behind,black_bowl
move-the-black-bowl-from-the-top-of-the-drawer-to-on-top-of-the-cookie-at-the-ri,episode_9,360,wrist,black_bowl,is_on_top_of,cookie
move-the-black-bowl-from-the-top-of-the-drawer-to-on-top-of-the-cookie-at-the-ri,episode_9,360,wrist,cookie,is_below_of,black_bowl
move-the-black-bowl-from-the-top-of-the-drawer-to-on-top-of-the-cookie-at-the-ri,episode_9,390,wrist,black_bowl,is_on_top_of,cookie
move-the-black-bowl-from-the-top-of-the-drawer-to-on-top-of-the-cookie-at-the-ri,episode_9,390,wrist,cookie,is_below_of,black_bowl
move-the-black-bowl-from-the-top-of-the-drawer-to-on-top-of-the-cookie-at-the-ri,episode_9,420,wrist,black_bowl,is_on_top_of,red_drawer
move-the-black-bowl-from-the-top-of-the-drawer-to-on-top-of-the-cookie-at-the-ri,episode_9,420,wrist,red_drawer,is_below_of,black_bowl
move-the-black-bowl-from-the-top-of-the-drawer-to-on-top-of-the-cookie-at-the-ri,episode_9,450,wrist,black_bowl,is_behind,red_drawer
move-the-black-bowl-from-the-top-of-the-drawer-to-on-top-of-the-cookie-at-the-ri,episode_9,450,wrist,red_drawer,is_in_front_of,black_bowl
move-the-black-bowl-from-the-top-of-the-drawer-to-on-top-of-the-cookie-at-the-ri,episode_9,480,wrist,black_bowl,is_behind,red_drawer
move-the-black-bowl-from-the-top-of-the-drawer-to-on-top-of-the-cookie-at-the-ri,episode_9,480,wrist,red_drawer,is_in_front_of,black_bowl
move-the-black-bowl-from-the-top-of-the-drawer-to-on-top-of-the-cookie-at-the-ri,episode_10,30,wrist,black_bowl,is_on_top_of,red_drawer
move-the-black-bowl-from-the-top-of-the-drawer-to-on-top-of-the-cookie-at-the-ri,episode_10,30,wrist,red_drawer,is_below_of,black_bowl
move-the-black-bowl-from-the-top-of-the-drawer-to-on-top-of-the-cookie-at-the-ri,episode_10,30,wrist,black_bowl,is_left_of,cookie
move-the-black-bowl-from-the-top-of-the-drawer-to-on-top-of-the-cookie-at-the-ri,episode_10,30,wrist,cookie,is_right_of,black_bowl
move-the-black-bowl-from-the-top-of-the-drawer-to-on-top-of-the-cookie-at-the-ri,episode_10,30,wrist,red_drawer,is_left_of,cookie
move-the-black-bowl-from-the-top-of-the-drawer-to-on-top-of-the-cookie-at-the-ri,episode_10,30,wrist,cookie,is_right_of,red_drawer
move-the-black-bowl-from-the-top-of-the-drawer-to-on-top-of-the-cookie-at-the-ri,episode_10,60,wrist,black_bowl,is_on_top_of,red_drawer
move-the-black-bowl-from-the-top-of-the-drawer-to-on-top-of-the-cookie-at-the-ri,episode_10,60,wrist,red_drawer,is_below_of,black_bowl
move-the-black-bowl-from-the-top-of-the-drawer-to-on-top-of-the-cookie-at-the-ri,episode_10,60,wrist,black_bowl,is_left_of,cookie
move-the-black-bowl-from-the-top-of-the-drawer-to-on-top-of-the-cookie-at-the-ri,episode_10,60,wrist,cookie,is_right_of,black_bowl
move-the-black-bowl-from-the-top-of-the-drawer-to-on-top-of-the-cookie-at-the-ri,episode_10,60,wrist,red_drawer,is_left_of,cookie
move-the-black-bowl-from-the-top-of-the-drawer-to-on-top-of-the-cookie-at-the-ri,episode_10,60,wrist,cookie,is_right_of,red_drawer
move-the-black-bowl-from-the-top-of-the-drawer-to-on-top-of-the-cookie-at-the-ri,episode_10,90,wrist,black_bowl,is_left_of,cookie
move-the-black-bowl-from-the-top-of-the-drawer-to-on-top-of-the-cookie-at-the-ri,episode_10,90,wrist,cookie,is_right_of,black_bowl
move-the-black-bowl-from-the-top-of-the-drawer-to-on-top-of-the-cookie-at-the-ri,episode_10,120,wrist,black_bowl,is_on_top_of,red_drawer
move-the-black-bowl-from-the-top-of-the-drawer-to-on-top-of-the-cookie-at-the-ri,episode_10,120,wrist,red_drawer,is_below_of,black_bowl
move-the-black-bowl-from-the-top-of-the-drawer-to-on-top-of-the-cookie-at-the-ri,episode_10,120,wrist,black_bowl,is_left_of,cookie
move-the-black-bowl-from-the-top-of-the-drawer-to-on-top-of-the-cookie-at-the-ri,episode_10,120,wrist,cookie,is_right_of,black_bowl
move-the-black-bowl-from-the-top-of-the-drawer-to-on-top-of-the-cookie-at-the-ri,episode_10,120,wrist,red_drawer,is_left_of,cookie
move-the-black-bowl-from-the-top-of-the-drawer-to-on-top-of-the-cookie-at-the-ri,episode_10,120,wrist,cookie,is_right_of,red_drawer
move-the-black-bowl-from-the-top-of-the-drawer-to-on-top-of-the-cookie-at-the-ri,episode_10,150,wrist,cookie,is_right_of,black_stove
move-the-black-bowl-from-the-top-of-the-drawer-to-on-top-of-the-cookie-at-the-ri,episode_10,150,wrist,black_stove,is_left_of,cookie
move-the-black-bowl-from-the-top-of-the-drawer-to-on-top-of-the-cookie-at-the-ri,episode_10,180,wrist,black_bowl,is_left_of,cookie
move-the-black-bowl-from-the-top-of-the-drawer-to-on-top-of-the-cookie-at-the-ri,episode_10,180,wrist,cookie,is_right_of,black_bowl
move-the-black-bowl-from-the-top-of-the-drawer-to-on-top-of-the-cookie-at-the-ri,episode_10,210,wrist,black_bowl,is_left_of,cookie
move-the-black-bowl-from-the-top-of-the-drawer-to-on-top-of-the-cookie-at-the-ri,episode_10,210,wrist,cookie,is_right_of,black_bowl
move-the-black-bowl-from-the-top-of-the-drawer-to-on-top-of-the-cookie-at-the-ri,episode_10,240,wrist,black_bowl,is_left_of,cookie
move-the-black-bowl-from-the-top-of-the-drawer-to-on-top-of-the-cookie-at-the-ri,episode_10,240,wrist,cookie,is_right_of,black_bowl
move-the-black-bowl-from-the-top-of-the-drawer-to-on-top-of-the-cookie-at-the-ri,episode_10,270,wrist,black_bowl,is_on_top_of,red_drawer
move-the-black-bowl-from-the-top-of-the-drawer-to-on-top-of-the-cookie-at-the-ri,episode_10,270,wrist,red_drawer,is_below_of,black_bowl
move-the-black-bowl-from-the-top-of-the-drawer-to-on-top-of-the-cookie-at-the-ri,episode_10,300,wrist,black_bowl,is_on_top_of,red_drawer
move-the-black-bowl-from-the-top-of-the-drawer-to-on-top-of-the-cookie-at-the-ri,episode_10,300,wrist,red_drawer,is_below_of,black_bowl
move-the-black-bowl-from-the-top-of-the-drawer-to-on-top-of-the-cookie-at-the-ri,episode_10,300,wrist,black_bowl,is_right_of,black_stove
move-the-black-bowl-from-the-top-of-the-drawer-to-on-top-of-the-cookie-at-the-ri,episode_10,300,wrist,black_stove,is_left_of,black_bowl
move-the-black-bowl-from-the-top-of-the-drawer-to-on-top-of-the-cookie-at-the-ri,episode_10,300,wrist,black_bowl,is_right_of,cookie
move-the-black-bowl-from-the-top-of-the-drawer-to-on-top-of-the-cookie-at-the-ri,episode_10,300,wrist,cookie,is_left_of,black_bowl
move-the-black-bowl-from-the-top-of-the-drawer-to-on-top-of-the-cookie-at-the-ri,episode_10,300,wrist,red_drawer,is_right_of,black_stove
move-the-black-bowl-from-the-top-of-the-drawer-to-on-top-of-the-cookie-at-the-ri,episode_10,300,wrist,black_stove,is_left_of,red_drawer
move-the-black-bowl-from-the-top-of-the-drawer-to-on-top-of-the-cookie-at-the-ri,episode_10,300,wrist,red_drawer,is_right_of,cookie
move-the-black-bowl-from-the-top-of-the-drawer-to-on-top-of-the-cookie-at-the-ri,episode_10,300,wrist,cookie,is_left_of,red_drawer
move-the-black-bowl-from-the-top-of-the-drawer-to-on-top-of-the-cookie-at-the-ri,episode_10,300,wrist,black_stove,is_behind,cookie
move-the-black-bowl-from-the-top-of-the-drawer-to-on-top-of-the-cookie-at-the-ri,episode_10,300,wrist,cookie,is_in_front_of,black_stove
move-the-black-bowl-from-the-top-of-the-drawer-to-on-top-of-the-cookie-at-the-ri,episode_10,330,wrist,black_bowl,is_on_top_of,red_drawer
move-the-black-bowl-from-the-top-of-the-drawer-to-on-top-of-the-cookie-at-the-ri,episode_10,330,wrist,red_drawer,is_below_of,black_bowl
move-the-black-bowl-from-the-top-of-the-drawer-to-on-top-of-the-cookie-at-the-ri,episode_10,330,wrist,black_bowl,is_right_of,black_stove
move-the-black-bowl-from-the-top-of-the-drawer-to-on-top-of-the-cookie-at-the-ri,episode_10,330,wrist,black_stove,is_left_of,black_bowl
move-the-black-bowl-from-the-top-of-the-drawer-to-on-top-of-the-cookie-at-the-ri,episode_10,330,wrist,black_bowl,is_right_of,cookie
move-the-black-bowl-from-the-top-of-the-drawer-to-on-top-of-the-cookie-at-the-ri,episode_10,330,wrist,cookie,is_left_of,black_bowl
move-the-black-bowl-from-the-top-of-the-drawer-to-on-top-of-the-cookie-at-the-ri,episode_10,330,wrist,black_bowl,is_right_of,white_plate
move-the-black-bowl-from-the-top-of-the-drawer-to-on-top-of-the-cookie-at-the-ri,episode_10,330,wrist,white_plate,is_left_of,black_bowl
move-the-black-bowl-from-the-top-of-the-drawer-to-on-top-of-the-cookie-at-the-ri,episode_10,330,wrist,red_drawer,is_right_of,black_stove
move-the-black-bowl-from-the-top-of-the-drawer-to-on-top-of-the-cookie-at-the-ri,episode_10,330,wrist,black_stove,is_left_of,red_drawer
move-the-black-bowl-from-the-top-of-the-drawer-to-on-top-of-the-cookie-at-the-ri,episode_10,330,wrist,red_drawer,is_right_of,cookie
move-the-black-bowl-from-the-top-of-the-drawer-to-on-top-of-the-cookie-at-the-ri,episode_10,330,wrist,cookie,is_left_of,red_drawer
move-the-black-bowl-from-the-top-of-the-drawer-to-on-top-of-the-cookie-at-the-ri,episode_10,330,wrist,red_drawer,is_right_of,white_plate
move-the-black-bowl-from-the-top-of-the-drawer-to-on-top-of-the-cookie-at-the-ri,episode_10,330,wrist,white_plate,is_left_of,red_drawer
move-the-black-bowl-from-the-top-of-the-drawer-to-on-top-of-the-cookie-at-the-ri,episode_10,330,wrist,black_stove,is_behind,cookie
move-the-black-bowl-from-the-top-of-the-drawer-to-on-top-of-the-cookie-at-the-ri,episode_10,330,wrist,cookie,is_in_front_of,black_stove
move-the-black-bowl-from-the-top-of-the-drawer-to-on-top-of-the-cookie-at-the-ri,episode_10,330,wrist,black_stove,is_behind,white_plate
move-the-black-bowl-from-the-top-of-the-drawer-to-on-top-of-the-cookie-at-the-ri,episode_10,330,wrist,white_plate,is_in_front_of,black_stove
move-the-black-bowl-from-the-top-of-the-drawer-to-on-top-of-the-cookie-at-the-ri,episode_10,330,wrist,cookie,is_on_top_of,white_plate
move-the-black-bowl-from-the-top-of-the-drawer-to-on-top-of-the-cookie-at-the-ri,episode_10,330,wrist,white_plate,is_below_of,cookie
move-the-black-bowl-from-the-top-of-the-drawer-to-on-top-of-the-cookie-at-the-ri,episode_10,360,wrist,black_bowl,is_on_top_of,red_drawer
move-the-black-bowl-from-the-top-of-the-drawer-to-on-top-of-the-cookie-at-the-ri,episode_10,360,wrist,red_drawer,is_below_of,black_bowl
move-the-black-bowl-from-the-top-of-the-drawer-to-on-top-of-the-cookie-at-the-ri,episode_10,360,wrist,black_bowl,is_behind,black_stove
move-the-black-bowl-from-the-top-of-the-drawer-to-on-top-of-the-cookie-at-the-ri,episode_10,360,wrist,black_stove,is_in_front_of,black_bowl
move-the-black-bowl-from-the-top-of-the-drawer-to-on-top-of-the-cookie-at-the-ri,episode_10,360,wrist,black_bowl,is_behind,cookie
move-the-black-bowl-from-the-top-of-the-drawer-to-on-top-of-the-cookie-at-the-ri,episode_10,360,wrist,cookie,is_in_front_of,black_bowl
move-the-black-bowl-from-the-top-of-the-drawer-to-on-top-of-the-cookie-at-the-ri,episode_10,360,wrist,red_drawer,is_behind,black_stove
move-the-black-bowl-from-the-top-of-the-drawer-to-on-top-of-the-cookie-at-the-ri,episode_10,360,wrist,black_stove,is_in_front_of,red_drawer
move-the-black-bowl-from-the-top-of-the-drawer-to-on-top-of-the-cookie-at-the-ri,episode_10,360,wrist,red_drawer,is_behind,cookie
move-the-black-bowl-from-the-top-of-the-drawer-to-on-top-of-the-cookie-at-the-ri,episode_10,360,wrist,cookie,is_in_front_of,red_drawer
move-the-black-bowl-from-the-top-of-the-drawer-to-on-top-of-the-cookie-at-the-ri,episode_10,360,wrist,black_stove,is_left_of,cookie
move-the-black-bowl-from-the-top-of-the-drawer-to-on-top-of-the-cookie-at-the-ri,episode_10,360,wrist,cookie,is_right_of,black_stove
move-the-black-bowl-from-the-top-of-the-drawer-to-on-top-of-the-cookie-at-the-ri,episode_10,390,wrist,black_bowl,is_behind,cookie
move-the-black-bowl-from-the-top-of-the-drawer-to-on-top-of-the-cookie-at-the-ri,episode_10,390,wrist,cookie,is_in_front_of,black_bowl
move-the-black-bowl-from-the-top-of-the-drawer-to-on-top-of-the-cookie-at-the-ri,episode_10,390,wrist,black_bowl,is_right_of,red_drawer
move-the-black-bowl-from-the-top-of-the-drawer-to-on-top-of-the-cookie-at-the-ri,episode_10,390,wrist,red_drawer,is_left_of,black_bowl
move-the-black-bowl-from-the-top-of-the-drawer-to-on-top-of-the-cookie-at-the-ri,episode_10,390,wrist,black_bowl,is_right_of,black_stove
move-the-black-bowl-from-the-top-of-the-drawer-to-on-top-of-the-cookie-at-the-ri,episode_10,390,wrist,black_stove,is_left_of,black_bowl
move-the-black-bowl-from-the-top-of-the-drawer-to-on-top-of-the-cookie-at-the-ri,episode_10,390,wrist,red_drawer,is_behind,cookie
move-the-black-bowl-from-the-top-of-the-drawer-to-on-top-of-the-cookie-at-the-ri,episode_10,390,wrist,cookie,is_in_front_of,red_drawer
move-the-black-bowl-from-the-top-of-the-drawer-to-on-top-of-the-cookie-at-the-ri,episode_10,390,wrist,red_drawer,is_behind,black_stove
move-the-black-bowl-from-the-top-of-the-drawer-to-on-top-of-the-cookie-at-the-ri,episode_10,390,wrist,black_stove,is_in_front_of,red_drawer
move-the-black-bowl-from-the-top-of-the-drawer-to-on-top-of-the-cookie-at-the-ri,episode_10,390,wrist,black_stove,is_left_of,cookie
move-the-black-bowl-from-the-top-of-the-drawer-to-on-top-of-the-cookie-at-the-ri,episode_10,390,wrist,cookie,is_right_of,black_stove
move-the-black-bowl-from-the-top-of-the-drawer-to-on-top-of-the-cookie-at-the-ri,episode_10,420,wrist,black_bowl,is_right_of,cookie
move-the-black-bowl-from-the-top-of-the-drawer-to-on-top-of-the-cookie-at-the-ri,episode_10,420,wrist,cookie,is_left_of,black_bowl
move-the-black-bowl-from-the-top-of-the-drawer-to-on-top-of-the-cookie-at-the-ri,episode_10,450,wrist,black_bowl,is_in_front_of,red_drawer
move-the-black-bowl-from-the-top-of-the-drawer-to-on-top-of-the-cookie-at-the-ri,episode_10,450,wrist,red_drawer,is_behind,black_bowl
move-the-black-bowl-from-the-top-of-the-drawer-to-on-top-of-the-cookie-at-the-ri,episode_10,480,wrist,black_bowl,is_behind,red_drawer
move-the-black-bowl-from-the-top-of-the-drawer-to-on-top-of-the-cookie-at-the-ri,episode_10,480,wrist,red_drawer,is_in_front_of,black_bowl
move-the-black-bowl-from-the-top-of-the-drawer-to-on-top-of-the-cookie-at-the-ri,episode_10,510,wrist,black_bowl,is_on_top_of,red_drawer
move-the-black-bowl-from-the-top-of-the-drawer-to-on-top-of-the-cookie-at-the-ri,episode_10,510,wrist,red_drawer,is_below_of,black_bowl
move-the-black-bowl-from-the-top-of-the-drawer-to-on-top-of-the-cookie-at-the-ri,episode_10,540,wrist,black_bowl,is_in_front_of,cookie
move-the-black-bowl-from-the-top-of-the-drawer-to-on-top-of-the-cookie-at-the-ri,episode_10,540,wrist,cookie,is_behind,black_bowl
move-the-black-bowl-from-the-top-of-the-drawer-to-on-top-of-the-cookie-at-the-ri,episode_10,570,wrist,black_bowl,is_in_front_of,cookie
move-the-black-bowl-from-the-top-of-the-drawer-to-on-top-of-the-cookie-at-the-ri,episode_10,570,wrist,cookie,is_behind,black_bowl
move-the-black-bowl-from-the-top-of-the-drawer-to-on-top-of-the-cookie-at-the-ri,episode_10,600,wrist,black_bowl,is_behind,cookie
move-the-black-bowl-from-the-top-of-the-drawer-to-on-top-of-the-cookie-at-the-ri,episode_10,600,wrist,cookie,is_in_front_of,black_bowl
move-the-black-bowl-from-the-top-of-the-drawer-to-on-top-of-the-cookie-at-the-ri,episode_10,630,wrist,black_bowl,is_on_top_of,cookie
move-the-black-bowl-from-the-top-of-the-drawer-to-on-top-of-the-cookie-at-the-ri,episode_10,630,wrist,cookie,is_below_of,black_bowl
move-the-black-bowl-from-the-top-of-the-drawer-to-on-top-of-the-cookie-at-the-ri,episode_10,660,wrist,black_bowl,is_on_top_of,cookie
move-the-black-bowl-from-the-top-of-the-drawer-to-on-top-of-the-cookie-at-the-ri,episode_10,660,wrist,cookie,is_below_of,black_bowl
move-the-black-bowl-from-the-top-of-the-drawer-to-on-top-of-the-cookie-at-the-ri,episode_10,690,wrist,black_bowl,is_on_top_of,cookie
move-the-black-bowl-from-the-top-of-the-drawer-to-on-top-of-the-cookie-at-the-ri,episode_10,690,wrist,cookie,is_below_of,black_bowl
move-the-black-bowl-from-the-top-of-the-drawer-to-on-top-of-the-cookie-at-the-ri,episode_10,720,wrist,black_bowl,is_on_top_of,black_stove
move-the-black-bowl-from-the-top-of-the-drawer-to-on-top-of-the-cookie-at-the-ri,episode_10,720,wrist,black_stove,is_below_of,black_bowl
move-the-black-bowl-from-the-top-of-the-drawer-to-on-top-of-the-cookie-at-the-ri,episode_10,720,wrist,black_bowl,is_left_of,cookie
move-the-black-bowl-from-the-top-of-the-drawer-to-on-top-of-the-cookie-at-the-ri,episode_10,720,wrist,cookie,is_right_of,black_bowl
move-the-black-bowl-from-the-top-of-the-drawer-to-on-top-of-the-cookie-at-the-ri,episode_10,720,wrist,black_bowl,is_in_front_of,red_drawer
move-the-black-bowl-from-the-top-of-the-drawer-to-on-top-of-the-cookie-at-the-ri,episode_10,720,wrist,red_drawer,is_behind,black_bowl
move-the-black-bowl-from-the-top-of-the-drawer-to-on-top-of-the-cookie-at-the-ri,episode_10,720,wrist,black_stove,is_left_of,cookie
move-the-black-bowl-from-the-top-of-the-drawer-to-on-top-of-the-cookie-at-the-ri,episode_10,720,wrist,cookie,is_right_of,black_stove
move-the-black-bowl-from-the-top-of-the-drawer-to-on-top-of-the-cookie-at-the-ri,episode_10,720,wrist,black_stove,is_in_front_of,red_drawer
move-the-black-bowl-from-the-top-of-the-drawer-to-on-top-of-the-cookie-at-the-ri,episode_10,720,wrist,red_drawer,is_behind,black_stove
move-the-black-bowl-from-the-top-of-the-drawer-to-on-top-of-the-cookie-at-the-ri,episode_10,720,wrist,cookie,is_in_front_of,red_drawer
move-the-black-bowl-from-the-top-of-the-drawer-to-on-top-of-the-cookie-at-the-ri,episode_10,720,wrist,red_drawer,is_behind,cookie
move-the-black-bowl-from-the-top-of-the-drawer-to-on-top-of-the-cookie-at-the-ri,episode_10,750,wrist,black_bowl,is_on_top_of,red_drawer
move-the-black-bowl-from-the-top-of-the-drawer-to-on-top-of-the-cookie-at-the-ri,episode_10,750,wrist,red_drawer,is_below_of,black_bowl
move-the-black-bowl-from-the-top-of-the-drawer-to-on-top-of-the-cookie-at-the-ri,episode_10,750,wrist,black_bowl,is_behind,cookie
move-the-black-bowl-from-the-top-of-the-drawer-to-on-top-of-the-cookie-at-the-ri,episode_10,750,wrist,cookie,is_in_front_of,black_bowl
move-the-black-bowl-from-the-top-of-the-drawer-to-on-top-of-the-cookie-at-the-ri,episode_10,750,wrist,black_bowl,is_left_of,white_plate
move-the-black-bowl-from-the-top-of-the-drawer-to-on-top-of-the-cookie-at-the-ri,episode_10,750,wrist,white_plate,is_right_of,black_bowl
move-the-black-bowl-from-the-top-of-the-drawer-to-on-top-of-the-cookie-at-the-ri,episode_10,750,wrist,red_drawer,is_behind,cookie
move-the-black-bowl-from-the-top-of-the-drawer-to-on-top-of-the-cookie-at-the-ri,episode_10,750,wrist,cookie,is_in_front_of,red_drawer
move-the-black-bowl-from-the-top-of-the-drawer-to-on-top-of-the-cookie-at-the-ri,episode_10,750,wrist,red_drawer,is_left_of,white_plate
move-the-black-bowl-from-the-top-of-the-drawer-to-on-top-of-the-cookie-at-the-ri,episode_10,750,wrist,white_plate,is_right_of,red_drawer
move-the-black-bowl-from-the-top-of-the-drawer-to-on-top-of-the-cookie-at-the-ri,episode_10,750,wrist,cookie,is_in_front_of,white_plate
move-the-black-bowl-from-the-top-of-the-drawer-to-on-top-of-the-cookie-at-the-ri,episode_10,750,wrist,white_plate,is_behind,cookie
move-the-black-bowl-from-the-top-of-the-drawer-to-on-top-of-the-cookie-at-the-ri,episode_10,780,wrist,black_bowl,is_behind,white_plate
move-the-black-bowl-from-the-top-of-the-drawer-to-on-top-of-the-cookie-at-the-ri,episode_10,780,wrist,white_plate,is_in_front_of,black_bowl
move-the-black-bowl-from-the-top-of-the-drawer-to-on-top-of-the-cookie-at-the-ri,episode_10,780,wrist,black_bowl,is_left_of,red_drawer
move-the-black-bowl-from-the-top-of-the-drawer-to-on-top-of-the-cookie-at-the-ri,episode_10,780,wrist,red_drawer,is_right_of,black_bowl
move-the-black-bowl-from-the-top-of-the-drawer-to-on-top-of-the-cookie-at-the-ri,episode_10,780,wrist,black_bowl,is_on_top_of,cookie
move-the-black-bowl-from-the-top-of-the-drawer-to-on-top-of-the-cookie-at-the-ri,episode_10,780,wrist,cookie,is_below_of,black_bowl
move-the-black-bowl-from-the-top-of-the-drawer-to-on-top-of-the-cookie-at-the-ri,episode_10,780,wrist,white_plate,is_left_of,red_drawer
move-the-black-bowl-from-the-top-of-the-drawer-to-on-top-of-the-cookie-at-the-ri,episode_10,780,wrist,red_drawer,is_right_of,white_plate
move-the-black-bowl-from-the-top-of-the-drawer-to-on-top-of-the-cookie-at-the-ri,episode_10,780,wrist,white_plate,is_in_front_of,cookie
move-the-black-bowl-from-the-top-of-the-drawer-to-on-top-of-the-cookie-at-the-ri,episode_10,780,wrist,cookie,is_behind,white_plate
move-the-black-bowl-from-the-top-of-the-drawer-to-on-top-of-the-cookie-at-the-ri,episode_10,780,wrist,red_drawer,is_behind,cookie
move-the-black-bowl-from-the-top-of-the-drawer-to-on-top-of-the-cookie-at-the-ri,episode_10,780,wrist,cookie,is_in_front_of,red_drawer
move-the-black-bowl-from-the-top-of-the-drawer-to-on-top-of-the-cookie-at-the-ri,episode_10,810,wrist,black_bowl,is_on_top_of,cookie
move-the-black-bowl-from-the-top-of-the-drawer-to-on-top-of-the-cookie-at-the-ri,episode_10,810,wrist,cookie,is_below_of,black_bowl
move-the-black-bowl-from-the-top-of-the-drawer-to-on-top-of-the-cookie-at-the-ri,episode_10,810,wrist,black_bowl,is_in_front_of,red_drawer
move-the-black-bowl-from-the-top-of-the-drawer-to-on-top-of-the-cookie-at-the-ri,episode_10,810,wrist,red_drawer,is_behind,black_bowl
move-the-black-bowl-from-the-top-of-the-drawer-to-on-top-of-the-cookie-at-the-ri,episode_10,810,wrist,black_bowl,is_right_of,white_plate
move-the-black-bowl-from-the-top-of-the-drawer-to-on-top-of-the-cookie-at-the-ri,episode_10,810,wrist,white_plate,is_left_of,black_bowl
move-the-black-bowl-from-the-top-of-the-drawer-to-on-top-of-the-cookie-at-the-ri,episode_10,810,wrist,cookie,is_in_front_of,red_drawer
move-the-black-bowl-from-the-top-of-the-drawer-to-on-top-of-the-cookie-at-the-ri,episode_10,810,wrist,red_drawer,is_behind,cookie
move-the-black-bowl-from-the-top-of-the-drawer-to-on-top-of-the-cookie-at-the-ri,episode_10,810,wrist,cookie,is_right_of,white_plate
move-the-black-bowl-from-the-top-of-the-drawer-to-on-top-of-the-cookie-at-the-ri,episode_10,810,wrist,white_plate,is_left_of,cookie
move-the-black-bowl-from-the-top-of-the-drawer-to-on-top-of-the-cookie-at-the-ri,episode_10,810,wrist,red_drawer,is_behind,white_plate
move-the-black-bowl-from-the-top-of-the-drawer-to-on-top-of-the-cookie-at-the-ri,episode_10,810,wrist,white_plate,is_in_front_of,red_drawer
move-the-black-bowl-from-the-top-of-the-drawer-to-on-top-of-the-cookie-at-the-ri,episode_11,0,wrist,black_bowl,is_in_front_of,red_drawer
move-the-black-bowl-from-the-top-of-the-drawer-to-on-top-of-the-cookie-at-the-ri,episode_11,0,wrist,red_drawer,is_behind,black_bowl
move-the-black-bowl-from-the-top-of-the-drawer-to-on-top-of-the-cookie-at-the-ri,episode_11,30,wrist,black_bowl,is_in_front_of,red_drawer
move-the-black-bowl-from-the-top-of-the-drawer-to-on-top-of-the-cookie-at-the-ri,episode_11,30,wrist,red_drawer,is_behind,black_bowl
move-the-black-bowl-from-the-top-of-the-drawer-to-on-top-of-the-cookie-at-the-ri,episode_11,30,wrist,black_bowl,is_on_top_of,black_stove
move-the-black-bowl-from-the-top-of-the-drawer-to-on-top-of-the-cookie-at-the-ri,episode_11,30,wrist,black_stove,is_below_of,black_bowl
move-the-black-bowl-from-the-top-of-the-drawer-to-on-top-of-the-cookie-at-the-ri,episode_11,30,wrist,red_drawer,is_behind,black_stove
move-the-black-bowl-from-the-top-of-the-drawer-to-on-top-of-the-cookie-at-the-ri,episode_11,30,wrist,black_stove,is_in_front_of,red_drawer
move-the-black-bowl-from-the-top-of-the-drawer-to-on-top-of-the-cookie-at-the-ri,episode_11,60,wrist,black_bowl,is_in_front_of,red_drawer
move-the-black-bowl-from-the-top-of-the-drawer-to-on-top-of-the-cookie-at-the-ri,episode_11,60,wrist,red_drawer,is_behind,black_bowl
move-the-black-bowl-from-the-top-of-the-drawer-to-on-top-of-the-cookie-at-the-ri,episode_11,60,wrist,black_bowl,is_right_of,black_stove
move-the-black-bowl-from-the-top-of-the-drawer-to-on-top-of-the-cookie-at-the-ri,episode_11,60,wrist,black_stove,is_left_of,black_bowl
move-the-black-bowl-from-the-top-of-the-drawer-to-on-top-of-the-cookie-at-the-ri,episode_11,60,wrist,red_drawer,is_right_of,black_stove
move-the-black-bowl-from-the-top-of-the-drawer-to-on-top-of-the-cookie-at-the-ri,episode_11,60,wrist,black_stove,is_left_of,red_drawer
move-the-black-bowl-from-the-top-of-the-drawer-to-on-top-of-the-cookie-at-the-ri,episode_11,90,wrist,black_bowl,is_in_front_of,red_drawer
move-the-black-bowl-from-the-top-of-the-drawer-to-on-top-of-the-cookie-at-the-ri,episode_11,90,wrist,red_drawer,is_behind,black_bowl
move-the-black-bowl-from-the-top-of-the-drawer-to-on-top-of-the-cookie-at-the-ri,episode_11,90,wrist,black_bowl,is_on_top_of,black_stove
move-the-black-bowl-from-the-top-of-the-drawer-to-on-top-of-the-cookie-at-the-ri,episode_11,90,wrist,black_stove,is_below_of,black_bowl
move-the-black-bowl-from-the-top-of-the-drawer-to-on-top-of-the-cookie-at-the-ri,episode_11,90,wrist,red_drawer,is_behind,black_stove
move-the-black-bowl-from-the-top-of-the-drawer-to-on-top-of-the-cookie-at-the-ri,episode_11,90,wrist,black_stove,is_in_front_of,red_drawer
move-the-black-bowl-from-the-top-of-the-drawer-to-on-top-of-the-cookie-at-the-ri,episode_11,120,wrist,black_bowl,is_in_front_of,red_drawer
move-the-black-bowl-from-the-top-of-the-drawer-to-on-top-of-the-cookie-at-the-ri,episode_11,120,wrist,red_drawer,is_behind,black_bowl
move-the-black-bowl-from-the-top-of-the-drawer-to-on-top-of-the-cookie-at-the-ri,episode_11,120,wrist,black_bowl,is_on_top_of,black_stove
move-the-black-bowl-from-the-top-of-the-drawer-to-on-top-of-the-cookie-at-the-ri,episode_11,120,wrist,black_stove,is_below_of,black_bowl
move-the-black-bowl-from-the-top-of-the-drawer-to-on-top-of-the-cookie-at-the-ri,episode_11,120,wrist,red_drawer,is_behind,black_stove
move-the-black-bowl-from-the-top-of-the-drawer-to-on-top-of-the-cookie-at-the-ri,episode_11,120,wrist,black_stove,is_in_front_of,red_drawer
move-the-black-bowl-from-the-top-of-the-drawer-to-on-top-of-the-cookie-at-the-ri,episode_11,150,wrist,black_bowl,is_in_front_of,red_drawer
move-the-black-bowl-from-the-top-of-the-drawer-to-on-top-of-the-cookie-at-the-ri,episode_11,150,wrist,red_drawer,is_behind,black_bowl
move-the-black-bowl-from-the-top-of-the-drawer-to-on-top-of-the-cookie-at-the-ri,episode_11,150,wrist,black_bowl,is_on_top_of,black_stove
move-the-black-bowl-from-the-top-of-the-drawer-to-on-top-of-the-cookie-at-the-ri,episode_11,150,wrist,black_stove,is_below_of,black_bowl
move-the-black-bowl-from-the-top-of-the-drawer-to-on-top-of-the-cookie-at-the-ri,episode_11,150,wrist,red_drawer,is_behind,black_stove
move-the-black-bowl-from-the-top-of-the-drawer-to-on-top-of-the-cookie-at-the-ri,episode_11,150,wrist,black_stove,is_in_front_of,red_drawer
move-the-black-bowl-from-the-top-of-the-drawer-to-on-top-of-the-cookie-at-the-ri,episode_11,180,wrist,black_bowl,is_in_front_of,red_drawer
move-the-black-bowl-from-the-top-of-the-drawer-to-on-top-of-the-cookie-at-the-ri,episode_11,180,wrist,red_drawer,is_behind,black_bowl
move-the-black-bowl-from-the-top-of-the-drawer-to-on-top-of-the-cookie-at-the-ri,episode_11,180,wrist,black_bowl,is_on_top_of,black_stove
move-the-black-bowl-from-the-top-of-the-drawer-to-on-top-of-the-cookie-at-the-ri,episode_11,180,wrist,black_stove,is_below_of,black_bowl
move-the-black-bowl-from-the-top-of-the-drawer-to-on-top-of-the-cookie-at-the-ri,episode_11,180,wrist,red_drawer,is_behind,black_stove
move-the-black-bowl-from-the-top-of-the-drawer-to-on-top-of-the-cookie-at-the-ri,episode_11,180,wrist,black_stove,is_in_front_of,red_drawer
move-the-black-bowl-from-the-top-of-the-drawer-to-on-top-of-the-cookie-at-the-ri,episode_11,210,wrist,black_bowl,is_left_of,red_drawer
move-the-black-bowl-from-the-top-of-the-drawer-to-on-top-of-the-cookie-at-the-ri,episode_11,210,wrist,red_drawer,is_right_of,black_bowl
move-the-black-bowl-from-the-top-of-the-drawer-to-on-top-of-the-cookie-at-the-ri,episode_11,210,wrist,black_bowl,is_behind,black_stove
move-the-black-bowl-from-the-top-of-the-drawer-to-on-top-of-the-cookie-at-the-ri,episode_11,210,wrist,black_stove,is_in_front_of,black_bowl
move-the-black-bowl-from-the-top-of-the-drawer-to-on-top-of-the-cookie-at-the-ri,episode_11,210,wrist,red_drawer,is_behind,black_stove
move-the-black-bowl-from-the-top-of-the-drawer-to-on-top-of-the-cookie-at-the-ri,episode_11,210,wrist,black_stove,is_in_front_of,red_drawer
move-the-black-bowl-from-the-top-of-the-drawer-to-on-top-of-the-cookie-at-the-ri,episode_11,240,wrist,black_bowl,is_in_front_of,red_drawer
move-the-black-bowl-from-the-top-of-the-drawer-to-on-top-of-the-cookie-at-the-ri,episode_11,240,wrist,red_drawer,is_behind,black_bowl
move-the-black-bowl-from-the-top-of-the-drawer-to-on-top-of-the-cookie-at-the-ri,episode_11,240,wrist,black_bowl,is_on_top_of,black_stove
move-the-black-bowl-from-the-top-of-the-drawer-to-on-top-of-the-cookie-at-the-ri,episode_11,240,wrist,black_stove,is_below_of,black_bowl
move-the-black-bowl-from-the-top-of-the-drawer-to-on-top-of-the-cookie-at-the-ri,episode_11,240,wrist,red_drawer,is_behind,black_stove
move-the-black-bowl-from-the-top-of-the-drawer-to-on-top-of-the-cookie-at-the-ri,episode_11,240,wrist,black_stove,is_in_front_of,red_drawer
move-the-black-bowl-from-the-top-of-the-drawer-to-on-top-of-the-cookie-at-the-ri,episode_11,270,wrist,black_bowl,is_in_front_of,red_drawer
move-the-black-bowl-from-the-top-of-the-drawer-to-on-top-of-the-cookie-at-the-ri,episode_11,270,wrist,red_drawer,is_behind,black_bowl
move-the-black-bowl-from-the-top-of-the-drawer-to-on-top-of-the-cookie-at-the-ri,episode_11,270,wrist,black_bowl,is_on_top_of,black_stove
move-the-black-bowl-from-the-top-of-the-drawer-to-on-top-of-the-cookie-at-the-ri,episode_11,270,wrist,black_stove,is_below_of,black_bowl
move-the-black-bowl-from-the-top-of-the-drawer-to-on-top-of-the-cookie-at-the-ri,episode_11,270,wrist,red_drawer,is_behind,black_stove
move-the-black-bowl-from-the-top-of-the-drawer-to-on-top-of-the-cookie-at-the-ri,episode_11,270,wrist,black_stove,is_in_front_of,red_drawer
move-the-black-bowl-from-the-top-of-the-drawer-to-on-top-of-the-cookie-at-the-ri,episode_11,300,wrist,black_bowl,is_left_of,red_drawer
move-the-black-bowl-from-the-top-of-the-drawer-to-on-top-of-the-cookie-at-the-ri,episode_11,300,wrist,red_drawer,is_right_of,black_bowl
move-the-black-bowl-from-the-top-of-the-drawer-to-on-top-of-the-cookie-at-the-ri,episode_11,300,wrist,black_bowl,is_on_top_of,black_stove
move-the-black-bowl-from-the-top-of-the-drawer-to-on-top-of-the-cookie-at-the-ri,episode_11,300,wrist,black_stove,is_below_of,black_bowl
move-the-black-bowl-from-the-top-of-the-drawer-to-on-top-of-the-cookie-at-the-ri,episode_11,300,wrist,red_drawer,is_behind,black_stove
move-the-black-bowl-from-the-top-of-the-drawer-to-on-top-of-the-cookie-at-the-ri,episode_11,300,wrist,black_stove,is_in_front_of,red_drawer
move-the-black-bowl-from-the-top-of-the-drawer-to-on-top-of-the-cookie-at-the-ri,episode_11,330,wrist,black_bowl,is_on_top_of,red_drawer
move-the-black-bowl-from-the-top-of-the-drawer-to-on-top-of-the-cookie-at-the-ri,episode_11,330,wrist,red_drawer,is_below_of,black_bowl
move-the-black-bowl-from-the-top-of-the-drawer-to-on-top-of-the-cookie-at-the-ri,episode_11,330,wrist,black_bowl,is_right_of,black_stove
move-the-black-bowl-from-the-top-of-the-drawer-to-on-top-of-the-cookie-at-the-ri,episode_11,330,wrist,black_stove,is_left_of,black_bowl
move-the-black-bowl-from-the-top-of-the-drawer-to-on-top-of-the-cookie-at-the-ri,episode_11,330,wrist,red_drawer,is_right_of,black_stove
move-the-black-bowl-from-the-top-of-the-drawer-to-on-top-of-the-cookie-at-the-ri,episode_11,330,wrist,black_stove,is_left_of,red_drawer
move-the-black-bowl-from-the-top-of-the-drawer-to-on-top-of-the-cookie-at-the-ri,episode_11,360,wrist,black_bowl,is_on_top_of,red_drawer
move-the-black-bowl-from-the-top-of-the-drawer-to-on-top-of-the-cookie-at-the-ri,episode_11,360,wrist,red_drawer,is_below_of,black_bowl
move-the-black-bowl-from-the-top-of-the-drawer-to-on-top-of-the-cookie-at-the-ri,episode_11,360,wrist,black_bowl,is_right_of,black_stove
move-the-black-bowl-from-the-top-of-the-drawer-to-on-top-of-the-cookie-at-the-ri,episode_11,360,wrist,black_stove,is_left_of,black_bowl
move-the-black-bowl-from-the-top-of-the-drawer-to-on-top-of-the-cookie-at-the-ri,episode_11,360,wrist,red_drawer,is_right_of,black_stove
move-the-black-bowl-from-the-top-of-the-drawer-to-on-top-of-the-cookie-at-the-ri,episode_11,360,wrist,black_stove,is_left_of,red_drawer
move-the-black-bowl-from-the-top-of-the-drawer-to-on-top-of-the-cookie-at-the-ri,episode_11,390,wrist,black_bowl,is_on_top_of,red_drawer
move-the-black-bowl-from-the-top-of-the-drawer-to-on-top-of-the-cookie-at-the-ri,episode_11,390,wrist,red_drawer,is_below_of,black_bowl
move-the-black-bowl-from-the-top-of-the-drawer-to-on-top-of-the-cookie-at-the-ri,episode_11,390,wrist,black_bowl,is_right_of,black_stove
move-the-black-bowl-from-the-top-of-the-drawer-to-on-top-of-the-cookie-at-the-ri,episode_11,390,wrist,black_stove,is_left_of,black_bowl
move-the-black-bowl-from-the-top-of-the-drawer-to-on-top-of-the-cookie-at-the-ri,episode_11,390,wrist,red_drawer,is_right_of,black_stove
move-the-black-bowl-from-the-top-of-the-drawer-to-on-top-of-the-cookie-at-the-ri,episode_11,390,wrist,black_stove,is_left_of,red_drawer
move-the-black-bowl-from-the-top-of-the-drawer-to-on-top-of-the-cookie-at-the-ri,episode_11,420,wrist,black_bowl,is_behind,red_drawer
move-the-black-bowl-from-the-top-of-the-drawer-to-on-top-of-the-cookie-at-the-ri,episode_11,420,wrist,red_drawer,is_in_front_of,black_bowl
move-the-black-bowl-from-the-top-of-the-drawer-to-on-top-of-the-cookie-at-the-ri,episode_11,450,wrist,black_bowl,is_in_front_of,cookie
move-the-black-bowl-from-the-top-of-the-drawer-to-on-top-of-the-cookie-at-the-ri,episode_11,450,wrist,black_bowl,is_in_front_of,white_plate
move-the-black-bowl-from-the-top-of-the-drawer-to-on-top-of-the-cookie-at-the-ri,episode_11,450,wrist,cookie,is_behind,black_bowl
move-the-black-bowl-from-the-top-of-the-drawer-to-on-top-of-the-cookie-at-the-ri,episode_11,450,wrist,cookie,is_on_top_of,white_plate
move-the-black-bowl-from-the-top-of-the-drawer-to-on-top-of-the-cookie-at-the-ri,episode_11,450,wrist,white_plate,is_behind,black_bowl
move-the-black-bowl-from-the-top-of-the-drawer-to-on-top-of-the-cookie-at-the-ri,episode_11,450,wrist,white_plate,is_below_of,cookie
move-the-black-bowl-from-the-top-of-the-drawer-to-on-top-of-the-cookie-at-the-ri,episode_11,480,wrist,black_bowl,is_in_front_of,cookie
move-the-black-bowl-from-the-top-of-the-drawer-to-on-top-of-the-cookie-at-the-ri,episode_11,480,wrist,cookie,is_behind,black_bowl
move-the-black-bowl-from-the-top-of-the-drawer-to-on-top-of-the-cookie-at-the-ri,episode_11,510,wrist,black_bowl,is_on_top_of,cookie
move-the-black-bowl-from-the-top-of-the-drawer-to-on-top-of-the-cookie-at-the-ri,episode_11,510,wrist,cookie,is_below_of,black_bowl
move-the-black-bowl-from-the-top-of-the-drawer-to-on-top-of-the-cookie-at-the-ri,episode_11,540,wrist,black_bowl,is_in_front_of,cookie
move-the-black-bowl-from-the-top-of-the-drawer-to-on-top-of-the-cookie-at-the-ri,episode_11,540,wrist,cookie,is_behind,black_bowl
move-the-black-bowl-from-the-top-of-the-drawer-to-on-top-of-the-cookie-at-the-ri,episode_11,570,wrist,black_bowl,is_on_top_of,cookie
move-the-black-bowl-from-the-top-of-the-drawer-to-on-top-of-the-cookie-at-the-ri,episode_11,570,wrist,cookie,is_below_of,black_bowl
move-the-black-bowl-from-the-top-of-the-drawer-to-on-top-of-the-cookie-at-the-ri,episode_11,600,wrist,black_bowl,is_on_top_of,cookie
move-the-black-bowl-from-the-top-of-the-drawer-to-on-top-of-the-cookie-at-the-ri,episode_11,600,wrist,cookie,is_below_of,black_bowl
move-the-black-bowl-from-the-top-of-the-drawer-to-on-top-of-the-cookie-at-the-ri,episode_11,630,wrist,black_bowl,is_on_top_of,cookie
move-the-black-bowl-from-the-top-of-the-drawer-to-on-top-of-the-cookie-at-the-ri,episode_11,630,wrist,cookie,is_below_of,black_bowl
move-the-black-bowl-from-the-top-of-the-drawer-to-on-top-of-the-cookie-at-the-ri,episode_11,660,wrist,black_bowl,is_on_top_of,red_drawer
move-the-black-bowl-from-the-top-of-the-drawer-to-on-top-of-the-cookie-at-the-ri,episode_11,660,wrist,red_drawer,is_below_of,black_bowl
move-the-black-bowl-from-the-top-of-the-drawer-to-on-top-of-the-cookie-at-the-ri,episode_11,660,wrist,black_bowl,is_behind,cookie
move-the-black-bowl-from-the-top-of-the-drawer-to-on-top-of-the-cookie-at-the-ri,episode_11,660,wrist,cookie,is_in_front_of,black_bowl
move-the-black-bowl-from-the-top-of-the-drawer-to-on-top-of-the-cookie-at-the-ri,episode_11,660,wrist,red_drawer,is_behind,cookie
move-the-black-bowl-from-the-top-of-the-drawer-to-on-top-of-the-cookie-at-the-ri,episode_11,660,wrist,cookie,is_in_front_of,red_drawer
move-the-black-bowl-from-the-top-of-the-drawer-to-on-top-of-the-cookie-at-the-ri,episode_11,690,wrist,black_bowl,is_on_top_of,red_drawer
move-the-black-bowl-from-the-top-of-the-drawer-to-on-top-of-the-cookie-at-the-ri,episode_11,690,wrist,red_drawer,is_below_of,black_bowl
move-the-black-bowl-from-the-top-of-the-drawer-to-on-top-of-the-cookie-at-the-ri,episode_11,720,wrist,black_bowl,is_on_top_of,red_drawer
move-the-black-bowl-from-the-top-of-the-drawer-to-on-top-of-the-cookie-at-the-ri,episode_11,720,wrist,red_drawer,is_below_of,black_bowl
move-the-black-bowl-from-the-top-of-the-drawer-to-on-top-of-the-cookie-at-the-ri,episode_11,750,wrist,black_bowl,is_on_top_of,red_drawer
move-the-black-bowl-from-the-top-of-the-drawer-to-on-top-of-the-cookie-at-the-ri,episode_11,750,wrist,red_drawer,is_below_of,black_bowl
move-the-black-bowl-from-the-top-of-the-drawer-to-on-top-of-the-cookie-at-the-ri,episode_11,780,wrist,black_bowl,is_behind,red_drawer
move-the-black-bowl-from-the-top-of-the-drawer-to-on-top-of-the-cookie-at-the-ri,episode_11,780,wrist,red_drawer,is_in_front_of,black_bowl
move-the-black-bowl-from-the-top-of-the-drawer-to-on-top-of-the-cookie-at-the-ri,episode_16,0,wrist,cookie,is_on_top_of,white_plate
move-the-black-bowl-from-the-top-of-the-drawer-to-on-top-of-the-cookie-at-the-ri,episode_16,0,wrist,white_plate,is_below_of,cookie
move-the-black-bowl-from-the-top-of-the-drawer-to-on-top-of-the-cookie-at-the-ri,episode_16,30,wrist,cookie,is_on_top_of,white_plate
move-the-black-bowl-from-the-top-of-the-drawer-to-on-top-of-the-cookie-at-the-ri,episode_16,30,wrist,white_plate,is_below_of,cookie
move-the-black-bowl-from-the-top-of-the-drawer-to-on-top-of-the-cookie-at-the-ri,episode_16,60,wrist,cookie,is_in_front_of,white_plate
move-the-black-bowl-from-the-top-of-the-drawer-to-on-top-of-the-cookie-at-the-ri,episode_16,60,wrist,white_plate,is_behind,cookie
move-the-black-bowl-from-the-top-of-the-drawer-to-on-top-of-the-cookie-at-the-ri,episode_16,90,wrist,cookie,is_in_front_of,black_bowl
move-the-black-bowl-from-the-top-of-the-drawer-to-on-top-of-the-cookie-at-the-ri,episode_16,90,wrist,black_bowl,is_behind,cookie
move-the-black-bowl-from-the-top-of-the-drawer-to-on-top-of-the-cookie-at-the-ri,episode_16,120,wrist,cookie,is_on_top_of,white_plate
move-the-black-bowl-from-the-top-of-the-drawer-to-on-top-of-the-cookie-at-the-ri,episode_16,120,wrist,white_plate,is_below_of,cookie
move-the-black-bowl-from-the-top-of-the-drawer-to-on-top-of-the-cookie-at-the-ri,episode_16,150,wrist,cookie,is_in_front_of,white_plate
move-the-black-bowl-from-the-top-of-the-drawer-to-on-top-of-the-cookie-at-the-ri,episode_16,150,wrist,white_plate,is_behind,cookie
move-the-black-bowl-from-the-top-of-the-drawer-to-on-top-of-the-cookie-at-the-ri,episode_16,180,wrist,cookie,is_in_front_of,red_drawer
move-the-black-bowl-from-the-top-of-the-drawer-to-on-top-of-the-cookie-at-the-ri,episode_16,180,wrist,red_drawer,is_behind,cookie
move-the-black-bowl-from-the-top-of-the-drawer-to-on-top-of-the-cookie-at-the-ri,episode_16,210,wrist,black_bowl,is_on_top_of,red_drawer
move-the-black-bowl-from-the-top-of-the-drawer-to-on-top-of-the-cookie-at-the-ri,episode_16,210,wrist,red_drawer,is_below_of,black_bowl
move-the-black-bowl-from-the-top-of-the-drawer-to-on-top-of-the-cookie-at-the-ri,episode_16,210,wrist,black_bowl,is_behind,cookie
move-the-black-bowl-from-the-top-of-the-drawer-to-on-top-of-the-cookie-at-the-ri,episode_16,210,wrist,cookie,is_in_front_of,black_bowl
move-the-black-bowl-from-the-top-of-the-drawer-to-on-top-of-the-cookie-at-the-ri,episode_16,210,wrist,red_drawer,is_behind,cookie
move-the-black-bowl-from-the-top-of-the-drawer-to-on-top-of-the-cookie-at-the-ri,episode_16,210,wrist,cookie,is_in_front_of,red_drawer
move-the-black-bowl-from-the-top-of-the-drawer-to-on-top-of-the-cookie-at-the-ri,episode_16,240,wrist,black_bowl,is_on_top_of,red_drawer
move-the-black-bowl-from-the-top-of-the-drawer-to-on-top-of-the-cookie-at-the-ri,episode_16,240,wrist,red_drawer,is_below_of,black_bowl
move-the-black-bowl-from-the-top-of-the-drawer-to-on-top-of-the-cookie-at-the-ri,episode_16,270,wrist,black_bowl,is_on_top_of,red_drawer
move-the-black-bowl-from-the-top-of-the-drawer-to-on-top-of-the-cookie-at-the-ri,episode_16,270,wrist,red_drawer,is_below_of,black_bowl
move-the-black-bowl-from-the-top-of-the-drawer-to-on-top-of-the-cookie-at-the-ri,episode_16,300,wrist,black_bowl,is_right_of,red_drawer
move-the-black-bowl-from-the-top-of-the-drawer-to-on-top-of-the-cookie-at-the-ri,episode_16,300,wrist,red_drawer,is_left_of,black_bowl
move-the-black-bowl-from-the-top-of-the-drawer-to-on-top-of-the-cookie-at-the-ri,episode_16,300,wrist,black_bowl,is_right_of,cookie
move-the-black-bowl-from-the-top-of-the-drawer-to-on-top-of-the-cookie-at-the-ri,episode_16,300,wrist,cookie,is_left_of,black_bowl
move-the-black-bowl-from-the-top-of-the-drawer-to-on-top-of-the-cookie-at-the-ri,episode_16,300,wrist,red_drawer,is_behind,cookie
move-the-black-bowl-from-the-top-of-the-drawer-to-on-top-of-the-cookie-at-the-ri,episode_16,300,wrist,cookie,is_in_front_of,red_drawer
move-the-black-bowl-from-the-top-of-the-drawer-to-on-top-of-the-cookie-at-the-ri,episode_16,330,wrist,black_bowl,is_behind,red_drawer
move-the-black-bowl-from-the-top-of-the-drawer-to-on-top-of-the-cookie-at-the-ri,episode_16,330,wrist,red_drawer,is_in_front_of,black_bowl
move-the-black-bowl-from-the-top-of-the-drawer-to-on-top-of-the-cookie-at-the-ri,episode_16,330,wrist,black_bowl,is_behind,cookie
move-the-black-bowl-from-the-top-of-the-drawer-to-on-top-of-the-cookie-at-the-ri,episode_16,330,wrist,cookie,is_in_front_of,black_bowl
move-the-black-bowl-from-the-top-of-the-drawer-to-on-top-of-the-cookie-at-the-ri,episode_16,330,wrist,black_bowl,is_behind,white_plate
move-the-black-bowl-from-the-top-of-the-drawer-to-on-top-of-the-cookie-at-the-ri,episode_16,330,wrist,white_plate,is_in_front_of,black_bowl
move-the-black-bowl-from-the-top-of-the-drawer-to-on-top-of-the-cookie-at-the-ri,episode_16,330,wrist,red_drawer,is_behind,cookie
move-the-black-bowl-from-the-top-of-the-drawer-to-on-top-of-the-cookie-at-the-ri,episode_16,330,wrist,cookie,is_in_front_of,red_drawer
move-the-black-bowl-from-the-top-of-the-drawer-to-on-top-of-the-cookie-at-the-ri,episode_16,330,wrist,red_drawer,is_behind,white_plate
move-the-black-bowl-from-the-top-of-the-drawer-to-on-top-of-the-cookie-at-the-ri,episode_16,330,wrist,white_plate,is_in_front_of,red_drawer
move-the-black-bowl-from-the-top-of-the-drawer-to-on-top-of-the-cookie-at-the-ri,episode_16,330,wrist,cookie,is_on_top_of,white_plate
move-the-black-bowl-from-the-top-of-the-drawer-to-on-top-of-the-cookie-at-the-ri,episode_16,330,wrist,white_plate,is_below_of,cookie
move-the-black-bowl-from-the-top-of-the-drawer-to-on-top-of-the-cookie-at-the-ri,episode_16,360,wrist,black_bowl,is_on_top_of,cookie
move-the-black-bowl-from-the-top-of-the-drawer-to-on-top-of-the-cookie-at-the-ri,episode_16,360,wrist,cookie,is_below_of,black_bowl
move-the-black-bowl-from-the-top-of-the-drawer-to-on-top-of-the-cookie-at-the-ri,episode_16,390,wrist,black_bowl,is_on_top_of,cookie
move-the-black-bowl-from-the-top-of-the-drawer-to-on-top-of-the-cookie-at-the-ri,episode_16,390,wrist,cookie,is_below_of,black_bowl
move-the-black-bowl-from-the-top-of-the-drawer-to-on-top-of-the-cookie-at-the-ri,episode_16,420,wrist,black_bowl,is_on_top_of,cookie
move-the-black-bowl-from-the-top-of-the-drawer-to-on-top-of-the-cookie-at-the-ri,episode_16,420,wrist,cookie,is_below_of,black_bowl
move-the-black-bowl-from-the-top-of-the-drawer-to-on-top-of-the-cookie-at-the-ri,episode_16,450,wrist,black_bowl,is_on_top_of,red_drawer
move-the-black-bowl-from-the-top-of-the-drawer-to-on-top-of-the-cookie-at-the-ri,episode_16,450,wrist,red_drawer,is_below_of,black_bowl
move-the-black-bowl-from-the-top-of-the-drawer-to-on-top-of-the-cookie-at-the-ri,episode_16,480,wrist,black_bowl,is_in_front_of,red_drawer
move-the-black-bowl-from-the-top-of-the-drawer-to-on-top-of-the-cookie-at-the-ri,episode_16,480,wrist,red_drawer,is_behind,black_bowl
move-the-black-bowl-from-the-top-of-the-drawer-to-on-top-of-the-cookie-at-the-ri,episode_16,510,wrist,black_bowl,is_right_of,cookie
move-the-black-bowl-from-the-top-of-the-drawer-to-on-top-of-the-cookie-at-the-ri,episode_16,510,wrist,cookie,is_left_of,black_bowl
move-the-black-bowl-from-the-top-of-the-drawer-to-on-top-of-the-cookie-at-the-ri,episode_17,0,wrist,cookie,is_in_front_of,white_plate
move-the-black-bowl-from-the-top-of-the-drawer-to-on-top-of-the-cookie-at-the-ri,episode_17,0,wrist,white_plate,is_behind,cookie
move-the-black-bowl-from-the-top-of-the-drawer-to-on-top-of-the-cookie-at-the-ri,episode_17,30,wrist,cookie,is_left_of,white_plate
move-the-black-bowl-from-the-top-of-the-drawer-to-on-top-of-the-cookie-at-the-ri,episode_17,30,wrist,white_plate,is_right_of,cookie
move-the-black-bowl-from-the-top-of-the-drawer-to-on-top-of-the-cookie-at-the-ri,episode_17,60,wrist,white_plate,is_behind,cookie
move-the-black-bowl-from-the-top-of-the-drawer-to-on-top-of-the-cookie-at-the-ri,episode_17,60,wrist,cookie,is_in_front_of,white_plate
move-the-black-bowl-from-the-top-of-the-drawer-to-on-top-of-the-cookie-at-the-ri,episode_17,90,wrist,cookie,is_left_of,white_plate
move-the-black-bowl-from-the-top-of-the-drawer-to-on-top-of-the-cookie-at-the-ri,episode_17,90,wrist,white_plate,is_right_of,cookie
move-the-black-bowl-from-the-top-of-the-drawer-to-on-top-of-the-cookie-at-the-ri,episode_17,120,wrist,cookie,is_in_front_of,white_plate
move-the-black-bowl-from-the-top-of-the-drawer-to-on-top-of-the-cookie-at-the-ri,episode_17,120,wrist,white_plate,is_behind,cookie
move-the-black-bowl-from-the-top-of-the-drawer-to-on-top-of-the-cookie-at-the-ri,episode_17,150,wrist,cookie,is_left_of,white_plate
move-the-black-bowl-from-the-top-of-the-drawer-to-on-top-of-the-cookie-at-the-ri,episode_17,150,wrist,white_plate,is_right_of,cookie
move-the-black-bowl-from-the-top-of-the-drawer-to-on-top-of-the-cookie-at-the-ri,episode_17,180,wrist,white_plate,is_in_front_of,red_drawer
move-the-black-bowl-from-the-top-of-the-drawer-to-on-top-of-the-cookie-at-the-ri,episode_17,180,wrist,red_drawer,is_behind,white_plate
move-the-black-bowl-from-the-top-of-the-drawer-to-on-top-of-the-cookie-at-the-ri,episode_17,180,wrist,white_plate,is_right_of,cookie
move-the-black-bowl-from-the-top-of-the-drawer-to-on-top-of-the-cookie-at-the-ri,episode_17,180,wrist,cookie,is_left_of,white_plate
move-the-black-bowl-from-the-top-of-the-drawer-to-on-top-of-the-cookie-at-the-ri,episode_17,180,wrist,red_drawer,is_behind,cookie
move-the-black-bowl-from-the-top-of-the-drawer-to-on-top-of-the-cookie-at-the-ri,episode_17,180,wrist,cookie,is_in_front_of,red_drawer
move-the-black-bowl-from-the-top-of-the-drawer-to-on-top-of-the-cookie-at-the-ri,episode_17,210,wrist,black_bowl,is_on_top_of,red_drawer
move-the-black-bowl-from-the-top-of-the-drawer-to-on-top-of-the-cookie-at-the-ri,episode_17,210,wrist,red_drawer,is_below_of,black_bowl
move-the-black-bowl-from-the-top-of-the-drawer-to-on-top-of-the-cookie-at-the-ri,episode_17,210,wrist,black_bowl,is_right_of,white_plate
move-the-black-bowl-from-the-top-of-the-drawer-to-on-top-of-the-cookie-at-the-ri,episode_17,210,wrist,white_plate,is_left_of,black_bowl
move-the-black-bowl-from-the-top-of-the-drawer-to-on-top-of-the-cookie-at-the-ri,episode_17,210,wrist,red_drawer,is_right_of,white_plate
move-the-black-bowl-from-the-top-of-the-drawer-to-on-top-of-the-cookie-at-the-ri,episode_17,210,wrist,white_plate,is_left_of,red_drawer
move-the-black-bowl-from-the-top-of-the-drawer-to-on-top-of-the-cookie-at-the-ri,episode_17,240,wrist,black_bowl,is_on_top_of,red_drawer
move-the-black-bowl-from-the-top-of-the-drawer-to-on-top-of-the-cookie-at-the-ri,episode_17,240,wrist,red_drawer,is_below_of,black_bowl
move-the-black-bowl-from-the-top-of-the-drawer-to-on-top-of-the-cookie-at-the-ri,episode_17,270,wrist,black_bowl,is_right_of,red_drawer
move-the-black-bowl-from-the-top-of-the-drawer-to-on-top-of-the-cookie-at-the-ri,episode_17,270,wrist,red_drawer,is_left_of,black_bowl
move-the-black-bowl-from-the-top-of-the-drawer-to-on-top-of-the-cookie-at-the-ri,episode_17,300,wrist,black_bowl,is_in_front_of,cookie
move-the-black-bowl-from-the-top-of-the-drawer-to-on-top-of-the-cookie-at-the-ri,episode_17,300,wrist,cookie,is_behind,black_bowl
move-the-black-bowl-from-the-top-of-the-drawer-to-on-top-of-the-cookie-at-the-ri,episode_17,300,wrist,black_bowl,is_in_front_of,red_drawer
move-the-black-bowl-from-the-top-of-the-drawer-to-on-top-of-the-cookie-at-the-ri,episode_17,300,wrist,red_drawer,is_behind,black_bowl
move-the-black-bowl-from-the-top-of-the-drawer-to-on-top-of-the-cookie-at-the-ri,episode_17,300,wrist,black_bowl,is_in_front_of,white_plate
move-the-black-bowl-from-the-top-of-the-drawer-to-on-top-of-the-cookie-at-the-ri,episode_17,300,wrist,white_plate,is_behind,black_bowl
move-the-black-bowl-from-the-top-of-the-drawer-to-on-top-of-the-cookie-at-the-ri,episode_17,300,wrist,cookie,is_left_of,red_drawer
move-the-black-bowl-from-the-top-of-the-drawer-to-on-top-of-the-cookie-at-the-ri,episode_17,300,wrist,red_drawer,is_right_of,cookie
move-the-black-bowl-from-the-top-of-the-drawer-to-on-top-of-the-cookie-at-the-ri,episode_17,300,wrist,cookie,is_left_of,white_plate
move-the-black-bowl-from-the-top-of-the-drawer-to-on-top-of-the-cookie-at-the-ri,episode_17,300,wrist,white_plate,is_right_of,cookie
move-the-black-bowl-from-the-top-of-the-drawer-to-on-top-of-the-cookie-at-the-ri,episode_17,300,wrist,red_drawer,is_right_of,white_plate
move-the-black-bowl-from-the-top-of-the-drawer-to-on-top-of-the-cookie-at-the-ri,episode_17,300,wrist,white_plate,is_left_of,red_drawer
move-the-black-bowl-from-the-top-of-the-drawer-to-on-top-of-the-cookie-at-the-ri,episode_17,330,wrist,black_bowl,is_in_front_of,cookie
move-the-black-bowl-from-the-top-of-the-drawer-to-on-top-of-the-cookie-at-the-ri,episode_17,330,wrist,cookie,is_behind,black_bowl
move-the-black-bowl-from-the-top-of-the-drawer-to-on-top-of-the-cookie-at-the-ri,episode_17,360,wrist,black_bowl,is_in_front_of,cookie
move-the-black-bowl-from-the-top-of-the-drawer-to-on-top-of-the-cookie-at-the-ri,episode_17,360,wrist,cookie,is_behind,black_bowl
move-the-black-bowl-from-the-top-of-the-drawer-to-on-top-of-the-cookie-at-the-ri,episode_17,390,wrist,black_bowl,is_on_top_of,cookie
move-the-black-bowl-from-the-top-of-the-drawer-to-on-top-of-the-cookie-at-the-ri,episode_17,390,wrist,cookie,is_below_of,black_bowl
move-the-black-bowl-from-the-top-of-the-drawer-to-on-top-of-the-cookie-at-the-ri,episode_17,420,wrist,black_bowl,is_on_top_of,cookie
move-the-black-bowl-from-the-top-of-the-drawer-to-on-top-of-the-cookie-at-the-ri,episode_17,420,wrist,cookie,is_below_of,black_bowl
move-the-black-bowl-from-the-top-of-the-drawer-to-on-top-of-the-cookie-at-the-ri,episode_17,450,wrist,black_bowl,is_on_top_of,cookie
move-the-black-bowl-from-the-top-of-the-drawer-to-on-top-of-the-cookie-at-the-ri,episode_17,450,wrist,cookie,is_below_of,black_bowl
move-the-black-bowl-from-the-top-of-the-drawer-to-on-top-of-the-cookie-at-the-ri,episode_17,450,wrist,black_bowl,is_in_front_of,white_plate
move-the-black-bowl-from-the-top-of-the-drawer-to-on-top-of-the-cookie-at-the-ri,episode_17,450,wrist,white_plate,is_behind,black_bowl
move-the-black-bowl-from-the-top-of-the-drawer-to-on-top-of-the-cookie-at-the-ri,episode_17,450,wrist,cookie,is_in_front_of,white_plate
move-the-black-bowl-from-the-top-of-the-drawer-to-on-top-of-the-cookie-at-the-ri,episode_17,450,wrist,white_plate,is_behind,cookie
move-the-black-bowl-from-the-top-of-the-drawer-to-on-top-of-the-cookie-at-the-ri,episode_17,480,wrist,black_bowl,is_on_top_of,red_drawer
move-the-black-bowl-from-the-top-of-the-drawer-to-on-top-of-the-cookie-at-the-ri,episode_17,480,wrist,red_drawer,is_below_of,black_bowl
move-the-black-bowl-from-the-top-of-the-drawer-to-on-top-of-the-cookie-at-the-ri,episode_17,480,wrist,black_bowl,is_left_of,white_plate
move-the-black-bowl-from-the-top-of-the-drawer-to-on-top-of-the-cookie-at-the-ri,episode_17,480,wrist,white_plate,is_right_of,black_bowl
move-the-black-bowl-from-the-top-of-the-drawer-to-on-top-of-the-cookie-at-the-ri,episode_17,480,wrist,black_bowl,is_left_of,cookie
move-the-black-bowl-from-the-top-of-the-drawer-to-on-top-of-the-cookie-at-the-ri,episode_17,480,wrist,cookie,is_right_of,black_bowl
move-the-black-bowl-from-the-top-of-the-drawer-to-on-top-of-the-cookie-at-the-ri,episode_17,480,wrist,red_drawer,is_left_of,white_plate
move-the-black-bowl-from-the-top-of-the-drawer-to-on-top-of-the-cookie-at-the-ri,episode_17,480,wrist,white_plate,is_right_of,red_drawer
move-the-black-bowl-from-the-top-of-the-drawer-to-on-top-of-the-cookie-at-the-ri,episode_17,480,wrist,red_drawer,is_left_of,cookie
move-the-black-bowl-from-the-top-of-the-drawer-to-on-top-of-the-cookie-at-the-ri,episode_17,480,wrist,cookie,is_right_of,red_drawer
move-the-black-bowl-from-the-top-of-the-drawer-to-on-top-of-the-cookie-at-the-ri,episode_17,480,wrist,white_plate,is_behind,cookie
move-the-black-bowl-from-the-top-of-the-drawer-to-on-top-of-the-cookie-at-the-ri,episode_17,480,wrist,cookie,is_in_front_of,white_plate
move-the-black-bowl-from-the-top-of-the-drawer-to-on-top-of-the-cookie-at-the-ri,episode_18,0,wrist,black_bowl,is_right_of,cookie
move-the-black-bowl-from-the-top-of-the-drawer-to-on-top-of-the-cookie-at-the-ri,episode_18,0,wrist,black_bowl,is_right_of,white_plate
move-the-black-bowl-from-the-top-of-the-drawer-to-on-top-of-the-cookie-at-the-ri,episode_18,0,wrist,cookie,is_left_of,black_bowl
move-the-black-bowl-from-the-top-of-the-drawer-to-on-top-of-the-cookie-at-the-ri,episode_18,0,wrist,cookie,is_on_top_of,white_plate
move-the-black-bowl-from-the-top-of-the-drawer-to-on-top-of-the-cookie-at-the-ri,episode_18,0,wrist,white_plate,is_left_of,black_bowl
move-the-black-bowl-from-the-top-of-the-drawer-to-on-top-of-the-cookie-at-the-ri,episode_18,0,wrist,white_plate,is_below_of,cookie
move-the-black-bowl-from-the-top-of-the-drawer-to-on-top-of-the-cookie-at-the-ri,episode_18,30,wrist,black_bowl,is_right_of,cookie
move-the-black-bowl-from-the-top-of-the-drawer-to-on-top-of-the-cookie-at-the-ri,episode_18,30,wrist,black_bowl,is_right_of,white_plate
move-the-black-bowl-from-the-top-of-the-drawer-to-on-top-of-the-cookie-at-the-ri,episode_18,30,wrist,cookie,is_left_of,black_bowl
move-the-black-bowl-from-the-top-of-the-drawer-to-on-top-of-the-cookie-at-the-ri,episode_18,30,wrist,cookie,is_on_top_of,white_plate
move-the-black-bowl-from-the-top-of-the-drawer-to-on-top-of-the-cookie-at-the-ri,episode_18,30,wrist,white_plate,is_left_of,black_bowl
move-the-black-bowl-from-the-top-of-the-drawer-to-on-top-of-the-cookie-at-the-ri,episode_18,30,wrist,white_plate,is_below_of,cookie
move-the-black-bowl-from-the-top-of-the-drawer-to-on-top-of-the-cookie-at-the-ri,episode_18,60,wrist,black_bowl,is_right_of,cookie
move-the-black-bowl-from-the-top-of-the-drawer-to-on-top-of-the-cookie-at-the-ri,episode_18,60,wrist,black_bowl,is_right_of,white_plate
move-the-black-bowl-from-the-top-of-the-drawer-to-on-top-of-the-cookie-at-the-ri,episode_18,60,wrist,cookie,is_left_of,black_bowl
move-the-black-bowl-from-the-top-of-the-drawer-to-on-top-of-the-cookie-at-the-ri,episode_18,60,wrist,cookie,is_on_top_of,white_plate
move-the-black-bowl-from-the-top-of-the-drawer-to-on-top-of-the-cookie-at-the-ri,episode_18,60,wrist,white_plate,is_left_of,black_bowl
move-the-black-bowl-from-the-top-of-the-drawer-to-on-top-of-the-cookie-at-the-ri,episode_18,60,wrist,white_plate,is_below_of,cookie
move-the-black-bowl-from-the-top-of-the-drawer-to-on-top-of-the-cookie-at-the-ri,episode_18,90,wrist,black_bowl,is_right_of,cookie
move-the-black-bowl-from-the-top-of-the-drawer-to-on-top-of-the-cookie-at-the-ri,episode_18,90,wrist,black_bowl,is_right_of,white_plate
move-the-black-bowl-from-the-top-of-the-drawer-to-on-top-of-the-cookie-at-the-ri,episode_18,90,wrist,cookie,is_left_of,black_bowl
move-the-black-bowl-from-the-top-of-the-drawer-to-on-top-of-the-cookie-at-the-ri,episode_18,90,wrist,cookie,is_on_top_of,white_plate
move-the-black-bowl-from-the-top-of-the-drawer-to-on-top-of-the-cookie-at-the-ri,episode_18,90,wrist,white_plate,is_left_of,black_bowl
move-the-black-bowl-from-the-top-of-the-drawer-to-on-top-of-the-cookie-at-the-ri,episode_18,90,wrist,white_plate,is_below_of,cookie
move-the-black-bowl-from-the-top-of-the-drawer-to-on-top-of-the-cookie-at-the-ri,episode_18,120,wrist,black_bowl,is_right_of,cookie
move-the-black-bowl-from-the-top-of-the-drawer-to-on-top-of-the-cookie-at-the-ri,episode_18,120,wrist,black_bowl,is_right_of,white_plate
move-the-black-bowl-from-the-top-of-the-drawer-to-on-top-of-the-cookie-at-the-ri,episode_18,120,wrist,cookie,is_left_of,black_bowl
move-the-black-bowl-from-the-top-of-the-drawer-to-on-top-of-the-cookie-at-the-ri,episode_18,120,wrist,cookie,is_on_top_of,white_plate
move-the-black-bowl-from-the-top-of-the-drawer-to-on-top-of-the-cookie-at-the-ri,episode_18,120,wrist,white_plate,is_left_of,black_bowl
move-the-black-bowl-from-the-top-of-the-drawer-to-on-top-of-the-cookie-at-the-ri,episode_18,120,wrist,white_plate,is_below_of,cookie
move-the-black-bowl-from-the-top-of-the-drawer-to-on-top-of-the-cookie-at-the-ri,episode_18,150,wrist,black_bowl,is_in_front_of,red_drawer
move-the-black-bowl-from-the-top-of-the-drawer-to-on-top-of-the-cookie-at-the-ri,episode_18,150,wrist,red_drawer,is_behind,black_bowl
move-the-black-bowl-from-the-top-of-the-drawer-to-on-top-of-the-cookie-at-the-ri,episode_18,150,wrist,black_bowl,is_right_of,cookie
move-the-black-bowl-from-the-top-of-the-drawer-to-on-top-of-the-cookie-at-the-ri,episode_18,150,wrist,cookie,is_left_of,black_bowl
move-the-black-bowl-from-the-top-of-the-drawer-to-on-top-of-the-cookie-at-the-ri,episode_18,150,wrist,black_bowl,is_right_of,white_plate
move-the-black-bowl-from-the-top-of-the-drawer-to-on-top-of-the-cookie-at-the-ri,episode_18,150,wrist,white_plate,is_left_of,black_bowl
move-the-black-bowl-from-the-top-of-the-drawer-to-on-top-of-the-cookie-at-the-ri,episode_18,150,wrist,red_drawer,is_behind,cookie
move-the-black-bowl-from-the-top-of-the-drawer-to-on-top-of-the-cookie-at-the-ri,episode_18,150,wrist,cookie,is_in_front_of,red_drawer
move-the-black-bowl-from-the-top-of-the-drawer-to-on-top-of-the-cookie-at-the-ri,episode_18,150,wrist,red_drawer,is_behind,white_plate
move-the-black-bowl-from-the-top-of-the-drawer-to-on-top-of-the-cookie-at-the-ri,episode_18,150,wrist,white_plate,is_in_front_of,red_drawer
move-the-black-bowl-from-the-top-of-the-drawer-to-on-top-of-the-cookie-at-the-ri,episode_18,150,wrist,cookie,is_right_of,white_plate
move-the-black-bowl-from-the-top-of-the-drawer-to-on-top-of-the-cookie-at-the-ri,episode_18,150,wrist,white_plate,is_left_of,cookie
move-the-black-bowl-from-the-top-of-the-drawer-to-on-top-of-the-cookie-at-the-ri,episode_18,180,wrist,black_bowl,is_on_top_of,red_drawer
move-the-black-bowl-from-the-top-of-the-drawer-to-on-top-of-the-cookie-at-the-ri,episode_18,180,wrist,red_drawer,is_below_of,black_bowl
move-the-black-bowl-from-the-top-of-the-drawer-to-on-top-of-the-cookie-at-the-ri,episode_18,180,wrist,black_bowl,is_behind,cookie
move-the-black-bowl-from-the-top-of-the-drawer-to-on-top-of-the-cookie-at-the-ri,episode_18,180,wrist,cookie,is_in_front_of,black_bowl
move-the-black-bowl-from-the-top-of-the-drawer-to-on-top-of-the-cookie-at-the-ri,episode_18,180,wrist,red_drawer,is_behind,cookie
move-the-black-bowl-from-the-top-of-the-drawer-to-on-top-of-the-cookie-at-the-ri,episode_18,180,wrist,cookie,is_in_front_of,red_drawer
move-the-black-bowl-from-the-top-of-the-drawer-to-on-top-of-the-cookie-at-the-ri,episode_18,210,wrist,black_bowl,is_on_top_of,red_drawer
move-the-black-bowl-from-the-top-of-the-drawer-to-on-top-of-the-cookie-at-the-ri,episode_18,210,wrist,red_drawer,is_below_of,black_bowl
move-the-black-bowl-from-the-top-of-the-drawer-to-on-top-of-the-cookie-at-the-ri,episode_18,240,wrist,black_bowl,is_on_top_of,red_drawer
move-the-black-bowl-from-the-top-of-the-drawer-to-on-top-of-the-cookie-at-the-ri,episode_18,240,wrist,red_drawer,is_below_of,black_bowl
move-the-black-bowl-from-the-top-of-the-drawer-to-on-top-of-the-cookie-at-the-ri,episode_18,270,wrist,black_bowl,is_on_top_of,red_drawer
move-the-black-bowl-from-the-top-of-the-drawer-to-on-top-of-the-cookie-at-the-ri,episode_18,270,wrist,red_drawer,is_below_of,black_bowl
move-the-black-bowl-from-the-top-of-the-drawer-to-on-top-of-the-cookie-at-the-ri,episode_18,300,wrist,black_bowl,is_in_front_of,red_drawer
move-the-black-bowl-from-the-top-of-the-drawer-to-on-top-of-the-cookie-at-the-ri,episode_18,300,wrist,red_drawer,is_behind,black_bowl
move-the-black-bowl-from-the-top-of-the-drawer-to-on-top-of-the-cookie-at-the-ri,episode_18,300,wrist,black_bowl,is_in_front_of,cookie
move-the-black-bowl-from-the-top-of-the-drawer-to-on-top-of-the-cookie-at-the-ri,episode_18,300,wrist,cookie,is_behind,black_bowl
move-the-black-bowl-from-the-top-of-the-drawer-to-on-top-of-the-cookie-at-the-ri,episode_18,300,wrist,red_drawer,is_behind,cookie
move-the-black-bowl-from-the-top-of-the-drawer-to-on-top-of-the-cookie-at-the-ri,episode_18,300,wrist,cookie,is_in_front_of,red_drawer
move-the-black-bowl-from-the-top-of-the-drawer-to-on-top-of-the-cookie-at-the-ri,episode_18,330,wrist,black_bowl,is_behind,cookie
move-the-black-bowl-from-the-top-of-the-drawer-to-on-top-of-the-cookie-at-the-ri,episode_18,330,wrist,cookie,is_in_front_of,black_bowl
move-the-black-bowl-from-the-top-of-the-drawer-to-on-top-of-the-cookie-at-the-ri,episode_18,360,wrist,black_bowl,is_on_top_of,cookie
move-the-black-bowl-from-the-top-of-the-drawer-to-on-top-of-the-cookie-at-the-ri,episode_18,360,wrist,cookie,is_below_of,black_bowl
move-the-black-bowl-from-the-top-of-the-drawer-to-on-top-of-the-cookie-at-the-ri,episode_18,390,wrist,black_bowl,is_on_top_of,cookie
move-the-black-bowl-from-the-top-of-the-drawer-to-on-top-of-the-cookie-at-the-ri,episode_18,390,wrist,cookie,is_below_of,black_bowl
move-the-black-bowl-from-the-top-of-the-drawer-to-on-top-of-the-cookie-at-the-ri,episode_18,420,wrist,black_bowl,is_on_top_of,cookie
move-the-black-bowl-from-the-top-of-the-drawer-to-on-top-of-the-cookie-at-the-ri,episode_18,420,wrist,cookie,is_below_of,black_bowl
move-the-black-bowl-from-the-top-of-the-drawer-to-on-top-of-the-cookie-at-the-ri,episode_18,450,wrist,black_bowl,is_on_top_of,cookie
move-the-black-bowl-from-the-top-of-the-drawer-to-on-top-of-the-cookie-at-the-ri,episode_18,450,wrist,cookie,is_below_of,black_bowl
move-the-black-bowl-from-the-top-of-the-drawer-to-on-top-of-the-cookie-at-the-ri,episode_18,480,wrist,black_bowl,is_on_top_of,cookie
move-the-black-bowl-from-the-top-of-the-drawer-to-on-top-of-the-cookie-at-the-ri,episode_18,480,wrist,cookie,is_below_of,black_bowl
move-the-black-bowl-from-the-top-of-the-drawer-to-on-top-of-the-cookie-at-the-ri,episode_18,480,wrist,black_bowl,is_right_of,white_plate
move-the-black-bowl-from-the-top-of-the-drawer-to-on-top-of-the-cookie-at-the-ri,episode_18,480,wrist,white_plate,is_left_of,black_bowl
move-the-black-bowl-from-the-top-of-the-drawer-to-on-top-of-the-cookie-at-the-ri,episode_18,480,wrist,cookie,is_right_of,white_plate
move-the-black-bowl-from-the-top-of-the-drawer-to-on-top-of-the-cookie-at-the-ri,episode_18,480,wrist,white_plate,is_left_of,cookie
move-the-black-bowl-from-the-top-of-the-drawer-to-on-top-of-the-cookie-at-the-ri,episode_18,510,wrist,black_bowl,is_right_of,cookie
move-the-black-bowl-from-the-top-of-the-drawer-to-on-top-of-the-cookie-at-the-ri,episode_18,510,wrist,black_bowl,is_in_front_of,white_plate
move-the-black-bowl-from-the-top-of-the-drawer-to-on-top-of-the-cookie-at-the-ri,episode_18,510,wrist,cookie,is_left_of,black_bowl
move-the-black-bowl-from-the-top-of-the-drawer-to-on-top-of-the-cookie-at-the-ri,episode_18,510,wrist,cookie,is_in_front_of,white_plate
move-the-black-bowl-from-the-top-of-the-drawer-to-on-top-of-the-cookie-at-the-ri,episode_18,510,wrist,white_plate,is_behind,black_bowl
move-the-black-bowl-from-the-top-of-the-drawer-to-on-top-of-the-cookie-at-the-ri,episode_18,510,wrist,white_plate,is_behind,cookie
move-the-black-bowl-from-the-top-of-the-drawer-to-on-top-of-the-cookie-at-the-ri,episode_19,0,wrist,black_bowl,is_behind,cookie
move-the-black-bowl-from-the-top-of-the-drawer-to-on-top-of-the-cookie-at-the-ri,episode_19,0,wrist,cookie,is_in_front_of,black_bowl
move-the-black-bowl-from-the-top-of-the-drawer-to-on-top-of-the-cookie-at-the-ri,episode_19,30,wrist,black_bowl,is_behind,cookie
move-the-black-bowl-from-the-top-of-the-drawer-to-on-top-of-the-cookie-at-the-ri,episode_19,30,wrist,cookie,is_in_front_of,black_bowl
move-the-black-bowl-from-the-top-of-the-drawer-to-on-top-of-the-cookie-at-the-ri,episode_19,60,wrist,black_bowl,is_behind,cookie
move-the-black-bowl-from-the-top-of-the-drawer-to-on-top-of-the-cookie-at-the-ri,episode_19,60,wrist,cookie,is_in_front_of,black_bowl
move-the-black-bowl-from-the-top-of-the-drawer-to-on-top-of-the-cookie-at-the-ri,episode_19,90,wrist,black_bowl,is_behind,cookie
move-the-black-bowl-from-the-top-of-the-drawer-to-on-top-of-the-cookie-at-the-ri,episode_19,90,wrist,cookie,is_in_front_of,black_bowl
move-the-black-bowl-from-the-top-of-the-drawer-to-on-top-of-the-cookie-at-the-ri,episode_19,120,wrist,black_bowl,is_left_of,red_drawer
move-the-black-bowl-from-the-top-of-the-drawer-to-on-top-of-the-cookie-at-the-ri,episode_19,120,wrist,red_drawer,is_right_of,black_bowl
move-the-black-bowl-from-the-top-of-the-drawer-to-on-top-of-the-cookie-at-the-ri,episode_19,120,wrist,black_bowl,is_behind,cookie
move-the-black-bowl-from-the-top-of-the-drawer-to-on-top-of-the-cookie-at-the-ri,episode_19,120,wrist,cookie,is_in_front_of,black_bowl
move-the-black-bowl-from-the-top-of-the-drawer-to-on-top-of-the-cookie-at-the-ri,episode_19,120,wrist,red_drawer,is_behind,cookie
move-the-black-bowl-from-the-top-of-the-drawer-to-on-top-of-the-cookie-at-the-ri,episode_19,120,wrist,cookie,is_in_front_of,red_drawer
move-the-black-bowl-from-the-top-of-the-drawer-to-on-top-of-the-cookie-at-the-ri,episode_19,150,wrist,black_bowl,is_left_of,red_drawer
move-the-black-bowl-from-the-top-of-the-drawer-to-on-top-of-the-cookie-at-the-ri,episode_19,150,wrist,red_drawer,is_right_of,black_bowl
move-the-black-bowl-from-the-top-of-the-drawer-to-on-top-of-the-cookie-at-the-ri,episode_19,150,wrist,black_bowl,is_left_of,cookie
move-the-black-bowl-from-the-top-of-the-drawer-to-on-top-of-the-cookie-at-the-ri,episode_19,150,wrist,cookie,is_right_of,black_bowl
move-the-black-bowl-from-the-top-of-the-drawer-to-on-top-of-the-cookie-at-the-ri,episode_19,150,wrist,red_drawer,is_behind,cookie
move-the-black-bowl-from-the-top-of-the-drawer-to-on-top-of-the-cookie-at-the-ri,episode_19,150,wrist,cookie,is_in_front_of,red_drawer
move-the-black-bowl-from-the-top-of-the-drawer-to-on-top-of-the-cookie-at-the-ri,episode_19,180,wrist,black_bowl,is_on_top_of,red_drawer
move-the-black-bowl-from-the-top-of-the-drawer-to-on-top-of-the-cookie-at-the-ri,episode_19,180,wrist,red_drawer,is_below_of,black_bowl
move-the-black-bowl-from-the-top-of-the-drawer-to-on-top-of-the-cookie-at-the-ri,episode_19,210,wrist,black_bowl,is_on_top_of,red_drawer
move-the-black-bowl-from-the-top-of-the-drawer-to-on-top-of-the-cookie-at-the-ri,episode_19,210,wrist,red_drawer,is_below_of,black_bowl
move-the-black-bowl-from-the-top-of-the-drawer-to-on-top-of-the-cookie-at-the-ri,episode_19,210,wrist,black_bowl,is_right_of,black_stove
move-the-black-bowl-from-the-top-of-the-drawer-to-on-top-of-the-cookie-at-the-ri,episode_19,210,wrist,black_stove,is_left_of,black_bowl
move-the-black-bowl-from-the-top-of-the-drawer-to-on-top-of-the-cookie-at-the-ri,episode_19,210,wrist,red_drawer,is_right_of,black_stove
move-the-black-bowl-from-the-top-of-the-drawer-to-on-top-of-the-cookie-at-the-ri,episode_19,210,wrist,black_stove,is_left_of,red_drawer
move-the-black-bowl-from-the-top-of-the-drawer-to-on-top-of-the-cookie-at-the-ri,episode_19,240,wrist,black_bowl,is_on_top_of,red_drawer
move-the-black-bowl-from-the-top-of-the-drawer-to-on-top-of-the-cookie-at-the-ri,episode_19,240,wrist,red_drawer,is_below_of,black_bowl
move-the-black-bowl-from-the-top-of-the-drawer-to-on-top-of-the-cookie-at-the-ri,episode_19,270,wrist,black_bowl,is_in_front_of,red_drawer
move-the-black-bowl-from-the-top-of-the-drawer-to-on-top-of-the-cookie-at-the-ri,episode_19,270,wrist,red_drawer,is_behind,black_bowl
move-the-black-bowl-from-the-top-of-the-drawer-to-on-top-of-the-cookie-at-the-ri,episode_19,270,wrist,black_bowl,is_right_of,cookie
move-the-black-bowl-from-the-top-of-the-drawer-to-on-top-of-the-cookie-at-the-ri,episode_19,270,wrist,cookie,is_left_of,black_bowl
move-the-black-bowl-from-the-top-of-the-drawer-to-on-top-of-the-cookie-at-the-ri,episode_19,270,wrist,red_drawer,is_behind,cookie
move-the-black-bowl-from-the-top-of-the-drawer-to-on-top-of-the-cookie-at-the-ri,episode_19,270,wrist,cookie,is_in_front_of,red_drawer
move-the-black-bowl-from-the-top-of-the-drawer-to-on-top-of-the-cookie-at-the-ri,episode_19,300,wrist,black_bowl,is_behind,cookie
move-the-black-bowl-from-the-top-of-the-drawer-to-on-top-of-the-cookie-at-the-ri,episode_19,300,wrist,cookie,is_in_front_of,black_bowl
move-the-black-bowl-from-the-top-of-the-drawer-to-on-top-of-the-cookie-at-the-ri,episode_19,330,wrist,black_bowl,is_in_front_of,cookie
move-the-black-bowl-from-the-top-of-the-drawer-to-on-top-of-the-cookie-at-the-ri,episode_19,330,wrist,cookie,is_behind,black_bowl
move-the-black-bowl-from-the-top-of-the-drawer-to-on-top-of-the-cookie-at-the-ri,episode_19,360,wrist,black_bowl,is_on_top_of,cookie
move-the-black-bowl-from-the-top-of-the-drawer-to-on-top-of-the-cookie-at-the-ri,episode_19,360,wrist,cookie,is_below_of,black_bowl
move-the-black-bowl-from-the-top-of-the-drawer-to-on-top-of-the-cookie-at-the-ri,episode_19,390,wrist,black_bowl,is_on_top_of,cookie
move-the-black-bowl-from-the-top-of-the-drawer-to-on-top-of-the-cookie-at-the-ri,episode_19,390,wrist,cookie,is_below_of,black_bowl
move-the-black-bowl-from-the-top-of-the-drawer-to-on-top-of-the-cookie-at-the-ri,episode_19,420,wrist,black_bowl,is_on_top_of,cookie
move-the-black-bowl-from-the-top-of-the-drawer-to-on-top-of-the-cookie-at-the-ri,episode_19,420,wrist,cookie,is_below_of,black_bowl
move-the-black-bowl-from-the-top-of-the-drawer-to-on-top-of-the-cookie-at-the-ri,episode_19,450,wrist,black_bowl,is_behind,cookie
move-the-black-bowl-from-the-top-of-the-drawer-to-on-top-of-the-cookie-at-the-ri,episode_19,450,wrist,cookie,is_in_front_of,black_bowl
move-the-black-bowl-from-the-top-of-the-drawer-to-on-top-of-the-cookie-at-the-ri,episode_19,480,wrist,black_bowl,is_behind,cookie
move-the-black-bowl-from-the-top-of-the-drawer-to-on-top-of-the-cookie-at-the-ri,episode_19,480,wrist,cookie,is_in_front_of,black_bowl
move-the-black-bowl-from-the-top-of-the-drawer-to-on-top-of-the-cookie-at-the-ri,episode_19,510,wrist,black_bowl,is_behind,cookie
move-the-black-bowl-from-the-top-of-the-drawer-to-on-top-of-the-cookie-at-the-ri,episode_19,510,wrist,cookie,is_in_front_of,black_bowl
move-the-black-bowl-from-the-top-of-the-drawer-to-on-top-of-the-cookie-at-the-ri,episode_20,0,wrist,black_bowl,is_on_top_of,red_drawer
move-the-black-bowl-from-the-top-of-the-drawer-to-on-top-of-the-cookie-at-the-ri,episode_20,0,wrist,red_drawer,is_below_of,black_bowl
move-the-black-bowl-from-the-top-of-the-drawer-to-on-top-of-the-cookie-at-the-ri,episode_20,0,wrist,black_bowl,is_left_of,cookie
move-the-black-bowl-from-the-top-of-the-drawer-to-on-top-of-the-cookie-at-the-ri,episode_20,0,wrist,cookie,is_right_of,black_bowl
move-the-black-bowl-from-the-top-of-the-drawer-to-on-top-of-the-cookie-at-the-ri,episode_20,0,wrist,black_bowl,is_left_of,white_plate
move-the-black-bowl-from-the-top-of-the-drawer-to-on-top-of-the-cookie-at-the-ri,episode_20,0,wrist,white_plate,is_right_of,black_bowl
move-the-black-bowl-from-the-top-of-the-drawer-to-on-top-of-the-cookie-at-the-ri,episode_20,0,wrist,black_bowl,is_in_front_of,black_stove
move-the-black-bowl-from-the-top-of-the-drawer-to-on-top-of-the-cookie-at-the-ri,episode_20,0,wrist,black_stove,is_behind,black_bowl
move-the-black-bowl-from-the-top-of-the-drawer-to-on-top-of-the-cookie-at-the-ri,episode_20,0,wrist,red_drawer,is_left_of,cookie
move-the-black-bowl-from-the-top-of-the-drawer-to-on-top-of-the-cookie-at-the-ri,episode_20,0,wrist,cookie,is_right_of,red_drawer
move-the-black-bowl-from-the-top-of-the-drawer-to-on-top-of-the-cookie-at-the-ri,episode_20,0,wrist,red_drawer,is_left_of,white_plate
move-the-black-bowl-from-the-top-of-the-drawer-to-on-top-of-the-cookie-at-the-ri,episode_20,0,wrist,white_plate,is_right_of,red_drawer
move-the-black-bowl-from-the-top-of-the-drawer-to-on-top-of-the-cookie-at-the-ri,episode_20,0,wrist,red_drawer,is_in_front_of,black_stove
move-the-black-bowl-from-the-top-of-the-drawer-to-on-top-of-the-cookie-at-the-ri,episode_20,0,wrist,black_stove,is_behind,red_drawer
move-the-black-bowl-from-the-top-of-the-drawer-to-on-top-of-the-cookie-at-the-ri,episode_20,0,wrist,cookie,is_on_top_of,white_plate
move-the-black-bowl-from-the-top-of-the-drawer-to-on-top-of-the-cookie-at-the-ri,episode_20,0,wrist,white_plate,is_below_of,cookie
move-the-black-bowl-from-the-top-of-the-drawer-to-on-top-of-the-cookie-at-the-ri,episode_20,0,wrist,cookie,is_in_front_of,black_stove
move-the-black-bowl-from-the-top-of-the-drawer-to-on-top-of-the-cookie-at-the-ri,episode_20,0,wrist,black_stove,is_behind,cookie
move-the-black-bowl-from-the-top-of-the-drawer-to-on-top-of-the-cookie-at-the-ri,episode_20,0,wrist,white_plate,is_in_front_of,black_stove
move-the-black-bowl-from-the-top-of-the-drawer-to-on-top-of-the-cookie-at-the-ri,episode_20,0,wrist,black_stove,is_behind,white_plate
move-the-black-bowl-from-the-top-of-the-drawer-to-on-top-of-the-cookie-at-the-ri,episode_20,30,wrist,black_bowl,is_in_front_of,red_drawer
move-the-black-bowl-from-the-top-of-the-drawer-to-on-top-of-the-cookie-at-the-ri,episode_20,30,wrist,red_drawer,is_behind,black_bowl
move-the-black-bowl-from-the-top-of-the-drawer-to-on-top-of-the-cookie-at-the-ri,episode_20,30,wrist,black_bowl,is_left_of,cookie
move-the-black-bowl-from-the-top-of-the-drawer-to-on-top-of-the-cookie-at-the-ri,episode_20,30,wrist,cookie,is_right_of,black_bowl
move-the-black-bowl-from-the-top-of-the-drawer-to-on-top-of-the-cookie-at-the-ri,episode_20,30,wrist,red_drawer,is_left_of,cookie
move-the-black-bowl-from-the-top-of-the-drawer-to-on-top-of-the-cookie-at-the-ri,episode_20,30,wrist,cookie,is_right_of,red_drawer
move-the-black-bowl-from-the-top-of-the-drawer-to-on-top-of-the-cookie-at-the-ri,episode_20,60,wrist,black_bowl,is_on_top_of,cookie
move-the-black-bowl-from-the-top-of-the-drawer-to-on-top-of-the-cookie-at-the-ri,episode_20,60,wrist,black_bowl,is_in_front_of,red_drawer
move-the-black-bowl-from-the-top-of-the-drawer-to-on-top-of-the-cookie-at-the-ri,episode_20,60,wrist,red_drawer,is_behind,black_bowl
move-the-black-bowl-from-the-top-of-the-drawer-to-on-top-of-the-cookie-at-the-ri,episode_20,60,wrist,red_drawer,is_behind,cookie
move-the-black-bowl-from-the-top-of-the-drawer-to-on-top-of-the-cookie-at-the-ri,episode_20,60,wrist,cookie,is_below_of,black_bowl
move-the-black-bowl-from-the-top-of-the-drawer-to-on-top-of-the-cookie-at-the-ri,episode_20,60,wrist,cookie,is_in_front_of,red_drawer
move-the-black-bowl-from-the-top-of-the-drawer-to-on-top-of-the-cookie-at-the-ri,episode_20,90,wrist,black_bowl,is_on_top_of,cookie
move-the-black-bowl-from-the-top-of-the-drawer-to-on-top-of-the-cookie-at-the-ri,episode_20,90,wrist,cookie,is_below_of,black_bowl
move-the-black-bowl-from-the-top-of-the-drawer-to-on-top-of-the-cookie-at-the-ri,episode_20,90,wrist,black_bowl,is_in_front_of,red_drawer
move-the-black-bowl-from-the-top-of-the-drawer-to-on-top-of-the-cookie-at-the-ri,episode_20,90,wrist,red_drawer,is_behind,black_bowl
move-the-black-bowl-from-the-top-of-the-drawer-to-on-top-of-the-cookie-at-the-ri,episode_20,90,wrist,cookie,is_in_front_of,red_drawer
move-the-black-bowl-from-the-top-of-the-drawer-to-on-top-of-the-cookie-at-the-ri,episode_20,90,wrist,red_drawer,is_behind,cookie
move-the-black-bowl-from-the-top-of-the-drawer-to-on-top-of-the-cookie-at-the-ri,episode_20,120,wrist,black_bowl,is_in_front_of,red_drawer
move-the-black-bowl-from-the-top-of-the-drawer-to-on-top-of-the-cookie-at-the-ri,episode_20,120,wrist,red_drawer,is_behind,black_bowl
move-the-black-bowl-from-the-top-of-the-drawer-to-on-top-of-the-cookie-at-the-ri,episode_20,120,wrist,black_bowl,is_on_top_of,cookie
move-the-black-bowl-from-the-top-of-the-drawer-to-on-top-of-the-cookie-at-the-ri,episode_20,120,wrist,cookie,is_below_of,black_bowl
move-the-black-bowl-from-the-top-of-the-drawer-to-on-top-of-the-cookie-at-the-ri,episode_20,120,wrist,red_drawer,is_behind,cookie
move-the-black-bowl-from-the-top-of-the-drawer-to-on-top-of-the-cookie-at-the-ri,episode_20,120,wrist,cookie,is_in_front_of,red_drawer
move-the-black-bowl-from-the-top-of-the-drawer-to-on-top-of-the-cookie-at-the-ri,episode_20,150,wrist,black_bowl,is_in_front_of,red_drawer
move-the-black-bowl-from-the-top-of-the-drawer-to-on-top-of-the-cookie-at-the-ri,episode_20,150,wrist,red_drawer,is_behind,black_bowl
move-the-black-bowl-from-the-top-of-the-drawer-to-on-top-of-the-cookie-at-the-ri,episode_20,180,wrist,black_bowl,is_behind,cookie
move-the-black-bowl-from-the-top-of-the-drawer-to-on-top-of-the-cookie-at-the-ri,episode_20,180,wrist,black_bowl,is_left_of,red_drawer
move-the-black-bowl-from-the-top-of-the-drawer-to-on-top-of-the-cookie-at-the-ri,episode_20,180,wrist,black_bowl,is_on_top_of,white_plate
move-the-black-bowl-from-the-top-of-the-drawer-to-on-top-of-the-cookie-at-the-ri,episode_20,180,wrist,red_drawer,is_right_of,black_bowl
move-the-black-bowl-from-the-top-of-the-drawer-to-on-top-of-the-cookie-at-the-ri,episode_20,180,wrist,red_drawer,is_behind,cookie
move-the-black-bowl-from-the-top-of-the-drawer-to-on-top-of-the-cookie-at-the-ri,episode_20,180,wrist,red_drawer,is_behind,white_plate
move-the-black-bowl-from-the-top-of-the-drawer-to-on-top-of-the-cookie-at-the-ri,episode_20,180,wrist,cookie,is_in_front_of,black_bowl
move-the-black-bowl-from-the-top-of-the-drawer-to-on-top-of-the-cookie-at-the-ri,episode_20,180,wrist,cookie,is_in_front_of,red_drawer
move-the-black-bowl-from-the-top-of-the-drawer-to-on-top-of-the-cookie-at-the-ri,episode_20,180,wrist,cookie,is_left_of,white_plate
move-the-black-bowl-from-the-top-of-the-drawer-to-on-top-of-the-cookie-at-the-ri,episode_20,180,wrist,white_plate,is_below_of,black_bowl
move-the-black-bowl-from-the-top-of-the-drawer-to-on-top-of-the-cookie-at-the-ri,episode_20,180,wrist,white_plate,is_in_front_of,red_drawer
move-the-black-bowl-from-the-top-of-the-drawer-to-on-top-of-the-cookie-at-the-ri,episode_20,180,wrist,white_plate,is_right_of,cookie
move-the-black-bowl-from-the-top-of-the-drawer-to-on-top-of-the-cookie-at-the-ri,episode_20,210,wrist,black_bowl,is_on_top_of,red_drawer
move-the-black-bowl-from-the-top-of-the-drawer-to-on-top-of-the-cookie-at-the-ri,episode_20,210,wrist,red_drawer,is_below_of,black_bowl
move-the-black-bowl-from-the-top-of-the-drawer-to-on-top-of-the-cookie-at-the-ri,episode_20,210,wrist,black_bowl,is_behind,cookie
move-the-black-bowl-from-the-top-of-the-drawer-to-on-top-of-the-cookie-at-the-ri,episode_20,210,wrist,cookie,is_in_front_of,black_bowl
move-the-black-bowl-from-the-top-of-the-drawer-to-on-top-of-the-cookie-at-the-ri,episode_20,210,wrist,black_bowl,is_right_of,white_plate
move-the-black-bowl-from-the-top-of-the-drawer-to-on-top-of-the-cookie-at-the-ri,episode_20,210,wrist,white_plate,is_left_of,black_bowl
move-the-black-bowl-from-the-top-of-the-drawer-to-on-top-of-the-cookie-at-the-ri,episode_20,210,wrist,red_drawer,is_behind,cookie
move-the-black-bowl-from-the-top-of-the-drawer-to-on-top-of-the-cookie-at-the-ri,episode_20,210,wrist,cookie,is_in_front_of,red_drawer
move-the-black-bowl-from-the-top-of-the-drawer-to-on-top-of-the-cookie-at-the-ri,episode_20,210,wrist,red_drawer,is_right_of,white_plate
move-the-black-bowl-from-the-top-of-the-drawer-to-on-top-of-the-cookie-at-the-ri,episode_20,210,wrist,white_plate,is_left_of,red_drawer
move-the-black-bowl-from-the-top-of-the-drawer-to-on-top-of-the-cookie-at-the-ri,episode_20,210,wrist,cookie,is_right_of,white_plate
move-the-black-bowl-from-the-top-of-the-drawer-to-on-top-of-the-cookie-at-the-ri,episode_20,210,wrist,white_plate,is_left_of,cookie
move-the-black-bowl-from-the-top-of-the-drawer-to-on-top-of-the-cookie-at-the-ri,episode_20,240,wrist,black_bowl,is_on_top_of,red_drawer
move-the-black-bowl-from-the-top-of-the-drawer-to-on-top-of-the-cookie-at-the-ri,episode_20,240,wrist,red_drawer,is_below_of,black_bowl
move-the-black-bowl-from-the-top-of-the-drawer-to-on-top-of-the-cookie-at-the-ri,episode_20,240,wrist,black_bowl,is_right_of,black_stove
move-the-black-bowl-from-the-top-of-the-drawer-to-on-top-of-the-cookie-at-the-ri,episode_20,240,wrist,black_stove,is_left_of,black_bowl
move-the-black-bowl-from-the-top-of-the-drawer-to-on-top-of-the-cookie-at-the-ri,episode_20,240,wrist,black_bowl,is_behind,cookie
move-the-black-bowl-from-the-top-of-the-drawer-to-on-top-of-the-cookie-at-the-ri,episode_20,240,wrist,cookie,is_in_front_of,black_bowl
move-the-black-bowl-from-the-top-of-the-drawer-to-on-top-of-the-cookie-at-the-ri,episode_20,240,wrist,red_drawer,is_right_of,black_stove
move-the-black-bowl-from-the-top-of-the-drawer-to-on-top-of-the-cookie-at-the-ri,episode_20,240,wrist,black_stove,is_left_of,red_drawer
move-the-black-bowl-from-the-top-of-the-drawer-to-on-top-of-the-cookie-at-the-ri,episode_20,240,wrist,red_drawer,is_behind,cookie
move-the-black-bowl-from-the-top-of-the-drawer-to-on-top-of-the-cookie-at-the-ri,episode_20,240,wrist,cookie,is_in_front_of,red_drawer
move-the-black-bowl-from-the-top-of-the-drawer-to-on-top-of-the-cookie-at-the-ri,episode_20,240,wrist,black_stove,is_behind,cookie
move-the-black-bowl-from-the-top-of-the-drawer-to-on-top-of-the-cookie-at-the-ri,episode_20,240,wrist,cookie,is_in_front_of,black_stove
move-the-black-bowl-from-the-top-of-the-drawer-to-on-top-of-the-cookie-at-the-ri,episode_20,270,wrist,black_bowl,is_on_top_of,red_drawer
move-the-black-bowl-from-the-top-of-the-drawer-to-on-top-of-the-cookie-at-the-ri,episode_20,270,wrist,red_drawer,is_below_of,black_bowl
move-the-black-bowl-from-the-top-of-the-drawer-to-on-top-of-the-cookie-at-the-ri,episode_20,300,wrist,black_bowl,is_on_top_of,red_drawer
move-the-black-bowl-from-the-top-of-the-drawer-to-on-top-of-the-cookie-at-the-ri,episode_20,300,wrist,red_drawer,is_below_of,black_bowl
move-the-black-bowl-from-the-top-of-the-drawer-to-on-top-of-the-cookie-at-the-ri,episode_20,330,wrist,black_bowl,is_in_front_of,red_drawer
move-the-black-bowl-from-the-top-of-the-drawer-to-on-top-of-the-cookie-at-the-ri,episode_20,330,wrist,red_drawer,is_behind,black_bowl
move-the-black-bowl-from-the-top-of-the-drawer-to-on-top-of-the-cookie-at-the-ri,episode_20,360,wrist,black_bowl,is_behind,cookie
move-the-black-bowl-from-the-top-of-the-drawer-to-on-top-of-the-cookie-at-the-ri,episode_20,360,wrist,cookie,is_in_front_of,black_bowl
move-the-black-bowl-from-the-top-of-the-drawer-to-on-top-of-the-cookie-at-the-ri,episode_20,390,wrist,black_bowl,is_on_top_of,red_drawer
move-the-black-bowl-from-the-top-of-the-drawer-to-on-top-of-the-cookie-at-the-ri,episode_20,390,wrist,red_drawer,is_below_of,black_bowl
move-the-black-bowl-from-the-top-of-the-drawer-to-on-top-of-the-cookie-at-the-ri,episode_20,420,wrist,black_bowl,is_on_top_of,cookie
move-the-black-bowl-from-the-top-of-the-drawer-to-on-top-of-the-cookie-at-the-ri,episode_20,420,wrist,cookie,is_below_of,black_bowl
move-the-black-bowl-from-the-top-of-the-drawer-to-on-top-of-the-cookie-at-the-ri,episode_20,450,wrist,black_bowl,is_on_top_of,cookie
move-the-black-bowl-from-the-top-of-the-drawer-to-on-top-of-the-cookie-at-the-ri,episode_20,450,wrist,cookie,is_below_of,black_bowl
move-the-black-bowl-from-the-top-of-the-drawer-to-on-top-of-the-cookie-at-the-ri,episode_20,480,wrist,black_bowl,is_on_top_of,cookie
move-the-black-bowl-from-the-top-of-the-drawer-to-on-top-of-the-cookie-at-the-ri,episode_20,480,wrist,cookie,is_below_of,black_bowl
move-the-black-bowl-from-the-top-of-the-drawer-to-on-top-of-the-cookie-at-the-ri,episode_20,510,wrist,black_bowl,is_behind,cookie
move-the-black-bowl-from-the-top-of-the-drawer-to-on-top-of-the-cookie-at-the-ri,episode_20,510,wrist,cookie,is_in_front_of,black_bowl
move-the-black-bowl-from-the-top-of-the-drawer-to-on-top-of-the-cookie-at-the-ri,episode_20,540,wrist,black_bowl,is_behind,red_drawer
move-the-black-bowl-from-the-top-of-the-drawer-to-on-top-of-the-cookie-at-the-ri,episode_20,540,wrist,red_drawer,is_in_front_of,black_bowl
move-the-black-bowl-from-the-top-of-the-drawer-to-on-top-of-the-cookie-at-the-ri,episode_21,0,wrist,cookie,is_in_front_of,white_plate
move-the-black-bowl-from-the-top-of-the-drawer-to-on-top-of-the-cookie-at-the-ri,episode_21,0,wrist,white_plate,is_behind,cookie
move-the-black-bowl-from-the-top-of-the-drawer-to-on-top-of-the-cookie-at-the-ri,episode_21,30,wrist,cookie,is_in_front_of,black_bowl
move-the-black-bowl-from-the-top-of-the-drawer-to-on-top-of-the-cookie-at-the-ri,episode_21,30,wrist,black_bowl,is_behind,cookie
move-the-black-bowl-from-the-top-of-the-drawer-to-on-top-of-the-cookie-at-the-ri,episode_21,60,wrist,cookie,is_on_top_of,white_plate
move-the-black-bowl-from-the-top-of-the-drawer-to-on-top-of-the-cookie-at-the-ri,episode_21,60,wrist,white_plate,is_below_of,cookie
move-the-black-bowl-from-the-top-of-the-drawer-to-on-top-of-the-cookie-at-the-ri,episode_21,90,wrist,cookie,is_on_top_of,red_drawer
move-the-black-bowl-from-the-top-of-the-drawer-to-on-top-of-the-cookie-at-the-ri,episode_21,90,wrist,red_drawer,is_below_of,cookie
move-the-black-bowl-from-the-top-of-the-drawer-to-on-top-of-the-cookie-at-the-ri,episode_21,120,wrist,cookie,is_in_front_of,red_drawer
move-the-black-bowl-from-the-top-of-the-drawer-to-on-top-of-the-cookie-at-the-ri,episode_21,120,wrist,red_drawer,is_behind,cookie
move-the-black-bowl-from-the-top-of-the-drawer-to-on-top-of-the-cookie-at-the-ri,episode_21,150,wrist,black_bowl,is_on_top_of,red_drawer
move-the-black-bowl-from-the-top-of-the-drawer-to-on-top-of-the-cookie-at-the-ri,episode_21,150,wrist,red_drawer,is_below_of,black_bowl
move-the-black-bowl-from-the-top-of-the-drawer-to-on-top-of-the-cookie-at-the-ri,episode_21,150,wrist,black_bowl,is_behind,cookie
move-the-black-bowl-from-the-top-of-the-drawer-to-on-top-of-the-cookie-at-the-ri,episode_21,150,wrist,cookie,is_in_front_of,black_bowl
move-the-black-bowl-from-the-top-of-the-drawer-to-on-top-of-the-cookie-at-the-ri,episode_21,150,wrist,red_drawer,is_behind,cookie
move-the-black-bowl-from-the-top-of-the-drawer-to-on-top-of-the-cookie-at-the-ri,episode_21,150,wrist,cookie,is_in_front_of,red_drawer
move-the-black-bowl-from-the-top-of-the-drawer-to-on-top-of-the-cookie-at-the-ri,episode_21,180,wrist,black_bowl,is_on_top_of,red_drawer
move-the-black-bowl-from-the-top-of-the-drawer-to-on-top-of-the-cookie-at-the-ri,episode_21,180,wrist,red_drawer,is_below_of,black_bowl
move-the-black-bowl-from-the-top-of-the-drawer-to-on-top-of-the-cookie-at-the-ri,episode_21,210,wrist,black_bowl,is_on_top_of,red_drawer
move-the-black-bowl-from-the-top-of-the-drawer-to-on-top-of-the-cookie-at-the-ri,episode_21,210,wrist,red_drawer,is_below_of,black_bowl
move-the-black-bowl-from-the-top-of-the-drawer-to-on-top-of-the-cookie-at-the-ri,episode_21,240,wrist,black_bowl,is_on_top_of,red_drawer
move-the-black-bowl-from-the-top-of-the-drawer-to-on-top-of-the-cookie-at-the-ri,episode_21,240,wrist,red_drawer,is_below_of,black_bowl
move-the-black-bowl-from-the-top-of-the-drawer-to-on-top-of-the-cookie-at-the-ri,episode_21,270,wrist,black_bowl,is_behind,cookie
move-the-black-bowl-from-the-top-of-the-drawer-to-on-top-of-the-cookie-at-the-ri,episode_21,270,wrist,black_bowl,is_right_of,red_drawer
move-the-black-bowl-from-the-top-of-the-drawer-to-on-top-of-the-cookie-at-the-ri,episode_21,270,wrist,cookie,is_in_front_of,black_bowl
move-the-black-bowl-from-the-top-of-the-drawer-to-on-top-of-the-cookie-at-the-ri,episode_21,270,wrist,cookie,is_right_of,red_drawer
move-the-black-bowl-from-the-top-of-the-drawer-to-on-top-of-the-cookie-at-the-ri,episode_21,270,wrist,red_drawer,is_left_of,black_bowl
move-the-black-bowl-from-the-top-of-the-drawer-to-on-top-of-the-cookie-at-the-ri,episode_21,270,wrist,red_drawer,is_left_of,cookie
move-the-black-bowl-from-the-top-of-the-drawer-to-on-top-of-the-cookie-at-the-ri,episode_21,300,wrist,black_bowl,is_behind,red_drawer
move-the-black-bowl-from-the-top-of-the-drawer-to-on-top-of-the-cookie-at-the-ri,episode_21,300,wrist,red_drawer,is_in_front_of,black_bowl
move-the-black-bowl-from-the-top-of-the-drawer-to-on-top-of-the-cookie-at-the-ri,episode_21,300,wrist,black_bowl,is_behind,cookie
move-the-black-bowl-from-the-top-of-the-drawer-to-on-top-of-the-cookie-at-the-ri,episode_21,300,wrist,cookie,is_in_front_of,black_bowl
move-the-black-bowl-from-the-top-of-the-drawer-to-on-top-of-the-cookie-at-the-ri,episode_21,300,wrist,red_drawer,is_left_of,cookie
move-the-black-bowl-from-the-top-of-the-drawer-to-on-top-of-the-cookie-at-the-ri,episode_21,300,wrist,cookie,is_right_of,red_drawer
move-the-black-bowl-from-the-top-of-the-drawer-to-on-top-of-the-cookie-at-the-ri,episode_21,330,wrist,black_bowl,is_on_top_of,red_drawer
move-the-black-bowl-from-the-top-of-the-drawer-to-on-top-of-the-cookie-at-the-ri,episode_21,330,wrist,red_drawer,is_below_of,black_bowl
move-the-black-bowl-from-the-top-of-the-drawer-to-on-top-of-the-cookie-at-the-ri,episode_21,360,wrist,black_bowl,is_on_top_of,cookie
move-the-black-bowl-from-the-top-of-the-drawer-to-on-top-of-the-cookie-at-the-ri,episode_21,360,wrist,cookie,is_below_of,black_bowl
move-the-black-bowl-from-the-top-of-the-drawer-to-on-top-of-the-cookie-at-the-ri,episode_21,390,wrist,black_bowl,is_on_top_of,red_drawer
move-the-black-bowl-from-the-top-of-the-drawer-to-on-top-of-the-cookie-at-the-ri,episode_21,390,wrist,red_drawer,is_below_of,black_bowl
move-the-black-bowl-from-the-top-of-the-drawer-to-on-top-of-the-cookie-at-the-ri,episode_21,420,wrist,black_bowl,is_on_top_of,cookie
move-the-black-bowl-from-the-top-of-the-drawer-to-on-top-of-the-cookie-at-the-ri,episode_21,420,wrist,cookie,is_below_of,black_bowl
move-the-black-bowl-from-the-top-of-the-drawer-to-on-top-of-the-cookie-at-the-ri,episode_21,450,wrist,black_bowl,is_on_top_of,cookie
move-the-black-bowl-from-the-top-of-the-drawer-to-on-top-of-the-cookie-at-the-ri,episode_21,450,wrist,cookie,is_below_of,black_bowl
move-the-black-bowl-from-the-top-of-the-drawer-to-on-top-of-the-cookie-at-the-ri,episode_21,480,wrist,black_bowl,is_on_top_of,red_drawer
move-the-black-bowl-from-the-top-of-the-drawer-to-on-top-of-the-cookie-at-the-ri,episode_21,480,wrist,red_drawer,is_below_of,black_bowl
move-the-black-bowl-from-the-top-of-the-drawer-to-on-top-of-the-cookie-at-the-ri,episode_21,510,wrist,black_bowl,is_in_front_of,red_drawer
move-the-black-bowl-from-the-top-of-the-drawer-to-on-top-of-the-cookie-at-the-ri,episode_21,510,wrist,red_drawer,is_behind,black_bowl
move-the-black-bowl-from-the-top-of-the-drawer-to-on-top-of-the-cookie-at-the-ri,episode_22,0,wrist,black_bowl,is_in_front_of,red_drawer
move-the-black-bowl-from-the-top-of-the-drawer-to-on-top-of-the-cookie-at-the-ri,episode_22,0,wrist,red_drawer,is_behind,black_bowl
move-the-black-bowl-from-the-top-of-the-drawer-to-on-top-of-the-cookie-at-the-ri,episode_22,30,wrist,black_bowl,is_in_front_of,red_drawer
move-the-black-bowl-from-the-top-of-the-drawer-to-on-top-of-the-cookie-at-the-ri,episode_22,30,wrist,red_drawer,is_behind,black_bowl
move-the-black-bowl-from-the-top-of-the-drawer-to-on-top-of-the-cookie-at-the-ri,episode_22,60,wrist,black_bowl,is_in_front_of,red_drawer
move-the-black-bowl-from-the-top-of-the-drawer-to-on-top-of-the-cookie-at-the-ri,episode_22,60,wrist,red_drawer,is_behind,black_bowl
move-the-black-bowl-from-the-top-of-the-drawer-to-on-top-of-the-cookie-at-the-ri,episode_22,90,wrist,black_bowl,is_in_front_of,red_drawer
move-the-black-bowl-from-the-top-of-the-drawer-to-on-top-of-the-cookie-at-the-ri,episode_22,90,wrist,red_drawer,is_behind,black_bowl
move-the-black-bowl-from-the-top-of-the-drawer-to-on-top-of-the-cookie-at-the-ri,episode_22,120,wrist,black_bowl,is_in_front_of,red_drawer
move-the-black-bowl-from-the-top-of-the-drawer-to-on-top-of-the-cookie-at-the-ri,episode_22,120,wrist,red_drawer,is_behind,black_bowl
move-the-black-bowl-from-the-top-of-the-drawer-to-on-top-of-the-cookie-at-the-ri,episode_22,150,wrist,black_bowl,is_in_front_of,red_drawer
move-the-black-bowl-from-the-top-of-the-drawer-to-on-top-of-the-cookie-at-the-ri,episode_22,150,wrist,red_drawer,is_behind,black_bowl
move-the-black-bowl-from-the-top-of-the-drawer-to-on-top-of-the-cookie-at-the-ri,episode_22,180,wrist,black_bowl,is_in_front_of,red_drawer
move-the-black-bowl-from-the-top-of-the-drawer-to-on-top-of-the-cookie-at-the-ri,episode_22,180,wrist,red_drawer,is_behind,black_bowl
move-the-black-bowl-from-the-top-of-the-drawer-to-on-top-of-the-cookie-at-the-ri,episode_22,180,wrist,black_bowl,is_right_of,cookie
move-the-black-bowl-from-the-top-of-the-drawer-to-on-top-of-the-cookie-at-the-ri,episode_22,180,wrist,cookie,is_left_of,black_bowl
move-the-black-bowl-from-the-top-of-the-drawer-to-on-top-of-the-cookie-at-the-ri,episode_22,180,wrist,red_drawer,is_right_of,cookie
move-the-black-bowl-from-the-top-of-the-drawer-to-on-top-of-the-cookie-at-the-ri,episode_22,180,wrist,cookie,is_left_of,red_drawer
move-the-black-bowl-from-the-top-of-the-drawer-to-on-top-of-the-cookie-at-the-ri,episode_22,210,wrist,black_bowl,is_left_of,red_drawer
move-the-black-bowl-from-the-top-of-the-drawer-to-on-top-of-the-cookie-at-the-ri,episode_22,210,wrist,red_drawer,is_right_of,black_bowl
move-the-black-bowl-from-the-top-of-the-drawer-to-on-top-of-the-cookie-at-the-ri,episode_22,210,wrist,black_bowl,is_in_front_of,black_stove
move-the-black-bowl-from-the-top-of-the-drawer-to-on-top-of-the-cookie-at-the-ri,episode_22,210,wrist,black_stove,is_behind,black_bowl
move-the-black-bowl-from-the-top-of-the-drawer-to-on-top-of-the-cookie-at-the-ri,episode_22,210,wrist,red_drawer,is_in_front_of,black_stove
move-the-black-bowl-from-the-top-of-the-drawer-to-on-top-of-the-cookie-at-the-ri,episode_22,210,wrist,black_stove,is_behind,red_drawer
move-the-black-bowl-from-the-top-of-the-drawer-to-on-top-of-the-cookie-at-the-ri,episode_22,240,wrist,black_bowl,is_on_top_of,red_drawer
move-the-black-bowl-from-the-top-of-the-drawer-to-on-top-of-the-cookie-at-the-ri,episode_22,240,wrist,red_drawer,is_below_of,black_bowl
move-the-black-bowl-from-the-top-of-the-drawer-to-on-top-of-the-cookie-at-the-ri,episode_22,270,wrist,black_bowl,is_on_top_of,red_drawer
move-the-black-bowl-from-the-top-of-the-drawer-to-on-top-of-the-cookie-at-the-ri,episode_22,270,wrist,red_drawer,is_below_of,black_bowl
move-the-black-bowl-from-the-top-of-the-drawer-to-on-top-of-the-cookie-at-the-ri,episode_22,300,wrist,black_bowl,is_on_top_of,red_drawer
move-the-black-bowl-from-the-top-of-the-drawer-to-on-top-of-the-cookie-at-the-ri,episode_22,300,wrist,red_drawer,is_below_of,black_bowl
move-the-black-bowl-from-the-top-of-the-drawer-to-on-top-of-the-cookie-at-the-ri,episode_22,300,wrist,black_bowl,is_right_of,black_stove
move-the-black-bowl-from-the-top-of-the-drawer-to-on-top-of-the-cookie-at-the-ri,episode_22,300,wrist,black_stove,is_left_of,black_bowl
move-the-black-bowl-from-the-top-of-the-drawer-to-on-top-of-the-cookie-at-the-ri,episode_22,300,wrist,red_drawer,is_right_of,black_stove
move-the-black-bowl-from-the-top-of-the-drawer-to-on-top-of-the-cookie-at-the-ri,episode_22,300,wrist,black_stove,is_left_of,red_drawer
move-the-black-bowl-from-the-top-of-the-drawer-to-on-top-of-the-cookie-at-the-ri,episode_22,330,wrist,black_bowl,is_behind,cookie
move-the-black-bowl-from-the-top-of-the-drawer-to-on-top-of-the-cookie-at-the-ri,episode_22,330,wrist,cookie,is_in_front_of,black_bowl
move-the-black-bowl-from-the-top-of-the-drawer-to-on-top-of-the-cookie-at-the-ri,episode_22,330,wrist,black_bowl,is_in_front_of,red_drawer
move-the-black-bowl-from-the-top-of-the-drawer-to-on-top-of-the-cookie-at-the-ri,episode_22,330,wrist,red_drawer,is_behind,black_bowl
move-the-black-bowl-from-the-top-of-the-drawer-to-on-top-of-the-cookie-at-the-ri,episode_22,330,wrist,cookie,is_in_front_of,red_drawer
move-the-black-bowl-from-the-top-of-the-drawer-to-on-top-of-the-cookie-at-the-ri,episode_22,330,wrist,red_drawer,is_behind,cookie
move-the-black-bowl-from-the-top-of-the-drawer-to-on-top-of-the-cookie-at-the-ri,episode_22,360,wrist,black_bowl,is_behind,cookie
move-the-black-bowl-from-the-top-of-the-drawer-to-on-top-of-the-cookie-at-the-ri,episode_22,360,wrist,cookie,is_in_front_of,black_bowl
move-the-black-bowl-from-the-top-of-the-drawer-to-on-top-of-the-cookie-at-the-ri,episode_22,390,wrist,black_bowl,is_behind,cookie
move-the-black-bowl-from-the-top-of-the-drawer-to-on-top-of-the-cookie-at-the-ri,episode_22,390,wrist,cookie,is_in_front_of,black_bowl
move-the-black-bowl-from-the-top-of-the-drawer-to-on-top-of-the-cookie-at-the-ri,episode_22,420,wrist,black_bowl,is_right_of,cookie
move-the-black-bowl-from-the-top-of-the-drawer-to-on-top-of-the-cookie-at-the-ri,episode_22,420,wrist,cookie,is_left_of,black_bowl
move-the-black-bowl-from-the-top-of-the-drawer-to-on-top-of-the-cookie-at-the-ri,episode_22,450,wrist,black_bowl,is_on_top_of,cookie
move-the-black-bowl-from-the-top-of-the-drawer-to-on-top-of-the-cookie-at-the-ri,episode_22,450,wrist,cookie,is_below_of,black_bowl
move-the-black-bowl-from-the-top-of-the-drawer-to-on-top-of-the-cookie-at-the-ri,episode_22,480,wrist,black_bowl,is_behind,cookie
move-the-black-bowl-from-the-top-of-the-drawer-to-on-top-of-the-cookie-at-the-ri,episode_22,480,wrist,cookie,is_in_front_of,black_bowl
move-the-black-bowl-from-the-top-of-the-drawer-to-on-top-of-the-cookie-at-the-ri,episode_22,510,wrist,black_bowl,is_behind,red_drawer
move-the-black-bowl-from-the-top-of-the-drawer-to-on-top-of-the-cookie-at-the-ri,episode_22,510,wrist,red_drawer,is_in_front_of,black_bowl
move-the-black-bowl-from-the-top-of-the-drawer-to-on-top-of-the-cookie-at-the-ri,episode_23,0,wrist,cookie,is_on_top_of,white_plate
move-the-black-bowl-from-the-top-of-the-drawer-to-on-top-of-the-cookie-at-the-ri,episode_23,0,wrist,white_plate,is_below_of,cookie
move-the-black-bowl-from-the-top-of-the-drawer-to-on-top-of-the-cookie-at-the-ri,episode_23,30,wrist,cookie,is_right_of,white_plate
move-the-black-bowl-from-the-top-of-the-drawer-to-on-top-of-the-cookie-at-the-ri,episode_23,30,wrist,white_plate,is_left_of,cookie
move-the-black-bowl-from-the-top-of-the-drawer-to-on-top-of-the-cookie-at-the-ri,episode_23,60,wrist,cookie,is_left_of,white_plate
move-the-black-bowl-from-the-top-of-the-drawer-to-on-top-of-the-cookie-at-the-ri,episode_23,60,wrist,white_plate,is_right_of,cookie
move-the-black-bowl-from-the-top-of-the-drawer-to-on-top-of-the-cookie-at-the-ri,episode_23,90,wrist,cookie,is_on_top_of,white_plate
move-the-black-bowl-from-the-top-of-the-drawer-to-on-top-of-the-cookie-at-the-ri,episode_23,90,wrist,white_plate,is_below_of,cookie
move-the-black-bowl-from-the-top-of-the-drawer-to-on-top-of-the-cookie-at-the-ri,episode_23,120,wrist,cookie,is_in_front_of,white_plate
move-the-black-bowl-from-the-top-of-the-drawer-to-on-top-of-the-cookie-at-the-ri,episode_23,120,wrist,white_plate,is_behind,cookie
move-the-black-bowl-from-the-top-of-the-drawer-to-on-top-of-the-cookie-at-the-ri,episode_23,150,wrist,black_bowl,is_on_top_of,red_drawer
move-the-black-bowl-from-the-top-of-the-drawer-to-on-top-of-the-cookie-at-the-ri,episode_23,150,wrist,red_drawer,is_below_of,black_bowl
move-the-black-bowl-from-the-top-of-the-drawer-to-on-top-of-the-cookie-at-the-ri,episode_23,150,wrist,black_bowl,is_behind,cookie
move-the-black-bowl-from-the-top-of-the-drawer-to-on-top-of-the-cookie-at-the-ri,episode_23,150,wrist,cookie,is_in_front_of,black_bowl
move-the-black-bowl-from-the-top-of-the-drawer-to-on-top-of-the-cookie-at-the-ri,episode_23,150,wrist,black_bowl,is_right_of,white_plate
move-the-black-bowl-from-the-top-of-the-drawer-to-on-top-of-the-cookie-at-the-ri,episode_23,150,wrist,white_plate,is_left_of,black_bowl
move-the-black-bowl-from-the-top-of-the-drawer-to-on-top-of-the-cookie-at-the-ri,episode_23,150,wrist,red_drawer,is_behind,cookie
move-the-black-bowl-from-the-top-of-the-drawer-to-on-top-of-the-cookie-at-the-ri,episode_23,150,wrist,cookie,is_in_front_of,red_drawer
move-the-black-bowl-from-the-top-of-the-drawer-to-on-top-of-the-cookie-at-the-ri,episode_23,150,wrist,red_drawer,is_right_of,white_plate
move-the-black-bowl-from-the-top-of-the-drawer-to-on-top-of-the-cookie-at-the-ri,episode_23,150,wrist,white_plate,is_left_of,red_drawer
move-the-black-bowl-from-the-top-of-the-drawer-to-on-top-of-the-cookie-at-the-ri,episode_23,150,wrist,cookie,is_in_front_of,white_plate
move-the-black-bowl-from-the-top-of-the-drawer-to-on-top-of-the-cookie-at-the-ri,episode_23,150,wrist,white_plate,is_behind,cookie
move-the-black-bowl-from-the-top-of-the-drawer-to-on-top-of-the-cookie-at-the-ri,episode_23,180,wrist,black_bowl,is_on_top_of,red_drawer
move-the-black-bowl-from-the-top-of-the-drawer-to-on-top-of-the-cookie-at-the-ri,episode_23,180,wrist,red_drawer,is_below_of,black_bowl
move-the-black-bowl-from-the-top-of-the-drawer-to-on-top-of-the-cookie-at-the-ri,episode_23,180,wrist,black_bowl,is_behind,white_plate
move-the-black-bowl-from-the-top-of-the-drawer-to-on-top-of-the-cookie-at-the-ri,episode_23,180,wrist,white_plate,is_in_front_of,black_bowl
move-the-black-bowl-from-the-top-of-the-drawer-to-on-top-of-the-cookie-at-the-ri,episode_23,180,wrist,black_bowl,is_behind,cookie
move-the-black-bowl-from-the-top-of-the-drawer-to-on-top-of-the-cookie-at-the-ri,episode_23,180,wrist,cookie,is_in_front_of,black_bowl
move-the-black-bowl-from-the-top-of-the-drawer-to-on-top-of-the-cookie-at-the-ri,episode_23,180,wrist,red_drawer,is_behind,white_plate
move-the-black-bowl-from-the-top-of-the-drawer-to-on-top-of-the-cookie-at-the-ri,episode_23,180,wrist,white_plate,is_in_front_of,red_drawer
move-the-black-bowl-from-the-top-of-the-drawer-to-on-top-of-the-cookie-at-the-ri,episode_23,180,wrist,red_drawer,is_behind,cookie
move-the-black-bowl-from-the-top-of-the-drawer-to-on-top-of-the-cookie-at-the-ri,episode_23,180,wrist,cookie,is_in_front_of,red_drawer
move-the-black-bowl-from-the-top-of-the-drawer-to-on-top-of-the-cookie-at-the-ri,episode_23,180,wrist,white_plate,is_left_of,cookie
move-the-black-bowl-from-the-top-of-the-drawer-to-on-top-of-the-cookie-at-the-ri,episode_23,180,wrist,cookie,is_right_of,white_plate
move-the-black-bowl-from-the-top-of-the-drawer-to-on-top-of-the-cookie-at-the-ri,episode_23,210,wrist,black_bowl,is_on_top_of,red_drawer
move-the-black-bowl-from-the-top-of-the-drawer-to-on-top-of-the-cookie-at-the-ri,episode_23,210,wrist,red_drawer,is_below_of,black_bowl
move-the-black-bowl-from-the-top-of-the-drawer-to-on-top-of-the-cookie-at-the-ri,episode_23,210,wrist,black_bowl,is_right_of,cookie
move-the-black-bowl-from-the-top-of-the-drawer-to-on-top-of-the-cookie-at-the-ri,episode_23,210,wrist,cookie,is_left_of,black_bowl
move-the-black-bowl-from-the-top-of-the-drawer-to-on-top-of-the-cookie-at-the-ri,episode_23,210,wrist,red_drawer,is_right_of,cookie
move-the-black-bowl-from-the-top-of-the-drawer-to-on-top-of-the-cookie-at-the-ri,episode_23,210,wrist,cookie,is_left_of,red_drawer
move-the-black-bowl-from-the-top-of-the-drawer-to-on-top-of-the-cookie-at-the-ri,episode_23,240,wrist,black_bowl,is_in_front_of,red_drawer
move-the-black-bowl-from-the-top-of-the-drawer-to-on-top-of-the-cookie-at-the-ri,episode_23,240,wrist,red_drawer,is_behind,black_bowl
move-the-black-bowl-from-the-top-of-the-drawer-to-on-top-of-the-cookie-at-the-ri,episode_23,240,wrist,black_bowl,is_right_of,white_plate
move-the-black-bowl-from-the-top-of-the-drawer-to-on-top-of-the-cookie-at-the-ri,episode_23,240,wrist,white_plate,is_left_of,black_bowl
move-the-black-bowl-from-the-top-of-the-drawer-to-on-top-of-the-cookie-at-the-ri,episode_23,240,wrist,red_drawer,is_right_of,white_plate
move-the-black-bowl-from-the-top-of-the-drawer-to-on-top-of-the-cookie-at-the-ri,episode_23,240,wrist,white_plate,is_left_of,red_drawer
move-the-black-bowl-from-the-top-of-the-drawer-to-on-top-of-the-cookie-at-the-ri,episode_23,270,wrist,black_bowl,is_behind,cookie
move-the-black-bowl-from-the-top-of-the-drawer-to-on-top-of-the-cookie-at-the-ri,episode_23,270,wrist,cookie,is_in_front_of,black_bowl
move-the-black-bowl-from-the-top-of-the-drawer-to-on-top-of-the-cookie-at-the-ri,episode_23,300,wrist,black_bowl,is_on_top_of,cookie
move-the-black-bowl-from-the-top-of-the-drawer-to-on-top-of-the-cookie-at-the-ri,episode_23,300,wrist,cookie,is_below_of,black_bowl
move-the-black-bowl-from-the-top-of-the-drawer-to-on-top-of-the-cookie-at-the-ri,episode_23,330,wrist,black_bowl,is_on_top_of,cookie
move-the-black-bowl-from-the-top-of-the-drawer-to-on-top-of-the-cookie-at-the-ri,episode_23,330,wrist,cookie,is_below_of,black_bowl
move-the-black-bowl-from-the-top-of-the-drawer-to-on-top-of-the-cookie-at-the-ri,episode_23,360,wrist,black_bowl,is_on_top_of,cookie
move-the-black-bowl-from-the-top-of-the-drawer-to-on-top-of-the-cookie-at-the-ri,episode_23,360,wrist,cookie,is_below_of,black_bowl
move-the-black-bowl-from-the-top-of-the-drawer-to-on-top-of-the-cookie-at-the-ri,episode_23,390,wrist,black_bowl,is_on_top_of,cookie
move-the-black-bowl-from-the-top-of-the-drawer-to-on-top-of-the-cookie-at-the-ri,episode_23,390,wrist,cookie,is_below_of,black_bowl
move-the-black-bowl-from-the-top-of-the-drawer-to-on-top-of-the-cookie-at-the-ri,episode_23,420,wrist,black_bowl,is_in_front_of,cookie
move-the-black-bowl-from-the-top-of-the-drawer-to-on-top-of-the-cookie-at-the-ri,episode_23,420,wrist,cookie,is_behind,black_bowl
move-the-black-bowl-from-the-top-of-the-drawer-to-on-top-of-the-cookie-at-the-ri,episode_23,450,wrist,black_bowl,is_behind,cookie
move-the-black-bowl-from-the-top-of-the-drawer-to-on-top-of-the-cookie-at-the-ri,episode_23,450,wrist,black_bowl,is_in_front_of,white_plate
move-the-black-bowl-from-the-top-of-the-drawer-to-on-top-of-the-cookie-at-the-ri,episode_23,450,wrist,cookie,is_in_front_of,black_bowl
move-the-black-bowl-from-the-top-of-the-drawer-to-on-top-of-the-cookie-at-the-ri,episode_23,450,wrist,cookie,is_in_front_of,white_plate
move-the-black-bowl-from-the-top-of-the-drawer-to-on-top-of-the-cookie-at-the-ri,episode_23,450,wrist,white_plate,is_behind,black_bowl
move-the-black-bowl-from-the-top-of-the-drawer-to-on-top-of-the-cookie-at-the-ri,episode_23,450,wrist,white_plate,is_behind,cookie
move-the-black-bowl-from-the-top-of-the-drawer-to-on-top-of-the-cookie-at-the-ri,episode_24,150,wrist,black_bowl,is_on_top_of,red_drawer
move-the-black-bowl-from-the-top-of-the-drawer-to-on-top-of-the-cookie-at-the-ri,episode_24,150,wrist,red_drawer,is_below_of,black_bowl
move-the-black-bowl-from-the-top-of-the-drawer-to-on-top-of-the-cookie-at-the-ri,episode_24,180,wrist,black_bowl,is_on_top_of,red_drawer
move-the-black-bowl-from-the-top-of-the-drawer-to-on-top-of-the-cookie-at-the-ri,episode_24,180,wrist,red_drawer,is_below_of,black_bowl
move-the-black-bowl-from-the-top-of-the-drawer-to-on-top-of-the-cookie-at-the-ri,episode_24,210,wrist,black_bowl,is_on_top_of,red_drawer
move-the-black-bowl-from-the-top-of-the-drawer-to-on-top-of-the-cookie-at-the-ri,episode_24,210,wrist,red_drawer,is_below_of,black_bowl
move-the-black-bowl-from-the-top-of-the-drawer-to-on-top-of-the-cookie-at-the-ri,episode_24,240,wrist,black_bowl,is_in_front_of,red_drawer
move-the-black-bowl-from-the-top-of-the-drawer-to-on-top-of-the-cookie-at-the-ri,episode_24,240,wrist,red_drawer,is_behind,black_bowl
move-the-black-bowl-from-the-top-of-the-drawer-to-on-top-of-the-cookie-at-the-ri,episode_24,270,wrist,black_bowl,is_behind,cookie
move-the-black-bowl-from-the-top-of-the-drawer-to-on-top-of-the-cookie-at-the-ri,episode_24,270,wrist,cookie,is_in_front_of,black_bowl
move-the-black-bowl-from-the-top-of-the-drawer-to-on-top-of-the-cookie-at-the-ri,episode_24,300,wrist,black_bowl,is_behind,white_plate
move-the-black-bowl-from-the-top-of-the-drawer-to-on-top-of-the-cookie-at-the-ri,episode_24,300,wrist,white_plate,is_in_front_of,black_bowl
move-the-black-bowl-from-the-top-of-the-drawer-to-on-top-of-the-cookie-at-the-ri,episode_24,330,wrist,black_bowl,is_on_top_of,cookie
move-the-black-bowl-from-the-top-of-the-drawer-to-on-top-of-the-cookie-at-the-ri,episode_24,330,wrist,cookie,is_below_of,black_bowl
move-the-black-bowl-from-the-top-of-the-drawer-to-on-top-of-the-cookie-at-the-ri,episode_24,360,wrist,black_bowl,is_right_of,cookie
move-the-black-bowl-from-the-top-of-the-drawer-to-on-top-of-the-cookie-at-the-ri,episode_24,360,wrist,cookie,is_left_of,black_bowl
move-the-black-bowl-from-the-top-of-the-drawer-to-on-top-of-the-cookie-at-the-ri,episode_24,390,wrist,black_bowl,is_on_top_of,cookie
move-the-black-bowl-from-the-top-of-the-drawer-to-on-top-of-the-cookie-at-the-ri,episode_24,390,wrist,cookie,is_below_of,black_bowl
move-the-black-bowl-from-the-top-of-the-drawer-to-on-top-of-the-cookie-at-the-ri,episode_24,420,wrist,black_bowl,is_in_front_of,cookie
move-the-black-bowl-from-the-top-of-the-drawer-to-on-top-of-the-cookie-at-the-ri,episode_24,420,wrist,cookie,is_behind,black_bowl
move-the-black-bowl-from-the-top-of-the-drawer-to-on-top-of-the-cookie-at-the-ri,episode_24,450,wrist,black_bowl,is_on_top_of,red_drawer
move-the-black-bowl-from-the-top-of-the-drawer-to-on-top-of-the-cookie-at-the-ri,episode_24,450,wrist,red_drawer,is_below_of,black_bowl
move-the-black-bowl-from-the-top-of-the-drawer-to-on-top-of-the-cookie-at-the-ri,episode_24,450,wrist,black_bowl,is_left_of,black_stove
move-the-black-bowl-from-the-top-of-the-drawer-to-on-top-of-the-cookie-at-the-ri,episode_24,450,wrist,black_stove,is_right_of,black_bowl
move-the-black-bowl-from-the-top-of-the-drawer-to-on-top-of-the-cookie-at-the-ri,episode_24,450,wrist,black_bowl,is_left_of,cookie
move-the-black-bowl-from-the-top-of-the-drawer-to-on-top-of-the-cookie-at-the-ri,episode_24,450,wrist,cookie,is_right_of,black_bowl
move-the-black-bowl-from-the-top-of-the-drawer-to-on-top-of-the-cookie-at-the-ri,episode_24,450,wrist,black_bowl,is_left_of,white_plate
move-the-black-bowl-from-the-top-of-the-drawer-to-on-top-of-the-cookie-at-the-ri,episode_24,450,wrist,white_plate,is_right_of,black_bowl
move-the-black-bowl-from-the-top-of-the-drawer-to-on-top-of-the-cookie-at-the-ri,episode_24,450,wrist,red_drawer,is_left_of,black_stove
move-the-black-bowl-from-the-top-of-the-drawer-to-on-top-of-the-cookie-at-the-ri,episode_24,450,wrist,black_stove,is_right_of,red_drawer
move-the-black-bowl-from-the-top-of-the-drawer-to-on-top-of-the-cookie-at-the-ri,episode_24,450,wrist,red_drawer,is_left_of,cookie
move-the-black-bowl-from-the-top-of-the-drawer-to-on-top-of-the-cookie-at-the-ri,episode_24,450,wrist,cookie,is_right_of,red_drawer
move-the-black-bowl-from-the-top-of-the-drawer-to-on-top-of-the-cookie-at-the-ri,episode_24,450,wrist,red_drawer,is_left_of,white_plate
move-the-black-bowl-from-the-top-of-the-drawer-to-on-top-of-the-cookie-at-the-ri,episode_24,450,wrist,white_plate,is_right_of,red_drawer
move-the-black-bowl-from-the-top-of-the-drawer-to-on-top-of-the-cookie-at-the-ri,episode_24,450,wrist,black_stove,is_behind,cookie
move-the-black-bowl-from-the-top-of-the-drawer-to-on-top-of-the-cookie-at-the-ri,episode_24,450,wrist,cookie,is_in_front_of,black_stove
move-the-black-bowl-from-the-top-of-the-drawer-to-on-top-of-the-cookie-at-the-ri,episode_24,450,wrist,black_stove,is_behind,white_plate
move-the-black-bowl-from-the-top-of-the-drawer-to-on-top-of-the-cookie-at-the-ri,episode_24,450,wrist,white_plate,is_in_front_of,black_stove
move-the-black-bowl-from-the-top-of-the-drawer-to-on-top-of-the-cookie-at-the-ri,episode_24,450,wrist,cookie,is_on_top_of,white_plate
move-the-black-bowl-from-the-top-of-the-drawer-to-on-top-of-the-cookie-at-the-ri,episode_24,450,wrist,white_plate,is_below_of,cookie
move-the-black-bowl-from-the-top-of-the-drawer-to-on-top-of-the-cookie-at-the-ri,episode_24,480,wrist,black_bowl,is_on_top_of,red_drawer
move-the-black-bowl-from-the-top-of-the-drawer-to-on-top-of-the-cookie-at-the-ri,episode_24,480,wrist,red_drawer,is_below_of,black_bowl
move-the-black-bowl-from-the-top-of-the-drawer-to-on-top-of-the-cookie-at-the-ri,episode_24,480,wrist,black_bowl,is_left_of,cookie
move-the-black-bowl-from-the-top-of-the-drawer-to-on-top-of-the-cookie-at-the-ri,episode_24,480,wrist,cookie,is_right_of,black_bowl
move-the-black-bowl-from-the-top-of-the-drawer-to-on-top-of-the-cookie-at-the-ri,episode_24,480,wrist,black_bowl,is_left_of,white_plate
move-the-black-bowl-from-the-top-of-the-drawer-to-on-top-of-the-cookie-at-the-ri,episode_24,480,wrist,white_plate,is_right_of,black_bowl
move-the-black-bowl-from-the-top-of-the-drawer-to-on-top-of-the-cookie-at-the-ri,episode_24,480,wrist,black_bowl,is_in_front_of,black_stove
move-the-black-bowl-from-the-top-of-the-drawer-to-on-top-of-the-cookie-at-the-ri,episode_24,480,wrist,black_stove,is_behind,black_bowl
move-the-black-bowl-from-the-top-of-the-drawer-to-on-top-of-the-cookie-at-the-ri,episode_24,480,wrist,red_drawer,is_left_of,cookie
move-the-black-bowl-from-the-top-of-the-drawer-to-on-top-of-the-cookie-at-the-ri,episode_24,480,wrist,cookie,is_right_of,red_drawer
move-the-black-bowl-from-the-top-of-the-drawer-to-on-top-of-the-cookie-at-the-ri,episode_24,480,wrist,red_drawer,is_left_of,white_plate
move-the-black-bowl-from-the-top-of-the-drawer-to-on-top-of-the-cookie-at-the-ri,episode_24,480,wrist,white_plate,is_right_of,red_drawer
move-the-black-bowl-from-the-top-of-the-drawer-to-on-top-of-the-cookie-at-the-ri,episode_24,480,wrist,red_drawer,is_in_front_of,black_stove
move-the-black-bowl-from-the-top-of-the-drawer-to-on-top-of-the-cookie-at-the-ri,episode_24,480,wrist,black_stove,is_behind,red_drawer
move-the-black-bowl-from-the-top-of-the-drawer-to-on-top-of-the-cookie-at-the-ri,episode_24,480,wrist,cookie,is_on_top_of,white_plate
move-the-black-bowl-from-the-top-of-the-drawer-to-on-top-of-the-cookie-at-the-ri,episode_24,480,wrist,white_plate,is_below_of,cookie
move-the-black-bowl-from-the-top-of-the-drawer-to-on-top-of-the-cookie-at-the-ri,episode_24,480,wrist,cookie,is_in_front_of,black_stove
move-the-black-bowl-from-the-top-of-the-drawer-to-on-top-of-the-cookie-at-the-ri,episode_24,480,wrist,black_stove,is_behind,cookie
move-the-black-bowl-from-the-top-of-the-drawer-to-on-top-of-the-cookie-at-the-ri,episode_24,480,wrist,white_plate,is_in_front_of,black_stove
move-the-black-bowl-from-the-top-of-the-drawer-to-on-top-of-the-cookie-at-the-ri,episode_24,480,wrist,black_stove,is_behind,white_plate
move-the-black-bowl-from-the-top-of-the-drawer-to-on-top-of-the-cookie-at-the-ri,episode_25,150,wrist,black_bowl,is_on_top_of,red_drawer
move-the-black-bowl-from-the-top-of-the-drawer-to-on-top-of-the-cookie-at-the-ri,episode_25,150,wrist,red_drawer,is_below_of,black_bowl
move-the-black-bowl-from-the-top-of-the-drawer-to-on-top-of-the-cookie-at-the-ri,episode_25,150,wrist,black_bowl,is_behind,cookie
move-the-black-bowl-from-the-top-of-the-drawer-to-on-top-of-the-cookie-at-the-ri,episode_25,150,wrist,cookie,is_in_front_of,black_bowl
move-the-black-bowl-from-the-top-of-the-drawer-to-on-top-of-the-cookie-at-the-ri,episode_25,150,wrist,red_drawer,is_behind,cookie
move-the-black-bowl-from-the-top-of-the-drawer-to-on-top-of-the-cookie-at-the-ri,episode_25,150,wrist,cookie,is_in_front_of,red_drawer
move-the-black-bowl-from-the-top-of-the-drawer-to-on-top-of-the-cookie-at-the-ri,episode_25,180,wrist,black_bowl,is_on_top_of,red_drawer
move-the-black-bowl-from-the-top-of-the-drawer-to-on-top-of-the-cookie-at-the-ri,episode_25,180,wrist,red_drawer,is_below_of,black_bowl
move-the-black-bowl-from-the-top-of-the-drawer-to-on-top-of-the-cookie-at-the-ri,episode_25,210,wrist,black_bowl,is_on_top_of,red_drawer
move-the-black-bowl-from-the-top-of-the-drawer-to-on-top-of-the-cookie-at-the-ri,episode_25,210,wrist,red_drawer,is_below_of,black_bowl
move-the-black-bowl-from-the-top-of-the-drawer-to-on-top-of-the-cookie-at-the-ri,episode_25,240,wrist,black_bowl,is_in_front_of,red_drawer
move-the-black-bowl-from-the-top-of-the-drawer-to-on-top-of-the-cookie-at-the-ri,episode_25,240,wrist,red_drawer,is_behind,black_bowl
move-the-black-bowl-from-the-top-of-the-drawer-to-on-top-of-the-cookie-at-the-ri,episode_25,270,wrist,black_bowl,is_behind,cookie
move-the-black-bowl-from-the-top-of-the-drawer-to-on-top-of-the-cookie-at-the-ri,episode_25,270,wrist,black_bowl,is_in_front_of,red_drawer
move-the-black-bowl-from-the-top-of-the-drawer-to-on-top-of-the-cookie-at-the-ri,episode_25,270,wrist,cookie,is_in_front_of,black_bowl
move-the-black-bowl-from-the-top-of-the-drawer-to-on-top-of-the-cookie-at-the-ri,episode_25,270,wrist,cookie,is_in_front_of,red_drawer
move-the-black-bowl-from-the-top-of-the-drawer-to-on-top-of-the-cookie-at-the-ri,episode_25,270,wrist,red_drawer,is_behind,black_bowl
move-the-black-bowl-from-the-top-of-the-drawer-to-on-top-of-the-cookie-at-the-ri,episode_25,270,wrist,red_drawer,is_behind,cookie
move-the-black-bowl-from-the-top-of-the-drawer-to-on-top-of-the-cookie-at-the-ri,episode_25,300,wrist,black_bowl,is_behind,red_drawer
move-the-black-bowl-from-the-top-of-the-drawer-to-on-top-of-the-cookie-at-the-ri,episode_25,300,wrist,red_drawer,is_in_front_of,black_bowl
move-the-black-bowl-from-the-top-of-the-drawer-to-on-top-of-the-cookie-at-the-ri,episode_25,330,wrist,black_bowl,is_on_top_of,cookie
move-the-black-bowl-from-the-top-of-the-drawer-to-on-top-of-the-cookie-at-the-ri,episode_25,330,wrist,cookie,is_below_of,black_bowl
move-the-black-bowl-from-the-top-of-the-drawer-to-on-top-of-the-cookie-at-the-ri,episode_25,360,wrist,black_bowl,is_behind,cookie
move-the-black-bowl-from-the-top-of-the-drawer-to-on-top-of-the-cookie-at-the-ri,episode_25,360,wrist,cookie,is_in_front_of,black_bowl
move-the-black-bowl-from-the-top-of-the-drawer-to-on-top-of-the-cookie-at-the-ri,episode_25,390,wrist,black_bowl,is_on_top_of,cookie
move-the-black-bowl-from-the-top-of-the-drawer-to-on-top-of-the-cookie-at-the-ri,episode_25,390,wrist,cookie,is_below_of,black_bowl
move-the-black-bowl-from-the-top-of-the-drawer-to-on-top-of-the-cookie-at-the-ri,episode_25,420,wrist,black_bowl,is_on_top_of,red_drawer
move-the-black-bowl-from-the-top-of-the-drawer-to-on-top-of-the-cookie-at-the-ri,episode_25,420,wrist,red_drawer,is_below_of,black_bowl
move-the-black-bowl-from-the-top-of-the-drawer-to-on-top-of-the-cookie-at-the-ri,episode_25,450,wrist,black_bowl,is_on_top_of,cookie
move-the-black-bowl-from-the-top-of-the-drawer-to-on-top-of-the-cookie-at-the-ri,episode_25,450,wrist,cookie,is_below_of,black_bowl
move-the-black-bowl-from-the-top-of-the-drawer-to-on-top-of-the-cookie-at-the-ri,episode_25,480,wrist,black_bowl,is_on_top_of,red_drawer
move-the-black-bowl-from-the-top-of-the-drawer-to-on-top-of-the-cookie-at-the-ri,episode_25,480,wrist,red_drawer,is_below_of,black_bowl
move-the-black-bowl-from-the-top-of-the-drawer-to-on-top-of-the-cookie-at-the-ri,episode_25,510,wrist,black_bowl,is_on_top_of,red_drawer
move-the-black-bowl-from-the-top-of-the-drawer-to-on-top-of-the-cookie-at-the-ri,episode_25,510,wrist,red_drawer,is_below_of,black_bowl
move-the-black-bowl-from-the-top-of-the-drawer-to-on-top-of-the-cookie-at-the-ri,episode_26,120,wrist,red_drawer,is_behind,cookie
move-the-black-bowl-from-the-top-of-the-drawer-to-on-top-of-the-cookie-at-the-ri,episode_26,120,wrist,cookie,is_in_front_of,red_drawer
move-the-black-bowl-from-the-top-of-the-drawer-to-on-top-of-the-cookie-at-the-ri,episode_26,150,wrist,black_bowl,is_on_top_of,red_drawer
move-the-black-bowl-from-the-top-of-the-drawer-to-on-top-of-the-cookie-at-the-ri,episode_26,150,wrist,red_drawer,is_below_of,black_bowl
move-the-black-bowl-from-the-top-of-the-drawer-to-on-top-of-the-cookie-at-the-ri,episode_26,180,wrist,black_bowl,is_on_top_of,red_drawer
move-the-black-bowl-from-the-top-of-the-drawer-to-on-top-of-the-cookie-at-the-ri,episode_26,180,wrist,red_drawer,is_below_of,black_bowl
move-the-black-bowl-from-the-top-of-the-drawer-to-on-top-of-the-cookie-at-the-ri,episode_26,210,wrist,black_bowl,is_on_top_of,red_drawer
move-the-black-bowl-from-the-top-of-the-drawer-to-on-top-of-the-cookie-at-the-ri,episode_26,210,wrist,red_drawer,is_below_of,black_bowl
move-the-black-bowl-from-the-top-of-the-drawer-to-on-top-of-the-cookie-at-the-ri,episode_26,240,wrist,black_bowl,is_on_top_of,red_drawer
move-the-black-bowl-from-the-top-of-the-drawer-to-on-top-of-the-cookie-at-the-ri,episode_26,240,wrist,red_drawer,is_below_of,black_bowl
move-the-black-bowl-from-the-top-of-the-drawer-to-on-top-of-the-cookie-at-the-ri,episode_26,270,wrist,black_bowl,is_on_top_of,red_drawer
move-the-black-bowl-from-the-top-of-the-drawer-to-on-top-of-the-cookie-at-the-ri,episode_26,270,wrist,red_drawer,is_below_of,black_bowl
move-the-black-bowl-from-the-top-of-the-drawer-to-on-top-of-the-cookie-at-the-ri,episode_26,300,wrist,black_bowl,is_behind,cookie
move-the-black-bowl-from-the-top-of-the-drawer-to-on-top-of-the-cookie-at-the-ri,episode_26,300,wrist,cookie,is_in_front_of,black_bowl
move-the-black-bowl-from-the-top-of-the-drawer-to-on-top-of-the-cookie-at-the-ri,episode_26,330,wrist,black_bowl,is_behind,cookie
move-the-black-bowl-from-the-top-of-the-drawer-to-on-top-of-the-cookie-at-the-ri,episode_26,330,wrist,cookie,is_in_front_of,black_bowl
move-the-black-bowl-from-the-top-of-the-drawer-to-on-top-of-the-cookie-at-the-ri,episode_26,360,wrist,black_bowl,is_in_front_of,cookie
move-the-black-bowl-from-the-top-of-the-drawer-to-on-top-of-the-cookie-at-the-ri,episode_26,360,wrist,cookie,is_behind,black_bowl
move-the-black-bowl-from-the-top-of-the-drawer-to-on-top-of-the-cookie-at-the-ri,episode_26,390,wrist,black_bowl,is_behind,cookie
move-the-black-bowl-from-the-top-of-the-drawer-to-on-top-of-the-cookie-at-the-ri,episode_26,390,wrist,cookie,is_in_front_of,black_bowl
move-the-black-bowl-from-the-top-of-the-drawer-to-on-top-of-the-cookie-at-the-ri,episode_26,420,wrist,black_bowl,is_on_top_of,red_drawer
move-the-black-bowl-from-the-top-of-the-drawer-to-on-top-of-the-cookie-at-the-ri,episode_26,420,wrist,red_drawer,is_below_of,black_bowl
move-the-black-bowl-from-the-top-of-the-drawer-to-on-top-of-the-cookie-at-the-ri,episode_26,450,wrist,black_bowl,is_on_top_of,red_drawer
move-the-black-bowl-from-the-top-of-the-drawer-to-on-top-of-the-cookie-at-the-ri,episode_26,450,wrist,red_drawer,is_below_of,black_bowl
move-the-black-bowl-from-the-top-of-the-drawer-to-on-top-of-the-cookie-at-the-ri,episode_27,0,wrist,black_bowl,is_left_of,cookie
move-the-black-bowl-from-the-top-of-the-drawer-to-on-top-of-the-cookie-at-the-ri,episode_27,0,wrist,cookie,is_right_of,black_bowl
move-the-black-bowl-from-the-top-of-the-drawer-to-on-top-of-the-cookie-at-the-ri,episode_27,30,wrist,black_bowl,is_left_of,cookie
move-the-black-bowl-from-the-top-of-the-drawer-to-on-top-of-the-cookie-at-the-ri,episode_27,30,wrist,black_bowl,is_behind,red_drawer
move-the-black-bowl-from-the-top-of-the-drawer-to-on-top-of-the-cookie-at-the-ri,episode_27,30,wrist,cookie,is_right_of,black_bowl
move-the-black-bowl-from-the-top-of-the-drawer-to-on-top-of-the-cookie-at-the-ri,episode_27,30,wrist,cookie,is_behind,red_drawer
move-the-black-bowl-from-the-top-of-the-drawer-to-on-top-of-the-cookie-at-the-ri,episode_27,30,wrist,red_drawer,is_in_front_of,black_bowl
move-the-black-bowl-from-the-top-of-the-drawer-to-on-top-of-the-cookie-at-the-ri,episode_27,30,wrist,red_drawer,is_in_front_of,cookie
move-the-black-bowl-from-the-top-of-the-drawer-to-on-top-of-the-cookie-at-the-ri,episode_27,60,wrist,black_bowl,is_left_of,cookie
move-the-black-bowl-from-the-top-of-the-drawer-to-on-top-of-the-cookie-at-the-ri,episode_27,60,wrist,cookie,is_right_of,black_bowl
move-the-black-bowl-from-the-top-of-the-drawer-to-on-top-of-the-cookie-at-the-ri,episode_27,90,wrist,black_bowl,is_on_top_of,cookie
move-the-black-bowl-from-the-top-of-the-drawer-to-on-top-of-the-cookie-at-the-ri,episode_27,90,wrist,cookie,is_below_of,black_bowl
move-the-black-bowl-from-the-top-of-the-drawer-to-on-top-of-the-cookie-at-the-ri,episode_27,120,wrist,black_bowl,is_on_top_of,cookie
move-the-black-bowl-from-the-top-of-the-drawer-to-on-top-of-the-cookie-at-the-ri,episode_27,120,wrist,cookie,is_below_of,black_bowl
move-the-black-bowl-from-the-top-of-the-drawer-to-on-top-of-the-cookie-at-the-ri,episode_27,150,wrist,black_bowl,is_left_of,cookie
move-the-black-bowl-from-the-top-of-the-drawer-to-on-top-of-the-cookie-at-the-ri,episode_27,150,wrist,cookie,is_right_of,black_bowl
move-the-black-bowl-from-the-top-of-the-drawer-to-on-top-of-the-cookie-at-the-ri,episode_27,180,wrist,black_bowl,is_left_of,cookie
move-the-black-bowl-from-the-top-of-the-drawer-to-on-top-of-the-cookie-at-the-ri,episode_27,180,wrist,cookie,is_right_of,black_bowl
move-the-black-bowl-from-the-top-of-the-drawer-to-on-top-of-the-cookie-at-the-ri,episode_27,210,wrist,black_bowl,is_left_of,cookie
move-the-black-bowl-from-the-top-of-the-drawer-to-on-top-of-the-cookie-at-the-ri,episode_27,210,wrist,black_bowl,is_on_top_of,white_plate
move-the-black-bowl-from-the-top-of-the-drawer-to-on-top-of-the-cookie-at-the-ri,episode_27,210,wrist,cookie,is_right_of,black_bowl
move-the-black-bowl-from-the-top-of-the-drawer-to-on-top-of-the-cookie-at-the-ri,episode_27,210,wrist,cookie,is_right_of,white_plate
move-the-black-bowl-from-the-top-of-the-drawer-to-on-top-of-the-cookie-at-the-ri,episode_27,210,wrist,white_plate,is_right_of,black_bowl
move-the-black-bowl-from-the-top-of-the-drawer-to-on-top-of-the-cookie-at-the-ri,episode_27,210,wrist,white_plate,is_below_of,black_bowl
move-the-black-bowl-from-the-top-of-the-drawer-to-on-top-of-the-cookie-at-the-ri,episode_27,240,wrist,black_bowl,is_in_front_of,red_drawer
move-the-black-bowl-from-the-top-of-the-drawer-to-on-top-of-the-cookie-at-the-ri,episode_27,240,wrist,red_drawer,is_behind,black_bowl
move-the-black-bowl-from-the-top-of-the-drawer-to-on-top-of-the-cookie-at-the-ri,episode_27,270,wrist,black_bowl,is_on_top_of,red_drawer
move-the-black-bowl-from-the-top-of-the-drawer-to-on-top-of-the-cookie-at-the-ri,episode_27,270,wrist,red_drawer,is_below_of,black_bowl
move-the-black-bowl-from-the-top-of-the-drawer-to-on-top-of-the-cookie-at-the-ri,episode_27,270,wrist,black_bowl,is_behind,black_stove
move-the-black-bowl-from-the-top-of-the-drawer-to-on-top-of-the-cookie-at-the-ri,episode_27,270,wrist,black_stove,is_in_front_of,black_bowl
move-the-black-bowl-from-the-top-of-the-drawer-to-on-top-of-the-cookie-at-the-ri,episode_27,270,wrist,red_drawer,is_behind,black_stove
move-the-black-bowl-from-the-top-of-the-drawer-to-on-top-of-the-cookie-at-the-ri,episode_27,270,wrist,black_stove,is_in_front_of,red_drawer
move-the-black-bowl-from-the-top-of-the-drawer-to-on-top-of-the-cookie-at-the-ri,episode_27,300,wrist,black_bowl,is_on_top_of,red_drawer
move-the-black-bowl-from-the-top-of-the-drawer-to-on-top-of-the-cookie-at-the-ri,episode_27,300,wrist,red_drawer,is_below_of,black_bowl
move-the-black-bowl-from-the-top-of-the-drawer-to-on-top-of-the-cookie-at-the-ri,episode_27,300,wrist,black_bowl,is_right_of,black_stove
move-the-black-bowl-from-the-top-of-the-drawer-to-on-top-of-the-cookie-at-the-ri,episode_27,300,wrist,black_stove,is_left_of,black_bowl
move-the-black-bowl-from-the-top-of-the-drawer-to-on-top-of-the-cookie-at-the-ri,episode_27,300,wrist,red_drawer,is_right_of,black_stove
move-the-black-bowl-from-the-top-of-the-drawer-to-on-top-of-the-cookie-at-the-ri,episode_27,300,wrist,black_stove,is_left_of,red_drawer
move-the-black-bowl-from-the-top-of-the-drawer-to-on-top-of-the-cookie-at-the-ri,episode_27,330,wrist,black_bowl,is_on_top_of,red_drawer
move-the-black-bowl-from-the-top-of-the-drawer-to-on-top-of-the-cookie-at-the-ri,episode_27,330,wrist,red_drawer,is_below_of,black_bowl
move-the-black-bowl-from-the-top-of-the-drawer-to-on-top-of-the-cookie-at-the-ri,episode_27,330,wrist,black_bowl,is_right_of,black_stove
move-the-black-bowl-from-the-top-of-the-drawer-to-on-top-of-the-cookie-at-the-ri,episode_27,330,wrist,black_stove,is_left_of,black_bowl
move-the-black-bowl-from-the-top-of-the-drawer-to-on-top-of-the-cookie-at-the-ri,episode_27,330,wrist,red_drawer,is_right_of,black_stove
move-the-black-bowl-from-the-top-of-the-drawer-to-on-top-of-the-cookie-at-the-ri,episode_27,330,wrist,black_stove,is_left_of,red_drawer
move-the-black-bowl-from-the-top-of-the-drawer-to-on-top-of-the-cookie-at-the-ri,episode_27,360,wrist,black_bowl,is_in_front_of,red_drawer
move-the-black-bowl-from-the-top-of-the-drawer-to-on-top-of-the-cookie-at-the-ri,episode_27,360,wrist,red_drawer,is_behind,black_bowl
move-the-black-bowl-from-the-top-of-the-drawer-to-on-top-of-the-cookie-at-the-ri,episode_27,360,wrist,black_bowl,is_right_of,cookie
move-the-black-bowl-from-the-top-of-the-drawer-to-on-top-of-the-cookie-at-the-ri,episode_27,360,wrist,cookie,is_left_of,black_bowl
move-the-black-bowl-from-the-top-of-the-drawer-to-on-top-of-the-cookie-at-the-ri,episode_27,360,wrist,red_drawer,is_right_of,cookie
move-the-black-bowl-from-the-top-of-the-drawer-to-on-top-of-the-cookie-at-the-ri,episode_27,360,wrist,cookie,is_left_of,red_drawer
move-the-black-bowl-from-the-top-of-the-drawer-to-on-top-of-the-cookie-at-the-ri,episode_27,390,wrist,black_bowl,is_behind,cookie
move-the-black-bowl-from-the-top-of-the-drawer-to-on-top-of-the-cookie-at-the-ri,episode_27,390,wrist,cookie,is_in_front_of,black_bowl
move-the-black-bowl-from-the-top-of-the-drawer-to-on-top-of-the-cookie-at-the-ri,episode_27,420,wrist,black_bowl,is_in_front_of,cookie
move-the-black-bowl-from-the-top-of-the-drawer-to-on-top-of-the-cookie-at-the-ri,episode_27,420,wrist,cookie,is_behind,black_bowl
move-the-black-bowl-from-the-top-of-the-drawer-to-on-top-of-the-cookie-at-the-ri,episode_27,450,wrist,black_bowl,is_in_front_of,cookie
move-the-black-bowl-from-the-top-of-the-drawer-to-on-top-of-the-cookie-at-the-ri,episode_27,450,wrist,cookie,is_behind,black_bowl
move-the-black-bowl-from-the-top-of-the-drawer-to-on-top-of-the-cookie-at-the-ri,episode_27,480,wrist,black_bowl,is_behind,cookie
move-the-black-bowl-from-the-top-of-the-drawer-to-on-top-of-the-cookie-at-the-ri,episode_27,480,wrist,cookie,is_in_front_of,black_bowl
move-the-black-bowl-from-the-top-of-the-drawer-to-on-top-of-the-cookie-at-the-ri,episode_27,510,wrist,black_bowl,is_behind,cookie
move-the-black-bowl-from-the-top-of-the-drawer-to-on-top-of-the-cookie-at-the-ri,episode_27,510,wrist,black_bowl,is_behind,white_plate
move-the-black-bowl-from-the-top-of-the-drawer-to-on-top-of-the-cookie-at-the-ri,episode_27,510,wrist,cookie,is_in_front_of,black_bowl
move-the-black-bowl-from-the-top-of-the-drawer-to-on-top-of-the-cookie-at-the-ri,episode_27,510,wrist,cookie,is_on_top_of,white_plate
move-the-black-bowl-from-the-top-of-the-drawer-to-on-top-of-the-cookie-at-the-ri,episode_27,510,wrist,white_plate,is_in_front_of,black_bowl
move-the-black-bowl-from-the-top-of-the-drawer-to-on-top-of-the-cookie-at-the-ri,episode_27,510,wrist,white_plate,is_below_of,cookie
move-the-black-bowl-from-the-top-of-the-drawer-to-on-top-of-the-cookie-at-the-ri,episode_27,540,wrist,black_bowl,is_left_of,cookie
move-the-black-bowl-from-the-top-of-the-drawer-to-on-top-of-the-cookie-at-the-ri,episode_27,540,wrist,cookie,is_right_of,black_bowl
move-the-black-bowl-from-the-top-of-the-drawer-to-on-top-of-the-cookie-at-the-ri,episode_27,570,wrist,black_bowl,is_on_top_of,cookie
move-the-black-bowl-from-the-top-of-the-drawer-to-on-top-of-the-cookie-at-the-ri,episode_27,570,wrist,cookie,is_below_of,black_bowl
move-the-black-bowl-from-the-top-of-the-drawer-to-on-top-of-the-cookie-at-the-ri,episode_27,600,wrist,black_bowl,is_behind,red_drawer
move-the-black-bowl-from-the-top-of-the-drawer-to-on-top-of-the-cookie-at-the-ri,episode_27,600,wrist,red_drawer,is_in_front_of,black_bowl
move-the-black-bowl-from-the-top-of-the-drawer-to-on-top-of-the-cookie-at-the-ri,episode_28,0,wrist,black_bowl,is_behind,cookie
move-the-black-bowl-from-the-top-of-the-drawer-to-on-top-of-the-cookie-at-the-ri,episode_28,0,wrist,cookie,is_in_front_of,black_bowl
move-the-black-bowl-from-the-top-of-the-drawer-to-on-top-of-the-cookie-at-the-ri,episode_28,30,wrist,black_bowl,is_behind,cookie
move-the-black-bowl-from-the-top-of-the-drawer-to-on-top-of-the-cookie-at-the-ri,episode_28,30,wrist,cookie,is_in_front_of,black_bowl
move-the-black-bowl-from-the-top-of-the-drawer-to-on-top-of-the-cookie-at-the-ri,episode_28,60,wrist,black_bowl,is_behind,cookie
move-the-black-bowl-from-the-top-of-the-drawer-to-on-top-of-the-cookie-at-the-ri,episode_28,60,wrist,cookie,is_in_front_of,black_bowl
move-the-black-bowl-from-the-top-of-the-drawer-to-on-top-of-the-cookie-at-the-ri,episode_28,90,wrist,black_bowl,is_behind,cookie
move-the-black-bowl-from-the-top-of-the-drawer-to-on-top-of-the-cookie-at-the-ri,episode_28,90,wrist,cookie,is_in_front_of,black_bowl
move-the-black-bowl-from-the-top-of-the-drawer-to-on-top-of-the-cookie-at-the-ri,episode_28,120,wrist,black_bowl,is_behind,cookie
move-the-black-bowl-from-the-top-of-the-drawer-to-on-top-of-the-cookie-at-the-ri,episode_28,120,wrist,cookie,is_in_front_of,black_bowl
move-the-black-bowl-from-the-top-of-the-drawer-to-on-top-of-the-cookie-at-the-ri,episode_28,150,wrist,black_bowl,is_behind,cookie
move-the-black-bowl-from-the-top-of-the-drawer-to-on-top-of-the-cookie-at-the-ri,episode_28,150,wrist,cookie,is_in_front_of,black_bowl
move-the-black-bowl-from-the-top-of-the-drawer-to-on-top-of-the-cookie-at-the-ri,episode_28,180,wrist,black_bowl,is_on_top_of,cookie
move-the-black-bowl-from-the-top-of-the-drawer-to-on-top-of-the-cookie-at-the-ri,episode_28,180,wrist,cookie,is_below_of,black_bowl
move-the-black-bowl-from-the-top-of-the-drawer-to-on-top-of-the-cookie-at-the-ri,episode_28,210,wrist,black_bowl,is_behind,cookie
move-the-black-bowl-from-the-top-of-the-drawer-to-on-top-of-the-cookie-at-the-ri,episode_28,210,wrist,cookie,is_in_front_of,black_bowl
move-the-black-bowl-from-the-top-of-the-drawer-to-on-top-of-the-cookie-at-the-ri,episode_28,240,wrist,black_bowl,is_behind,cookie
move-the-black-bowl-from-the-top-of-the-drawer-to-on-top-of-the-cookie-at-the-ri,episode_28,240,wrist,cookie,is_in_front_of,black_bowl
move-the-black-bowl-from-the-top-of-the-drawer-to-on-top-of-the-cookie-at-the-ri,episode_28,270,wrist,black_bowl,is_left_of,cookie
move-the-black-bowl-from-the-top-of-the-drawer-to-on-top-of-the-cookie-at-the-ri,episode_28,270,wrist,cookie,is_right_of,black_bowl
move-the-black-bowl-from-the-top-of-the-drawer-to-on-top-of-the-cookie-at-the-ri,episode_28,300,wrist,black_bowl,is_on_top_of,red_drawer
move-the-black-bowl-from-the-top-of-the-drawer-to-on-top-of-the-cookie-at-the-ri,episode_28,300,wrist,red_drawer,is_below_of,black_bowl
move-the-black-bowl-from-the-top-of-the-drawer-to-on-top-of-the-cookie-at-the-ri,episode_28,300,wrist,black_bowl,is_left_of,cookie
move-the-black-bowl-from-the-top-of-the-drawer-to-on-top-of-the-cookie-at-the-ri,episode_28,300,wrist,cookie,is_right_of,black_bowl
move-the-black-bowl-from-the-top-of-the-drawer-to-on-top-of-the-cookie-at-the-ri,episode_28,300,wrist,red_drawer,is_left_of,cookie
move-the-black-bowl-from-the-top-of-the-drawer-to-on-top-of-the-cookie-at-the-ri,episode_28,300,wrist,cookie,is_right_of,red_drawer
move-the-black-bowl-from-the-top-of-the-drawer-to-on-top-of-the-cookie-at-the-ri,episode_28,330,wrist,black_bowl,is_on_top_of,red_drawer
move-the-black-bowl-from-the-top-of-the-drawer-to-on-top-of-the-cookie-at-the-ri,episode_28,330,wrist,red_drawer,is_below_of,black_bowl
move-the-black-bowl-from-the-top-of-the-drawer-to-on-top-of-the-cookie-at-the-ri,episode_28,360,wrist,black_bowl,is_on_top_of,red_drawer
move-the-black-bowl-from-the-top-of-the-drawer-to-on-top-of-the-cookie-at-the-ri,episode_28,360,wrist,red_drawer,is_below_of,black_bowl
move-the-black-bowl-from-the-top-of-the-drawer-to-on-top-of-the-cookie-at-the-ri,episode_28,390,wrist,black_bowl,is_on_top_of,red_drawer
move-the-black-bowl-from-the-top-of-the-drawer-to-on-top-of-the-cookie-at-the-ri,episode_28,390,wrist,red_drawer,is_below_of,black_bowl
move-the-black-bowl-from-the-top-of-the-drawer-to-on-top-of-the-cookie-at-the-ri,episode_28,420,wrist,black_bowl,is_in_front_of,red_drawer
move-the-black-bowl-from-the-top-of-the-drawer-to-on-top-of-the-cookie-at-the-ri,episode_28,420,wrist,red_drawer,is_behind,black_bowl
move-the-black-bowl-from-the-top-of-the-drawer-to-on-top-of-the-cookie-at-the-ri,episode_28,450,wrist,black_bowl,is_behind,cookie
move-the-black-bowl-from-the-top-of-the-drawer-to-on-top-of-the-cookie-at-the-ri,episode_28,450,wrist,cookie,is_in_front_of,black_bowl
move-the-black-bowl-from-the-top-of-the-drawer-to-on-top-of-the-cookie-at-the-ri,episode_28,480,wrist,black_bowl,is_behind,cookie
move-the-black-bowl-from-the-top-of-the-drawer-to-on-top-of-the-cookie-at-the-ri,episode_28,480,wrist,cookie,is_in_front_of,black_bowl
move-the-black-bowl-from-the-top-of-the-drawer-to-on-top-of-the-cookie-at-the-ri,episode_28,510,wrist,black_bowl,is_behind,cookie
move-the-black-bowl-from-the-top-of-the-drawer-to-on-top-of-the-cookie-at-the-ri,episode_28,510,wrist,cookie,is_in_front_of,black_bowl
move-the-black-bowl-from-the-top-of-the-drawer-to-on-top-of-the-cookie-at-the-ri,episode_28,540,wrist,black_bowl,is_in_front_of,cookie
move-the-black-bowl-from-the-top-of-the-drawer-to-on-top-of-the-cookie-at-the-ri,episode_28,540,wrist,cookie,is_behind,black_bowl
move-the-black-bowl-from-the-top-of-the-drawer-to-on-top-of-the-cookie-at-the-ri,episode_28,570,wrist,black_bowl,is_on_top_of,red_drawer
move-the-black-bowl-from-the-top-of-the-drawer-to-on-top-of-the-cookie-at-the-ri,episode_28,570,wrist,red_drawer,is_below_of,black_bowl
move-the-black-bowl-from-the-top-of-the-drawer-to-on-top-of-the-cookie-at-the-ri,episode_28,570,wrist,black_bowl,is_left_of,cookie
move-the-black-bowl-from-the-top-of-the-drawer-to-on-top-of-the-cookie-at-the-ri,episode_28,570,wrist,cookie,is_right_of,black_bowl
move-the-black-bowl-from-the-top-of-the-drawer-to-on-top-of-the-cookie-at-the-ri,episode_28,570,wrist,red_drawer,is_left_of,cookie
move-the-black-bowl-from-the-top-of-the-drawer-to-on-top-of-the-cookie-at-the-ri,episode_28,570,wrist,cookie,is_right_of,red_drawer
move-the-black-bowl-from-the-top-of-the-drawer-to-on-top-of-the-cookie-at-the-ri,episode_28,600,wrist,black_bowl,is_left_of,black_stove
move-the-black-bowl-from-the-top-of-the-drawer-to-on-top-of-the-cookie-at-the-ri,episode_28,600,wrist,black_bowl,is_left_of,cookie
move-the-black-bowl-from-the-top-of-the-drawer-to-on-top-of-the-cookie-at-the-ri,episode_28,600,wrist,black_bowl,is_behind,red_drawer
move-the-black-bowl-from-the-top-of-the-drawer-to-on-top-of-the-cookie-at-the-ri,episode_28,600,wrist,black_stove,is_right_of,black_bowl
move-the-black-bowl-from-the-top-of-the-drawer-to-on-top-of-the-cookie-at-the-ri,episode_28,600,wrist,black_stove,is_on_top_of,cookie
move-the-black-bowl-from-the-top-of-the-drawer-to-on-top-of-the-cookie-at-the-ri,episode_28,600,wrist,black_stove,is_behind,red_drawer
move-the-black-bowl-from-the-top-of-the-drawer-to-on-top-of-the-cookie-at-the-ri,episode_28,600,wrist,cookie,is_right_of,black_bowl
move-the-black-bowl-from-the-top-of-the-drawer-to-on-top-of-the-cookie-at-the-ri,episode_28,600,wrist,cookie,is_below_of,black_stove
move-the-black-bowl-from-the-top-of-the-drawer-to-on-top-of-the-cookie-at-the-ri,episode_28,600,wrist,cookie,is_behind,red_drawer
move-the-black-bowl-from-the-top-of-the-drawer-to-on-top-of-the-cookie-at-the-ri,episode_28,600,wrist,red_drawer,is_in_front_of,black_bowl
move-the-black-bowl-from-the-top-of-the-drawer-to-on-top-of-the-cookie-at-the-ri,episode_28,600,wrist,red_drawer,is_in_front_of,black_stove
move-the-black-bowl-from-the-top-of-the-drawer-to-on-top-of-the-cookie-at-the-ri,episode_28,600,wrist,red_drawer,is_in_front_of,cookie
move-the-black-bowl-from-the-top-of-the-drawer-to-on-top-of-the-cookie-at-the-ri,episode_28,630,wrist,black_bowl,is_on_top_of,cookie
move-the-black-bowl-from-the-top-of-the-drawer-to-on-top-of-the-cookie-at-the-ri,episode_28,630,wrist,cookie,is_below_of,black_bowl
move-the-black-bowl-from-the-top-of-the-drawer-to-on-top-of-the-cookie-at-the-ri,episode_29,0,wrist,black_bowl,is_behind,cookie
move-the-black-bowl-from-the-top-of-the-drawer-to-on-top-of-the-cookie-at-the-ri,episode_29,0,wrist,cookie,is_in_front_of,black_bowl
move-the-black-bowl-from-the-top-of-the-drawer-to-on-top-of-the-cookie-at-the-ri,episode_29,30,wrist,black_bowl,is_behind,cookie
move-the-black-bowl-from-the-top-of-the-drawer-to-on-top-of-the-cookie-at-the-ri,episode_29,30,wrist,cookie,is_in_front_of,black_bowl
move-the-black-bowl-from-the-top-of-the-drawer-to-on-top-of-the-cookie-at-the-ri,episode_29,60,wrist,black_bowl,is_behind,cookie
move-the-black-bowl-from-the-top-of-the-drawer-to-on-top-of-the-cookie-at-the-ri,episode_29,60,wrist,cookie,is_in_front_of,black_bowl
move-the-black-bowl-from-the-top-of-the-drawer-to-on-top-of-the-cookie-at-the-ri,episode_29,90,wrist,black_bowl,is_behind,cookie
move-the-black-bowl-from-the-top-of-the-drawer-to-on-top-of-the-cookie-at-the-ri,episode_29,90,wrist,cookie,is_in_front_of,black_bowl
move-the-black-bowl-from-the-top-of-the-drawer-to-on-top-of-the-cookie-at-the-ri,episode_29,120,wrist,black_bowl,is_behind,cookie
move-the-black-bowl-from-the-top-of-the-drawer-to-on-top-of-the-cookie-at-the-ri,episode_29,120,wrist,cookie,is_in_front_of,black_bowl
move-the-black-bowl-from-the-top-of-the-drawer-to-on-top-of-the-cookie-at-the-ri,episode_29,150,wrist,black_bowl,is_behind,cookie
move-the-black-bowl-from-the-top-of-the-drawer-to-on-top-of-the-cookie-at-the-ri,episode_29,150,wrist,cookie,is_in_front_of,black_bowl
move-the-black-bowl-from-the-top-of-the-drawer-to-on-top-of-the-cookie-at-the-ri,episode_29,180,wrist,black_bowl,is_behind,cookie
move-the-black-bowl-from-the-top-of-the-drawer-to-on-top-of-the-cookie-at-the-ri,episode_29,180,wrist,cookie,is_in_front_of,black_bowl
move-the-black-bowl-from-the-top-of-the-drawer-to-on-top-of-the-cookie-at-the-ri,episode_29,210,wrist,black_bowl,is_left_of,red_drawer
move-the-black-bowl-from-the-top-of-the-drawer-to-on-top-of-the-cookie-at-the-ri,episode_29,210,wrist,red_drawer,is_right_of,black_bowl
move-the-black-bowl-from-the-top-of-the-drawer-to-on-top-of-the-cookie-at-the-ri,episode_29,210,wrist,black_bowl,is_on_top_of,white_plate
move-the-black-bowl-from-the-top-of-the-drawer-to-on-top-of-the-cookie-at-the-ri,episode_29,210,wrist,white_plate,is_below_of,black_bowl
move-the-black-bowl-from-the-top-of-the-drawer-to-on-top-of-the-cookie-at-the-ri,episode_29,210,wrist,red_drawer,is_behind,white_plate
move-the-black-bowl-from-the-top-of-the-drawer-to-on-top-of-the-cookie-at-the-ri,episode_29,210,wrist,white_plate,is_in_front_of,red_drawer
move-the-black-bowl-from-the-top-of-the-drawer-to-on-top-of-the-cookie-at-the-ri,episode_29,240,wrist,black_bowl,is_on_top_of,red_drawer
move-the-black-bowl-from-the-top-of-the-drawer-to-on-top-of-the-cookie-at-the-ri,episode_29,240,wrist,red_drawer,is_below_of,black_bowl
move-the-black-bowl-from-the-top-of-the-drawer-to-on-top-of-the-cookie-at-the-ri,episode_29,240,wrist,black_bowl,is_right_of,black_stove
move-the-black-bowl-from-the-top-of-the-drawer-to-on-top-of-the-cookie-at-the-ri,episode_29,240,wrist,black_stove,is_left_of,black_bowl
move-the-black-bowl-from-the-top-of-the-drawer-to-on-top-of-the-cookie-at-the-ri,episode_29,240,wrist,red_drawer,is_right_of,black_stove
move-the-black-bowl-from-the-top-of-the-drawer-to-on-top-of-the-cookie-at-the-ri,episode_29,240,wrist,black_stove,is_left_of,red_drawer
move-the-black-bowl-from-the-top-of-the-drawer-to-on-top-of-the-cookie-at-the-ri,episode_29,270,wrist,black_bowl,is_on_top_of,red_drawer
move-the-black-bowl-from-the-top-of-the-drawer-to-on-top-of-the-cookie-at-the-ri,episode_29,270,wrist,red_drawer,is_below_of,black_bowl
move-the-black-bowl-from-the-top-of-the-drawer-to-on-top-of-the-cookie-at-the-ri,episode_29,270,wrist,black_bowl,is_right_of,black_stove
move-the-black-bowl-from-the-top-of-the-drawer-to-on-top-of-the-cookie-at-the-ri,episode_29,270,wrist,black_stove,is_left_of,black_bowl
move-the-black-bowl-from-the-top-of-the-drawer-to-on-top-of-the-cookie-at-the-ri,episode_29,270,wrist,red_drawer,is_right_of,black_stove
move-the-black-bowl-from-the-top-of-the-drawer-to-on-top-of-the-cookie-at-the-ri,episode_29,270,wrist,black_stove,is_left_of,red_drawer
move-the-black-bowl-from-the-top-of-the-drawer-to-on-top-of-the-cookie-at-the-ri,episode_29,300,wrist,black_bowl,is_on_top_of,red_drawer
move-the-black-bowl-from-the-top-of-the-drawer-to-on-top-of-the-cookie-at-the-ri,episode_29,300,wrist,red_drawer,is_below_of,black_bowl
move-the-black-bowl-from-the-top-of-the-drawer-to-on-top-of-the-cookie-at-the-ri,episode_29,300,wrist,black_bowl,is_in_front_of,black_stove
move-the-black-bowl-from-the-top-of-the-drawer-to-on-top-of-the-cookie-at-the-ri,episode_29,300,wrist,black_stove,is_behind,black_bowl
move-the-black-bowl-from-the-top-of-the-drawer-to-on-top-of-the-cookie-at-the-ri,episode_29,300,wrist,red_drawer,is_in_front_of,black_stove
move-the-black-bowl-from-the-top-of-the-drawer-to-on-top-of-the-cookie-at-the-ri,episode_29,300,wrist,black_stove,is_behind,red_drawer
move-the-black-bowl-from-the-top-of-the-drawer-to-on-top-of-the-cookie-at-the-ri,episode_29,330,wrist,black_bowl,is_in_front_of,red_drawer
move-the-black-bowl-from-the-top-of-the-drawer-to-on-top-of-the-cookie-at-the-ri,episode_29,330,wrist,red_drawer,is_behind,black_bowl
move-the-black-bowl-from-the-top-of-the-drawer-to-on-top-of-the-cookie-at-the-ri,episode_29,360,wrist,black_bowl,is_behind,cookie
move-the-black-bowl-from-the-top-of-the-drawer-to-on-top-of-the-cookie-at-the-ri,episode_29,360,wrist,cookie,is_in_front_of,black_bowl
move-the-black-bowl-from-the-top-of-the-drawer-to-on-top-of-the-cookie-at-the-ri,episode_29,390,wrist,black_bowl,is_behind,cookie
move-the-black-bowl-from-the-top-of-the-drawer-to-on-top-of-the-cookie-at-the-ri,episode_29,390,wrist,cookie,is_in_front_of,black_bowl
move-the-black-bowl-from-the-top-of-the-drawer-to-on-top-of-the-cookie-at-the-ri,episode_29,420,wrist,black_bowl,is_on_top_of,cookie
move-the-black-bowl-from-the-top-of-the-drawer-to-on-top-of-the-cookie-at-the-ri,episode_29,420,wrist,cookie,is_below_of,black_bowl
move-the-black-bowl-from-the-top-of-the-drawer-to-on-top-of-the-cookie-at-the-ri,episode_29,450,wrist,black_bowl,is_on_top_of,cookie
move-the-black-bowl-from-the-top-of-the-drawer-to-on-top-of-the-cookie-at-the-ri,episode_29,450,wrist,cookie,is_below_of,black_bowl
move-the-black-bowl-from-the-top-of-the-drawer-to-on-top-of-the-cookie-at-the-ri,episode_29,480,wrist,black_bowl,is_on_top_of,red_drawer
move-the-black-bowl-from-the-top-of-the-drawer-to-on-top-of-the-cookie-at-the-ri,episode_29,480,wrist,red_drawer,is_below_of,black_bowl
move-the-black-bowl-from-the-top-of-the-drawer-to-on-top-of-the-cookie-at-the-ri,episode_29,510,wrist,black_bowl,is_on_top_of,cookie
move-the-black-bowl-from-the-top-of-the-drawer-to-on-top-of-the-cookie-at-the-ri,episode_29,510,wrist,cookie,is_below_of,black_bowl
move-the-black-bowl-from-the-top-of-the-drawer-to-on-top-of-the-cookie-at-the-ri,episode_29,540,wrist,black_bowl,is_on_top_of,cookie
move-the-black-bowl-from-the-top-of-the-drawer-to-on-top-of-the-cookie-at-the-ri,episode_29,540,wrist,cookie,is_below_of,black_bowl
move-the-black-bowl-from-the-top-of-the-drawer-to-on-top-of-the-cookie-at-the-ri,episode_29,570,wrist,black_bowl,is_behind,cookie
move-the-black-bowl-from-the-top-of-the-drawer-to-on-top-of-the-cookie-at-the-ri,episode_29,570,wrist,cookie,is_in_front_of,black_bowl
move-the-black-bowl-from-the-top-of-the-drawer-to-on-top-of-the-cookie-at-the-ri,episode_30,180,wrist,cookie,is_left_of,red_drawer
move-the-black-bowl-from-the-top-of-the-drawer-to-on-top-of-the-cookie-at-the-ri,episode_30,180,wrist,red_drawer,is_right_of,cookie
move-the-black-bowl-from-the-top-of-the-drawer-to-on-top-of-the-cookie-at-the-ri,episode_30,210,wrist,black_bowl,is_on_top_of,red_drawer
move-the-black-bowl-from-the-top-of-the-drawer-to-on-top-of-the-cookie-at-the-ri,episode_30,210,wrist,red_drawer,is_below_of,black_bowl
move-the-black-bowl-from-the-top-of-the-drawer-to-on-top-of-the-cookie-at-the-ri,episode_30,240,wrist,black_bowl,is_on_top_of,red_drawer
move-the-black-bowl-from-the-top-of-the-drawer-to-on-top-of-the-cookie-at-the-ri,episode_30,240,wrist,red_drawer,is_below_of,black_bowl
move-the-black-bowl-from-the-top-of-the-drawer-to-on-top-of-the-cookie-at-the-ri,episode_30,270,wrist,black_bowl,is_on_top_of,red_drawer
move-the-black-bowl-from-the-top-of-the-drawer-to-on-top-of-the-cookie-at-the-ri,episode_30,270,wrist,red_drawer,is_below_of,black_bowl
move-the-black-bowl-from-the-top-of-the-drawer-to-on-top-of-the-cookie-at-the-ri,episode_30,300,wrist,black_bowl,is_on_top_of,red_drawer
move-the-black-bowl-from-the-top-of-the-drawer-to-on-top-of-the-cookie-at-the-ri,episode_30,300,wrist,red_drawer,is_below_of,black_bowl
move-the-black-bowl-from-the-top-of-the-drawer-to-on-top-of-the-cookie-at-the-ri,episode_30,330,wrist,black_bowl,is_behind,cookie
move-the-black-bowl-from-the-top-of-the-drawer-to-on-top-of-the-cookie-at-the-ri,episode_30,330,wrist,cookie,is_in_front_of,black_bowl
move-the-black-bowl-from-the-top-of-the-drawer-to-on-top-of-the-cookie-at-the-ri,episode_30,330,wrist,black_bowl,is_in_front_of,red_drawer
move-the-black-bowl-from-the-top-of-the-drawer-to-on-top-of-the-cookie-at-the-ri,episode_30,330,wrist,red_drawer,is_behind,black_bowl
move-the-black-bowl-from-the-top-of-the-drawer-to-on-top-of-the-cookie-at-the-ri,episode_30,330,wrist,cookie,is_in_front_of,red_drawer
move-the-black-bowl-from-the-top-of-the-drawer-to-on-top-of-the-cookie-at-the-ri,episode_30,330,wrist,red_drawer,is_behind,cookie
move-the-black-bowl-from-the-top-of-the-drawer-to-on-top-of-the-cookie-at-the-ri,episode_30,360,wrist,black_bowl,is_behind,cookie
move-the-black-bowl-from-the-top-of-the-drawer-to-on-top-of-the-cookie-at-the-ri,episode_30,360,wrist,cookie,is_in_front_of,black_bowl
move-the-black-bowl-from-the-top-of-the-drawer-to-on-top-of-the-cookie-at-the-ri,episode_30,390,wrist,black_bowl,is_on_top_of,cookie
move-the-black-bowl-from-the-top-of-the-drawer-to-on-top-of-the-cookie-at-the-ri,episode_30,390,wrist,cookie,is_below_of,black_bowl
move-the-black-bowl-from-the-top-of-the-drawer-to-on-top-of-the-cookie-at-the-ri,episode_30,420,wrist,black_bowl,is_on_top_of,cookie
move-the-black-bowl-from-the-top-of-the-drawer-to-on-top-of-the-cookie-at-the-ri,episode_30,420,wrist,cookie,is_below_of,black_bowl
move-the-black-bowl-from-the-top-of-the-drawer-to-on-top-of-the-cookie-at-the-ri,episode_30,450,wrist,black_bowl,is_on_top_of,cookie
move-the-black-bowl-from-the-top-of-the-drawer-to-on-top-of-the-cookie-at-the-ri,episode_30,450,wrist,cookie,is_below_of,black_bowl
move-the-black-bowl-from-the-top-of-the-drawer-to-on-top-of-the-cookie-at-the-ri,episode_30,480,wrist,black_bowl,is_left_of,cookie
move-the-black-bowl-from-the-top-of-the-drawer-to-on-top-of-the-cookie-at-the-ri,episode_30,480,wrist,cookie,is_right_of,black_bowl
move-the-black-bowl-from-the-top-of-the-drawer-to-on-top-of-the-cookie-at-the-ri,episode_31,0,wrist,black_bowl,is_behind,cookie
move-the-black-bowl-from-the-top-of-the-drawer-to-on-top-of-the-cookie-at-the-ri,episode_31,0,wrist,cookie,is_in_front_of,black_bowl
move-the-black-bowl-from-the-top-of-the-drawer-to-on-top-of-the-cookie-at-the-ri,episode_31,30,wrist,black_bowl,is_behind,cookie
move-the-black-bowl-from-the-top-of-the-drawer-to-on-top-of-the-cookie-at-the-ri,episode_31,30,wrist,cookie,is_in_front_of,black_bowl
move-the-black-bowl-from-the-top-of-the-drawer-to-on-top-of-the-cookie-at-the-ri,episode_31,60,wrist,black_bowl,is_behind,cookie
move-the-black-bowl-from-the-top-of-the-drawer-to-on-top-of-the-cookie-at-the-ri,episode_31,60,wrist,cookie,is_in_front_of,black_bowl
move-the-black-bowl-from-the-top-of-the-drawer-to-on-top-of-the-cookie-at-the-ri,episode_31,90,wrist,black_bowl,is_behind,red_drawer
move-the-black-bowl-from-the-top-of-the-drawer-to-on-top-of-the-cookie-at-the-ri,episode_31,90,wrist,red_drawer,is_in_front_of,black_bowl
move-the-black-bowl-from-the-top-of-the-drawer-to-on-top-of-the-cookie-at-the-ri,episode_31,120,wrist,black_bowl,is_behind,cookie
move-the-black-bowl-from-the-top-of-the-drawer-to-on-top-of-the-cookie-at-the-ri,episode_31,120,wrist,cookie,is_in_front_of,black_bowl
move-the-black-bowl-from-the-top-of-the-drawer-to-on-top-of-the-cookie-at-the-ri,episode_31,150,wrist,black_bowl,is_behind,red_drawer
move-the-black-bowl-from-the-top-of-the-drawer-to-on-top-of-the-cookie-at-the-ri,episode_31,150,wrist,red_drawer,is_in_front_of,black_bowl
move-the-black-bowl-from-the-top-of-the-drawer-to-on-top-of-the-cookie-at-the-ri,episode_31,180,wrist,black_bowl,is_behind,cookie
move-the-black-bowl-from-the-top-of-the-drawer-to-on-top-of-the-cookie-at-the-ri,episode_31,180,wrist,cookie,is_in_front_of,black_bowl
move-the-black-bowl-from-the-top-of-the-drawer-to-on-top-of-the-cookie-at-the-ri,episode_31,210,wrist,black_bowl,is_on_top_of,red_drawer
move-the-black-bowl-from-the-top-of-the-drawer-to-on-top-of-the-cookie-at-the-ri,episode_31,210,wrist,red_drawer,is_below_of,black_bowl
move-the-black-bowl-from-the-top-of-the-drawer-to-on-top-of-the-cookie-at-the-ri,episode_31,210,wrist,black_bowl,is_behind,black_stove
move-the-black-bowl-from-the-top-of-the-drawer-to-on-top-of-the-cookie-at-the-ri,episode_31,210,wrist,black_stove,is_in_front_of,black_bowl
move-the-black-bowl-from-the-top-of-the-drawer-to-on-top-of-the-cookie-at-the-ri,episode_31,210,wrist,red_drawer,is_behind,black_stove
move-the-black-bowl-from-the-top-of-the-drawer-to-on-top-of-the-cookie-at-the-ri,episode_31,210,wrist,black_stove,is_in_front_of,red_drawer
move-the-black-bowl-from-the-top-of-the-drawer-to-on-top-of-the-cookie-at-the-ri,episode_31,240,wrist,black_bowl,is_on_top_of,red_drawer
move-the-black-bowl-from-the-top-of-the-drawer-to-on-top-of-the-cookie-at-the-ri,episode_31,240,wrist,red_drawer,is_below_of,black_bowl
move-the-black-bowl-from-the-top-of-the-drawer-to-on-top-of-the-cookie-at-the-ri,episode_31,270,wrist,black_bowl,is_on_top_of,red_drawer
move-the-black-bowl-from-the-top-of-the-drawer-to-on-top-of-the-cookie-at-the-ri,episode_31,270,wrist,red_drawer,is_below_of,black_bowl
move-the-black-bowl-from-the-top-of-the-drawer-to-on-top-of-the-cookie-at-the-ri,episode_31,300,wrist,black_bowl,is_in_front_of,red_drawer
move-the-black-bowl-from-the-top-of-the-drawer-to-on-top-of-the-cookie-at-the-ri,episode_31,300,wrist,red_drawer,is_behind,black_bowl
move-the-black-bowl-from-the-top-of-the-drawer-to-on-top-of-the-cookie-at-the-ri,episode_31,300,wrist,black_bowl,is_right_of,cookie
move-the-black-bowl-from-the-top-of-the-drawer-to-on-top-of-the-cookie-at-the-ri,episode_31,300,wrist,cookie,is_left_of,black_bowl
move-the-black-bowl-from-the-top-of-the-drawer-to-on-top-of-the-cookie-at-the-ri,episode_31,300,wrist,red_drawer,is_behind,cookie
move-the-black-bowl-from-the-top-of-the-drawer-to-on-top-of-the-cookie-at-the-ri,episode_31,300,wrist,cookie,is_in_front_of,red_drawer
move-the-black-bowl-from-the-top-of-the-drawer-to-on-top-of-the-cookie-at-the-ri,episode_31,330,wrist,black_bowl,is_in_front_of,cookie
move-the-black-bowl-from-the-top-of-the-drawer-to-on-top-of-the-cookie-at-the-ri,episode_31,330,wrist,cookie,is_behind,black_bowl
move-the-black-bowl-from-the-top-of-the-drawer-to-on-top-of-the-cookie-at-the-ri,episode_31,360,wrist,black_bowl,is_behind,cookie
move-the-black-bowl-from-the-top-of-the-drawer-to-on-top-of-the-cookie-at-the-ri,episode_31,360,wrist,cookie,is_in_front_of,black_bowl
move-the-black-bowl-from-the-top-of-the-drawer-to-on-top-of-the-cookie-at-the-ri,episode_31,390,wrist,black_bowl,is_on_top_of,cookie
move-the-black-bowl-from-the-top-of-the-drawer-to-on-top-of-the-cookie-at-the-ri,episode_31,390,wrist,cookie,is_below_of,black_bowl
move-the-black-bowl-from-the-top-of-the-drawer-to-on-top-of-the-cookie-at-the-ri,episode_31,420,wrist,black_bowl,is_left_of,cookie
move-the-black-bowl-from-the-top-of-the-drawer-to-on-top-of-the-cookie-at-the-ri,episode_31,420,wrist,cookie,is_right_of,black_bowl
move-the-black-bowl-from-the-top-of-the-drawer-to-on-top-of-the-cookie-at-the-ri,episode_31,450,wrist,black_bowl,is_behind,red_drawer
move-the-black-bowl-from-the-top-of-the-drawer-to-on-top-of-the-cookie-at-the-ri,episode_31,450,wrist,red_drawer,is_in_front_of,black_bowl
move-the-black-bowl-from-the-top-of-the-drawer-to-on-top-of-the-cookie-at-the-ri,episode_31,480,wrist,black_bowl,is_behind,red_drawer
move-the-black-bowl-from-the-top-of-the-drawer-to-on-top-of-the-cookie-at-the-ri,episode_31,480,wrist,red_drawer,is_in_front_of,black_bowl
move-the-black-bowl-from-the-top-of-the-drawer-to-on-top-of-the-cookie-at-the-ri,episode_32,0,wrist,black_bowl,is_behind,cookie
move-the-black-bowl-from-the-top-of-the-drawer-to-on-top-of-the-cookie-at-the-ri,episode_32,0,wrist,cookie,is_in_front_of,black_bowl
move-the-black-bowl-from-the-top-of-the-drawer-to-on-top-of-the-cookie-at-the-ri,episode_32,30,wrist,black_bowl,is_behind,cookie
move-the-black-bowl-from-the-top-of-the-drawer-to-on-top-of-the-cookie-at-the-ri,episode_32,30,wrist,cookie,is_in_front_of,black_bowl
move-the-black-bowl-from-the-top-of-the-drawer-to-on-top-of-the-cookie-at-the-ri,episode_32,60,wrist,black_bowl,is_behind,cookie
move-the-black-bowl-from-the-top-of-the-drawer-to-on-top-of-the-cookie-at-the-ri,episode_32,60,wrist,cookie,is_in_front_of,black_bowl
move-the-black-bowl-from-the-top-of-the-drawer-to-on-top-of-the-cookie-at-the-ri,episode_32,90,wrist,black_bowl,is_behind,cookie
move-the-black-bowl-from-the-top-of-the-drawer-to-on-top-of-the-cookie-at-the-ri,episode_32,90,wrist,cookie,is_in_front_of,black_bowl
move-the-black-bowl-from-the-top-of-the-drawer-to-on-top-of-the-cookie-at-the-ri,episode_32,120,wrist,black_bowl,is_behind,cookie
move-the-black-bowl-from-the-top-of-the-drawer-to-on-top-of-the-cookie-at-the-ri,episode_32,120,wrist,black_bowl,is_left_of,red_drawer
move-the-black-bowl-from-the-top-of-the-drawer-to-on-top-of-the-cookie-at-the-ri,episode_32,120,wrist,red_drawer,is_right_of,black_bowl
move-the-black-bowl-from-the-top-of-the-drawer-to-on-top-of-the-cookie-at-the-ri,episode_32,120,wrist,red_drawer,is_behind,cookie
move-the-black-bowl-from-the-top-of-the-drawer-to-on-top-of-the-cookie-at-the-ri,episode_32,120,wrist,cookie,is_in_front_of,black_bowl
move-the-black-bowl-from-the-top-of-the-drawer-to-on-top-of-the-cookie-at-the-ri,episode_32,120,wrist,cookie,is_in_front_of,red_drawer
move-the-black-bowl-from-the-top-of-the-drawer-to-on-top-of-the-cookie-at-the-ri,episode_32,150,wrist,black_bowl,is_on_top_of,red_drawer
move-the-black-bowl-from-the-top-of-the-drawer-to-on-top-of-the-cookie-at-the-ri,episode_32,150,wrist,red_drawer,is_below_of,black_bowl
move-the-black-bowl-from-the-top-of-the-drawer-to-on-top-of-the-cookie-at-the-ri,episode_32,180,wrist,black_bowl,is_on_top_of,red_drawer
move-the-black-bowl-from-the-top-of-the-drawer-to-on-top-of-the-cookie-at-the-ri,episode_32,180,wrist,red_drawer,is_below_of,black_bowl
move-the-black-bowl-from-the-top-of-the-drawer-to-on-top-of-the-cookie-at-the-ri,episode_32,210,wrist,black_bowl,is_right_of,red_drawer
move-the-black-bowl-from-the-top-of-the-drawer-to-on-top-of-the-cookie-at-the-ri,episode_32,210,wrist,red_drawer,is_left_of,black_bowl
move-the-black-bowl-from-the-top-of-the-drawer-to-on-top-of-the-cookie-at-the-ri,episode_32,210,wrist,black_bowl,is_right_of,cookie
move-the-black-bowl-from-the-top-of-the-drawer-to-on-top-of-the-cookie-at-the-ri,episode_32,210,wrist,cookie,is_left_of,black_bowl
move-the-black-bowl-from-the-top-of-the-drawer-to-on-top-of-the-cookie-at-the-ri,episode_32,210,wrist,black_bowl,is_in_front_of,white_plate
move-the-black-bowl-from-the-top-of-the-drawer-to-on-top-of-the-cookie-at-the-ri,episode_32,210,wrist,white_plate,is_behind,black_bowl
move-the-black-bowl-from-the-top-of-the-drawer-to-on-top-of-the-cookie-at-the-ri,episode_32,210,wrist,red_drawer,is_behind,cookie
move-the-black-bowl-from-the-top-of-the-drawer-to-on-top-of-the-cookie-at-the-ri,episode_32,210,wrist,cookie,is_in_front_of,red_drawer
move-the-black-bowl-from-the-top-of-the-drawer-to-on-top-of-the-cookie-at-the-ri,episode_32,210,wrist,red_drawer,is_behind,white_plate
move-the-black-bowl-from-the-top-of-the-drawer-to-on-top-of-the-cookie-at-the-ri,episode_32,210,wrist,white_plate,is_in_front_of,red_drawer
move-the-black-bowl-from-the-top-of-the-drawer-to-on-top-of-the-cookie-at-the-ri,episode_32,210,wrist,cookie,is_left_of,white_plate
move-the-black-bowl-from-the-top-of-the-drawer-to-on-top-of-the-cookie-at-the-ri,episode_32,210,wrist,white_plate,is_right_of,cookie
move-the-black-bowl-from-the-top-of-the-drawer-to-on-top-of-the-cookie-at-the-ri,episode_32,240,wrist,black_bowl,is_behind,cookie
move-the-black-bowl-from-the-top-of-the-drawer-to-on-top-of-the-cookie-at-the-ri,episode_32,240,wrist,cookie,is_in_front_of,black_bowl
move-the-black-bowl-from-the-top-of-the-drawer-to-on-top-of-the-cookie-at-the-ri,episode_32,270,wrist,black_bowl,is_in_front_of,red_drawer
move-the-black-bowl-from-the-top-of-the-drawer-to-on-top-of-the-cookie-at-the-ri,episode_32,270,wrist,red_drawer,is_behind,black_bowl
move-the-black-bowl-from-the-top-of-the-drawer-to-on-top-of-the-cookie-at-the-ri,episode_32,270,wrist,black_bowl,is_in_front_of,black_stove
move-the-black-bowl-from-the-top-of-the-drawer-to-on-top-of-the-cookie-at-the-ri,episode_32,270,wrist,black_stove,is_behind,black_bowl
move-the-black-bowl-from-the-top-of-the-drawer-to-on-top-of-the-cookie-at-the-ri,episode_32,270,wrist,black_bowl,is_in_front_of,cookie
move-the-black-bowl-from-the-top-of-the-drawer-to-on-top-of-the-cookie-at-the-ri,episode_32,270,wrist,cookie,is_behind,black_bowl
move-the-black-bowl-from-the-top-of-the-drawer-to-on-top-of-the-cookie-at-the-ri,episode_32,270,wrist,black_bowl,is_in_front_of,white_plate
move-the-black-bowl-from-the-top-of-the-drawer-to-on-top-of-the-cookie-at-the-ri,episode_32,270,wrist,white_plate,is_behind,black_bowl
move-the-black-bowl-from-the-top-of-the-drawer-to-on-top-of-the-cookie-at-the-ri,episode_32,270,wrist,red_drawer,is_in_front_of,black_stove
move-the-black-bowl-from-the-top-of-the-drawer-to-on-top-of-the-cookie-at-the-ri,episode_32,270,wrist,black_stove,is_behind,red_drawer
move-the-black-bowl-from-the-top-of-the-drawer-to-on-top-of-the-cookie-at-the-ri,episode_32,270,wrist,red_drawer,is_left_of,cookie
move-the-black-bowl-from-the-top-of-the-drawer-to-on-top-of-the-cookie-at-the-ri,episode_32,270,wrist,cookie,is_right_of,red_drawer
move-the-black-bowl-from-the-top-of-the-drawer-to-on-top-of-the-cookie-at-the-ri,episode_32,270,wrist,red_drawer,is_left_of,white_plate
move-the-black-bowl-from-the-top-of-the-drawer-to-on-top-of-the-cookie-at-the-ri,episode_32,270,wrist,white_plate,is_right_of,red_drawer
move-the-black-bowl-from-the-top-of-the-drawer-to-on-top-of-the-cookie-at-the-ri,episode_32,270,wrist,black_stove,is_left_of,cookie
move-the-black-bowl-from-the-top-of-the-drawer-to-on-top-of-the-cookie-at-the-ri,episode_32,270,wrist,cookie,is_right_of,black_stove
move-the-black-bowl-from-the-top-of-the-drawer-to-on-top-of-the-cookie-at-the-ri,episode_32,270,wrist,black_stove,is_left_of,white_plate
move-the-black-bowl-from-the-top-of-the-drawer-to-on-top-of-the-cookie-at-the-ri,episode_32,270,wrist,white_plate,is_right_of,black_stove
move-the-black-bowl-from-the-top-of-the-drawer-to-on-top-of-the-cookie-at-the-ri,episode_32,270,wrist,cookie,is_on_top_of,white_plate
move-the-black-bowl-from-the-top-of-the-drawer-to-on-top-of-the-cookie-at-the-ri,episode_32,270,wrist,white_plate,is_below_of,cookie
move-the-black-bowl-from-the-top-of-the-drawer-to-on-top-of-the-cookie-at-the-ri,episode_32,300,wrist,black_bowl,is_in_front_of,red_drawer
move-the-black-bowl-from-the-top-of-the-drawer-to-on-top-of-the-cookie-at-the-ri,episode_32,300,wrist,red_drawer,is_behind,black_bowl
move-the-black-bowl-from-the-top-of-the-drawer-to-on-top-of-the-cookie-at-the-ri,episode_32,300,wrist,black_bowl,is_left_of,black_stove
move-the-black-bowl-from-the-top-of-the-drawer-to-on-top-of-the-cookie-at-the-ri,episode_32,300,wrist,black_stove,is_right_of,black_bowl
move-the-black-bowl-from-the-top-of-the-drawer-to-on-top-of-the-cookie-at-the-ri,episode_32,300,wrist,black_bowl,is_left_of,cookie
move-the-black-bowl-from-the-top-of-the-drawer-to-on-top-of-the-cookie-at-the-ri,episode_32,300,wrist,cookie,is_right_of,black_bowl
move-the-black-bowl-from-the-top-of-the-drawer-to-on-top-of-the-cookie-at-the-ri,episode_32,300,wrist,black_bowl,is_left_of,white_plate
move-the-black-bowl-from-the-top-of-the-drawer-to-on-top-of-the-cookie-at-the-ri,episode_32,300,wrist,white_plate,is_right_of,black_bowl
move-the-black-bowl-from-the-top-of-the-drawer-to-on-top-of-the-cookie-at-the-ri,episode_32,300,wrist,red_drawer,is_left_of,black_stove
move-the-black-bowl-from-the-top-of-the-drawer-to-on-top-of-the-cookie-at-the-ri,episode_32,300,wrist,black_stove,is_right_of,red_drawer
move-the-black-bowl-from-the-top-of-the-drawer-to-on-top-of-the-cookie-at-the-ri,episode_32,300,wrist,red_drawer,is_left_of,cookie
move-the-black-bowl-from-the-top-of-the-drawer-to-on-top-of-the-cookie-at-the-ri,episode_32,300,wrist,cookie,is_right_of,red_drawer
move-the-black-bowl-from-the-top-of-the-drawer-to-on-top-of-the-cookie-at-the-ri,episode_32,300,wrist,red_drawer,is_left_of,white_plate
move-the-black-bowl-from-the-top-of-the-drawer-to-on-top-of-the-cookie-at-the-ri,episode_32,300,wrist,white_plate,is_right_of,red_drawer
move-the-black-bowl-from-the-top-of-the-drawer-to-on-top-of-the-cookie-at-the-ri,episode_32,300,wrist,black_stove,is_behind,cookie
move-the-black-bowl-from-the-top-of-the-drawer-to-on-top-of-the-cookie-at-the-ri,episode_32,300,wrist,cookie,is_in_front_of,black_stove
move-the-black-bowl-from-the-top-of-the-drawer-to-on-top-of-the-cookie-at-the-ri,episode_32,300,wrist,black_stove,is_behind,white_plate
move-the-black-bowl-from-the-top-of-the-drawer-to-on-top-of-the-cookie-at-the-ri,episode_32,300,wrist,white_plate,is_in_front_of,black_stove
move-the-black-bowl-from-the-top-of-the-drawer-to-on-top-of-the-cookie-at-the-ri,episode_32,300,wrist,cookie,is_on_top_of,white_plate
move-the-black-bowl-from-the-top-of-the-drawer-to-on-top-of-the-cookie-at-the-ri,episode_32,300,wrist,white_plate,is_below_of,cookie
move-the-black-bowl-from-the-top-of-the-drawer-to-on-top-of-the-cookie-at-the-ri,episode_32,330,wrist,black_bowl,is_behind,cookie
move-the-black-bowl-from-the-top-of-the-drawer-to-on-top-of-the-cookie-at-the-ri,episode_32,330,wrist,cookie,is_in_front_of,black_bowl
move-the-black-bowl-from-the-top-of-the-drawer-to-on-top-of-the-cookie-at-the-ri,episode_32,360,wrist,black_bowl,is_left_of,cookie
move-the-black-bowl-from-the-top-of-the-drawer-to-on-top-of-the-cookie-at-the-ri,episode_32,360,wrist,black_bowl,is_on_top_of,red_drawer
move-the-black-bowl-from-the-top-of-the-drawer-to-on-top-of-the-cookie-at-the-ri,episode_32,360,wrist,red_drawer,is_below_of,black_bowl
move-the-black-bowl-from-the-top-of-the-drawer-to-on-top-of-the-cookie-at-the-ri,episode_32,360,wrist,red_drawer,is_left_of,cookie
move-the-black-bowl-from-the-top-of-the-drawer-to-on-top-of-the-cookie-at-the-ri,episode_32,360,wrist,cookie,is_right_of,black_bowl
move-the-black-bowl-from-the-top-of-the-drawer-to-on-top-of-the-cookie-at-the-ri,episode_32,360,wrist,cookie,is_right_of,red_drawer
move-the-black-bowl-from-the-top-of-the-drawer-to-on-top-of-the-cookie-at-the-ri,episode_32,390,wrist,black_bowl,is_on_top_of,red_drawer
move-the-black-bowl-from-the-top-of-the-drawer-to-on-top-of-the-cookie-at-the-ri,episode_32,390,wrist,red_drawer,is_below_of,black_bowl
move-the-black-bowl-from-the-top-of-the-drawer-to-on-top-of-the-cookie-at-the-ri,episode_32,420,wrist,black_bowl,is_behind,cookie
move-the-black-bowl-from-the-top-of-the-drawer-to-on-top-of-the-cookie-at-the-ri,episode_32,420,wrist,cookie,is_in_front_of,black_bowl
move-the-black-bowl-from-the-top-of-the-drawer-to-on-top-of-the-cookie-at-the-ri,episode_32,450,wrist,black_bowl,is_behind,cookie
move-the-black-bowl-from-the-top-of-the-drawer-to-on-top-of-the-cookie-at-the-ri,episode_32,450,wrist,cookie,is_in_front_of,black_bowl
move-the-black-bowl-from-the-top-of-the-drawer-to-on-top-of-the-cookie-at-the-ri,episode_33,0,wrist,black_bowl,is_behind,cookie
move-the-black-bowl-from-the-top-of-the-drawer-to-on-top-of-the-cookie-at-the-ri,episode_33,0,wrist,cookie,is_in_front_of,black_bowl
move-the-black-bowl-from-the-top-of-the-drawer-to-on-top-of-the-cookie-at-the-ri,episode_33,30,wrist,black_bowl,is_behind,cookie
move-the-black-bowl-from-the-top-of-the-drawer-to-on-top-of-the-cookie-at-the-ri,episode_33,30,wrist,cookie,is_in_front_of,black_bowl
move-the-black-bowl-from-the-top-of-the-drawer-to-on-top-of-the-cookie-at-the-ri,episode_33,60,wrist,black_bowl,is_behind,cookie
move-the-black-bowl-from-the-top-of-the-drawer-to-on-top-of-the-cookie-at-the-ri,episode_33,60,wrist,cookie,is_in_front_of,black_bowl
move-the-black-bowl-from-the-top-of-the-drawer-to-on-top-of-the-cookie-at-the-ri,episode_33,90,wrist,black_bowl,is_behind,cookie
move-the-black-bowl-from-the-top-of-the-drawer-to-on-top-of-the-cookie-at-the-ri,episode_33,90,wrist,cookie,is_in_front_of,black_bowl
move-the-black-bowl-from-the-top-of-the-drawer-to-on-top-of-the-cookie-at-the-ri,episode_33,120,wrist,black_bowl,is_behind,cookie
move-the-black-bowl-from-the-top-of-the-drawer-to-on-top-of-the-cookie-at-the-ri,episode_33,120,wrist,cookie,is_in_front_of,black_bowl
move-the-black-bowl-from-the-top-of-the-drawer-to-on-top-of-the-cookie-at-the-ri,episode_33,150,wrist,black_bowl,is_behind,cookie
move-the-black-bowl-from-the-top-of-the-drawer-to-on-top-of-the-cookie-at-the-ri,episode_33,150,wrist,cookie,is_in_front_of,black_bowl
move-the-black-bowl-from-the-top-of-the-drawer-to-on-top-of-the-cookie-at-the-ri,episode_33,180,wrist,black_bowl,is_on_top_of,red_drawer
move-the-black-bowl-from-the-top-of-the-drawer-to-on-top-of-the-cookie-at-the-ri,episode_33,180,wrist,red_drawer,is_below_of,black_bowl
move-the-black-bowl-from-the-top-of-the-drawer-to-on-top-of-the-cookie-at-the-ri,episode_33,180,wrist,black_bowl,is_left_of,cookie
move-the-black-bowl-from-the-top-of-the-drawer-to-on-top-of-the-cookie-at-the-ri,episode_33,180,wrist,cookie,is_right_of,black_bowl
move-the-black-bowl-from-the-top-of-the-drawer-to-on-top-of-the-cookie-at-the-ri,episode_33,180,wrist,red_drawer,is_left_of,cookie
move-the-black-bowl-from-the-top-of-the-drawer-to-on-top-of-the-cookie-at-the-ri,episode_33,180,wrist,cookie,is_right_of,red_drawer
move-the-black-bowl-from-the-top-of-the-drawer-to-on-top-of-the-cookie-at-the-ri,episode_33,210,wrist,black_bowl,is_on_top_of,red_drawer
move-the-black-bowl-from-the-top-of-the-drawer-to-on-top-of-the-cookie-at-the-ri,episode_33,210,wrist,red_drawer,is_below_of,black_bowl
move-the-black-bowl-from-the-top-of-the-drawer-to-on-top-of-the-cookie-at-the-ri,episode_33,210,wrist,black_bowl,is_behind,black_stove
move-the-black-bowl-from-the-top-of-the-drawer-to-on-top-of-the-cookie-at-the-ri,episode_33,210,wrist,black_stove,is_in_front_of,black_bowl
move-the-black-bowl-from-the-top-of-the-drawer-to-on-top-of-the-cookie-at-the-ri,episode_33,210,wrist,red_drawer,is_behind,black_stove
move-the-black-bowl-from-the-top-of-the-drawer-to-on-top-of-the-cookie-at-the-ri,episode_33,210,wrist,black_stove,is_in_front_of,red_drawer
move-the-black-bowl-from-the-top-of-the-drawer-to-on-top-of-the-cookie-at-the-ri,episode_33,240,wrist,black_bowl,is_on_top_of,red_drawer
move-the-black-bowl-from-the-top-of-the-drawer-to-on-top-of-the-cookie-at-the-ri,episode_33,240,wrist,red_drawer,is_below_of,black_bowl
move-the-black-bowl-from-the-top-of-the-drawer-to-on-top-of-the-cookie-at-the-ri,episode_33,270,wrist,black_bowl,is_on_top_of,red_drawer
move-the-black-bowl-from-the-top-of-the-drawer-to-on-top-of-the-cookie-at-the-ri,episode_33,270,wrist,red_drawer,is_below_of,black_bowl
move-the-black-bowl-from-the-top-of-the-drawer-to-on-top-of-the-cookie-at-the-ri,episode_33,300,wrist,black_bowl,is_in_front_of,red_drawer
move-the-black-bowl-from-the-top-of-the-drawer-to-on-top-of-the-cookie-at-the-ri,episode_33,300,wrist,red_drawer,is_behind,black_bowl
move-the-black-bowl-from-the-top-of-the-drawer-to-on-top-of-the-cookie-at-the-ri,episode_33,300,wrist,black_bowl,is_right_of,black_stove
move-the-black-bowl-from-the-top-of-the-drawer-to-on-top-of-the-cookie-at-the-ri,episode_33,300,wrist,black_stove,is_left_of,black_bowl
move-the-black-bowl-from-the-top-of-the-drawer-to-on-top-of-the-cookie-at-the-ri,episode_33,300,wrist,black_bowl,is_right_of,cookie
move-the-black-bowl-from-the-top-of-the-drawer-to-on-top-of-the-cookie-at-the-ri,episode_33,300,wrist,cookie,is_left_of,black_bowl
move-the-black-bowl-from-the-top-of-the-drawer-to-on-top-of-the-cookie-at-the-ri,episode_33,300,wrist,red_drawer,is_behind,black_stove
move-the-black-bowl-from-the-top-of-the-drawer-to-on-top-of-the-cookie-at-the-ri,episode_33,300,wrist,black_stove,is_in_front_of,red_drawer
move-the-black-bowl-from-the-top-of-the-drawer-to-on-top-of-the-cookie-at-the-ri,episode_33,300,wrist,red_drawer,is_behind,cookie
move-the-black-bowl-from-the-top-of-the-drawer-to-on-top-of-the-cookie-at-the-ri,episode_33,300,wrist,cookie,is_in_front_of,red_drawer
move-the-black-bowl-from-the-top-of-the-drawer-to-on-top-of-the-cookie-at-the-ri,episode_33,300,wrist,black_stove,is_left_of,cookie
move-the-black-bowl-from-the-top-of-the-drawer-to-on-top-of-the-cookie-at-the-ri,episode_33,300,wrist,cookie,is_right_of,black_stove
move-the-black-bowl-from-the-top-of-the-drawer-to-on-top-of-the-cookie-at-the-ri,episode_33,330,wrist,black_bowl,is_behind,cookie
move-the-black-bowl-from-the-top-of-the-drawer-to-on-top-of-the-cookie-at-the-ri,episode_33,330,wrist,cookie,is_in_front_of,black_bowl
move-the-black-bowl-from-the-top-of-the-drawer-to-on-top-of-the-cookie-at-the-ri,episode_33,360,wrist,black_bowl,is_on_top_of,cookie
move-the-black-bowl-from-the-top-of-the-drawer-to-on-top-of-the-cookie-at-the-ri,episode_33,360,wrist,cookie,is_below_of,black_bowl
move-the-black-bowl-from-the-top-of-the-drawer-to-on-top-of-the-cookie-at-the-ri,episode_33,390,wrist,black_bowl,is_on_top_of,cookie
move-the-black-bowl-from-the-top-of-the-drawer-to-on-top-of-the-cookie-at-the-ri,episode_33,390,wrist,cookie,is_below_of,black_bowl
move-the-black-bowl-from-the-top-of-the-drawer-to-on-top-of-the-cookie-at-the-ri,episode_33,420,wrist,black_bowl,is_on_top_of,cookie
move-the-black-bowl-from-the-top-of-the-drawer-to-on-top-of-the-cookie-at-the-ri,episode_33,420,wrist,cookie,is_below_of,black_bowl
move-the-black-bowl-from-the-top-of-the-drawer-to-on-top-of-the-cookie-at-the-ri,episode_33,450,wrist,black_bowl,is_behind,cookie
move-the-black-bowl-from-the-top-of-the-drawer-to-on-top-of-the-cookie-at-the-ri,episode_33,450,wrist,cookie,is_in_front_of,black_bowl
move-the-black-bowl-from-the-top-of-the-drawer-to-on-top-of-the-cookie-at-the-ri,episode_33,480,wrist,black_bowl,is_on_top_of,red_drawer
move-the-black-bowl-from-the-top-of-the-drawer-to-on-top-of-the-cookie-at-the-ri,episode_33,480,wrist,red_drawer,is_below_of,black_bowl
move-the-black-bowl-from-the-top-of-the-drawer-to-on-top-of-the-cookie-at-the-ri,episode_33,510,wrist,black_bowl,is_on_top_of,cookie
move-the-black-bowl-from-the-top-of-the-drawer-to-on-top-of-the-cookie-at-the-ri,episode_33,510,wrist,cookie,is_below_of,black_bowl
move-the-black-bowl-from-the-top-of-the-drawer-to-on-top-of-the-cookie-at-the-ri,episode_34,150,wrist,red_drawer,is_behind,cookie
move-the-black-bowl-from-the-top-of-the-drawer-to-on-top-of-the-cookie-at-the-ri,episode_34,150,wrist,cookie,is_in_front_of,red_drawer
move-the-black-bowl-from-the-top-of-the-drawer-to-on-top-of-the-cookie-at-the-ri,episode_34,180,wrist,black_bowl,is_on_top_of,red_drawer
move-the-black-bowl-from-the-top-of-the-drawer-to-on-top-of-the-cookie-at-the-ri,episode_34,180,wrist,red_drawer,is_below_of,black_bowl
move-the-black-bowl-from-the-top-of-the-drawer-to-on-top-of-the-cookie-at-the-ri,episode_34,210,wrist,black_bowl,is_on_top_of,red_drawer
move-the-black-bowl-from-the-top-of-the-drawer-to-on-top-of-the-cookie-at-the-ri,episode_34,210,wrist,red_drawer,is_below_of,black_bowl
move-the-black-bowl-from-the-top-of-the-drawer-to-on-top-of-the-cookie-at-the-ri,episode_34,240,wrist,black_bowl,is_in_front_of,red_drawer
move-the-black-bowl-from-the-top-of-the-drawer-to-on-top-of-the-cookie-at-the-ri,episode_34,240,wrist,red_drawer,is_behind,black_bowl
move-the-black-bowl-from-the-top-of-the-drawer-to-on-top-of-the-cookie-at-the-ri,episode_34,270,wrist,black_bowl,is_on_top_of,red_drawer
move-the-black-bowl-from-the-top-of-the-drawer-to-on-top-of-the-cookie-at-the-ri,episode_34,270,wrist,red_drawer,is_below_of,black_bowl
move-the-black-bowl-from-the-top-of-the-drawer-to-on-top-of-the-cookie-at-the-ri,episode_34,300,wrist,black_bowl,is_on_top_of,red_drawer
move-the-black-bowl-from-the-top-of-the-drawer-to-on-top-of-the-cookie-at-the-ri,episode_34,300,wrist,red_drawer,is_below_of,black_bowl
move-the-black-bowl-from-the-top-of-the-drawer-to-on-top-of-the-cookie-at-the-ri,episode_34,330,wrist,black_bowl,is_on_top_of,red_drawer
move-the-black-bowl-from-the-top-of-the-drawer-to-on-top-of-the-cookie-at-the-ri,episode_34,330,wrist,red_drawer,is_below_of,black_bowl
move-the-black-bowl-from-the-top-of-the-drawer-to-on-top-of-the-cookie-at-the-ri,episode_34,360,wrist,black_bowl,is_right_of,red_drawer
move-the-black-bowl-from-the-top-of-the-drawer-to-on-top-of-the-cookie-at-the-ri,episode_34,360,wrist,red_drawer,is_left_of,black_bowl
move-the-black-bowl-from-the-top-of-the-drawer-to-on-top-of-the-cookie-at-the-ri,episode_34,390,wrist,black_bowl,is_in_front_of,red_drawer
move-the-black-bowl-from-the-top-of-the-drawer-to-on-top-of-the-cookie-at-the-ri,episode_34,390,wrist,red_drawer,is_behind,black_bowl
move-the-black-bowl-from-the-top-of-the-drawer-to-on-top-of-the-cookie-at-the-ri,episode_34,420,wrist,black_bowl,is_in_front_of,cookie
move-the-black-bowl-from-the-top-of-the-drawer-to-on-top-of-the-cookie-at-the-ri,episode_34,420,wrist,cookie,is_behind,black_bowl
move-the-black-bowl-from-the-top-of-the-drawer-to-on-top-of-the-cookie-at-the-ri,episode_34,450,wrist,black_bowl,is_on_top_of,cookie
move-the-black-bowl-from-the-top-of-the-drawer-to-on-top-of-the-cookie-at-the-ri,episode_34,450,wrist,cookie,is_below_of,black_bowl
move-the-black-bowl-from-the-top-of-the-drawer-to-on-top-of-the-cookie-at-the-ri,episode_34,480,wrist,black_bowl,is_on_top_of,cookie
move-the-black-bowl-from-the-top-of-the-drawer-to-on-top-of-the-cookie-at-the-ri,episode_34,480,wrist,cookie,is_below_of,black_bowl
move-the-black-bowl-from-the-top-of-the-drawer-to-on-top-of-the-cookie-at-the-ri,episode_34,510,wrist,black_bowl,is_on_top_of,red_drawer
move-the-black-bowl-from-the-top-of-the-drawer-to-on-top-of-the-cookie-at-the-ri,episode_34,510,wrist,red_drawer,is_below_of,black_bowl
move-the-black-bowl-from-the-top-of-the-drawer-to-on-top-of-the-cookie-at-the-ri,episode_34,540,wrist,black_bowl,is_on_top_of,red_drawer
move-the-black-bowl-from-the-top-of-the-drawer-to-on-top-of-the-cookie-at-the-ri,episode_34,540,wrist,red_drawer,is_below_of,black_bowl
move-the-black-bowl-from-the-top-of-the-drawer-to-on-top-of-the-cookie-at-the-ri,episode_34,570,wrist,black_bowl,is_on_top_of,cookie
move-the-black-bowl-from-the-top-of-the-drawer-to-on-top-of-the-cookie-at-the-ri,episode_34,570,wrist,cookie,is_below_of,black_bowl
move-the-black-bowl-from-the-top-of-the-drawer-to-on-top-of-the-cookie-at-the-ri,episode_34,600,wrist,black_bowl,is_in_front_of,cookie
move-the-black-bowl-from-the-top-of-the-drawer-to-on-top-of-the-cookie-at-the-ri,episode_34,600,wrist,cookie,is_behind,black_bowl
move-the-black-bowl-from-the-top-of-the-drawer-to-on-top-of-the-cookie-at-the-ri,episode_34,630,wrist,black_bowl,is_in_front_of,red_drawer
move-the-black-bowl-from-the-top-of-the-drawer-to-on-top-of-the-cookie-at-the-ri,episode_34,630,wrist,red_drawer,is_behind,black_bowl
move-the-black-bowl-from-the-top-of-the-drawer-to-on-top-of-the-cookie-at-the-ri,episode_35,30,wrist,cookie,is_in_front_of,white_plate
move-the-black-bowl-from-the-top-of-the-drawer-to-on-top-of-the-cookie-at-the-ri,episode_35,30,wrist,white_plate,is_behind,cookie
move-the-black-bowl-from-the-top-of-the-drawer-to-on-top-of-the-cookie-at-the-ri,episode_35,60,wrist,cookie,is_in_front_of,white_plate
move-the-black-bowl-from-the-top-of-the-drawer-to-on-top-of-the-cookie-at-the-ri,episode_35,60,wrist,white_plate,is_behind,cookie
move-the-black-bowl-from-the-top-of-the-drawer-to-on-top-of-the-cookie-at-the-ri,episode_35,90,wrist,cookie,is_on_top_of,white_plate
move-the-black-bowl-from-the-top-of-the-drawer-to-on-top-of-the-cookie-at-the-ri,episode_35,90,wrist,white_plate,is_below_of,cookie
move-the-black-bowl-from-the-top-of-the-drawer-to-on-top-of-the-cookie-at-the-ri,episode_35,120,wrist,cookie,is_in_front_of,white_plate
move-the-black-bowl-from-the-top-of-the-drawer-to-on-top-of-the-cookie-at-the-ri,episode_35,120,wrist,white_plate,is_behind,cookie
move-the-black-bowl-from-the-top-of-the-drawer-to-on-top-of-the-cookie-at-the-ri,episode_35,150,wrist,cookie,is_in_front_of,white_plate
move-the-black-bowl-from-the-top-of-the-drawer-to-on-top-of-the-cookie-at-the-ri,episode_35,150,wrist,white_plate,is_behind,cookie
move-the-black-bowl-from-the-top-of-the-drawer-to-on-top-of-the-cookie-at-the-ri,episode_35,180,wrist,cookie,is_in_front_of,white_plate
move-the-black-bowl-from-the-top-of-the-drawer-to-on-top-of-the-cookie-at-the-ri,episode_35,180,wrist,white_plate,is_behind,cookie
move-the-black-bowl-from-the-top-of-the-drawer-to-on-top-of-the-cookie-at-the-ri,episode_35,210,wrist,cookie,is_left_of,black_bowl
move-the-black-bowl-from-the-top-of-the-drawer-to-on-top-of-the-cookie-at-the-ri,episode_35,210,wrist,black_bowl,is_right_of,cookie
move-the-black-bowl-from-the-top-of-the-drawer-to-on-top-of-the-cookie-at-the-ri,episode_35,240,wrist,black_bowl,is_on_top_of,red_drawer
move-the-black-bowl-from-the-top-of-the-drawer-to-on-top-of-the-cookie-at-the-ri,episode_35,240,wrist,red_drawer,is_below_of,black_bowl
move-the-black-bowl-from-the-top-of-the-drawer-to-on-top-of-the-cookie-at-the-ri,episode_35,240,wrist,black_bowl,is_behind,cookie
move-the-black-bowl-from-the-top-of-the-drawer-to-on-top-of-the-cookie-at-the-ri,episode_35,240,wrist,cookie,is_in_front_of,black_bowl
move-the-black-bowl-from-the-top-of-the-drawer-to-on-top-of-the-cookie-at-the-ri,episode_35,240,wrist,red_drawer,is_behind,cookie
move-the-black-bowl-from-the-top-of-the-drawer-to-on-top-of-the-cookie-at-the-ri,episode_35,240,wrist,cookie,is_in_front_of,red_drawer
move-the-black-bowl-from-the-top-of-the-drawer-to-on-top-of-the-cookie-at-the-ri,episode_35,270,wrist,black_bowl,is_on_top_of,red_drawer
move-the-black-bowl-from-the-top-of-the-drawer-to-on-top-of-the-cookie-at-the-ri,episode_35,270,wrist,red_drawer,is_below_of,black_bowl
move-the-black-bowl-from-the-top-of-the-drawer-to-on-top-of-the-cookie-at-the-ri,episode_35,300,wrist,black_bowl,is_on_top_of,red_drawer
move-the-black-bowl-from-the-top-of-the-drawer-to-on-top-of-the-cookie-at-the-ri,episode_35,300,wrist,red_drawer,is_below_of,black_bowl
move-the-black-bowl-from-the-top-of-the-drawer-to-on-top-of-the-cookie-at-the-ri,episode_35,330,wrist,black_bowl,is_on_top_of,red_drawer
move-the-black-bowl-from-the-top-of-the-drawer-to-on-top-of-the-cookie-at-the-ri,episode_35,330,wrist,red_drawer,is_below_of,black_bowl
move-the-black-bowl-from-the-top-of-the-drawer-to-on-top-of-the-cookie-at-the-ri,episode_35,360,wrist,black_bowl,is_on_top_of,red_drawer
move-the-black-bowl-from-the-top-of-the-drawer-to-on-top-of-the-cookie-at-the-ri,episode_35,360,wrist,red_drawer,is_below_of,black_bowl
move-the-black-bowl-from-the-top-of-the-drawer-to-on-top-of-the-cookie-at-the-ri,episode_35,390,wrist,black_bowl,is_on_top_of,red_drawer
move-the-black-bowl-from-the-top-of-the-drawer-to-on-top-of-the-cookie-at-the-ri,episode_35,390,wrist,red_drawer,is_below_of,black_bowl
move-the-black-bowl-from-the-top-of-the-drawer-to-on-top-of-the-cookie-at-the-ri,episode_35,420,wrist,black_bowl,is_behind,cookie
move-the-black-bowl-from-the-top-of-the-drawer-to-on-top-of-the-cookie-at-the-ri,episode_35,420,wrist,cookie,is_in_front_of,black_bowl
move-the-black-bowl-from-the-top-of-the-drawer-to-on-top-of-the-cookie-at-the-ri,episode_35,420,wrist,black_bowl,is_in_front_of,red_drawer
move-the-black-bowl-from-the-top-of-the-drawer-to-on-top-of-the-cookie-at-the-ri,episode_35,420,wrist,red_drawer,is_behind,black_bowl
move-the-black-bowl-from-the-top-of-the-drawer-to-on-top-of-the-cookie-at-the-ri,episode_35,420,wrist,cookie,is_in_front_of,red_drawer
move-the-black-bowl-from-the-top-of-the-drawer-to-on-top-of-the-cookie-at-the-ri,episode_35,420,wrist,red_drawer,is_behind,cookie
move-the-black-bowl-from-the-top-of-the-drawer-to-on-top-of-the-cookie-at-the-ri,episode_35,450,wrist,black_bowl,is_behind,cookie
move-the-black-bowl-from-the-top-of-the-drawer-to-on-top-of-the-cookie-at-the-ri,episode_35,450,wrist,cookie,is_in_front_of,black_bowl
move-the-black-bowl-from-the-top-of-the-drawer-to-on-top-of-the-cookie-at-the-ri,episode_35,480,wrist,black_bowl,is_on_top_of,cookie
move-the-black-bowl-from-the-top-of-the-drawer-to-on-top-of-the-cookie-at-the-ri,episode_35,480,wrist,cookie,is_below_of,black_bowl
move-the-black-bowl-from-the-top-of-the-drawer-to-on-top-of-the-cookie-at-the-ri,episode_35,510,wrist,black_bowl,is_on_top_of,cookie
move-the-black-bowl-from-the-top-of-the-drawer-to-on-top-of-the-cookie-at-the-ri,episode_35,510,wrist,cookie,is_below_of,black_bowl
move-the-black-bowl-from-the-top-of-the-drawer-to-on-top-of-the-cookie-at-the-ri,episode_35,540,wrist,black_bowl,is_on_top_of,cookie
move-the-black-bowl-from-the-top-of-the-drawer-to-on-top-of-the-cookie-at-the-ri,episode_35,540,wrist,cookie,is_below_of,black_bowl
move-the-black-bowl-from-the-top-of-the-drawer-to-on-top-of-the-cookie-at-the-ri,episode_35,570,wrist,black_bowl,is_on_top_of,cookie
move-the-black-bowl-from-the-top-of-the-drawer-to-on-top-of-the-cookie-at-the-ri,episode_35,570,wrist,cookie,is_below_of,black_bowl
move-the-black-bowl-from-the-top-of-the-drawer-to-on-top-of-the-cookie-at-the-ri,episode_35,600,wrist,cookie,is_in_front_of,black_bowl
move-the-black-bowl-from-the-top-of-the-drawer-to-on-top-of-the-cookie-at-the-ri,episode_35,600,wrist,black_bowl,is_behind,cookie
move-the-black-bowl-from-the-top-of-the-drawer-to-on-top-of-the-cookie-at-the-ri,episode_35,630,wrist,black_bowl,is_on_top_of,cookie
move-the-black-bowl-from-the-top-of-the-drawer-to-on-top-of-the-cookie-at-the-ri,episode_35,630,wrist,cookie,is_below_of,black_bowl
move-the-black-bowl-from-the-top-of-the-drawer-to-on-top-of-the-cookie-at-the-ri,episode_36,0,wrist,black_bowl,is_on_top_of,red_drawer
move-the-black-bowl-from-the-top-of-the-drawer-to-on-top-of-the-cookie-at-the-ri,episode_36,0,wrist,red_drawer,is_below_of,black_bowl
move-the-black-bowl-from-the-top-of-the-drawer-to-on-top-of-the-cookie-at-the-ri,episode_36,0,wrist,black_bowl,is_left_of,cookie
move-the-black-bowl-from-the-top-of-the-drawer-to-on-top-of-the-cookie-at-the-ri,episode_36,0,wrist,cookie,is_right_of,black_bowl
move-the-black-bowl-from-the-top-of-the-drawer-to-on-top-of-the-cookie-at-the-ri,episode_36,0,wrist,red_drawer,is_left_of,cookie
move-the-black-bowl-from-the-top-of-the-drawer-to-on-top-of-the-cookie-at-the-ri,episode_36,0,wrist,cookie,is_right_of,red_drawer
move-the-black-bowl-from-the-top-of-the-drawer-to-on-top-of-the-cookie-at-the-ri,episode_36,30,wrist,cookie,is_on_top_of,black_stove
move-the-black-bowl-from-the-top-of-the-drawer-to-on-top-of-the-cookie-at-the-ri,episode_36,30,wrist,black_stove,is_below_of,cookie
move-the-black-bowl-from-the-top-of-the-drawer-to-on-top-of-the-cookie-at-the-ri,episode_36,60,wrist,black_bowl,is_on_top_of,red_drawer
move-the-black-bowl-from-the-top-of-the-drawer-to-on-top-of-the-cookie-at-the-ri,episode_36,60,wrist,red_drawer,is_below_of,black_bowl
move-the-black-bowl-from-the-top-of-the-drawer-to-on-top-of-the-cookie-at-the-ri,episode_36,60,wrist,black_bowl,is_left_of,cookie
move-the-black-bowl-from-the-top-of-the-drawer-to-on-top-of-the-cookie-at-the-ri,episode_36,60,wrist,cookie,is_right_of,black_bowl
move-the-black-bowl-from-the-top-of-the-drawer-to-on-top-of-the-cookie-at-the-ri,episode_36,60,wrist,red_drawer,is_left_of,cookie
move-the-black-bowl-from-the-top-of-the-drawer-to-on-top-of-the-cookie-at-the-ri,episode_36,60,wrist,cookie,is_right_of,red_drawer
move-the-black-bowl-from-the-top-of-the-drawer-to-on-top-of-the-cookie-at-the-ri,episode_36,90,wrist,cookie,is_on_top_of,black_stove
move-the-black-bowl-from-the-top-of-the-drawer-to-on-top-of-the-cookie-at-the-ri,episode_36,90,wrist,black_stove,is_below_of,cookie
move-the-black-bowl-from-the-top-of-the-drawer-to-on-top-of-the-cookie-at-the-ri,episode_36,120,wrist,black_bowl,is_on_top_of,red_drawer
move-the-black-bowl-from-the-top-of-the-drawer-to-on-top-of-the-cookie-at-the-ri,episode_36,120,wrist,red_drawer,is_below_of,black_bowl
move-the-black-bowl-from-the-top-of-the-drawer-to-on-top-of-the-cookie-at-the-ri,episode_36,120,wrist,black_bowl,is_left_of,cookie
move-the-black-bowl-from-the-top-of-the-drawer-to-on-top-of-the-cookie-at-the-ri,episode_36,120,wrist,cookie,is_right_of,black_bowl
move-the-black-bowl-from-the-top-of-the-drawer-to-on-top-of-the-cookie-at-the-ri,episode_36,120,wrist,red_drawer,is_left_of,cookie
move-the-black-bowl-from-the-top-of-the-drawer-to-on-top-of-the-cookie-at-the-ri,episode_36,120,wrist,cookie,is_right_of,red_drawer
move-the-black-bowl-from-the-top-of-the-drawer-to-on-top-of-the-cookie-at-the-ri,episode_36,150,wrist,cookie,is_on_top_of,black_stove
move-the-black-bowl-from-the-top-of-the-drawer-to-on-top-of-the-cookie-at-the-ri,episode_36,150,wrist,black_stove,is_below_of,cookie
move-the-black-bowl-from-the-top-of-the-drawer-to-on-top-of-the-cookie-at-the-ri,episode_36,180,wrist,black_bowl,is_on_top_of,red_drawer
move-the-black-bowl-from-the-top-of-the-drawer-to-on-top-of-the-cookie-at-the-ri,episode_36,180,wrist,red_drawer,is_below_of,black_bowl
move-the-black-bowl-from-the-top-of-the-drawer-to-on-top-of-the-cookie-at-the-ri,episode_36,180,wrist,black_bowl,is_left_of,cookie
move-the-black-bowl-from-the-top-of-the-drawer-to-on-top-of-the-cookie-at-the-ri,episode_36,180,wrist,cookie,is_right_of,black_bowl
move-the-black-bowl-from-the-top-of-the-drawer-to-on-top-of-the-cookie-at-the-ri,episode_36,180,wrist,red_drawer,is_left_of,cookie
move-the-black-bowl-from-the-top-of-the-drawer-to-on-top-of-the-cookie-at-the-ri,episode_36,180,wrist,cookie,is_right_of,red_drawer
move-the-black-bowl-from-the-top-of-the-drawer-to-on-top-of-the-cookie-at-the-ri,episode_36,210,wrist,black_bowl,is_on_top_of,red_drawer
move-the-black-bowl-from-the-top-of-the-drawer-to-on-top-of-the-cookie-at-the-ri,episode_36,210,wrist,red_drawer,is_below_of,black_bowl
move-the-black-bowl-from-the-top-of-the-drawer-to-on-top-of-the-cookie-at-the-ri,episode_36,210,wrist,black_bowl,is_left_of,cookie
move-the-black-bowl-from-the-top-of-the-drawer-to-on-top-of-the-cookie-at-the-ri,episode_36,210,wrist,cookie,is_right_of,black_bowl
move-the-black-bowl-from-the-top-of-the-drawer-to-on-top-of-the-cookie-at-the-ri,episode_36,210,wrist,red_drawer,is_left_of,cookie
move-the-black-bowl-from-the-top-of-the-drawer-to-on-top-of-the-cookie-at-the-ri,episode_36,210,wrist,cookie,is_right_of,red_drawer
move-the-black-bowl-from-the-top-of-the-drawer-to-on-top-of-the-cookie-at-the-ri,episode_36,240,wrist,black_bowl,is_behind,cookie
move-the-black-bowl-from-the-top-of-the-drawer-to-on-top-of-the-cookie-at-the-ri,episode_36,240,wrist,black_bowl,is_left_of,red_drawer
move-the-black-bowl-from-the-top-of-the-drawer-to-on-top-of-the-cookie-at-the-ri,episode_36,240,wrist,red_drawer,is_right_of,black_bowl
move-the-black-bowl-from-the-top-of-the-drawer-to-on-top-of-the-cookie-at-the-ri,episode_36,240,wrist,red_drawer,is_behind,cookie
move-the-black-bowl-from-the-top-of-the-drawer-to-on-top-of-the-cookie-at-the-ri,episode_36,240,wrist,cookie,is_in_front_of,black_bowl
move-the-black-bowl-from-the-top-of-the-drawer-to-on-top-of-the-cookie-at-the-ri,episode_36,240,wrist,cookie,is_in_front_of,red_drawer
move-the-black-bowl-from-the-top-of-the-drawer-to-on-top-of-the-cookie-at-the-ri,episode_36,270,wrist,black_bowl,is_on_top_of,red_drawer
move-the-black-bowl-from-the-top-of-the-drawer-to-on-top-of-the-cookie-at-the-ri,episode_36,270,wrist,red_drawer,is_below_of,black_bowl
move-the-black-bowl-from-the-top-of-the-drawer-to-on-top-of-the-cookie-at-the-ri,episode_36,270,wrist,black_bowl,is_right_of,black_stove
move-the-black-bowl-from-the-top-of-the-drawer-to-on-top-of-the-cookie-at-the-ri,episode_36,270,wrist,black_stove,is_left_of,black_bowl
move-the-black-bowl-from-the-top-of-the-drawer-to-on-top-of-the-cookie-at-the-ri,episode_36,270,wrist,black_bowl,is_right_of,cookie
move-the-black-bowl-from-the-top-of-the-drawer-to-on-top-of-the-cookie-at-the-ri,episode_36,270,wrist,cookie,is_left_of,black_bowl
move-the-black-bowl-from-the-top-of-the-drawer-to-on-top-of-the-cookie-at-the-ri,episode_36,270,wrist,red_drawer,is_right_of,black_stove
move-the-black-bowl-from-the-top-of-the-drawer-to-on-top-of-the-cookie-at-the-ri,episode_36,270,wrist,black_stove,is_left_of,red_drawer
move-the-black-bowl-from-the-top-of-the-drawer-to-on-top-of-the-cookie-at-the-ri,episode_36,270,wrist,red_drawer,is_right_of,cookie
move-the-black-bowl-from-the-top-of-the-drawer-to-on-top-of-the-cookie-at-the-ri,episode_36,270,wrist,cookie,is_left_of,red_drawer
move-the-black-bowl-from-the-top-of-the-drawer-to-on-top-of-the-cookie-at-the-ri,episode_36,270,wrist,black_stove,is_behind,cookie
move-the-black-bowl-from-the-top-of-the-drawer-to-on-top-of-the-cookie-at-the-ri,episode_36,270,wrist,cookie,is_in_front_of,black_stove
move-the-black-bowl-from-the-top-of-the-drawer-to-on-top-of-the-cookie-at-the-ri,episode_36,300,wrist,black_bowl,is_on_top_of,red_drawer
move-the-black-bowl-from-the-top-of-the-drawer-to-on-top-of-the-cookie-at-the-ri,episode_36,300,wrist,red_drawer,is_below_of,black_bowl
move-the-black-bowl-from-the-top-of-the-drawer-to-on-top-of-the-cookie-at-the-ri,episode_36,300,wrist,black_bowl,is_behind,black_stove
move-the-black-bowl-from-the-top-of-the-drawer-to-on-top-of-the-cookie-at-the-ri,episode_36,300,wrist,black_stove,is_in_front_of,black_bowl
move-the-black-bowl-from-the-top-of-the-drawer-to-on-top-of-the-cookie-at-the-ri,episode_36,300,wrist,black_bowl,is_behind,cookie
move-the-black-bowl-from-the-top-of-the-drawer-to-on-top-of-the-cookie-at-the-ri,episode_36,300,wrist,cookie,is_in_front_of,black_bowl
move-the-black-bowl-from-the-top-of-the-drawer-to-on-top-of-the-cookie-at-the-ri,episode_36,300,wrist,red_drawer,is_behind,black_stove
move-the-black-bowl-from-the-top-of-the-drawer-to-on-top-of-the-cookie-at-the-ri,episode_36,300,wrist,black_stove,is_in_front_of,red_drawer
move-the-black-bowl-from-the-top-of-the-drawer-to-on-top-of-the-cookie-at-the-ri,episode_36,300,wrist,red_drawer,is_behind,cookie
move-the-black-bowl-from-the-top-of-the-drawer-to-on-top-of-the-cookie-at-the-ri,episode_36,300,wrist,cookie,is_in_front_of,red_drawer
move-the-black-bowl-from-the-top-of-the-drawer-to-on-top-of-the-cookie-at-the-ri,episode_36,300,wrist,black_stove,is_left_of,cookie
move-the-black-bowl-from-the-top-of-the-drawer-to-on-top-of-the-cookie-at-the-ri,episode_36,300,wrist,cookie,is_right_of,black_stove
move-the-black-bowl-from-the-top-of-the-drawer-to-on-top-of-the-cookie-at-the-ri,episode_36,330,wrist,black_bowl,is_behind,red_drawer
move-the-black-bowl-from-the-top-of-the-drawer-to-on-top-of-the-cookie-at-the-ri,episode_36,330,wrist,red_drawer,is_in_front_of,black_bowl
move-the-black-bowl-from-the-top-of-the-drawer-to-on-top-of-the-cookie-at-the-ri,episode_36,330,wrist,black_bowl,is_right_of,black_stove
move-the-black-bowl-from-the-top-of-the-drawer-to-on-top-of-the-cookie-at-the-ri,episode_36,330,wrist,black_stove,is_left_of,black_bowl
move-the-black-bowl-from-the-top-of-the-drawer-to-on-top-of-the-cookie-at-the-ri,episode_36,330,wrist,black_bowl,is_behind,cookie
move-the-black-bowl-from-the-top-of-the-drawer-to-on-top-of-the-cookie-at-the-ri,episode_36,330,wrist,cookie,is_in_front_of,black_bowl
move-the-black-bowl-from-the-top-of-the-drawer-to-on-top-of-the-cookie-at-the-ri,episode_36,330,wrist,red_drawer,is_right_of,black_stove
move-the-black-bowl-from-the-top-of-the-drawer-to-on-top-of-the-cookie-at-the-ri,episode_36,330,wrist,black_stove,is_left_of,red_drawer
move-the-black-bowl-from-the-top-of-the-drawer-to-on-top-of-the-cookie-at-the-ri,episode_36,330,wrist,red_drawer,is_behind,cookie
move-the-black-bowl-from-the-top-of-the-drawer-to-on-top-of-the-cookie-at-the-ri,episode_36,330,wrist,cookie,is_in_front_of,red_drawer
move-the-black-bowl-from-the-top-of-the-drawer-to-on-top-of-the-cookie-at-the-ri,episode_36,330,wrist,black_stove,is_behind,cookie
move-the-black-bowl-from-the-top-of-the-drawer-to-on-top-of-the-cookie-at-the-ri,episode_36,330,wrist,cookie,is_in_front_of,black_stove
move-the-black-bowl-from-the-top-of-the-drawer-to-on-top-of-the-cookie-at-the-ri,episode_36,360,wrist,black_bowl,is_in_front_of,black_stove
move-the-black-bowl-from-the-top-of-the-drawer-to-on-top-of-the-cookie-at-the-ri,episode_36,360,wrist,black_stove,is_behind,black_bowl
move-the-black-bowl-from-the-top-of-the-drawer-to-on-top-of-the-cookie-at-the-ri,episode_36,360,wrist,black_bowl,is_in_front_of,cookie
move-the-black-bowl-from-the-top-of-the-drawer-to-on-top-of-the-cookie-at-the-ri,episode_36,360,wrist,cookie,is_behind,black_bowl
move-the-black-bowl-from-the-top-of-the-drawer-to-on-top-of-the-cookie-at-the-ri,episode_36,360,wrist,black_bowl,is_in_front_of,red_drawer
move-the-black-bowl-from-the-top-of-the-drawer-to-on-top-of-the-cookie-at-the-ri,episode_36,360,wrist,red_drawer,is_behind,black_bowl
move-the-black-bowl-from-the-top-of-the-drawer-to-on-top-of-the-cookie-at-the-ri,episode_36,360,wrist,black_stove,is_behind,cookie
move-the-black-bowl-from-the-top-of-the-drawer-to-on-top-of-the-cookie-at-the-ri,episode_36,360,wrist,cookie,is_in_front_of,black_stove
move-the-black-bowl-from-the-top-of-the-drawer-to-on-top-of-the-cookie-at-the-ri,episode_36,360,wrist,black_stove,is_left_of,red_drawer
move-the-black-bowl-from-the-top-of-the-drawer-to-on-top-of-the-cookie-at-the-ri,episode_36,360,wrist,red_drawer,is_right_of,black_stove
move-the-black-bowl-from-the-top-of-the-drawer-to-on-top-of-the-cookie-at-the-ri,episode_36,360,wrist,cookie,is_left_of,red_drawer
move-the-black-bowl-from-the-top-of-the-drawer-to-on-top-of-the-cookie-at-the-ri,episode_36,360,wrist,red_drawer,is_right_of,cookie
move-the-black-bowl-from-the-top-of-the-drawer-to-on-top-of-the-cookie-at-the-ri,episode_36,390,wrist,black_bowl,is_behind,red_drawer
move-the-black-bowl-from-the-top-of-the-drawer-to-on-top-of-the-cookie-at-the-ri,episode_36,390,wrist,red_drawer,is_in_front_of,black_bowl
move-the-black-bowl-from-the-top-of-the-drawer-to-on-top-of-the-cookie-at-the-ri,episode_36,420,wrist,black_bowl,is_on_top_of,red_drawer
move-the-black-bowl-from-the-top-of-the-drawer-to-on-top-of-the-cookie-at-the-ri,episode_36,420,wrist,red_drawer,is_below_of,black_bowl
move-the-black-bowl-from-the-top-of-the-drawer-to-on-top-of-the-cookie-at-the-ri,episode_36,420,wrist,black_bowl,is_left_of,cookie
move-the-black-bowl-from-the-top-of-the-drawer-to-on-top-of-the-cookie-at-the-ri,episode_36,420,wrist,cookie,is_right_of,black_bowl
move-the-black-bowl-from-the-top-of-the-drawer-to-on-top-of-the-cookie-at-the-ri,episode_36,420,wrist,red_drawer,is_left_of,cookie
move-the-black-bowl-from-the-top-of-the-drawer-to-on-top-of-the-cookie-at-the-ri,episode_36,420,wrist,cookie,is_right_of,red_drawer
move-the-black-bowl-from-the-top-of-the-drawer-to-on-top-of-the-cookie-at-the-ri,episode_36,450,wrist,black_bowl,is_on_top_of,cookie
move-the-black-bowl-from-the-top-of-the-drawer-to-on-top-of-the-cookie-at-the-ri,episode_36,450,wrist,cookie,is_below_of,black_bowl
move-the-black-bowl-from-the-top-of-the-drawer-to-on-top-of-the-cookie-at-the-ri,episode_36,450,wrist,black_bowl,is_on_top_of,red_drawer
move-the-black-bowl-from-the-top-of-the-drawer-to-on-top-of-the-cookie-at-the-ri,episode_36,450,wrist,red_drawer,is_below_of,black_bowl
move-the-black-bowl-from-the-top-of-the-drawer-to-on-top-of-the-cookie-at-the-ri,episode_36,450,wrist,cookie,is_on_top_of,red_drawer
move-the-black-bowl-from-the-top-of-the-drawer-to-on-top-of-the-cookie-at-the-ri,episode_36,450,wrist,red_drawer,is_below_of,cookie
move-the-black-bowl-from-the-top-of-the-drawer-to-on-top-of-the-cookie-at-the-ri,episode_36,480,wrist,black_bowl,is_on_top_of,cookie
move-the-black-bowl-from-the-top-of-the-drawer-to-on-top-of-the-cookie-at-the-ri,episode_36,480,wrist,cookie,is_below_of,black_bowl
move-the-black-bowl-from-the-top-of-the-drawer-to-on-top-of-the-cookie-at-the-ri,episode_36,480,wrist,black_bowl,is_on_top_of,red_drawer
move-the-black-bowl-from-the-top-of-the-drawer-to-on-top-of-the-cookie-at-the-ri,episode_36,480,wrist,red_drawer,is_below_of,black_bowl
move-the-black-bowl-from-the-top-of-the-drawer-to-on-top-of-the-cookie-at-the-ri,episode_36,480,wrist,cookie,is_on_top_of,red_drawer
move-the-black-bowl-from-the-top-of-the-drawer-to-on-top-of-the-cookie-at-the-ri,episode_36,480,wrist,red_drawer,is_below_of,cookie
move-the-black-bowl-from-the-top-of-the-drawer-to-on-top-of-the-cookie-at-the-ri,episode_36,510,wrist,black_bowl,is_on_top_of,cookie
move-the-black-bowl-from-the-top-of-the-drawer-to-on-top-of-the-cookie-at-the-ri,episode_36,510,wrist,cookie,is_below_of,black_bowl
move-the-black-bowl-from-the-top-of-the-drawer-to-on-top-of-the-cookie-at-the-ri,episode_36,540,wrist,black_bowl,is_on_top_of,cookie
move-the-black-bowl-from-the-top-of-the-drawer-to-on-top-of-the-cookie-at-the-ri,episode_36,540,wrist,cookie,is_below_of,black_bowl
move-the-black-bowl-from-the-top-of-the-drawer-to-on-top-of-the-cookie-at-the-ri,episode_36,570,wrist,black_bowl,is_on_top_of,cookie
move-the-black-bowl-from-the-top-of-the-drawer-to-on-top-of-the-cookie-at-the-ri,episode_36,570,wrist,cookie,is_below_of,black_bowl
move-the-black-bowl-from-the-top-of-the-drawer-to-on-top-of-the-cookie-at-the-ri,episode_36,600,wrist,black_bowl,is_on_top_of,cookie
move-the-black-bowl-from-the-top-of-the-drawer-to-on-top-of-the-cookie-at-the-ri,episode_36,600,wrist,cookie,is_below_of,black_bowl
move-the-black-bowl-from-the-top-of-the-drawer-to-on-top-of-the-cookie-at-the-ri,episode_36,630,wrist,black_bowl,is_on_top_of,cookie
move-the-black-bowl-from-the-top-of-the-drawer-to-on-top-of-the-cookie-at-the-ri,episode_36,630,wrist,cookie,is_below_of,black_bowl
move-the-black-bowl-from-the-top-of-the-drawer-to-on-top-of-the-cookie-at-the-ri,episode_36,630,wrist,black_bowl,is_on_top_of,red_drawer
move-the-black-bowl-from-the-top-of-the-drawer-to-on-top-of-the-cookie-at-the-ri,episode_36,630,wrist,red_drawer,is_below_of,black_bowl
move-the-black-bowl-from-the-top-of-the-drawer-to-on-top-of-the-cookie-at-the-ri,episode_36,630,wrist,cookie,is_on_top_of,red_drawer
move-the-black-bowl-from-the-top-of-the-drawer-to-on-top-of-the-cookie-at-the-ri,episode_36,630,wrist,red_drawer,is_below_of,cookie
move-the-black-bowl-from-the-top-of-the-drawer-to-on-top-of-the-cookie-at-the-ri,episode_37,0,wrist,black_bowl,is_on_top_of,red_drawer
move-the-black-bowl-from-the-top-of-the-drawer-to-on-top-of-the-cookie-at-the-ri,episode_37,0,wrist,red_drawer,is_below_of,black_bowl
move-the-black-bowl-from-the-top-of-the-drawer-to-on-top-of-the-cookie-at-the-ri,episode_37,0,wrist,black_bowl,is_left_of,white_plate
move-the-black-bowl-from-the-top-of-the-drawer-to-on-top-of-the-cookie-at-the-ri,episode_37,0,wrist,white_plate,is_right_of,black_bowl
move-the-black-bowl-from-the-top-of-the-drawer-to-on-top-of-the-cookie-at-the-ri,episode_37,0,wrist,red_drawer,is_left_of,white_plate
move-the-black-bowl-from-the-top-of-the-drawer-to-on-top-of-the-cookie-at-the-ri,episode_37,0,wrist,white_plate,is_right_of,red_drawer
move-the-black-bowl-from-the-top-of-the-drawer-to-on-top-of-the-cookie-at-the-ri,episode_37,30,wrist,white_plate,is_on_top_of,black_stove
move-the-black-bowl-from-the-top-of-the-drawer-to-on-top-of-the-cookie-at-the-ri,episode_37,30,wrist,black_stove,is_below_of,white_plate
move-the-black-bowl-from-the-top-of-the-drawer-to-on-top-of-the-cookie-at-the-ri,episode_37,60,wrist,black_bowl,is_on_top_of,red_drawer
move-the-black-bowl-from-the-top-of-the-drawer-to-on-top-of-the-cookie-at-the-ri,episode_37,60,wrist,red_drawer,is_below_of,black_bowl
move-the-black-bowl-from-the-top-of-the-drawer-to-on-top-of-the-cookie-at-the-ri,episode_37,60,wrist,black_bowl,is_left_of,white_plate
move-the-black-bowl-from-the-top-of-the-drawer-to-on-top-of-the-cookie-at-the-ri,episode_37,60,wrist,white_plate,is_right_of,black_bowl
move-the-black-bowl-from-the-top-of-the-drawer-to-on-top-of-the-cookie-at-the-ri,episode_37,60,wrist,red_drawer,is_left_of,white_plate
move-the-black-bowl-from-the-top-of-the-drawer-to-on-top-of-the-cookie-at-the-ri,episode_37,60,wrist,white_plate,is_right_of,red_drawer
move-the-black-bowl-from-the-top-of-the-drawer-to-on-top-of-the-cookie-at-the-ri,episode_37,90,wrist,black_bowl,is_on_top_of,red_drawer
move-the-black-bowl-from-the-top-of-the-drawer-to-on-top-of-the-cookie-at-the-ri,episode_37,90,wrist,red_drawer,is_below_of,black_bowl
move-the-black-bowl-from-the-top-of-the-drawer-to-on-top-of-the-cookie-at-the-ri,episode_37,90,wrist,black_bowl,is_left_of,cookie
move-the-black-bowl-from-the-top-of-the-drawer-to-on-top-of-the-cookie-at-the-ri,episode_37,90,wrist,cookie,is_right_of,black_bowl
move-the-black-bowl-from-the-top-of-the-drawer-to-on-top-of-the-cookie-at-the-ri,episode_37,90,wrist,black_bowl,is_left_of,white_plate
move-the-black-bowl-from-the-top-of-the-drawer-to-on-top-of-the-cookie-at-the-ri,episode_37,90,wrist,white_plate,is_right_of,black_bowl
move-the-black-bowl-from-the-top-of-the-drawer-to-on-top-of-the-cookie-at-the-ri,episode_37,90,wrist,red_drawer,is_left_of,cookie
move-the-black-bowl-from-the-top-of-the-drawer-to-on-top-of-the-cookie-at-the-ri,episode_37,90,wrist,cookie,is_right_of,red_drawer
move-the-black-bowl-from-the-top-of-the-drawer-to-on-top-of-the-cookie-at-the-ri,episode_37,90,wrist,red_drawer,is_left_of,white_plate
move-the-black-bowl-from-the-top-of-the-drawer-to-on-top-of-the-cookie-at-the-ri,episode_37,90,wrist,white_plate,is_right_of,red_drawer
move-the-black-bowl-from-the-top-of-the-drawer-to-on-top-of-the-cookie-at-the-ri,episode_37,90,wrist,cookie,is_on_top_of,white_plate
move-the-black-bowl-from-the-top-of-the-drawer-to-on-top-of-the-cookie-at-the-ri,episode_37,90,wrist,white_plate,is_below_of,cookie
move-the-black-bowl-from-the-top-of-the-drawer-to-on-top-of-the-cookie-at-the-ri,episode_37,120,wrist,black_bowl,is_on_top_of,red_drawer
move-the-black-bowl-from-the-top-of-the-drawer-to-on-top-of-the-cookie-at-the-ri,episode_37,120,wrist,red_drawer,is_below_of,black_bowl
move-the-black-bowl-from-the-top-of-the-drawer-to-on-top-of-the-cookie-at-the-ri,episode_37,150,wrist,white_plate,is_on_top_of,red_drawer
move-the-black-bowl-from-the-top-of-the-drawer-to-on-top-of-the-cookie-at-the-ri,episode_37,150,wrist,red_drawer,is_below_of,white_plate
move-the-black-bowl-from-the-top-of-the-drawer-to-on-top-of-the-cookie-at-the-ri,episode_37,180,wrist,black_bowl,is_on_top_of,red_drawer
move-the-black-bowl-from-the-top-of-the-drawer-to-on-top-of-the-cookie-at-the-ri,episode_37,180,wrist,red_drawer,is_below_of,black_bowl
move-the-black-bowl-from-the-top-of-the-drawer-to-on-top-of-the-cookie-at-the-ri,episode_37,210,wrist,white_plate,is_on_top_of,black_stove
move-the-black-bowl-from-the-top-of-the-drawer-to-on-top-of-the-cookie-at-the-ri,episode_37,210,wrist,black_stove,is_below_of,white_plate
move-the-black-bowl-from-the-top-of-the-drawer-to-on-top-of-the-cookie-at-the-ri,episode_37,210,wrist,white_plate,is_left_of,red_drawer
move-the-black-bowl-from-the-top-of-the-drawer-to-on-top-of-the-cookie-at-the-ri,episode_37,210,wrist,red_drawer,is_right_of,white_plate
move-the-black-bowl-from-the-top-of-the-drawer-to-on-top-of-the-cookie-at-the-ri,episode_37,210,wrist,white_plate,is_behind,cookie
move-the-black-bowl-from-the-top-of-the-drawer-to-on-top-of-the-cookie-at-the-ri,episode_37,210,wrist,cookie,is_in_front_of,white_plate
move-the-black-bowl-from-the-top-of-the-drawer-to-on-top-of-the-cookie-at-the-ri,episode_37,210,wrist,black_stove,is_left_of,red_drawer
move-the-black-bowl-from-the-top-of-the-drawer-to-on-top-of-the-cookie-at-the-ri,episode_37,210,wrist,red_drawer,is_right_of,black_stove
move-the-black-bowl-from-the-top-of-the-drawer-to-on-top-of-the-cookie-at-the-ri,episode_37,210,wrist,black_stove,is_behind,cookie
move-the-black-bowl-from-the-top-of-the-drawer-to-on-top-of-the-cookie-at-the-ri,episode_37,210,wrist,cookie,is_in_front_of,black_stove
move-the-black-bowl-from-the-top-of-the-drawer-to-on-top-of-the-cookie-at-the-ri,episode_37,210,wrist,red_drawer,is_behind,cookie
move-the-black-bowl-from-the-top-of-the-drawer-to-on-top-of-the-cookie-at-the-ri,episode_37,210,wrist,cookie,is_in_front_of,red_drawer
move-the-black-bowl-from-the-top-of-the-drawer-to-on-top-of-the-cookie-at-the-ri,episode_37,240,wrist,black_bowl,is_on_top_of,red_drawer
move-the-black-bowl-from-the-top-of-the-drawer-to-on-top-of-the-cookie-at-the-ri,episode_37,240,wrist,red_drawer,is_below_of,black_bowl
move-the-black-bowl-from-the-top-of-the-drawer-to-on-top-of-the-cookie-at-the-ri,episode_37,240,wrist,black_bowl,is_behind,black_stove
move-the-black-bowl-from-the-top-of-the-drawer-to-on-top-of-the-cookie-at-the-ri,episode_37,240,wrist,black_stove,is_in_front_of,black_bowl
move-the-black-bowl-from-the-top-of-the-drawer-to-on-top-of-the-cookie-at-the-ri,episode_37,240,wrist,red_drawer,is_behind,black_stove
move-the-black-bowl-from-the-top-of-the-drawer-to-on-top-of-the-cookie-at-the-ri,episode_37,240,wrist,black_stove,is_in_front_of,red_drawer
move-the-black-bowl-from-the-top-of-the-drawer-to-on-top-of-the-cookie-at-the-ri,episode_37,270,wrist,black_bowl,is_on_top_of,red_drawer
move-the-black-bowl-from-the-top-of-the-drawer-to-on-top-of-the-cookie-at-the-ri,episode_37,270,wrist,red_drawer,is_below_of,black_bowl
move-the-black-bowl-from-the-top-of-the-drawer-to-on-top-of-the-cookie-at-the-ri,episode_37,270,wrist,black_bowl,is_right_of,black_stove
move-the-black-bowl-from-the-top-of-the-drawer-to-on-top-of-the-cookie-at-the-ri,episode_37,270,wrist,black_stove,is_left_of,black_bowl
move-the-black-bowl-from-the-top-of-the-drawer-to-on-top-of-the-cookie-at-the-ri,episode_37,270,wrist,red_drawer,is_right_of,black_stove
move-the-black-bowl-from-the-top-of-the-drawer-to-on-top-of-the-cookie-at-the-ri,episode_37,270,wrist,black_stove,is_left_of,red_drawer
move-the-black-bowl-from-the-top-of-the-drawer-to-on-top-of-the-cookie-at-the-ri,episode_37,300,wrist,black_bowl,is_on_top_of,red_drawer
move-the-black-bowl-from-the-top-of-the-drawer-to-on-top-of-the-cookie-at-the-ri,episode_37,300,wrist,red_drawer,is_below_of,black_bowl
move-the-black-bowl-from-the-top-of-the-drawer-to-on-top-of-the-cookie-at-the-ri,episode_37,300,wrist,black_bowl,is_right_of,black_stove
move-the-black-bowl-from-the-top-of-the-drawer-to-on-top-of-the-cookie-at-the-ri,episode_37,300,wrist,black_stove,is_left_of,black_bowl
move-the-black-bowl-from-the-top-of-the-drawer-to-on-top-of-the-cookie-at-the-ri,episode_37,300,wrist,red_drawer,is_right_of,black_stove
move-the-black-bowl-from-the-top-of-the-drawer-to-on-top-of-the-cookie-at-the-ri,episode_37,300,wrist,black_stove,is_left_of,red_drawer
move-the-black-bowl-from-the-top-of-the-drawer-to-on-top-of-the-cookie-at-the-ri,episode_37,330,wrist,black_bowl,is_on_top_of,red_drawer
move-the-black-bowl-from-the-top-of-the-drawer-to-on-top-of-the-cookie-at-the-ri,episode_37,330,wrist,red_drawer,is_below_of,black_bowl
move-the-black-bowl-from-the-top-of-the-drawer-to-on-top-of-the-cookie-at-the-ri,episode_37,360,wrist,black_bowl,is_in_front_of,red_drawer
move-the-black-bowl-from-the-top-of-the-drawer-to-on-top-of-the-cookie-at-the-ri,episode_37,360,wrist,red_drawer,is_behind,black_bowl
move-the-black-bowl-from-the-top-of-the-drawer-to-on-top-of-the-cookie-at-the-ri,episode_37,360,wrist,black_bowl,is_right_of,black_stove
move-the-black-bowl-from-the-top-of-the-drawer-to-on-top-of-the-cookie-at-the-ri,episode_37,360,wrist,black_stove,is_left_of,black_bowl
move-the-black-bowl-from-the-top-of-the-drawer-to-on-top-of-the-cookie-at-the-ri,episode_37,360,wrist,red_drawer,is_right_of,black_stove
move-the-black-bowl-from-the-top-of-the-drawer-to-on-top-of-the-cookie-at-the-ri,episode_37,360,wrist,black_stove,is_left_of,red_drawer
move-the-black-bowl-from-the-top-of-the-drawer-to-on-top-of-the-cookie-at-the-ri,episode_37,390,wrist,black_bowl,is_in_front_of,red_drawer
move-the-black-bowl-from-the-top-of-the-drawer-to-on-top-of-the-cookie-at-the-ri,episode_37,390,wrist,red_drawer,is_behind,black_bowl
move-the-black-bowl-from-the-top-of-the-drawer-to-on-top-of-the-cookie-at-the-ri,episode_37,420,wrist,black_bowl,is_right_of,cookie
move-the-black-bowl-from-the-top-of-the-drawer-to-on-top-of-the-cookie-at-the-ri,episode_37,420,wrist,cookie,is_left_of,black_bowl
move-the-black-bowl-from-the-top-of-the-drawer-to-on-top-of-the-cookie-at-the-ri,episode_37,450,wrist,black_bowl,is_on_top_of,cookie
move-the-black-bowl-from-the-top-of-the-drawer-to-on-top-of-the-cookie-at-the-ri,episode_37,450,wrist,cookie,is_below_of,black_bowl
move-the-black-bowl-from-the-top-of-the-drawer-to-on-top-of-the-cookie-at-the-ri,episode_37,480,wrist,black_bowl,is_on_top_of,red_drawer
move-the-black-bowl-from-the-top-of-the-drawer-to-on-top-of-the-cookie-at-the-ri,episode_37,480,wrist,red_drawer,is_below_of,black_bowl
move-the-black-bowl-from-the-top-of-the-drawer-to-on-top-of-the-cookie-at-the-ri,episode_37,510,wrist,black_bowl,is_on_top_of,cookie
move-the-black-bowl-from-the-top-of-the-drawer-to-on-top-of-the-cookie-at-the-ri,episode_37,510,wrist,cookie,is_below_of,black_bowl
move-the-black-bowl-from-the-top-of-the-drawer-to-on-top-of-the-cookie-at-the-ri,episode_37,540,wrist,black_bowl,is_left_of,red_drawer
move-the-black-bowl-from-the-top-of-the-drawer-to-on-top-of-the-cookie-at-the-ri,episode_37,540,wrist,red_drawer,is_right_of,black_bowl
move-the-black-bowl-from-the-top-of-the-drawer-to-on-top-of-the-cookie-at-the-ri,episode_37,540,wrist,black_bowl,is_left_of,white_plate
move-the-black-bowl-from-the-top-of-the-drawer-to-on-top-of-the-cookie-at-the-ri,episode_37,540,wrist,white_plate,is_right_of,black_bowl
move-the-black-bowl-from-the-top-of-the-drawer-to-on-top-of-the-cookie-at-the-ri,episode_37,540,wrist,red_drawer,contains,white_plate
move-the-black-bowl-from-the-top-of-the-drawer-to-on-top-of-the-cookie-at-the-ri,episode_37,540,wrist,white_plate,is_inside,red_drawer
move-the-black-bowl-from-the-top-of-the-drawer-to-on-top-of-the-cookie-at-the-ri,episode_37,570,wrist,black_bowl,is_on_top_of,red_drawer
move-the-black-bowl-from-the-top-of-the-drawer-to-on-top-of-the-cookie-at-the-ri,episode_37,570,wrist,red_drawer,is_below_of,black_bowl
move-the-black-bowl-from-the-top-of-the-drawer-to-on-top-of-the-cookie-at-the-ri,episode_37,570,wrist,black_bowl,is_left_of,white_plate
move-the-black-bowl-from-the-top-of-the-drawer-to-on-top-of-the-cookie-at-the-ri,episode_37,570,wrist,white_plate,is_right_of,black_bowl
move-the-black-bowl-from-the-top-of-the-drawer-to-on-top-of-the-cookie-at-the-ri,episode_37,570,wrist,red_drawer,is_left_of,white_plate
move-the-black-bowl-from-the-top-of-the-drawer-to-on-top-of-the-cookie-at-the-ri,episode_37,570,wrist,white_plate,is_right_of,red_drawer
move-the-black-bowl-from-the-top-of-the-drawer-to-on-top-of-the-cookie-at-the-ri,episode_37,600,wrist,black_bowl,is_on_top_of,red_drawer
move-the-black-bowl-from-the-top-of-the-drawer-to-on-top-of-the-cookie-at-the-ri,episode_37,600,wrist,red_drawer,is_below_of,black_bowl
move-the-black-bowl-from-the-top-of-the-drawer-to-on-top-of-the-cookie-at-the-ri,episode_38,0,wrist,black_bowl,is_on_top_of,red_drawer
move-the-black-bowl-from-the-top-of-the-drawer-to-on-top-of-the-cookie-at-the-ri,episode_38,0,wrist,red_drawer,is_below_of,black_bowl
move-the-black-bowl-from-the-top-of-the-drawer-to-on-top-of-the-cookie-at-the-ri,episode_38,30,wrist,white_plate,is_on_top_of,red_drawer
move-the-black-bowl-from-the-top-of-the-drawer-to-on-top-of-the-cookie-at-the-ri,episode_38,30,wrist,red_drawer,is_below_of,white_plate
move-the-black-bowl-from-the-top-of-the-drawer-to-on-top-of-the-cookie-at-the-ri,episode_38,60,wrist,black_bowl,is_on_top_of,red_drawer
move-the-black-bowl-from-the-top-of-the-drawer-to-on-top-of-the-cookie-at-the-ri,episode_38,60,wrist,red_drawer,is_below_of,black_bowl
move-the-black-bowl-from-the-top-of-the-drawer-to-on-top-of-the-cookie-at-the-ri,episode_38,90,wrist,white_plate,is_on_top_of,red_drawer
move-the-black-bowl-from-the-top-of-the-drawer-to-on-top-of-the-cookie-at-the-ri,episode_38,90,wrist,red_drawer,is_below_of,white_plate
move-the-black-bowl-from-the-top-of-the-drawer-to-on-top-of-the-cookie-at-the-ri,episode_38,120,wrist,white_plate,is_on_top_of,black_stove
move-the-black-bowl-from-the-top-of-the-drawer-to-on-top-of-the-cookie-at-the-ri,episode_38,120,wrist,black_stove,is_below_of,white_plate
move-the-black-bowl-from-the-top-of-the-drawer-to-on-top-of-the-cookie-at-the-ri,episode_38,120,wrist,white_plate,is_in_front_of,red_drawer
move-the-black-bowl-from-the-top-of-the-drawer-to-on-top-of-the-cookie-at-the-ri,episode_38,120,wrist,red_drawer,is_behind,white_plate
move-the-black-bowl-from-the-top-of-the-drawer-to-on-top-of-the-cookie-at-the-ri,episode_38,120,wrist,black_stove,is_in_front_of,red_drawer
move-the-black-bowl-from-the-top-of-the-drawer-to-on-top-of-the-cookie-at-the-ri,episode_38,120,wrist,red_drawer,is_behind,black_stove
move-the-black-bowl-from-the-top-of-the-drawer-to-on-top-of-the-cookie-at-the-ri,episode_38,150,wrist,black_bowl,is_on_top_of,red_drawer
move-the-black-bowl-from-the-top-of-the-drawer-to-on-top-of-the-cookie-at-the-ri,episode_38,150,wrist,red_drawer,is_below_of,black_bowl
move-the-black-bowl-from-the-top-of-the-drawer-to-on-top-of-the-cookie-at-the-ri,episode_38,150,wrist,black_bowl,is_behind,black_stove
move-the-black-bowl-from-the-top-of-the-drawer-to-on-top-of-the-cookie-at-the-ri,episode_38,150,wrist,black_stove,is_in_front_of,black_bowl
move-the-black-bowl-from-the-top-of-the-drawer-to-on-top-of-the-cookie-at-the-ri,episode_38,150,wrist,black_bowl,is_behind,cookie
move-the-black-bowl-from-the-top-of-the-drawer-to-on-top-of-the-cookie-at-the-ri,episode_38,150,wrist,cookie,is_in_front_of,black_bowl
move-the-black-bowl-from-the-top-of-the-drawer-to-on-top-of-the-cookie-at-the-ri,episode_38,150,wrist,black_bowl,is_behind,white_plate
move-the-black-bowl-from-the-top-of-the-drawer-to-on-top-of-the-cookie-at-the-ri,episode_38,150,wrist,white_plate,is_in_front_of,black_bowl
move-the-black-bowl-from-the-top-of-the-drawer-to-on-top-of-the-cookie-at-the-ri,episode_38,150,wrist,red_drawer,is_behind,black_stove
move-the-black-bowl-from-the-top-of-the-drawer-to-on-top-of-the-cookie-at-the-ri,episode_38,150,wrist,black_stove,is_in_front_of,red_drawer
move-the-black-bowl-from-the-top-of-the-drawer-to-on-top-of-the-cookie-at-the-ri,episode_38,150,wrist,red_drawer,is_behind,cookie
move-the-black-bowl-from-the-top-of-the-drawer-to-on-top-of-the-cookie-at-the-ri,episode_38,150,wrist,cookie,is_in_front_of,red_drawer
move-the-black-bowl-from-the-top-of-the-drawer-to-on-top-of-the-cookie-at-the-ri,episode_38,150,wrist,red_drawer,is_behind,white_plate
move-the-black-bowl-from-the-top-of-the-drawer-to-on-top-of-the-cookie-at-the-ri,episode_38,150,wrist,white_plate,is_in_front_of,red_drawer
move-the-black-bowl-from-the-top-of-the-drawer-to-on-top-of-the-cookie-at-the-ri,episode_38,150,wrist,black_stove,is_left_of,cookie
move-the-black-bowl-from-the-top-of-the-drawer-to-on-top-of-the-cookie-at-the-ri,episode_38,150,wrist,cookie,is_right_of,black_stove
move-the-black-bowl-from-the-top-of-the-drawer-to-on-top-of-the-cookie-at-the-ri,episode_38,150,wrist,black_stove,is_left_of,white_plate
move-the-black-bowl-from-the-top-of-the-drawer-to-on-top-of-the-cookie-at-the-ri,episode_38,150,wrist,white_plate,is_right_of,black_stove
move-the-black-bowl-from-the-top-of-the-drawer-to-on-top-of-the-cookie-at-the-ri,episode_38,150,wrist,cookie,is_on_top_of,white_plate
move-the-black-bowl-from-the-top-of-the-drawer-to-on-top-of-the-cookie-at-the-ri,episode_38,150,wrist,white_plate,is_below_of,cookie
move-the-black-bowl-from-the-top-of-the-drawer-to-on-top-of-the-cookie-at-the-ri,episode_38,180,wrist,black_bowl,is_on_top_of,red_drawer
move-the-black-bowl-from-the-top-of-the-drawer-to-on-top-of-the-cookie-at-the-ri,episode_38,180,wrist,red_drawer,is_below_of,black_bowl
move-the-black-bowl-from-the-top-of-the-drawer-to-on-top-of-the-cookie-at-the-ri,episode_38,180,wrist,black_bowl,is_behind,black_stove
move-the-black-bowl-from-the-top-of-the-drawer-to-on-top-of-the-cookie-at-the-ri,episode_38,180,wrist,black_stove,is_in_front_of,black_bowl
move-the-black-bowl-from-the-top-of-the-drawer-to-on-top-of-the-cookie-at-the-ri,episode_38,180,wrist,black_bowl,is_behind,white_plate
move-the-black-bowl-from-the-top-of-the-drawer-to-on-top-of-the-cookie-at-the-ri,episode_38,180,wrist,white_plate,is_in_front_of,black_bowl
move-the-black-bowl-from-the-top-of-the-drawer-to-on-top-of-the-cookie-at-the-ri,episode_38,180,wrist,red_drawer,is_behind,black_stove
move-the-black-bowl-from-the-top-of-the-drawer-to-on-top-of-the-cookie-at-the-ri,episode_38,180,wrist,black_stove,is_in_front_of,red_drawer
move-the-black-bowl-from-the-top-of-the-drawer-to-on-top-of-the-cookie-at-the-ri,episode_38,180,wrist,red_drawer,is_behind,white_plate
move-the-black-bowl-from-the-top-of-the-drawer-to-on-top-of-the-cookie-at-the-ri,episode_38,180,wrist,white_plate,is_in_front_of,red_drawer
move-the-black-bowl-from-the-top-of-the-drawer-to-on-top-of-the-cookie-at-the-ri,episode_38,180,wrist,black_stove,contains,white_plate
move-the-black-bowl-from-the-top-of-the-drawer-to-on-top-of-the-cookie-at-the-ri,episode_38,180,wrist,white_plate,is_inside,black_stove
move-the-black-bowl-from-the-top-of-the-drawer-to-on-top-of-the-cookie-at-the-ri,episode_38,210,wrist,black_bowl,is_in_front_of,red_drawer
move-the-black-bowl-from-the-top-of-the-drawer-to-on-top-of-the-cookie-at-the-ri,episode_38,210,wrist,red_drawer,is_behind,black_bowl
move-the-black-bowl-from-the-top-of-the-drawer-to-on-top-of-the-cookie-at-the-ri,episode_38,210,wrist,black_bowl,is_right_of,black_stove
move-the-black-bowl-from-the-top-of-the-drawer-to-on-top-of-the-cookie-at-the-ri,episode_38,210,wrist,black_stove,is_left_of,black_bowl
move-the-black-bowl-from-the-top-of-the-drawer-to-on-top-of-the-cookie-at-the-ri,episode_38,210,wrist,black_bowl,is_right_of,cookie
move-the-black-bowl-from-the-top-of-the-drawer-to-on-top-of-the-cookie-at-the-ri,episode_38,210,wrist,cookie,is_left_of,black_bowl
move-the-black-bowl-from-the-top-of-the-drawer-to-on-top-of-the-cookie-at-the-ri,episode_38,210,wrist,black_bowl,is_right_of,white_plate
move-the-black-bowl-from-the-top-of-the-drawer-to-on-top-of-the-cookie-at-the-ri,episode_38,210,wrist,white_plate,is_left_of,black_bowl
move-the-black-bowl-from-the-top-of-the-drawer-to-on-top-of-the-cookie-at-the-ri,episode_38,210,wrist,red_drawer,is_right_of,black_stove
move-the-black-bowl-from-the-top-of-the-drawer-to-on-top-of-the-cookie-at-the-ri,episode_38,210,wrist,black_stove,is_left_of,red_drawer
move-the-black-bowl-from-the-top-of-the-drawer-to-on-top-of-the-cookie-at-the-ri,episode_38,210,wrist,red_drawer,is_right_of,cookie
move-the-black-bowl-from-the-top-of-the-drawer-to-on-top-of-the-cookie-at-the-ri,episode_38,210,wrist,cookie,is_left_of,red_drawer
move-the-black-bowl-from-the-top-of-the-drawer-to-on-top-of-the-cookie-at-the-ri,episode_38,210,wrist,red_drawer,is_right_of,white_plate
move-the-black-bowl-from-the-top-of-the-drawer-to-on-top-of-the-cookie-at-the-ri,episode_38,210,wrist,white_plate,is_left_of,red_drawer
move-the-black-bowl-from-the-top-of-the-drawer-to-on-top-of-the-cookie-at-the-ri,episode_38,210,wrist,black_stove,is_behind,cookie
move-the-black-bowl-from-the-top-of-the-drawer-to-on-top-of-the-cookie-at-the-ri,episode_38,210,wrist,cookie,is_in_front_of,black_stove
move-the-black-bowl-from-the-top-of-the-drawer-to-on-top-of-the-cookie-at-the-ri,episode_38,210,wrist,black_stove,is_behind,white_plate
move-the-black-bowl-from-the-top-of-the-drawer-to-on-top-of-the-cookie-at-the-ri,episode_38,210,wrist,white_plate,is_in_front_of,black_stove
move-the-black-bowl-from-the-top-of-the-drawer-to-on-top-of-the-cookie-at-the-ri,episode_38,210,wrist,cookie,is_on_top_of,white_plate
move-the-black-bowl-from-the-top-of-the-drawer-to-on-top-of-the-cookie-at-the-ri,episode_38,210,wrist,white_plate,is_below_of,cookie
move-the-black-bowl-from-the-top-of-the-drawer-to-on-top-of-the-cookie-at-the-ri,episode_38,240,wrist,black_bowl,is_in_front_of,red_drawer
move-the-black-bowl-from-the-top-of-the-drawer-to-on-top-of-the-cookie-at-the-ri,episode_38,240,wrist,red_drawer,is_behind,black_bowl
move-the-black-bowl-from-the-top-of-the-drawer-to-on-top-of-the-cookie-at-the-ri,episode_38,240,wrist,black_bowl,is_right_of,black_stove
move-the-black-bowl-from-the-top-of-the-drawer-to-on-top-of-the-cookie-at-the-ri,episode_38,240,wrist,black_stove,is_left_of,black_bowl
move-the-black-bowl-from-the-top-of-the-drawer-to-on-top-of-the-cookie-at-the-ri,episode_38,240,wrist,black_bowl,is_right_of,cookie
move-the-black-bowl-from-the-top-of-the-drawer-to-on-top-of-the-cookie-at-the-ri,episode_38,240,wrist,cookie,is_left_of,black_bowl
move-the-black-bowl-from-the-top-of-the-drawer-to-on-top-of-the-cookie-at-the-ri,episode_38,240,wrist,black_bowl,is_right_of,white_plate
move-the-black-bowl-from-the-top-of-the-drawer-to-on-top-of-the-cookie-at-the-ri,episode_38,240,wrist,white_plate,is_left_of,black_bowl
move-the-black-bowl-from-the-top-of-the-drawer-to-on-top-of-the-cookie-at-the-ri,episode_38,240,wrist,red_drawer,is_right_of,black_stove
move-the-black-bowl-from-the-top-of-the-drawer-to-on-top-of-the-cookie-at-the-ri,episode_38,240,wrist,black_stove,is_left_of,red_drawer
move-the-black-bowl-from-the-top-of-the-drawer-to-on-top-of-the-cookie-at-the-ri,episode_38,240,wrist,red_drawer,is_right_of,cookie
move-the-black-bowl-from-the-top-of-the-drawer-to-on-top-of-the-cookie-at-the-ri,episode_38,240,wrist,cookie,is_left_of,red_drawer
move-the-black-bowl-from-the-top-of-the-drawer-to-on-top-of-the-cookie-at-the-ri,episode_38,240,wrist,red_drawer,is_right_of,white_plate
move-the-black-bowl-from-the-top-of-the-drawer-to-on-top-of-the-cookie-at-the-ri,episode_38,240,wrist,white_plate,is_left_of,red_drawer
move-the-black-bowl-from-the-top-of-the-drawer-to-on-top-of-the-cookie-at-the-ri,episode_38,240,wrist,black_stove,is_behind,cookie
move-the-black-bowl-from-the-top-of-the-drawer-to-on-top-of-the-cookie-at-the-ri,episode_38,240,wrist,cookie,is_in_front_of,black_stove
move-the-black-bowl-from-the-top-of-the-drawer-to-on-top-of-the-cookie-at-the-ri,episode_38,240,wrist,black_stove,is_behind,white_plate
move-the-black-bowl-from-the-top-of-the-drawer-to-on-top-of-the-cookie-at-the-ri,episode_38,240,wrist,white_plate,is_in_front_of,black_stove
move-the-black-bowl-from-the-top-of-the-drawer-to-on-top-of-the-cookie-at-the-ri,episode_38,240,wrist,cookie,is_on_top_of,white_plate
move-the-black-bowl-from-the-top-of-the-drawer-to-on-top-of-the-cookie-at-the-ri,episode_38,240,wrist,white_plate,is_below_of,cookie
move-the-black-bowl-from-the-top-of-the-drawer-to-on-top-of-the-cookie-at-the-ri,episode_38,270,wrist,black_bowl,is_in_front_of,red_drawer
move-the-black-bowl-from-the-top-of-the-drawer-to-on-top-of-the-cookie-at-the-ri,episode_38,270,wrist,red_drawer,is_behind,black_bowl
move-the-black-bowl-from-the-top-of-the-drawer-to-on-top-of-the-cookie-at-the-ri,episode_38,270,wrist,black_bowl,is_right_of,black_stove
move-the-black-bowl-from-the-top-of-the-drawer-to-on-top-of-the-cookie-at-the-ri,episode_38,270,wrist,black_stove,is_left_of,black_bowl
move-the-black-bowl-from-the-top-of-the-drawer-to-on-top-of-the-cookie-at-the-ri,episode_38,270,wrist,black_bowl,is_right_of,cookie
move-the-black-bowl-from-the-top-of-the-drawer-to-on-top-of-the-cookie-at-the-ri,episode_38,270,wrist,cookie,is_left_of,black_bowl
move-the-black-bowl-from-the-top-of-the-drawer-to-on-top-of-the-cookie-at-the-ri,episode_38,270,wrist,black_bowl,is_right_of,white_plate
move-the-black-bowl-from-the-top-of-the-drawer-to-on-top-of-the-cookie-at-the-ri,episode_38,270,wrist,white_plate,is_left_of,black_bowl
move-the-black-bowl-from-the-top-of-the-drawer-to-on-top-of-the-cookie-at-the-ri,episode_38,270,wrist,red_drawer,is_behind,black_stove
move-the-black-bowl-from-the-top-of-the-drawer-to-on-top-of-the-cookie-at-the-ri,episode_38,270,wrist,black_stove,is_in_front_of,red_drawer
move-the-black-bowl-from-the-top-of-the-drawer-to-on-top-of-the-cookie-at-the-ri,episode_38,270,wrist,red_drawer,is_behind,cookie
move-the-black-bowl-from-the-top-of-the-drawer-to-on-top-of-the-cookie-at-the-ri,episode_38,270,wrist,cookie,is_in_front_of,red_drawer
move-the-black-bowl-from-the-top-of-the-drawer-to-on-top-of-the-cookie-at-the-ri,episode_38,270,wrist,red_drawer,is_behind,white_plate
move-the-black-bowl-from-the-top-of-the-drawer-to-on-top-of-the-cookie-at-the-ri,episode_38,270,wrist,white_plate,is_in_front_of,red_drawer
move-the-black-bowl-from-the-top-of-the-drawer-to-on-top-of-the-cookie-at-the-ri,episode_38,270,wrist,black_stove,is_left_of,cookie
move-the-black-bowl-from-the-top-of-the-drawer-to-on-top-of-the-cookie-at-the-ri,episode_38,270,wrist,cookie,is_right_of,black_stove
move-the-black-bowl-from-the-top-of-the-drawer-to-on-top-of-the-cookie-at-the-ri,episode_38,270,wrist,black_stove,is_left_of,white_plate
move-the-black-bowl-from-the-top-of-the-drawer-to-on-top-of-the-cookie-at-the-ri,episode_38,270,wrist,white_plate,is_right_of,black_stove
move-the-black-bowl-from-the-top-of-the-drawer-to-on-top-of-the-cookie-at-the-ri,episode_38,270,wrist,cookie,is_on_top_of,white_plate
move-the-black-bowl-from-the-top-of-the-drawer-to-on-top-of-the-cookie-at-the-ri,episode_38,270,wrist,white_plate,is_below_of,cookie
move-the-black-bowl-from-the-top-of-the-drawer-to-on-top-of-the-cookie-at-the-ri,episode_38,300,wrist,black_bowl,is_in_front_of,red_drawer
move-the-black-bowl-from-the-top-of-the-drawer-to-on-top-of-the-cookie-at-the-ri,episode_38,300,wrist,red_drawer,is_behind,black_bowl
move-the-black-bowl-from-the-top-of-the-drawer-to-on-top-of-the-cookie-at-the-ri,episode_38,300,wrist,black_bowl,is_in_front_of,black_stove
move-the-black-bowl-from-the-top-of-the-drawer-to-on-top-of-the-cookie-at-the-ri,episode_38,300,wrist,black_stove,is_behind,black_bowl
move-the-black-bowl-from-the-top-of-the-drawer-to-on-top-of-the-cookie-at-the-ri,episode_38,300,wrist,red_drawer,is_behind,black_stove
move-the-black-bowl-from-the-top-of-the-drawer-to-on-top-of-the-cookie-at-the-ri,episode_38,300,wrist,black_stove,is_in_front_of,red_drawer
move-the-black-bowl-from-the-top-of-the-drawer-to-on-top-of-the-cookie-at-the-ri,episode_38,330,wrist,black_bowl,is_behind,cookie
move-the-black-bowl-from-the-top-of-the-drawer-to-on-top-of-the-cookie-at-the-ri,episode_38,330,wrist,cookie,is_in_front_of,black_bowl
move-the-black-bowl-from-the-top-of-the-drawer-to-on-top-of-the-cookie-at-the-ri,episode_38,360,wrist,black_bowl,is_behind,cookie
move-the-black-bowl-from-the-top-of-the-drawer-to-on-top-of-the-cookie-at-the-ri,episode_38,360,wrist,cookie,is_in_front_of,black_bowl
move-the-black-bowl-from-the-top-of-the-drawer-to-on-top-of-the-cookie-at-the-ri,episode_38,390,wrist,black_bowl,is_on_top_of,cookie
move-the-black-bowl-from-the-top-of-the-drawer-to-on-top-of-the-cookie-at-the-ri,episode_38,390,wrist,cookie,is_below_of,black_bowl
move-the-black-bowl-from-the-top-of-the-drawer-to-on-top-of-the-cookie-at-the-ri,episode_38,420,wrist,black_bowl,is_on_top_of,red_drawer
move-the-black-bowl-from-the-top-of-the-drawer-to-on-top-of-the-cookie-at-the-ri,episode_38,420,wrist,red_drawer,is_below_of,black_bowl
move-the-black-bowl-from-the-top-of-the-drawer-to-on-top-of-the-cookie-at-the-ri,episode_38,450,wrist,black_bowl,is_left_of,red_drawer
move-the-black-bowl-from-the-top-of-the-drawer-to-on-top-of-the-cookie-at-the-ri,episode_38,450,wrist,red_drawer,is_right_of,black_bowl
move-the-black-bowl-from-the-top-of-the-drawer-to-on-top-of-the-cookie-at-the-ri,episode_38,480,wrist,black_bowl,is_on_top_of,red_drawer
move-the-black-bowl-from-the-top-of-the-drawer-to-on-top-of-the-cookie-at-the-ri,episode_38,480,wrist,red_drawer,is_below_of,black_bowl
move-the-black-bowl-from-the-top-of-the-drawer-to-on-top-of-the-cookie-at-the-ri,episode_38,510,wrist,black_bowl,is_on_top_of,red_drawer
move-the-black-bowl-from-the-top-of-the-drawer-to-on-top-of-the-cookie-at-the-ri,episode_38,510,wrist,red_drawer,is_below_of,black_bowl
move-the-black-bowl-from-the-top-of-the-drawer-to-on-top-of-the-cookie-at-the-ri,episode_39,0,wrist,black_bowl,is_on_top_of,red_drawer
move-the-black-bowl-from-the-top-of-the-drawer-to-on-top-of-the-cookie-at-the-ri,episode_39,0,wrist,red_drawer,is_below_of,black_bowl
move-the-black-bowl-from-the-top-of-the-drawer-to-on-top-of-the-cookie-at-the-ri,episode_39,0,wrist,black_bowl,is_left_of,white_plate
move-the-black-bowl-from-the-top-of-the-drawer-to-on-top-of-the-cookie-at-the-ri,episode_39,0,wrist,white_plate,is_right_of,black_bowl
move-the-black-bowl-from-the-top-of-the-drawer-to-on-top-of-the-cookie-at-the-ri,episode_39,0,wrist,red_drawer,is_left_of,white_plate
move-the-black-bowl-from-the-top-of-the-drawer-to-on-top-of-the-cookie-at-the-ri,episode_39,0,wrist,white_plate,is_right_of,red_drawer
move-the-black-bowl-from-the-top-of-the-drawer-to-on-top-of-the-cookie-at-the-ri,episode_39,30,wrist,black_bowl,is_on_top_of,red_drawer
move-the-black-bowl-from-the-top-of-the-drawer-to-on-top-of-the-cookie-at-the-ri,episode_39,30,wrist,red_drawer,is_below_of,black_bowl
move-the-black-bowl-from-the-top-of-the-drawer-to-on-top-of-the-cookie-at-the-ri,episode_39,30,wrist,black_bowl,is_left_of,white_plate
move-the-black-bowl-from-the-top-of-the-drawer-to-on-top-of-the-cookie-at-the-ri,episode_39,30,wrist,white_plate,is_right_of,black_bowl
move-the-black-bowl-from-the-top-of-the-drawer-to-on-top-of-the-cookie-at-the-ri,episode_39,30,wrist,red_drawer,is_left_of,white_plate
move-the-black-bowl-from-the-top-of-the-drawer-to-on-top-of-the-cookie-at-the-ri,episode_39,30,wrist,white_plate,is_right_of,red_drawer
move-the-black-bowl-from-the-top-of-the-drawer-to-on-top-of-the-cookie-at-the-ri,episode_39,60,wrist,black_bowl,is_on_top_of,red_drawer
move-the-black-bowl-from-the-top-of-the-drawer-to-on-top-of-the-cookie-at-the-ri,episode_39,60,wrist,red_drawer,is_below_of,black_bowl
move-the-black-bowl-from-the-top-of-the-drawer-to-on-top-of-the-cookie-at-the-ri,episode_39,60,wrist,black_bowl,is_left_of,white_plate
move-the-black-bowl-from-the-top-of-the-drawer-to-on-top-of-the-cookie-at-the-ri,episode_39,60,wrist,white_plate,is_right_of,black_bowl
move-the-black-bowl-from-the-top-of-the-drawer-to-on-top-of-the-cookie-at-the-ri,episode_39,60,wrist,red_drawer,is_left_of,white_plate
move-the-black-bowl-from-the-top-of-the-drawer-to-on-top-of-the-cookie-at-the-ri,episode_39,60,wrist,white_plate,is_right_of,red_drawer
move-the-black-bowl-from-the-top-of-the-drawer-to-on-top-of-the-cookie-at-the-ri,episode_39,90,wrist,black_bowl,is_on_top_of,red_drawer
move-the-black-bowl-from-the-top-of-the-drawer-to-on-top-of-the-cookie-at-the-ri,episode_39,90,wrist,red_drawer,is_below_of,black_bowl
move-the-black-bowl-from-the-top-of-the-drawer-to-on-top-of-the-cookie-at-the-ri,episode_39,90,wrist,black_bowl,is_left_of,white_plate
move-the-black-bowl-from-the-top-of-the-drawer-to-on-top-of-the-cookie-at-the-ri,episode_39,90,wrist,white_plate,is_right_of,black_bowl
move-the-black-bowl-from-the-top-of-the-drawer-to-on-top-of-the-cookie-at-the-ri,episode_39,90,wrist,red_drawer,is_left_of,white_plate
move-the-black-bowl-from-the-top-of-the-drawer-to-on-top-of-the-cookie-at-the-ri,episode_39,90,wrist,white_plate,is_right_of,red_drawer
move-the-black-bowl-from-the-top-of-the-drawer-to-on-top-of-the-cookie-at-the-ri,episode_39,120,wrist,black_bowl,is_on_top_of,red_drawer
move-the-black-bowl-from-the-top-of-the-drawer-to-on-top-of-the-cookie-at-the-ri,episode_39,120,wrist,red_drawer,is_below_of,black_bowl
move-the-black-bowl-from-the-top-of-the-drawer-to-on-top-of-the-cookie-at-the-ri,episode_39,120,wrist,black_bowl,is_left_of,cookie
move-the-black-bowl-from-the-top-of-the-drawer-to-on-top-of-the-cookie-at-the-ri,episode_39,120,wrist,cookie,is_right_of,black_bowl
move-the-black-bowl-from-the-top-of-the-drawer-to-on-top-of-the-cookie-at-the-ri,episode_39,120,wrist,black_bowl,is_left_of,white_plate
move-the-black-bowl-from-the-top-of-the-drawer-to-on-top-of-the-cookie-at-the-ri,episode_39,120,wrist,white_plate,is_right_of,black_bowl
move-the-black-bowl-from-the-top-of-the-drawer-to-on-top-of-the-cookie-at-the-ri,episode_39,120,wrist,black_bowl,is_behind,black_stove
move-the-black-bowl-from-the-top-of-the-drawer-to-on-top-of-the-cookie-at-the-ri,episode_39,120,wrist,black_stove,is_in_front_of,black_bowl
move-the-black-bowl-from-the-top-of-the-drawer-to-on-top-of-the-cookie-at-the-ri,episode_39,120,wrist,red_drawer,is_left_of,cookie
move-the-black-bowl-from-the-top-of-the-drawer-to-on-top-of-the-cookie-at-the-ri,episode_39,120,wrist,cookie,is_right_of,red_drawer
move-the-black-bowl-from-the-top-of-the-drawer-to-on-top-of-the-cookie-at-the-ri,episode_39,120,wrist,red_drawer,is_left_of,white_plate
move-the-black-bowl-from-the-top-of-the-drawer-to-on-top-of-the-cookie-at-the-ri,episode_39,120,wrist,white_plate,is_right_of,red_drawer
move-the-black-bowl-from-the-top-of-the-drawer-to-on-top-of-the-cookie-at-the-ri,episode_39,120,wrist,red_drawer,is_behind,black_stove
move-the-black-bowl-from-the-top-of-the-drawer-to-on-top-of-the-cookie-at-the-ri,episode_39,120,wrist,black_stove,is_in_front_of,red_drawer
move-the-black-bowl-from-the-top-of-the-drawer-to-on-top-of-the-cookie-at-the-ri,episode_39,120,wrist,cookie,is_on_top_of,white_plate
move-the-black-bowl-from-the-top-of-the-drawer-to-on-top-of-the-cookie-at-the-ri,episode_39,120,wrist,white_plate,is_below_of,cookie
move-the-black-bowl-from-the-top-of-the-drawer-to-on-top-of-the-cookie-at-the-ri,episode_39,120,wrist,cookie,is_behind,black_stove
move-the-black-bowl-from-the-top-of-the-drawer-to-on-top-of-the-cookie-at-the-ri,episode_39,120,wrist,black_stove,is_in_front_of,cookie
move-the-black-bowl-from-the-top-of-the-drawer-to-on-top-of-the-cookie-at-the-ri,episode_39,120,wrist,white_plate,is_behind,black_stove
move-the-black-bowl-from-the-top-of-the-drawer-to-on-top-of-the-cookie-at-the-ri,episode_39,120,wrist,black_stove,is_in_front_of,white_plate
move-the-black-bowl-from-the-top-of-the-drawer-to-on-top-of-the-cookie-at-the-ri,episode_39,150,wrist,black_bowl,is_on_top_of,red_drawer
move-the-black-bowl-from-the-top-of-the-drawer-to-on-top-of-the-cookie-at-the-ri,episode_39,150,wrist,red_drawer,is_below_of,black_bowl
move-the-black-bowl-from-the-top-of-the-drawer-to-on-top-of-the-cookie-at-the-ri,episode_39,150,wrist,black_bowl,is_behind,black_stove
move-the-black-bowl-from-the-top-of-the-drawer-to-on-top-of-the-cookie-at-the-ri,episode_39,150,wrist,black_stove,is_in_front_of,black_bowl
move-the-black-bowl-from-the-top-of-the-drawer-to-on-top-of-the-cookie-at-the-ri,episode_39,150,wrist,black_bowl,is_behind,cookie
move-the-black-bowl-from-the-top-of-the-drawer-to-on-top-of-the-cookie-at-the-ri,episode_39,150,wrist,cookie,is_in_front_of,black_bowl
move-the-black-bowl-from-the-top-of-the-drawer-to-on-top-of-the-cookie-at-the-ri,episode_39,150,wrist,black_bowl,is_behind,white_plate
move-the-black-bowl-from-the-top-of-the-drawer-to-on-top-of-the-cookie-at-the-ri,episode_39,150,wrist,white_plate,is_in_front_of,black_bowl
move-the-black-bowl-from-the-top-of-the-drawer-to-on-top-of-the-cookie-at-the-ri,episode_39,150,wrist,red_drawer,is_behind,black_stove
move-the-black-bowl-from-the-top-of-the-drawer-to-on-top-of-the-cookie-at-the-ri,episode_39,150,wrist,black_stove,is_in_front_of,red_drawer
move-the-black-bowl-from-the-top-of-the-drawer-to-on-top-of-the-cookie-at-the-ri,episode_39,150,wrist,red_drawer,is_behind,cookie
move-the-black-bowl-from-the-top-of-the-drawer-to-on-top-of-the-cookie-at-the-ri,episode_39,150,wrist,cookie,is_in_front_of,red_drawer
move-the-black-bowl-from-the-top-of-the-drawer-to-on-top-of-the-cookie-at-the-ri,episode_39,150,wrist,red_drawer,is_behind,white_plate
move-the-black-bowl-from-the-top-of-the-drawer-to-on-top-of-the-cookie-at-the-ri,episode_39,150,wrist,white_plate,is_in_front_of,red_drawer
move-the-black-bowl-from-the-top-of-the-drawer-to-on-top-of-the-cookie-at-the-ri,episode_39,150,wrist,black_stove,is_behind,cookie
move-the-black-bowl-from-the-top-of-the-drawer-to-on-top-of-the-cookie-at-the-ri,episode_39,150,wrist,cookie,is_in_front_of,black_stove
move-the-black-bowl-from-the-top-of-the-drawer-to-on-top-of-the-cookie-at-the-ri,episode_39,150,wrist,black_stove,is_behind,white_plate
move-the-black-bowl-from-the-top-of-the-drawer-to-on-top-of-the-cookie-at-the-ri,episode_39,150,wrist,white_plate,is_in_front_of,black_stove
move-the-black-bowl-from-the-top-of-the-drawer-to-on-top-of-the-cookie-at-the-ri,episode_39,150,wrist,cookie,is_on_top_of,white_plate
move-the-black-bowl-from-the-top-of-the-drawer-to-on-top-of-the-cookie-at-the-ri,episode_39,150,wrist,white_plate,is_below_of,cookie
move-the-black-bowl-from-the-top-of-the-drawer-to-on-top-of-the-cookie-at-the-ri,episode_39,180,wrist,black_bowl,is_on_top_of,red_drawer
move-the-black-bowl-from-the-top-of-the-drawer-to-on-top-of-the-cookie-at-the-ri,episode_39,180,wrist,red_drawer,is_below_of,black_bowl
move-the-black-bowl-from-the-top-of-the-drawer-to-on-top-of-the-cookie-at-the-ri,episode_39,180,wrist,black_bowl,is_behind,black_stove
move-the-black-bowl-from-the-top-of-the-drawer-to-on-top-of-the-cookie-at-the-ri,episode_39,180,wrist,black_stove,is_in_front_of,black_bowl
move-the-black-bowl-from-the-top-of-the-drawer-to-on-top-of-the-cookie-at-the-ri,episode_39,180,wrist,red_drawer,is_behind,black_stove
move-the-black-bowl-from-the-top-of-the-drawer-to-on-top-of-the-cookie-at-the-ri,episode_39,180,wrist,black_stove,is_in_front_of,red_drawer
move-the-black-bowl-from-the-top-of-the-drawer-to-on-top-of-the-cookie-at-the-ri,episode_39,210,wrist,black_bowl,is_on_top_of,red_drawer
move-the-black-bowl-from-the-top-of-the-drawer-to-on-top-of-the-cookie-at-the-ri,episode_39,210,wrist,red_drawer,is_below_of,black_bowl
move-the-black-bowl-from-the-top-of-the-drawer-to-on-top-of-the-cookie-at-the-ri,episode_39,210,wrist,black_bowl,is_right_of,black_stove
move-the-black-bowl-from-the-top-of-the-drawer-to-on-top-of-the-cookie-at-the-ri,episode_39,210,wrist,black_stove,is_left_of,black_bowl
move-the-black-bowl-from-the-top-of-the-drawer-to-on-top-of-the-cookie-at-the-ri,episode_39,210,wrist,red_drawer,is_right_of,black_stove
move-the-black-bowl-from-the-top-of-the-drawer-to-on-top-of-the-cookie-at-the-ri,episode_39,210,wrist,black_stove,is_left_of,red_drawer
move-the-black-bowl-from-the-top-of-the-drawer-to-on-top-of-the-cookie-at-the-ri,episode_39,240,wrist,black_bowl,is_in_front_of,red_drawer
move-the-black-bowl-from-the-top-of-the-drawer-to-on-top-of-the-cookie-at-the-ri,episode_39,240,wrist,red_drawer,is_behind,black_bowl
move-the-black-bowl-from-the-top-of-the-drawer-to-on-top-of-the-cookie-at-the-ri,episode_39,240,wrist,black_bowl,is_in_front_of,black_stove
move-the-black-bowl-from-the-top-of-the-drawer-to-on-top-of-the-cookie-at-the-ri,episode_39,240,wrist,black_stove,is_behind,black_bowl
move-the-black-bowl-from-the-top-of-the-drawer-to-on-top-of-the-cookie-at-the-ri,episode_39,240,wrist,red_drawer,is_behind,black_stove
move-the-black-bowl-from-the-top-of-the-drawer-to-on-top-of-the-cookie-at-the-ri,episode_39,240,wrist,black_stove,is_in_front_of,red_drawer
move-the-black-bowl-from-the-top-of-the-drawer-to-on-top-of-the-cookie-at-the-ri,episode_39,270,wrist,black_bowl,is_right_of,cookie
move-the-black-bowl-from-the-top-of-the-drawer-to-on-top-of-the-cookie-at-the-ri,episode_39,270,wrist,cookie,is_left_of,black_bowl
move-the-black-bowl-from-the-top-of-the-drawer-to-on-top-of-the-cookie-at-the-ri,episode_39,300,wrist,black_bowl,is_behind,cookie
move-the-black-bowl-from-the-top-of-the-drawer-to-on-top-of-the-cookie-at-the-ri,episode_39,300,wrist,cookie,is_in_front_of,black_bowl
move-the-black-bowl-from-the-top-of-the-drawer-to-on-top-of-the-cookie-at-the-ri,episode_39,330,wrist,black_bowl,is_behind,cookie
move-the-black-bowl-from-the-top-of-the-drawer-to-on-top-of-the-cookie-at-the-ri,episode_39,330,wrist,cookie,is_in_front_of,black_bowl
move-the-black-bowl-from-the-top-of-the-drawer-to-on-top-of-the-cookie-at-the-ri,episode_39,360,wrist,black_bowl,is_behind,cookie
move-the-black-bowl-from-the-top-of-the-drawer-to-on-top-of-the-cookie-at-the-ri,episode_39,360,wrist,cookie,is_in_front_of,black_bowl
move-the-black-bowl-from-the-top-of-the-drawer-to-on-top-of-the-cookie-at-the-ri,episode_39,390,wrist,black_bowl,is_on_top_of,red_drawer
move-the-black-bowl-from-the-top-of-the-drawer-to-on-top-of-the-cookie-at-the-ri,episode_39,390,wrist,red_drawer,is_below_of,black_bowl
move-the-black-bowl-from-the-top-of-the-drawer-to-on-top-of-the-cookie-at-the-ri,episode_39,390,wrist,black_bowl,is_left_of,white_plate
move-the-black-bowl-from-the-top-of-the-drawer-to-on-top-of-the-cookie-at-the-ri,episode_39,390,wrist,white_plate,is_right_of,black_bowl
move-the-black-bowl-from-the-top-of-the-drawer-to-on-top-of-the-cookie-at-the-ri,episode_39,390,wrist,black_bowl,is_left_of,cookie
move-the-black-bowl-from-the-top-of-the-drawer-to-on-top-of-the-cookie-at-the-ri,episode_39,390,wrist,cookie,is_right_of,black_bowl
move-the-black-bowl-from-the-top-of-the-drawer-to-on-top-of-the-cookie-at-the-ri,episode_39,390,wrist,red_drawer,is_left_of,white_plate
move-the-black-bowl-from-the-top-of-the-drawer-to-on-top-of-the-cookie-at-the-ri,episode_39,390,wrist,white_plate,is_right_of,red_drawer
move-the-black-bowl-from-the-top-of-the-drawer-to-on-top-of-the-cookie-at-the-ri,episode_39,390,wrist,red_drawer,is_left_of,cookie
move-the-black-bowl-from-the-top-of-the-drawer-to-on-top-of-the-cookie-at-the-ri,episode_39,390,wrist,cookie,is_right_of,red_drawer
move-the-black-bowl-from-the-top-of-the-drawer-to-on-top-of-the-cookie-at-the-ri,episode_39,390,wrist,white_plate,is_behind,cookie
move-the-black-bowl-from-the-top-of-the-drawer-to-on-top-of-the-cookie-at-the-ri,episode_39,390,wrist,cookie,is_in_front_of,white_plate
move-the-black-bowl-from-the-top-of-the-drawer-to-on-top-of-the-cookie-at-the-ri,episode_39,420,wrist,black_bowl,is_on_top_of,red_drawer
move-the-black-bowl-from-the-top-of-the-drawer-to-on-top-of-the-cookie-at-the-ri,episode_39,420,wrist,red_drawer,is_below_of,black_bowl
move-the-black-bowl-from-the-top-of-the-drawer-to-on-top-of-the-cookie-at-the-ri,episode_39,420,wrist,black_bowl,is_left_of,white_plate
move-the-black-bowl-from-the-top-of-the-drawer-to-on-top-of-the-cookie-at-the-ri,episode_39,420,wrist,white_plate,is_right_of,black_bowl
move-the-black-bowl-from-the-top-of-the-drawer-to-on-top-of-the-cookie-at-the-ri,episode_39,420,wrist,black_bowl,is_left_of,cookie
move-the-black-bowl-from-the-top-of-the-drawer-to-on-top-of-the-cookie-at-the-ri,episode_39,420,wrist,cookie,is_right_of,black_bowl
move-the-black-bowl-from-the-top-of-the-drawer-to-on-top-of-the-cookie-at-the-ri,episode_39,420,wrist,black_bowl,is_left_of,black_stove
move-the-black-bowl-from-the-top-of-the-drawer-to-on-top-of-the-cookie-at-the-ri,episode_39,420,wrist,black_stove,is_right_of,black_bowl
move-the-black-bowl-from-the-top-of-the-drawer-to-on-top-of-the-cookie-at-the-ri,episode_39,420,wrist,red_drawer,is_left_of,white_plate
move-the-black-bowl-from-the-top-of-the-drawer-to-on-top-of-the-cookie-at-the-ri,episode_39,420,wrist,white_plate,is_right_of,red_drawer
move-the-black-bowl-from-the-top-of-the-drawer-to-on-top-of-the-cookie-at-the-ri,episode_39,420,wrist,red_drawer,is_left_of,cookie
move-the-black-bowl-from-the-top-of-the-drawer-to-on-top-of-the-cookie-at-the-ri,episode_39,420,wrist,cookie,is_right_of,red_drawer
move-the-black-bowl-from-the-top-of-the-drawer-to-on-top-of-the-cookie-at-the-ri,episode_39,420,wrist,red_drawer,is_left_of,black_stove
move-the-black-bowl-from-the-top-of-the-drawer-to-on-top-of-the-cookie-at-the-ri,episode_39,420,wrist,black_stove,is_right_of,red_drawer
move-the-black-bowl-from-the-top-of-the-drawer-to-on-top-of-the-cookie-at-the-ri,episode_39,420,wrist,white_plate,is_in_front_of,cookie
move-the-black-bowl-from-the-top-of-the-drawer-to-on-top-of-the-cookie-at-the-ri,episode_39,420,wrist,cookie,is_behind,white_plate
move-the-black-bowl-from-the-top-of-the-drawer-to-on-top-of-the-cookie-at-the-ri,episode_39,420,wrist,white_plate,is_left_of,black_stove
move-the-black-bowl-from-the-top-of-the-drawer-to-on-top-of-the-cookie-at-the-ri,episode_39,420,wrist,black_stove,is_right_of,white_plate
move-the-black-bowl-from-the-top-of-the-drawer-to-on-top-of-the-cookie-at-the-ri,episode_39,420,wrist,cookie,is_left_of,black_stove
move-the-black-bowl-from-the-top-of-the-drawer-to-on-top-of-the-cookie-at-the-ri,episode_39,420,wrist,black_stove,is_right_of,cookie
move-the-black-bowl-from-the-top-of-the-drawer-to-on-top-of-the-cookie-at-the-ri,episode_40,0,wrist,black_bowl,is_in_front_of,red_drawer
move-the-black-bowl-from-the-top-of-the-drawer-to-on-top-of-the-cookie-at-the-ri,episode_40,0,wrist,red_drawer,is_behind,black_bowl
move-the-black-bowl-from-the-top-of-the-drawer-to-on-top-of-the-cookie-at-the-ri,episode_40,30,wrist,black_bowl,is_in_front_of,red_drawer
move-the-black-bowl-from-the-top-of-the-drawer-to-on-top-of-the-cookie-at-the-ri,episode_40,30,wrist,red_drawer,is_behind,black_bowl
move-the-black-bowl-from-the-top-of-the-drawer-to-on-top-of-the-cookie-at-the-ri,episode_40,60,wrist,black_bowl,is_in_front_of,red_drawer
move-the-black-bowl-from-the-top-of-the-drawer-to-on-top-of-the-cookie-at-the-ri,episode_40,60,wrist,red_drawer,is_behind,black_bowl
move-the-black-bowl-from-the-top-of-the-drawer-to-on-top-of-the-cookie-at-the-ri,episode_40,90,wrist,black_bowl,is_on_top_of,red_drawer
move-the-black-bowl-from-the-top-of-the-drawer-to-on-top-of-the-cookie-at-the-ri,episode_40,90,wrist,red_drawer,is_below_of,black_bowl
move-the-black-bowl-from-the-top-of-the-drawer-to-on-top-of-the-cookie-at-the-ri,episode_40,120,wrist,red_drawer,is_behind,black_bowl
move-the-black-bowl-from-the-top-of-the-drawer-to-on-top-of-the-cookie-at-the-ri,episode_40,120,wrist,black_bowl,is_in_front_of,red_drawer
move-the-black-bowl-from-the-top-of-the-drawer-to-on-top-of-the-cookie-at-the-ri,episode_40,150,wrist,black_bowl,is_on_top_of,red_drawer
move-the-black-bowl-from-the-top-of-the-drawer-to-on-top-of-the-cookie-at-the-ri,episode_40,150,wrist,red_drawer,is_below_of,black_bowl
move-the-black-bowl-from-the-top-of-the-drawer-to-on-top-of-the-cookie-at-the-ri,episode_40,150,wrist,black_bowl,is_right_of,black_stove
move-the-black-bowl-from-the-top-of-the-drawer-to-on-top-of-the-cookie-at-the-ri,episode_40,150,wrist,black_stove,is_left_of,black_bowl
move-the-black-bowl-from-the-top-of-the-drawer-to-on-top-of-the-cookie-at-the-ri,episode_40,150,wrist,red_drawer,is_right_of,black_stove
move-the-black-bowl-from-the-top-of-the-drawer-to-on-top-of-the-cookie-at-the-ri,episode_40,150,wrist,black_stove,is_left_of,red_drawer
move-the-black-bowl-from-the-top-of-the-drawer-to-on-top-of-the-cookie-at-the-ri,episode_40,180,wrist,black_bowl,is_on_top_of,red_drawer
move-the-black-bowl-from-the-top-of-the-drawer-to-on-top-of-the-cookie-at-the-ri,episode_40,180,wrist,red_drawer,is_below_of,black_bowl
move-the-black-bowl-from-the-top-of-the-drawer-to-on-top-of-the-cookie-at-the-ri,episode_40,180,wrist,black_bowl,is_right_of,black_stove
move-the-black-bowl-from-the-top-of-the-drawer-to-on-top-of-the-cookie-at-the-ri,episode_40,180,wrist,black_stove,is_left_of,black_bowl
move-the-black-bowl-from-the-top-of-the-drawer-to-on-top-of-the-cookie-at-the-ri,episode_40,180,wrist,red_drawer,is_right_of,black_stove
move-the-black-bowl-from-the-top-of-the-drawer-to-on-top-of-the-cookie-at-the-ri,episode_40,180,wrist,black_stove,is_left_of,red_drawer
move-the-black-bowl-from-the-top-of-the-drawer-to-on-top-of-the-cookie-at-the-ri,episode_40,210,wrist,black_bowl,is_on_top_of,red_drawer
move-the-black-bowl-from-the-top-of-the-drawer-to-on-top-of-the-cookie-at-the-ri,episode_40,210,wrist,red_drawer,is_below_of,black_bowl
move-the-black-bowl-from-the-top-of-the-drawer-to-on-top-of-the-cookie-at-the-ri,episode_40,240,wrist,black_bowl,is_in_front_of,red_drawer
move-the-black-bowl-from-the-top-of-the-drawer-to-on-top-of-the-cookie-at-the-ri,episode_40,240,wrist,red_drawer,is_behind,black_bowl
move-the-black-bowl-from-the-top-of-the-drawer-to-on-top-of-the-cookie-at-the-ri,episode_40,240,wrist,black_bowl,is_right_of,black_stove
move-the-black-bowl-from-the-top-of-the-drawer-to-on-top-of-the-cookie-at-the-ri,episode_40,240,wrist,black_stove,is_left_of,black_bowl
move-the-black-bowl-from-the-top-of-the-drawer-to-on-top-of-the-cookie-at-the-ri,episode_40,240,wrist,red_drawer,is_right_of,black_stove
move-the-black-bowl-from-the-top-of-the-drawer-to-on-top-of-the-cookie-at-the-ri,episode_40,240,wrist,black_stove,is_left_of,red_drawer
move-the-black-bowl-from-the-top-of-the-drawer-to-on-top-of-the-cookie-at-the-ri,episode_40,270,wrist,black_bowl,is_behind,cookie
move-the-black-bowl-from-the-top-of-the-drawer-to-on-top-of-the-cookie-at-the-ri,episode_40,270,wrist,black_bowl,is_on_top_of,red_drawer
move-the-black-bowl-from-the-top-of-the-drawer-to-on-top-of-the-cookie-at-the-ri,episode_40,270,wrist,cookie,is_in_front_of,black_bowl
move-the-black-bowl-from-the-top-of-the-drawer-to-on-top-of-the-cookie-at-the-ri,episode_40,270,wrist,cookie,is_in_front_of,red_drawer
move-the-black-bowl-from-the-top-of-the-drawer-to-on-top-of-the-cookie-at-the-ri,episode_40,270,wrist,red_drawer,is_below_of,black_bowl
move-the-black-bowl-from-the-top-of-the-drawer-to-on-top-of-the-cookie-at-the-ri,episode_40,270,wrist,red_drawer,is_behind,cookie
move-the-black-bowl-from-the-top-of-the-drawer-to-on-top-of-the-cookie-at-the-ri,episode_40,300,wrist,black_bowl,is_behind,cookie
move-the-black-bowl-from-the-top-of-the-drawer-to-on-top-of-the-cookie-at-the-ri,episode_40,300,wrist,black_bowl,is_behind,white_plate
move-the-black-bowl-from-the-top-of-the-drawer-to-on-top-of-the-cookie-at-the-ri,episode_40,300,wrist,cookie,is_in_front_of,black_bowl
move-the-black-bowl-from-the-top-of-the-drawer-to-on-top-of-the-cookie-at-the-ri,episode_40,300,wrist,cookie,is_on_top_of,white_plate
move-the-black-bowl-from-the-top-of-the-drawer-to-on-top-of-the-cookie-at-the-ri,episode_40,300,wrist,white_plate,is_in_front_of,black_bowl
move-the-black-bowl-from-the-top-of-the-drawer-to-on-top-of-the-cookie-at-the-ri,episode_40,300,wrist,white_plate,is_below_of,cookie
move-the-black-bowl-from-the-top-of-the-drawer-to-on-top-of-the-cookie-at-the-ri,episode_40,330,wrist,black_bowl,is_behind,cookie
move-the-black-bowl-from-the-top-of-the-drawer-to-on-top-of-the-cookie-at-the-ri,episode_40,330,wrist,cookie,is_in_front_of,black_bowl
move-the-black-bowl-from-the-top-of-the-drawer-to-on-top-of-the-cookie-at-the-ri,episode_40,360,wrist,black_bowl,is_on_top_of,red_drawer
move-the-black-bowl-from-the-top-of-the-drawer-to-on-top-of-the-cookie-at-the-ri,episode_40,360,wrist,red_drawer,is_below_of,black_bowl
move-the-black-bowl-from-the-top-of-the-drawer-to-on-top-of-the-cookie-at-the-ri,episode_40,390,wrist,black_bowl,is_behind,cookie
move-the-black-bowl-from-the-top-of-the-drawer-to-on-top-of-the-cookie-at-the-ri,episode_40,390,wrist,cookie,is_in_front_of,black_bowl
move-the-black-bowl-from-the-top-of-the-drawer-to-on-top-of-the-cookie-at-the-ri,episode_40,420,wrist,black_bowl,is_on_top_of,cookie
move-the-black-bowl-from-the-top-of-the-drawer-to-on-top-of-the-cookie-at-the-ri,episode_40,420,wrist,cookie,is_below_of,black_bowl
move-the-black-bowl-from-the-top-of-the-drawer-to-on-top-of-the-cookie-at-the-ri,episode_40,450,wrist,black_bowl,is_on_top_of,white_plate
move-the-black-bowl-from-the-top-of-the-drawer-to-on-top-of-the-cookie-at-the-ri,episode_40,450,wrist,white_plate,is_below_of,black_bowl
move-the-black-bowl-from-the-top-of-the-drawer-to-on-top-of-the-cookie-at-the-ri,episode_40,450,wrist,black_bowl,is_behind,cookie
move-the-black-bowl-from-the-top-of-the-drawer-to-on-top-of-the-cookie-at-the-ri,episode_40,450,wrist,cookie,is_in_front_of,black_bowl
move-the-black-bowl-from-the-top-of-the-drawer-to-on-top-of-the-cookie-at-the-ri,episode_40,450,wrist,white_plate,is_behind,cookie
move-the-black-bowl-from-the-top-of-the-drawer-to-on-top-of-the-cookie-at-the-ri,episode_40,450,wrist,cookie,is_in_front_of,white_plate
move-the-black-bowl-from-the-top-of-the-drawer-to-on-top-of-the-cookie-at-the-ri,episode_40,480,wrist,black_bowl,is_on_top_of,red_drawer
move-the-black-bowl-from-the-top-of-the-drawer-to-on-top-of-the-cookie-at-the-ri,episode_40,480,wrist,red_drawer,is_below_of,black_bowl
move-the-black-bowl-from-the-top-of-the-drawer-to-on-top-of-the-cookie-at-the-ri,episode_40,480,wrist,black_bowl,is_left_of,cookie
move-the-black-bowl-from-the-top-of-the-drawer-to-on-top-of-the-cookie-at-the-ri,episode_40,480,wrist,cookie,is_right_of,black_bowl
move-the-black-bowl-from-the-top-of-the-drawer-to-on-top-of-the-cookie-at-the-ri,episode_40,480,wrist,red_drawer,is_left_of,cookie
move-the-black-bowl-from-the-top-of-the-drawer-to-on-top-of-the-cookie-at-the-ri,episode_40,480,wrist,cookie,is_right_of,red_drawer
move-the-black-bowl-from-the-top-of-the-drawer-to-on-top-of-the-cookie-at-the-ri,episode_40,510,wrist,red_drawer,is_behind,black_bowl
move-the-black-bowl-from-the-top-of-the-drawer-to-on-top-of-the-cookie-at-the-ri,episode_40,510,wrist,black_bowl,is_in_front_of,red_drawer
move-the-black-bowl-from-the-top-of-the-drawer-to-on-top-of-the-cookie-at-the-ri,episode_40,540,wrist,red_drawer,is_behind,black_stove
move-the-black-bowl-from-the-top-of-the-drawer-to-on-top-of-the-cookie-at-the-ri,episode_40,540,wrist,black_stove,is_in_front_of,red_drawer
move-the-black-bowl-from-the-top-of-the-drawer-to-on-top-of-the-cookie-at-the-ri,episode_40,570,wrist,red_drawer,is_behind,black_stove
move-the-black-bowl-from-the-top-of-the-drawer-to-on-top-of-the-cookie-at-the-ri,episode_40,570,wrist,black_stove,is_in_front_of,red_drawer
move-the-black-bowl-from-the-top-of-the-drawer-to-on-top-of-the-cookie-at-the-ri,episode_41,0,wrist,red_drawer,is_left_of,black_stove
move-the-black-bowl-from-the-top-of-the-drawer-to-on-top-of-the-cookie-at-the-ri,episode_41,0,wrist,black_stove,is_right_of,red_drawer
move-the-black-bowl-from-the-top-of-the-drawer-to-on-top-of-the-cookie-at-the-ri,episode_41,150,wrist,black_bowl,is_on_top_of,red_drawer
move-the-black-bowl-from-the-top-of-the-drawer-to-on-top-of-the-cookie-at-the-ri,episode_41,150,wrist,red_drawer,is_below_of,black_bowl
move-the-black-bowl-from-the-top-of-the-drawer-to-on-top-of-the-cookie-at-the-ri,episode_41,150,wrist,black_bowl,is_behind,cookie
move-the-black-bowl-from-the-top-of-the-drawer-to-on-top-of-the-cookie-at-the-ri,episode_41,150,wrist,cookie,is_in_front_of,black_bowl
move-the-black-bowl-from-the-top-of-the-drawer-to-on-top-of-the-cookie-at-the-ri,episode_41,150,wrist,red_drawer,is_behind,cookie
move-the-black-bowl-from-the-top-of-the-drawer-to-on-top-of-the-cookie-at-the-ri,episode_41,150,wrist,cookie,is_in_front_of,red_drawer
move-the-black-bowl-from-the-top-of-the-drawer-to-on-top-of-the-cookie-at-the-ri,episode_41,180,wrist,black_bowl,is_right_of,red_drawer
move-the-black-bowl-from-the-top-of-the-drawer-to-on-top-of-the-cookie-at-the-ri,episode_41,180,wrist,black_bowl,is_behind,black_stove
move-the-black-bowl-from-the-top-of-the-drawer-to-on-top-of-the-cookie-at-the-ri,episode_41,180,wrist,black_bowl,is_behind,cookie
move-the-black-bowl-from-the-top-of-the-drawer-to-on-top-of-the-cookie-at-the-ri,episode_41,180,wrist,red_drawer,is_left_of,black_bowl
move-the-black-bowl-from-the-top-of-the-drawer-to-on-top-of-the-cookie-at-the-ri,episode_41,180,wrist,red_drawer,is_behind,black_stove
move-the-black-bowl-from-the-top-of-the-drawer-to-on-top-of-the-cookie-at-the-ri,episode_41,180,wrist,red_drawer,is_behind,cookie
move-the-black-bowl-from-the-top-of-the-drawer-to-on-top-of-the-cookie-at-the-ri,episode_41,180,wrist,black_stove,is_in_front_of,black_bowl
move-the-black-bowl-from-the-top-of-the-drawer-to-on-top-of-the-cookie-at-the-ri,episode_41,180,wrist,black_stove,is_in_front_of,red_drawer
move-the-black-bowl-from-the-top-of-the-drawer-to-on-top-of-the-cookie-at-the-ri,episode_41,180,wrist,black_stove,is_left_of,cookie
move-the-black-bowl-from-the-top-of-the-drawer-to-on-top-of-the-cookie-at-the-ri,episode_41,180,wrist,cookie,is_in_front_of,black_bowl
move-the-black-bowl-from-the-top-of-the-drawer-to-on-top-of-the-cookie-at-the-ri,episode_41,180,wrist,cookie,is_in_front_of,red_drawer
move-the-black-bowl-from-the-top-of-the-drawer-to-on-top-of-the-cookie-at-the-ri,episode_41,180,wrist,cookie,is_right_of,black_stove
move-the-black-bowl-from-the-top-of-the-drawer-to-on-top-of-the-cookie-at-the-ri,episode_41,210,wrist,black_bowl,is_on_top_of,red_drawer
move-the-black-bowl-from-the-top-of-the-drawer-to-on-top-of-the-cookie-at-the-ri,episode_41,210,wrist,red_drawer,is_below_of,black_bowl
move-the-black-bowl-from-the-top-of-the-drawer-to-on-top-of-the-cookie-at-the-ri,episode_41,210,wrist,black_bowl,is_right_of,black_stove
move-the-black-bowl-from-the-top-of-the-drawer-to-on-top-of-the-cookie-at-the-ri,episode_41,210,wrist,black_stove,is_left_of,black_bowl
move-the-black-bowl-from-the-top-of-the-drawer-to-on-top-of-the-cookie-at-the-ri,episode_41,210,wrist,black_bowl,is_right_of,white_plate
move-the-black-bowl-from-the-top-of-the-drawer-to-on-top-of-the-cookie-at-the-ri,episode_41,210,wrist,white_plate,is_left_of,black_bowl
move-the-black-bowl-from-the-top-of-the-drawer-to-on-top-of-the-cookie-at-the-ri,episode_41,210,wrist,red_drawer,is_right_of,black_stove
move-the-black-bowl-from-the-top-of-the-drawer-to-on-top-of-the-cookie-at-the-ri,episode_41,210,wrist,black_stove,is_left_of,red_drawer
move-the-black-bowl-from-the-top-of-the-drawer-to-on-top-of-the-cookie-at-the-ri,episode_41,210,wrist,red_drawer,is_right_of,white_plate
move-the-black-bowl-from-the-top-of-the-drawer-to-on-top-of-the-cookie-at-the-ri,episode_41,210,wrist,white_plate,is_left_of,red_drawer
move-the-black-bowl-from-the-top-of-the-drawer-to-on-top-of-the-cookie-at-the-ri,episode_41,210,wrist,black_stove,is_behind,white_plate
move-the-black-bowl-from-the-top-of-the-drawer-to-on-top-of-the-cookie-at-the-ri,episode_41,210,wrist,white_plate,is_in_front_of,black_stove
move-the-black-bowl-from-the-top-of-the-drawer-to-on-top-of-the-cookie-at-the-ri,episode_41,240,wrist,black_bowl,is_on_top_of,red_drawer
move-the-black-bowl-from-the-top-of-the-drawer-to-on-top-of-the-cookie-at-the-ri,episode_41,240,wrist,red_drawer,is_below_of,black_bowl
move-the-black-bowl-from-the-top-of-the-drawer-to-on-top-of-the-cookie-at-the-ri,episode_41,240,wrist,black_bowl,is_right_of,black_stove
move-the-black-bowl-from-the-top-of-the-drawer-to-on-top-of-the-cookie-at-the-ri,episode_41,240,wrist,black_stove,is_left_of,black_bowl
move-the-black-bowl-from-the-top-of-the-drawer-to-on-top-of-the-cookie-at-the-ri,episode_41,240,wrist,red_drawer,is_right_of,black_stove
move-the-black-bowl-from-the-top-of-the-drawer-to-on-top-of-the-cookie-at-the-ri,episode_41,240,wrist,black_stove,is_left_of,red_drawer
move-the-black-bowl-from-the-top-of-the-drawer-to-on-top-of-the-cookie-at-the-ri,episode_41,270,wrist,black_bowl,is_in_front_of,red_drawer
move-the-black-bowl-from-the-top-of-the-drawer-to-on-top-of-the-cookie-at-the-ri,episode_41,270,wrist,red_drawer,is_behind,black_bowl
move-the-black-bowl-from-the-top-of-the-drawer-to-on-top-of-the-cookie-at-the-ri,episode_41,270,wrist,black_bowl,is_right_of,black_stove
move-the-black-bowl-from-the-top-of-the-drawer-to-on-top-of-the-cookie-at-the-ri,episode_41,270,wrist,black_stove,is_left_of,black_bowl
move-the-black-bowl-from-the-top-of-the-drawer-to-on-top-of-the-cookie-at-the-ri,episode_41,270,wrist,red_drawer,is_right_of,black_stove
move-the-black-bowl-from-the-top-of-the-drawer-to-on-top-of-the-cookie-at-the-ri,episode_41,270,wrist,black_stove,is_left_of,red_drawer
move-the-black-bowl-from-the-top-of-the-drawer-to-on-top-of-the-cookie-at-the-ri,episode_41,300,wrist,black_bowl,is_in_front_of,black_stove
move-the-black-bowl-from-the-top-of-the-drawer-to-on-top-of-the-cookie-at-the-ri,episode_41,300,wrist,black_stove,is_behind,black_bowl
move-the-black-bowl-from-the-top-of-the-drawer-to-on-top-of-the-cookie-at-the-ri,episode_41,330,wrist,black_bowl,is_behind,cookie
move-the-black-bowl-from-the-top-of-the-drawer-to-on-top-of-the-cookie-at-the-ri,episode_41,330,wrist,cookie,is_in_front_of,black_bowl
move-the-black-bowl-from-the-top-of-the-drawer-to-on-top-of-the-cookie-at-the-ri,episode_41,360,wrist,black_bowl,is_on_top_of,red_drawer
move-the-black-bowl-from-the-top-of-the-drawer-to-on-top-of-the-cookie-at-the-ri,episode_41,360,wrist,red_drawer,is_below_of,black_bowl
move-the-black-bowl-from-the-top-of-the-drawer-to-on-top-of-the-cookie-at-the-ri,episode_41,390,wrist,black_bowl,is_in_front_of,cookie
move-the-black-bowl-from-the-top-of-the-drawer-to-on-top-of-the-cookie-at-the-ri,episode_41,390,wrist,cookie,is_behind,black_bowl
move-the-black-bowl-from-the-top-of-the-drawer-to-on-top-of-the-cookie-at-the-ri,episode_41,420,wrist,black_bowl,is_in_front_of,cookie
move-the-black-bowl-from-the-top-of-the-drawer-to-on-top-of-the-cookie-at-the-ri,episode_41,420,wrist,cookie,is_behind,black_bowl
move-the-black-bowl-from-the-top-of-the-drawer-to-on-top-of-the-cookie-at-the-ri,episode_41,450,wrist,black_bowl,is_in_front_of,cookie
move-the-black-bowl-from-the-top-of-the-drawer-to-on-top-of-the-cookie-at-the-ri,episode_41,450,wrist,cookie,is_behind,black_bowl
move-the-black-bowl-from-the-top-of-the-drawer-to-on-top-of-the-cookie-at-the-ri,episode_41,480,wrist,black_bowl,is_left_of,cookie
move-the-black-bowl-from-the-top-of-the-drawer-to-on-top-of-the-cookie-at-the-ri,episode_41,480,wrist,cookie,is_right_of,black_bowl
move-the-black-bowl-from-the-top-of-the-drawer-to-on-top-of-the-cookie-at-the-ri,episode_41,480,wrist,black_bowl,is_on_top_of,red_drawer
move-the-black-bowl-from-the-top-of-the-drawer-to-on-top-of-the-cookie-at-the-ri,episode_41,480,wrist,red_drawer,is_below_of,black_bowl
move-the-black-bowl-from-the-top-of-the-drawer-to-on-top-of-the-cookie-at-the-ri,episode_41,480,wrist,black_bowl,is_left_of,black_stove
move-the-black-bowl-from-the-top-of-the-drawer-to-on-top-of-the-cookie-at-the-ri,episode_41,480,wrist,black_stove,is_right_of,black_bowl
move-the-black-bowl-from-the-top-of-the-drawer-to-on-top-of-the-cookie-at-the-ri,episode_41,480,wrist,cookie,is_on_top_of,red_drawer
move-the-black-bowl-from-the-top-of-the-drawer-to-on-top-of-the-cookie-at-the-ri,episode_41,480,wrist,red_drawer,is_below_of,cookie
move-the-black-bowl-from-the-top-of-the-drawer-to-on-top-of-the-cookie-at-the-ri,episode_41,480,wrist,cookie,is_right_of,black_stove
move-the-black-bowl-from-the-top-of-the-drawer-to-on-top-of-the-cookie-at-the-ri,episode_41,480,wrist,black_stove,is_left_of,cookie
move-the-black-bowl-from-the-top-of-the-drawer-to-on-top-of-the-cookie-at-the-ri,episode_41,480,wrist,red_drawer,is_below_of,black_stove
move-the-black-bowl-from-the-top-of-the-drawer-to-on-top-of-the-cookie-at-the-ri,episode_41,480,wrist,black_stove,is_on_top_of,red_drawer
move-the-black-bowl-from-the-top-of-the-drawer-to-on-top-of-the-cookie-at-the-ri,episode_41,510,wrist,black_bowl,is_on_top_of,red_drawer
move-the-black-bowl-from-the-top-of-the-drawer-to-on-top-of-the-cookie-at-the-ri,episode_41,510,wrist,red_drawer,is_below_of,black_bowl
move-the-black-bowl-from-the-top-of-the-drawer-to-on-top-of-the-cookie-at-the-ri,episode_41,540,wrist,white_plate,is_on_top_of,red_drawer
move-the-black-bowl-from-the-top-of-the-drawer-to-on-top-of-the-cookie-at-the-ri,episode_41,540,wrist,red_drawer,is_below_of,white_plate
move-the-black-bowl-from-the-top-of-the-drawer-to-on-top-of-the-cookie-at-the-ri,episode_41,570,wrist,white_plate,is_on_top_of,red_drawer
move-the-black-bowl-from-the-top-of-the-drawer-to-on-top-of-the-cookie-at-the-ri,episode_41,570,wrist,red_drawer,is_below_of,white_plate
move-the-black-bowl-from-the-top-of-the-drawer-to-on-top-of-the-cookie-at-the-ri,episode_41,600,wrist,red_drawer,is_behind,black_bowl
move-the-black-bowl-from-the-top-of-the-drawer-to-on-top-of-the-cookie-at-the-ri,episode_41,600,wrist,black_bowl,is_in_front_of,red_drawer
move-the-black-bowl-from-the-top-of-the-drawer-to-on-top-of-the-cookie-at-the-ri,episode_42,30,wrist,black_bowl,is_in_front_of,red_drawer
move-the-black-bowl-from-the-top-of-the-drawer-to-on-top-of-the-cookie-at-the-ri,episode_42,30,wrist,red_drawer,is_behind,black_bowl
move-the-black-bowl-from-the-top-of-the-drawer-to-on-top-of-the-cookie-at-the-ri,episode_42,30,wrist,black_bowl,is_on_top_of,cookie
move-the-black-bowl-from-the-top-of-the-drawer-to-on-top-of-the-cookie-at-the-ri,episode_42,30,wrist,cookie,is_below_of,black_bowl
move-the-black-bowl-from-the-top-of-the-drawer-to-on-top-of-the-cookie-at-the-ri,episode_42,30,wrist,red_drawer,is_behind,cookie
move-the-black-bowl-from-the-top-of-the-drawer-to-on-top-of-the-cookie-at-the-ri,episode_42,30,wrist,cookie,is_in_front_of,red_drawer
move-the-black-bowl-from-the-top-of-the-drawer-to-on-top-of-the-cookie-at-the-ri,episode_42,60,wrist,black_bowl,is_in_front_of,red_drawer
move-the-black-bowl-from-the-top-of-the-drawer-to-on-top-of-the-cookie-at-the-ri,episode_42,60,wrist,red_drawer,is_behind,black_bowl
move-the-black-bowl-from-the-top-of-the-drawer-to-on-top-of-the-cookie-at-the-ri,episode_42,60,wrist,black_bowl,is_on_top_of,cookie
move-the-black-bowl-from-the-top-of-the-drawer-to-on-top-of-the-cookie-at-the-ri,episode_42,60,wrist,cookie,is_below_of,black_bowl
move-the-black-bowl-from-the-top-of-the-drawer-to-on-top-of-the-cookie-at-the-ri,episode_42,60,wrist,red_drawer,is_behind,cookie
move-the-black-bowl-from-the-top-of-the-drawer-to-on-top-of-the-cookie-at-the-ri,episode_42,60,wrist,cookie,is_in_front_of,red_drawer
move-the-black-bowl-from-the-top-of-the-drawer-to-on-top-of-the-cookie-at-the-ri,episode_42,90,wrist,black_bowl,is_behind,red_drawer
move-the-black-bowl-from-the-top-of-the-drawer-to-on-top-of-the-cookie-at-the-ri,episode_42,90,wrist,red_drawer,is_in_front_of,black_bowl
move-the-black-bowl-from-the-top-of-the-drawer-to-on-top-of-the-cookie-at-the-ri,episode_42,90,wrist,black_bowl,is_on_top_of,black_stove
move-the-black-bowl-from-the-top-of-the-drawer-to-on-top-of-the-cookie-at-the-ri,episode_42,90,wrist,black_stove,is_below_of,black_bowl
move-the-black-bowl-from-the-top-of-the-drawer-to-on-top-of-the-cookie-at-the-ri,episode_42,90,wrist,black_bowl,is_left_of,cookie
move-the-black-bowl-from-the-top-of-the-drawer-to-on-top-of-the-cookie-at-the-ri,episode_42,90,wrist,cookie,is_right_of,black_bowl
move-the-black-bowl-from-the-top-of-the-drawer-to-on-top-of-the-cookie-at-the-ri,episode_42,90,wrist,red_drawer,is_behind,black_stove
move-the-black-bowl-from-the-top-of-the-drawer-to-on-top-of-the-cookie-at-the-ri,episode_42,90,wrist,black_stove,is_in_front_of,red_drawer
move-the-black-bowl-from-the-top-of-the-drawer-to-on-top-of-the-cookie-at-the-ri,episode_42,90,wrist,red_drawer,is_behind,cookie
move-the-black-bowl-from-the-top-of-the-drawer-to-on-top-of-the-cookie-at-the-ri,episode_42,90,wrist,cookie,is_in_front_of,red_drawer
move-the-black-bowl-from-the-top-of-the-drawer-to-on-top-of-the-cookie-at-the-ri,episode_42,90,wrist,black_stove,is_left_of,cookie
move-the-black-bowl-from-the-top-of-the-drawer-to-on-top-of-the-cookie-at-the-ri,episode_42,90,wrist,cookie,is_right_of,black_stove
move-the-black-bowl-from-the-top-of-the-drawer-to-on-top-of-the-cookie-at-the-ri,episode_42,120,wrist,cookie,is_on_top_of,red_drawer
move-the-black-bowl-from-the-top-of-the-drawer-to-on-top-of-the-cookie-at-the-ri,episode_42,120,wrist,red_drawer,is_below_of,cookie
move-the-black-bowl-from-the-top-of-the-drawer-to-on-top-of-the-cookie-at-the-ri,episode_42,150,wrist,black_bowl,is_on_top_of,red_drawer
move-the-black-bowl-from-the-top-of-the-drawer-to-on-top-of-the-cookie-at-the-ri,episode_42,150,wrist,red_drawer,is_below_of,black_bowl
move-the-black-bowl-from-the-top-of-the-drawer-to-on-top-of-the-cookie-at-the-ri,episode_42,150,wrist,black_bowl,is_left_of,cookie
move-the-black-bowl-from-the-top-of-the-drawer-to-on-top-of-the-cookie-at-the-ri,episode_42,150,wrist,cookie,is_right_of,black_bowl
move-the-black-bowl-from-the-top-of-the-drawer-to-on-top-of-the-cookie-at-the-ri,episode_42,150,wrist,red_drawer,is_left_of,cookie
move-the-black-bowl-from-the-top-of-the-drawer-to-on-top-of-the-cookie-at-the-ri,episode_42,150,wrist,cookie,is_right_of,red_drawer
move-the-black-bowl-from-the-top-of-the-drawer-to-on-top-of-the-cookie-at-the-ri,episode_42,180,wrist,cookie,is_on_top_of,red_drawer
move-the-black-bowl-from-the-top-of-the-drawer-to-on-top-of-the-cookie-at-the-ri,episode_42,180,wrist,red_drawer,is_below_of,cookie
move-the-black-bowl-from-the-top-of-the-drawer-to-on-top-of-the-cookie-at-the-ri,episode_42,210,wrist,black_bowl,is_behind,cookie
move-the-black-bowl-from-the-top-of-the-drawer-to-on-top-of-the-cookie-at-the-ri,episode_42,210,wrist,black_bowl,is_in_front_of,red_drawer
move-the-black-bowl-from-the-top-of-the-drawer-to-on-top-of-the-cookie-at-the-ri,episode_42,210,wrist,black_bowl,is_on_top_of,black_stove
move-the-black-bowl-from-the-top-of-the-drawer-to-on-top-of-the-cookie-at-the-ri,episode_42,210,wrist,red_drawer,is_behind,black_bowl
move-the-black-bowl-from-the-top-of-the-drawer-to-on-top-of-the-cookie-at-the-ri,episode_42,210,wrist,red_drawer,is_behind,cookie
move-the-black-bowl-from-the-top-of-the-drawer-to-on-top-of-the-cookie-at-the-ri,episode_42,210,wrist,red_drawer,is_behind,black_stove
move-the-black-bowl-from-the-top-of-the-drawer-to-on-top-of-the-cookie-at-the-ri,episode_42,210,wrist,black_stove,contains,black_bowl
move-the-black-bowl-from-the-top-of-the-drawer-to-on-top-of-the-cookie-at-the-ri,episode_42,210,wrist,black_stove,is_below_of,cookie
move-the-black-bowl-from-the-top-of-the-drawer-to-on-top-of-the-cookie-at-the-ri,episode_42,210,wrist,black_stove,is_in_front_of,red_drawer
move-the-black-bowl-from-the-top-of-the-drawer-to-on-top-of-the-cookie-at-the-ri,episode_42,210,wrist,cookie,is_in_front_of,black_bowl
move-the-black-bowl-from-the-top-of-the-drawer-to-on-top-of-the-cookie-at-the-ri,episode_42,210,wrist,cookie,is_in_front_of,red_drawer
move-the-black-bowl-from-the-top-of-the-drawer-to-on-top-of-the-cookie-at-the-ri,episode_42,210,wrist,cookie,is_on_top_of,black_stove
move-the-black-bowl-from-the-top-of-the-drawer-to-on-top-of-the-cookie-at-the-ri,episode_42,240,wrist,black_bowl,is_on_top_of,red_drawer
move-the-black-bowl-from-the-top-of-the-drawer-to-on-top-of-the-cookie-at-the-ri,episode_42,240,wrist,red_drawer,is_below_of,black_bowl
move-the-black-bowl-from-the-top-of-the-drawer-to-on-top-of-the-cookie-at-the-ri,episode_42,240,wrist,black_bowl,is_behind,black_stove
move-the-black-bowl-from-the-top-of-the-drawer-to-on-top-of-the-cookie-at-the-ri,episode_42,240,wrist,black_stove,is_in_front_of,black_bowl
move-the-black-bowl-from-the-top-of-the-drawer-to-on-top-of-the-cookie-at-the-ri,episode_42,240,wrist,black_bowl,is_behind,cookie
move-the-black-bowl-from-the-top-of-the-drawer-to-on-top-of-the-cookie-at-the-ri,episode_42,240,wrist,cookie,is_in_front_of,black_bowl
move-the-black-bowl-from-the-top-of-the-drawer-to-on-top-of-the-cookie-at-the-ri,episode_42,240,wrist,red_drawer,is_behind,black_stove
move-the-black-bowl-from-the-top-of-the-drawer-to-on-top-of-the-cookie-at-the-ri,episode_42,240,wrist,black_stove,is_in_front_of,red_drawer
move-the-black-bowl-from-the-top-of-the-drawer-to-on-top-of-the-cookie-at-the-ri,episode_42,240,wrist,red_drawer,is_behind,cookie
move-the-black-bowl-from-the-top-of-the-drawer-to-on-top-of-the-cookie-at-the-ri,episode_42,240,wrist,cookie,is_in_front_of,red_drawer
move-the-black-bowl-from-the-top-of-the-drawer-to-on-top-of-the-cookie-at-the-ri,episode_42,240,wrist,black_stove,is_left_of,cookie
move-the-black-bowl-from-the-top-of-the-drawer-to-on-top-of-the-cookie-at-the-ri,episode_42,240,wrist,cookie,is_right_of,black_stove
move-the-black-bowl-from-the-top-of-the-drawer-to-on-top-of-the-cookie-at-the-ri,episode_42,270,wrist,black_bowl,is_on_top_of,red_drawer
move-the-black-bowl-from-the-top-of-the-drawer-to-on-top-of-the-cookie-at-the-ri,episode_42,270,wrist,red_drawer,is_below_of,black_bowl
move-the-black-bowl-from-the-top-of-the-drawer-to-on-top-of-the-cookie-at-the-ri,episode_42,270,wrist,black_bowl,is_right_of,cookie
move-the-black-bowl-from-the-top-of-the-drawer-to-on-top-of-the-cookie-at-the-ri,episode_42,270,wrist,cookie,is_left_of,black_bowl
move-the-black-bowl-from-the-top-of-the-drawer-to-on-top-of-the-cookie-at-the-ri,episode_42,270,wrist,red_drawer,is_right_of,cookie
move-the-black-bowl-from-the-top-of-the-drawer-to-on-top-of-the-cookie-at-the-ri,episode_42,270,wrist,cookie,is_left_of,red_drawer
move-the-black-bowl-from-the-top-of-the-drawer-to-on-top-of-the-cookie-at-the-ri,episode_42,300,wrist,black_bowl,is_on_top_of,red_drawer
move-the-black-bowl-from-the-top-of-the-drawer-to-on-top-of-the-cookie-at-the-ri,episode_42,300,wrist,red_drawer,is_below_of,black_bowl
move-the-black-bowl-from-the-top-of-the-drawer-to-on-top-of-the-cookie-at-the-ri,episode_42,300,wrist,black_bowl,is_right_of,black_stove
move-the-black-bowl-from-the-top-of-the-drawer-to-on-top-of-the-cookie-at-the-ri,episode_42,300,wrist,black_stove,is_left_of,black_bowl
move-the-black-bowl-from-the-top-of-the-drawer-to-on-top-of-the-cookie-at-the-ri,episode_42,300,wrist,black_bowl,is_behind,cookie
move-the-black-bowl-from-the-top-of-the-drawer-to-on-top-of-the-cookie-at-the-ri,episode_42,300,wrist,cookie,is_in_front_of,black_bowl
move-the-black-bowl-from-the-top-of-the-drawer-to-on-top-of-the-cookie-at-the-ri,episode_42,300,wrist,red_drawer,is_right_of,black_stove
move-the-black-bowl-from-the-top-of-the-drawer-to-on-top-of-the-cookie-at-the-ri,episode_42,300,wrist,black_stove,is_left_of,red_drawer
move-the-black-bowl-from-the-top-of-the-drawer-to-on-top-of-the-cookie-at-the-ri,episode_42,300,wrist,red_drawer,is_behind,cookie
move-the-black-bowl-from-the-top-of-the-drawer-to-on-top-of-the-cookie-at-the-ri,episode_42,300,wrist,cookie,is_in_front_of,red_drawer
move-the-black-bowl-from-the-top-of-the-drawer-to-on-top-of-the-cookie-at-the-ri,episode_42,300,wrist,black_stove,is_left_of,cookie
move-the-black-bowl-from-the-top-of-the-drawer-to-on-top-of-the-cookie-at-the-ri,episode_42,300,wrist,cookie,is_right_of,black_stove
move-the-black-bowl-from-the-top-of-the-drawer-to-on-top-of-the-cookie-at-the-ri,episode_42,330,wrist,black_bowl,is_in_front_of,red_drawer
move-the-black-bowl-from-the-top-of-the-drawer-to-on-top-of-the-cookie-at-the-ri,episode_42,330,wrist,red_drawer,is_behind,black_bowl
move-the-black-bowl-from-the-top-of-the-drawer-to-on-top-of-the-cookie-at-the-ri,episode_42,330,wrist,black_bowl,is_right_of,black_stove
move-the-black-bowl-from-the-top-of-the-drawer-to-on-top-of-the-cookie-at-the-ri,episode_42,330,wrist,black_stove,is_left_of,black_bowl
move-the-black-bowl-from-the-top-of-the-drawer-to-on-top-of-the-cookie-at-the-ri,episode_42,330,wrist,black_bowl,is_right_of,cookie
move-the-black-bowl-from-the-top-of-the-drawer-to-on-top-of-the-cookie-at-the-ri,episode_42,330,wrist,cookie,is_left_of,black_bowl
move-the-black-bowl-from-the-top-of-the-drawer-to-on-top-of-the-cookie-at-the-ri,episode_42,330,wrist,red_drawer,is_right_of,black_stove
move-the-black-bowl-from-the-top-of-the-drawer-to-on-top-of-the-cookie-at-the-ri,episode_42,330,wrist,black_stove,is_left_of,red_drawer
move-the-black-bowl-from-the-top-of-the-drawer-to-on-top-of-the-cookie-at-the-ri,episode_42,330,wrist,red_drawer,is_right_of,cookie
move-the-black-bowl-from-the-top-of-the-drawer-to-on-top-of-the-cookie-at-the-ri,episode_42,330,wrist,cookie,is_left_of,red_drawer
move-the-black-bowl-from-the-top-of-the-drawer-to-on-top-of-the-cookie-at-the-ri,episode_42,330,wrist,black_stove,is_behind,cookie
move-the-black-bowl-from-the-top-of-the-drawer-to-on-top-of-the-cookie-at-the-ri,episode_42,330,wrist,cookie,is_in_front_of,black_stove
move-the-black-bowl-from-the-top-of-the-drawer-to-on-top-of-the-cookie-at-the-ri,episode_42,360,wrist,black_bowl,is_behind,cookie
move-the-black-bowl-from-the-top-of-the-drawer-to-on-top-of-the-cookie-at-the-ri,episode_42,360,wrist,black_bowl,is_right_of,red_drawer
move-the-black-bowl-from-the-top-of-the-drawer-to-on-top-of-the-cookie-at-the-ri,episode_42,360,wrist,black_bowl,is_right_of,black_stove
move-the-black-bowl-from-the-top-of-the-drawer-to-on-top-of-the-cookie-at-the-ri,episode_42,360,wrist,red_drawer,is_left_of,black_bowl
move-the-black-bowl-from-the-top-of-the-drawer-to-on-top-of-the-cookie-at-the-ri,episode_42,360,wrist,red_drawer,is_behind,cookie
move-the-black-bowl-from-the-top-of-the-drawer-to-on-top-of-the-cookie-at-the-ri,episode_42,360,wrist,red_drawer,is_behind,black_stove
move-the-black-bowl-from-the-top-of-the-drawer-to-on-top-of-the-cookie-at-the-ri,episode_42,360,wrist,black_stove,is_left_of,black_bowl
move-the-black-bowl-from-the-top-of-the-drawer-to-on-top-of-the-cookie-at-the-ri,episode_42,360,wrist,black_stove,is_in_front_of,red_drawer
move-the-black-bowl-from-the-top-of-the-drawer-to-on-top-of-the-cookie-at-the-ri,episode_42,360,wrist,black_stove,is_left_of,cookie
move-the-black-bowl-from-the-top-of-the-drawer-to-on-top-of-the-cookie-at-the-ri,episode_42,360,wrist,cookie,is_in_front_of,black_bowl
move-the-black-bowl-from-the-top-of-the-drawer-to-on-top-of-the-cookie-at-the-ri,episode_42,360,wrist,cookie,is_in_front_of,red_drawer
move-the-black-bowl-from-the-top-of-the-drawer-to-on-top-of-the-cookie-at-the-ri,episode_42,360,wrist,cookie,is_right_of,black_stove
move-the-black-bowl-from-the-top-of-the-drawer-to-on-top-of-the-cookie-at-the-ri,episode_42,390,wrist,black_bowl,is_behind,cookie
move-the-black-bowl-from-the-top-of-the-drawer-to-on-top-of-the-cookie-at-the-ri,episode_42,390,wrist,cookie,is_in_front_of,black_bowl
move-the-black-bowl-from-the-top-of-the-drawer-to-on-top-of-the-cookie-at-the-ri,episode_42,420,wrist,black_bowl,is_in_front_of,cookie
move-the-black-bowl-from-the-top-of-the-drawer-to-on-top-of-the-cookie-at-the-ri,episode_42,420,wrist,cookie,is_behind,black_bowl
move-the-black-bowl-from-the-top-of-the-drawer-to-on-top-of-the-cookie-at-the-ri,episode_42,450,wrist,black_bowl,is_in_front_of,cookie
move-the-black-bowl-from-the-top-of-the-drawer-to-on-top-of-the-cookie-at-the-ri,episode_42,450,wrist,cookie,is_behind,black_bowl
move-the-black-bowl-from-the-top-of-the-drawer-to-on-top-of-the-cookie-at-the-ri,episode_42,480,wrist,black_bowl,is_behind,cookie
move-the-black-bowl-from-the-top-of-the-drawer-to-on-top-of-the-cookie-at-the-ri,episode_42,480,wrist,cookie,is_in_front_of,black_bowl
move-the-black-bowl-from-the-top-of-the-drawer-to-on-top-of-the-cookie-at-the-ri,episode_42,510,wrist,black_bowl,is_on_top_of,cookie
move-the-black-bowl-from-the-top-of-the-drawer-to-on-top-of-the-cookie-at-the-ri,episode_42,510,wrist,cookie,is_below_of,black_bowl
move-the-black-bowl-from-the-top-of-the-drawer-to-on-top-of-the-cookie-at-the-ri,episode_42,540,wrist,black_bowl,is_behind,white_plate
move-the-black-bowl-from-the-top-of-the-drawer-to-on-top-of-the-cookie-at-the-ri,episode_42,540,wrist,white_plate,is_in_front_of,black_bowl
move-the-black-bowl-from-the-top-of-the-drawer-to-on-top-of-the-cookie-at-the-ri,episode_42,570,wrist,black_bowl,is_on_top_of,cookie
move-the-black-bowl-from-the-top-of-the-drawer-to-on-top-of-the-cookie-at-the-ri,episode_42,570,wrist,black_bowl,is_behind,black_stove
move-the-black-bowl-from-the-top-of-the-drawer-to-on-top-of-the-cookie-at-the-ri,episode_42,570,wrist,black_bowl,is_right_of,white_plate
move-the-black-bowl-from-the-top-of-the-drawer-to-on-top-of-the-cookie-at-the-ri,episode_42,570,wrist,cookie,is_below_of,black_bowl
move-the-black-bowl-from-the-top-of-the-drawer-to-on-top-of-the-cookie-at-the-ri,episode_42,570,wrist,cookie,is_behind,black_stove
move-the-black-bowl-from-the-top-of-the-drawer-to-on-top-of-the-cookie-at-the-ri,episode_42,570,wrist,cookie,is_right_of,white_plate
move-the-black-bowl-from-the-top-of-the-drawer-to-on-top-of-the-cookie-at-the-ri,episode_42,570,wrist,black_stove,is_in_front_of,black_bowl
move-the-black-bowl-from-the-top-of-the-drawer-to-on-top-of-the-cookie-at-the-ri,episode_42,570,wrist,black_stove,is_in_front_of,cookie
move-the-black-bowl-from-the-top-of-the-drawer-to-on-top-of-the-cookie-at-the-ri,episode_42,570,wrist,black_stove,is_in_front_of,white_plate
move-the-black-bowl-from-the-top-of-the-drawer-to-on-top-of-the-cookie-at-the-ri,episode_42,570,wrist,white_plate,is_left_of,black_bowl
move-the-black-bowl-from-the-top-of-the-drawer-to-on-top-of-the-cookie-at-the-ri,episode_42,570,wrist,white_plate,is_left_of,cookie
move-the-black-bowl-from-the-top-of-the-drawer-to-on-top-of-the-cookie-at-the-ri,episode_42,570,wrist,white_plate,is_behind,black_stove
move-the-black-bowl-from-the-top-of-the-drawer-to-on-top-of-the-cookie-at-the-ri,episode_42,600,wrist,black_bowl,is_on_top_of,cookie
move-the-black-bowl-from-the-top-of-the-drawer-to-on-top-of-the-cookie-at-the-ri,episode_42,600,wrist,black_bowl,is_on_top_of,black_stove
move-the-black-bowl-from-the-top-of-the-drawer-to-on-top-of-the-cookie-at-the-ri,episode_42,600,wrist,black_bowl,is_in_front_of,red_drawer
move-the-black-bowl-from-the-top-of-the-drawer-to-on-top-of-the-cookie-at-the-ri,episode_42,600,wrist,red_drawer,is_behind,black_bowl
move-the-black-bowl-from-the-top-of-the-drawer-to-on-top-of-the-cookie-at-the-ri,episode_42,600,wrist,red_drawer,is_behind,black_stove
move-the-black-bowl-from-the-top-of-the-drawer-to-on-top-of-the-cookie-at-the-ri,episode_42,600,wrist,red_drawer,is_behind,cookie
move-the-black-bowl-from-the-top-of-the-drawer-to-on-top-of-the-cookie-at-the-ri,episode_42,600,wrist,black_stove,is_below_of,black_bowl
move-the-black-bowl-from-the-top-of-the-drawer-to-on-top-of-the-cookie-at-the-ri,episode_42,600,wrist,black_stove,is_below_of,cookie
move-the-black-bowl-from-the-top-of-the-drawer-to-on-top-of-the-cookie-at-the-ri,episode_42,600,wrist,black_stove,is_in_front_of,red_drawer
move-the-black-bowl-from-the-top-of-the-drawer-to-on-top-of-the-cookie-at-the-ri,episode_42,600,wrist,cookie,is_below_of,black_bowl
move-the-black-bowl-from-the-top-of-the-drawer-to-on-top-of-the-cookie-at-the-ri,episode_42,600,wrist,cookie,is_on_top_of,black_stove
move-the-black-bowl-from-the-top-of-the-drawer-to-on-top-of-the-cookie-at-the-ri,episode_42,600,wrist,cookie,is_in_front_of,red_drawer
move-the-black-bowl-from-the-top-of-the-drawer-to-on-top-of-the-cookie-at-the-ri,episode_42,630,wrist,black_bowl,is_right_of,red_drawer
move-the-black-bowl-from-the-top-of-the-drawer-to-on-top-of-the-cookie-at-the-ri,episode_42,630,wrist,red_drawer,is_left_of,black_bowl
move-the-black-bowl-from-the-top-of-the-drawer-to-on-top-of-the-cookie-at-the-ri,episode_42,630,wrist,black_bowl,is_on_top_of,black_stove
move-the-black-bowl-from-the-top-of-the-drawer-to-on-top-of-the-cookie-at-the-ri,episode_42,630,wrist,black_stove,is_below_of,black_bowl
move-the-black-bowl-from-the-top-of-the-drawer-to-on-top-of-the-cookie-at-the-ri,episode_42,630,wrist,black_bowl,is_behind,cookie
move-the-black-bowl-from-the-top-of-the-drawer-to-on-top-of-the-cookie-at-the-ri,episode_42,630,wrist,cookie,is_in_front_of,black_bowl
move-the-black-bowl-from-the-top-of-the-drawer-to-on-top-of-the-cookie-at-the-ri,episode_42,630,wrist,red_drawer,is_behind,black_stove
move-the-black-bowl-from-the-top-of-the-drawer-to-on-top-of-the-cookie-at-the-ri,episode_42,630,wrist,black_stove,is_in_front_of,red_drawer
move-the-black-bowl-from-the-top-of-the-drawer-to-on-top-of-the-cookie-at-the-ri,episode_42,630,wrist,red_drawer,is_behind,cookie
move-the-black-bowl-from-the-top-of-the-drawer-to-on-top-of-the-cookie-at-the-ri,episode_42,630,wrist,cookie,is_in_front_of,red_drawer
move-the-black-bowl-from-the-top-of-the-drawer-to-on-top-of-the-cookie-at-the-ri,episode_42,630,wrist,black_stove,is_behind,cookie
move-the-black-bowl-from-the-top-of-the-drawer-to-on-top-of-the-cookie-at-the-ri,episode_42,630,wrist,cookie,is_in_front_of,black_stove
move-the-black-bowl-from-the-top-of-the-drawer-to-on-top-of-the-cookie-at-the-ri,episode_42,660,wrist,black_bowl,is_on_top_of,black_stove
move-the-black-bowl-from-the-top-of-the-drawer-to-on-top-of-the-cookie-at-the-ri,episode_42,660,wrist,black_stove,is_below_of,black_bowl
move-the-black-bowl-from-the-top-of-the-drawer-to-on-top-of-the-cookie-at-the-ri,episode_42,660,wrist,black_bowl,is_left_of,red_drawer
move-the-black-bowl-from-the-top-of-the-drawer-to-on-top-of-the-cookie-at-the-ri,episode_42,660,wrist,red_drawer,is_right_of,black_bowl
move-the-black-bowl-from-the-top-of-the-drawer-to-on-top-of-the-cookie-at-the-ri,episode_42,660,wrist,black_bowl,is_behind,cookie
move-the-black-bowl-from-the-top-of-the-drawer-to-on-top-of-the-cookie-at-the-ri,episode_42,660,wrist,cookie,is_in_front_of,black_bowl
move-the-black-bowl-from-the-top-of-the-drawer-to-on-top-of-the-cookie-at-the-ri,episode_42,660,wrist,red_drawer,is_behind,black_stove
move-the-black-bowl-from-the-top-of-the-drawer-to-on-top-of-the-cookie-at-the-ri,episode_42,660,wrist,black_stove,is_in_front_of,red_drawer
move-the-black-bowl-from-the-top-of-the-drawer-to-on-top-of-the-cookie-at-the-ri,episode_42,660,wrist,red_drawer,is_behind,cookie
move-the-black-bowl-from-the-top-of-the-drawer-to-on-top-of-the-cookie-at-the-ri,episode_42,660,wrist,cookie,is_in_front_of,red_drawer
move-the-black-bowl-from-the-top-of-the-drawer-to-on-top-of-the-cookie-at-the-ri,episode_42,660,wrist,black_stove,is_behind,cookie
move-the-black-bowl-from-the-top-of-the-drawer-to-on-top-of-the-cookie-at-the-ri,episode_42,660,wrist,cookie,is_in_front_of,black_stove
move-the-black-bowl-from-the-top-of-the-drawer-to-on-top-of-the-cookie-at-the-ri,episode_43,0,wrist,black_bowl,is_on_top_of,red_drawer
move-the-black-bowl-from-the-top-of-the-drawer-to-on-top-of-the-cookie-at-the-ri,episode_43,0,wrist,red_drawer,is_below_of,black_bowl
move-the-black-bowl-from-the-top-of-the-drawer-to-on-top-of-the-cookie-at-the-ri,episode_43,0,wrist,black_bowl,is_left_of,cookie
move-the-black-bowl-from-the-top-of-the-drawer-to-on-top-of-the-cookie-at-the-ri,episode_43,0,wrist,cookie,is_right_of,black_bowl
move-the-black-bowl-from-the-top-of-the-drawer-to-on-top-of-the-cookie-at-the-ri,episode_43,0,wrist,black_bowl,is_left_of,white_plate
move-the-black-bowl-from-the-top-of-the-drawer-to-on-top-of-the-cookie-at-the-ri,episode_43,0,wrist,white_plate,is_right_of,black_bowl
move-the-black-bowl-from-the-top-of-the-drawer-to-on-top-of-the-cookie-at-the-ri,episode_43,0,wrist,red_drawer,is_left_of,cookie
move-the-black-bowl-from-the-top-of-the-drawer-to-on-top-of-the-cookie-at-the-ri,episode_43,0,wrist,cookie,is_right_of,red_drawer
move-the-black-bowl-from-the-top-of-the-drawer-to-on-top-of-the-cookie-at-the-ri,episode_43,0,wrist,red_drawer,is_left_of,white_plate
move-the-black-bowl-from-the-top-of-the-drawer-to-on-top-of-the-cookie-at-the-ri,episode_43,0,wrist,white_plate,is_right_of,red_drawer
move-the-black-bowl-from-the-top-of-the-drawer-to-on-top-of-the-cookie-at-the-ri,episode_43,0,wrist,cookie,is_on_top_of,white_plate
move-the-black-bowl-from-the-top-of-the-drawer-to-on-top-of-the-cookie-at-the-ri,episode_43,0,wrist,white_plate,is_below_of,cookie
move-the-black-bowl-from-the-top-of-the-drawer-to-on-top-of-the-cookie-at-the-ri,episode_43,30,wrist,black_bowl,is_on_top_of,white_plate
move-the-black-bowl-from-the-top-of-the-drawer-to-on-top-of-the-cookie-at-the-ri,episode_43,30,wrist,white_plate,is_below_of,black_bowl
move-the-black-bowl-from-the-top-of-the-drawer-to-on-top-of-the-cookie-at-the-ri,episode_43,30,wrist,black_bowl,is_in_front_of,red_drawer
move-the-black-bowl-from-the-top-of-the-drawer-to-on-top-of-the-cookie-at-the-ri,episode_43,30,wrist,red_drawer,is_behind,black_bowl
move-the-black-bowl-from-the-top-of-the-drawer-to-on-top-of-the-cookie-at-the-ri,episode_43,30,wrist,black_bowl,is_left_of,cookie
move-the-black-bowl-from-the-top-of-the-drawer-to-on-top-of-the-cookie-at-the-ri,episode_43,30,wrist,cookie,is_right_of,black_bowl
move-the-black-bowl-from-the-top-of-the-drawer-to-on-top-of-the-cookie-at-the-ri,episode_43,30,wrist,white_plate,is_in_front_of,red_drawer
move-the-black-bowl-from-the-top-of-the-drawer-to-on-top-of-the-cookie-at-the-ri,episode_43,30,wrist,red_drawer,is_behind,white_plate
move-the-black-bowl-from-the-top-of-the-drawer-to-on-top-of-the-cookie-at-the-ri,episode_43,30,wrist,white_plate,is_left_of,cookie
move-the-black-bowl-from-the-top-of-the-drawer-to-on-top-of-the-cookie-at-the-ri,episode_43,30,wrist,cookie,is_right_of,white_plate
move-the-black-bowl-from-the-top-of-the-drawer-to-on-top-of-the-cookie-at-the-ri,episode_43,30,wrist,red_drawer,is_behind,cookie
move-the-black-bowl-from-the-top-of-the-drawer-to-on-top-of-the-cookie-at-the-ri,episode_43,30,wrist,cookie,is_in_front_of,red_drawer
move-the-black-bowl-from-the-top-of-the-drawer-to-on-top-of-the-cookie-at-the-ri,episode_43,60,wrist,black_bowl,is_on_top_of,black_stove
move-the-black-bowl-from-the-top-of-the-drawer-to-on-top-of-the-cookie-at-the-ri,episode_43,60,wrist,black_bowl,is_in_front_of,red_drawer
move-the-black-bowl-from-the-top-of-the-drawer-to-on-top-of-the-cookie-at-the-ri,episode_43,60,wrist,black_bowl,is_left_of,cookie
move-the-black-bowl-from-the-top-of-the-drawer-to-on-top-of-the-cookie-at-the-ri,episode_43,60,wrist,black_bowl,is_left_of,white_plate
move-the-black-bowl-from-the-top-of-the-drawer-to-on-top-of-the-cookie-at-the-ri,episode_43,60,wrist,red_drawer,is_behind,black_bowl
move-the-black-bowl-from-the-top-of-the-drawer-to-on-top-of-the-cookie-at-the-ri,episode_43,60,wrist,red_drawer,is_behind,black_stove
move-the-black-bowl-from-the-top-of-the-drawer-to-on-top-of-the-cookie-at-the-ri,episode_43,60,wrist,red_drawer,is_behind,cookie
move-the-black-bowl-from-the-top-of-the-drawer-to-on-top-of-the-cookie-at-the-ri,episode_43,60,wrist,red_drawer,is_behind,white_plate
move-the-black-bowl-from-the-top-of-the-drawer-to-on-top-of-the-cookie-at-the-ri,episode_43,60,wrist,black_stove,is_below_of,black_bowl
move-the-black-bowl-from-the-top-of-the-drawer-to-on-top-of-the-cookie-at-the-ri,episode_43,60,wrist,black_stove,is_in_front_of,red_drawer
move-the-black-bowl-from-the-top-of-the-drawer-to-on-top-of-the-cookie-at-the-ri,episode_43,60,wrist,black_stove,is_left_of,cookie
move-the-black-bowl-from-the-top-of-the-drawer-to-on-top-of-the-cookie-at-the-ri,episode_43,60,wrist,black_stove,is_left_of,white_plate
move-the-black-bowl-from-the-top-of-the-drawer-to-on-top-of-the-cookie-at-the-ri,episode_43,60,wrist,cookie,is_right_of,black_bowl
move-the-black-bowl-from-the-top-of-the-drawer-to-on-top-of-the-cookie-at-the-ri,episode_43,60,wrist,cookie,is_in_front_of,red_drawer
move-the-black-bowl-from-the-top-of-the-drawer-to-on-top-of-the-cookie-at-the-ri,episode_43,60,wrist,cookie,is_right_of,black_stove
move-the-black-bowl-from-the-top-of-the-drawer-to-on-top-of-the-cookie-at-the-ri,episode_43,60,wrist,cookie,is_on_top_of,white_plate
move-the-black-bowl-from-the-top-of-the-drawer-to-on-top-of-the-cookie-at-the-ri,episode_43,60,wrist,white_plate,is_right_of,black_bowl
move-the-black-bowl-from-the-top-of-the-drawer-to-on-top-of-the-cookie-at-the-ri,episode_43,60,wrist,white_plate,is_in_front_of,red_drawer
move-the-black-bowl-from-the-top-of-the-drawer-to-on-top-of-the-cookie-at-the-ri,episode_43,60,wrist,white_plate,is_right_of,black_stove
move-the-black-bowl-from-the-top-of-the-drawer-to-on-top-of-the-cookie-at-the-ri,episode_43,60,wrist,white_plate,is_below_of,cookie
move-the-black-bowl-from-the-top-of-the-drawer-to-on-top-of-the-cookie-at-the-ri,episode_43,90,wrist,black_bowl,is_on_top_of,black_stove
move-the-black-bowl-from-the-top-of-the-drawer-to-on-top-of-the-cookie-at-the-ri,episode_43,90,wrist,black_stove,is_below_of,black_bowl
move-the-black-bowl-from-the-top-of-the-drawer-to-on-top-of-the-cookie-at-the-ri,episode_43,90,wrist,black_bowl,is_in_front_of,red_drawer
move-the-black-bowl-from-the-top-of-the-drawer-to-on-top-of-the-cookie-at-the-ri,episode_43,90,wrist,red_drawer,is_behind,black_bowl
move-the-black-bowl-from-the-top-of-the-drawer-to-on-top-of-the-cookie-at-the-ri,episode_43,90,wrist,black_bowl,is_left_of,cookie
move-the-black-bowl-from-the-top-of-the-drawer-to-on-top-of-the-cookie-at-the-ri,episode_43,90,wrist,cookie,is_right_of,black_bowl
move-the-black-bowl-from-the-top-of-the-drawer-to-on-top-of-the-cookie-at-the-ri,episode_43,90,wrist,black_bowl,is_left_of,white_plate
move-the-black-bowl-from-the-top-of-the-drawer-to-on-top-of-the-cookie-at-the-ri,episode_43,90,wrist,white_plate,is_right_of,black_bowl
move-the-black-bowl-from-the-top-of-the-drawer-to-on-top-of-the-cookie-at-the-ri,episode_43,90,wrist,red_drawer,is_behind,black_stove
move-the-black-bowl-from-the-top-of-the-drawer-to-on-top-of-the-cookie-at-the-ri,episode_43,90,wrist,black_stove,is_in_front_of,red_drawer
move-the-black-bowl-from-the-top-of-the-drawer-to-on-top-of-the-cookie-at-the-ri,episode_43,90,wrist,black_stove,is_left_of,cookie
move-the-black-bowl-from-the-top-of-the-drawer-to-on-top-of-the-cookie-at-the-ri,episode_43,90,wrist,cookie,is_right_of,black_stove
move-the-black-bowl-from-the-top-of-the-drawer-to-on-top-of-the-cookie-at-the-ri,episode_43,90,wrist,black_stove,is_left_of,white_plate
move-the-black-bowl-from-the-top-of-the-drawer-to-on-top-of-the-cookie-at-the-ri,episode_43,90,wrist,white_plate,is_right_of,black_stove
move-the-black-bowl-from-the-top-of-the-drawer-to-on-top-of-the-cookie-at-the-ri,episode_43,90,wrist,cookie,is_on_top_of,white_plate
move-the-black-bowl-from-the-top-of-the-drawer-to-on-top-of-the-cookie-at-the-ri,episode_43,90,wrist,white_plate,is_below_of,cookie
move-the-black-bowl-from-the-top-of-the-drawer-to-on-top-of-the-cookie-at-the-ri,episode_43,90,wrist,cookie,is_in_front_of,red_drawer
move-the-black-bowl-from-the-top-of-the-drawer-to-on-top-of-the-cookie-at-the-ri,episode_43,90,wrist,red_drawer,is_behind,cookie
move-the-black-bowl-from-the-top-of-the-drawer-to-on-top-of-the-cookie-at-the-ri,episode_43,90,wrist,white_plate,is_in_front_of,red_drawer
move-the-black-bowl-from-the-top-of-the-drawer-to-on-top-of-the-cookie-at-the-ri,episode_43,90,wrist,red_drawer,is_behind,white_plate
move-the-black-bowl-from-the-top-of-the-drawer-to-on-top-of-the-cookie-at-the-ri,episode_43,120,wrist,black_bowl,is_on_top_of,red_drawer
move-the-black-bowl-from-the-top-of-the-drawer-to-on-top-of-the-cookie-at-the-ri,episode_43,120,wrist,red_drawer,is_below_of,black_bowl
move-the-black-bowl-from-the-top-of-the-drawer-to-on-top-of-the-cookie-at-the-ri,episode_43,120,wrist,black_bowl,is_left_of,black_stove
move-the-black-bowl-from-the-top-of-the-drawer-to-on-top-of-the-cookie-at-the-ri,episode_43,120,wrist,black_stove,is_right_of,black_bowl
move-the-black-bowl-from-the-top-of-the-drawer-to-on-top-of-the-cookie-at-the-ri,episode_43,120,wrist,black_bowl,is_left_of,cookie
move-the-black-bowl-from-the-top-of-the-drawer-to-on-top-of-the-cookie-at-the-ri,episode_43,120,wrist,cookie,is_right_of,black_bowl
move-the-black-bowl-from-the-top-of-the-drawer-to-on-top-of-the-cookie-at-the-ri,episode_43,120,wrist,black_bowl,is_left_of,white_plate
move-the-black-bowl-from-the-top-of-the-drawer-to-on-top-of-the-cookie-at-the-ri,episode_43,120,wrist,white_plate,is_right_of,black_bowl
move-the-black-bowl-from-the-top-of-the-drawer-to-on-top-of-the-cookie-at-the-ri,episode_43,120,wrist,red_drawer,is_left_of,black_stove
move-the-black-bowl-from-the-top-of-the-drawer-to-on-top-of-the-cookie-at-the-ri,episode_43,120,wrist,black_stove,is_right_of,red_drawer
move-the-black-bowl-from-the-top-of-the-drawer-to-on-top-of-the-cookie-at-the-ri,episode_43,120,wrist,red_drawer,is_left_of,cookie
move-the-black-bowl-from-the-top-of-the-drawer-to-on-top-of-the-cookie-at-the-ri,episode_43,120,wrist,cookie,is_right_of,red_drawer
move-the-black-bowl-from-the-top-of-the-drawer-to-on-top-of-the-cookie-at-the-ri,episode_43,120,wrist,red_drawer,is_left_of,white_plate
move-the-black-bowl-from-the-top-of-the-drawer-to-on-top-of-the-cookie-at-the-ri,episode_43,120,wrist,white_plate,is_right_of,red_drawer
move-the-black-bowl-from-the-top-of-the-drawer-to-on-top-of-the-cookie-at-the-ri,episode_43,120,wrist,black_stove,is_behind,cookie
move-the-black-bowl-from-the-top-of-the-drawer-to-on-top-of-the-cookie-at-the-ri,episode_43,120,wrist,cookie,is_in_front_of,black_stove
move-the-black-bowl-from-the-top-of-the-drawer-to-on-top-of-the-cookie-at-the-ri,episode_43,120,wrist,black_stove,is_behind,white_plate
move-the-black-bowl-from-the-top-of-the-drawer-to-on-top-of-the-cookie-at-the-ri,episode_43,120,wrist,white_plate,is_in_front_of,black_stove
move-the-black-bowl-from-the-top-of-the-drawer-to-on-top-of-the-cookie-at-the-ri,episode_43,120,wrist,cookie,is_on_top_of,white_plate
move-the-black-bowl-from-the-top-of-the-drawer-to-on-top-of-the-cookie-at-the-ri,episode_43,120,wrist,white_plate,is_below_of,cookie
move-the-black-bowl-from-the-top-of-the-drawer-to-on-top-of-the-cookie-at-the-ri,episode_43,150,wrist,black_bowl,is_on_top_of,red_drawer
move-the-black-bowl-from-the-top-of-the-drawer-to-on-top-of-the-cookie-at-the-ri,episode_43,150,wrist,red_drawer,is_below_of,black_bowl
move-the-black-bowl-from-the-top-of-the-drawer-to-on-top-of-the-cookie-at-the-ri,episode_43,150,wrist,black_bowl,is_left_of,black_stove
move-the-black-bowl-from-the-top-of-the-drawer-to-on-top-of-the-cookie-at-the-ri,episode_43,150,wrist,black_stove,is_right_of,black_bowl
move-the-black-bowl-from-the-top-of-the-drawer-to-on-top-of-the-cookie-at-the-ri,episode_43,150,wrist,black_bowl,is_left_of,cookie
move-the-black-bowl-from-the-top-of-the-drawer-to-on-top-of-the-cookie-at-the-ri,episode_43,150,wrist,cookie,is_right_of,black_bowl
move-the-black-bowl-from-the-top-of-the-drawer-to-on-top-of-the-cookie-at-the-ri,episode_43,150,wrist,black_bowl,is_left_of,white_plate
move-the-black-bowl-from-the-top-of-the-drawer-to-on-top-of-the-cookie-at-the-ri,episode_43,150,wrist,white_plate,is_right_of,black_bowl
move-the-black-bowl-from-the-top-of-the-drawer-to-on-top-of-the-cookie-at-the-ri,episode_43,150,wrist,red_drawer,is_left_of,black_stove
move-the-black-bowl-from-the-top-of-the-drawer-to-on-top-of-the-cookie-at-the-ri,episode_43,150,wrist,black_stove,is_right_of,red_drawer
move-the-black-bowl-from-the-top-of-the-drawer-to-on-top-of-the-cookie-at-the-ri,episode_43,150,wrist,red_drawer,is_left_of,cookie
move-the-black-bowl-from-the-top-of-the-drawer-to-on-top-of-the-cookie-at-the-ri,episode_43,150,wrist,cookie,is_right_of,red_drawer
move-the-black-bowl-from-the-top-of-the-drawer-to-on-top-of-the-cookie-at-the-ri,episode_43,150,wrist,red_drawer,is_left_of,white_plate
move-the-black-bowl-from-the-top-of-the-drawer-to-on-top-of-the-cookie-at-the-ri,episode_43,150,wrist,white_plate,is_right_of,red_drawer
move-the-black-bowl-from-the-top-of-the-drawer-to-on-top-of-the-cookie-at-the-ri,episode_43,150,wrist,black_stove,is_behind,cookie
move-the-black-bowl-from-the-top-of-the-drawer-to-on-top-of-the-cookie-at-the-ri,episode_43,150,wrist,cookie,is_in_front_of,black_stove
move-the-black-bowl-from-the-top-of-the-drawer-to-on-top-of-the-cookie-at-the-ri,episode_43,150,wrist,black_stove,is_behind,white_plate
move-the-black-bowl-from-the-top-of-the-drawer-to-on-top-of-the-cookie-at-the-ri,episode_43,150,wrist,white_plate,is_in_front_of,black_stove
move-the-black-bowl-from-the-top-of-the-drawer-to-on-top-of-the-cookie-at-the-ri,episode_43,150,wrist,cookie,is_on_top_of,white_plate
move-the-black-bowl-from-the-top-of-the-drawer-to-on-top-of-the-cookie-at-the-ri,episode_43,150,wrist,white_plate,is_below_of,cookie
move-the-black-bowl-from-the-top-of-the-drawer-to-on-top-of-the-cookie-at-the-ri,episode_43,180,wrist,black_bowl,is_on_top_of,red_drawer
move-the-black-bowl-from-the-top-of-the-drawer-to-on-top-of-the-cookie-at-the-ri,episode_43,180,wrist,red_drawer,is_below_of,black_bowl
move-the-black-bowl-from-the-top-of-the-drawer-to-on-top-of-the-cookie-at-the-ri,episode_43,180,wrist,black_bowl,is_behind,cookie
move-the-black-bowl-from-the-top-of-the-drawer-to-on-top-of-the-cookie-at-the-ri,episode_43,180,wrist,cookie,is_in_front_of,black_bowl
move-the-black-bowl-from-the-top-of-the-drawer-to-on-top-of-the-cookie-at-the-ri,episode_43,180,wrist,red_drawer,is_behind,cookie
move-the-black-bowl-from-the-top-of-the-drawer-to-on-top-of-the-cookie-at-the-ri,episode_43,180,wrist,cookie,is_in_front_of,red_drawer
move-the-black-bowl-from-the-top-of-the-drawer-to-on-top-of-the-cookie-at-the-ri,episode_43,210,wrist,white_plate,is_on_top_of,red_drawer
move-the-black-bowl-from-the-top-of-the-drawer-to-on-top-of-the-cookie-at-the-ri,episode_43,210,wrist,red_drawer,contains,white_plate
move-the-black-bowl-from-the-top-of-the-drawer-to-on-top-of-the-cookie-at-the-ri,episode_43,210,wrist,white_plate,is_behind,cookie
move-the-black-bowl-from-the-top-of-the-drawer-to-on-top-of-the-cookie-at-the-ri,episode_43,210,wrist,cookie,is_in_front_of,white_plate
move-the-black-bowl-from-the-top-of-the-drawer-to-on-top-of-the-cookie-at-the-ri,episode_43,210,wrist,cookie,is_on_top_of,red_drawer
move-the-black-bowl-from-the-top-of-the-drawer-to-on-top-of-the-cookie-at-the-ri,episode_43,210,wrist,red_drawer,contains,cookie
move-the-black-bowl-from-the-top-of-the-drawer-to-on-top-of-the-cookie-at-the-ri,episode_43,240,wrist,black_bowl,is_on_top_of,red_drawer
move-the-black-bowl-from-the-top-of-the-drawer-to-on-top-of-the-cookie-at-the-ri,episode_43,240,wrist,red_drawer,is_below_of,black_bowl
move-the-black-bowl-from-the-top-of-the-drawer-to-on-top-of-the-cookie-at-the-ri,episode_43,240,wrist,black_bowl,is_behind,black_stove
move-the-black-bowl-from-the-top-of-the-drawer-to-on-top-of-the-cookie-at-the-ri,episode_43,240,wrist,black_stove,is_in_front_of,black_bowl
move-the-black-bowl-from-the-top-of-the-drawer-to-on-top-of-the-cookie-at-the-ri,episode_43,240,wrist,black_bowl,is_behind,cookie
move-the-black-bowl-from-the-top-of-the-drawer-to-on-top-of-the-cookie-at-the-ri,episode_43,240,wrist,cookie,is_in_front_of,black_bowl
move-the-black-bowl-from-the-top-of-the-drawer-to-on-top-of-the-cookie-at-the-ri,episode_43,240,wrist,black_bowl,is_behind,white_plate
move-the-black-bowl-from-the-top-of-the-drawer-to-on-top-of-the-cookie-at-the-ri,episode_43,240,wrist,white_plate,is_in_front_of,black_bowl
move-the-black-bowl-from-the-top-of-the-drawer-to-on-top-of-the-cookie-at-the-ri,episode_43,240,wrist,red_drawer,is_behind,black_stove
move-the-black-bowl-from-the-top-of-the-drawer-to-on-top-of-the-cookie-at-the-ri,episode_43,240,wrist,black_stove,is_in_front_of,red_drawer
move-the-black-bowl-from-the-top-of-the-drawer-to-on-top-of-the-cookie-at-the-ri,episode_43,240,wrist,red_drawer,is_behind,cookie
move-the-black-bowl-from-the-top-of-the-drawer-to-on-top-of-the-cookie-at-the-ri,episode_43,240,wrist,cookie,is_in_front_of,red_drawer
move-the-black-bowl-from-the-top-of-the-drawer-to-on-top-of-the-cookie-at-the-ri,episode_43,240,wrist,red_drawer,is_behind,white_plate
move-the-black-bowl-from-the-top-of-the-drawer-to-on-top-of-the-cookie-at-the-ri,episode_43,240,wrist,white_plate,is_in_front_of,red_drawer
move-the-black-bowl-from-the-top-of-the-drawer-to-on-top-of-the-cookie-at-the-ri,episode_43,240,wrist,black_stove,is_left_of,cookie
move-the-black-bowl-from-the-top-of-the-drawer-to-on-top-of-the-cookie-at-the-ri,episode_43,240,wrist,cookie,is_right_of,black_stove
move-the-black-bowl-from-the-top-of-the-drawer-to-on-top-of-the-cookie-at-the-ri,episode_43,240,wrist,black_stove,is_left_of,white_plate
move-the-black-bowl-from-the-top-of-the-drawer-to-on-top-of-the-cookie-at-the-ri,episode_43,240,wrist,white_plate,is_right_of,black_stove
move-the-black-bowl-from-the-top-of-the-drawer-to-on-top-of-the-cookie-at-the-ri,episode_43,240,wrist,cookie,is_on_top_of,white_plate
move-the-black-bowl-from-the-top-of-the-drawer-to-on-top-of-the-cookie-at-the-ri,episode_43,240,wrist,white_plate,is_below_of,cookie
move-the-black-bowl-from-the-top-of-the-drawer-to-on-top-of-the-cookie-at-the-ri,episode_43,270,wrist,black_bowl,is_on_top_of,red_drawer
move-the-black-bowl-from-the-top-of-the-drawer-to-on-top-of-the-cookie-at-the-ri,episode_43,270,wrist,red_drawer,is_below_of,black_bowl
move-the-black-bowl-from-the-top-of-the-drawer-to-on-top-of-the-cookie-at-the-ri,episode_43,270,wrist,black_bowl,is_behind,white_plate
move-the-black-bowl-from-the-top-of-the-drawer-to-on-top-of-the-cookie-at-the-ri,episode_43,270,wrist,white_plate,is_in_front_of,black_bowl
move-the-black-bowl-from-the-top-of-the-drawer-to-on-top-of-the-cookie-at-the-ri,episode_43,270,wrist,red_drawer,is_behind,white_plate
move-the-black-bowl-from-the-top-of-the-drawer-to-on-top-of-the-cookie-at-the-ri,episode_43,270,wrist,white_plate,is_in_front_of,red_drawer
move-the-black-bowl-from-the-top-of-the-drawer-to-on-top-of-the-cookie-at-the-ri,episode_43,300,wrist,black_bowl,is_on_top_of,red_drawer
move-the-black-bowl-from-the-top-of-the-drawer-to-on-top-of-the-cookie-at-the-ri,episode_43,300,wrist,red_drawer,is_below_of,black_bowl
move-the-black-bowl-from-the-top-of-the-drawer-to-on-top-of-the-cookie-at-the-ri,episode_43,300,wrist,black_bowl,is_behind,black_stove
move-the-black-bowl-from-the-top-of-the-drawer-to-on-top-of-the-cookie-at-the-ri,episode_43,300,wrist,black_stove,is_in_front_of,black_bowl
move-the-black-bowl-from-the-top-of-the-drawer-to-on-top-of-the-cookie-at-the-ri,episode_43,300,wrist,black_bowl,is_left_of,cookie
move-the-black-bowl-from-the-top-of-the-drawer-to-on-top-of-the-cookie-at-the-ri,episode_43,300,wrist,cookie,is_right_of,black_bowl
move-the-black-bowl-from-the-top-of-the-drawer-to-on-top-of-the-cookie-at-the-ri,episode_43,300,wrist,black_bowl,is_left_of,white_plate
move-the-black-bowl-from-the-top-of-the-drawer-to-on-top-of-the-cookie-at-the-ri,episode_43,300,wrist,white_plate,is_right_of,black_bowl
move-the-black-bowl-from-the-top-of-the-drawer-to-on-top-of-the-cookie-at-the-ri,episode_43,300,wrist,red_drawer,is_behind,black_stove
move-the-black-bowl-from-the-top-of-the-drawer-to-on-top-of-the-cookie-at-the-ri,episode_43,300,wrist,black_stove,is_in_front_of,red_drawer
move-the-black-bowl-from-the-top-of-the-drawer-to-on-top-of-the-cookie-at-the-ri,episode_43,300,wrist,red_drawer,is_left_of,cookie
move-the-black-bowl-from-the-top-of-the-drawer-to-on-top-of-the-cookie-at-the-ri,episode_43,300,wrist,cookie,is_right_of,red_drawer
move-the-black-bowl-from-the-top-of-the-drawer-to-on-top-of-the-cookie-at-the-ri,episode_43,300,wrist,red_drawer,is_left_of,white_plate
move-the-black-bowl-from-the-top-of-the-drawer-to-on-top-of-the-cookie-at-the-ri,episode_43,300,wrist,white_plate,is_right_of,red_drawer
move-the-black-bowl-from-the-top-of-the-drawer-to-on-top-of-the-cookie-at-the-ri,episode_43,300,wrist,black_stove,is_in_front_of,cookie
move-the-black-bowl-from-the-top-of-the-drawer-to-on-top-of-the-cookie-at-the-ri,episode_43,300,wrist,cookie,is_behind,black_stove
move-the-black-bowl-from-the-top-of-the-drawer-to-on-top-of-the-cookie-at-the-ri,episode_43,300,wrist,black_stove,is_in_front_of,white_plate
move-the-black-bowl-from-the-top-of-the-drawer-to-on-top-of-the-cookie-at-the-ri,episode_43,300,wrist,white_plate,is_behind,black_stove
move-the-black-bowl-from-the-top-of-the-drawer-to-on-top-of-the-cookie-at-the-ri,episode_43,300,wrist,cookie,is_on_top_of,white_plate
move-the-black-bowl-from-the-top-of-the-drawer-to-on-top-of-the-cookie-at-the-ri,episode_43,300,wrist,white_plate,is_below_of,cookie
move-the-black-bowl-from-the-top-of-the-drawer-to-on-top-of-the-cookie-at-the-ri,episode_43,330,wrist,black_bowl,is_on_top_of,red_drawer
move-the-black-bowl-from-the-top-of-the-drawer-to-on-top-of-the-cookie-at-the-ri,episode_43,330,wrist,red_drawer,is_below_of,black_bowl
move-the-black-bowl-from-the-top-of-the-drawer-to-on-top-of-the-cookie-at-the-ri,episode_43,330,wrist,black_bowl,is_right_of,black_stove
move-the-black-bowl-from-the-top-of-the-drawer-to-on-top-of-the-cookie-at-the-ri,episode_43,330,wrist,black_stove,is_left_of,black_bowl
move-the-black-bowl-from-the-top-of-the-drawer-to-on-top-of-the-cookie-at-the-ri,episode_43,330,wrist,black_bowl,is_behind,cookie
move-the-black-bowl-from-the-top-of-the-drawer-to-on-top-of-the-cookie-at-the-ri,episode_43,330,wrist,cookie,is_in_front_of,black_bowl
move-the-black-bowl-from-the-top-of-the-drawer-to-on-top-of-the-cookie-at-the-ri,episode_43,330,wrist,black_bowl,is_behind,white_plate
move-the-black-bowl-from-the-top-of-the-drawer-to-on-top-of-the-cookie-at-the-ri,episode_43,330,wrist,white_plate,is_in_front_of,black_bowl
move-the-black-bowl-from-the-top-of-the-drawer-to-on-top-of-the-cookie-at-the-ri,episode_43,330,wrist,red_drawer,is_right_of,black_stove
move-the-black-bowl-from-the-top-of-the-drawer-to-on-top-of-the-cookie-at-the-ri,episode_43,330,wrist,black_stove,is_left_of,red_drawer
move-the-black-bowl-from-the-top-of-the-drawer-to-on-top-of-the-cookie-at-the-ri,episode_43,330,wrist,red_drawer,is_behind,cookie
move-the-black-bowl-from-the-top-of-the-drawer-to-on-top-of-the-cookie-at-the-ri,episode_43,330,wrist,cookie,is_in_front_of,red_drawer
move-the-black-bowl-from-the-top-of-the-drawer-to-on-top-of-the-cookie-at-the-ri,episode_43,330,wrist,red_drawer,is_behind,white_plate
move-the-black-bowl-from-the-top-of-the-drawer-to-on-top-of-the-cookie-at-the-ri,episode_43,330,wrist,white_plate,is_in_front_of,red_drawer
move-the-black-bowl-from-the-top-of-the-drawer-to-on-top-of-the-cookie-at-the-ri,episode_43,330,wrist,black_stove,is_behind,cookie
move-the-black-bowl-from-the-top-of-the-drawer-to-on-top-of-the-cookie-at-the-ri,episode_43,330,wrist,cookie,is_in_front_of,black_stove
move-the-black-bowl-from-the-top-of-the-drawer-to-on-top-of-the-cookie-at-the-ri,episode_43,330,wrist,black_stove,is_behind,white_plate
move-the-black-bowl-from-the-top-of-the-drawer-to-on-top-of-the-cookie-at-the-ri,episode_43,330,wrist,white_plate,is_in_front_of,black_stove
move-the-black-bowl-from-the-top-of-the-drawer-to-on-top-of-the-cookie-at-the-ri,episode_43,330,wrist,cookie,is_on_top_of,white_plate
move-the-black-bowl-from-the-top-of-the-drawer-to-on-top-of-the-cookie-at-the-ri,episode_43,330,wrist,white_plate,is_below_of,cookie
move-the-black-bowl-from-the-top-of-the-drawer-to-on-top-of-the-cookie-at-the-ri,episode_43,360,wrist,black_bowl,is_in_front_of,red_drawer
move-the-black-bowl-from-the-top-of-the-drawer-to-on-top-of-the-cookie-at-the-ri,episode_43,360,wrist,red_drawer,is_behind,black_bowl
move-the-black-bowl-from-the-top-of-the-drawer-to-on-top-of-the-cookie-at-the-ri,episode_43,360,wrist,black_bowl,is_in_front_of,black_stove
move-the-black-bowl-from-the-top-of-the-drawer-to-on-top-of-the-cookie-at-the-ri,episode_43,360,wrist,black_stove,is_behind,black_bowl
move-the-black-bowl-from-the-top-of-the-drawer-to-on-top-of-the-cookie-at-the-ri,episode_43,360,wrist,black_bowl,is_right_of,cookie
move-the-black-bowl-from-the-top-of-the-drawer-to-on-top-of-the-cookie-at-the-ri,episode_43,360,wrist,cookie,is_left_of,black_bowl
move-the-black-bowl-from-the-top-of-the-drawer-to-on-top-of-the-cookie-at-the-ri,episode_43,360,wrist,black_bowl,is_right_of,white_plate
move-the-black-bowl-from-the-top-of-the-drawer-to-on-top-of-the-cookie-at-the-ri,episode_43,360,wrist,white_plate,is_left_of,black_bowl
move-the-black-bowl-from-the-top-of-the-drawer-to-on-top-of-the-cookie-at-the-ri,episode_43,360,wrist,red_drawer,is_behind,black_stove
move-the-black-bowl-from-the-top-of-the-drawer-to-on-top-of-the-cookie-at-the-ri,episode_43,360,wrist,black_stove,is_in_front_of,red_drawer
move-the-black-bowl-from-the-top-of-the-drawer-to-on-top-of-the-cookie-at-the-ri,episode_43,360,wrist,red_drawer,is_behind,cookie
move-the-black-bowl-from-the-top-of-the-drawer-to-on-top-of-the-cookie-at-the-ri,episode_43,360,wrist,cookie,is_in_front_of,red_drawer
move-the-black-bowl-from-the-top-of-the-drawer-to-on-top-of-the-cookie-at-the-ri,episode_43,360,wrist,red_drawer,is_behind,white_plate
move-the-black-bowl-from-the-top-of-the-drawer-to-on-top-of-the-cookie-at-the-ri,episode_43,360,wrist,white_plate,is_in_front_of,red_drawer
move-the-black-bowl-from-the-top-of-the-drawer-to-on-top-of-the-cookie-at-the-ri,episode_43,360,wrist,black_stove,is_behind,cookie
move-the-black-bowl-from-the-top-of-the-drawer-to-on-top-of-the-cookie-at-the-ri,episode_43,360,wrist,cookie,is_in_front_of,black_stove
move-the-black-bowl-from-the-top-of-the-drawer-to-on-top-of-the-cookie-at-the-ri,episode_43,360,wrist,black_stove,is_behind,white_plate
move-the-black-bowl-from-the-top-of-the-drawer-to-on-top-of-the-cookie-at-the-ri,episode_43,360,wrist,white_plate,is_in_front_of,black_stove
move-the-black-bowl-from-the-top-of-the-drawer-to-on-top-of-the-cookie-at-the-ri,episode_43,360,wrist,cookie,is_in_front_of,white_plate
move-the-black-bowl-from-the-top-of-the-drawer-to-on-top-of-the-cookie-at-the-ri,episode_43,360,wrist,white_plate,is_behind,cookie
move-the-black-bowl-from-the-top-of-the-drawer-to-on-top-of-the-cookie-at-the-ri,episode_43,390,wrist,black_bowl,is_on_top_of,cookie
move-the-black-bowl-from-the-top-of-the-drawer-to-on-top-of-the-cookie-at-the-ri,episode_43,390,wrist,cookie,is_below_of,black_bowl
move-the-black-bowl-from-the-top-of-the-drawer-to-on-top-of-the-cookie-at-the-ri,episode_43,390,wrist,black_bowl,is_on_top_of,red_drawer
move-the-black-bowl-from-the-top-of-the-drawer-to-on-top-of-the-cookie-at-the-ri,episode_43,390,wrist,red_drawer,is_below_of,black_bowl
move-the-black-bowl-from-the-top-of-the-drawer-to-on-top-of-the-cookie-at-the-ri,episode_43,390,wrist,cookie,is_on_top_of,red_drawer
move-the-black-bowl-from-the-top-of-the-drawer-to-on-top-of-the-cookie-at-the-ri,episode_43,390,wrist,red_drawer,is_below_of,cookie
move-the-black-bowl-from-the-top-of-the-drawer-to-on-top-of-the-cookie-at-the-ri,episode_43,420,wrist,black_bowl,is_in_front_of,cookie
move-the-black-bowl-from-the-top-of-the-drawer-to-on-top-of-the-cookie-at-the-ri,episode_43,420,wrist,cookie,is_behind,black_bowl
move-the-black-bowl-from-the-top-of-the-drawer-to-on-top-of-the-cookie-at-the-ri,episode_43,420,wrist,black_bowl,is_in_front_of,black_stove
move-the-black-bowl-from-the-top-of-the-drawer-to-on-top-of-the-cookie-at-the-ri,episode_43,420,wrist,black_stove,is_behind,black_bowl
move-the-black-bowl-from-the-top-of-the-drawer-to-on-top-of-the-cookie-at-the-ri,episode_43,420,wrist,cookie,is_on_top_of,black_stove
move-the-black-bowl-from-the-top-of-the-drawer-to-on-top-of-the-cookie-at-the-ri,episode_43,420,wrist,black_stove,is_below_of,cookie
move-the-black-bowl-from-the-top-of-the-drawer-to-on-top-of-the-cookie-at-the-ri,episode_43,450,wrist,black_bowl,is_on_top_of,cookie
move-the-black-bowl-from-the-top-of-the-drawer-to-on-top-of-the-cookie-at-the-ri,episode_43,450,wrist,cookie,is_below_of,black_bowl
move-the-black-bowl-from-the-top-of-the-drawer-to-on-top-of-the-cookie-at-the-ri,episode_43,480,wrist,black_bowl,is_on_top_of,cookie
move-the-black-bowl-from-the-top-of-the-drawer-to-on-top-of-the-cookie-at-the-ri,episode_43,480,wrist,black_bowl,is_in_front_of,white_plate
move-the-black-bowl-from-the-top-of-the-drawer-to-on-top-of-the-cookie-at-the-ri,episode_43,480,wrist,cookie,is_below_of,black_bowl
move-the-black-bowl-from-the-top-of-the-drawer-to-on-top-of-the-cookie-at-the-ri,episode_43,480,wrist,cookie,is_in_front_of,white_plate
move-the-black-bowl-from-the-top-of-the-drawer-to-on-top-of-the-cookie-at-the-ri,episode_43,480,wrist,white_plate,is_behind,black_bowl
move-the-black-bowl-from-the-top-of-the-drawer-to-on-top-of-the-cookie-at-the-ri,episode_43,480,wrist,white_plate,is_behind,cookie
move-the-black-bowl-from-the-top-of-the-drawer-to-on-top-of-the-cookie-at-the-ri,episode_43,510,wrist,white_plate,is_on_top_of,black_stove
move-the-black-bowl-from-the-top-of-the-drawer-to-on-top-of-the-cookie-at-the-ri,episode_43,510,wrist,black_stove,is_below_of,white_plate
move-the-black-bowl-from-the-top-of-the-drawer-to-on-top-of-the-cookie-at-the-ri,episode_43,510,wrist,white_plate,is_in_front_of,red_drawer
move-the-black-bowl-from-the-top-of-the-drawer-to-on-top-of-the-cookie-at-the-ri,episode_43,510,wrist,red_drawer,is_behind,white_plate
move-the-black-bowl-from-the-top-of-the-drawer-to-on-top-of-the-cookie-at-the-ri,episode_43,510,wrist,black_stove,is_in_front_of,red_drawer
move-the-black-bowl-from-the-top-of-the-drawer-to-on-top-of-the-cookie-at-the-ri,episode_43,510,wrist,red_drawer,is_behind,black_stove
move-the-black-bowl-from-the-top-of-the-drawer-to-on-top-of-the-cookie-at-the-ri,episode_43,540,wrist,black_bowl,is_on_top_of,black_stove
move-the-black-bowl-from-the-top-of-the-drawer-to-on-top-of-the-cookie-at-the-ri,episode_43,540,wrist,black_stove,is_below_of,black_bowl
move-the-black-bowl-from-the-top-of-the-drawer-to-on-top-of-the-cookie-at-the-ri,episode_43,540,wrist,black_bowl,is_left_of,red_drawer
move-the-black-bowl-from-the-top-of-the-drawer-to-on-top-of-the-cookie-at-the-ri,episode_43,540,wrist,red_drawer,is_right_of,black_bowl
move-the-black-bowl-from-the-top-of-the-drawer-to-on-top-of-the-cookie-at-the-ri,episode_43,540,wrist,black_stove,is_left_of,red_drawer
move-the-black-bowl-from-the-top-of-the-drawer-to-on-top-of-the-cookie-at-the-ri,episode_43,540,wrist,red_drawer,is_right_of,black_stove
move-the-black-bowl-from-the-top-of-the-drawer-to-on-top-of-the-cookie-at-the-ri,episode_43,570,wrist,black_bowl,is_on_top_of,black_stove
move-the-black-bowl-from-the-top-of-the-drawer-to-on-top-of-the-cookie-at-the-ri,episode_43,570,wrist,black_stove,is_below_of,black_bowl
move-the-black-bowl-from-the-top-of-the-drawer-to-on-top-of-the-cookie-at-the-ri,episode_43,570,wrist,black_bowl,is_in_front_of,red_drawer
move-the-black-bowl-from-the-top-of-the-drawer-to-on-top-of-the-cookie-at-the-ri,episode_43,570,wrist,red_drawer,is_behind,black_bowl
move-the-black-bowl-from-the-top-of-the-drawer-to-on-top-of-the-cookie-at-the-ri,episode_43,570,wrist,black_bowl,is_left_of,cookie
move-the-black-bowl-from-the-top-of-the-drawer-to-on-top-of-the-cookie-at-the-ri,episode_43,570,wrist,cookie,is_right_of,black_bowl
move-the-black-bowl-from-the-top-of-the-drawer-to-on-top-of-the-cookie-at-the-ri,episode_43,570,wrist,black_bowl,is_left_of,white_plate
move-the-black-bowl-from-the-top-of-the-drawer-to-on-top-of-the-cookie-at-the-ri,episode_43,570,wrist,white_plate,is_right_of,black_bowl
move-the-black-bowl-from-the-top-of-the-drawer-to-on-top-of-the-cookie-at-the-ri,episode_43,570,wrist,red_drawer,is_behind,black_stove
move-the-black-bowl-from-the-top-of-the-drawer-to-on-top-of-the-cookie-at-the-ri,episode_43,570,wrist,black_stove,is_in_front_of,red_drawer
move-the-black-bowl-from-the-top-of-the-drawer-to-on-top-of-the-cookie-at-the-ri,episode_43,570,wrist,black_stove,is_left_of,cookie
move-the-black-bowl-from-the-top-of-the-drawer-to-on-top-of-the-cookie-at-the-ri,episode_43,570,wrist,cookie,is_right_of,black_stove
move-the-black-bowl-from-the-top-of-the-drawer-to-on-top-of-the-cookie-at-the-ri,episode_43,570,wrist,black_stove,is_left_of,white_plate
move-the-black-bowl-from-the-top-of-the-drawer-to-on-top-of-the-cookie-at-the-ri,episode_43,570,wrist,white_plate,is_right_of,black_stove
move-the-black-bowl-from-the-top-of-the-drawer-to-on-top-of-the-cookie-at-the-ri,episode_43,570,wrist,red_drawer,is_behind,cookie
move-the-black-bowl-from-the-top-of-the-drawer-to-on-top-of-the-cookie-at-the-ri,episode_43,570,wrist,cookie,is_in_front_of,red_drawer
move-the-black-bowl-from-the-top-of-the-drawer-to-on-top-of-the-cookie-at-the-ri,episode_43,570,wrist,red_drawer,is_behind,white_plate
move-the-black-bowl-from-the-top-of-the-drawer-to-on-top-of-the-cookie-at-the-ri,episode_43,570,wrist,white_plate,is_in_front_of,red_drawer
move-the-black-bowl-from-the-top-of-the-drawer-to-on-top-of-the-cookie-at-the-ri,episode_43,570,wrist,cookie,is_on_top_of,white_plate
move-the-black-bowl-from-the-top-of-the-drawer-to-on-top-of-the-cookie-at-the-ri,episode_43,570,wrist,white_plate,is_below_of,cookie
move-the-black-bowl-from-the-top-of-the-drawer-to-on-top-of-the-cookie-at-the-ri,episode_44,0,wrist,black_bowl,is_on_top_of,red_drawer
move-the-black-bowl-from-the-top-of-the-drawer-to-on-top-of-the-cookie-at-the-ri,episode_44,0,wrist,red_drawer,is_below_of,black_bowl
move-the-black-bowl-from-the-top-of-the-drawer-to-on-top-of-the-cookie-at-the-ri,episode_44,30,wrist,black_bowl,is_on_top_of,red_drawer
move-the-black-bowl-from-the-top-of-the-drawer-to-on-top-of-the-cookie-at-the-ri,episode_44,30,wrist,red_drawer,is_below_of,black_bowl
move-the-black-bowl-from-the-top-of-the-drawer-to-on-top-of-the-cookie-at-the-ri,episode_44,30,wrist,black_bowl,is_left_of,white_plate
move-the-black-bowl-from-the-top-of-the-drawer-to-on-top-of-the-cookie-at-the-ri,episode_44,30,wrist,white_plate,is_right_of,black_bowl
move-the-black-bowl-from-the-top-of-the-drawer-to-on-top-of-the-cookie-at-the-ri,episode_44,30,wrist,red_drawer,is_left_of,white_plate
move-the-black-bowl-from-the-top-of-the-drawer-to-on-top-of-the-cookie-at-the-ri,episode_44,30,wrist,white_plate,is_right_of,red_drawer
move-the-black-bowl-from-the-top-of-the-drawer-to-on-top-of-the-cookie-at-the-ri,episode_44,60,wrist,black_bowl,is_on_top_of,red_drawer
move-the-black-bowl-from-the-top-of-the-drawer-to-on-top-of-the-cookie-at-the-ri,episode_44,60,wrist,red_drawer,is_below_of,black_bowl
move-the-black-bowl-from-the-top-of-the-drawer-to-on-top-of-the-cookie-at-the-ri,episode_44,60,wrist,black_bowl,is_left_of,white_plate
move-the-black-bowl-from-the-top-of-the-drawer-to-on-top-of-the-cookie-at-the-ri,episode_44,60,wrist,white_plate,is_right_of,black_bowl
move-the-black-bowl-from-the-top-of-the-drawer-to-on-top-of-the-cookie-at-the-ri,episode_44,60,wrist,red_drawer,is_left_of,white_plate
move-the-black-bowl-from-the-top-of-the-drawer-to-on-top-of-the-cookie-at-the-ri,episode_44,60,wrist,white_plate,is_right_of,red_drawer
move-the-black-bowl-from-the-top-of-the-drawer-to-on-top-of-the-cookie-at-the-ri,episode_44,90,wrist,black_bowl,is_on_top_of,red_drawer
move-the-black-bowl-from-the-top-of-the-drawer-to-on-top-of-the-cookie-at-the-ri,episode_44,90,wrist,red_drawer,is_below_of,black_bowl
move-the-black-bowl-from-the-top-of-the-drawer-to-on-top-of-the-cookie-at-the-ri,episode_44,90,wrist,black_bowl,is_left_of,white_plate
move-the-black-bowl-from-the-top-of-the-drawer-to-on-top-of-the-cookie-at-the-ri,episode_44,90,wrist,white_plate,is_right_of,black_bowl
move-the-black-bowl-from-the-top-of-the-drawer-to-on-top-of-the-cookie-at-the-ri,episode_44,90,wrist,red_drawer,is_left_of,white_plate
move-the-black-bowl-from-the-top-of-the-drawer-to-on-top-of-the-cookie-at-the-ri,episode_44,90,wrist,white_plate,is_right_of,red_drawer
move-the-black-bowl-from-the-top-of-the-drawer-to-on-top-of-the-cookie-at-the-ri,episode_44,120,wrist,black_bowl,is_on_top_of,red_drawer
move-the-black-bowl-from-the-top-of-the-drawer-to-on-top-of-the-cookie-at-the-ri,episode_44,120,wrist,red_drawer,is_below_of,black_bowl
move-the-black-bowl-from-the-top-of-the-drawer-to-on-top-of-the-cookie-at-the-ri,episode_44,120,wrist,black_bowl,is_left_of,black_stove
move-the-black-bowl-from-the-top-of-the-drawer-to-on-top-of-the-cookie-at-the-ri,episode_44,120,wrist,black_stove,is_right_of,black_bowl
move-the-black-bowl-from-the-top-of-the-drawer-to-on-top-of-the-cookie-at-the-ri,episode_44,120,wrist,black_bowl,is_left_of,cookie
move-the-black-bowl-from-the-top-of-the-drawer-to-on-top-of-the-cookie-at-the-ri,episode_44,120,wrist,cookie,is_right_of,black_bowl
move-the-black-bowl-from-the-top-of-the-drawer-to-on-top-of-the-cookie-at-the-ri,episode_44,120,wrist,black_bowl,is_left_of,white_plate
move-the-black-bowl-from-the-top-of-the-drawer-to-on-top-of-the-cookie-at-the-ri,episode_44,120,wrist,white_plate,is_right_of,black_bowl
move-the-black-bowl-from-the-top-of-the-drawer-to-on-top-of-the-cookie-at-the-ri,episode_44,120,wrist,red_drawer,is_left_of,black_stove
move-the-black-bowl-from-the-top-of-the-drawer-to-on-top-of-the-cookie-at-the-ri,episode_44,120,wrist,black_stove,is_right_of,red_drawer
move-the-black-bowl-from-the-top-of-the-drawer-to-on-top-of-the-cookie-at-the-ri,episode_44,120,wrist,red_drawer,is_left_of,cookie
move-the-black-bowl-from-the-top-of-the-drawer-to-on-top-of-the-cookie-at-the-ri,episode_44,120,wrist,cookie,is_right_of,red_drawer
move-the-black-bowl-from-the-top-of-the-drawer-to-on-top-of-the-cookie-at-the-ri,episode_44,120,wrist,red_drawer,is_left_of,white_plate
move-the-black-bowl-from-the-top-of-the-drawer-to-on-top-of-the-cookie-at-the-ri,episode_44,120,wrist,white_plate,is_right_of,red_drawer
move-the-black-bowl-from-the-top-of-the-drawer-to-on-top-of-the-cookie-at-the-ri,episode_44,120,wrist,black_stove,is_behind,cookie
move-the-black-bowl-from-the-top-of-the-drawer-to-on-top-of-the-cookie-at-the-ri,episode_44,120,wrist,cookie,is_in_front_of,black_stove
move-the-black-bowl-from-the-top-of-the-drawer-to-on-top-of-the-cookie-at-the-ri,episode_44,120,wrist,black_stove,is_behind,white_plate
move-the-black-bowl-from-the-top-of-the-drawer-to-on-top-of-the-cookie-at-the-ri,episode_44,120,wrist,white_plate,is_in_front_of,black_stove
move-the-black-bowl-from-the-top-of-the-drawer-to-on-top-of-the-cookie-at-the-ri,episode_44,120,wrist,cookie,is_on_top_of,white_plate
move-the-black-bowl-from-the-top-of-the-drawer-to-on-top-of-the-cookie-at-the-ri,episode_44,120,wrist,white_plate,is_below_of,cookie
move-the-black-bowl-from-the-top-of-the-drawer-to-on-top-of-the-cookie-at-the-ri,episode_44,150,wrist,black_bowl,is_on_top_of,red_drawer
move-the-black-bowl-from-the-top-of-the-drawer-to-on-top-of-the-cookie-at-the-ri,episode_44,150,wrist,red_drawer,is_below_of,black_bowl
move-the-black-bowl-from-the-top-of-the-drawer-to-on-top-of-the-cookie-at-the-ri,episode_44,150,wrist,black_bowl,is_behind,black_stove
move-the-black-bowl-from-the-top-of-the-drawer-to-on-top-of-the-cookie-at-the-ri,episode_44,150,wrist,black_stove,is_in_front_of,black_bowl
move-the-black-bowl-from-the-top-of-the-drawer-to-on-top-of-the-cookie-at-the-ri,episode_44,150,wrist,black_bowl,is_behind,cookie
move-the-black-bowl-from-the-top-of-the-drawer-to-on-top-of-the-cookie-at-the-ri,episode_44,150,wrist,cookie,is_in_front_of,black_bowl
move-the-black-bowl-from-the-top-of-the-drawer-to-on-top-of-the-cookie-at-the-ri,episode_44,150,wrist,black_bowl,is_behind,white_plate
move-the-black-bowl-from-the-top-of-the-drawer-to-on-top-of-the-cookie-at-the-ri,episode_44,150,wrist,white_plate,is_in_front_of,black_bowl
move-the-black-bowl-from-the-top-of-the-drawer-to-on-top-of-the-cookie-at-the-ri,episode_44,150,wrist,red_drawer,is_behind,black_stove
move-the-black-bowl-from-the-top-of-the-drawer-to-on-top-of-the-cookie-at-the-ri,episode_44,150,wrist,black_stove,is_in_front_of,red_drawer
move-the-black-bowl-from-the-top-of-the-drawer-to-on-top-of-the-cookie-at-the-ri,episode_44,150,wrist,red_drawer,is_behind,cookie
move-the-black-bowl-from-the-top-of-the-drawer-to-on-top-of-the-cookie-at-the-ri,episode_44,150,wrist,cookie,is_in_front_of,red_drawer
move-the-black-bowl-from-the-top-of-the-drawer-to-on-top-of-the-cookie-at-the-ri,episode_44,150,wrist,red_drawer,is_behind,white_plate
move-the-black-bowl-from-the-top-of-the-drawer-to-on-top-of-the-cookie-at-the-ri,episode_44,150,wrist,white_plate,is_in_front_of,red_drawer
move-the-black-bowl-from-the-top-of-the-drawer-to-on-top-of-the-cookie-at-the-ri,episode_44,150,wrist,black_stove,is_left_of,cookie
move-the-black-bowl-from-the-top-of-the-drawer-to-on-top-of-the-cookie-at-the-ri,episode_44,150,wrist,cookie,is_right_of,black_stove
move-the-black-bowl-from-the-top-of-the-drawer-to-on-top-of-the-cookie-at-the-ri,episode_44,150,wrist,black_stove,is_left_of,white_plate
move-the-black-bowl-from-the-top-of-the-drawer-to-on-top-of-the-cookie-at-the-ri,episode_44,150,wrist,white_plate,is_right_of,black_stove
move-the-black-bowl-from-the-top-of-the-drawer-to-on-top-of-the-cookie-at-the-ri,episode_44,150,wrist,cookie,is_on_top_of,white_plate
move-the-black-bowl-from-the-top-of-the-drawer-to-on-top-of-the-cookie-at-the-ri,episode_44,150,wrist,white_plate,is_below_of,cookie
move-the-black-bowl-from-the-top-of-the-drawer-to-on-top-of-the-cookie-at-the-ri,episode_44,180,wrist,black_bowl,is_on_top_of,red_drawer
move-the-black-bowl-from-the-top-of-the-drawer-to-on-top-of-the-cookie-at-the-ri,episode_44,180,wrist,red_drawer,is_below_of,black_bowl
move-the-black-bowl-from-the-top-of-the-drawer-to-on-top-of-the-cookie-at-the-ri,episode_44,210,wrist,black_bowl,is_on_top_of,red_drawer
move-the-black-bowl-from-the-top-of-the-drawer-to-on-top-of-the-cookie-at-the-ri,episode_44,210,wrist,red_drawer,is_below_of,black_bowl
move-the-black-bowl-from-the-top-of-the-drawer-to-on-top-of-the-cookie-at-the-ri,episode_44,240,wrist,black_bowl,is_in_front_of,red_drawer
move-the-black-bowl-from-the-top-of-the-drawer-to-on-top-of-the-cookie-at-the-ri,episode_44,240,wrist,red_drawer,is_behind,black_bowl
move-the-black-bowl-from-the-top-of-the-drawer-to-on-top-of-the-cookie-at-the-ri,episode_44,240,wrist,black_bowl,is_right_of,black_stove
move-the-black-bowl-from-the-top-of-the-drawer-to-on-top-of-the-cookie-at-the-ri,episode_44,240,wrist,black_stove,is_left_of,black_bowl
move-the-black-bowl-from-the-top-of-the-drawer-to-on-top-of-the-cookie-at-the-ri,episode_44,240,wrist,black_bowl,is_right_of,cookie
move-the-black-bowl-from-the-top-of-the-drawer-to-on-top-of-the-cookie-at-the-ri,episode_44,240,wrist,cookie,is_left_of,black_bowl
move-the-black-bowl-from-the-top-of-the-drawer-to-on-top-of-the-cookie-at-the-ri,episode_44,240,wrist,red_drawer,is_behind,black_stove
move-the-black-bowl-from-the-top-of-the-drawer-to-on-top-of-the-cookie-at-the-ri,episode_44,240,wrist,black_stove,is_in_front_of,red_drawer
move-the-black-bowl-from-the-top-of-the-drawer-to-on-top-of-the-cookie-at-the-ri,episode_44,240,wrist,red_drawer,is_behind,cookie
move-the-black-bowl-from-the-top-of-the-drawer-to-on-top-of-the-cookie-at-the-ri,episode_44,240,wrist,cookie,is_in_front_of,red_drawer
move-the-black-bowl-from-the-top-of-the-drawer-to-on-top-of-the-cookie-at-the-ri,episode_44,240,wrist,black_stove,is_left_of,cookie
move-the-black-bowl-from-the-top-of-the-drawer-to-on-top-of-the-cookie-at-the-ri,episode_44,240,wrist,cookie,is_right_of,black_stove
move-the-black-bowl-from-the-top-of-the-drawer-to-on-top-of-the-cookie-at-the-ri,episode_44,270,wrist,black_bowl,is_behind,red_drawer
move-the-black-bowl-from-the-top-of-the-drawer-to-on-top-of-the-cookie-at-the-ri,episode_44,270,wrist,red_drawer,is_in_front_of,black_bowl
move-the-black-bowl-from-the-top-of-the-drawer-to-on-top-of-the-cookie-at-the-ri,episode_44,300,wrist,black_bowl,is_on_top_of,cookie
move-the-black-bowl-from-the-top-of-the-drawer-to-on-top-of-the-cookie-at-the-ri,episode_44,300,wrist,cookie,is_below_of,black_bowl
move-the-black-bowl-from-the-top-of-the-drawer-to-on-top-of-the-cookie-at-the-ri,episode_44,330,wrist,black_bowl,is_on_top_of,cookie
move-the-black-bowl-from-the-top-of-the-drawer-to-on-top-of-the-cookie-at-the-ri,episode_44,330,wrist,cookie,is_below_of,black_bowl
move-the-black-bowl-from-the-top-of-the-drawer-to-on-top-of-the-cookie-at-the-ri,episode_44,360,wrist,black_bowl,is_in_front_of,white_plate
move-the-black-bowl-from-the-top-of-the-drawer-to-on-top-of-the-cookie-at-the-ri,episode_44,360,wrist,white_plate,is_behind,black_bowl
move-the-black-bowl-from-the-top-of-the-drawer-to-on-top-of-the-cookie-at-the-ri,episode_44,360,wrist,black_bowl,is_on_top_of,cookie
move-the-black-bowl-from-the-top-of-the-drawer-to-on-top-of-the-cookie-at-the-ri,episode_44,360,wrist,cookie,is_below_of,black_bowl
move-the-black-bowl-from-the-top-of-the-drawer-to-on-top-of-the-cookie-at-the-ri,episode_44,360,wrist,white_plate,is_behind,cookie
move-the-black-bowl-from-the-top-of-the-drawer-to-on-top-of-the-cookie-at-the-ri,episode_44,360,wrist,cookie,is_in_front_of,white_plate
move-the-black-bowl-from-the-top-of-the-drawer-to-on-top-of-the-cookie-at-the-ri,episode_44,390,wrist,black_bowl,is_on_top_of,red_drawer
move-the-black-bowl-from-the-top-of-the-drawer-to-on-top-of-the-cookie-at-the-ri,episode_44,390,wrist,red_drawer,is_below_of,black_bowl
move-the-black-bowl-from-the-top-of-the-drawer-to-on-top-of-the-cookie-at-the-ri,episode_44,390,wrist,black_bowl,is_left_of,black_stove
move-the-black-bowl-from-the-top-of-the-drawer-to-on-top-of-the-cookie-at-the-ri,episode_44,390,wrist,black_stove,is_right_of,black_bowl
move-the-black-bowl-from-the-top-of-the-drawer-to-on-top-of-the-cookie-at-the-ri,episode_44,390,wrist,black_bowl,is_left_of,cookie
move-the-black-bowl-from-the-top-of-the-drawer-to-on-top-of-the-cookie-at-the-ri,episode_44,390,wrist,cookie,is_right_of,black_bowl
move-the-black-bowl-from-the-top-of-the-drawer-to-on-top-of-the-cookie-at-the-ri,episode_44,390,wrist,black_bowl,is_left_of,white_plate
move-the-black-bowl-from-the-top-of-the-drawer-to-on-top-of-the-cookie-at-the-ri,episode_44,390,wrist,white_plate,is_right_of,black_bowl
move-the-black-bowl-from-the-top-of-the-drawer-to-on-top-of-the-cookie-at-the-ri,episode_44,390,wrist,red_drawer,is_left_of,black_stove
move-the-black-bowl-from-the-top-of-the-drawer-to-on-top-of-the-cookie-at-the-ri,episode_44,390,wrist,black_stove,is_right_of,red_drawer
move-the-black-bowl-from-the-top-of-the-drawer-to-on-top-of-the-cookie-at-the-ri,episode_44,390,wrist,red_drawer,is_left_of,cookie
move-the-black-bowl-from-the-top-of-the-drawer-to-on-top-of-the-cookie-at-the-ri,episode_44,390,wrist,cookie,is_right_of,red_drawer
move-the-black-bowl-from-the-top-of-the-drawer-to-on-top-of-the-cookie-at-the-ri,episode_44,390,wrist,red_drawer,is_left_of,white_plate
move-the-black-bowl-from-the-top-of-the-drawer-to-on-top-of-the-cookie-at-the-ri,episode_44,390,wrist,white_plate,is_right_of,red_drawer
move-the-black-bowl-from-the-top-of-the-drawer-to-on-top-of-the-cookie-at-the-ri,episode_44,390,wrist,black_stove,is_behind,cookie
move-the-black-bowl-from-the-top-of-the-drawer-to-on-top-of-the-cookie-at-the-ri,episode_44,390,wrist,cookie,is_in_front_of,black_stove
move-the-black-bowl-from-the-top-of-the-drawer-to-on-top-of-the-cookie-at-the-ri,episode_44,390,wrist,black_stove,is_behind,white_plate
move-the-black-bowl-from-the-top-of-the-drawer-to-on-top-of-the-cookie-at-the-ri,episode_44,390,wrist,white_plate,is_in_front_of,black_stove
move-the-black-bowl-from-the-top-of-the-drawer-to-on-top-of-the-cookie-at-the-ri,episode_44,390,wrist,cookie,is_on_top_of,white_plate
move-the-black-bowl-from-the-top-of-the-drawer-to-on-top-of-the-cookie-at-the-ri,episode_44,390,wrist,white_plate,is_below_of,cookie
move-the-black-bowl-from-the-top-of-the-drawer-to-on-top-of-the-cookie-at-the-ri,episode_44,420,wrist,black_bowl,is_on_top_of,red_drawer
move-the-black-bowl-from-the-top-of-the-drawer-to-on-top-of-the-cookie-at-the-ri,episode_44,420,wrist,red_drawer,is_below_of,black_bowl
move-the-black-bowl-from-the-top-of-the-drawer-to-on-top-of-the-cookie-at-the-ri,episode_45,0,wrist,black_bowl,is_left_of,cookie
move-the-black-bowl-from-the-top-of-the-drawer-to-on-top-of-the-cookie-at-the-ri,episode_45,0,wrist,black_bowl,is_left_of,red_drawer
move-the-black-bowl-from-the-top-of-the-drawer-to-on-top-of-the-cookie-at-the-ri,episode_45,0,wrist,cookie,is_right_of,black_bowl
move-the-black-bowl-from-the-top-of-the-drawer-to-on-top-of-the-cookie-at-the-ri,episode_45,0,wrist,cookie,is_left_of,red_drawer
move-the-black-bowl-from-the-top-of-the-drawer-to-on-top-of-the-cookie-at-the-ri,episode_45,0,wrist,red_drawer,is_right_of,black_bowl
move-the-black-bowl-from-the-top-of-the-drawer-to-on-top-of-the-cookie-at-the-ri,episode_45,0,wrist,red_drawer,is_right_of,cookie
move-the-black-bowl-from-the-top-of-the-drawer-to-on-top-of-the-cookie-at-the-ri,episode_45,30,wrist,black_bowl,is_behind,cookie
move-the-black-bowl-from-the-top-of-the-drawer-to-on-top-of-the-cookie-at-the-ri,episode_45,30,wrist,black_bowl,is_left_of,red_drawer
move-the-black-bowl-from-the-top-of-the-drawer-to-on-top-of-the-cookie-at-the-ri,episode_45,30,wrist,cookie,is_in_front_of,black_bowl
move-the-black-bowl-from-the-top-of-the-drawer-to-on-top-of-the-cookie-at-the-ri,episode_45,30,wrist,cookie,is_left_of,red_drawer
move-the-black-bowl-from-the-top-of-the-drawer-to-on-top-of-the-cookie-at-the-ri,episode_45,30,wrist,red_drawer,is_right_of,black_bowl
move-the-black-bowl-from-the-top-of-the-drawer-to-on-top-of-the-cookie-at-the-ri,episode_45,30,wrist,red_drawer,is_right_of,cookie
move-the-black-bowl-from-the-top-of-the-drawer-to-on-top-of-the-cookie-at-the-ri,episode_45,60,wrist,black_bowl,is_in_front_of,cookie
move-the-black-bowl-from-the-top-of-the-drawer-to-on-top-of-the-cookie-at-the-ri,episode_45,60,wrist,cookie,is_behind,black_bowl
move-the-black-bowl-from-the-top-of-the-drawer-to-on-top-of-the-cookie-at-the-ri,episode_45,60,wrist,black_bowl,is_in_front_of,red_drawer
move-the-black-bowl-from-the-top-of-the-drawer-to-on-top-of-the-cookie-at-the-ri,episode_45,60,wrist,red_drawer,is_behind,black_bowl
move-the-black-bowl-from-the-top-of-the-drawer-to-on-top-of-the-cookie-at-the-ri,episode_45,60,wrist,cookie,is_in_front_of,red_drawer
move-the-black-bowl-from-the-top-of-the-drawer-to-on-top-of-the-cookie-at-the-ri,episode_45,60,wrist,red_drawer,is_behind,cookie
move-the-black-bowl-from-the-top-of-the-drawer-to-on-top-of-the-cookie-at-the-ri,episode_45,90,wrist,black_bowl,is_left_of,red_drawer
move-the-black-bowl-from-the-top-of-the-drawer-to-on-top-of-the-cookie-at-the-ri,episode_45,90,wrist,red_drawer,is_right_of,black_bowl
move-the-black-bowl-from-the-top-of-the-drawer-to-on-top-of-the-cookie-at-the-ri,episode_45,90,wrist,black_bowl,is_in_front_of,cookie
move-the-black-bowl-from-the-top-of-the-drawer-to-on-top-of-the-cookie-at-the-ri,episode_45,90,wrist,cookie,is_behind,black_bowl
move-the-black-bowl-from-the-top-of-the-drawer-to-on-top-of-the-cookie-at-the-ri,episode_45,90,wrist,red_drawer,is_behind,cookie
move-the-black-bowl-from-the-top-of-the-drawer-to-on-top-of-the-cookie-at-the-ri,episode_45,90,wrist,cookie,is_in_front_of,red_drawer
move-the-black-bowl-from-the-top-of-the-drawer-to-on-top-of-the-cookie-at-the-ri,episode_45,120,wrist,black_bowl,is_on_top_of,red_drawer
move-the-black-bowl-from-the-top-of-the-drawer-to-on-top-of-the-cookie-at-the-ri,episode_45,120,wrist,red_drawer,is_below_of,black_bowl
move-the-black-bowl-from-the-top-of-the-drawer-to-on-top-of-the-cookie-at-the-ri,episode_45,120,wrist,black_bowl,is_right_of,black_stove
move-the-black-bowl-from-the-top-of-the-drawer-to-on-top-of-the-cookie-at-the-ri,episode_45,120,wrist,black_stove,is_left_of,black_bowl
move-the-black-bowl-from-the-top-of-the-drawer-to-on-top-of-the-cookie-at-the-ri,episode_45,120,wrist,black_bowl,is_right_of,cookie
move-the-black-bowl-from-the-top-of-the-drawer-to-on-top-of-the-cookie-at-the-ri,episode_45,120,wrist,cookie,is_left_of,black_bowl
move-the-black-bowl-from-the-top-of-the-drawer-to-on-top-of-the-cookie-at-the-ri,episode_45,120,wrist,red_drawer,is_right_of,black_stove
move-the-black-bowl-from-the-top-of-the-drawer-to-on-top-of-the-cookie-at-the-ri,episode_45,120,wrist,black_stove,is_left_of,red_drawer
move-the-black-bowl-from-the-top-of-the-drawer-to-on-top-of-the-cookie-at-the-ri,episode_45,120,wrist,red_drawer,is_right_of,cookie
move-the-black-bowl-from-the-top-of-the-drawer-to-on-top-of-the-cookie-at-the-ri,episode_45,120,wrist,cookie,is_left_of,red_drawer
move-the-black-bowl-from-the-top-of-the-drawer-to-on-top-of-the-cookie-at-the-ri,episode_45,120,wrist,black_stove,contains,cookie
move-the-black-bowl-from-the-top-of-the-drawer-to-on-top-of-the-cookie-at-the-ri,episode_45,120,wrist,cookie,is_inside,black_stove
move-the-black-bowl-from-the-top-of-the-drawer-to-on-top-of-the-cookie-at-the-ri,episode_45,150,wrist,black_bowl,is_on_top_of,red_drawer
move-the-black-bowl-from-the-top-of-the-drawer-to-on-top-of-the-cookie-at-the-ri,episode_45,150,wrist,red_drawer,is_below_of,black_bowl
move-the-black-bowl-from-the-top-of-the-drawer-to-on-top-of-the-cookie-at-the-ri,episode_45,150,wrist,black_bowl,is_behind,cookie
move-the-black-bowl-from-the-top-of-the-drawer-to-on-top-of-the-cookie-at-the-ri,episode_45,150,wrist,cookie,is_in_front_of,black_bowl
move-the-black-bowl-from-the-top-of-the-drawer-to-on-top-of-the-cookie-at-the-ri,episode_45,150,wrist,red_drawer,is_behind,cookie
move-the-black-bowl-from-the-top-of-the-drawer-to-on-top-of-the-cookie-at-the-ri,episode_45,150,wrist,cookie,is_in_front_of,red_drawer
move-the-black-bowl-from-the-top-of-the-drawer-to-on-top-of-the-cookie-at-the-ri,episode_45,180,wrist,black_bowl,is_on_top_of,red_drawer
move-the-black-bowl-from-the-top-of-the-drawer-to-on-top-of-the-cookie-at-the-ri,episode_45,180,wrist,red_drawer,is_below_of,black_bowl
move-the-black-bowl-from-the-top-of-the-drawer-to-on-top-of-the-cookie-at-the-ri,episode_45,180,wrist,black_bowl,is_behind,black_stove
move-the-black-bowl-from-the-top-of-the-drawer-to-on-top-of-the-cookie-at-the-ri,episode_45,180,wrist,black_stove,is_in_front_of,black_bowl
move-the-black-bowl-from-the-top-of-the-drawer-to-on-top-of-the-cookie-at-the-ri,episode_45,180,wrist,black_bowl,is_behind,cookie
move-the-black-bowl-from-the-top-of-the-drawer-to-on-top-of-the-cookie-at-the-ri,episode_45,180,wrist,cookie,is_in_front_of,black_bowl
move-the-black-bowl-from-the-top-of-the-drawer-to-on-top-of-the-cookie-at-the-ri,episode_45,180,wrist,red_drawer,is_behind,black_stove
move-the-black-bowl-from-the-top-of-the-drawer-to-on-top-of-the-cookie-at-the-ri,episode_45,180,wrist,black_stove,is_in_front_of,red_drawer
move-the-black-bowl-from-the-top-of-the-drawer-to-on-top-of-the-cookie-at-the-ri,episode_45,180,wrist,red_drawer,is_behind,cookie
move-the-black-bowl-from-the-top-of-the-drawer-to-on-top-of-the-cookie-at-the-ri,episode_45,180,wrist,cookie,is_in_front_of,red_drawer
move-the-black-bowl-from-the-top-of-the-drawer-to-on-top-of-the-cookie-at-the-ri,episode_45,180,wrist,black_stove,is_left_of,cookie
move-the-black-bowl-from-the-top-of-the-drawer-to-on-top-of-the-cookie-at-the-ri,episode_45,180,wrist,cookie,is_right_of,black_stove
move-the-black-bowl-from-the-top-of-the-drawer-to-on-top-of-the-cookie-at-the-ri,episode_45,210,wrist,black_bowl,is_on_top_of,red_drawer
move-the-black-bowl-from-the-top-of-the-drawer-to-on-top-of-the-cookie-at-the-ri,episode_45,210,wrist,red_drawer,is_below_of,black_bowl
move-the-black-bowl-from-the-top-of-the-drawer-to-on-top-of-the-cookie-at-the-ri,episode_45,210,wrist,black_bowl,is_right_of,black_stove
move-the-black-bowl-from-the-top-of-the-drawer-to-on-top-of-the-cookie-at-the-ri,episode_45,210,wrist,black_stove,is_left_of,black_bowl
move-the-black-bowl-from-the-top-of-the-drawer-to-on-top-of-the-cookie-at-the-ri,episode_45,210,wrist,black_bowl,is_right_of,cookie
move-the-black-bowl-from-the-top-of-the-drawer-to-on-top-of-the-cookie-at-the-ri,episode_45,210,wrist,cookie,is_left_of,black_bowl
move-the-black-bowl-from-the-top-of-the-drawer-to-on-top-of-the-cookie-at-the-ri,episode_45,210,wrist,red_drawer,is_right_of,black_stove
move-the-black-bowl-from-the-top-of-the-drawer-to-on-top-of-the-cookie-at-the-ri,episode_45,210,wrist,black_stove,is_left_of,red_drawer
move-the-black-bowl-from-the-top-of-the-drawer-to-on-top-of-the-cookie-at-the-ri,episode_45,210,wrist,red_drawer,is_right_of,cookie
move-the-black-bowl-from-the-top-of-the-drawer-to-on-top-of-the-cookie-at-the-ri,episode_45,210,wrist,cookie,is_left_of,red_drawer
move-the-black-bowl-from-the-top-of-the-drawer-to-on-top-of-the-cookie-at-the-ri,episode_45,210,wrist,black_stove,is_behind,cookie
move-the-black-bowl-from-the-top-of-the-drawer-to-on-top-of-the-cookie-at-the-ri,episode_45,210,wrist,cookie,is_in_front_of,black_stove
move-the-black-bowl-from-the-top-of-the-drawer-to-on-top-of-the-cookie-at-the-ri,episode_45,240,wrist,black_bowl,is_in_front_of,red_drawer
move-the-black-bowl-from-the-top-of-the-drawer-to-on-top-of-the-cookie-at-the-ri,episode_45,240,wrist,red_drawer,is_behind,black_bowl
move-the-black-bowl-from-the-top-of-the-drawer-to-on-top-of-the-cookie-at-the-ri,episode_45,240,wrist,black_bowl,is_right_of,black_stove
move-the-black-bowl-from-the-top-of-the-drawer-to-on-top-of-the-cookie-at-the-ri,episode_45,240,wrist,black_stove,is_left_of,black_bowl
move-the-black-bowl-from-the-top-of-the-drawer-to-on-top-of-the-cookie-at-the-ri,episode_45,240,wrist,black_bowl,is_right_of,cookie
move-the-black-bowl-from-the-top-of-the-drawer-to-on-top-of-the-cookie-at-the-ri,episode_45,240,wrist,cookie,is_left_of,black_bowl
move-the-black-bowl-from-the-top-of-the-drawer-to-on-top-of-the-cookie-at-the-ri,episode_45,240,wrist,red_drawer,is_right_of,black_stove
move-the-black-bowl-from-the-top-of-the-drawer-to-on-top-of-the-cookie-at-the-ri,episode_45,240,wrist,black_stove,is_left_of,red_drawer
move-the-black-bowl-from-the-top-of-the-drawer-to-on-top-of-the-cookie-at-the-ri,episode_45,240,wrist,red_drawer,is_right_of,cookie
move-the-black-bowl-from-the-top-of-the-drawer-to-on-top-of-the-cookie-at-the-ri,episode_45,240,wrist,cookie,is_left_of,red_drawer
move-the-black-bowl-from-the-top-of-the-drawer-to-on-top-of-the-cookie-at-the-ri,episode_45,240,wrist,black_stove,is_behind,cookie
move-the-black-bowl-from-the-top-of-the-drawer-to-on-top-of-the-cookie-at-the-ri,episode_45,240,wrist,cookie,is_in_front_of,black_stove
move-the-black-bowl-from-the-top-of-the-drawer-to-on-top-of-the-cookie-at-the-ri,episode_45,270,wrist,black_bowl,is_in_front_of,cookie
move-the-black-bowl-from-the-top-of-the-drawer-to-on-top-of-the-cookie-at-the-ri,episode_45,270,wrist,black_bowl,is_in_front_of,white_plate
move-the-black-bowl-from-the-top-of-the-drawer-to-on-top-of-the-cookie-at-the-ri,episode_45,270,wrist,cookie,is_behind,black_bowl
move-the-black-bowl-from-the-top-of-the-drawer-to-on-top-of-the-cookie-at-the-ri,episode_45,270,wrist,cookie,is_on_top_of,white_plate
move-the-black-bowl-from-the-top-of-the-drawer-to-on-top-of-the-cookie-at-the-ri,episode_45,270,wrist,white_plate,is_behind,black_bowl
move-the-black-bowl-from-the-top-of-the-drawer-to-on-top-of-the-cookie-at-the-ri,episode_45,270,wrist,white_plate,is_below_of,cookie
move-the-black-bowl-from-the-top-of-the-drawer-to-on-top-of-the-cookie-at-the-ri,episode_45,300,wrist,black_bowl,is_on_top_of,cookie
move-the-black-bowl-from-the-top-of-the-drawer-to-on-top-of-the-cookie-at-the-ri,episode_45,300,wrist,cookie,is_below_of,black_bowl
move-the-black-bowl-from-the-top-of-the-drawer-to-on-top-of-the-cookie-at-the-ri,episode_45,330,wrist,black_bowl,is_on_top_of,cookie
move-the-black-bowl-from-the-top-of-the-drawer-to-on-top-of-the-cookie-at-the-ri,episode_45,330,wrist,cookie,is_below_of,black_bowl
move-the-black-bowl-from-the-top-of-the-drawer-to-on-top-of-the-cookie-at-the-ri,episode_45,360,wrist,black_bowl,is_on_top_of,cookie
move-the-black-bowl-from-the-top-of-the-drawer-to-on-top-of-the-cookie-at-the-ri,episode_45,360,wrist,cookie,is_below_of,black_bowl
move-the-black-bowl-from-the-top-of-the-drawer-to-on-top-of-the-cookie-at-the-ri,episode_45,390,wrist,black_bowl,is_on_top_of,red_drawer
move-the-black-bowl-from-the-top-of-the-drawer-to-on-top-of-the-cookie-at-the-ri,episode_45,390,wrist,red_drawer,is_below_of,black_bowl
move-the-black-bowl-from-the-top-of-the-drawer-to-on-top-of-the-cookie-at-the-ri,episode_45,390,wrist,black_bowl,is_behind,cookie
move-the-black-bowl-from-the-top-of-the-drawer-to-on-top-of-the-cookie-at-the-ri,episode_45,390,wrist,cookie,is_in_front_of,black_bowl
move-the-black-bowl-from-the-top-of-the-drawer-to-on-top-of-the-cookie-at-the-ri,episode_45,390,wrist,red_drawer,is_behind,cookie
move-the-black-bowl-from-the-top-of-the-drawer-to-on-top-of-the-cookie-at-the-ri,episode_45,390,wrist,cookie,is_in_front_of,red_drawer
move-the-black-bowl-from-the-top-of-the-drawer-to-on-top-of-the-cookie-at-the-ri,episode_45,420,wrist,black_bowl,is_on_top_of,red_drawer
move-the-black-bowl-from-the-top-of-the-drawer-to-on-top-of-the-cookie-at-the-ri,episode_45,420,wrist,red_drawer,is_below_of,black_bowl
move-the-black-bowl-from-the-top-of-the-drawer-to-on-top-of-the-cookie-at-the-ri,episode_45,420,wrist,black_bowl,is_behind,black_stove
move-the-black-bowl-from-the-top-of-the-drawer-to-on-top-of-the-cookie-at-the-ri,episode_45,420,wrist,black_stove,is_in_front_of,black_bowl
move-the-black-bowl-from-the-top-of-the-drawer-to-on-top-of-the-cookie-at-the-ri,episode_45,420,wrist,black_bowl,is_left_of,cookie
move-the-black-bowl-from-the-top-of-the-drawer-to-on-top-of-the-cookie-at-the-ri,episode_45,420,wrist,cookie,is_right_of,black_bowl
move-the-black-bowl-from-the-top-of-the-drawer-to-on-top-of-the-cookie-at-the-ri,episode_45,420,wrist,red_drawer,is_behind,black_stove
move-the-black-bowl-from-the-top-of-the-drawer-to-on-top-of-the-cookie-at-the-ri,episode_45,420,wrist,black_stove,is_in_front_of,red_drawer
move-the-black-bowl-from-the-top-of-the-drawer-to-on-top-of-the-cookie-at-the-ri,episode_45,420,wrist,red_drawer,is_left_of,cookie
move-the-black-bowl-from-the-top-of-the-drawer-to-on-top-of-the-cookie-at-the-ri,episode_45,420,wrist,cookie,is_right_of,red_drawer
move-the-black-bowl-from-the-top-of-the-drawer-to-on-top-of-the-cookie-at-the-ri,episode_45,420,wrist,black_stove,is_left_of,cookie
move-the-black-bowl-from-the-top-of-the-drawer-to-on-top-of-the-cookie-at-the-ri,episode_45,420,wrist,cookie,is_right_of,black_stove
move-the-black-bowl-from-the-top-of-the-drawer-to-on-top-of-the-cookie-at-the-ri,episode_45,450,wrist,black_bowl,is_right_of,cookie
move-the-black-bowl-from-the-top-of-the-drawer-to-on-top-of-the-cookie-at-the-ri,episode_45,450,wrist,black_bowl,is_right_of,black_stove
move-the-black-bowl-from-the-top-of-the-drawer-to-on-top-of-the-cookie-at-the-ri,episode_45,450,wrist,black_bowl,is_right_of,white_plate
move-the-black-bowl-from-the-top-of-the-drawer-to-on-top-of-the-cookie-at-the-ri,episode_45,450,wrist,cookie,is_left_of,black_bowl
move-the-black-bowl-from-the-top-of-the-drawer-to-on-top-of-the-cookie-at-the-ri,episode_45,450,wrist,cookie,is_on_top_of,black_stove
move-the-black-bowl-from-the-top-of-the-drawer-to-on-top-of-the-cookie-at-the-ri,episode_45,450,wrist,cookie,is_behind,white_plate
move-the-black-bowl-from-the-top-of-the-drawer-to-on-top-of-the-cookie-at-the-ri,episode_45,450,wrist,black_stove,is_left_of,black_bowl
move-the-black-bowl-from-the-top-of-the-drawer-to-on-top-of-the-cookie-at-the-ri,episode_45,450,wrist,black_stove,is_below_of,cookie
move-the-black-bowl-from-the-top-of-the-drawer-to-on-top-of-the-cookie-at-the-ri,episode_45,450,wrist,black_stove,is_below_of,white_plate
move-the-black-bowl-from-the-top-of-the-drawer-to-on-top-of-the-cookie-at-the-ri,episode_45,450,wrist,white_plate,is_left_of,black_bowl
move-the-black-bowl-from-the-top-of-the-drawer-to-on-top-of-the-cookie-at-the-ri,episode_45,450,wrist,white_plate,is_in_front_of,cookie
move-the-black-bowl-from-the-top-of-the-drawer-to-on-top-of-the-cookie-at-the-ri,episode_45,450,wrist,white_plate,is_on_top_of,black_stove
move-the-black-bowl-from-the-top-of-the-drawer-to-on-top-of-the-cookie-at-the-ri,episode_46,0,wrist,black_bowl,is_on_top_of,red_drawer
move-the-black-bowl-from-the-top-of-the-drawer-to-on-top-of-the-cookie-at-the-ri,episode_46,0,wrist,red_drawer,is_below_of,black_bowl
move-the-black-bowl-from-the-top-of-the-drawer-to-on-top-of-the-cookie-at-the-ri,episode_46,0,wrist,black_bowl,is_left_of,cookie
move-the-black-bowl-from-the-top-of-the-drawer-to-on-top-of-the-cookie-at-the-ri,episode_46,0,wrist,cookie,is_right_of,black_bowl
move-the-black-bowl-from-the-top-of-the-drawer-to-on-top-of-the-cookie-at-the-ri,episode_46,0,wrist,red_drawer,is_left_of,cookie
move-the-black-bowl-from-the-top-of-the-drawer-to-on-top-of-the-cookie-at-the-ri,episode_46,0,wrist,cookie,is_right_of,red_drawer
move-the-black-bowl-from-the-top-of-the-drawer-to-on-top-of-the-cookie-at-the-ri,episode_46,30,wrist,black_bowl,is_left_of,cookie
move-the-black-bowl-from-the-top-of-the-drawer-to-on-top-of-the-cookie-at-the-ri,episode_46,30,wrist,cookie,is_right_of,black_bowl
move-the-black-bowl-from-the-top-of-the-drawer-to-on-top-of-the-cookie-at-the-ri,episode_46,60,wrist,black_bowl,is_on_top_of,red_drawer
move-the-black-bowl-from-the-top-of-the-drawer-to-on-top-of-the-cookie-at-the-ri,episode_46,60,wrist,red_drawer,is_below_of,black_bowl
move-the-black-bowl-from-the-top-of-the-drawer-to-on-top-of-the-cookie-at-the-ri,episode_46,60,wrist,black_bowl,is_left_of,cookie
move-the-black-bowl-from-the-top-of-the-drawer-to-on-top-of-the-cookie-at-the-ri,episode_46,60,wrist,cookie,is_right_of,black_bowl
move-the-black-bowl-from-the-top-of-the-drawer-to-on-top-of-the-cookie-at-the-ri,episode_46,60,wrist,red_drawer,is_left_of,cookie
move-the-black-bowl-from-the-top-of-the-drawer-to-on-top-of-the-cookie-at-the-ri,episode_46,60,wrist,cookie,is_right_of,red_drawer
move-the-black-bowl-from-the-top-of-the-drawer-to-on-top-of-the-cookie-at-the-ri,episode_46,90,wrist,black_bowl,is_on_top_of,red_drawer
move-the-black-bowl-from-the-top-of-the-drawer-to-on-top-of-the-cookie-at-the-ri,episode_46,90,wrist,red_drawer,is_below_of,black_bowl
move-the-black-bowl-from-the-top-of-the-drawer-to-on-top-of-the-cookie-at-the-ri,episode_46,90,wrist,black_bowl,is_left_of,cookie
move-the-black-bowl-from-the-top-of-the-drawer-to-on-top-of-the-cookie-at-the-ri,episode_46,90,wrist,cookie,is_right_of,black_bowl
move-the-black-bowl-from-the-top-of-the-drawer-to-on-top-of-the-cookie-at-the-ri,episode_46,90,wrist,red_drawer,is_left_of,cookie
move-the-black-bowl-from-the-top-of-the-drawer-to-on-top-of-the-cookie-at-the-ri,episode_46,90,wrist,cookie,is_right_of,red_drawer
move-the-black-bowl-from-the-top-of-the-drawer-to-on-top-of-the-cookie-at-the-ri,episode_46,120,wrist,black_bowl,is_on_top_of,red_drawer
move-the-black-bowl-from-the-top-of-the-drawer-to-on-top-of-the-cookie-at-the-ri,episode_46,120,wrist,red_drawer,is_below_of,black_bowl
move-the-black-bowl-from-the-top-of-the-drawer-to-on-top-of-the-cookie-at-the-ri,episode_46,120,wrist,black_bowl,is_left_of,cookie
move-the-black-bowl-from-the-top-of-the-drawer-to-on-top-of-the-cookie-at-the-ri,episode_46,120,wrist,cookie,is_right_of,black_bowl
move-the-black-bowl-from-the-top-of-the-drawer-to-on-top-of-the-cookie-at-the-ri,episode_46,120,wrist,red_drawer,is_left_of,cookie
move-the-black-bowl-from-the-top-of-the-drawer-to-on-top-of-the-cookie-at-the-ri,episode_46,120,wrist,cookie,is_right_of,red_drawer
move-the-black-bowl-from-the-top-of-the-drawer-to-on-top-of-the-cookie-at-the-ri,episode_46,150,wrist,black_bowl,is_on_top_of,red_drawer
move-the-black-bowl-from-the-top-of-the-drawer-to-on-top-of-the-cookie-at-the-ri,episode_46,150,wrist,red_drawer,is_below_of,black_bowl
move-the-black-bowl-from-the-top-of-the-drawer-to-on-top-of-the-cookie-at-the-ri,episode_46,150,wrist,black_bowl,is_behind,black_stove
move-the-black-bowl-from-the-top-of-the-drawer-to-on-top-of-the-cookie-at-the-ri,episode_46,150,wrist,black_stove,is_in_front_of,black_bowl
move-the-black-bowl-from-the-top-of-the-drawer-to-on-top-of-the-cookie-at-the-ri,episode_46,150,wrist,black_bowl,is_behind,cookie
move-the-black-bowl-from-the-top-of-the-drawer-to-on-top-of-the-cookie-at-the-ri,episode_46,150,wrist,cookie,is_in_front_of,black_bowl
move-the-black-bowl-from-the-top-of-the-drawer-to-on-top-of-the-cookie-at-the-ri,episode_46,150,wrist,red_drawer,is_behind,black_stove
move-the-black-bowl-from-the-top-of-the-drawer-to-on-top-of-the-cookie-at-the-ri,episode_46,150,wrist,black_stove,is_in_front_of,red_drawer
move-the-black-bowl-from-the-top-of-the-drawer-to-on-top-of-the-cookie-at-the-ri,episode_46,150,wrist,red_drawer,is_behind,cookie
move-the-black-bowl-from-the-top-of-the-drawer-to-on-top-of-the-cookie-at-the-ri,episode_46,150,wrist,cookie,is_in_front_of,red_drawer
move-the-black-bowl-from-the-top-of-the-drawer-to-on-top-of-the-cookie-at-the-ri,episode_46,150,wrist,black_stove,contains,cookie
move-the-black-bowl-from-the-top-of-the-drawer-to-on-top-of-the-cookie-at-the-ri,episode_46,150,wrist,cookie,is_inside,black_stove
move-the-black-bowl-from-the-top-of-the-drawer-to-on-top-of-the-cookie-at-the-ri,episode_46,180,wrist,black_bowl,is_on_top_of,red_drawer
move-the-black-bowl-from-the-top-of-the-drawer-to-on-top-of-the-cookie-at-the-ri,episode_46,180,wrist,red_drawer,is_below_of,black_bowl
move-the-black-bowl-from-the-top-of-the-drawer-to-on-top-of-the-cookie-at-the-ri,episode_46,180,wrist,black_bowl,is_behind,black_stove
move-the-black-bowl-from-the-top-of-the-drawer-to-on-top-of-the-cookie-at-the-ri,episode_46,180,wrist,black_stove,is_in_front_of,black_bowl
move-the-black-bowl-from-the-top-of-the-drawer-to-on-top-of-the-cookie-at-the-ri,episode_46,180,wrist,red_drawer,is_behind,black_stove
move-the-black-bowl-from-the-top-of-the-drawer-to-on-top-of-the-cookie-at-the-ri,episode_46,180,wrist,black_stove,is_in_front_of,red_drawer
move-the-black-bowl-from-the-top-of-the-drawer-to-on-top-of-the-cookie-at-the-ri,episode_46,210,wrist,black_bowl,is_on_top_of,red_drawer
move-the-black-bowl-from-the-top-of-the-drawer-to-on-top-of-the-cookie-at-the-ri,episode_46,210,wrist,red_drawer,is_below_of,black_bowl
move-the-black-bowl-from-the-top-of-the-drawer-to-on-top-of-the-cookie-at-the-ri,episode_46,240,wrist,black_bowl,is_in_front_of,red_drawer
move-the-black-bowl-from-the-top-of-the-drawer-to-on-top-of-the-cookie-at-the-ri,episode_46,240,wrist,red_drawer,is_behind,black_bowl
move-the-black-bowl-from-the-top-of-the-drawer-to-on-top-of-the-cookie-at-the-ri,episode_46,240,wrist,black_bowl,is_right_of,black_stove
move-the-black-bowl-from-the-top-of-the-drawer-to-on-top-of-the-cookie-at-the-ri,episode_46,240,wrist,black_stove,is_left_of,black_bowl
move-the-black-bowl-from-the-top-of-the-drawer-to-on-top-of-the-cookie-at-the-ri,episode_46,240,wrist,red_drawer,is_right_of,black_stove
move-the-black-bowl-from-the-top-of-the-drawer-to-on-top-of-the-cookie-at-the-ri,episode_46,240,wrist,black_stove,is_left_of,red_drawer
move-the-black-bowl-from-the-top-of-the-drawer-to-on-top-of-the-cookie-at-the-ri,episode_46,270,wrist,black_bowl,is_in_front_of,cookie
move-the-black-bowl-from-the-top-of-the-drawer-to-on-top-of-the-cookie-at-the-ri,episode_46,270,wrist,cookie,is_behind,black_bowl
move-the-black-bowl-from-the-top-of-the-drawer-to-on-top-of-the-cookie-at-the-ri,episode_46,270,wrist,black_bowl,is_in_front_of,white_plate
move-the-black-bowl-from-the-top-of-the-drawer-to-on-top-of-the-cookie-at-the-ri,episode_46,270,wrist,white_plate,is_behind,black_bowl
move-the-black-bowl-from-the-top-of-the-drawer-to-on-top-of-the-cookie-at-the-ri,episode_46,270,wrist,cookie,is_on_top_of,white_plate
move-the-black-bowl-from-the-top-of-the-drawer-to-on-top-of-the-cookie-at-the-ri,episode_46,270,wrist,white_plate,is_below_of,cookie
move-the-black-bowl-from-the-top-of-the-drawer-to-on-top-of-the-cookie-at-the-ri,episode_46,300,wrist,black_bowl,is_in_front_of,cookie
move-the-black-bowl-from-the-top-of-the-drawer-to-on-top-of-the-cookie-at-the-ri,episode_46,300,wrist,cookie,is_behind,black_bowl
move-the-black-bowl-from-the-top-of-the-drawer-to-on-top-of-the-cookie-at-the-ri,episode_46,330,wrist,black_bowl,is_in_front_of,cookie
move-the-black-bowl-from-the-top-of-the-drawer-to-on-top-of-the-cookie-at-the-ri,episode_46,330,wrist,cookie,is_behind,black_bowl
move-the-black-bowl-from-the-top-of-the-drawer-to-on-top-of-the-cookie-at-the-ri,episode_46,360,wrist,black_bowl,is_on_top_of,cookie
move-the-black-bowl-from-the-top-of-the-drawer-to-on-top-of-the-cookie-at-the-ri,episode_46,360,wrist,cookie,is_below_of,black_bowl
move-the-black-bowl-from-the-top-of-the-drawer-to-on-top-of-the-cookie-at-the-ri,episode_46,390,wrist,black_bowl,is_on_top_of,cookie
move-the-black-bowl-from-the-top-of-the-drawer-to-on-top-of-the-cookie-at-the-ri,episode_46,390,wrist,cookie,is_below_of,black_bowl
move-the-black-bowl-from-the-top-of-the-drawer-to-on-top-of-the-cookie-at-the-ri,episode_46,390,wrist,black_bowl,is_behind,white_plate
move-the-black-bowl-from-the-top-of-the-drawer-to-on-top-of-the-cookie-at-the-ri,episode_46,390,wrist,white_plate,is_in_front_of,black_bowl
move-the-black-bowl-from-the-top-of-the-drawer-to-on-top-of-the-cookie-at-the-ri,episode_46,390,wrist,cookie,is_behind,white_plate
move-the-black-bowl-from-the-top-of-the-drawer-to-on-top-of-the-cookie-at-the-ri,episode_46,390,wrist,white_plate,is_in_front_of,cookie
move-the-black-bowl-from-the-top-of-the-drawer-to-on-top-of-the-cookie-at-the-ri,episode_46,420,wrist,red_drawer,contains,cookie
move-the-black-bowl-from-the-top-of-the-drawer-to-on-top-of-the-cookie-at-the-ri,episode_46,420,wrist,cookie,is_inside,red_drawer
move-the-black-bowl-from-the-top-of-the-drawer-to-on-top-of-the-cookie-at-the-ri,episode_46,450,wrist,black_bowl,is_on_top_of,cookie
move-the-black-bowl-from-the-top-of-the-drawer-to-on-top-of-the-cookie-at-the-ri,episode_46,450,wrist,cookie,is_below_of,black_bowl
move-the-black-bowl-from-the-top-of-the-drawer-to-on-top-of-the-cookie-at-the-ri,episode_46,480,wrist,black_bowl,is_on_top_of,cookie
move-the-black-bowl-from-the-top-of-the-drawer-to-on-top-of-the-cookie-at-the-ri,episode_46,480,wrist,cookie,is_below_of,black_bowl
move-the-black-bowl-from-the-top-of-the-drawer-to-on-top-of-the-cookie-at-the-ri,episode_47,0,wrist,black_bowl,is_behind,red_drawer
move-the-black-bowl-from-the-top-of-the-drawer-to-on-top-of-the-cookie-at-the-ri,episode_47,0,wrist,red_drawer,is_in_front_of,black_bowl
move-the-black-bowl-from-the-top-of-the-drawer-to-on-top-of-the-cookie-at-the-ri,episode_47,30,wrist,black_bowl,is_behind,red_drawer
move-the-black-bowl-from-the-top-of-the-drawer-to-on-top-of-the-cookie-at-the-ri,episode_47,30,wrist,black_bowl,is_behind,cookie
move-the-black-bowl-from-the-top-of-the-drawer-to-on-top-of-the-cookie-at-the-ri,episode_47,30,wrist,red_drawer,is_in_front_of,black_bowl
move-the-black-bowl-from-the-top-of-the-drawer-to-on-top-of-the-cookie-at-the-ri,episode_47,30,wrist,red_drawer,is_behind,cookie
move-the-black-bowl-from-the-top-of-the-drawer-to-on-top-of-the-cookie-at-the-ri,episode_47,30,wrist,cookie,is_in_front_of,black_bowl
move-the-black-bowl-from-the-top-of-the-drawer-to-on-top-of-the-cookie-at-the-ri,episode_47,30,wrist,cookie,is_in_front_of,red_drawer
move-the-black-bowl-from-the-top-of-the-drawer-to-on-top-of-the-cookie-at-the-ri,episode_47,60,wrist,black_bowl,is_behind,red_drawer
move-the-black-bowl-from-the-top-of-the-drawer-to-on-top-of-the-cookie-at-the-ri,episode_47,60,wrist,red_drawer,is_in_front_of,black_bowl
move-the-black-bowl-from-the-top-of-the-drawer-to-on-top-of-the-cookie-at-the-ri,episode_47,90,wrist,black_bowl,is_behind,cookie
move-the-black-bowl-from-the-top-of-the-drawer-to-on-top-of-the-cookie-at-the-ri,episode_47,90,wrist,cookie,is_in_front_of,black_bowl
move-the-black-bowl-from-the-top-of-the-drawer-to-on-top-of-the-cookie-at-the-ri,episode_47,90,wrist,black_bowl,is_in_front_of,red_drawer
move-the-black-bowl-from-the-top-of-the-drawer-to-on-top-of-the-cookie-at-the-ri,episode_47,90,wrist,red_drawer,is_behind,black_bowl
move-the-black-bowl-from-the-top-of-the-drawer-to-on-top-of-the-cookie-at-the-ri,episode_47,90,wrist,black_bowl,is_on_top_of,black_stove
move-the-black-bowl-from-the-top-of-the-drawer-to-on-top-of-the-cookie-at-the-ri,episode_47,90,wrist,black_stove,is_below_of,black_bowl
move-the-black-bowl-from-the-top-of-the-drawer-to-on-top-of-the-cookie-at-the-ri,episode_47,90,wrist,cookie,is_in_front_of,red_drawer
move-the-black-bowl-from-the-top-of-the-drawer-to-on-top-of-the-cookie-at-the-ri,episode_47,90,wrist,red_drawer,is_behind,cookie
move-the-black-bowl-from-the-top-of-the-drawer-to-on-top-of-the-cookie-at-the-ri,episode_47,90,wrist,cookie,is_on_top_of,black_stove
move-the-black-bowl-from-the-top-of-the-drawer-to-on-top-of-the-cookie-at-the-ri,episode_47,90,wrist,black_stove,is_below_of,cookie
move-the-black-bowl-from-the-top-of-the-drawer-to-on-top-of-the-cookie-at-the-ri,episode_47,90,wrist,red_drawer,is_behind,black_stove
move-the-black-bowl-from-the-top-of-the-drawer-to-on-top-of-the-cookie-at-the-ri,episode_47,90,wrist,black_stove,is_in_front_of,red_drawer
move-the-black-bowl-from-the-top-of-the-drawer-to-on-top-of-the-cookie-at-the-ri,episode_47,120,wrist,black_bowl,is_on_top_of,red_drawer
move-the-black-bowl-from-the-top-of-the-drawer-to-on-top-of-the-cookie-at-the-ri,episode_47,120,wrist,red_drawer,is_below_of,black_bowl
move-the-black-bowl-from-the-top-of-the-drawer-to-on-top-of-the-cookie-at-the-ri,episode_47,120,wrist,black_bowl,is_behind,black_stove
move-the-black-bowl-from-the-top-of-the-drawer-to-on-top-of-the-cookie-at-the-ri,episode_47,120,wrist,black_stove,is_in_front_of,black_bowl
move-the-black-bowl-from-the-top-of-the-drawer-to-on-top-of-the-cookie-at-the-ri,episode_47,120,wrist,red_drawer,is_behind,black_stove
move-the-black-bowl-from-the-top-of-the-drawer-to-on-top-of-the-cookie-at-the-ri,episode_47,120,wrist,black_stove,is_in_front_of,red_drawer
move-the-black-bowl-from-the-top-of-the-drawer-to-on-top-of-the-cookie-at-the-ri,episode_47,150,wrist,black_bowl,is_on_top_of,red_drawer
move-the-black-bowl-from-the-top-of-the-drawer-to-on-top-of-the-cookie-at-the-ri,episode_47,150,wrist,red_drawer,is_below_of,black_bowl
move-the-black-bowl-from-the-top-of-the-drawer-to-on-top-of-the-cookie-at-the-ri,episode_47,180,wrist,black_bowl,is_on_top_of,red_drawer
move-the-black-bowl-from-the-top-of-the-drawer-to-on-top-of-the-cookie-at-the-ri,episode_47,180,wrist,red_drawer,is_below_of,black_bowl
move-the-black-bowl-from-the-top-of-the-drawer-to-on-top-of-the-cookie-at-the-ri,episode_47,210,wrist,black_bowl,is_in_front_of,red_drawer
move-the-black-bowl-from-the-top-of-the-drawer-to-on-top-of-the-cookie-at-the-ri,episode_47,210,wrist,red_drawer,is_behind,black_bowl
move-the-black-bowl-from-the-top-of-the-drawer-to-on-top-of-the-cookie-at-the-ri,episode_47,210,wrist,black_bowl,is_right_of,black_stove
move-the-black-bowl-from-the-top-of-the-drawer-to-on-top-of-the-cookie-at-the-ri,episode_47,210,wrist,black_stove,is_left_of,black_bowl
move-the-black-bowl-from-the-top-of-the-drawer-to-on-top-of-the-cookie-at-the-ri,episode_47,210,wrist,black_bowl,is_in_front_of,cookie
move-the-black-bowl-from-the-top-of-the-drawer-to-on-top-of-the-cookie-at-the-ri,episode_47,210,wrist,cookie,is_behind,black_bowl
move-the-black-bowl-from-the-top-of-the-drawer-to-on-top-of-the-cookie-at-the-ri,episode_47,210,wrist,red_drawer,is_behind,black_stove
move-the-black-bowl-from-the-top-of-the-drawer-to-on-top-of-the-cookie-at-the-ri,episode_47,210,wrist,black_stove,is_in_front_of,red_drawer
move-the-black-bowl-from-the-top-of-the-drawer-to-on-top-of-the-cookie-at-the-ri,episode_47,210,wrist,red_drawer,is_behind,cookie
move-the-black-bowl-from-the-top-of-the-drawer-to-on-top-of-the-cookie-at-the-ri,episode_47,210,wrist,cookie,is_in_front_of,red_drawer
move-the-black-bowl-from-the-top-of-the-drawer-to-on-top-of-the-cookie-at-the-ri,episode_47,210,wrist,black_stove,is_left_of,cookie
move-the-black-bowl-from-the-top-of-the-drawer-to-on-top-of-the-cookie-at-the-ri,episode_47,210,wrist,cookie,is_right_of,black_stove
move-the-black-bowl-from-the-top-of-the-drawer-to-on-top-of-the-cookie-at-the-ri,episode_47,240,wrist,black_bowl,is_in_front_of,cookie
move-the-black-bowl-from-the-top-of-the-drawer-to-on-top-of-the-cookie-at-the-ri,episode_47,240,wrist,cookie,is_behind,black_bowl
move-the-black-bowl-from-the-top-of-the-drawer-to-on-top-of-the-cookie-at-the-ri,episode_47,270,wrist,black_bowl,is_on_top_of,cookie
move-the-black-bowl-from-the-top-of-the-drawer-to-on-top-of-the-cookie-at-the-ri,episode_47,270,wrist,cookie,is_below_of,black_bowl
move-the-black-bowl-from-the-top-of-the-drawer-to-on-top-of-the-cookie-at-the-ri,episode_47,300,wrist,black_bowl,is_on_top_of,cookie
move-the-black-bowl-from-the-top-of-the-drawer-to-on-top-of-the-cookie-at-the-ri,episode_47,300,wrist,cookie,is_below_of,black_bowl
move-the-black-bowl-from-the-top-of-the-drawer-to-on-top-of-the-cookie-at-the-ri,episode_47,330,wrist,black_bowl,is_on_top_of,cookie
move-the-black-bowl-from-the-top-of-the-drawer-to-on-top-of-the-cookie-at-the-ri,episode_47,330,wrist,cookie,is_below_of,black_bowl
move-the-black-bowl-from-the-top-of-the-drawer-to-on-top-of-the-cookie-at-the-ri,episode_47,360,wrist,black_bowl,is_on_top_of,cookie
move-the-black-bowl-from-the-top-of-the-drawer-to-on-top-of-the-cookie-at-the-ri,episode_47,360,wrist,cookie,is_below_of,black_bowl
move-the-black-bowl-from-the-top-of-the-drawer-to-on-top-of-the-cookie-at-the-ri,episode_47,390,wrist,black_bowl,is_behind,red_drawer
move-the-black-bowl-from-the-top-of-the-drawer-to-on-top-of-the-cookie-at-the-ri,episode_47,390,wrist,red_drawer,is_in_front_of,black_bowl
move-the-black-bowl-from-the-top-of-the-drawer-to-on-top-of-the-cookie-at-the-ri,episode_47,390,wrist,black_bowl,is_behind,cookie
move-the-black-bowl-from-the-top-of-the-drawer-to-on-top-of-the-cookie-at-the-ri,episode_47,390,wrist,cookie,is_in_front_of,black_bowl
move-the-black-bowl-from-the-top-of-the-drawer-to-on-top-of-the-cookie-at-the-ri,episode_47,390,wrist,red_drawer,is_left_of,cookie
move-the-black-bowl-from-the-top-of-the-drawer-to-on-top-of-the-cookie-at-the-ri,episode_47,390,wrist,cookie,is_right_of,red_drawer
move-the-black-bowl-from-the-top-of-the-drawer-to-on-top-of-the-cookie-at-the-ri,episode_47,420,wrist,black_bowl,is_behind,red_drawer
move-the-black-bowl-from-the-top-of-the-drawer-to-on-top-of-the-cookie-at-the-ri,episode_47,420,wrist,black_bowl,is_behind,black_stove
move-the-black-bowl-from-the-top-of-the-drawer-to-on-top-of-the-cookie-at-the-ri,episode_47,420,wrist,red_drawer,is_in_front_of,black_bowl
move-the-black-bowl-from-the-top-of-the-drawer-to-on-top-of-the-cookie-at-the-ri,episode_47,420,wrist,red_drawer,is_in_front_of,black_stove
move-the-black-bowl-from-the-top-of-the-drawer-to-on-top-of-the-cookie-at-the-ri,episode_47,420,wrist,black_stove,is_in_front_of,black_bowl
move-the-black-bowl-from-the-top-of-the-drawer-to-on-top-of-the-cookie-at-the-ri,episode_47,420,wrist,black_stove,is_behind,red_drawer
move-the-black-bowl-from-the-top-of-the-drawer-to-on-top-of-the-cookie-at-the-ri,episode_47,450,wrist,black_bowl,is_behind,red_drawer
move-the-black-bowl-from-the-top-of-the-drawer-to-on-top-of-the-cookie-at-the-ri,episode_47,450,wrist,red_drawer,is_in_front_of,black_bowl
move-the-black-bowl-from-the-top-of-the-drawer-to-on-top-of-the-cookie-at-the-ri,episode_47,450,wrist,black_bowl,is_behind,black_stove
move-the-black-bowl-from-the-top-of-the-drawer-to-on-top-of-the-cookie-at-the-ri,episode_47,450,wrist,black_stove,is_in_front_of,black_bowl
move-the-black-bowl-from-the-top-of-the-drawer-to-on-top-of-the-cookie-at-the-ri,episode_47,450,wrist,red_drawer,is_behind,black_stove
move-the-black-bowl-from-the-top-of-the-drawer-to-on-top-of-the-cookie-at-the-ri,episode_47,450,wrist,black_stove,is_in_front_of,red_drawer
move-the-black-bowl-from-the-top-of-the-drawer-to-on-top-of-the-cookie-at-the-ri,episode_48,0,wrist,black_bowl,is_behind,red_drawer
move-the-black-bowl-from-the-top-of-the-drawer-to-on-top-of-the-cookie-at-the-ri,episode_48,0,wrist,red_drawer,is_in_front_of,black_bowl
move-the-black-bowl-from-the-top-of-the-drawer-to-on-top-of-the-cookie-at-the-ri,episode_48,0,wrist,black_bowl,is_behind,black_stove
move-the-black-bowl-from-the-top-of-the-drawer-to-on-top-of-the-cookie-at-the-ri,episode_48,0,wrist,black_stove,is_in_front_of,black_bowl
move-the-black-bowl-from-the-top-of-the-drawer-to-on-top-of-the-cookie-at-the-ri,episode_48,0,wrist,black_bowl,is_behind,cookie
move-the-black-bowl-from-the-top-of-the-drawer-to-on-top-of-the-cookie-at-the-ri,episode_48,0,wrist,cookie,is_in_front_of,black_bowl
move-the-black-bowl-from-the-top-of-the-drawer-to-on-top-of-the-cookie-at-the-ri,episode_48,0,wrist,red_drawer,is_behind,black_stove
move-the-black-bowl-from-the-top-of-the-drawer-to-on-top-of-the-cookie-at-the-ri,episode_48,0,wrist,black_stove,is_in_front_of,red_drawer
move-the-black-bowl-from-the-top-of-the-drawer-to-on-top-of-the-cookie-at-the-ri,episode_48,0,wrist,red_drawer,is_left_of,cookie
move-the-black-bowl-from-the-top-of-the-drawer-to-on-top-of-the-cookie-at-the-ri,episode_48,0,wrist,cookie,is_right_of,red_drawer
move-the-black-bowl-from-the-top-of-the-drawer-to-on-top-of-the-cookie-at-the-ri,episode_48,0,wrist,black_stove,is_left_of,cookie
move-the-black-bowl-from-the-top-of-the-drawer-to-on-top-of-the-cookie-at-the-ri,episode_48,0,wrist,cookie,is_right_of,black_stove
move-the-black-bowl-from-the-top-of-the-drawer-to-on-top-of-the-cookie-at-the-ri,episode_48,30,wrist,black_bowl,is_behind,red_drawer
move-the-black-bowl-from-the-top-of-the-drawer-to-on-top-of-the-cookie-at-the-ri,episode_48,30,wrist,red_drawer,is_in_front_of,black_bowl
move-the-black-bowl-from-the-top-of-the-drawer-to-on-top-of-the-cookie-at-the-ri,episode_48,30,wrist,black_bowl,is_behind,black_stove
move-the-black-bowl-from-the-top-of-the-drawer-to-on-top-of-the-cookie-at-the-ri,episode_48,30,wrist,black_stove,is_in_front_of,black_bowl
move-the-black-bowl-from-the-top-of-the-drawer-to-on-top-of-the-cookie-at-the-ri,episode_48,30,wrist,black_bowl,is_behind,cookie
move-the-black-bowl-from-the-top-of-the-drawer-to-on-top-of-the-cookie-at-the-ri,episode_48,30,wrist,cookie,is_in_front_of,black_bowl
move-the-black-bowl-from-the-top-of-the-drawer-to-on-top-of-the-cookie-at-the-ri,episode_48,30,wrist,red_drawer,is_behind,black_stove
move-the-black-bowl-from-the-top-of-the-drawer-to-on-top-of-the-cookie-at-the-ri,episode_48,30,wrist,black_stove,is_in_front_of,red_drawer
move-the-black-bowl-from-the-top-of-the-drawer-to-on-top-of-the-cookie-at-the-ri,episode_48,30,wrist,red_drawer,is_behind,cookie
move-the-black-bowl-from-the-top-of-the-drawer-to-on-top-of-the-cookie-at-the-ri,episode_48,30,wrist,cookie,is_in_front_of,red_drawer
move-the-black-bowl-from-the-top-of-the-drawer-to-on-top-of-the-cookie-at-the-ri,episode_48,30,wrist,black_stove,is_behind,cookie
move-the-black-bowl-from-the-top-of-the-drawer-to-on-top-of-the-cookie-at-the-ri,episode_48,30,wrist,cookie,is_in_front_of,black_stove
move-the-black-bowl-from-the-top-of-the-drawer-to-on-top-of-the-cookie-at-the-ri,episode_48,60,wrist,black_bowl,is_behind,red_drawer
move-the-black-bowl-from-the-top-of-the-drawer-to-on-top-of-the-cookie-at-the-ri,episode_48,60,wrist,red_drawer,is_in_front_of,black_bowl
move-the-black-bowl-from-the-top-of-the-drawer-to-on-top-of-the-cookie-at-the-ri,episode_48,60,wrist,black_bowl,is_right_of,black_stove
move-the-black-bowl-from-the-top-of-the-drawer-to-on-top-of-the-cookie-at-the-ri,episode_48,60,wrist,black_stove,is_left_of,black_bowl
move-the-black-bowl-from-the-top-of-the-drawer-to-on-top-of-the-cookie-at-the-ri,episode_48,60,wrist,black_bowl,is_behind,cookie
move-the-black-bowl-from-the-top-of-the-drawer-to-on-top-of-the-cookie-at-the-ri,episode_48,60,wrist,cookie,is_in_front_of,black_bowl
move-the-black-bowl-from-the-top-of-the-drawer-to-on-top-of-the-cookie-at-the-ri,episode_48,60,wrist,red_drawer,is_behind,black_stove
move-the-black-bowl-from-the-top-of-the-drawer-to-on-top-of-the-cookie-at-the-ri,episode_48,60,wrist,black_stove,is_in_front_of,red_drawer
move-the-black-bowl-from-the-top-of-the-drawer-to-on-top-of-the-cookie-at-the-ri,episode_48,60,wrist,red_drawer,is_behind,cookie
move-the-black-bowl-from-the-top-of-the-drawer-to-on-top-of-the-cookie-at-the-ri,episode_48,60,wrist,cookie,is_in_front_of,red_drawer
move-the-black-bowl-from-the-top-of-the-drawer-to-on-top-of-the-cookie-at-the-ri,episode_48,60,wrist,black_stove,is_left_of,cookie
move-the-black-bowl-from-the-top-of-the-drawer-to-on-top-of-the-cookie-at-the-ri,episode_48,60,wrist,cookie,is_right_of,black_stove
move-the-black-bowl-from-the-top-of-the-drawer-to-on-top-of-the-cookie-at-the-ri,episode_48,90,wrist,black_bowl,is_behind,red_drawer
move-the-black-bowl-from-the-top-of-the-drawer-to-on-top-of-the-cookie-at-the-ri,episode_48,90,wrist,black_bowl,is_behind,black_stove
move-the-black-bowl-from-the-top-of-the-drawer-to-on-top-of-the-cookie-at-the-ri,episode_48,90,wrist,black_bowl,is_behind,cookie
move-the-black-bowl-from-the-top-of-the-drawer-to-on-top-of-the-cookie-at-the-ri,episode_48,90,wrist,red_drawer,is_in_front_of,black_bowl
move-the-black-bowl-from-the-top-of-the-drawer-to-on-top-of-the-cookie-at-the-ri,episode_48,90,wrist,red_drawer,is_behind,black_stove
move-the-black-bowl-from-the-top-of-the-drawer-to-on-top-of-the-cookie-at-the-ri,episode_48,90,wrist,red_drawer,is_behind,cookie
move-the-black-bowl-from-the-top-of-the-drawer-to-on-top-of-the-cookie-at-the-ri,episode_48,90,wrist,black_stove,is_in_front_of,black_bowl
move-the-black-bowl-from-the-top-of-the-drawer-to-on-top-of-the-cookie-at-the-ri,episode_48,90,wrist,black_stove,is_in_front_of,red_drawer
move-the-black-bowl-from-the-top-of-the-drawer-to-on-top-of-the-cookie-at-the-ri,episode_48,90,wrist,black_stove,contains,cookie
move-the-black-bowl-from-the-top-of-the-drawer-to-on-top-of-the-cookie-at-the-ri,episode_48,90,wrist,cookie,is_in_front_of,black_bowl
move-the-black-bowl-from-the-top-of-the-drawer-to-on-top-of-the-cookie-at-the-ri,episode_48,90,wrist,cookie,is_in_front_of,red_drawer
move-the-black-bowl-from-the-top-of-the-drawer-to-on-top-of-the-cookie-at-the-ri,episode_48,90,wrist,cookie,is_inside,black_stove
move-the-black-bowl-from-the-top-of-the-drawer-to-on-top-of-the-cookie-at-the-ri,episode_48,120,wrist,black_bowl,is_on_top_of,red_drawer
move-the-black-bowl-from-the-top-of-the-drawer-to-on-top-of-the-cookie-at-the-ri,episode_48,120,wrist,red_drawer,is_below_of,black_bowl
move-the-black-bowl-from-the-top-of-the-drawer-to-on-top-of-the-cookie-at-the-ri,episode_48,120,wrist,black_bowl,is_behind,black_stove
move-the-black-bowl-from-the-top-of-the-drawer-to-on-top-of-the-cookie-at-the-ri,episode_48,120,wrist,black_stove,is_in_front_of,black_bowl
move-the-black-bowl-from-the-top-of-the-drawer-to-on-top-of-the-cookie-at-the-ri,episode_48,120,wrist,black_bowl,is_behind,cookie
move-the-black-bowl-from-the-top-of-the-drawer-to-on-top-of-the-cookie-at-the-ri,episode_48,120,wrist,cookie,is_in_front_of,black_bowl
move-the-black-bowl-from-the-top-of-the-drawer-to-on-top-of-the-cookie-at-the-ri,episode_48,120,wrist,red_drawer,is_behind,black_stove
move-the-black-bowl-from-the-top-of-the-drawer-to-on-top-of-the-cookie-at-the-ri,episode_48,120,wrist,black_stove,is_in_front_of,red_drawer
move-the-black-bowl-from-the-top-of-the-drawer-to-on-top-of-the-cookie-at-the-ri,episode_48,120,wrist,red_drawer,is_behind,cookie
move-the-black-bowl-from-the-top-of-the-drawer-to-on-top-of-the-cookie-at-the-ri,episode_48,120,wrist,cookie,is_in_front_of,red_drawer
move-the-black-bowl-from-the-top-of-the-drawer-to-on-top-of-the-cookie-at-the-ri,episode_48,120,wrist,black_stove,is_left_of,cookie
move-the-black-bowl-from-the-top-of-the-drawer-to-on-top-of-the-cookie-at-the-ri,episode_48,120,wrist,cookie,is_right_of,black_stove
move-the-black-bowl-from-the-top-of-the-drawer-to-on-top-of-the-cookie-at-the-ri,episode_48,150,wrist,black_bowl,is_on_top_of,red_drawer
move-the-black-bowl-from-the-top-of-the-drawer-to-on-top-of-the-cookie-at-the-ri,episode_48,150,wrist,red_drawer,is_below_of,black_bowl
move-the-black-bowl-from-the-top-of-the-drawer-to-on-top-of-the-cookie-at-the-ri,episode_48,150,wrist,black_bowl,is_behind,black_stove
move-the-black-bowl-from-the-top-of-the-drawer-to-on-top-of-the-cookie-at-the-ri,episode_48,150,wrist,black_stove,is_in_front_of,black_bowl
move-the-black-bowl-from-the-top-of-the-drawer-to-on-top-of-the-cookie-at-the-ri,episode_48,150,wrist,red_drawer,is_behind,black_stove
move-the-black-bowl-from-the-top-of-the-drawer-to-on-top-of-the-cookie-at-the-ri,episode_48,150,wrist,black_stove,is_in_front_of,red_drawer
move-the-black-bowl-from-the-top-of-the-drawer-to-on-top-of-the-cookie-at-the-ri,episode_48,180,wrist,black_bowl,is_on_top_of,red_drawer
move-the-black-bowl-from-the-top-of-the-drawer-to-on-top-of-the-cookie-at-the-ri,episode_48,180,wrist,red_drawer,is_below_of,black_bowl
move-the-black-bowl-from-the-top-of-the-drawer-to-on-top-of-the-cookie-at-the-ri,episode_48,180,wrist,black_bowl,is_behind,black_stove
move-the-black-bowl-from-the-top-of-the-drawer-to-on-top-of-the-cookie-at-the-ri,episode_48,180,wrist,black_stove,is_in_front_of,black_bowl
move-the-black-bowl-from-the-top-of-the-drawer-to-on-top-of-the-cookie-at-the-ri,episode_48,180,wrist,black_bowl,is_behind,cookie
move-the-black-bowl-from-the-top-of-the-drawer-to-on-top-of-the-cookie-at-the-ri,episode_48,180,wrist,cookie,is_in_front_of,black_bowl
move-the-black-bowl-from-the-top-of-the-drawer-to-on-top-of-the-cookie-at-the-ri,episode_48,180,wrist,red_drawer,is_behind,black_stove
move-the-black-bowl-from-the-top-of-the-drawer-to-on-top-of-the-cookie-at-the-ri,episode_48,180,wrist,black_stove,is_in_front_of,red_drawer
move-the-black-bowl-from-the-top-of-the-drawer-to-on-top-of-the-cookie-at-the-ri,episode_48,180,wrist,red_drawer,is_behind,cookie
move-the-black-bowl-from-the-top-of-the-drawer-to-on-top-of-the-cookie-at-the-ri,episode_48,180,wrist,cookie,is_in_front_of,red_drawer
move-the-black-bowl-from-the-top-of-the-drawer-to-on-top-of-the-cookie-at-the-ri,episode_48,180,wrist,black_stove,is_left_of,cookie
move-the-black-bowl-from-the-top-of-the-drawer-to-on-top-of-the-cookie-at-the-ri,episode_48,180,wrist,cookie,is_right_of,black_stove
move-the-black-bowl-from-the-top-of-the-drawer-to-on-top-of-the-cookie-at-the-ri,episode_48,210,wrist,black_bowl,is_on_top_of,red_drawer
move-the-black-bowl-from-the-top-of-the-drawer-to-on-top-of-the-cookie-at-the-ri,episode_48,210,wrist,red_drawer,is_below_of,black_bowl
move-the-black-bowl-from-the-top-of-the-drawer-to-on-top-of-the-cookie-at-the-ri,episode_48,240,wrist,black_bowl,is_in_front_of,red_drawer
move-the-black-bowl-from-the-top-of-the-drawer-to-on-top-of-the-cookie-at-the-ri,episode_48,240,wrist,red_drawer,is_behind,black_bowl
move-the-black-bowl-from-the-top-of-the-drawer-to-on-top-of-the-cookie-at-the-ri,episode_48,240,wrist,black_bowl,is_right_of,black_stove
move-the-black-bowl-from-the-top-of-the-drawer-to-on-top-of-the-cookie-at-the-ri,episode_48,240,wrist,black_stove,is_left_of,black_bowl
move-the-black-bowl-from-the-top-of-the-drawer-to-on-top-of-the-cookie-at-the-ri,episode_48,240,wrist,black_bowl,is_in_front_of,cookie
move-the-black-bowl-from-the-top-of-the-drawer-to-on-top-of-the-cookie-at-the-ri,episode_48,240,wrist,cookie,is_behind,black_bowl
move-the-black-bowl-from-the-top-of-the-drawer-to-on-top-of-the-cookie-at-the-ri,episode_48,240,wrist,red_drawer,is_behind,black_stove
move-the-black-bowl-from-the-top-of-the-drawer-to-on-top-of-the-cookie-at-the-ri,episode_48,240,wrist,black_stove,is_in_front_of,red_drawer
move-the-black-bowl-from-the-top-of-the-drawer-to-on-top-of-the-cookie-at-the-ri,episode_48,240,wrist,red_drawer,is_behind,cookie
move-the-black-bowl-from-the-top-of-the-drawer-to-on-top-of-the-cookie-at-the-ri,episode_48,240,wrist,cookie,is_in_front_of,red_drawer
move-the-black-bowl-from-the-top-of-the-drawer-to-on-top-of-the-cookie-at-the-ri,episode_48,240,wrist,black_stove,is_left_of,cookie
move-the-black-bowl-from-the-top-of-the-drawer-to-on-top-of-the-cookie-at-the-ri,episode_48,240,wrist,cookie,is_right_of,black_stove
move-the-black-bowl-from-the-top-of-the-drawer-to-on-top-of-the-cookie-at-the-ri,episode_48,270,wrist,black_bowl,is_in_front_of,cookie
move-the-black-bowl-from-the-top-of-the-drawer-to-on-top-of-the-cookie-at-the-ri,episode_48,270,wrist,cookie,is_behind,black_bowl
move-the-black-bowl-from-the-top-of-the-drawer-to-on-top-of-the-cookie-at-the-ri,episode_48,300,wrist,black_bowl,is_right_of,cookie
move-the-black-bowl-from-the-top-of-the-drawer-to-on-top-of-the-cookie-at-the-ri,episode_48,300,wrist,cookie,is_left_of,black_bowl
move-the-black-bowl-from-the-top-of-the-drawer-to-on-top-of-the-cookie-at-the-ri,episode_48,330,wrist,black_bowl,is_on_top_of,cookie
move-the-black-bowl-from-the-top-of-the-drawer-to-on-top-of-the-cookie-at-the-ri,episode_48,330,wrist,cookie,is_below_of,black_bowl
move-the-black-bowl-from-the-top-of-the-drawer-to-on-top-of-the-cookie-at-the-ri,episode_48,360,wrist,black_bowl,is_behind,red_drawer
move-the-black-bowl-from-the-top-of-the-drawer-to-on-top-of-the-cookie-at-the-ri,episode_48,360,wrist,red_drawer,is_in_front_of,black_bowl
move-the-black-bowl-from-the-top-of-the-drawer-to-on-top-of-the-cookie-at-the-ri,episode_48,360,wrist,black_bowl,is_behind,black_stove
move-the-black-bowl-from-the-top-of-the-drawer-to-on-top-of-the-cookie-at-the-ri,episode_48,360,wrist,black_stove,is_in_front_of,black_bowl
move-the-black-bowl-from-the-top-of-the-drawer-to-on-top-of-the-cookie-at-the-ri,episode_48,360,wrist,black_bowl,is_behind,cookie
move-the-black-bowl-from-the-top-of-the-drawer-to-on-top-of-the-cookie-at-the-ri,episode_48,360,wrist,cookie,is_in_front_of,black_bowl
move-the-black-bowl-from-the-top-of-the-drawer-to-on-top-of-the-cookie-at-the-ri,episode_48,360,wrist,red_drawer,is_on_top_of,black_stove
move-the-black-bowl-from-the-top-of-the-drawer-to-on-top-of-the-cookie-at-the-ri,episode_48,360,wrist,black_stove,is_below_of,red_drawer
move-the-black-bowl-from-the-top-of-the-drawer-to-on-top-of-the-cookie-at-the-ri,episode_48,360,wrist,red_drawer,is_left_of,cookie
move-the-black-bowl-from-the-top-of-the-drawer-to-on-top-of-the-cookie-at-the-ri,episode_48,360,wrist,cookie,is_right_of,red_drawer
move-the-black-bowl-from-the-top-of-the-drawer-to-on-top-of-the-cookie-at-the-ri,episode_48,360,wrist,black_stove,is_left_of,cookie
move-the-black-bowl-from-the-top-of-the-drawer-to-on-top-of-the-cookie-at-the-ri,episode_48,360,wrist,cookie,is_right_of,black_stove
move-the-black-bowl-from-the-top-of-the-drawer-to-on-top-of-the-cookie-at-the-ri,episode_48,390,wrist,black_bowl,is_in_front_of,red_drawer
move-the-black-bowl-from-the-top-of-the-drawer-to-on-top-of-the-cookie-at-the-ri,episode_48,390,wrist,red_drawer,is_behind,black_bowl
move-the-black-bowl-from-the-top-of-the-drawer-to-on-top-of-the-cookie-at-the-ri,episode_48,390,wrist,black_bowl,is_behind,cookie
move-the-black-bowl-from-the-top-of-the-drawer-to-on-top-of-the-cookie-at-the-ri,episode_48,390,wrist,cookie,is_in_front_of,black_bowl
move-the-black-bowl-from-the-top-of-the-drawer-to-on-top-of-the-cookie-at-the-ri,episode_48,390,wrist,red_drawer,is_behind,cookie
move-the-black-bowl-from-the-top-of-the-drawer-to-on-top-of-the-cookie-at-the-ri,episode_48,390,wrist,cookie,is_in_front_of,red_drawer
move-the-black-bowl-from-the-top-of-the-drawer-to-on-top-of-the-cookie-at-the-ri,episode_48,420,wrist,black_bowl,is_in_front_of,red_drawer
move-the-black-bowl-from-the-top-of-the-drawer-to-on-top-of-the-cookie-at-the-ri,episode_48,420,wrist,red_drawer,is_behind,black_bowl
move-the-black-bowl-from-the-top-of-the-drawer-to-on-top-of-the-cookie-at-the-ri,episode_48,420,wrist,black_bowl,is_behind,black_stove
move-the-black-bowl-from-the-top-of-the-drawer-to-on-top-of-the-cookie-at-the-ri,episode_48,420,wrist,black_stove,is_in_front_of,black_bowl
move-the-black-bowl-from-the-top-of-the-drawer-to-on-top-of-the-cookie-at-the-ri,episode_48,420,wrist,red_drawer,is_behind,black_stove
move-the-black-bowl-from-the-top-of-the-drawer-to-on-top-of-the-cookie-at-the-ri,episode_48,420,wrist,black_stove,is_in_front_of,red_drawer
move-the-black-bowl-from-the-top-of-the-drawer-to-on-top-of-the-cookie-at-the-ri,episode_49,0,wrist,black_bowl,is_left_of,cookie
move-the-black-bowl-from-the-top-of-the-drawer-to-on-top-of-the-cookie-at-the-ri,episode_49,0,wrist,black_bowl,is_in_front_of,red_drawer
move-the-black-bowl-from-the-top-of-the-drawer-to-on-top-of-the-cookie-at-the-ri,episode_49,0,wrist,cookie,is_right_of,black_bowl
move-the-black-bowl-from-the-top-of-the-drawer-to-on-top-of-the-cookie-at-the-ri,episode_49,0,wrist,cookie,is_in_front_of,red_drawer
move-the-black-bowl-from-the-top-of-the-drawer-to-on-top-of-the-cookie-at-the-ri,episode_49,0,wrist,red_drawer,is_behind,black_bowl
move-the-black-bowl-from-the-top-of-the-drawer-to-on-top-of-the-cookie-at-the-ri,episode_49,0,wrist,red_drawer,is_behind,cookie
move-the-black-bowl-from-the-top-of-the-drawer-to-on-top-of-the-cookie-at-the-ri,episode_49,30,wrist,black_bowl,is_left_of,cookie
move-the-black-bowl-from-the-top-of-the-drawer-to-on-top-of-the-cookie-at-the-ri,episode_49,30,wrist,cookie,is_right_of,black_bowl
move-the-black-bowl-from-the-top-of-the-drawer-to-on-top-of-the-cookie-at-the-ri,episode_49,30,wrist,black_bowl,is_in_front_of,red_drawer
move-the-black-bowl-from-the-top-of-the-drawer-to-on-top-of-the-cookie-at-the-ri,episode_49,30,wrist,red_drawer,is_behind,black_bowl
move-the-black-bowl-from-the-top-of-the-drawer-to-on-top-of-the-cookie-at-the-ri,episode_49,30,wrist,black_bowl,is_on_top_of,black_stove
move-the-black-bowl-from-the-top-of-the-drawer-to-on-top-of-the-cookie-at-the-ri,episode_49,30,wrist,black_stove,is_below_of,black_bowl
move-the-black-bowl-from-the-top-of-the-drawer-to-on-top-of-the-cookie-at-the-ri,episode_49,30,wrist,cookie,is_in_front_of,red_drawer
move-the-black-bowl-from-the-top-of-the-drawer-to-on-top-of-the-cookie-at-the-ri,episode_49,30,wrist,red_drawer,is_behind,cookie
move-the-black-bowl-from-the-top-of-the-drawer-to-on-top-of-the-cookie-at-the-ri,episode_49,30,wrist,cookie,is_right_of,black_stove
move-the-black-bowl-from-the-top-of-the-drawer-to-on-top-of-the-cookie-at-the-ri,episode_49,30,wrist,black_stove,is_left_of,cookie
move-the-black-bowl-from-the-top-of-the-drawer-to-on-top-of-the-cookie-at-the-ri,episode_49,30,wrist,red_drawer,is_behind,black_stove
move-the-black-bowl-from-the-top-of-the-drawer-to-on-top-of-the-cookie-at-the-ri,episode_49,30,wrist,black_stove,is_in_front_of,red_drawer
move-the-black-bowl-from-the-top-of-the-drawer-to-on-top-of-the-cookie-at-the-ri,episode_49,60,wrist,black_bowl,is_left_of,red_drawer
move-the-black-bowl-from-the-top-of-the-drawer-to-on-top-of-the-cookie-at-the-ri,episode_49,60,wrist,red_drawer,is_right_of,black_bowl
move-the-black-bowl-from-the-top-of-the-drawer-to-on-top-of-the-cookie-at-the-ri,episode_49,60,wrist,black_bowl,is_behind,black_stove
move-the-black-bowl-from-the-top-of-the-drawer-to-on-top-of-the-cookie-at-the-ri,episode_49,60,wrist,black_stove,is_in_front_of,black_bowl
move-the-black-bowl-from-the-top-of-the-drawer-to-on-top-of-the-cookie-at-the-ri,episode_49,60,wrist,black_bowl,is_left_of,cookie
move-the-black-bowl-from-the-top-of-the-drawer-to-on-top-of-the-cookie-at-the-ri,episode_49,60,wrist,cookie,is_right_of,black_bowl
move-the-black-bowl-from-the-top-of-the-drawer-to-on-top-of-the-cookie-at-the-ri,episode_49,60,wrist,red_drawer,is_behind,black_stove
move-the-black-bowl-from-the-top-of-the-drawer-to-on-top-of-the-cookie-at-the-ri,episode_49,60,wrist,black_stove,is_in_front_of,red_drawer
move-the-black-bowl-from-the-top-of-the-drawer-to-on-top-of-the-cookie-at-the-ri,episode_49,60,wrist,red_drawer,is_behind,cookie
move-the-black-bowl-from-the-top-of-the-drawer-to-on-top-of-the-cookie-at-the-ri,episode_49,60,wrist,cookie,is_in_front_of,red_drawer
move-the-black-bowl-from-the-top-of-the-drawer-to-on-top-of-the-cookie-at-the-ri,episode_49,60,wrist,black_stove,is_left_of,cookie
move-the-black-bowl-from-the-top-of-the-drawer-to-on-top-of-the-cookie-at-the-ri,episode_49,60,wrist,cookie,is_right_of,black_stove
move-the-black-bowl-from-the-top-of-the-drawer-to-on-top-of-the-cookie-at-the-ri,episode_49,90,wrist,black_bowl,is_left_of,red_drawer
move-the-black-bowl-from-the-top-of-the-drawer-to-on-top-of-the-cookie-at-the-ri,episode_49,90,wrist,red_drawer,is_right_of,black_bowl
move-the-black-bowl-from-the-top-of-the-drawer-to-on-top-of-the-cookie-at-the-ri,episode_49,90,wrist,black_bowl,is_behind,black_stove
move-the-black-bowl-from-the-top-of-the-drawer-to-on-top-of-the-cookie-at-the-ri,episode_49,90,wrist,black_stove,is_in_front_of,black_bowl
move-the-black-bowl-from-the-top-of-the-drawer-to-on-top-of-the-cookie-at-the-ri,episode_49,90,wrist,black_bowl,is_left_of,cookie
move-the-black-bowl-from-the-top-of-the-drawer-to-on-top-of-the-cookie-at-the-ri,episode_49,90,wrist,cookie,is_right_of,black_bowl
move-the-black-bowl-from-the-top-of-the-drawer-to-on-top-of-the-cookie-at-the-ri,episode_49,90,wrist,red_drawer,is_behind,black_stove
move-the-black-bowl-from-the-top-of-the-drawer-to-on-top-of-the-cookie-at-the-ri,episode_49,90,wrist,black_stove,is_in_front_of,red_drawer
move-the-black-bowl-from-the-top-of-the-drawer-to-on-top-of-the-cookie-at-the-ri,episode_49,90,wrist,red_drawer,is_behind,cookie
move-the-black-bowl-from-the-top-of-the-drawer-to-on-top-of-the-cookie-at-the-ri,episode_49,90,wrist,cookie,is_in_front_of,red_drawer
move-the-black-bowl-from-the-top-of-the-drawer-to-on-top-of-the-cookie-at-the-ri,episode_49,90,wrist,black_stove,is_left_of,cookie
move-the-black-bowl-from-the-top-of-the-drawer-to-on-top-of-the-cookie-at-the-ri,episode_49,90,wrist,cookie,is_right_of,black_stove
move-the-black-bowl-from-the-top-of-the-drawer-to-on-top-of-the-cookie-at-the-ri,episode_49,120,wrist,black_bowl,is_left_of,cookie
move-the-black-bowl-from-the-top-of-the-drawer-to-on-top-of-the-cookie-at-the-ri,episode_49,120,wrist,black_bowl,is_in_front_of,red_drawer
move-the-black-bowl-from-the-top-of-the-drawer-to-on-top-of-the-cookie-at-the-ri,episode_49,120,wrist,cookie,is_right_of,black_bowl
move-the-black-bowl-from-the-top-of-the-drawer-to-on-top-of-the-cookie-at-the-ri,episode_49,120,wrist,cookie,is_in_front_of,red_drawer
move-the-black-bowl-from-the-top-of-the-drawer-to-on-top-of-the-cookie-at-the-ri,episode_49,120,wrist,red_drawer,is_behind,black_bowl
move-the-black-bowl-from-the-top-of-the-drawer-to-on-top-of-the-cookie-at-the-ri,episode_49,120,wrist,red_drawer,is_behind,cookie
move-the-black-bowl-from-the-top-of-the-drawer-to-on-top-of-the-cookie-at-the-ri,episode_49,150,wrist,black_bowl,is_left_of,red_drawer
move-the-black-bowl-from-the-top-of-the-drawer-to-on-top-of-the-cookie-at-the-ri,episode_49,150,wrist,red_drawer,is_right_of,black_bowl
move-the-black-bowl-from-the-top-of-the-drawer-to-on-top-of-the-cookie-at-the-ri,episode_49,150,wrist,black_bowl,is_in_front_of,black_stove
move-the-black-bowl-from-the-top-of-the-drawer-to-on-top-of-the-cookie-at-the-ri,episode_49,150,wrist,black_stove,is_behind,black_bowl
move-the-black-bowl-from-the-top-of-the-drawer-to-on-top-of-the-cookie-at-the-ri,episode_49,150,wrist,black_bowl,is_left_of,cookie
move-the-black-bowl-from-the-top-of-the-drawer-to-on-top-of-the-cookie-at-the-ri,episode_49,150,wrist,cookie,is_right_of,black_bowl
move-the-black-bowl-from-the-top-of-the-drawer-to-on-top-of-the-cookie-at-the-ri,episode_49,150,wrist,black_bowl,is_left_of,white_plate
move-the-black-bowl-from-the-top-of-the-drawer-to-on-top-of-the-cookie-at-the-ri,episode_49,150,wrist,white_plate,is_right_of,black_bowl
move-the-black-bowl-from-the-top-of-the-drawer-to-on-top-of-the-cookie-at-the-ri,episode_49,150,wrist,red_drawer,is_behind,black_stove
move-the-black-bowl-from-the-top-of-the-drawer-to-on-top-of-the-cookie-at-the-ri,episode_49,150,wrist,black_stove,is_in_front_of,red_drawer
move-the-black-bowl-from-the-top-of-the-drawer-to-on-top-of-the-cookie-at-the-ri,episode_49,150,wrist,red_drawer,is_behind,cookie
move-the-black-bowl-from-the-top-of-the-drawer-to-on-top-of-the-cookie-at-the-ri,episode_49,150,wrist,cookie,is_in_front_of,red_drawer
move-the-black-bowl-from-the-top-of-the-drawer-to-on-top-of-the-cookie-at-the-ri,episode_49,150,wrist,red_drawer,is_behind,white_plate
move-the-black-bowl-from-the-top-of-the-drawer-to-on-top-of-the-cookie-at-the-ri,episode_49,150,wrist,white_plate,is_in_front_of,red_drawer
move-the-black-bowl-from-the-top-of-the-drawer-to-on-top-of-the-cookie-at-the-ri,episode_49,150,wrist,black_stove,is_left_of,cookie
move-the-black-bowl-from-the-top-of-the-drawer-to-on-top-of-the-cookie-at-the-ri,episode_49,150,wrist,cookie,is_right_of,black_stove
move-the-black-bowl-from-the-top-of-the-drawer-to-on-top-of-the-cookie-at-the-ri,episode_49,150,wrist,black_stove,is_left_of,white_plate
move-the-black-bowl-from-the-top-of-the-drawer-to-on-top-of-the-cookie-at-the-ri,episode_49,150,wrist,white_plate,is_right_of,black_stove
move-the-black-bowl-from-the-top-of-the-drawer-to-on-top-of-the-cookie-at-the-ri,episode_49,150,wrist,cookie,is_on_top_of,white_plate
move-the-black-bowl-from-the-top-of-the-drawer-to-on-top-of-the-cookie-at-the-ri,episode_49,150,wrist,white_plate,is_below_of,cookie
move-the-black-bowl-from-the-top-of-the-drawer-to-on-top-of-the-cookie-at-the-ri,episode_49,180,wrist,black_bowl,is_on_top_of,red_drawer
move-the-black-bowl-from-the-top-of-the-drawer-to-on-top-of-the-cookie-at-the-ri,episode_49,180,wrist,red_drawer,is_below_of,black_bowl
move-the-black-bowl-from-the-top-of-the-drawer-to-on-top-of-the-cookie-at-the-ri,episode_49,180,wrist,black_bowl,is_behind,black_stove
move-the-black-bowl-from-the-top-of-the-drawer-to-on-top-of-the-cookie-at-the-ri,episode_49,180,wrist,black_stove,is_in_front_of,black_bowl
move-the-black-bowl-from-the-top-of-the-drawer-to-on-top-of-the-cookie-at-the-ri,episode_49,180,wrist,black_bowl,is_behind,white_plate
move-the-black-bowl-from-the-top-of-the-drawer-to-on-top-of-the-cookie-at-the-ri,episode_49,180,wrist,white_plate,is_in_front_of,black_bowl
move-the-black-bowl-from-the-top-of-the-drawer-to-on-top-of-the-cookie-at-the-ri,episode_49,180,wrist,red_drawer,is_behind,black_stove
move-the-black-bowl-from-the-top-of-the-drawer-to-on-top-of-the-cookie-at-the-ri,episode_49,180,wrist,black_stove,is_in_front_of,red_drawer
move-the-black-bowl-from-the-top-of-the-drawer-to-on-top-of-the-cookie-at-the-ri,episode_49,180,wrist,red_drawer,is_behind,white_plate
move-the-black-bowl-from-the-top-of-the-drawer-to-on-top-of-the-cookie-at-the-ri,episode_49,180,wrist,white_plate,is_in_front_of,red_drawer
move-the-black-bowl-from-the-top-of-the-drawer-to-on-top-of-the-cookie-at-the-ri,episode_49,180,wrist,black_stove,is_left_of,white_plate
move-the-black-bowl-from-the-top-of-the-drawer-to-on-top-of-the-cookie-at-the-ri,episode_49,180,wrist,white_plate,is_right_of,black_stove
move-the-black-bowl-from-the-top-of-the-drawer-to-on-top-of-the-cookie-at-the-ri,episode_49,210,wrist,black_bowl,is_on_top_of,red_drawer
move-the-black-bowl-from-the-top-of-the-drawer-to-on-top-of-the-cookie-at-the-ri,episode_49,210,wrist,red_drawer,is_below_of,black_bowl
move-the-black-bowl-from-the-top-of-the-drawer-to-on-top-of-the-cookie-at-the-ri,episode_49,210,wrist,black_bowl,is_behind,black_stove
move-the-black-bowl-from-the-top-of-the-drawer-to-on-top-of-the-cookie-at-the-ri,episode_49,210,wrist,black_stove,is_in_front_of,black_bowl
move-the-black-bowl-from-the-top-of-the-drawer-to-on-top-of-the-cookie-at-the-ri,episode_49,210,wrist,black_bowl,is_behind,white_plate
move-the-black-bowl-from-the-top-of-the-drawer-to-on-top-of-the-cookie-at-the-ri,episode_49,210,wrist,white_plate,is_in_front_of,black_bowl
move-the-black-bowl-from-the-top-of-the-drawer-to-on-top-of-the-cookie-at-the-ri,episode_49,210,wrist,red_drawer,is_behind,black_stove
move-the-black-bowl-from-the-top-of-the-drawer-to-on-top-of-the-cookie-at-the-ri,episode_49,210,wrist,black_stove,is_in_front_of,red_drawer
move-the-black-bowl-from-the-top-of-the-drawer-to-on-top-of-the-cookie-at-the-ri,episode_49,210,wrist,red_drawer,is_behind,white_plate
move-the-black-bowl-from-the-top-of-the-drawer-to-on-top-of-the-cookie-at-the-ri,episode_49,210,wrist,white_plate,is_in_front_of,red_drawer
move-the-black-bowl-from-the-top-of-the-drawer-to-on-top-of-the-cookie-at-the-ri,episode_49,210,wrist,black_stove,is_left_of,white_plate
move-the-black-bowl-from-the-top-of-the-drawer-to-on-top-of-the-cookie-at-the-ri,episode_49,210,wrist,white_plate,is_right_of,black_stove
move-the-black-bowl-from-the-top-of-the-drawer-to-on-top-of-the-cookie-at-the-ri,episode_49,240,wrist,black_bowl,is_on_top_of,red_drawer
move-the-black-bowl-from-the-top-of-the-drawer-to-on-top-of-the-cookie-at-the-ri,episode_49,240,wrist,red_drawer,is_below_of,black_bowl
move-the-black-bowl-from-the-top-of-the-drawer-to-on-top-of-the-cookie-at-the-ri,episode_49,240,wrist,black_bowl,is_right_of,black_stove
move-the-black-bowl-from-the-top-of-the-drawer-to-on-top-of-the-cookie-at-the-ri,episode_49,240,wrist,black_stove,is_left_of,black_bowl
move-the-black-bowl-from-the-top-of-the-drawer-to-on-top-of-the-cookie-at-the-ri,episode_49,240,wrist,red_drawer,is_right_of,black_stove
move-the-black-bowl-from-the-top-of-the-drawer-to-on-top-of-the-cookie-at-the-ri,episode_49,240,wrist,black_stove,is_left_of,red_drawer
move-the-black-bowl-from-the-top-of-the-drawer-to-on-top-of-the-cookie-at-the-ri,episode_49,270,wrist,black_bowl,is_in_front_of,red_drawer
move-the-black-bowl-from-the-top-of-the-drawer-to-on-top-of-the-cookie-at-the-ri,episode_49,270,wrist,red_drawer,is_behind,black_bowl
move-the-black-bowl-from-the-top-of-the-drawer-to-on-top-of-the-cookie-at-the-ri,episode_49,300,wrist,black_bowl,is_in_front_of,red_drawer
move-the-black-bowl-from-the-top-of-the-drawer-to-on-top-of-the-cookie-at-the-ri,episode_49,300,wrist,red_drawer,is_behind,black_bowl
move-the-black-bowl-from-the-top-of-the-drawer-to-on-top-of-the-cookie-at-the-ri,episode_49,300,wrist,black_bowl,is_right_of,black_stove
move-the-black-bowl-from-the-top-of-the-drawer-to-on-top-of-the-cookie-at-the-ri,episode_49,300,wrist,black_stove,is_left_of,black_bowl
move-the-black-bowl-from-the-top-of-the-drawer-to-on-top-of-the-cookie-at-the-ri,episode_49,300,wrist,black_bowl,is_in_front_of,cookie
move-the-black-bowl-from-the-top-of-the-drawer-to-on-top-of-the-cookie-at-the-ri,episode_49,300,wrist,cookie,is_behind,black_bowl
move-the-black-bowl-from-the-top-of-the-drawer-to-on-top-of-the-cookie-at-the-ri,episode_49,300,wrist,black_bowl,is_in_front_of,white_plate
move-the-black-bowl-from-the-top-of-the-drawer-to-on-top-of-the-cookie-at-the-ri,episode_49,300,wrist,white_plate,is_behind,black_bowl
move-the-black-bowl-from-the-top-of-the-drawer-to-on-top-of-the-cookie-at-the-ri,episode_49,300,wrist,red_drawer,is_behind,black_stove
move-the-black-bowl-from-the-top-of-the-drawer-to-on-top-of-the-cookie-at-the-ri,episode_49,300,wrist,black_stove,is_in_front_of,red_drawer
move-the-black-bowl-from-the-top-of-the-drawer-to-on-top-of-the-cookie-at-the-ri,episode_49,300,wrist,red_drawer,is_behind,cookie
move-the-black-bowl-from-the-top-of-the-drawer-to-on-top-of-the-cookie-at-the-ri,episode_49,300,wrist,cookie,is_in_front_of,red_drawer
move-the-black-bowl-from-the-top-of-the-drawer-to-on-top-of-the-cookie-at-the-ri,episode_49,300,wrist,red_drawer,is_behind,white_plate
move-the-black-bowl-from-the-top-of-the-drawer-to-on-top-of-the-cookie-at-the-ri,episode_49,300,wrist,white_plate,is_in_front_of,red_drawer
move-the-black-bowl-from-the-top-of-the-drawer-to-on-top-of-the-cookie-at-the-ri,episode_49,300,wrist,black_stove,is_left_of,cookie
move-the-black-bowl-from-the-top-of-the-drawer-to-on-top-of-the-cookie-at-the-ri,episode_49,300,wrist,cookie,is_right_of,black_stove
move-the-black-bowl-from-the-top-of-the-drawer-to-on-top-of-the-cookie-at-the-ri,episode_49,300,wrist,black_stove,is_left_of,white_plate
move-the-black-bowl-from-the-top-of-the-drawer-to-on-top-of-the-cookie-at-the-ri,episode_49,300,wrist,white_plate,is_right_of,black_stove
move-the-black-bowl-from-the-top-of-the-drawer-to-on-top-of-the-cookie-at-the-ri,episode_49,300,wrist,cookie,is_on_top_of,white_plate
move-the-black-bowl-from-the-top-of-the-drawer-to-on-top-of-the-cookie-at-the-ri,episode_49,300,wrist,white_plate,is_below_of,cookie
move-the-black-bowl-from-the-top-of-the-drawer-to-on-top-of-the-cookie-at-the-ri,episode_49,330,wrist,black_bowl,is_on_top_of,red_drawer
move-the-black-bowl-from-the-top-of-the-drawer-to-on-top-of-the-cookie-at-the-ri,episode_49,330,wrist,red_drawer,is_below_of,black_bowl
move-the-black-bowl-from-the-top-of-the-drawer-to-on-top-of-the-cookie-at-the-ri,episode_49,360,wrist,black_bowl,is_on_top_of,red_drawer
move-the-black-bowl-from-the-top-of-the-drawer-to-on-top-of-the-cookie-at-the-ri,episode_49,360,wrist,red_drawer,is_below_of,black_bowl
move-the-black-bowl-from-the-top-of-the-drawer-to-on-top-of-the-cookie-at-the-ri,episode_49,390,wrist,black_bowl,is_on_top_of,cookie
move-the-black-bowl-from-the-top-of-the-drawer-to-on-top-of-the-cookie-at-the-ri,episode_49,390,wrist,cookie,is_below_of,black_bowl
move-the-black-bowl-from-the-top-of-the-drawer-to-on-top-of-the-cookie-at-the-ri,episode_49,420,wrist,black_bowl,is_on_top_of,red_drawer
move-the-black-bowl-from-the-top-of-the-drawer-to-on-top-of-the-cookie-at-the-ri,episode_49,420,wrist,red_drawer,is_below_of,black_bowl
move-the-black-bowl-from-the-top-of-the-drawer-to-on-top-of-the-cookie-at-the-ri,episode_49,450,wrist,black_bowl,is_left_of,red_drawer
move-the-black-bowl-from-the-top-of-the-drawer-to-on-top-of-the-cookie-at-the-ri,episode_49,450,wrist,red_drawer,is_right_of,black_bowl
move-the-black-bowl-from-the-top-of-the-drawer-to-on-top-of-the-cookie-at-the-ri,episode_49,450,wrist,black_bowl,is_on_top_of,black_stove
move-the-black-bowl-from-the-top-of-the-drawer-to-on-top-of-the-cookie-at-the-ri,episode_49,450,wrist,black_stove,is_below_of,black_bowl
move-the-black-bowl-from-the-top-of-the-drawer-to-on-top-of-the-cookie-at-the-ri,episode_49,450,wrist,black_bowl,is_left_of,cookie
move-the-black-bowl-from-the-top-of-the-drawer-to-on-top-of-the-cookie-at-the-ri,episode_49,450,wrist,cookie,is_right_of,black_bowl
move-the-black-bowl-from-the-top-of-the-drawer-to-on-top-of-the-cookie-at-the-ri,episode_49,450,wrist,red_drawer,is_behind,black_stove
move-the-black-bowl-from-the-top-of-the-drawer-to-on-top-of-the-cookie-at-the-ri,episode_49,450,wrist,black_stove,is_in_front_of,red_drawer
move-the-black-bowl-from-the-top-of-the-drawer-to-on-top-of-the-cookie-at-the-ri,episode_49,450,wrist,red_drawer,is_behind,cookie
move-the-black-bowl-from-the-top-of-the-drawer-to-on-top-of-the-cookie-at-the-ri,episode_49,450,wrist,cookie,is_in_front_of,red_drawer
move-the-black-bowl-from-the-top-of-the-drawer-to-on-top-of-the-cookie-at-the-ri,episode_49,450,wrist,black_stove,is_left_of,cookie
move-the-black-bowl-from-the-top-of-the-drawer-to-on-top-of-the-cookie-at-the-ri,episode_49,450,wrist,cookie,is_right_of,black_stove
move-the-black-bowl-from-the-top-of-the-drawer-to-on-top-of-the-cookie-at-the-ri,episode_49,480,wrist,black_bowl,is_left_of,red_drawer
move-the-black-bowl-from-the-top-of-the-drawer-to-on-top-of-the-cookie-at-the-ri,episode_49,480,wrist,red_drawer,is_right_of,black_bowl
move-the-black-bowl-from-the-top-of-the-drawer-to-on-top-of-the-cookie-at-the-ri,episode_49,480,wrist,black_bowl,is_behind,black_stove
move-the-black-bowl-from-the-top-of-the-drawer-to-on-top-of-the-cookie-at-the-ri,episode_49,480,wrist,black_stove,is_in_front_of,black_bowl
move-the-black-bowl-from-the-top-of-the-drawer-to-on-top-of-the-cookie-at-the-ri,episode_49,480,wrist,black_bowl,is_left_of,cookie
move-the-black-bowl-from-the-top-of-the-drawer-to-on-top-of-the-cookie-at-the-ri,episode_49,480,wrist,cookie,is_right_of,black_bowl
move-the-black-bowl-from-the-top-of-the-drawer-to-on-top-of-the-cookie-at-the-ri,episode_49,480,wrist,red_drawer,is_behind,black_stove
move-the-black-bowl-from-the-top-of-the-drawer-to-on-top-of-the-cookie-at-the-ri,episode_49,480,wrist,black_stove,is_in_front_of,red_drawer
move-the-black-bowl-from-the-top-of-the-drawer-to-on-top-of-the-cookie-at-the-ri,episode_49,480,wrist,red_drawer,is_behind,cookie
move-the-black-bowl-from-the-top-of-the-drawer-to-on-top-of-the-cookie-at-the-ri,episode_49,480,wrist,cookie,is_in_front_of,red_drawer
move-the-black-bowl-from-the-top-of-the-drawer-to-on-top-of-the-cookie-at-the-ri,episode_49,480,wrist,black_stove,is_left_of,cookie
move-the-black-bowl-from-the-top-of-the-drawer-to-on-top-of-the-cookie-at-the-ri,episode_49,480,wrist,cookie,is_right_of,black_stove
move-the-black-bowl-from-the-top-of-the-drawer-to-on-top-of-the-cookie-at-the-ri,episode_50,0,wrist,black_bowl,is_in_front_of,red_drawer
move-the-black-bowl-from-the-top-of-the-drawer-to-on-top-of-the-cookie-at-the-ri,episode_50,0,wrist,red_drawer,is_behind,black_bowl
move-the-black-bowl-from-the-top-of-the-drawer-to-on-top-of-the-cookie-at-the-ri,episode_50,0,wrist,black_bowl,is_left_of,cookie
move-the-black-bowl-from-the-top-of-the-drawer-to-on-top-of-the-cookie-at-the-ri,episode_50,0,wrist,cookie,is_right_of,black_bowl
move-the-black-bowl-from-the-top-of-the-drawer-to-on-top-of-the-cookie-at-the-ri,episode_50,0,wrist,black_bowl,is_left_of,white_plate
move-the-black-bowl-from-the-top-of-the-drawer-to-on-top-of-the-cookie-at-the-ri,episode_50,0,wrist,white_plate,is_right_of,black_bowl
move-the-black-bowl-from-the-top-of-the-drawer-to-on-top-of-the-cookie-at-the-ri,episode_50,0,wrist,red_drawer,is_behind,cookie
move-the-black-bowl-from-the-top-of-the-drawer-to-on-top-of-the-cookie-at-the-ri,episode_50,0,wrist,cookie,is_in_front_of,red_drawer
move-the-black-bowl-from-the-top-of-the-drawer-to-on-top-of-the-cookie-at-the-ri,episode_50,0,wrist,red_drawer,is_behind,white_plate
move-the-black-bowl-from-the-top-of-the-drawer-to-on-top-of-the-cookie-at-the-ri,episode_50,0,wrist,white_plate,is_in_front_of,red_drawer
move-the-black-bowl-from-the-top-of-the-drawer-to-on-top-of-the-cookie-at-the-ri,episode_50,0,wrist,cookie,is_on_top_of,white_plate
move-the-black-bowl-from-the-top-of-the-drawer-to-on-top-of-the-cookie-at-the-ri,episode_50,0,wrist,white_plate,is_below_of,cookie
move-the-black-bowl-from-the-top-of-the-drawer-to-on-top-of-the-cookie-at-the-ri,episode_50,30,wrist,black_bowl,is_in_front_of,red_drawer
move-the-black-bowl-from-the-top-of-the-drawer-to-on-top-of-the-cookie-at-the-ri,episode_50,30,wrist,red_drawer,is_behind,black_bowl
move-the-black-bowl-from-the-top-of-the-drawer-to-on-top-of-the-cookie-at-the-ri,episode_50,30,wrist,black_bowl,is_left_of,cookie
move-the-black-bowl-from-the-top-of-the-drawer-to-on-top-of-the-cookie-at-the-ri,episode_50,30,wrist,cookie,is_right_of,black_bowl
move-the-black-bowl-from-the-top-of-the-drawer-to-on-top-of-the-cookie-at-the-ri,episode_50,30,wrist,black_bowl,is_left_of,white_plate
move-the-black-bowl-from-the-top-of-the-drawer-to-on-top-of-the-cookie-at-the-ri,episode_50,30,wrist,white_plate,is_right_of,black_bowl
move-the-black-bowl-from-the-top-of-the-drawer-to-on-top-of-the-cookie-at-the-ri,episode_50,30,wrist,red_drawer,is_behind,cookie
move-the-black-bowl-from-the-top-of-the-drawer-to-on-top-of-the-cookie-at-the-ri,episode_50,30,wrist,cookie,is_in_front_of,red_drawer
move-the-black-bowl-from-the-top-of-the-drawer-to-on-top-of-the-cookie-at-the-ri,episode_50,30,wrist,red_drawer,is_behind,white_plate
move-the-black-bowl-from-the-top-of-the-drawer-to-on-top-of-the-cookie-at-the-ri,episode_50,30,wrist,white_plate,is_in_front_of,red_drawer
move-the-black-bowl-from-the-top-of-the-drawer-to-on-top-of-the-cookie-at-the-ri,episode_50,30,wrist,cookie,is_on_top_of,white_plate
move-the-black-bowl-from-the-top-of-the-drawer-to-on-top-of-the-cookie-at-the-ri,episode_50,30,wrist,white_plate,is_below_of,cookie
move-the-black-bowl-from-the-top-of-the-drawer-to-on-top-of-the-cookie-at-the-ri,episode_50,60,wrist,black_bowl,is_on_top_of,red_drawer
move-the-black-bowl-from-the-top-of-the-drawer-to-on-top-of-the-cookie-at-the-ri,episode_50,60,wrist,red_drawer,is_below_of,black_bowl
move-the-black-bowl-from-the-top-of-the-drawer-to-on-top-of-the-cookie-at-the-ri,episode_50,60,wrist,black_bowl,is_left_of,cookie
move-the-black-bowl-from-the-top-of-the-drawer-to-on-top-of-the-cookie-at-the-ri,episode_50,60,wrist,cookie,is_right_of,black_bowl
move-the-black-bowl-from-the-top-of-the-drawer-to-on-top-of-the-cookie-at-the-ri,episode_50,60,wrist,black_bowl,is_in_front_of,white_plate
move-the-black-bowl-from-the-top-of-the-drawer-to-on-top-of-the-cookie-at-the-ri,episode_50,60,wrist,white_plate,is_behind,black_bowl
move-the-black-bowl-from-the-top-of-the-drawer-to-on-top-of-the-cookie-at-the-ri,episode_50,60,wrist,red_drawer,is_left_of,cookie
move-the-black-bowl-from-the-top-of-the-drawer-to-on-top-of-the-cookie-at-the-ri,episode_50,60,wrist,cookie,is_right_of,red_drawer
move-the-black-bowl-from-the-top-of-the-drawer-to-on-top-of-the-cookie-at-the-ri,episode_50,60,wrist,red_drawer,is_in_front_of,white_plate
move-the-black-bowl-from-the-top-of-the-drawer-to-on-top-of-the-cookie-at-the-ri,episode_50,60,wrist,white_plate,is_behind,red_drawer
move-the-black-bowl-from-the-top-of-the-drawer-to-on-top-of-the-cookie-at-the-ri,episode_50,60,wrist,cookie,is_in_front_of,white_plate
move-the-black-bowl-from-the-top-of-the-drawer-to-on-top-of-the-cookie-at-the-ri,episode_50,60,wrist,white_plate,is_behind,cookie
move-the-black-bowl-from-the-top-of-the-drawer-to-on-top-of-the-cookie-at-the-ri,episode_50,90,wrist,black_bowl,is_in_front_of,red_drawer
move-the-black-bowl-from-the-top-of-the-drawer-to-on-top-of-the-cookie-at-the-ri,episode_50,90,wrist,red_drawer,is_behind,black_bowl
move-the-black-bowl-from-the-top-of-the-drawer-to-on-top-of-the-cookie-at-the-ri,episode_50,90,wrist,black_bowl,is_left_of,white_plate
move-the-black-bowl-from-the-top-of-the-drawer-to-on-top-of-the-cookie-at-the-ri,episode_50,90,wrist,white_plate,is_right_of,black_bowl
move-the-black-bowl-from-the-top-of-the-drawer-to-on-top-of-the-cookie-at-the-ri,episode_50,90,wrist,red_drawer,is_behind,white_plate
move-the-black-bowl-from-the-top-of-the-drawer-to-on-top-of-the-cookie-at-the-ri,episode_50,90,wrist,white_plate,is_in_front_of,red_drawer
move-the-black-bowl-from-the-top-of-the-drawer-to-on-top-of-the-cookie-at-the-ri,episode_50,120,wrist,black_bowl,is_on_top_of,red_drawer
move-the-black-bowl-from-the-top-of-the-drawer-to-on-top-of-the-cookie-at-the-ri,episode_50,120,wrist,red_drawer,is_below_of,black_bowl
move-the-black-bowl-from-the-top-of-the-drawer-to-on-top-of-the-cookie-at-the-ri,episode_50,120,wrist,black_bowl,is_left_of,cookie
move-the-black-bowl-from-the-top-of-the-drawer-to-on-top-of-the-cookie-at-the-ri,episode_50,120,wrist,cookie,is_right_of,black_bowl
move-the-black-bowl-from-the-top-of-the-drawer-to-on-top-of-the-cookie-at-the-ri,episode_50,120,wrist,black_bowl,is_left_of,white_plate
move-the-black-bowl-from-the-top-of-the-drawer-to-on-top-of-the-cookie-at-the-ri,episode_50,120,wrist,white_plate,is_right_of,black_bowl
move-the-black-bowl-from-the-top-of-the-drawer-to-on-top-of-the-cookie-at-the-ri,episode_50,120,wrist,red_drawer,is_left_of,cookie
move-the-black-bowl-from-the-top-of-the-drawer-to-on-top-of-the-cookie-at-the-ri,episode_50,120,wrist,cookie,is_right_of,red_drawer
move-the-black-bowl-from-the-top-of-the-drawer-to-on-top-of-the-cookie-at-the-ri,episode_50,120,wrist,red_drawer,is_left_of,white_plate
move-the-black-bowl-from-the-top-of-the-drawer-to-on-top-of-the-cookie-at-the-ri,episode_50,120,wrist,white_plate,is_right_of,red_drawer
move-the-black-bowl-from-the-top-of-the-drawer-to-on-top-of-the-cookie-at-the-ri,episode_50,120,wrist,cookie,is_on_top_of,white_plate
move-the-black-bowl-from-the-top-of-the-drawer-to-on-top-of-the-cookie-at-the-ri,episode_50,120,wrist,white_plate,is_below_of,cookie
move-the-black-bowl-from-the-top-of-the-drawer-to-on-top-of-the-cookie-at-the-ri,episode_50,150,wrist,black_bowl,is_on_top_of,red_drawer
move-the-black-bowl-from-the-top-of-the-drawer-to-on-top-of-the-cookie-at-the-ri,episode_50,150,wrist,red_drawer,is_below_of,black_bowl
move-the-black-bowl-from-the-top-of-the-drawer-to-on-top-of-the-cookie-at-the-ri,episode_50,150,wrist,black_bowl,is_behind,black_stove
move-the-black-bowl-from-the-top-of-the-drawer-to-on-top-of-the-cookie-at-the-ri,episode_50,150,wrist,black_stove,is_in_front_of,black_bowl
move-the-black-bowl-from-the-top-of-the-drawer-to-on-top-of-the-cookie-at-the-ri,episode_50,150,wrist,black_bowl,is_right_of,cookie
move-the-black-bowl-from-the-top-of-the-drawer-to-on-top-of-the-cookie-at-the-ri,episode_50,150,wrist,cookie,is_left_of,black_bowl
move-the-black-bowl-from-the-top-of-the-drawer-to-on-top-of-the-cookie-at-the-ri,episode_50,150,wrist,red_drawer,is_behind,black_stove
move-the-black-bowl-from-the-top-of-the-drawer-to-on-top-of-the-cookie-at-the-ri,episode_50,150,wrist,black_stove,is_in_front_of,red_drawer
move-the-black-bowl-from-the-top-of-the-drawer-to-on-top-of-the-cookie-at-the-ri,episode_50,150,wrist,red_drawer,is_right_of,cookie
move-the-black-bowl-from-the-top-of-the-drawer-to-on-top-of-the-cookie-at-the-ri,episode_50,150,wrist,cookie,is_left_of,red_drawer
move-the-black-bowl-from-the-top-of-the-drawer-to-on-top-of-the-cookie-at-the-ri,episode_50,150,wrist,black_stove,is_in_front_of,cookie
move-the-black-bowl-from-the-top-of-the-drawer-to-on-top-of-the-cookie-at-the-ri,episode_50,150,wrist,cookie,is_behind,black_stove
move-the-black-bowl-from-the-top-of-the-drawer-to-on-top-of-the-cookie-at-the-ri,episode_50,180,wrist,black_bowl,is_on_top_of,red_drawer
move-the-black-bowl-from-the-top-of-the-drawer-to-on-top-of-the-cookie-at-the-ri,episode_50,180,wrist,red_drawer,is_below_of,black_bowl
move-the-black-bowl-from-the-top-of-the-drawer-to-on-top-of-the-cookie-at-the-ri,episode_50,180,wrist,black_bowl,is_right_of,cookie
move-the-black-bowl-from-the-top-of-the-drawer-to-on-top-of-the-cookie-at-the-ri,episode_50,180,wrist,cookie,is_left_of,black_bowl
move-the-black-bowl-from-the-top-of-the-drawer-to-on-top-of-the-cookie-at-the-ri,episode_50,180,wrist,red_drawer,is_right_of,cookie
move-the-black-bowl-from-the-top-of-the-drawer-to-on-top-of-the-cookie-at-the-ri,episode_50,180,wrist,cookie,is_left_of,red_drawer
move-the-black-bowl-from-the-top-of-the-drawer-to-on-top-of-the-cookie-at-the-ri,episode_50,210,wrist,black_bowl,is_on_top_of,red_drawer
move-the-black-bowl-from-the-top-of-the-drawer-to-on-top-of-the-cookie-at-the-ri,episode_50,210,wrist,red_drawer,is_below_of,black_bowl
move-the-black-bowl-from-the-top-of-the-drawer-to-on-top-of-the-cookie-at-the-ri,episode_50,210,wrist,black_bowl,is_right_of,white_plate
move-the-black-bowl-from-the-top-of-the-drawer-to-on-top-of-the-cookie-at-the-ri,episode_50,210,wrist,white_plate,is_left_of,black_bowl
move-the-black-bowl-from-the-top-of-the-drawer-to-on-top-of-the-cookie-at-the-ri,episode_50,210,wrist,red_drawer,is_right_of,white_plate
move-the-black-bowl-from-the-top-of-the-drawer-to-on-top-of-the-cookie-at-the-ri,episode_50,210,wrist,white_plate,is_left_of,red_drawer
move-the-black-bowl-from-the-top-of-the-drawer-to-on-top-of-the-cookie-at-the-ri,episode_50,240,wrist,black_bowl,is_in_front_of,red_drawer
move-the-black-bowl-from-the-top-of-the-drawer-to-on-top-of-the-cookie-at-the-ri,episode_50,240,wrist,red_drawer,is_behind,black_bowl
move-the-black-bowl-from-the-top-of-the-drawer-to-on-top-of-the-cookie-at-the-ri,episode_50,240,wrist,black_bowl,is_right_of,black_stove
move-the-black-bowl-from-the-top-of-the-drawer-to-on-top-of-the-cookie-at-the-ri,episode_50,240,wrist,black_stove,is_left_of,black_bowl
move-the-black-bowl-from-the-top-of-the-drawer-to-on-top-of-the-cookie-at-the-ri,episode_50,240,wrist,black_bowl,is_right_of,white_plate
move-the-black-bowl-from-the-top-of-the-drawer-to-on-top-of-the-cookie-at-the-ri,episode_50,240,wrist,white_plate,is_left_of,black_bowl
move-the-black-bowl-from-the-top-of-the-drawer-to-on-top-of-the-cookie-at-the-ri,episode_50,240,wrist,red_drawer,is_behind,black_stove
move-the-black-bowl-from-the-top-of-the-drawer-to-on-top-of-the-cookie-at-the-ri,episode_50,240,wrist,black_stove,is_in_front_of,red_drawer
move-the-black-bowl-from-the-top-of-the-drawer-to-on-top-of-the-cookie-at-the-ri,episode_50,240,wrist,red_drawer,is_behind,white_plate
move-the-black-bowl-from-the-top-of-the-drawer-to-on-top-of-the-cookie-at-the-ri,episode_50,240,wrist,white_plate,is_in_front_of,red_drawer
move-the-black-bowl-from-the-top-of-the-drawer-to-on-top-of-the-cookie-at-the-ri,episode_50,240,wrist,black_stove,is_below_of,white_plate
move-the-black-bowl-from-the-top-of-the-drawer-to-on-top-of-the-cookie-at-the-ri,episode_50,240,wrist,white_plate,is_on_top_of,black_stove
move-the-black-bowl-from-the-top-of-the-drawer-to-on-top-of-the-cookie-at-the-ri,episode_50,270,wrist,black_bowl,is_right_of,cookie
move-the-black-bowl-from-the-top-of-the-drawer-to-on-top-of-the-cookie-at-the-ri,episode_50,270,wrist,cookie,is_left_of,black_bowl
move-the-black-bowl-from-the-top-of-the-drawer-to-on-top-of-the-cookie-at-the-ri,episode_50,300,wrist,black_bowl,is_in_front_of,cookie
move-the-black-bowl-from-the-top-of-the-drawer-to-on-top-of-the-cookie-at-the-ri,episode_50,300,wrist,cookie,is_behind,black_bowl
move-the-black-bowl-from-the-top-of-the-drawer-to-on-top-of-the-cookie-at-the-ri,episode_50,330,wrist,black_bowl,is_on_top_of,cookie
move-the-black-bowl-from-the-top-of-the-drawer-to-on-top-of-the-cookie-at-the-ri,episode_50,330,wrist,cookie,is_below_of,black_bowl
move-the-black-bowl-from-the-top-of-the-drawer-to-on-top-of-the-cookie-at-the-ri,episode_50,360,wrist,black_bowl,is_on_top_of,cookie
move-the-black-bowl-from-the-top-of-the-drawer-to-on-top-of-the-cookie-at-the-ri,episode_50,360,wrist,cookie,is_below_of,black_bowl
move-the-black-bowl-from-the-top-of-the-drawer-to-on-top-of-the-cookie-at-the-ri,episode_50,390,wrist,black_bowl,is_behind,cookie
move-the-black-bowl-from-the-top-of-the-drawer-to-on-top-of-the-cookie-at-the-ri,episode_50,390,wrist,cookie,is_in_front_of,black_bowl
move-the-black-bowl-from-the-top-of-the-drawer-to-on-top-of-the-cookie-at-the-ri,episode_50,420,wrist,black_bowl,is_in_front_of,cookie
move-the-black-bowl-from-the-top-of-the-drawer-to-on-top-of-the-cookie-at-the-ri,episode_50,420,wrist,cookie,is_behind,black_bowl
move-the-black-bowl-from-the-top-of-the-drawer-to-on-top-of-the-cookie-at-the-ri,episode_50,450,wrist,black_bowl,is_in_front_of,cookie
move-the-black-bowl-from-the-top-of-the-drawer-to-on-top-of-the-cookie-at-the-ri,episode_50,450,wrist,cookie,is_behind,black_bowl
move-the-black-bowl-from-the-top-of-the-drawer-to-on-top-of-the-cookie-at-the-ri,episode_50,480,wrist,black_bowl,is_on_top_of,cookie
move-the-black-bowl-from-the-top-of-the-drawer-to-on-top-of-the-cookie-at-the-ri,episode_50,480,wrist,cookie,is_below_of,black_bowl
move-the-black-bowl-from-the-top-of-the-drawer-to-on-top-of-the-cookie-at-the-ri,episode_50,510,wrist,black_bowl,is_on_top_of,cookie
move-the-black-bowl-from-the-top-of-the-drawer-to-on-top-of-the-cookie-at-the-ri,episode_50,510,wrist,cookie,is_below_of,black_bowl
move-the-black-bowl-from-the-top-of-the-drawer-to-on-top-of-the-cookie-at-the-ri,episode_50,540,wrist,black_bowl,is_right_of,cookie
move-the-black-bowl-from-the-top-of-the-drawer-to-on-top-of-the-cookie-at-the-ri,episode_50,540,wrist,cookie,is_left_of,black_bowl
move-the-black-bowl-from-the-top-of-the-drawer-to-on-top-of-the-cookie-at-the-ri,episode_50,570,wrist,black_bowl,is_on_top_of,cookie
move-the-black-bowl-from-the-top-of-the-drawer-to-on-top-of-the-cookie-at-the-ri,episode_50,570,wrist,cookie,is_below_of,black_bowl
move-the-black-bowl-from-the-top-of-the-drawer-to-on-top-of-the-cookie-at-the-ri,episode_50,600,wrist,black_bowl,is_on_top_of,cookie
move-the-black-bowl-from-the-top-of-the-drawer-to-on-top-of-the-cookie-at-the-ri,episode_50,600,wrist,cookie,is_below_of,black_bowl
move-the-black-bowl-from-the-top-of-the-drawer-to-on-top-of-the-cookie-at-the-ri,episode_50,630,wrist,black_bowl,is_on_top_of,cookie
move-the-black-bowl-from-the-top-of-the-drawer-to-on-top-of-the-cookie-at-the-ri,episode_50,630,wrist,cookie,is_below_of,black_bowl
move-the-black-bowl-from-the-top-of-the-drawer-to-on-top-of-the-cookie-at-the-ri,episode_50,660,wrist,black_bowl,is_behind,cookie
move-the-black-bowl-from-the-top-of-the-drawer-to-on-top-of-the-cookie-at-the-ri,episode_50,660,wrist,cookie,is_in_front_of,black_bowl
move-the-black-bowl-from-the-top-of-the-drawer-to-on-top-of-the-cookie-at-the-ri,episode_50,690,wrist,black_bowl,is_on_top_of,cookie
move-the-black-bowl-from-the-top-of-the-drawer-to-on-top-of-the-cookie-at-the-ri,episode_50,690,wrist,cookie,is_below_of,black_bowl
move-the-black-bowl-from-the-top-of-the-drawer-to-on-top-of-the-cookie-at-the-ri,episode_50,720,wrist,black_bowl,is_on_top_of,cookie
move-the-black-bowl-from-the-top-of-the-drawer-to-on-top-of-the-cookie-at-the-ri,episode_50,720,wrist,cookie,is_below_of,black_bowl
move-the-black-bowl-from-the-top-of-the-drawer-to-on-top-of-the-cookie-at-the-ri,episode_50,750,wrist,black_bowl,is_behind,cookie
move-the-black-bowl-from-the-top-of-the-drawer-to-on-top-of-the-cookie-at-the-ri,episode_50,750,wrist,cookie,is_in_front_of,black_bowl
move-the-black-bowl-from-the-top-of-the-drawer-to-on-top-of-the-cookie-at-the-ri,episode_50,780,wrist,black_bowl,is_left_of,red_drawer
move-the-black-bowl-from-the-top-of-the-drawer-to-on-top-of-the-cookie-at-the-ri,episode_50,780,wrist,red_drawer,is_right_of,black_bowl
move-the-black-bowl-from-the-top-of-the-drawer-to-on-top-of-the-cookie-at-the-ri,episode_50,810,wrist,black_bowl,is_on_top_of,red_drawer
move-the-black-bowl-from-the-top-of-the-drawer-to-on-top-of-the-cookie-at-the-ri,episode_50,810,wrist,red_drawer,is_below_of,black_bowl
move-the-black-bowl-from-the-top-of-the-drawer-to-on-top-of-the-cookie-at-the-ri,episode_50,810,wrist,black_bowl,is_left_of,white_plate
move-the-black-bowl-from-the-top-of-the-drawer-to-on-top-of-the-cookie-at-the-ri,episode_50,810,wrist,white_plate,is_right_of,black_bowl
move-the-black-bowl-from-the-top-of-the-drawer-to-on-top-of-the-cookie-at-the-ri,episode_50,810,wrist,black_bowl,is_left_of,cookie
move-the-black-bowl-from-the-top-of-the-drawer-to-on-top-of-the-cookie-at-the-ri,episode_50,810,wrist,cookie,is_right_of,black_bowl
move-the-black-bowl-from-the-top-of-the-drawer-to-on-top-of-the-cookie-at-the-ri,episode_50,810,wrist,red_drawer,is_left_of,white_plate
move-the-black-bowl-from-the-top-of-the-drawer-to-on-top-of-the-cookie-at-the-ri,episode_50,810,wrist,white_plate,is_right_of,red_drawer
move-the-black-bowl-from-the-top-of-the-drawer-to-on-top-of-the-cookie-at-the-ri,episode_50,810,wrist,red_drawer,is_left_of,cookie
move-the-black-bowl-from-the-top-of-the-drawer-to-on-top-of-the-cookie-at-the-ri,episode_50,810,wrist,cookie,is_right_of,red_drawer
move-the-black-bowl-from-the-top-of-the-drawer-to-on-top-of-the-cookie-at-the-ri,episode_50,810,wrist,white_plate,is_behind,cookie
move-the-black-bowl-from-the-top-of-the-drawer-to-on-top-of-the-cookie-at-the-ri,episode_50,810,wrist,cookie,is_in_front_of,white_plate
move-the-black-bowl-from-the-top-of-the-drawer-to-on-top-of-the-cookie-at-the-ri,episode_50,840,wrist,black_bowl,is_on_top_of,red_drawer
move-the-black-bowl-from-the-top-of-the-drawer-to-on-top-of-the-cookie-at-the-ri,episode_50,840,wrist,red_drawer,is_below_of,black_bowl
move-the-black-bowl-from-the-top-of-the-drawer-to-on-top-of-the-cookie-at-the-ri,episode_50,840,wrist,black_bowl,is_left_of,cookie
move-the-black-bowl-from-the-top-of-the-drawer-to-on-top-of-the-cookie-at-the-ri,episode_50,840,wrist,cookie,is_right_of,black_bowl
move-the-black-bowl-from-the-top-of-the-drawer-to-on-top-of-the-cookie-at-the-ri,episode_50,840,wrist,black_bowl,is_left_of,white_plate
move-the-black-bowl-from-the-top-of-the-drawer-to-on-top-of-the-cookie-at-the-ri,episode_50,840,wrist,white_plate,is_right_of,black_bowl
move-the-black-bowl-from-the-top-of-the-drawer-to-on-top-of-the-cookie-at-the-ri,episode_50,840,wrist,red_drawer,is_left_of,cookie
move-the-black-bowl-from-the-top-of-the-drawer-to-on-top-of-the-cookie-at-the-ri,episode_50,840,wrist,cookie,is_right_of,red_drawer
move-the-black-bowl-from-the-top-of-the-drawer-to-on-top-of-the-cookie-at-the-ri,episode_50,840,wrist,red_drawer,is_left_of,white_plate
move-the-black-bowl-from-the-top-of-the-drawer-to-on-top-of-the-cookie-at-the-ri,episode_50,840,wrist,white_plate,is_right_of,red_drawer
move-the-black-bowl-from-the-top-of-the-drawer-to-on-top-of-the-cookie-at-the-ri,episode_50,840,wrist,cookie,is_on_top_of,white_plate
move-the-black-bowl-from-the-top-of-the-drawer-to-on-top-of-the-cookie-at-the-ri,episode_50,840,wrist,white_plate,is_below_of,cookie
move-the-black-bowl-from-the-top-of-the-drawer-to-on-top-of-the-cookie-at-the-ri,episode_50,870,wrist,black_bowl,is_in_front_of,red_drawer
move-the-black-bowl-from-the-top-of-the-drawer-to-on-top-of-the-cookie-at-the-ri,episode_50,870,wrist,red_drawer,is_behind,black_bowl
move-the-black-bowl-from-the-top-of-the-drawer-to-on-top-of-the-cookie-at-the-ri,episode_50,870,wrist,black_bowl,is_left_of,cookie
move-the-black-bowl-from-the-top-of-the-drawer-to-on-top-of-the-cookie-at-the-ri,episode_50,870,wrist,cookie,is_right_of,black_bowl
move-the-black-bowl-from-the-top-of-the-drawer-to-on-top-of-the-cookie-at-the-ri,episode_50,870,wrist,red_drawer,is_left_of,cookie
move-the-black-bowl-from-the-top-of-the-drawer-to-on-top-of-the-cookie-at-the-ri,episode_50,870,wrist,cookie,is_right_of,red_drawer
move-the-black-bowl-from-the-top-of-the-drawer-to-on-top-of-the-cookie-at-the-ri,episode_50,870,wrist,black_bowl,is_on_top_of,white_plate
move-the-black-bowl-from-the-top-of-the-drawer-to-on-top-of-the-cookie-at-the-ri,episode_50,870,wrist,white_plate,is_below_of,black_bowl
move-the-black-bowl-from-the-top-of-the-drawer-to-on-top-of-the-cookie-at-the-ri,episode_50,870,wrist,red_drawer,is_behind,white_plate
move-the-black-bowl-from-the-top-of-the-drawer-to-on-top-of-the-cookie-at-the-ri,episode_50,870,wrist,white_plate,is_in_front_of,red_drawer
move-the-black-bowl-from-the-top-of-the-drawer-to-on-top-of-the-cookie-at-the-ri,episode_50,870,wrist,cookie,is_right_of,white_plate
move-the-black-bowl-from-the-top-of-the-drawer-to-on-top-of-the-cookie-at-the-ri,episode_50,870,wrist,white_plate,is_left_of,cookie
