task,demo,frame,camera,objectA,relation,objectB
pick_up_the_black_bowl_on_the_wooden_cabinet_and_place_it_on_the_plate,demo_0,0,agentview,akita_black_bowl_1,is_on_top_of,wooden_cabinet_1
pick_up_the_black_bowl_on_the_wooden_cabinet_and_place_it_on_the_plate,demo_0,0,agentview,wooden_cabinet_1,is_below_of,akita_black_bowl_1
pick_up_the_black_bowl_on_the_wooden_cabinet_and_place_it_on_the_plate,demo_0,0,agentview,akita_black_bowl_2,is_on_top_of,flat_stove_1
pick_up_the_black_bowl_on_the_wooden_cabinet_and_place_it_on_the_plate,demo_0,0,agentview,flat_stove_1,is_below_of,akita_black_bowl_2
pick_up_the_black_bowl_on_the_wooden_cabinet_and_place_it_on_the_plate,demo_0,0,agentview,cookies_1,is_on_top_of,flat_stove_1
pick_up_the_black_bowl_on_the_wooden_cabinet_and_place_it_on_the_plate,demo_0,0,agentview,flat_stove_1,is_below_of,cookies_1
pick_up_the_black_bowl_on_the_wooden_cabinet_and_place_it_on_the_plate,demo_0,0,agentview,glazed_rim_porcelain_ramekin_1,is_on_top_of,flat_stove_1
pick_up_the_black_bowl_on_the_wooden_cabinet_and_place_it_on_the_plate,demo_0,0,agentview,flat_stove_1,is_below_of,glazed_rim_porcelain_ramekin_1
pick_up_the_black_bowl_on_the_wooden_cabinet_and_place_it_on_the_plate,demo_0,0,agentview,plate_1,is_on_top_of,flat_stove_1
pick_up_the_black_bowl_on_the_wooden_cabinet_and_place_it_on_the_plate,demo_0,0,agentview,flat_stove_1,is_below_of,plate_1
pick_up_the_black_bowl_on_the_wooden_cabinet_and_place_it_on_the_plate,demo_0,0,agentview,akita_black_bowl_1,is_behind,akita_black_bowl_2
pick_up_the_black_bowl_on_the_wooden_cabinet_and_place_it_on_the_plate,demo_0,0,agentview,akita_black_bowl_2,is_in_front_of,akita_black_bowl_1
pick_up_the_black_bowl_on_the_wooden_cabinet_and_place_it_on_the_plate,demo_0,0,agentview,akita_black_bowl_1,is_behind,cookies_1
pick_up_the_black_bowl_on_the_wooden_cabinet_and_place_it_on_the_plate,demo_0,0,agentview,cookies_1,is_in_front_of,akita_black_bowl_1
pick_up_the_black_bowl_on_the_wooden_cabinet_and_place_it_on_the_plate,demo_0,0,agentview,akita_black_bowl_1,is_behind,glazed_rim_porcelain_ramekin_1
pick_up_the_black_bowl_on_the_wooden_cabinet_and_place_it_on_the_plate,demo_0,0,agentview,glazed_rim_porcelain_ramekin_1,is_in_front_of,akita_black_bowl_1
pick_up_the_black_bowl_on_the_wooden_cabinet_and_place_it_on_the_plate,demo_0,0,agentview,akita_black_bowl_1,is_behind,plate_1
pick_up_the_black_bowl_on_the_wooden_cabinet_and_place_it_on_the_plate,demo_0,0,agentview,plate_1,is_in_front_of,akita_black_bowl_1
pick_up_the_black_bowl_on_the_wooden_cabinet_and_place_it_on_the_plate,demo_0,0,agentview,akita_black_bowl_1,is_right_of,wooden_cabinet_1
pick_up_the_black_bowl_on_the_wooden_cabinet_and_place_it_on_the_plate,demo_0,0,agentview,wooden_cabinet_1,is_left_of,akita_black_bowl_1
pick_up_the_black_bowl_on_the_wooden_cabinet_and_place_it_on_the_plate,demo_0,0,agentview,akita_black_bowl_2,is_left_of,cookies_1
pick_up_the_black_bowl_on_the_wooden_cabinet_and_place_it_on_the_plate,demo_0,0,agentview,cookies_1,is_right_of,akita_black_bowl_2
pick_up_the_black_bowl_on_the_wooden_cabinet_and_place_it_on_the_plate,demo_0,0,agentview,akita_black_bowl_2,is_left_of,glazed_rim_porcelain_ramekin_1
pick_up_the_black_bowl_on_the_wooden_cabinet_and_place_it_on_the_plate,demo_0,0,agentview,glazed_rim_porcelain_ramekin_1,is_right_of,akita_black_bowl_2
pick_up_the_black_bowl_on_the_wooden_cabinet_and_place_it_on_the_plate,demo_0,0,agentview,akita_black_bowl_2,is_left_of,plate_1
pick_up_the_black_bowl_on_the_wooden_cabinet_and_place_it_on_the_plate,demo_0,0,agentview,plate_1,is_right_of,akita_black_bowl_2
pick_up_the_black_bowl_on_the_wooden_cabinet_and_place_it_on_the_plate,demo_0,0,agentview,cookies_1,is_left_of,glazed_rim_porcelain_ramekin_1
pick_up_the_black_bowl_on_the_wooden_cabinet_and_place_it_on_the_plate,demo_0,0,agentview,glazed_rim_porcelain_ramekin_1,is_right_of,cookies_1
pick_up_the_black_bowl_on_the_wooden_cabinet_and_place_it_on_the_plate,demo_0,0,agentview,cookies_1,is_in_front_of,glazed_rim_porcelain_ramekin_1
pick_up_the_black_bowl_on_the_wooden_cabinet_and_place_it_on_the_plate,demo_0,0,agentview,glazed_rim_porcelain_ramekin_1,is_behind,cookies_1
pick_up_the_black_bowl_on_the_wooden_cabinet_and_place_it_on_the_plate,demo_0,0,agentview,cookies_1,is_left_of,plate_1
pick_up_the_black_bowl_on_the_wooden_cabinet_and_place_it_on_the_plate,demo_0,0,agentview,plate_1,is_right_of,cookies_1
pick_up_the_black_bowl_on_the_wooden_cabinet_and_place_it_on_the_plate,demo_0,0,agentview,glazed_rim_porcelain_ramekin_1,is_left_of,plate_1
pick_up_the_black_bowl_on_the_wooden_cabinet_and_place_it_on_the_plate,demo_0,0,agentview,plate_1,is_right_of,glazed_rim_porcelain_ramekin_1
pick_up_the_black_bowl_on_the_wooden_cabinet_and_place_it_on_the_plate,demo_0,5,agentview,akita_black_bowl_1,is_on_top_of,wooden_cabinet_1
pick_up_the_black_bowl_on_the_wooden_cabinet_and_place_it_on_the_plate,demo_0,5,agentview,wooden_cabinet_1,is_below_of,akita_black_bowl_1
pick_up_the_black_bowl_on_the_wooden_cabinet_and_place_it_on_the_plate,demo_0,5,agentview,akita_black_bowl_2,is_on_top_of,wooden_cabinet_1
pick_up_the_black_bowl_on_the_wooden_cabinet_and_place_it_on_the_plate,demo_0,5,agentview,wooden_cabinet_1,is_below_of,akita_black_bowl_2
pick_up_the_black_bowl_on_the_wooden_cabinet_and_place_it_on_the_plate,demo_0,5,agentview,cookies_1,is_on_top_of,wooden_cabinet_1
pick_up_the_black_bowl_on_the_wooden_cabinet_and_place_it_on_the_plate,demo_0,5,agentview,wooden_cabinet_1,is_below_of,cookies_1
pick_up_the_black_bowl_on_the_wooden_cabinet_and_place_it_on_the_plate,demo_0,5,agentview,glazed_rim_porcelain_ramekin_1,is_on_top_of,flat_stove_1
pick_up_the_black_bowl_on_the_wooden_cabinet_and_place_it_on_the_plate,demo_0,5,agentview,flat_stove_1,is_below_of,glazed_rim_porcelain_ramekin_1
pick_up_the_black_bowl_on_the_wooden_cabinet_and_place_it_on_the_plate,demo_0,5,agentview,plate_1,is_on_top_of,flat_stove_1
pick_up_the_black_bowl_on_the_wooden_cabinet_and_place_it_on_the_plate,demo_0,5,agentview,flat_stove_1,is_below_of,plate_1
pick_up_the_black_bowl_on_the_wooden_cabinet_and_place_it_on_the_plate,demo_0,5,agentview,akita_black_bowl_1,is_behind,akita_black_bowl_2
pick_up_the_black_bowl_on_the_wooden_cabinet_and_place_it_on_the_plate,demo_0,5,agentview,akita_black_bowl_2,is_in_front_of,akita_black_bowl_1
pick_up_the_black_bowl_on_the_wooden_cabinet_and_place_it_on_the_plate,demo_0,5,agentview,akita_black_bowl_1,is_behind,cookies_1
pick_up_the_black_bowl_on_the_wooden_cabinet_and_place_it_on_the_plate,demo_0,5,agentview,cookies_1,is_in_front_of,akita_black_bowl_1
pick_up_the_black_bowl_on_the_wooden_cabinet_and_place_it_on_the_plate,demo_0,5,agentview,akita_black_bowl_1,is_behind,glazed_rim_porcelain_ramekin_1
pick_up_the_black_bowl_on_the_wooden_cabinet_and_place_it_on_the_plate,demo_0,5,agentview,glazed_rim_porcelain_ramekin_1,is_in_front_of,akita_black_bowl_1
pick_up_the_black_bowl_on_the_wooden_cabinet_and_place_it_on_the_plate,demo_0,5,agentview,akita_black_bowl_1,is_behind,plate_1
pick_up_the_black_bowl_on_the_wooden_cabinet_and_place_it_on_the_plate,demo_0,5,agentview,plate_1,is_in_front_of,akita_black_bowl_1
pick_up_the_black_bowl_on_the_wooden_cabinet_and_place_it_on_the_plate,demo_0,5,agentview,akita_black_bowl_2,is_behind,glazed_rim_porcelain_ramekin_1
pick_up_the_black_bowl_on_the_wooden_cabinet_and_place_it_on_the_plate,demo_0,5,agentview,glazed_rim_porcelain_ramekin_1,is_in_front_of,akita_black_bowl_2
pick_up_the_black_bowl_on_the_wooden_cabinet_and_place_it_on_the_plate,demo_0,5,agentview,akita_black_bowl_2,is_behind,plate_1
pick_up_the_black_bowl_on_the_wooden_cabinet_and_place_it_on_the_plate,demo_0,5,agentview,plate_1,is_in_front_of,akita_black_bowl_2
pick_up_the_black_bowl_on_the_wooden_cabinet_and_place_it_on_the_plate,demo_0,5,agentview,akita_black_bowl_2,is_right_of,cookies_1
pick_up_the_black_bowl_on_the_wooden_cabinet_and_place_it_on_the_plate,demo_0,5,agentview,cookies_1,is_left_of,akita_black_bowl_2
pick_up_the_black_bowl_on_the_wooden_cabinet_and_place_it_on_the_plate,demo_0,5,agentview,cookies_1,is_behind,glazed_rim_porcelain_ramekin_1
pick_up_the_black_bowl_on_the_wooden_cabinet_and_place_it_on_the_plate,demo_0,5,agentview,glazed_rim_porcelain_ramekin_1,is_in_front_of,cookies_1
pick_up_the_black_bowl_on_the_wooden_cabinet_and_place_it_on_the_plate,demo_0,5,agentview,cookies_1,is_behind,plate_1
pick_up_the_black_bowl_on_the_wooden_cabinet_and_place_it_on_the_plate,demo_0,5,agentview,plate_1,is_in_front_of,cookies_1
pick_up_the_black_bowl_on_the_wooden_cabinet_and_place_it_on_the_plate,demo_0,5,agentview,glazed_rim_porcelain_ramekin_1,is_left_of,plate_1
pick_up_the_black_bowl_on_the_wooden_cabinet_and_place_it_on_the_plate,demo_0,5,agentview,plate_1,is_right_of,glazed_rim_porcelain_ramekin_1
pick_up_the_black_bowl_on_the_wooden_cabinet_and_place_it_on_the_plate,demo_0,10,agentview,akita_black_bowl_1,is_on_top_of,wooden_cabinet_1
pick_up_the_black_bowl_on_the_wooden_cabinet_and_place_it_on_the_plate,demo_0,10,agentview,wooden_cabinet_1,is_below_of,akita_black_bowl_1
pick_up_the_black_bowl_on_the_wooden_cabinet_and_place_it_on_the_plate,demo_0,10,agentview,akita_black_bowl_1,is_behind,akita_black_bowl_2
pick_up_the_black_bowl_on_the_wooden_cabinet_and_place_it_on_the_plate,demo_0,10,agentview,akita_black_bowl_2,is_in_front_of,akita_black_bowl_1
pick_up_the_black_bowl_on_the_wooden_cabinet_and_place_it_on_the_plate,demo_0,10,agentview,akita_black_bowl_1,is_behind,cookies_1
pick_up_the_black_bowl_on_the_wooden_cabinet_and_place_it_on_the_plate,demo_0,10,agentview,cookies_1,is_in_front_of,akita_black_bowl_1
pick_up_the_black_bowl_on_the_wooden_cabinet_and_place_it_on_the_plate,demo_0,10,agentview,akita_black_bowl_1,is_behind,glazed_rim_porcelain_ramekin_1
pick_up_the_black_bowl_on_the_wooden_cabinet_and_place_it_on_the_plate,demo_0,10,agentview,glazed_rim_porcelain_ramekin_1,is_in_front_of,akita_black_bowl_1
pick_up_the_black_bowl_on_the_wooden_cabinet_and_place_it_on_the_plate,demo_0,10,agentview,akita_black_bowl_1,is_behind,plate_1
pick_up_the_black_bowl_on_the_wooden_cabinet_and_place_it_on_the_plate,demo_0,10,agentview,plate_1,is_in_front_of,akita_black_bowl_1
pick_up_the_black_bowl_on_the_wooden_cabinet_and_place_it_on_the_plate,demo_0,10,agentview,akita_black_bowl_1,is_behind,flat_stove_1
pick_up_the_black_bowl_on_the_wooden_cabinet_and_place_it_on_the_plate,demo_0,10,agentview,flat_stove_1,is_in_front_of,akita_black_bowl_1
pick_up_the_black_bowl_on_the_wooden_cabinet_and_place_it_on_the_plate,demo_0,10,agentview,akita_black_bowl_2,is_on_top_of,plate_1
pick_up_the_black_bowl_on_the_wooden_cabinet_and_place_it_on_the_plate,demo_0,10,agentview,plate_1,is_below_of,akita_black_bowl_2
pick_up_the_black_bowl_on_the_wooden_cabinet_and_place_it_on_the_plate,demo_0,10,agentview,akita_black_bowl_2,is_right_of,cookies_1
pick_up_the_black_bowl_on_the_wooden_cabinet_and_place_it_on_the_plate,demo_0,10,agentview,cookies_1,is_left_of,akita_black_bowl_2
pick_up_the_black_bowl_on_the_wooden_cabinet_and_place_it_on_the_plate,demo_0,10,agentview,akita_black_bowl_2,is_behind,glazed_rim_porcelain_ramekin_1
pick_up_the_black_bowl_on_the_wooden_cabinet_and_place_it_on_the_plate,demo_0,10,agentview,glazed_rim_porcelain_ramekin_1,is_in_front_of,akita_black_bowl_2
pick_up_the_black_bowl_on_the_wooden_cabinet_and_place_it_on_the_plate,demo_0,10,agentview,akita_black_bowl_2,is_right_of,plate_1
pick_up_the_black_bowl_on_the_wooden_cabinet_and_place_it_on_the_plate,demo_0,10,agentview,plate_1,is_left_of,akita_black_bowl_2
pick_up_the_black_bowl_on_the_wooden_cabinet_and_place_it_on_the_plate,demo_0,10,agentview,akita_black_bowl_2,is_behind,flat_stove_1
pick_up_the_black_bowl_on_the_wooden_cabinet_and_place_it_on_the_plate,demo_0,10,agentview,flat_stove_1,is_in_front_of,akita_black_bowl_2
pick_up_the_black_bowl_on_the_wooden_cabinet_and_place_it_on_the_plate,demo_0,10,agentview,cookies_1,is_on_top_of,plate_1
pick_up_the_black_bowl_on_the_wooden_cabinet_and_place_it_on_the_plate,demo_0,10,agentview,plate_1,is_below_of,cookies_1
pick_up_the_black_bowl_on_the_wooden_cabinet_and_place_it_on_the_plate,demo_0,10,agentview,cookies_1,is_left_of,glazed_rim_porcelain_ramekin_1
pick_up_the_black_bowl_on_the_wooden_cabinet_and_place_it_on_the_plate,demo_0,10,agentview,glazed_rim_porcelain_ramekin_1,is_right_of,cookies_1
pick_up_the_black_bowl_on_the_wooden_cabinet_and_place_it_on_the_plate,demo_0,10,agentview,cookies_1,is_behind,flat_stove_1
pick_up_the_black_bowl_on_the_wooden_cabinet_and_place_it_on_the_plate,demo_0,10,agentview,flat_stove_1,is_in_front_of,cookies_1
pick_up_the_black_bowl_on_the_wooden_cabinet_and_place_it_on_the_plate,demo_0,10,agentview,glazed_rim_porcelain_ramekin_1,is_on_top_of,plate_1
pick_up_the_black_bowl_on_the_wooden_cabinet_and_place_it_on_the_plate,demo_0,10,agentview,plate_1,is_below_of,glazed_rim_porcelain_ramekin_1
pick_up_the_black_bowl_on_the_wooden_cabinet_and_place_it_on_the_plate,demo_0,10,agentview,glazed_rim_porcelain_ramekin_1,is_behind,flat_stove_1
pick_up_the_black_bowl_on_the_wooden_cabinet_and_place_it_on_the_plate,demo_0,10,agentview,flat_stove_1,is_in_front_of,glazed_rim_porcelain_ramekin_1
pick_up_the_black_bowl_on_the_wooden_cabinet_and_place_it_on_the_plate,demo_0,10,agentview,plate_1,is_on_top_of,flat_stove_1
pick_up_the_black_bowl_on_the_wooden_cabinet_and_place_it_on_the_plate,demo_0,10,agentview,flat_stove_1,is_below_of,plate_1
pick_up_the_black_bowl_on_the_wooden_cabinet_and_place_it_on_the_plate,demo_0,10,agentview,wooden_cabinet_1,is_behind,akita_black_bowl_2
pick_up_the_black_bowl_on_the_wooden_cabinet_and_place_it_on_the_plate,demo_0,10,agentview,akita_black_bowl_2,is_in_front_of,wooden_cabinet_1
pick_up_the_black_bowl_on_the_wooden_cabinet_and_place_it_on_the_plate,demo_0,10,agentview,wooden_cabinet_1,is_behind,cookies_1
pick_up_the_black_bowl_on_the_wooden_cabinet_and_place_it_on_the_plate,demo_0,10,agentview,cookies_1,is_in_front_of,wooden_cabinet_1
pick_up_the_black_bowl_on_the_wooden_cabinet_and_place_it_on_the_plate,demo_0,10,agentview,wooden_cabinet_1,is_behind,glazed_rim_porcelain_ramekin_1
pick_up_the_black_bowl_on_the_wooden_cabinet_and_place_it_on_the_plate,demo_0,10,agentview,glazed_rim_porcelain_ramekin_1,is_in_front_of,wooden_cabinet_1
pick_up_the_black_bowl_on_the_wooden_cabinet_and_place_it_on_the_plate,demo_0,10,agentview,wooden_cabinet_1,is_behind,plate_1
pick_up_the_black_bowl_on_the_wooden_cabinet_and_place_it_on_the_plate,demo_0,10,agentview,plate_1,is_in_front_of,wooden_cabinet_1
pick_up_the_black_bowl_on_the_wooden_cabinet_and_place_it_on_the_plate,demo_0,10,agentview,wooden_cabinet_1,is_behind,flat_stove_1
pick_up_the_black_bowl_on_the_wooden_cabinet_and_place_it_on_the_plate,demo_0,10,agentview,flat_stove_1,is_in_front_of,wooden_cabinet_1
pick_up_the_black_bowl_on_the_wooden_cabinet_and_place_it_on_the_plate,demo_0,15,agentview,akita_black_bowl_1,is_on_top_of,wooden_cabinet_1
pick_up_the_black_bowl_on_the_wooden_cabinet_and_place_it_on_the_plate,demo_0,15,agentview,wooden_cabinet_1,is_below_of,akita_black_bowl_1
pick_up_the_black_bowl_on_the_wooden_cabinet_and_place_it_on_the_plate,demo_0,15,agentview,akita_black_bowl_1,is_behind,akita_black_bowl_2
pick_up_the_black_bowl_on_the_wooden_cabinet_and_place_it_on_the_plate,demo_0,15,agentview,akita_black_bowl_2,is_in_front_of,akita_black_bowl_1
pick_up_the_black_bowl_on_the_wooden_cabinet_and_place_it_on_the_plate,demo_0,15,agentview,akita_black_bowl_1,is_behind,cookies_1
pick_up_the_black_bowl_on_the_wooden_cabinet_and_place_it_on_the_plate,demo_0,15,agentview,cookies_1,is_in_front_of,akita_black_bowl_1
pick_up_the_black_bowl_on_the_wooden_cabinet_and_place_it_on_the_plate,demo_0,15,agentview,akita_black_bowl_1,is_behind,glazed_rim_porcelain_ramekin_1
pick_up_the_black_bowl_on_the_wooden_cabinet_and_place_it_on_the_plate,demo_0,15,agentview,glazed_rim_porcelain_ramekin_1,is_in_front_of,akita_black_bowl_1
pick_up_the_black_bowl_on_the_wooden_cabinet_and_place_it_on_the_plate,demo_0,15,agentview,akita_black_bowl_1,is_behind,plate_1
pick_up_the_black_bowl_on_the_wooden_cabinet_and_place_it_on_the_plate,demo_0,15,agentview,plate_1,is_in_front_of,akita_black_bowl_1
pick_up_the_black_bowl_on_the_wooden_cabinet_and_place_it_on_the_plate,demo_0,15,agentview,akita_black_bowl_1,is_behind,flat_stove_1
pick_up_the_black_bowl_on_the_wooden_cabinet_and_place_it_on_the_plate,demo_0,15,agentview,flat_stove_1,is_in_front_of,akita_black_bowl_1
pick_up_the_black_bowl_on_the_wooden_cabinet_and_place_it_on_the_plate,demo_0,15,agentview,akita_black_bowl_2,is_on_top_of,plate_1
pick_up_the_black_bowl_on_the_wooden_cabinet_and_place_it_on_the_plate,demo_0,15,agentview,plate_1,is_below_of,akita_black_bowl_2
pick_up_the_black_bowl_on_the_wooden_cabinet_and_place_it_on_the_plate,demo_0,15,agentview,akita_black_bowl_2,is_right_of,cookies_1
pick_up_the_black_bowl_on_the_wooden_cabinet_and_place_it_on_the_plate,demo_0,15,agentview,cookies_1,is_left_of,akita_black_bowl_2
pick_up_the_black_bowl_on_the_wooden_cabinet_and_place_it_on_the_plate,demo_0,15,agentview,akita_black_bowl_2,is_behind,glazed_rim_porcelain_ramekin_1
pick_up_the_black_bowl_on_the_wooden_cabinet_and_place_it_on_the_plate,demo_0,15,agentview,glazed_rim_porcelain_ramekin_1,is_in_front_of,akita_black_bowl_2
pick_up_the_black_bowl_on_the_wooden_cabinet_and_place_it_on_the_plate,demo_0,15,agentview,akita_black_bowl_2,is_right_of,glazed_rim_porcelain_ramekin_1
pick_up_the_black_bowl_on_the_wooden_cabinet_and_place_it_on_the_plate,demo_0,15,agentview,glazed_rim_porcelain_ramekin_1,is_left_of,akita_black_bowl_2
pick_up_the_black_bowl_on_the_wooden_cabinet_and_place_it_on_the_plate,demo_0,15,agentview,akita_black_bowl_2,is_behind,flat_stove_1
pick_up_the_black_bowl_on_the_wooden_cabinet_and_place_it_on_the_plate,demo_0,15,agentview,flat_stove_1,is_in_front_of,akita_black_bowl_2
pick_up_the_black_bowl_on_the_wooden_cabinet_and_place_it_on_the_plate,demo_0,15,agentview,cookies_1,is_on_top_of,wooden_cabinet_1
pick_up_the_black_bowl_on_the_wooden_cabinet_and_place_it_on_the_plate,demo_0,15,agentview,wooden_cabinet_1,is_below_of,cookies_1
pick_up_the_black_bowl_on_the_wooden_cabinet_and_place_it_on_the_plate,demo_0,15,agentview,cookies_1,is_behind,glazed_rim_porcelain_ramekin_1
pick_up_the_black_bowl_on_the_wooden_cabinet_and_place_it_on_the_plate,demo_0,15,agentview,glazed_rim_porcelain_ramekin_1,is_in_front_of,cookies_1
pick_up_the_black_bowl_on_the_wooden_cabinet_and_place_it_on_the_plate,demo_0,15,agentview,cookies_1,is_left_of,plate_1
pick_up_the_black_bowl_on_the_wooden_cabinet_and_place_it_on_the_plate,demo_0,15,agentview,plate_1,is_right_of,cookies_1
pick_up_the_black_bowl_on_the_wooden_cabinet_and_place_it_on_the_plate,demo_0,15,agentview,cookies_1,is_behind,flat_stove_1
pick_up_the_black_bowl_on_the_wooden_cabinet_and_place_it_on_the_plate,demo_0,15,agentview,flat_stove_1,is_in_front_of,cookies_1
pick_up_the_black_bowl_on_the_wooden_cabinet_and_place_it_on_the_plate,demo_0,15,agentview,glazed_rim_porcelain_ramekin_1,is_on_top_of,wooden_cabinet_1
pick_up_the_black_bowl_on_the_wooden_cabinet_and_place_it_on_the_plate,demo_0,15,agentview,wooden_cabinet_1,is_below_of,glazed_rim_porcelain_ramekin_1
pick_up_the_black_bowl_on_the_wooden_cabinet_and_place_it_on_the_plate,demo_0,15,agentview,glazed_rim_porcelain_ramekin_1,is_left_of,plate_1
pick_up_the_black_bowl_on_the_wooden_cabinet_and_place_it_on_the_plate,demo_0,15,agentview,plate_1,is_right_of,glazed_rim_porcelain_ramekin_1
pick_up_the_black_bowl_on_the_wooden_cabinet_and_place_it_on_the_plate,demo_0,15,agentview,glazed_rim_porcelain_ramekin_1,is_behind,flat_stove_1
pick_up_the_black_bowl_on_the_wooden_cabinet_and_place_it_on_the_plate,demo_0,15,agentview,flat_stove_1,is_in_front_of,glazed_rim_porcelain_ramekin_1
pick_up_the_black_bowl_on_the_wooden_cabinet_and_place_it_on_the_plate,demo_0,15,agentview,plate_1,is_on_top_of,flat_stove_1
pick_up_the_black_bowl_on_the_wooden_cabinet_and_place_it_on_the_plate,demo_0,15,agentview,flat_stove_1,is_below_of,plate_1
pick_up_the_black_bowl_on_the_wooden_cabinet_and_place_it_on_the_plate,demo_0,20,agentview,akita_black_bowl_1,is_on_top_of,wooden_cabinet_1
pick_up_the_black_bowl_on_the_wooden_cabinet_and_place_it_on_the_plate,demo_0,20,agentview,wooden_cabinet_1,is_below_of,akita_black_bowl_1
pick_up_the_black_bowl_on_the_wooden_cabinet_and_place_it_on_the_plate,demo_0,20,agentview,akita_black_bowl_2,is_on_top_of,flat_stove_1
pick_up_the_black_bowl_on_the_wooden_cabinet_and_place_it_on_the_plate,demo_0,20,agentview,flat_stove_1,is_below_of,akita_black_bowl_2
pick_up_the_black_bowl_on_the_wooden_cabinet_and_place_it_on_the_plate,demo_0,20,agentview,cookies_1,is_on_top_of,flat_stove_1
pick_up_the_black_bowl_on_the_wooden_cabinet_and_place_it_on_the_plate,demo_0,20,agentview,flat_stove_1,is_below_of,cookies_1
pick_up_the_black_bowl_on_the_wooden_cabinet_and_place_it_on_the_plate,demo_0,20,agentview,glazed_rim_porcelain_ramekin_1,is_on_top_of,flat_stove_1
pick_up_the_black_bowl_on_the_wooden_cabinet_and_place_it_on_the_plate,demo_0,20,agentview,flat_stove_1,is_below_of,glazed_rim_porcelain_ramekin_1
pick_up_the_black_bowl_on_the_wooden_cabinet_and_place_it_on_the_plate,demo_0,20,agentview,plate_1,is_on_top_of,flat_stove_1
pick_up_the_black_bowl_on_the_wooden_cabinet_and_place_it_on_the_plate,demo_0,20,agentview,flat_stove_1,is_below_of,plate_1
pick_up_the_black_bowl_on_the_wooden_cabinet_and_place_it_on_the_plate,demo_0,20,agentview,akita_black_bowl_1,is_behind,akita_black_bowl_2
pick_up_the_black_bowl_on_the_wooden_cabinet_and_place_it_on_the_plate,demo_0,20,agentview,akita_black_bowl_2,is_in_front_of,akita_black_bowl_1
pick_up_the_black_bowl_on_the_wooden_cabinet_and_place_it_on_the_plate,demo_0,20,agentview,akita_black_bowl_1,is_behind,cookies_1
pick_up_the_black_bowl_on_the_wooden_cabinet_and_place_it_on_the_plate,demo_0,20,agentview,cookies_1,is_in_front_of,akita_black_bowl_1
pick_up_the_black_bowl_on_the_wooden_cabinet_and_place_it_on_the_plate,demo_0,20,agentview,akita_black_bowl_1,is_behind,glazed_rim_porcelain_ramekin_1
pick_up_the_black_bowl_on_the_wooden_cabinet_and_place_it_on_the_plate,demo_0,20,agentview,glazed_rim_porcelain_ramekin_1,is_in_front_of,akita_black_bowl_1
pick_up_the_black_bowl_on_the_wooden_cabinet_and_place_it_on_the_plate,demo_0,20,agentview,akita_black_bowl_1,is_behind,plate_1
pick_up_the_black_bowl_on_the_wooden_cabinet_and_place_it_on_the_plate,demo_0,20,agentview,plate_1,is_in_front_of,akita_black_bowl_1
pick_up_the_black_bowl_on_the_wooden_cabinet_and_place_it_on_the_plate,demo_0,20,agentview,akita_black_bowl_2,is_left_of,cookies_1
pick_up_the_black_bowl_on_the_wooden_cabinet_and_place_it_on_the_plate,demo_0,20,agentview,cookies_1,is_right_of,akita_black_bowl_2
pick_up_the_black_bowl_on_the_wooden_cabinet_and_place_it_on_the_plate,demo_0,20,agentview,akita_black_bowl_2,is_left_of,glazed_rim_porcelain_ramekin_1
pick_up_the_black_bowl_on_the_wooden_cabinet_and_place_it_on_the_plate,demo_0,20,agentview,glazed_rim_porcelain_ramekin_1,is_right_of,akita_black_bowl_2
pick_up_the_black_bowl_on_the_wooden_cabinet_and_place_it_on_the_plate,demo_0,20,agentview,akita_black_bowl_2,is_left_of,plate_1
pick_up_the_black_bowl_on_the_wooden_cabinet_and_place_it_on_the_plate,demo_0,20,agentview,plate_1,is_right_of,akita_black_bowl_2
pick_up_the_black_bowl_on_the_wooden_cabinet_and_place_it_on_the_plate,demo_0,20,agentview,cookies_1,is_left_of,glazed_rim_porcelain_ramekin_1
pick_up_the_black_bowl_on_the_wooden_cabinet_and_place_it_on_the_plate,demo_0,20,agentview,glazed_rim_porcelain_ramekin_1,is_right_of,cookies_1
pick_up_the_black_bowl_on_the_wooden_cabinet_and_place_it_on_the_plate,demo_0,20,agentview,cookies_1,is_left_of,plate_1
pick_up_the_black_bowl_on_the_wooden_cabinet_and_place_it_on_the_plate,demo_0,20,agentview,plate_1,is_right_of,cookies_1
pick_up_the_black_bowl_on_the_wooden_cabinet_and_place_it_on_the_plate,demo_0,20,agentview,glazed_rim_porcelain_ramekin_1,is_left_of,plate_1
pick_up_the_black_bowl_on_the_wooden_cabinet_and_place_it_on_the_plate,demo_0,20,agentview,plate_1,is_right_of,glazed_rim_porcelain_ramekin_1
pick_up_the_black_bowl_on_the_wooden_cabinet_and_place_it_on_the_plate,demo_0,25,agentview,akita_black_bowl_1,is_on_top_of,wooden_cabinet_1
pick_up_the_black_bowl_on_the_wooden_cabinet_and_place_it_on_the_plate,demo_0,25,agentview,wooden_cabinet_1,is_below_of,akita_black_bowl_1
pick_up_the_black_bowl_on_the_wooden_cabinet_and_place_it_on_the_plate,demo_0,25,agentview,akita_black_bowl_2,is_on_top_of,flat_stove_1
pick_up_the_black_bowl_on_the_wooden_cabinet_and_place_it_on_the_plate,demo_0,25,agentview,flat_stove_1,is_below_of,akita_black_bowl_2
pick_up_the_black_bowl_on_the_wooden_cabinet_and_place_it_on_the_plate,demo_0,25,agentview,cookies_1,is_on_top_of,flat_stove_1
pick_up_the_black_bowl_on_the_wooden_cabinet_and_place_it_on_the_plate,demo_0,25,agentview,flat_stove_1,is_below_of,cookies_1
pick_up_the_black_bowl_on_the_wooden_cabinet_and_place_it_on_the_plate,demo_0,25,agentview,glazed_rim_porcelain_ramekin_1,is_on_top_of,flat_stove_1
pick_up_the_black_bowl_on_the_wooden_cabinet_and_place_it_on_the_plate,demo_0,25,agentview,flat_stove_1,is_below_of,glazed_rim_porcelain_ramekin_1
pick_up_the_black_bowl_on_the_wooden_cabinet_and_place_it_on_the_plate,demo_0,25,agentview,plate_1,is_on_top_of,flat_stove_1
pick_up_the_black_bowl_on_the_wooden_cabinet_and_place_it_on_the_plate,demo_0,25,agentview,flat_stove_1,is_below_of,plate_1
pick_up_the_black_bowl_on_the_wooden_cabinet_and_place_it_on_the_plate,demo_0,25,agentview,akita_black_bowl_1,is_behind,akita_black_bowl_2
pick_up_the_black_bowl_on_the_wooden_cabinet_and_place_it_on_the_plate,demo_0,25,agentview,akita_black_bowl_2,is_in_front_of,akita_black_bowl_1
pick_up_the_black_bowl_on_the_wooden_cabinet_and_place_it_on_the_plate,demo_0,25,agentview,akita_black_bowl_1,is_behind,cookies_1
pick_up_the_black_bowl_on_the_wooden_cabinet_and_place_it_on_the_plate,demo_0,25,agentview,cookies_1,is_in_front_of,akita_black_bowl_1
pick_up_the_black_bowl_on_the_wooden_cabinet_and_place_it_on_the_plate,demo_0,25,agentview,akita_black_bowl_1,is_behind,glazed_rim_porcelain_ramekin_1
pick_up_the_black_bowl_on_the_wooden_cabinet_and_place_it_on_the_plate,demo_0,25,agentview,glazed_rim_porcelain_ramekin_1,is_in_front_of,akita_black_bowl_1
pick_up_the_black_bowl_on_the_wooden_cabinet_and_place_it_on_the_plate,demo_0,25,agentview,akita_black_bowl_1,is_behind,plate_1
pick_up_the_black_bowl_on_the_wooden_cabinet_and_place_it_on_the_plate,demo_0,25,agentview,plate_1,is_in_front_of,akita_black_bowl_1
pick_up_the_black_bowl_on_the_wooden_cabinet_and_place_it_on_the_plate,demo_0,25,agentview,akita_black_bowl_2,is_left_of,cookies_1
pick_up_the_black_bowl_on_the_wooden_cabinet_and_place_it_on_the_plate,demo_0,25,agentview,cookies_1,is_right_of,akita_black_bowl_2
pick_up_the_black_bowl_on_the_wooden_cabinet_and_place_it_on_the_plate,demo_0,25,agentview,akita_black_bowl_2,is_left_of,glazed_rim_porcelain_ramekin_1
pick_up_the_black_bowl_on_the_wooden_cabinet_and_place_it_on_the_plate,demo_0,25,agentview,glazed_rim_porcelain_ramekin_1,is_right_of,akita_black_bowl_2
pick_up_the_black_bowl_on_the_wooden_cabinet_and_place_it_on_the_plate,demo_0,25,agentview,akita_black_bowl_2,is_left_of,plate_1
pick_up_the_black_bowl_on_the_wooden_cabinet_and_place_it_on_the_plate,demo_0,25,agentview,plate_1,is_right_of,akita_black_bowl_2
pick_up_the_black_bowl_on_the_wooden_cabinet_and_place_it_on_the_plate,demo_0,25,agentview,cookies_1,is_left_of,glazed_rim_porcelain_ramekin_1
pick_up_the_black_bowl_on_the_wooden_cabinet_and_place_it_on_the_plate,demo_0,25,agentview,glazed_rim_porcelain_ramekin_1,is_right_of,cookies_1
pick_up_the_black_bowl_on_the_wooden_cabinet_and_place_it_on_the_plate,demo_0,25,agentview,cookies_1,is_behind,plate_1
pick_up_the_black_bowl_on_the_wooden_cabinet_and_place_it_on_the_plate,demo_0,25,agentview,plate_1,is_in_front_of,cookies_1
pick_up_the_black_bowl_on_the_wooden_cabinet_and_place_it_on_the_plate,demo_0,25,agentview,glazed_rim_porcelain_ramekin_1,is_behind,plate_1
pick_up_the_black_bowl_on_the_wooden_cabinet_and_place_it_on_the_plate,demo_0,25,agentview,plate_1,is_in_front_of,glazed_rim_porcelain_ramekin_1
pick_up_the_black_bowl_on_the_wooden_cabinet_and_place_it_on_the_plate,demo_0,30,agentview,akita_black_bowl_1,is_on_top_of,wooden_cabinet_1
pick_up_the_black_bowl_on_the_wooden_cabinet_and_place_it_on_the_plate,demo_0,30,agentview,wooden_cabinet_1,is_below_of,akita_black_bowl_1
pick_up_the_black_bowl_on_the_wooden_cabinet_and_place_it_on_the_plate,demo_0,30,agentview,akita_black_bowl_1,is_behind,akita_black_bowl_2
pick_up_the_black_bowl_on_the_wooden_cabinet_and_place_it_on_the_plate,demo_0,30,agentview,akita_black_bowl_2,is_in_front_of,akita_black_bowl_1
pick_up_the_black_bowl_on_the_wooden_cabinet_and_place_it_on_the_plate,demo_0,30,agentview,akita_black_bowl_1,is_behind,cookies_1
pick_up_the_black_bowl_on_the_wooden_cabinet_and_place_it_on_the_plate,demo_0,30,agentview,cookies_1,is_in_front_of,akita_black_bowl_1
pick_up_the_black_bowl_on_the_wooden_cabinet_and_place_it_on_the_plate,demo_0,30,agentview,akita_black_bowl_1,is_behind,glazed_rim_porcelain_ramekin_1
pick_up_the_black_bowl_on_the_wooden_cabinet_and_place_it_on_the_plate,demo_0,30,agentview,glazed_rim_porcelain_ramekin_1,is_in_front_of,akita_black_bowl_1
pick_up_the_black_bowl_on_the_wooden_cabinet_and_place_it_on_the_plate,demo_0,30,agentview,akita_black_bowl_1,is_behind,plate_1
pick_up_the_black_bowl_on_the_wooden_cabinet_and_place_it_on_the_plate,demo_0,30,agentview,plate_1,is_in_front_of,akita_black_bowl_1
pick_up_the_black_bowl_on_the_wooden_cabinet_and_place_it_on_the_plate,demo_0,30,agentview,akita_black_bowl_1,is_behind,flat_stove_1
pick_up_the_black_bowl_on_the_wooden_cabinet_and_place_it_on_the_plate,demo_0,30,agentview,flat_stove_1,is_in_front_of,akita_black_bowl_1
pick_up_the_black_bowl_on_the_wooden_cabinet_and_place_it_on_the_plate,demo_0,30,agentview,akita_black_bowl_2,is_on_top_of,plate_1
pick_up_the_black_bowl_on_the_wooden_cabinet_and_place_it_on_the_plate,demo_0,30,agentview,plate_1,is_below_of,akita_black_bowl_2
pick_up_the_black_bowl_on_the_wooden_cabinet_and_place_it_on_the_plate,demo_0,30,agentview,akita_black_bowl_2,is_right_of,cookies_1
pick_up_the_black_bowl_on_the_wooden_cabinet_and_place_it_on_the_plate,demo_0,30,agentview,cookies_1,is_left_of,akita_black_bowl_2
pick_up_the_black_bowl_on_the_wooden_cabinet_and_place_it_on_the_plate,demo_0,30,agentview,akita_black_bowl_2,is_behind,glazed_rim_porcelain_ramekin_1
pick_up_the_black_bowl_on_the_wooden_cabinet_and_place_it_on_the_plate,demo_0,30,agentview,glazed_rim_porcelain_ramekin_1,is_in_front_of,akita_black_bowl_2
pick_up_the_black_bowl_on_the_wooden_cabinet_and_place_it_on_the_plate,demo_0,30,agentview,akita_black_bowl_2,is_right_of,plate_1
pick_up_the_black_bowl_on_the_wooden_cabinet_and_place_it_on_the_plate,demo_0,30,agentview,plate_1,is_left_of,akita_black_bowl_2
pick_up_the_black_bowl_on_the_wooden_cabinet_and_place_it_on_the_plate,demo_0,30,agentview,akita_black_bowl_2,is_behind,flat_stove_1
pick_up_the_black_bowl_on_the_wooden_cabinet_and_place_it_on_the_plate,demo_0,30,agentview,flat_stove_1,is_in_front_of,akita_black_bowl_2
pick_up_the_black_bowl_on_the_wooden_cabinet_and_place_it_on_the_plate,demo_0,30,agentview,cookies_1,is_on_top_of,plate_1
pick_up_the_black_bowl_on_the_wooden_cabinet_and_place_it_on_the_plate,demo_0,30,agentview,plate_1,is_below_of,cookies_1
pick_up_the_black_bowl_on_the_wooden_cabinet_and_place_it_on_the_plate,demo_0,30,agentview,cookies_1,is_right_of,glazed_rim_porcelain_ramekin_1
pick_up_the_black_bowl_on_the_wooden_cabinet_and_place_it_on_the_plate,demo_0,30,agentview,glazed_rim_porcelain_ramekin_1,is_left_of,cookies_1
pick_up_the_black_bowl_on_the_wooden_cabinet_and_place_it_on_the_plate,demo_0,30,agentview,cookies_1,is_behind,flat_stove_1
pick_up_the_black_bowl_on_the_wooden_cabinet_and_place_it_on_the_plate,demo_0,30,agentview,flat_stove_1,is_in_front_of,cookies_1
pick_up_the_black_bowl_on_the_wooden_cabinet_and_place_it_on_the_plate,demo_0,30,agentview,glazed_rim_porcelain_ramekin_1,is_on_top_of,plate_1
pick_up_the_black_bowl_on_the_wooden_cabinet_and_place_it_on_the_plate,demo_0,30,agentview,plate_1,is_below_of,glazed_rim_porcelain_ramekin_1
pick_up_the_black_bowl_on_the_wooden_cabinet_and_place_it_on_the_plate,demo_0,30,agentview,glazed_rim_porcelain_ramekin_1,is_behind,flat_stove_1
pick_up_the_black_bowl_on_the_wooden_cabinet_and_place_it_on_the_plate,demo_0,30,agentview,flat_stove_1,is_in_front_of,glazed_rim_porcelain_ramekin_1
pick_up_the_black_bowl_on_the_wooden_cabinet_and_place_it_on_the_plate,demo_0,30,agentview,plate_1,is_on_top_of,flat_stove_1
pick_up_the_black_bowl_on_the_wooden_cabinet_and_place_it_on_the_plate,demo_0,30,agentview,flat_stove_1,is_below_of,plate_1
pick_up_the_black_bowl_on_the_wooden_cabinet_and_place_it_on_the_plate,demo_0,35,agentview,akita_black_bowl_1,is_on_top_of,wooden_cabinet_1
pick_up_the_black_bowl_on_the_wooden_cabinet_and_place_it_on_the_plate,demo_0,35,agentview,wooden_cabinet_1,is_below_of,akita_black_bowl_1
pick_up_the_black_bowl_on_the_wooden_cabinet_and_place_it_on_the_plate,demo_0,35,agentview,akita_black_bowl_1,is_behind,akita_black_bowl_2
pick_up_the_black_bowl_on_the_wooden_cabinet_and_place_it_on_the_plate,demo_0,35,agentview,akita_black_bowl_2,is_in_front_of,akita_black_bowl_1
pick_up_the_black_bowl_on_the_wooden_cabinet_and_place_it_on_the_plate,demo_0,35,agentview,akita_black_bowl_1,is_behind,cookies_1
pick_up_the_black_bowl_on_the_wooden_cabinet_and_place_it_on_the_plate,demo_0,35,agentview,cookies_1,is_in_front_of,akita_black_bowl_1
pick_up_the_black_bowl_on_the_wooden_cabinet_and_place_it_on_the_plate,demo_0,35,agentview,akita_black_bowl_1,is_behind,glazed_rim_porcelain_ramekin_1
pick_up_the_black_bowl_on_the_wooden_cabinet_and_place_it_on_the_plate,demo_0,35,agentview,glazed_rim_porcelain_ramekin_1,is_in_front_of,akita_black_bowl_1
pick_up_the_black_bowl_on_the_wooden_cabinet_and_place_it_on_the_plate,demo_0,35,agentview,akita_black_bowl_1,is_behind,plate_1
pick_up_the_black_bowl_on_the_wooden_cabinet_and_place_it_on_the_plate,demo_0,35,agentview,plate_1,is_in_front_of,akita_black_bowl_1
pick_up_the_black_bowl_on_the_wooden_cabinet_and_place_it_on_the_plate,demo_0,35,agentview,akita_black_bowl_1,is_behind,flat_stove_1
pick_up_the_black_bowl_on_the_wooden_cabinet_and_place_it_on_the_plate,demo_0,35,agentview,flat_stove_1,is_in_front_of,akita_black_bowl_1
pick_up_the_black_bowl_on_the_wooden_cabinet_and_place_it_on_the_plate,demo_0,35,agentview,akita_black_bowl_2,is_on_top_of,flat_stove_1
pick_up_the_black_bowl_on_the_wooden_cabinet_and_place_it_on_the_plate,demo_0,35,agentview,flat_stove_1,is_below_of,akita_black_bowl_2
pick_up_the_black_bowl_on_the_wooden_cabinet_and_place_it_on_the_plate,demo_0,35,agentview,akita_black_bowl_2,is_left_of,cookies_1
pick_up_the_black_bowl_on_the_wooden_cabinet_and_place_it_on_the_plate,demo_0,35,agentview,cookies_1,is_right_of,akita_black_bowl_2
pick_up_the_black_bowl_on_the_wooden_cabinet_and_place_it_on_the_plate,demo_0,35,agentview,akita_black_bowl_2,is_left_of,glazed_rim_porcelain_ramekin_1
pick_up_the_black_bowl_on_the_wooden_cabinet_and_place_it_on_the_plate,demo_0,35,agentview,glazed_rim_porcelain_ramekin_1,is_right_of,akita_black_bowl_2
pick_up_the_black_bowl_on_the_wooden_cabinet_and_place_it_on_the_plate,demo_0,35,agentview,akita_black_bowl_2,is_left_of,plate_1
pick_up_the_black_bowl_on_the_wooden_cabinet_and_place_it_on_the_plate,demo_0,35,agentview,plate_1,is_right_of,akita_black_bowl_2
pick_up_the_black_bowl_on_the_wooden_cabinet_and_place_it_on_the_plate,demo_0,35,agentview,akita_black_bowl_2,is_behind,flat_stove_1
pick_up_the_black_bowl_on_the_wooden_cabinet_and_place_it_on_the_plate,demo_0,35,agentview,flat_stove_1,is_in_front_of,akita_black_bowl_2
pick_up_the_black_bowl_on_the_wooden_cabinet_and_place_it_on_the_plate,demo_0,35,agentview,cookies_1,is_right_of,glazed_rim_porcelain_ramekin_1
pick_up_the_black_bowl_on_the_wooden_cabinet_and_place_it_on_the_plate,demo_0,35,agentview,glazed_rim_porcelain_ramekin_1,is_left_of,cookies_1
pick_up_the_black_bowl_on_the_wooden_cabinet_and_place_it_on_the_plate,demo_0,35,agentview,cookies_1,is_behind,plate_1
pick_up_the_black_bowl_on_the_wooden_cabinet_and_place_it_on_the_plate,demo_0,35,agentview,plate_1,is_in_front_of,cookies_1
pick_up_the_black_bowl_on_the_wooden_cabinet_and_place_it_on_the_plate,demo_0,35,agentview,cookies_1,is_behind,flat_stove_1
pick_up_the_black_bowl_on_the_wooden_cabinet_and_place_it_on_the_plate,demo_0,35,agentview,flat_stove_1,is_in_front_of,cookies_1
pick_up_the_black_bowl_on_the_wooden_cabinet_and_place_it_on_the_plate,demo_0,35,agentview,glazed_rim_porcelain_ramekin_1,is_behind,plate_1
pick_up_the_black_bowl_on_the_wooden_cabinet_and_place_it_on_the_plate,demo_0,35,agentview,plate_1,is_in_front_of,glazed_rim_porcelain_ramekin_1
pick_up_the_black_bowl_on_the_wooden_cabinet_and_place_it_on_the_plate,demo_0,35,agentview,glazed_rim_porcelain_ramekin_1,is_behind,flat_stove_1
pick_up_the_black_bowl_on_the_wooden_cabinet_and_place_it_on_the_plate,demo_0,35,agentview,flat_stove_1,is_in_front_of,glazed_rim_porcelain_ramekin_1
pick_up_the_black_bowl_on_the_wooden_cabinet_and_place_it_on_the_plate,demo_0,35,agentview,plate_1,is_on_top_of,flat_stove_1
pick_up_the_black_bowl_on_the_wooden_cabinet_and_place_it_on_the_plate,demo_0,35,agentview,flat_stove_1,is_below_of,plate_1
pick_up_the_black_bowl_on_the_wooden_cabinet_and_place_it_on_the_plate,demo_0,40,agentview,akita_black_bowl_1,is_on_top_of,wooden_cabinet_1
pick_up_the_black_bowl_on_the_wooden_cabinet_and_place_it_on_the_plate,demo_0,40,agentview,wooden_cabinet_1,is_below_of,akita_black_bowl_1
pick_up_the_black_bowl_on_the_wooden_cabinet_and_place_it_on_the_plate,demo_0,40,agentview,akita_black_bowl_1,is_behind,akita_black_bowl_2
pick_up_the_black_bowl_on_the_wooden_cabinet_and_place_it_on_the_plate,demo_0,40,agentview,akita_black_bowl_2,is_in_front_of,akita_black_bowl_1
pick_up_the_black_bowl_on_the_wooden_cabinet_and_place_it_on_the_plate,demo_0,40,agentview,akita_black_bowl_1,is_behind,cookies_1
pick_up_the_black_bowl_on_the_wooden_cabinet_and_place_it_on_the_plate,demo_0,40,agentview,cookies_1,is_in_front_of,akita_black_bowl_1
pick_up_the_black_bowl_on_the_wooden_cabinet_and_place_it_on_the_plate,demo_0,40,agentview,akita_black_bowl_1,is_behind,glazed_rim_porcelain_ramekin_1
pick_up_the_black_bowl_on_the_wooden_cabinet_and_place_it_on_the_plate,demo_0,40,agentview,glazed_rim_porcelain_ramekin_1,is_in_front_of,akita_black_bowl_1
pick_up_the_black_bowl_on_the_wooden_cabinet_and_place_it_on_the_plate,demo_0,40,agentview,akita_black_bowl_1,is_behind,plate_1
pick_up_the_black_bowl_on_the_wooden_cabinet_and_place_it_on_the_plate,demo_0,40,agentview,plate_1,is_in_front_of,akita_black_bowl_1
pick_up_the_black_bowl_on_the_wooden_cabinet_and_place_it_on_the_plate,demo_0,40,agentview,akita_black_bowl_1,is_behind,flat_stove_1
pick_up_the_black_bowl_on_the_wooden_cabinet_and_place_it_on_the_plate,demo_0,40,agentview,flat_stove_1,is_in_front_of,akita_black_bowl_1
pick_up_the_black_bowl_on_the_wooden_cabinet_and_place_it_on_the_plate,demo_0,40,agentview,akita_black_bowl_2,is_on_top_of,plate_1
pick_up_the_black_bowl_on_the_wooden_cabinet_and_place_it_on_the_plate,demo_0,40,agentview,plate_1,is_below_of,akita_black_bowl_2
pick_up_the_black_bowl_on_the_wooden_cabinet_and_place_it_on_the_plate,demo_0,40,agentview,akita_black_bowl_2,is_right_of,cookies_1
pick_up_the_black_bowl_on_the_wooden_cabinet_and_place_it_on_the_plate,demo_0,40,agentview,cookies_1,is_left_of,akita_black_bowl_2
pick_up_the_black_bowl_on_the_wooden_cabinet_and_place_it_on_the_plate,demo_0,40,agentview,akita_black_bowl_2,is_behind,glazed_rim_porcelain_ramekin_1
pick_up_the_black_bowl_on_the_wooden_cabinet_and_place_it_on_the_plate,demo_0,40,agentview,glazed_rim_porcelain_ramekin_1,is_in_front_of,akita_black_bowl_2
pick_up_the_black_bowl_on_the_wooden_cabinet_and_place_it_on_the_plate,demo_0,40,agentview,akita_black_bowl_2,is_right_of,glazed_rim_porcelain_ramekin_1
pick_up_the_black_bowl_on_the_wooden_cabinet_and_place_it_on_the_plate,demo_0,40,agentview,glazed_rim_porcelain_ramekin_1,is_left_of,akita_black_bowl_2
pick_up_the_black_bowl_on_the_wooden_cabinet_and_place_it_on_the_plate,demo_0,40,agentview,akita_black_bowl_2,is_behind,flat_stove_1
pick_up_the_black_bowl_on_the_wooden_cabinet_and_place_it_on_the_plate,demo_0,40,agentview,flat_stove_1,is_in_front_of,akita_black_bowl_2
pick_up_the_black_bowl_on_the_wooden_cabinet_and_place_it_on_the_plate,demo_0,40,agentview,cookies_1,is_on_top_of,plate_1
pick_up_the_black_bowl_on_the_wooden_cabinet_and_place_it_on_the_plate,demo_0,40,agentview,plate_1,is_below_of,cookies_1
pick_up_the_black_bowl_on_the_wooden_cabinet_and_place_it_on_the_plate,demo_0,40,agentview,cookies_1,is_left_of,glazed_rim_porcelain_ramekin_1
pick_up_the_black_bowl_on_the_wooden_cabinet_and_place_it_on_the_plate,demo_0,40,agentview,glazed_rim_porcelain_ramekin_1,is_right_of,cookies_1
pick_up_the_black_bowl_on_the_wooden_cabinet_and_place_it_on_the_plate,demo_0,40,agentview,cookies_1,is_behind,flat_stove_1
pick_up_the_black_bowl_on_the_wooden_cabinet_and_place_it_on_the_plate,demo_0,40,agentview,flat_stove_1,is_in_front_of,cookies_1
pick_up_the_black_bowl_on_the_wooden_cabinet_and_place_it_on_the_plate,demo_0,40,agentview,glazed_rim_porcelain_ramekin_1,is_on_top_of,plate_1
pick_up_the_black_bowl_on_the_wooden_cabinet_and_place_it_on_the_plate,demo_0,40,agentview,plate_1,is_below_of,glazed_rim_porcelain_ramekin_1
pick_up_the_black_bowl_on_the_wooden_cabinet_and_place_it_on_the_plate,demo_0,40,agentview,glazed_rim_porcelain_ramekin_1,is_behind,flat_stove_1
pick_up_the_black_bowl_on_the_wooden_cabinet_and_place_it_on_the_plate,demo_0,40,agentview,flat_stove_1,is_in_front_of,glazed_rim_porcelain_ramekin_1
pick_up_the_black_bowl_on_the_wooden_cabinet_and_place_it_on_the_plate,demo_0,40,agentview,plate_1,is_on_top_of,flat_stove_1
pick_up_the_black_bowl_on_the_wooden_cabinet_and_place_it_on_the_plate,demo_0,40,agentview,flat_stove_1,is_below_of,plate_1
pick_up_the_black_bowl_on_the_wooden_cabinet_and_place_it_on_the_plate,demo_0,40,agentview,wooden_cabinet_1,is_behind,plate_1
pick_up_the_black_bowl_on_the_wooden_cabinet_and_place_it_on_the_plate,demo_0,40,agentview,plate_1,is_in_front_of,wooden_cabinet_1
pick_up_the_black_bowl_on_the_wooden_cabinet_and_place_it_on_the_plate,demo_0,40,agentview,wooden_cabinet_1,is_behind,flat_stove_1
pick_up_the_black_bowl_on_the_wooden_cabinet_and_place_it_on_the_plate,demo_0,40,agentview,flat_stove_1,is_in_front_of,wooden_cabinet_1
pick_up_the_black_bowl_on_the_wooden_cabinet_and_place_it_on_the_plate,demo_0,45,agentview,akita_black_bowl_1,is_on_top_of,wooden_cabinet_1
pick_up_the_black_bowl_on_the_wooden_cabinet_and_place_it_on_the_plate,demo_0,45,agentview,wooden_cabinet_1,is_below_of,akita_black_bowl_1
pick_up_the_black_bowl_on_the_wooden_cabinet_and_place_it_on_the_plate,demo_0,45,agentview,akita_black_bowl_1,is_behind,akita_black_bowl_2
pick_up_the_black_bowl_on_the_wooden_cabinet_and_place_it_on_the_plate,demo_0,45,agentview,akita_black_bowl_2,is_in_front_of,akita_black_bowl_1
pick_up_the_black_bowl_on_the_wooden_cabinet_and_place_it_on_the_plate,demo_0,45,agentview,akita_black_bowl_1,is_behind,cookies_1
pick_up_the_black_bowl_on_the_wooden_cabinet_and_place_it_on_the_plate,demo_0,45,agentview,cookies_1,is_in_front_of,akita_black_bowl_1
pick_up_the_black_bowl_on_the_wooden_cabinet_and_place_it_on_the_plate,demo_0,45,agentview,akita_black_bowl_1,is_behind,glazed_rim_porcelain_ramekin_1
pick_up_the_black_bowl_on_the_wooden_cabinet_and_place_it_on_the_plate,demo_0,45,agentview,glazed_rim_porcelain_ramekin_1,is_in_front_of,akita_black_bowl_1
pick_up_the_black_bowl_on_the_wooden_cabinet_and_place_it_on_the_plate,demo_0,45,agentview,akita_black_bowl_1,is_behind,plate_1
pick_up_the_black_bowl_on_the_wooden_cabinet_and_place_it_on_the_plate,demo_0,45,agentview,plate_1,is_in_front_of,akita_black_bowl_1
pick_up_the_black_bowl_on_the_wooden_cabinet_and_place_it_on_the_plate,demo_0,45,agentview,akita_black_bowl_1,is_behind,flat_stove_1
pick_up_the_black_bowl_on_the_wooden_cabinet_and_place_it_on_the_plate,demo_0,45,agentview,flat_stove_1,is_in_front_of,akita_black_bowl_1
pick_up_the_black_bowl_on_the_wooden_cabinet_and_place_it_on_the_plate,demo_0,45,agentview,akita_black_bowl_2,is_on_top_of,flat_stove_1
pick_up_the_black_bowl_on_the_wooden_cabinet_and_place_it_on_the_plate,demo_0,45,agentview,flat_stove_1,is_below_of,akita_black_bowl_2
pick_up_the_black_bowl_on_the_wooden_cabinet_and_place_it_on_the_plate,demo_0,45,agentview,akita_black_bowl_2,is_left_of,cookies_1
pick_up_the_black_bowl_on_the_wooden_cabinet_and_place_it_on_the_plate,demo_0,45,agentview,cookies_1,is_right_of,akita_black_bowl_2
pick_up_the_black_bowl_on_the_wooden_cabinet_and_place_it_on_the_plate,demo_0,45,agentview,akita_black_bowl_2,is_left_of,glazed_rim_porcelain_ramekin_1
pick_up_the_black_bowl_on_the_wooden_cabinet_and_place_it_on_the_plate,demo_0,45,agentview,glazed_rim_porcelain_ramekin_1,is_right_of,akita_black_bowl_2
pick_up_the_black_bowl_on_the_wooden_cabinet_and_place_it_on_the_plate,demo_0,45,agentview,akita_black_bowl_2,is_left_of,plate_1
pick_up_the_black_bowl_on_the_wooden_cabinet_and_place_it_on_the_plate,demo_0,45,agentview,plate_1,is_right_of,akita_black_bowl_2
pick_up_the_black_bowl_on_the_wooden_cabinet_and_place_it_on_the_plate,demo_0,45,agentview,cookies_1,is_left_of,glazed_rim_porcelain_ramekin_1
pick_up_the_black_bowl_on_the_wooden_cabinet_and_place_it_on_the_plate,demo_0,45,agentview,glazed_rim_porcelain_ramekin_1,is_right_of,cookies_1
pick_up_the_black_bowl_on_the_wooden_cabinet_and_place_it_on_the_plate,demo_0,45,agentview,cookies_1,is_left_of,plate_1
pick_up_the_black_bowl_on_the_wooden_cabinet_and_place_it_on_the_plate,demo_0,45,agentview,plate_1,is_right_of,cookies_1
pick_up_the_black_bowl_on_the_wooden_cabinet_and_place_it_on_the_plate,demo_0,45,agentview,glazed_rim_porcelain_ramekin_1,is_left_of,plate_1
pick_up_the_black_bowl_on_the_wooden_cabinet_and_place_it_on_the_plate,demo_0,45,agentview,plate_1,is_right_of,glazed_rim_porcelain_ramekin_1
pick_up_the_black_bowl_on_the_wooden_cabinet_and_place_it_on_the_plate,demo_0,45,agentview,wooden_cabinet_1,is_behind,akita_black_bowl_2
pick_up_the_black_bowl_on_the_wooden_cabinet_and_place_it_on_the_plate,demo_0,45,agentview,akita_black_bowl_2,is_in_front_of,wooden_cabinet_1
pick_up_the_black_bowl_on_the_wooden_cabinet_and_place_it_on_the_plate,demo_0,45,agentview,wooden_cabinet_1,is_behind,cookies_1
pick_up_the_black_bowl_on_the_wooden_cabinet_and_place_it_on_the_plate,demo_0,45,agentview,cookies_1,is_in_front_of,wooden_cabinet_1
pick_up_the_black_bowl_on_the_wooden_cabinet_and_place_it_on_the_plate,demo_0,45,agentview,wooden_cabinet_1,is_behind,glazed_rim_porcelain_ramekin_1
pick_up_the_black_bowl_on_the_wooden_cabinet_and_place_it_on_the_plate,demo_0,45,agentview,glazed_rim_porcelain_ramekin_1,is_in_front_of,wooden_cabinet_1
pick_up_the_black_bowl_on_the_wooden_cabinet_and_place_it_on_the_plate,demo_0,45,agentview,wooden_cabinet_1,is_behind,plate_1
pick_up_the_black_bowl_on_the_wooden_cabinet_and_place_it_on_the_plate,demo_0,45,agentview,plate_1,is_in_front_of,wooden_cabinet_1
pick_up_the_black_bowl_on_the_wooden_cabinet_and_place_it_on_the_plate,demo_0,45,agentview,wooden_cabinet_1,is_behind,flat_stove_1
pick_up_the_black_bowl_on_the_wooden_cabinet_and_place_it_on_the_plate,demo_0,45,agentview,flat_stove_1,is_in_front_of,wooden_cabinet_1
pick_up_the_black_bowl_on_the_wooden_cabinet_and_place_it_on_the_plate,demo_0,50,agentview,akita_black_bowl_1,is_on_top_of,wooden_cabinet_1
pick_up_the_black_bowl_on_the_wooden_cabinet_and_place_it_on_the_plate,demo_0,50,agentview,wooden_cabinet_1,is_below_of,akita_black_bowl_1
pick_up_the_black_bowl_on_the_wooden_cabinet_and_place_it_on_the_plate,demo_0,50,agentview,akita_black_bowl_2,is_on_top_of,flat_stove_1
pick_up_the_black_bowl_on_the_wooden_cabinet_and_place_it_on_the_plate,demo_0,50,agentview,flat_stove_1,is_below_of,akita_black_bowl_2
pick_up_the_black_bowl_on_the_wooden_cabinet_and_place_it_on_the_plate,demo_0,50,agentview,cookies_1,is_on_top_of,flat_stove_1
pick_up_the_black_bowl_on_the_wooden_cabinet_and_place_it_on_the_plate,demo_0,50,agentview,flat_stove_1,is_below_of,cookies_1
pick_up_the_black_bowl_on_the_wooden_cabinet_and_place_it_on_the_plate,demo_0,50,agentview,glazed_rim_porcelain_ramekin_1,is_on_top_of,flat_stove_1
pick_up_the_black_bowl_on_the_wooden_cabinet_and_place_it_on_the_plate,demo_0,50,agentview,flat_stove_1,is_below_of,glazed_rim_porcelain_ramekin_1
pick_up_the_black_bowl_on_the_wooden_cabinet_and_place_it_on_the_plate,demo_0,50,agentview,plate_1,is_on_top_of,flat_stove_1
pick_up_the_black_bowl_on_the_wooden_cabinet_and_place_it_on_the_plate,demo_0,50,agentview,flat_stove_1,is_below_of,plate_1
pick_up_the_black_bowl_on_the_wooden_cabinet_and_place_it_on_the_plate,demo_0,50,agentview,akita_black_bowl_1,is_behind,akita_black_bowl_2
pick_up_the_black_bowl_on_the_wooden_cabinet_and_place_it_on_the_plate,demo_0,50,agentview,akita_black_bowl_2,is_in_front_of,akita_black_bowl_1
pick_up_the_black_bowl_on_the_wooden_cabinet_and_place_it_on_the_plate,demo_0,50,agentview,akita_black_bowl_1,is_behind,cookies_1
pick_up_the_black_bowl_on_the_wooden_cabinet_and_place_it_on_the_plate,demo_0,50,agentview,cookies_1,is_in_front_of,akita_black_bowl_1
pick_up_the_black_bowl_on_the_wooden_cabinet_and_place_it_on_the_plate,demo_0,50,agentview,akita_black_bowl_1,is_behind,glazed_rim_porcelain_ramekin_1
pick_up_the_black_bowl_on_the_wooden_cabinet_and_place_it_on_the_plate,demo_0,50,agentview,glazed_rim_porcelain_ramekin_1,is_in_front_of,akita_black_bowl_1
pick_up_the_black_bowl_on_the_wooden_cabinet_and_place_it_on_the_plate,demo_0,50,agentview,akita_black_bowl_1,is_behind,plate_1
pick_up_the_black_bowl_on_the_wooden_cabinet_and_place_it_on_the_plate,demo_0,50,agentview,plate_1,is_in_front_of,akita_black_bowl_1
pick_up_the_black_bowl_on_the_wooden_cabinet_and_place_it_on_the_plate,demo_0,50,agentview,akita_black_bowl_2,is_left_of,cookies_1
pick_up_the_black_bowl_on_the_wooden_cabinet_and_place_it_on_the_plate,demo_0,50,agentview,cookies_1,is_right_of,akita_black_bowl_2
pick_up_the_black_bowl_on_the_wooden_cabinet_and_place_it_on_the_plate,demo_0,50,agentview,akita_black_bowl_2,is_left_of,glazed_rim_porcelain_ramekin_1
pick_up_the_black_bowl_on_the_wooden_cabinet_and_place_it_on_the_plate,demo_0,50,agentview,glazed_rim_porcelain_ramekin_1,is_right_of,akita_black_bowl_2
pick_up_the_black_bowl_on_the_wooden_cabinet_and_place_it_on_the_plate,demo_0,50,agentview,akita_black_bowl_2,is_behind,plate_1
pick_up_the_black_bowl_on_the_wooden_cabinet_and_place_it_on_the_plate,demo_0,50,agentview,plate_1,is_in_front_of,akita_black_bowl_2
pick_up_the_black_bowl_on_the_wooden_cabinet_and_place_it_on_the_plate,demo_0,50,agentview,cookies_1,is_left_of,glazed_rim_porcelain_ramekin_1
pick_up_the_black_bowl_on_the_wooden_cabinet_and_place_it_on_the_plate,demo_0,50,agentview,glazed_rim_porcelain_ramekin_1,is_right_of,cookies_1
pick_up_the_black_bowl_on_the_wooden_cabinet_and_place_it_on_the_plate,demo_0,50,agentview,cookies_1,is_behind,plate_1
pick_up_the_black_bowl_on_the_wooden_cabinet_and_place_it_on_the_plate,demo_0,50,agentview,plate_1,is_in_front_of,cookies_1
pick_up_the_black_bowl_on_the_wooden_cabinet_and_place_it_on_the_plate,demo_0,50,agentview,glazed_rim_porcelain_ramekin_1,is_behind,plate_1
pick_up_the_black_bowl_on_the_wooden_cabinet_and_place_it_on_the_plate,demo_0,50,agentview,plate_1,is_in_front_of,glazed_rim_porcelain_ramekin_1
pick_up_the_black_bowl_on_the_wooden_cabinet_and_place_it_on_the_plate,demo_0,55,agentview,akita_black_bowl_1,is_on_top_of,wooden_cabinet_1
pick_up_the_black_bowl_on_the_wooden_cabinet_and_place_it_on_the_plate,demo_0,55,agentview,wooden_cabinet_1,is_below_of,akita_black_bowl_1
pick_up_the_black_bowl_on_the_wooden_cabinet_and_place_it_on_the_plate,demo_0,55,agentview,akita_black_bowl_2,is_on_top_of,flat_stove_1
pick_up_the_black_bowl_on_the_wooden_cabinet_and_place_it_on_the_plate,demo_0,55,agentview,flat_stove_1,is_below_of,akita_black_bowl_2
pick_up_the_black_bowl_on_the_wooden_cabinet_and_place_it_on_the_plate,demo_0,55,agentview,cookies_1,is_on_top_of,flat_stove_1
pick_up_the_black_bowl_on_the_wooden_cabinet_and_place_it_on_the_plate,demo_0,55,agentview,flat_stove_1,is_below_of,cookies_1
pick_up_the_black_bowl_on_the_wooden_cabinet_and_place_it_on_the_plate,demo_0,55,agentview,glazed_rim_porcelain_ramekin_1,is_on_top_of,flat_stove_1
pick_up_the_black_bowl_on_the_wooden_cabinet_and_place_it_on_the_plate,demo_0,55,agentview,flat_stove_1,is_below_of,glazed_rim_porcelain_ramekin_1
pick_up_the_black_bowl_on_the_wooden_cabinet_and_place_it_on_the_plate,demo_0,55,agentview,plate_1,is_on_top_of,flat_stove_1
pick_up_the_black_bowl_on_the_wooden_cabinet_and_place_it_on_the_plate,demo_0,55,agentview,flat_stove_1,is_below_of,plate_1
pick_up_the_black_bowl_on_the_wooden_cabinet_and_place_it_on_the_plate,demo_0,55,agentview,akita_black_bowl_1,is_behind,akita_black_bowl_2
pick_up_the_black_bowl_on_the_wooden_cabinet_and_place_it_on_the_plate,demo_0,55,agentview,akita_black_bowl_2,is_in_front_of,akita_black_bowl_1
pick_up_the_black_bowl_on_the_wooden_cabinet_and_place_it_on_the_plate,demo_0,55,agentview,akita_black_bowl_1,is_behind,cookies_1
pick_up_the_black_bowl_on_the_wooden_cabinet_and_place_it_on_the_plate,demo_0,55,agentview,cookies_1,is_in_front_of,akita_black_bowl_1
pick_up_the_black_bowl_on_the_wooden_cabinet_and_place_it_on_the_plate,demo_0,55,agentview,akita_black_bowl_1,is_behind,glazed_rim_porcelain_ramekin_1
pick_up_the_black_bowl_on_the_wooden_cabinet_and_place_it_on_the_plate,demo_0,55,agentview,glazed_rim_porcelain_ramekin_1,is_in_front_of,akita_black_bowl_1
pick_up_the_black_bowl_on_the_wooden_cabinet_and_place_it_on_the_plate,demo_0,55,agentview,akita_black_bowl_1,is_behind,plate_1
pick_up_the_black_bowl_on_the_wooden_cabinet_and_place_it_on_the_plate,demo_0,55,agentview,plate_1,is_in_front_of,akita_black_bowl_1
pick_up_the_black_bowl_on_the_wooden_cabinet_and_place_it_on_the_plate,demo_0,55,agentview,akita_black_bowl_2,is_left_of,cookies_1
pick_up_the_black_bowl_on_the_wooden_cabinet_and_place_it_on_the_plate,demo_0,55,agentview,cookies_1,is_right_of,akita_black_bowl_2
pick_up_the_black_bowl_on_the_wooden_cabinet_and_place_it_on_the_plate,demo_0,55,agentview,akita_black_bowl_2,is_left_of,glazed_rim_porcelain_ramekin_1
pick_up_the_black_bowl_on_the_wooden_cabinet_and_place_it_on_the_plate,demo_0,55,agentview,glazed_rim_porcelain_ramekin_1,is_right_of,akita_black_bowl_2
pick_up_the_black_bowl_on_the_wooden_cabinet_and_place_it_on_the_plate,demo_0,55,agentview,akita_black_bowl_2,is_left_of,plate_1
pick_up_the_black_bowl_on_the_wooden_cabinet_and_place_it_on_the_plate,demo_0,55,agentview,plate_1,is_right_of,akita_black_bowl_2
pick_up_the_black_bowl_on_the_wooden_cabinet_and_place_it_on_the_plate,demo_0,55,agentview,cookies_1,is_left_of,glazed_rim_porcelain_ramekin_1
pick_up_the_black_bowl_on_the_wooden_cabinet_and_place_it_on_the_plate,demo_0,55,agentview,glazed_rim_porcelain_ramekin_1,is_right_of,cookies_1
pick_up_the_black_bowl_on_the_wooden_cabinet_and_place_it_on_the_plate,demo_0,55,agentview,cookies_1,is_left_of,plate_1
pick_up_the_black_bowl_on_the_wooden_cabinet_and_place_it_on_the_plate,demo_0,55,agentview,plate_1,is_right_of,cookies_1
pick_up_the_black_bowl_on_the_wooden_cabinet_and_place_it_on_the_plate,demo_0,55,agentview,glazed_rim_porcelain_ramekin_1,is_left_of,plate_1
pick_up_the_black_bowl_on_the_wooden_cabinet_and_place_it_on_the_plate,demo_0,55,agentview,plate_1,is_right_of,glazed_rim_porcelain_ramekin_1
pick_up_the_black_bowl_on_the_wooden_cabinet_and_place_it_on_the_plate,demo_0,60,agentview,akita_black_bowl_1,is_on_top_of,wooden_cabinet_1
pick_up_the_black_bowl_on_the_wooden_cabinet_and_place_it_on_the_plate,demo_0,60,agentview,wooden_cabinet_1,is_below_of,akita_black_bowl_1
pick_up_the_black_bowl_on_the_wooden_cabinet_and_place_it_on_the_plate,demo_0,60,agentview,akita_black_bowl_1,is_behind,akita_black_bowl_2
pick_up_the_black_bowl_on_the_wooden_cabinet_and_place_it_on_the_plate,demo_0,60,agentview,akita_black_bowl_2,is_in_front_of,akita_black_bowl_1
pick_up_the_black_bowl_on_the_wooden_cabinet_and_place_it_on_the_plate,demo_0,60,agentview,akita_black_bowl_1,is_behind,cookies_1
pick_up_the_black_bowl_on_the_wooden_cabinet_and_place_it_on_the_plate,demo_0,60,agentview,cookies_1,is_in_front_of,akita_black_bowl_1
pick_up_the_black_bowl_on_the_wooden_cabinet_and_place_it_on_the_plate,demo_0,60,agentview,akita_black_bowl_1,is_behind,glazed_rim_porcelain_ramekin_1
pick_up_the_black_bowl_on_the_wooden_cabinet_and_place_it_on_the_plate,demo_0,60,agentview,glazed_rim_porcelain_ramekin_1,is_in_front_of,akita_black_bowl_1
pick_up_the_black_bowl_on_the_wooden_cabinet_and_place_it_on_the_plate,demo_0,60,agentview,akita_black_bowl_1,is_behind,plate_1
pick_up_the_black_bowl_on_the_wooden_cabinet_and_place_it_on_the_plate,demo_0,60,agentview,plate_1,is_in_front_of,akita_black_bowl_1
pick_up_the_black_bowl_on_the_wooden_cabinet_and_place_it_on_the_plate,demo_0,60,agentview,akita_black_bowl_1,is_behind,flat_stove_1
pick_up_the_black_bowl_on_the_wooden_cabinet_and_place_it_on_the_plate,demo_0,60,agentview,flat_stove_1,is_in_front_of,akita_black_bowl_1
pick_up_the_black_bowl_on_the_wooden_cabinet_and_place_it_on_the_plate,demo_0,60,agentview,akita_black_bowl_2,is_left_of,cookies_1
pick_up_the_black_bowl_on_the_wooden_cabinet_and_place_it_on_the_plate,demo_0,60,agentview,cookies_1,is_right_of,akita_black_bowl_2
pick_up_the_black_bowl_on_the_wooden_cabinet_and_place_it_on_the_plate,demo_0,60,agentview,akita_black_bowl_2,is_left_of,glazed_rim_porcelain_ramekin_1
pick_up_the_black_bowl_on_the_wooden_cabinet_and_place_it_on_the_plate,demo_0,60,agentview,glazed_rim_porcelain_ramekin_1,is_right_of,akita_black_bowl_2
pick_up_the_black_bowl_on_the_wooden_cabinet_and_place_it_on_the_plate,demo_0,60,agentview,akita_black_bowl_2,is_left_of,plate_1
pick_up_the_black_bowl_on_the_wooden_cabinet_and_place_it_on_the_plate,demo_0,60,agentview,plate_1,is_right_of,akita_black_bowl_2
pick_up_the_black_bowl_on_the_wooden_cabinet_and_place_it_on_the_plate,demo_0,60,agentview,akita_black_bowl_2,is_behind,flat_stove_1
pick_up_the_black_bowl_on_the_wooden_cabinet_and_place_it_on_the_plate,demo_0,60,agentview,flat_stove_1,is_in_front_of,akita_black_bowl_2
pick_up_the_black_bowl_on_the_wooden_cabinet_and_place_it_on_the_plate,demo_0,60,agentview,cookies_1,is_left_of,glazed_rim_porcelain_ramekin_1
pick_up_the_black_bowl_on_the_wooden_cabinet_and_place_it_on_the_plate,demo_0,60,agentview,glazed_rim_porcelain_ramekin_1,is_right_of,cookies_1
pick_up_the_black_bowl_on_the_wooden_cabinet_and_place_it_on_the_plate,demo_0,60,agentview,cookies_1,is_left_of,plate_1
pick_up_the_black_bowl_on_the_wooden_cabinet_and_place_it_on_the_plate,demo_0,60,agentview,plate_1,is_right_of,cookies_1
pick_up_the_black_bowl_on_the_wooden_cabinet_and_place_it_on_the_plate,demo_0,60,agentview,cookies_1,is_behind,flat_stove_1
pick_up_the_black_bowl_on_the_wooden_cabinet_and_place_it_on_the_plate,demo_0,60,agentview,flat_stove_1,is_in_front_of,cookies_1
pick_up_the_black_bowl_on_the_wooden_cabinet_and_place_it_on_the_plate,demo_0,60,agentview,glazed_rim_porcelain_ramekin_1,is_left_of,plate_1
pick_up_the_black_bowl_on_the_wooden_cabinet_and_place_it_on_the_plate,demo_0,60,agentview,plate_1,is_right_of,glazed_rim_porcelain_ramekin_1
pick_up_the_black_bowl_on_the_wooden_cabinet_and_place_it_on_the_plate,demo_0,60,agentview,glazed_rim_porcelain_ramekin_1,is_behind,flat_stove_1
pick_up_the_black_bowl_on_the_wooden_cabinet_and_place_it_on_the_plate,demo_0,60,agentview,flat_stove_1,is_in_front_of,glazed_rim_porcelain_ramekin_1
pick_up_the_black_bowl_on_the_wooden_cabinet_and_place_it_on_the_plate,demo_0,60,agentview,plate_1,is_behind,flat_stove_1
pick_up_the_black_bowl_on_the_wooden_cabinet_and_place_it_on_the_plate,demo_0,60,agentview,flat_stove_1,is_in_front_of,plate_1
pick_up_the_black_bowl_on_the_wooden_cabinet_and_place_it_on_the_plate,demo_0,60,agentview,wooden_cabinet_1,is_behind,akita_black_bowl_2
pick_up_the_black_bowl_on_the_wooden_cabinet_and_place_it_on_the_plate,demo_0,60,agentview,akita_black_bowl_2,is_in_front_of,wooden_cabinet_1
pick_up_the_black_bowl_on_the_wooden_cabinet_and_place_it_on_the_plate,demo_0,60,agentview,wooden_cabinet_1,is_behind,cookies_1
pick_up_the_black_bowl_on_the_wooden_cabinet_and_place_it_on_the_plate,demo_0,60,agentview,cookies_1,is_in_front_of,wooden_cabinet_1
pick_up_the_black_bowl_on_the_wooden_cabinet_and_place_it_on_the_plate,demo_0,60,agentview,wooden_cabinet_1,is_behind,glazed_rim_porcelain_ramekin_1
pick_up_the_black_bowl_on_the_wooden_cabinet_and_place_it_on_the_plate,demo_0,60,agentview,glazed_rim_porcelain_ramekin_1,is_in_front_of,wooden_cabinet_1
pick_up_the_black_bowl_on_the_wooden_cabinet_and_place_it_on_the_plate,demo_0,60,agentview,wooden_cabinet_1,is_behind,plate_1
pick_up_the_black_bowl_on_the_wooden_cabinet_and_place_it_on_the_plate,demo_0,60,agentview,plate_1,is_in_front_of,wooden_cabinet_1
pick_up_the_black_bowl_on_the_wooden_cabinet_and_place_it_on_the_plate,demo_0,60,agentview,wooden_cabinet_1,is_behind,flat_stove_1
pick_up_the_black_bowl_on_the_wooden_cabinet_and_place_it_on_the_plate,demo_0,60,agentview,flat_stove_1,is_in_front_of,wooden_cabinet_1
pick_up_the_black_bowl_on_the_wooden_cabinet_and_place_it_on_the_plate,demo_0,65,agentview,akita_black_bowl_1,is_on_top_of,wooden_cabinet_1
pick_up_the_black_bowl_on_the_wooden_cabinet_and_place_it_on_the_plate,demo_0,65,agentview,wooden_cabinet_1,is_below_of,akita_black_bowl_1
pick_up_the_black_bowl_on_the_wooden_cabinet_and_place_it_on_the_plate,demo_0,65,agentview,akita_black_bowl_1,is_behind,akita_black_bowl_2
pick_up_the_black_bowl_on_the_wooden_cabinet_and_place_it_on_the_plate,demo_0,65,agentview,akita_black_bowl_2,is_in_front_of,akita_black_bowl_1
pick_up_the_black_bowl_on_the_wooden_cabinet_and_place_it_on_the_plate,demo_0,65,agentview,akita_black_bowl_1,is_behind,cookies_1
pick_up_the_black_bowl_on_the_wooden_cabinet_and_place_it_on_the_plate,demo_0,65,agentview,cookies_1,is_in_front_of,akita_black_bowl_1
pick_up_the_black_bowl_on_the_wooden_cabinet_and_place_it_on_the_plate,demo_0,65,agentview,akita_black_bowl_1,is_behind,glazed_rim_porcelain_ramekin_1
pick_up_the_black_bowl_on_the_wooden_cabinet_and_place_it_on_the_plate,demo_0,65,agentview,glazed_rim_porcelain_ramekin_1,is_in_front_of,akita_black_bowl_1
pick_up_the_black_bowl_on_the_wooden_cabinet_and_place_it_on_the_plate,demo_0,65,agentview,akita_black_bowl_1,is_behind,plate_1
pick_up_the_black_bowl_on_the_wooden_cabinet_and_place_it_on_the_plate,demo_0,65,agentview,plate_1,is_in_front_of,akita_black_bowl_1
pick_up_the_black_bowl_on_the_wooden_cabinet_and_place_it_on_the_plate,demo_0,65,agentview,akita_black_bowl_1,is_behind,flat_stove_1
pick_up_the_black_bowl_on_the_wooden_cabinet_and_place_it_on_the_plate,demo_0,65,agentview,flat_stove_1,is_in_front_of,akita_black_bowl_1
pick_up_the_black_bowl_on_the_wooden_cabinet_and_place_it_on_the_plate,demo_0,65,agentview,akita_black_bowl_2,is_on_top_of,plate_1
pick_up_the_black_bowl_on_the_wooden_cabinet_and_place_it_on_the_plate,demo_0,65,agentview,plate_1,is_below_of,akita_black_bowl_2
pick_up_the_black_bowl_on_the_wooden_cabinet_and_place_it_on_the_plate,demo_0,65,agentview,akita_black_bowl_2,is_right_of,cookies_1
pick_up_the_black_bowl_on_the_wooden_cabinet_and_place_it_on_the_plate,demo_0,65,agentview,cookies_1,is_left_of,akita_black_bowl_2
pick_up_the_black_bowl_on_the_wooden_cabinet_and_place_it_on_the_plate,demo_0,65,agentview,akita_black_bowl_2,is_behind,glazed_rim_porcelain_ramekin_1
pick_up_the_black_bowl_on_the_wooden_cabinet_and_place_it_on_the_plate,demo_0,65,agentview,glazed_rim_porcelain_ramekin_1,is_in_front_of,akita_black_bowl_2
pick_up_the_black_bowl_on_the_wooden_cabinet_and_place_it_on_the_plate,demo_0,65,agentview,akita_black_bowl_2,is_right_of,glazed_rim_porcelain_ramekin_1
pick_up_the_black_bowl_on_the_wooden_cabinet_and_place_it_on_the_plate,demo_0,65,agentview,glazed_rim_porcelain_ramekin_1,is_left_of,akita_black_bowl_2
pick_up_the_black_bowl_on_the_wooden_cabinet_and_place_it_on_the_plate,demo_0,65,agentview,akita_black_bowl_2,is_behind,flat_stove_1
pick_up_the_black_bowl_on_the_wooden_cabinet_and_place_it_on_the_plate,demo_0,65,agentview,flat_stove_1,is_in_front_of,akita_black_bowl_2
pick_up_the_black_bowl_on_the_wooden_cabinet_and_place_it_on_the_plate,demo_0,65,agentview,cookies_1,is_on_top_of,flat_stove_1
pick_up_the_black_bowl_on_the_wooden_cabinet_and_place_it_on_the_plate,demo_0,65,agentview,flat_stove_1,is_below_of,cookies_1
pick_up_the_black_bowl_on_the_wooden_cabinet_and_place_it_on_the_plate,demo_0,65,agentview,cookies_1,is_right_of,glazed_rim_porcelain_ramekin_1
pick_up_the_black_bowl_on_the_wooden_cabinet_and_place_it_on_the_plate,demo_0,65,agentview,glazed_rim_porcelain_ramekin_1,is_left_of,cookies_1
pick_up_the_black_bowl_on_the_wooden_cabinet_and_place_it_on_the_plate,demo_0,65,agentview,cookies_1,is_behind,flat_stove_1
pick_up_the_black_bowl_on_the_wooden_cabinet_and_place_it_on_the_plate,demo_0,65,agentview,flat_stove_1,is_in_front_of,cookies_1
pick_up_the_black_bowl_on_the_wooden_cabinet_and_place_it_on_the_plate,demo_0,65,agentview,glazed_rim_porcelain_ramekin_1,is_on_top_of,flat_stove_1
pick_up_the_black_bowl_on_the_wooden_cabinet_and_place_it_on_the_plate,demo_0,65,agentview,flat_stove_1,is_below_of,glazed_rim_porcelain_ramekin_1
pick_up_the_black_bowl_on_the_wooden_cabinet_and_place_it_on_the_plate,demo_0,65,agentview,glazed_rim_porcelain_ramekin_1,is_behind,flat_stove_1
pick_up_the_black_bowl_on_the_wooden_cabinet_and_place_it_on_the_plate,demo_0,65,agentview,flat_stove_1,is_in_front_of,glazed_rim_porcelain_ramekin_1
pick_up_the_black_bowl_on_the_wooden_cabinet_and_place_it_on_the_plate,demo_0,65,agentview,plate_1,is_on_top_of,flat_stove_1
pick_up_the_black_bowl_on_the_wooden_cabinet_and_place_it_on_the_plate,demo_0,65,agentview,flat_stove_1,is_below_of,plate_1
pick_up_the_black_bowl_on_the_wooden_cabinet_and_place_it_on_the_plate,demo_0,65,agentview,plate_1,is_right_of,glazed_rim_porcelain_ramekin_1
pick_up_the_black_bowl_on_the_wooden_cabinet_and_place_it_on_the_plate,demo_0,65,agentview,glazed_rim_porcelain_ramekin_1,is_left_of,plate_1
pick_up_the_black_bowl_on_the_wooden_cabinet_and_place_it_on_the_plate,demo_0,65,agentview,plate_1,is_right_of,cookies_1
pick_up_the_black_bowl_on_the_wooden_cabinet_and_place_it_on_the_plate,demo_0,65,agentview,cookies_1,is_left_of,plate_1
pick_up_the_black_bowl_on_the_wooden_cabinet_and_place_it_on_the_plate,demo_0,65,agentview,plate_1,is_behind,flat_stove_1
pick_up_the_black_bowl_on_the_wooden_cabinet_and_place_it_on_the_plate,demo_0,65,agentview,flat_stove_1,is_in_front_of,plate_1
pick_up_the_black_bowl_on_the_wooden_cabinet_and_place_it_on_the_plate,demo_0,65,agentview,wooden_cabinet_1,is_behind,akita_black_bowl_2
pick_up_the_black_bowl_on_the_wooden_cabinet_and_place_it_on_the_plate,demo_0,65,agentview,akita_black_bowl_2,is_in_front_of,wooden_cabinet_1
pick_up_the_black_bowl_on_the_wooden_cabinet_and_place_it_on_the_plate,demo_0,65,agentview,wooden_cabinet_1,is_behind,cookies_1
pick_up_the_black_bowl_on_the_wooden_cabinet_and_place_it_on_the_plate,demo_0,65,agentview,cookies_1,is_in_front_of,wooden_cabinet_1
pick_up_the_black_bowl_on_the_wooden_cabinet_and_place_it_on_the_plate,demo_0,65,agentview,wooden_cabinet_1,is_behind,glazed_rim_porcelain_ramekin_1
pick_up_the_black_bowl_on_the_wooden_cabinet_and_place_it_on_the_plate,demo_0,65,agentview,glazed_rim_porcelain_ramekin_1,is_in_front_of,wooden_cabinet_1
pick_up_the_black_bowl_on_the_wooden_cabinet_and_place_it_on_the_plate,demo_0,65,agentview,wooden_cabinet_1,is_behind,plate_1
pick_up_the_black_bowl_on_the_wooden_cabinet_and_place_it_on_the_plate,demo_0,65,agentview,plate_1,is_in_front_of,wooden_cabinet_1
pick_up_the_black_bowl_on_the_wooden_cabinet_and_place_it_on_the_plate,demo_0,65,agentview,wooden_cabinet_1,is_behind,flat_stove_1
pick_up_the_black_bowl_on_the_wooden_cabinet_and_place_it_on_the_plate,demo_0,65,agentview,flat_stove_1,is_in_front_of,wooden_cabinet_1
pick_up_the_black_bowl_on_the_wooden_cabinet_and_place_it_on_the_plate,demo_0,70,agentview,akita_black_bowl_1,is_on_top_of,wooden_cabinet_1
pick_up_the_black_bowl_on_the_wooden_cabinet_and_place_it_on_the_plate,demo_0,70,agentview,wooden_cabinet_1,is_below_of,akita_black_bowl_1
pick_up_the_black_bowl_on_the_wooden_cabinet_and_place_it_on_the_plate,demo_0,70,agentview,akita_black_bowl_1,is_behind,akita_black_bowl_2
pick_up_the_black_bowl_on_the_wooden_cabinet_and_place_it_on_the_plate,demo_0,70,agentview,akita_black_bowl_2,is_in_front_of,akita_black_bowl_1
pick_up_the_black_bowl_on_the_wooden_cabinet_and_place_it_on_the_plate,demo_0,70,agentview,akita_black_bowl_1,is_behind,cookies_1
pick_up_the_black_bowl_on_the_wooden_cabinet_and_place_it_on_the_plate,demo_0,70,agentview,cookies_1,is_in_front_of,akita_black_bowl_1
pick_up_the_black_bowl_on_the_wooden_cabinet_and_place_it_on_the_plate,demo_0,70,agentview,akita_black_bowl_1,is_behind,glazed_rim_porcelain_ramekin_1
pick_up_the_black_bowl_on_the_wooden_cabinet_and_place_it_on_the_plate,demo_0,70,agentview,glazed_rim_porcelain_ramekin_1,is_in_front_of,akita_black_bowl_1
pick_up_the_black_bowl_on_the_wooden_cabinet_and_place_it_on_the_plate,demo_0,70,agentview,akita_black_bowl_1,is_behind,plate_1
pick_up_the_black_bowl_on_the_wooden_cabinet_and_place_it_on_the_plate,demo_0,70,agentview,plate_1,is_in_front_of,akita_black_bowl_1
pick_up_the_black_bowl_on_the_wooden_cabinet_and_place_it_on_the_plate,demo_0,70,agentview,akita_black_bowl_1,is_behind,flat_stove_1
pick_up_the_black_bowl_on_the_wooden_cabinet_and_place_it_on_the_plate,demo_0,70,agentview,flat_stove_1,is_in_front_of,akita_black_bowl_1
pick_up_the_black_bowl_on_the_wooden_cabinet_and_place_it_on_the_plate,demo_0,70,agentview,akita_black_bowl_2,is_on_top_of,plate_1
pick_up_the_black_bowl_on_the_wooden_cabinet_and_place_it_on_the_plate,demo_0,70,agentview,plate_1,is_below_of,akita_black_bowl_2
pick_up_the_black_bowl_on_the_wooden_cabinet_and_place_it_on_the_plate,demo_0,70,agentview,akita_black_bowl_2,is_right_of,cookies_1
pick_up_the_black_bowl_on_the_wooden_cabinet_and_place_it_on_the_plate,demo_0,70,agentview,cookies_1,is_left_of,akita_black_bowl_2
pick_up_the_black_bowl_on_the_wooden_cabinet_and_place_it_on_the_plate,demo_0,70,agentview,akita_black_bowl_2,is_behind,glazed_rim_porcelain_ramekin_1
pick_up_the_black_bowl_on_the_wooden_cabinet_and_place_it_on_the_plate,demo_0,70,agentview,glazed_rim_porcelain_ramekin_1,is_in_front_of,akita_black_bowl_2
pick_up_the_black_bowl_on_the_wooden_cabinet_and_place_it_on_the_plate,demo_0,70,agentview,akita_black_bowl_2,is_right_of,glazed_rim_porcelain_ramekin_1
pick_up_the_black_bowl_on_the_wooden_cabinet_and_place_it_on_the_plate,demo_0,70,agentview,glazed_rim_porcelain_ramekin_1,is_left_of,akita_black_bowl_2
pick_up_the_black_bowl_on_the_wooden_cabinet_and_place_it_on_the_plate,demo_0,70,agentview,akita_black_bowl_2,is_behind,flat_stove_1
pick_up_the_black_bowl_on_the_wooden_cabinet_and_place_it_on_the_plate,demo_0,70,agentview,flat_stove_1,is_in_front_of,akita_black_bowl_2
pick_up_the_black_bowl_on_the_wooden_cabinet_and_place_it_on_the_plate,demo_0,70,agentview,cookies_1,is_on_top_of,plate_1
pick_up_the_black_bowl_on_the_wooden_cabinet_and_place_it_on_the_plate,demo_0,70,agentview,plate_1,is_below_of,cookies_1
pick_up_the_black_bowl_on_the_wooden_cabinet_and_place_it_on_the_plate,demo_0,70,agentview,cookies_1,is_right_of,glazed_rim_porcelain_ramekin_1
pick_up_the_black_bowl_on_the_wooden_cabinet_and_place_it_on_the_plate,demo_0,70,agentview,glazed_rim_porcelain_ramekin_1,is_left_of,cookies_1
pick_up_the_black_bowl_on_the_wooden_cabinet_and_place_it_on_the_plate,demo_0,70,agentview,cookies_1,is_behind,flat_stove_1
pick_up_the_black_bowl_on_the_wooden_cabinet_and_place_it_on_the_plate,demo_0,70,agentview,flat_stove_1,is_in_front_of,cookies_1
pick_up_the_black_bowl_on_the_wooden_cabinet_and_place_it_on_the_plate,demo_0,70,agentview,glazed_rim_porcelain_ramekin_1,is_on_top_of,plate_1
pick_up_the_black_bowl_on_the_wooden_cabinet_and_place_it_on_the_plate,demo_0,70,agentview,plate_1,is_below_of,glazed_rim_porcelain_ramekin_1
pick_up_the_black_bowl_on_the_wooden_cabinet_and_place_it_on_the_plate,demo_0,70,agentview,glazed_rim_porcelain_ramekin_1,is_behind,flat_stove_1
pick_up_the_black_bowl_on_the_wooden_cabinet_and_place_it_on_the_plate,demo_0,70,agentview,flat_stove_1,is_in_front_of,glazed_rim_porcelain_ramekin_1
pick_up_the_black_bowl_on_the_wooden_cabinet_and_place_it_on_the_plate,demo_0,70,agentview,plate_1,is_on_top_of,flat_stove_1
pick_up_the_black_bowl_on_the_wooden_cabinet_and_place_it_on_the_plate,demo_0,70,agentview,flat_stove_1,is_below_of,plate_1
pick_up_the_black_bowl_on_the_wooden_cabinet_and_place_it_on_the_plate,demo_0,70,agentview,wooden_cabinet_1,is_behind,plate_1
pick_up_the_black_bowl_on_the_wooden_cabinet_and_place_it_on_the_plate,demo_0,70,agentview,plate_1,is_in_front_of,wooden_cabinet_1
pick_up_the_black_bowl_on_the_wooden_cabinet_and_place_it_on_the_plate,demo_0,70,agentview,wooden_cabinet_1,is_behind,flat_stove_1
pick_up_the_black_bowl_on_the_wooden_cabinet_and_place_it_on_the_plate,demo_0,70,agentview,flat_stove_1,is_in_front_of,wooden_cabinet_1
pick_up_the_black_bowl_on_the_wooden_cabinet_and_place_it_on_the_plate,demo_0,75,agentview,akita_black_bowl_1,is_on_top_of,wooden_cabinet_1
pick_up_the_black_bowl_on_the_wooden_cabinet_and_place_it_on_the_plate,demo_0,75,agentview,wooden_cabinet_1,is_below_of,akita_black_bowl_1
pick_up_the_black_bowl_on_the_wooden_cabinet_and_place_it_on_the_plate,demo_0,75,agentview,akita_black_bowl_1,is_behind,akita_black_bowl_2
pick_up_the_black_bowl_on_the_wooden_cabinet_and_place_it_on_the_plate,demo_0,75,agentview,akita_black_bowl_2,is_in_front_of,akita_black_bowl_1
pick_up_the_black_bowl_on_the_wooden_cabinet_and_place_it_on_the_plate,demo_0,75,agentview,akita_black_bowl_1,is_behind,cookies_1
pick_up_the_black_bowl_on_the_wooden_cabinet_and_place_it_on_the_plate,demo_0,75,agentview,cookies_1,is_in_front_of,akita_black_bowl_1
pick_up_the_black_bowl_on_the_wooden_cabinet_and_place_it_on_the_plate,demo_0,75,agentview,akita_black_bowl_1,is_behind,glazed_rim_porcelain_ramekin_1
pick_up_the_black_bowl_on_the_wooden_cabinet_and_place_it_on_the_plate,demo_0,75,agentview,glazed_rim_porcelain_ramekin_1,is_in_front_of,akita_black_bowl_1
pick_up_the_black_bowl_on_the_wooden_cabinet_and_place_it_on_the_plate,demo_0,75,agentview,akita_black_bowl_1,is_behind,plate_1
pick_up_the_black_bowl_on_the_wooden_cabinet_and_place_it_on_the_plate,demo_0,75,agentview,plate_1,is_in_front_of,akita_black_bowl_1
pick_up_the_black_bowl_on_the_wooden_cabinet_and_place_it_on_the_plate,demo_0,75,agentview,akita_black_bowl_1,is_behind,flat_stove_1
pick_up_the_black_bowl_on_the_wooden_cabinet_and_place_it_on_the_plate,demo_0,75,agentview,flat_stove_1,is_in_front_of,akita_black_bowl_1
pick_up_the_black_bowl_on_the_wooden_cabinet_and_place_it_on_the_plate,demo_0,75,agentview,akita_black_bowl_2,is_on_top_of,plate_1
pick_up_the_black_bowl_on_the_wooden_cabinet_and_place_it_on_the_plate,demo_0,75,agentview,plate_1,is_below_of,akita_black_bowl_2
pick_up_the_black_bowl_on_the_wooden_cabinet_and_place_it_on_the_plate,demo_0,75,agentview,akita_black_bowl_2,is_right_of,cookies_1
pick_up_the_black_bowl_on_the_wooden_cabinet_and_place_it_on_the_plate,demo_0,75,agentview,cookies_1,is_left_of,akita_black_bowl_2
pick_up_the_black_bowl_on_the_wooden_cabinet_and_place_it_on_the_plate,demo_0,75,agentview,akita_black_bowl_2,is_right_of,glazed_rim_porcelain_ramekin_1
pick_up_the_black_bowl_on_the_wooden_cabinet_and_place_it_on_the_plate,demo_0,75,agentview,glazed_rim_porcelain_ramekin_1,is_left_of,akita_black_bowl_2
pick_up_the_black_bowl_on_the_wooden_cabinet_and_place_it_on_the_plate,demo_0,75,agentview,akita_black_bowl_2,is_right_of,plate_1
pick_up_the_black_bowl_on_the_wooden_cabinet_and_place_it_on_the_plate,demo_0,75,agentview,plate_1,is_left_of,akita_black_bowl_2
pick_up_the_black_bowl_on_the_wooden_cabinet_and_place_it_on_the_plate,demo_0,75,agentview,akita_black_bowl_2,is_behind,flat_stove_1
pick_up_the_black_bowl_on_the_wooden_cabinet_and_place_it_on_the_plate,demo_0,75,agentview,flat_stove_1,is_in_front_of,akita_black_bowl_2
pick_up_the_black_bowl_on_the_wooden_cabinet_and_place_it_on_the_plate,demo_0,75,agentview,cookies_1,is_on_top_of,flat_stove_1
pick_up_the_black_bowl_on_the_wooden_cabinet_and_place_it_on_the_plate,demo_0,75,agentview,flat_stove_1,is_below_of,cookies_1
pick_up_the_black_bowl_on_the_wooden_cabinet_and_place_it_on_the_plate,demo_0,75,agentview,cookies_1,is_left_of,glazed_rim_porcelain_ramekin_1
pick_up_the_black_bowl_on_the_wooden_cabinet_and_place_it_on_the_plate,demo_0,75,agentview,glazed_rim_porcelain_ramekin_1,is_right_of,cookies_1
pick_up_the_black_bowl_on_the_wooden_cabinet_and_place_it_on_the_plate,demo_0,75,agentview,cookies_1,is_left_of,plate_1
pick_up_the_black_bowl_on_the_wooden_cabinet_and_place_it_on_the_plate,demo_0,75,agentview,plate_1,is_right_of,cookies_1
pick_up_the_black_bowl_on_the_wooden_cabinet_and_place_it_on_the_plate,demo_0,75,agentview,cookies_1,is_in_front_of,flat_stove_1
pick_up_the_black_bowl_on_the_wooden_cabinet_and_place_it_on_the_plate,demo_0,75,agentview,flat_stove_1,is_behind,cookies_1
pick_up_the_black_bowl_on_the_wooden_cabinet_and_place_it_on_the_plate,demo_0,75,agentview,glazed_rim_porcelain_ramekin_1,is_on_top_of,flat_stove_1
pick_up_the_black_bowl_on_the_wooden_cabinet_and_place_it_on_the_plate,demo_0,75,agentview,flat_stove_1,is_below_of,glazed_rim_porcelain_ramekin_1
pick_up_the_black_bowl_on_the_wooden_cabinet_and_place_it_on_the_plate,demo_0,75,agentview,glazed_rim_porcelain_ramekin_1,is_right_of,plate_1
pick_up_the_black_bowl_on_the_wooden_cabinet_and_place_it_on_the_plate,demo_0,75,agentview,plate_1,is_left_of,glazed_rim_porcelain_ramekin_1
pick_up_the_black_bowl_on_the_wooden_cabinet_and_place_it_on_the_plate,demo_0,75,agentview,glazed_rim_porcelain_ramekin_1,is_in_front_of,flat_stove_1
pick_up_the_black_bowl_on_the_wooden_cabinet_and_place_it_on_the_plate,demo_0,75,agentview,flat_stove_1,is_behind,glazed_rim_porcelain_ramekin_1
pick_up_the_black_bowl_on_the_wooden_cabinet_and_place_it_on_the_plate,demo_0,75,agentview,plate_1,is_on_top_of,flat_stove_1
pick_up_the_black_bowl_on_the_wooden_cabinet_and_place_it_on_the_plate,demo_0,75,agentview,flat_stove_1,is_below_of,plate_1
pick_up_the_black_bowl_on_the_wooden_cabinet_and_place_it_on_the_plate,demo_0,75,agentview,plate_1,is_in_front_of,flat_stove_1
pick_up_the_black_bowl_on_the_wooden_cabinet_and_place_it_on_the_plate,demo_0,75,agentview,flat_stove_1,is_behind,plate_1
pick_up_the_black_bowl_on_the_wooden_cabinet_and_place_it_on_the_plate,demo_0,80,agentview,akita_black_bowl_1,is_on_top_of,wooden_cabinet_1
pick_up_the_black_bowl_on_the_wooden_cabinet_and_place_it_on_the_plate,demo_0,80,agentview,wooden_cabinet_1,is_below_of,akita_black_bowl_1
pick_up_the_black_bowl_on_the_wooden_cabinet_and_place_it_on_the_plate,demo_0,80,agentview,akita_black_bowl_1,is_behind,akita_black_bowl_2
pick_up_the_black_bowl_on_the_wooden_cabinet_and_place_it_on_the_plate,demo_0,80,agentview,akita_black_bowl_2,is_in_front_of,akita_black_bowl_1
pick_up_the_black_bowl_on_the_wooden_cabinet_and_place_it_on_the_plate,demo_0,80,agentview,akita_black_bowl_1,is_behind,cookies_1
pick_up_the_black_bowl_on_the_wooden_cabinet_and_place_it_on_the_plate,demo_0,80,agentview,cookies_1,is_in_front_of,akita_black_bowl_1
pick_up_the_black_bowl_on_the_wooden_cabinet_and_place_it_on_the_plate,demo_0,80,agentview,akita_black_bowl_1,is_behind,glazed_rim_porcelain_ramekin_1
pick_up_the_black_bowl_on_the_wooden_cabinet_and_place_it_on_the_plate,demo_0,80,agentview,glazed_rim_porcelain_ramekin_1,is_in_front_of,akita_black_bowl_1
pick_up_the_black_bowl_on_the_wooden_cabinet_and_place_it_on_the_plate,demo_0,80,agentview,akita_black_bowl_1,is_behind,plate_1
pick_up_the_black_bowl_on_the_wooden_cabinet_and_place_it_on_the_plate,demo_0,80,agentview,plate_1,is_in_front_of,akita_black_bowl_1
pick_up_the_black_bowl_on_the_wooden_cabinet_and_place_it_on_the_plate,demo_0,80,agentview,akita_black_bowl_1,is_behind,flat_stove_1
pick_up_the_black_bowl_on_the_wooden_cabinet_and_place_it_on_the_plate,demo_0,80,agentview,flat_stove_1,is_in_front_of,akita_black_bowl_1
pick_up_the_black_bowl_on_the_wooden_cabinet_and_place_it_on_the_plate,demo_0,80,agentview,akita_black_bowl_2,is_on_top_of,flat_stove_1
pick_up_the_black_bowl_on_the_wooden_cabinet_and_place_it_on_the_plate,demo_0,80,agentview,flat_stove_1,is_below_of,akita_black_bowl_2
pick_up_the_black_bowl_on_the_wooden_cabinet_and_place_it_on_the_plate,demo_0,80,agentview,akita_black_bowl_2,is_right_of,cookies_1
pick_up_the_black_bowl_on_the_wooden_cabinet_and_place_it_on_the_plate,demo_0,80,agentview,cookies_1,is_left_of,akita_black_bowl_2
pick_up_the_black_bowl_on_the_wooden_cabinet_and_place_it_on_the_plate,demo_0,80,agentview,akita_black_bowl_2,is_right_of,glazed_rim_porcelain_ramekin_1
pick_up_the_black_bowl_on_the_wooden_cabinet_and_place_it_on_the_plate,demo_0,80,agentview,glazed_rim_porcelain_ramekin_1,is_left_of,akita_black_bowl_2
pick_up_the_black_bowl_on_the_wooden_cabinet_and_place_it_on_the_plate,demo_0,80,agentview,akita_black_bowl_2,is_right_of,plate_1
pick_up_the_black_bowl_on_the_wooden_cabinet_and_place_it_on_the_plate,demo_0,80,agentview,plate_1,is_left_of,akita_black_bowl_2
pick_up_the_black_bowl_on_the_wooden_cabinet_and_place_it_on_the_plate,demo_0,80,agentview,akita_black_bowl_2,is_behind,flat_stove_1
pick_up_the_black_bowl_on_the_wooden_cabinet_and_place_it_on_the_plate,demo_0,80,agentview,flat_stove_1,is_in_front_of,akita_black_bowl_2
pick_up_the_black_bowl_on_the_wooden_cabinet_and_place_it_on_the_plate,demo_0,80,agentview,cookies_1,is_on_top_of,flat_stove_1
pick_up_the_black_bowl_on_the_wooden_cabinet_and_place_it_on_the_plate,demo_0,80,agentview,flat_stove_1,is_below_of,cookies_1
pick_up_the_black_bowl_on_the_wooden_cabinet_and_place_it_on_the_plate,demo_0,80,agentview,cookies_1,is_left_of,glazed_rim_porcelain_ramekin_1
pick_up_the_black_bowl_on_the_wooden_cabinet_and_place_it_on_the_plate,demo_0,80,agentview,glazed_rim_porcelain_ramekin_1,is_right_of,cookies_1
pick_up_the_black_bowl_on_the_wooden_cabinet_and_place_it_on_the_plate,demo_0,80,agentview,cookies_1,is_left_of,plate_1
pick_up_the_black_bowl_on_the_wooden_cabinet_and_place_it_on_the_plate,demo_0,80,agentview,plate_1,is_right_of,cookies_1
pick_up_the_black_bowl_on_the_wooden_cabinet_and_place_it_on_the_plate,demo_0,80,agentview,cookies_1,is_behind,flat_stove_1
pick_up_the_black_bowl_on_the_wooden_cabinet_and_place_it_on_the_plate,demo_0,80,agentview,flat_stove_1,is_in_front_of,cookies_1
pick_up_the_black_bowl_on_the_wooden_cabinet_and_place_it_on_the_plate,demo_0,80,agentview,glazed_rim_porcelain_ramekin_1,is_on_top_of,flat_stove_1
pick_up_the_black_bowl_on_the_wooden_cabinet_and_place_it_on_the_plate,demo_0,80,agentview,flat_stove_1,is_below_of,glazed_rim_porcelain_ramekin_1
pick_up_the_black_bowl_on_the_wooden_cabinet_and_place_it_on_the_plate,demo_0,80,agentview,glazed_rim_porcelain_ramekin_1,is_left_of,plate_1
pick_up_the_black_bowl_on_the_wooden_cabinet_and_place_it_on_the_plate,demo_0,80,agentview,plate_1,is_right_of,glazed_rim_porcelain_ramekin_1
pick_up_the_black_bowl_on_the_wooden_cabinet_and_place_it_on_the_plate,demo_0,80,agentview,glazed_rim_porcelain_ramekin_1,is_behind,flat_stove_1
pick_up_the_black_bowl_on_the_wooden_cabinet_and_place_it_on_the_plate,demo_0,80,agentview,flat_stove_1,is_in_front_of,glazed_rim_porcelain_ramekin_1
pick_up_the_black_bowl_on_the_wooden_cabinet_and_place_it_on_the_plate,demo_0,80,agentview,plate_1,is_on_top_of,flat_stove_1
pick_up_the_black_bowl_on_the_wooden_cabinet_and_place_it_on_the_plate,demo_0,80,agentview,flat_stove_1,is_below_of,plate_1
pick_up_the_black_bowl_on_the_wooden_cabinet_and_place_it_on_the_plate,demo_0,80,agentview,wooden_cabinet_1,is_behind,akita_black_bowl_2
pick_up_the_black_bowl_on_the_wooden_cabinet_and_place_it_on_the_plate,demo_0,80,agentview,akita_black_bowl_2,is_in_front_of,wooden_cabinet_1
pick_up_the_black_bowl_on_the_wooden_cabinet_and_place_it_on_the_plate,demo_0,80,agentview,wooden_cabinet_1,is_behind,cookies_1
pick_up_the_black_bowl_on_the_wooden_cabinet_and_place_it_on_the_plate,demo_0,80,agentview,cookies_1,is_in_front_of,wooden_cabinet_1
pick_up_the_black_bowl_on_the_wooden_cabinet_and_place_it_on_the_plate,demo_0,80,agentview,wooden_cabinet_1,is_behind,glazed_rim_porcelain_ramekin_1
pick_up_the_black_bowl_on_the_wooden_cabinet_and_place_it_on_the_plate,demo_0,80,agentview,glazed_rim_porcelain_ramekin_1,is_in_front_of,wooden_cabinet_1
pick_up_the_black_bowl_on_the_wooden_cabinet_and_place_it_on_the_plate,demo_0,80,agentview,wooden_cabinet_1,is_behind,plate_1
pick_up_the_black_bowl_on_the_wooden_cabinet_and_place_it_on_the_plate,demo_0,80,agentview,plate_1,is_in_front_of,wooden_cabinet_1
pick_up_the_black_bowl_on_the_wooden_cabinet_and_place_it_on_the_plate,demo_0,80,agentview,wooden_cabinet_1,is_left_of,flat_stove_1
pick_up_the_black_bowl_on_the_wooden_cabinet_and_place_it_on_the_plate,demo_0,80,agentview,flat_stove_1,is_right_of,wooden_cabinet_1
pick_up_the_black_bowl_on_the_wooden_cabinet_and_place_it_on_the_plate,demo_0,85,agentview,akita_black_bowl_1,is_on_top_of,wooden_cabinet_1
pick_up_the_black_bowl_on_the_wooden_cabinet_and_place_it_on_the_plate,demo_0,85,agentview,wooden_cabinet_1,is_below_of,akita_black_bowl_1
pick_up_the_black_bowl_on_the_wooden_cabinet_and_place_it_on_the_plate,demo_0,85,agentview,akita_black_bowl_1,is_behind,akita_black_bowl_2
pick_up_the_black_bowl_on_the_wooden_cabinet_and_place_it_on_the_plate,demo_0,85,agentview,akita_black_bowl_2,is_in_front_of,akita_black_bowl_1
pick_up_the_black_bowl_on_the_wooden_cabinet_and_place_it_on_the_plate,demo_0,85,agentview,akita_black_bowl_1,is_behind,cookies_1
pick_up_the_black_bowl_on_the_wooden_cabinet_and_place_it_on_the_plate,demo_0,85,agentview,cookies_1,is_in_front_of,akita_black_bowl_1
pick_up_the_black_bowl_on_the_wooden_cabinet_and_place_it_on_the_plate,demo_0,85,agentview,akita_black_bowl_1,is_behind,glazed_rim_porcelain_ramekin_1
pick_up_the_black_bowl_on_the_wooden_cabinet_and_place_it_on_the_plate,demo_0,85,agentview,glazed_rim_porcelain_ramekin_1,is_in_front_of,akita_black_bowl_1
pick_up_the_black_bowl_on_the_wooden_cabinet_and_place_it_on_the_plate,demo_0,85,agentview,akita_black_bowl_1,is_behind,plate_1
pick_up_the_black_bowl_on_the_wooden_cabinet_and_place_it_on_the_plate,demo_0,85,agentview,plate_1,is_in_front_of,akita_black_bowl_1
pick_up_the_black_bowl_on_the_wooden_cabinet_and_place_it_on_the_plate,demo_0,85,agentview,akita_black_bowl_1,is_behind,flat_stove_1
pick_up_the_black_bowl_on_the_wooden_cabinet_and_place_it_on_the_plate,demo_0,85,agentview,flat_stove_1,is_in_front_of,akita_black_bowl_1
pick_up_the_black_bowl_on_the_wooden_cabinet_and_place_it_on_the_plate,demo_0,85,agentview,akita_black_bowl_2,is_on_top_of,plate_1
pick_up_the_black_bowl_on_the_wooden_cabinet_and_place_it_on_the_plate,demo_0,85,agentview,plate_1,is_below_of,akita_black_bowl_2
pick_up_the_black_bowl_on_the_wooden_cabinet_and_place_it_on_the_plate,demo_0,85,agentview,akita_black_bowl_2,is_left_of,cookies_1
pick_up_the_black_bowl_on_the_wooden_cabinet_and_place_it_on_the_plate,demo_0,85,agentview,cookies_1,is_right_of,akita_black_bowl_2
pick_up_the_black_bowl_on_the_wooden_cabinet_and_place_it_on_the_plate,demo_0,85,agentview,akita_black_bowl_2,is_left_of,glazed_rim_porcelain_ramekin_1
pick_up_the_black_bowl_on_the_wooden_cabinet_and_place_it_on_the_plate,demo_0,85,agentview,glazed_rim_porcelain_ramekin_1,is_right_of,akita_black_bowl_2
pick_up_the_black_bowl_on_the_wooden_cabinet_and_place_it_on_the_plate,demo_0,85,agentview,akita_black_bowl_2,is_behind,flat_stove_1
pick_up_the_black_bowl_on_the_wooden_cabinet_and_place_it_on_the_plate,demo_0,85,agentview,flat_stove_1,is_in_front_of,akita_black_bowl_2
pick_up_the_black_bowl_on_the_wooden_cabinet_and_place_it_on_the_plate,demo_0,85,agentview,cookies_1,is_left_of,glazed_rim_porcelain_ramekin_1
pick_up_the_black_bowl_on_the_wooden_cabinet_and_place_it_on_the_plate,demo_0,85,agentview,glazed_rim_porcelain_ramekin_1,is_right_of,cookies_1
pick_up_the_black_bowl_on_the_wooden_cabinet_and_place_it_on_the_plate,demo_0,85,agentview,cookies_1,is_behind,flat_stove_1
pick_up_the_black_bowl_on_the_wooden_cabinet_and_place_it_on_the_plate,demo_0,85,agentview,flat_stove_1,is_in_front_of,cookies_1
pick_up_the_black_bowl_on_the_wooden_cabinet_and_place_it_on_the_plate,demo_0,85,agentview,glazed_rim_porcelain_ramekin_1,is_behind,flat_stove_1
pick_up_the_black_bowl_on_the_wooden_cabinet_and_place_it_on_the_plate,demo_0,85,agentview,flat_stove_1,is_in_front_of,glazed_rim_porcelain_ramekin_1
pick_up_the_black_bowl_on_the_wooden_cabinet_and_place_it_on_the_plate,demo_0,85,agentview,plate_1,is_on_top_of,flat_stove_1
pick_up_the_black_bowl_on_the_wooden_cabinet_and_place_it_on_the_plate,demo_0,85,agentview,flat_stove_1,is_below_of,plate_1
pick_up_the_black_bowl_on_the_wooden_cabinet_and_place_it_on_the_plate,demo_0,90,agentview,akita_black_bowl_1,is_on_top_of,wooden_cabinet_1
pick_up_the_black_bowl_on_the_wooden_cabinet_and_place_it_on_the_plate,demo_0,90,agentview,wooden_cabinet_1,is_below_of,akita_black_bowl_1
pick_up_the_black_bowl_on_the_wooden_cabinet_and_place_it_on_the_plate,demo_0,90,agentview,akita_black_bowl_1,is_behind,akita_black_bowl_2
pick_up_the_black_bowl_on_the_wooden_cabinet_and_place_it_on_the_plate,demo_0,90,agentview,akita_black_bowl_2,is_in_front_of,akita_black_bowl_1
pick_up_the_black_bowl_on_the_wooden_cabinet_and_place_it_on_the_plate,demo_0,90,agentview,akita_black_bowl_1,is_behind,cookies_1
pick_up_the_black_bowl_on_the_wooden_cabinet_and_place_it_on_the_plate,demo_0,90,agentview,cookies_1,is_in_front_of,akita_black_bowl_1
pick_up_the_black_bowl_on_the_wooden_cabinet_and_place_it_on_the_plate,demo_0,90,agentview,akita_black_bowl_1,is_behind,glazed_rim_porcelain_ramekin_1
pick_up_the_black_bowl_on_the_wooden_cabinet_and_place_it_on_the_plate,demo_0,90,agentview,glazed_rim_porcelain_ramekin_1,is_in_front_of,akita_black_bowl_1
pick_up_the_black_bowl_on_the_wooden_cabinet_and_place_it_on_the_plate,demo_0,90,agentview,akita_black_bowl_1,is_behind,plate_1
pick_up_the_black_bowl_on_the_wooden_cabinet_and_place_it_on_the_plate,demo_0,90,agentview,plate_1,is_in_front_of,akita_black_bowl_1
pick_up_the_black_bowl_on_the_wooden_cabinet_and_place_it_on_the_plate,demo_0,90,agentview,akita_black_bowl_1,is_behind,flat_stove_1
pick_up_the_black_bowl_on_the_wooden_cabinet_and_place_it_on_the_plate,demo_0,90,agentview,flat_stove_1,is_in_front_of,akita_black_bowl_1
pick_up_the_black_bowl_on_the_wooden_cabinet_and_place_it_on_the_plate,demo_0,90,agentview,akita_black_bowl_2,is_on_top_of,flat_stove_1
pick_up_the_black_bowl_on_the_wooden_cabinet_and_place_it_on_the_plate,demo_0,90,agentview,flat_stove_1,is_below_of,akita_black_bowl_2
pick_up_the_black_bowl_on_the_wooden_cabinet_and_place_it_on_the_plate,demo_0,90,agentview,akita_black_bowl_2,is_right_of,cookies_1
pick_up_the_black_bowl_on_the_wooden_cabinet_and_place_it_on_the_plate,demo_0,90,agentview,cookies_1,is_left_of,akita_black_bowl_2
pick_up_the_black_bowl_on_the_wooden_cabinet_and_place_it_on_the_plate,demo_0,90,agentview,akita_black_bowl_2,is_behind,glazed_rim_porcelain_ramekin_1
pick_up_the_black_bowl_on_the_wooden_cabinet_and_place_it_on_the_plate,demo_0,90,agentview,glazed_rim_porcelain_ramekin_1,is_in_front_of,akita_black_bowl_2
pick_up_the_black_bowl_on_the_wooden_cabinet_and_place_it_on_the_plate,demo_0,90,agentview,akita_black_bowl_2,is_right_of,plate_1
pick_up_the_black_bowl_on_the_wooden_cabinet_and_place_it_on_the_plate,demo_0,90,agentview,plate_1,is_left_of,akita_black_bowl_2
pick_up_the_black_bowl_on_the_wooden_cabinet_and_place_it_on_the_plate,demo_0,90,agentview,akita_black_bowl_2,is_behind,flat_stove_1
pick_up_the_black_bowl_on_the_wooden_cabinet_and_place_it_on_the_plate,demo_0,90,agentview,flat_stove_1,is_in_front_of,akita_black_bowl_2
pick_up_the_black_bowl_on_the_wooden_cabinet_and_place_it_on_the_plate,demo_0,90,agentview,cookies_1,is_on_top_of,flat_stove_1
pick_up_the_black_bowl_on_the_wooden_cabinet_and_place_it_on_the_plate,demo_0,90,agentview,flat_stove_1,is_below_of,cookies_1
pick_up_the_black_bowl_on_the_wooden_cabinet_and_place_it_on_the_plate,demo_0,90,agentview,cookies_1,is_left_of,glazed_rim_porcelain_ramekin_1
pick_up_the_black_bowl_on_the_wooden_cabinet_and_place_it_on_the_plate,demo_0,90,agentview,glazed_rim_porcelain_ramekin_1,is_right_of,cookies_1
pick_up_the_black_bowl_on_the_wooden_cabinet_and_place_it_on_the_plate,demo_0,90,agentview,cookies_1,is_in_front_of,plate_1
pick_up_the_black_bowl_on_the_wooden_cabinet_and_place_it_on_the_plate,demo_0,90,agentview,plate_1,is_behind,cookies_1
pick_up_the_black_bowl_on_the_wooden_cabinet_and_place_it_on_the_plate,demo_0,90,agentview,cookies_1,is_left_of,flat_stove_1
pick_up_the_black_bowl_on_the_wooden_cabinet_and_place_it_on_the_plate,demo_0,90,agentview,flat_stove_1,is_right_of,cookies_1
pick_up_the_black_bowl_on_the_wooden_cabinet_and_place_it_on_the_plate,demo_0,90,agentview,glazed_rim_porcelain_ramekin_1,is_on_top_of,flat_stove_1
pick_up_the_black_bowl_on_the_wooden_cabinet_and_place_it_on_the_plate,demo_0,90,agentview,flat_stove_1,is_below_of,glazed_rim_porcelain_ramekin_1
pick_up_the_black_bowl_on_the_wooden_cabinet_and_place_it_on_the_plate,demo_0,90,agentview,glazed_rim_porcelain_ramekin_1,is_right_of,plate_1
pick_up_the_black_bowl_on_the_wooden_cabinet_and_place_it_on_the_plate,demo_0,90,agentview,plate_1,is_left_of,glazed_rim_porcelain_ramekin_1
pick_up_the_black_bowl_on_the_wooden_cabinet_and_place_it_on_the_plate,demo_0,90,agentview,glazed_rim_porcelain_ramekin_1,is_behind,flat_stove_1
pick_up_the_black_bowl_on_the_wooden_cabinet_and_place_it_on_the_plate,demo_0,90,agentview,flat_stove_1,is_in_front_of,glazed_rim_porcelain_ramekin_1
pick_up_the_black_bowl_on_the_wooden_cabinet_and_place_it_on_the_plate,demo_0,90,agentview,plate_1,is_on_top_of,flat_stove_1
pick_up_the_black_bowl_on_the_wooden_cabinet_and_place_it_on_the_plate,demo_0,90,agentview,flat_stove_1,is_below_of,plate_1
pick_up_the_black_bowl_on_the_wooden_cabinet_and_place_it_on_the_plate,demo_0,95,agentview,akita_black_bowl_1,is_on_top_of,wooden_cabinet_1
pick_up_the_black_bowl_on_the_wooden_cabinet_and_place_it_on_the_plate,demo_0,95,agentview,wooden_cabinet_1,is_below_of,akita_black_bowl_1
pick_up_the_black_bowl_on_the_wooden_cabinet_and_place_it_on_the_plate,demo_0,95,agentview,akita_black_bowl_2,is_on_top_of,plate_1
pick_up_the_black_bowl_on_the_wooden_cabinet_and_place_it_on_the_plate,demo_0,95,agentview,plate_1,is_below_of,akita_black_bowl_2
pick_up_the_black_bowl_on_the_wooden_cabinet_and_place_it_on_the_plate,demo_0,95,agentview,cookies_1,is_on_top_of,flat_stove_1
pick_up_the_black_bowl_on_the_wooden_cabinet_and_place_it_on_the_plate,demo_0,95,agentview,flat_stove_1,is_below_of,cookies_1
pick_up_the_black_bowl_on_the_wooden_cabinet_and_place_it_on_the_plate,demo_0,95,agentview,glazed_rim_porcelain_ramekin_1,is_on_top_of,flat_stove_1
pick_up_the_black_bowl_on_the_wooden_cabinet_and_place_it_on_the_plate,demo_0,95,agentview,flat_stove_1,is_below_of,glazed_rim_porcelain_ramekin_1
pick_up_the_black_bowl_on_the_wooden_cabinet_and_place_it_on_the_plate,demo_0,95,agentview,plate_1,is_on_top_of,flat_stove_1
pick_up_the_black_bowl_on_the_wooden_cabinet_and_place_it_on_the_plate,demo_0,95,agentview,flat_stove_1,is_below_of,plate_1
pick_up_the_black_bowl_on_the_wooden_cabinet_and_place_it_on_the_plate,demo_0,95,agentview,akita_black_bowl_1,is_behind,akita_black_bowl_2
pick_up_the_black_bowl_on_the_wooden_cabinet_and_place_it_on_the_plate,demo_0,95,agentview,akita_black_bowl_2,is_in_front_of,akita_black_bowl_1
pick_up_the_black_bowl_on_the_wooden_cabinet_and_place_it_on_the_plate,demo_0,95,agentview,akita_black_bowl_1,is_behind,plate_1
pick_up_the_black_bowl_on_the_wooden_cabinet_and_place_it_on_the_plate,demo_0,95,agentview,plate_1,is_in_front_of,akita_black_bowl_1
pick_up_the_black_bowl_on_the_wooden_cabinet_and_place_it_on_the_plate,demo_0,95,agentview,akita_black_bowl_1,is_behind,cookies_1
pick_up_the_black_bowl_on_the_wooden_cabinet_and_place_it_on_the_plate,demo_0,95,agentview,cookies_1,is_in_front_of,akita_black_bowl_1
pick_up_the_black_bowl_on_the_wooden_cabinet_and_place_it_on_the_plate,demo_0,95,agentview,akita_black_bowl_1,is_behind,glazed_rim_porcelain_ramekin_1
pick_up_the_black_bowl_on_the_wooden_cabinet_and_place_it_on_the_plate,demo_0,95,agentview,glazed_rim_porcelain_ramekin_1,is_in_front_of,akita_black_bowl_1
pick_up_the_black_bowl_on_the_wooden_cabinet_and_place_it_on_the_plate,demo_0,95,agentview,akita_black_bowl_2,is_right_of,akita_black_bowl_1
pick_up_the_black_bowl_on_the_wooden_cabinet_and_place_it_on_the_plate,demo_0,95,agentview,akita_black_bowl_1,is_left_of,akita_black_bowl_2
pick_up_the_black_bowl_on_the_wooden_cabinet_and_place_it_on_the_plate,demo_0,95,agentview,akita_black_bowl_2,is_behind,cookies_1
pick_up_the_black_bowl_on_the_wooden_cabinet_and_place_it_on_the_plate,demo_0,95,agentview,cookies_1,is_in_front_of,akita_black_bowl_2
pick_up_the_black_bowl_on_the_wooden_cabinet_and_place_it_on_the_plate,demo_0,95,agentview,akita_black_bowl_2,is_behind,glazed_rim_porcelain_ramekin_1
pick_up_the_black_bowl_on_the_wooden_cabinet_and_place_it_on_the_plate,demo_0,95,agentview,glazed_rim_porcelain_ramekin_1,is_in_front_of,akita_black_bowl_2
pick_up_the_black_bowl_on_the_wooden_cabinet_and_place_it_on_the_plate,demo_0,95,agentview,plate_1,is_right_of,akita_black_bowl_1
pick_up_the_black_bowl_on_the_wooden_cabinet_and_place_it_on_the_plate,demo_0,95,agentview,akita_black_bowl_1,is_left_of,plate_1
pick_up_the_black_bowl_on_the_wooden_cabinet_and_place_it_on_the_plate,demo_0,95,agentview,plate_1,is_behind,cookies_1
pick_up_the_black_bowl_on_the_wooden_cabinet_and_place_it_on_the_plate,demo_0,95,agentview,cookies_1,is_in_front_of,plate_1
pick_up_the_black_bowl_on_the_wooden_cabinet_and_place_it_on_the_plate,demo_0,95,agentview,plate_1,is_behind,glazed_rim_porcelain_ramekin_1
pick_up_the_black_bowl_on_the_wooden_cabinet_and_place_it_on_the_plate,demo_0,95,agentview,glazed_rim_porcelain_ramekin_1,is_in_front_of,plate_1
pick_up_the_black_bowl_on_the_wooden_cabinet_and_place_it_on_the_plate,demo_0,95,agentview,cookies_1,is_right_of,akita_black_bowl_1
pick_up_the_black_bowl_on_the_wooden_cabinet_and_place_it_on_the_plate,demo_0,95,agentview,akita_black_bowl_1,is_left_of,cookies_1
pick_up_the_black_bowl_on_the_wooden_cabinet_and_place_it_on_the_plate,demo_0,95,agentview,cookies_1,is_left_of,akita_black_bowl_2
pick_up_the_black_bowl_on_the_wooden_cabinet_and_place_it_on_the_plate,demo_0,95,agentview,akita_black_bowl_2,is_right_of,cookies_1
pick_up_the_black_bowl_on_the_wooden_cabinet_and_place_it_on_the_plate,demo_0,95,agentview,cookies_1,is_left_of,plate_1
pick_up_the_black_bowl_on_the_wooden_cabinet_and_place_it_on_the_plate,demo_0,95,agentview,plate_1,is_right_of,cookies_1
pick_up_the_black_bowl_on_the_wooden_cabinet_and_place_it_on_the_plate,demo_0,95,agentview,cookies_1,is_left_of,glazed_rim_porcelain_ramekin_1
pick_up_the_black_bowl_on_the_wooden_cabinet_and_place_it_on_the_plate,demo_0,95,agentview,glazed_rim_porcelain_ramekin_1,is_right_of,cookies_1
pick_up_the_black_bowl_on_the_wooden_cabinet_and_place_it_on_the_plate,demo_0,95,agentview,glazed_rim_porcelain_ramekin_1,is_right_of,akita_black_bowl_1
pick_up_the_black_bowl_on_the_wooden_cabinet_and_place_it_on_the_plate,demo_0,95,agentview,akita_black_bowl_1,is_left_of,glazed_rim_porcelain_ramekin_1
pick_up_the_black_bowl_on_the_wooden_cabinet_and_place_it_on_the_plate,demo_0,95,agentview,glazed_rim_porcelain_ramekin_1,is_left_of,akita_black_bowl_2
pick_up_the_black_bowl_on_the_wooden_cabinet_and_place_it_on_the_plate,demo_0,95,agentview,akita_black_bowl_2,is_right_of,glazed_rim_porcelain_ramekin_1
pick_up_the_black_bowl_on_the_wooden_cabinet_and_place_it_on_the_plate,demo_0,95,agentview,glazed_rim_porcelain_ramekin_1,is_left_of,plate_1
pick_up_the_black_bowl_on_the_wooden_cabinet_and_place_it_on_the_plate,demo_0,95,agentview,plate_1,is_right_of,glazed_rim_porcelain_ramekin_1
pick_up_the_black_bowl_on_the_wooden_cabinet_and_place_it_on_the_plate,demo_0,95,agentview,wooden_cabinet_1,is_behind,akita_black_bowl_2
pick_up_the_black_bowl_on_the_wooden_cabinet_and_place_it_on_the_plate,demo_0,95,agentview,akita_black_bowl_2,is_in_front_of,wooden_cabinet_1
pick_up_the_black_bowl_on_the_wooden_cabinet_and_place_it_on_the_plate,demo_0,95,agentview,wooden_cabinet_1,is_behind,plate_1
pick_up_the_black_bowl_on_the_wooden_cabinet_and_place_it_on_the_plate,demo_0,95,agentview,plate_1,is_in_front_of,wooden_cabinet_1
pick_up_the_black_bowl_on_the_wooden_cabinet_and_place_it_on_the_plate,demo_0,95,agentview,wooden_cabinet_1,is_behind,cookies_1
pick_up_the_black_bowl_on_the_wooden_cabinet_and_place_it_on_the_plate,demo_0,95,agentview,cookies_1,is_in_front_of,wooden_cabinet_1
pick_up_the_black_bowl_on_the_wooden_cabinet_and_place_it_on_the_plate,demo_0,95,agentview,wooden_cabinet_1,is_behind,glazed_rim_porcelain_ramekin_1
pick_up_the_black_bowl_on_the_wooden_cabinet_and_place_it_on_the_plate,demo_0,95,agentview,glazed_rim_porcelain_ramekin_1,is_in_front_of,wooden_cabinet_1
pick_up_the_black_bowl_on_the_wooden_cabinet_and_place_it_on_the_plate,demo_0,95,agentview,wooden_cabinet_1,is_left_of,flat_stove_1
pick_up_the_black_bowl_on_the_wooden_cabinet_and_place_it_on_the_plate,demo_0,95,agentview,flat_stove_1,is_right_of,wooden_cabinet_1
pick_up_the_black_bowl_on_the_wooden_cabinet_and_place_it_on_the_plate,demo_0,100,agentview,akita_black_bowl_1,is_on_top_of,wooden_cabinet_1
pick_up_the_black_bowl_on_the_wooden_cabinet_and_place_it_on_the_plate,demo_0,100,agentview,wooden_cabinet_1,is_below_of,akita_black_bowl_1
pick_up_the_black_bowl_on_the_wooden_cabinet_and_place_it_on_the_plate,demo_0,100,agentview,akita_black_bowl_2,is_on_top_of,plate_1
pick_up_the_black_bowl_on_the_wooden_cabinet_and_place_it_on_the_plate,demo_0,100,agentview,plate_1,is_below_of,akita_black_bowl_2
pick_up_the_black_bowl_on_the_wooden_cabinet_and_place_it_on_the_plate,demo_0,100,agentview,cookies_1,is_on_top_of,wooden_cabinet_1
pick_up_the_black_bowl_on_the_wooden_cabinet_and_place_it_on_the_plate,demo_0,100,agentview,wooden_cabinet_1,is_below_of,cookies_1
pick_up_the_black_bowl_on_the_wooden_cabinet_and_place_it_on_the_plate,demo_0,100,agentview,glazed_rim_porcelain_ramekin_1,is_on_top_of,wooden_cabinet_1
pick_up_the_black_bowl_on_the_wooden_cabinet_and_place_it_on_the_plate,demo_0,100,agentview,wooden_cabinet_1,is_below_of,glazed_rim_porcelain_ramekin_1
pick_up_the_black_bowl_on_the_wooden_cabinet_and_place_it_on_the_plate,demo_0,100,agentview,plate_1,is_on_top_of,flat_stove_1
pick_up_the_black_bowl_on_the_wooden_cabinet_and_place_it_on_the_plate,demo_0,100,agentview,flat_stove_1,is_below_of,plate_1
pick_up_the_black_bowl_on_the_wooden_cabinet_and_place_it_on_the_plate,demo_0,100,agentview,akita_black_bowl_1,is_behind,akita_black_bowl_2
pick_up_the_black_bowl_on_the_wooden_cabinet_and_place_it_on_the_plate,demo_0,100,agentview,akita_black_bowl_2,is_in_front_of,akita_black_bowl_1
pick_up_the_black_bowl_on_the_wooden_cabinet_and_place_it_on_the_plate,demo_0,100,agentview,akita_black_bowl_1,is_behind,cookies_1
pick_up_the_black_bowl_on_the_wooden_cabinet_and_place_it_on_the_plate,demo_0,100,agentview,cookies_1,is_in_front_of,akita_black_bowl_1
pick_up_the_black_bowl_on_the_wooden_cabinet_and_place_it_on_the_plate,demo_0,100,agentview,akita_black_bowl_1,is_behind,glazed_rim_porcelain_ramekin_1
pick_up_the_black_bowl_on_the_wooden_cabinet_and_place_it_on_the_plate,demo_0,100,agentview,glazed_rim_porcelain_ramekin_1,is_in_front_of,akita_black_bowl_1
pick_up_the_black_bowl_on_the_wooden_cabinet_and_place_it_on_the_plate,demo_0,100,agentview,akita_black_bowl_1,is_behind,plate_1
pick_up_the_black_bowl_on_the_wooden_cabinet_and_place_it_on_the_plate,demo_0,100,agentview,plate_1,is_in_front_of,akita_black_bowl_1
pick_up_the_black_bowl_on_the_wooden_cabinet_and_place_it_on_the_plate,demo_0,100,agentview,akita_black_bowl_2,is_right_of,cookies_1
pick_up_the_black_bowl_on_the_wooden_cabinet_and_place_it_on_the_plate,demo_0,100,agentview,cookies_1,is_left_of,akita_black_bowl_2
pick_up_the_black_bowl_on_the_wooden_cabinet_and_place_it_on_the_plate,demo_0,100,agentview,akita_black_bowl_2,is_right_of,glazed_rim_porcelain_ramekin_1
pick_up_the_black_bowl_on_the_wooden_cabinet_and_place_it_on_the_plate,demo_0,100,agentview,glazed_rim_porcelain_ramekin_1,is_left_of,akita_black_bowl_2
pick_up_the_black_bowl_on_the_wooden_cabinet_and_place_it_on_the_plate,demo_0,100,agentview,akita_black_bowl_2,is_behind,wooden_cabinet_1
pick_up_the_black_bowl_on_the_wooden_cabinet_and_place_it_on_the_plate,demo_0,100,agentview,wooden_cabinet_1,is_in_front_of,akita_black_bowl_2
pick_up_the_black_bowl_on_the_wooden_cabinet_and_place_it_on_the_plate,demo_0,100,agentview,cookies_1,is_right_of,glazed_rim_porcelain_ramekin_1
pick_up_the_black_bowl_on_the_wooden_cabinet_and_place_it_on_the_plate,demo_0,100,agentview,glazed_rim_porcelain_ramekin_1,is_left_of,cookies_1
pick_up_the_black_bowl_on_the_wooden_cabinet_and_place_it_on_the_plate,demo_0,100,agentview,cookies_1,is_behind,plate_1
pick_up_the_black_bowl_on_the_wooden_cabinet_and_place_it_on_the_plate,demo_0,100,agentview,plate_1,is_in_front_of,cookies_1
pick_up_the_black_bowl_on_the_wooden_cabinet_and_place_it_on_the_plate,demo_0,100,agentview,glazed_rim_porcelain_ramekin_1,is_behind,plate_1
pick_up_the_black_bowl_on_the_wooden_cabinet_and_place_it_on_the_plate,demo_0,100,agentview,plate_1,is_in_front_of,glazed_rim_porcelain_ramekin_1
pick_up_the_black_bowl_on_the_wooden_cabinet_and_place_it_on_the_plate,demo_0,105,agentview,akita_black_bowl_1,is_on_top_of,wooden_cabinet_1
pick_up_the_black_bowl_on_the_wooden_cabinet_and_place_it_on_the_plate,demo_0,105,agentview,wooden_cabinet_1,is_below_of,akita_black_bowl_1
pick_up_the_black_bowl_on_the_wooden_cabinet_and_place_it_on_the_plate,demo_0,105,agentview,akita_black_bowl_1,is_behind,akita_black_bowl_2
pick_up_the_black_bowl_on_the_wooden_cabinet_and_place_it_on_the_plate,demo_0,105,agentview,akita_black_bowl_2,is_in_front_of,akita_black_bowl_1
pick_up_the_black_bowl_on_the_wooden_cabinet_and_place_it_on_the_plate,demo_0,105,agentview,akita_black_bowl_1,is_behind,cookies_1
pick_up_the_black_bowl_on_the_wooden_cabinet_and_place_it_on_the_plate,demo_0,105,agentview,cookies_1,is_in_front_of,akita_black_bowl_1
pick_up_the_black_bowl_on_the_wooden_cabinet_and_place_it_on_the_plate,demo_0,105,agentview,akita_black_bowl_1,is_behind,glazed_rim_porcelain_ramekin_1
pick_up_the_black_bowl_on_the_wooden_cabinet_and_place_it_on_the_plate,demo_0,105,agentview,glazed_rim_porcelain_ramekin_1,is_in_front_of,akita_black_bowl_1
pick_up_the_black_bowl_on_the_wooden_cabinet_and_place_it_on_the_plate,demo_0,105,agentview,akita_black_bowl_1,is_behind,plate_1
pick_up_the_black_bowl_on_the_wooden_cabinet_and_place_it_on_the_plate,demo_0,105,agentview,plate_1,is_in_front_of,akita_black_bowl_1
pick_up_the_black_bowl_on_the_wooden_cabinet_and_place_it_on_the_plate,demo_0,105,agentview,akita_black_bowl_1,is_behind,flat_stove_1
pick_up_the_black_bowl_on_the_wooden_cabinet_and_place_it_on_the_plate,demo_0,105,agentview,flat_stove_1,is_in_front_of,akita_black_bowl_1
pick_up_the_black_bowl_on_the_wooden_cabinet_and_place_it_on_the_plate,demo_0,105,agentview,akita_black_bowl_2,is_on_top_of,plate_1
pick_up_the_black_bowl_on_the_wooden_cabinet_and_place_it_on_the_plate,demo_0,105,agentview,plate_1,is_below_of,akita_black_bowl_2
pick_up_the_black_bowl_on_the_wooden_cabinet_and_place_it_on_the_plate,demo_0,105,agentview,akita_black_bowl_2,is_right_of,cookies_1
pick_up_the_black_bowl_on_the_wooden_cabinet_and_place_it_on_the_plate,demo_0,105,agentview,cookies_1,is_left_of,akita_black_bowl_2
pick_up_the_black_bowl_on_the_wooden_cabinet_and_place_it_on_the_plate,demo_0,105,agentview,akita_black_bowl_2,is_behind,glazed_rim_porcelain_ramekin_1
pick_up_the_black_bowl_on_the_wooden_cabinet_and_place_it_on_the_plate,demo_0,105,agentview,glazed_rim_porcelain_ramekin_1,is_in_front_of,akita_black_bowl_2
pick_up_the_black_bowl_on_the_wooden_cabinet_and_place_it_on_the_plate,demo_0,105,agentview,akita_black_bowl_2,is_right_of,plate_1
pick_up_the_black_bowl_on_the_wooden_cabinet_and_place_it_on_the_plate,demo_0,105,agentview,plate_1,is_left_of,akita_black_bowl_2
pick_up_the_black_bowl_on_the_wooden_cabinet_and_place_it_on_the_plate,demo_0,105,agentview,akita_black_bowl_2,is_behind,flat_stove_1
pick_up_the_black_bowl_on_the_wooden_cabinet_and_place_it_on_the_plate,demo_0,105,agentview,flat_stove_1,is_in_front_of,akita_black_bowl_2
pick_up_the_black_bowl_on_the_wooden_cabinet_and_place_it_on_the_plate,demo_0,105,agentview,cookies_1,is_on_top_of,plate_1
pick_up_the_black_bowl_on_the_wooden_cabinet_and_place_it_on_the_plate,demo_0,105,agentview,plate_1,is_below_of,cookies_1
pick_up_the_black_bowl_on_the_wooden_cabinet_and_place_it_on_the_plate,demo_0,105,agentview,cookies_1,is_left_of,glazed_rim_porcelain_ramekin_1
pick_up_the_black_bowl_on_the_wooden_cabinet_and_place_it_on_the_plate,demo_0,105,agentview,glazed_rim_porcelain_ramekin_1,is_right_of,cookies_1
pick_up_the_black_bowl_on_the_wooden_cabinet_and_place_it_on_the_plate,demo_0,105,agentview,cookies_1,is_behind,flat_stove_1
pick_up_the_black_bowl_on_the_wooden_cabinet_and_place_it_on_the_plate,demo_0,105,agentview,flat_stove_1,is_in_front_of,cookies_1
pick_up_the_black_bowl_on_the_wooden_cabinet_and_place_it_on_the_plate,demo_0,105,agentview,glazed_rim_porcelain_ramekin_1,is_on_top_of,plate_1
pick_up_the_black_bowl_on_the_wooden_cabinet_and_place_it_on_the_plate,demo_0,105,agentview,plate_1,is_below_of,glazed_rim_porcelain_ramekin_1
pick_up_the_black_bowl_on_the_wooden_cabinet_and_place_it_on_the_plate,demo_0,105,agentview,glazed_rim_porcelain_ramekin_1,is_behind,flat_stove_1
pick_up_the_black_bowl_on_the_wooden_cabinet_and_place_it_on_the_plate,demo_0,105,agentview,flat_stove_1,is_in_front_of,glazed_rim_porcelain_ramekin_1
pick_up_the_black_bowl_on_the_wooden_cabinet_and_place_it_on_the_plate,demo_0,105,agentview,plate_1,is_on_top_of,flat_stove_1
pick_up_the_black_bowl_on_the_wooden_cabinet_and_place_it_on_the_plate,demo_0,105,agentview,flat_stove_1,is_below_of,plate_1
pick_up_the_black_bowl_on_the_wooden_cabinet_and_place_it_on_the_plate,demo_0,105,agentview,wooden_cabinet_1,is_behind,akita_black_bowl_2
pick_up_the_black_bowl_on_the_wooden_cabinet_and_place_it_on_the_plate,demo_0,105,agentview,akita_black_bowl_2,is_in_front_of,wooden_cabinet_1
pick_up_the_black_bowl_on_the_wooden_cabinet_and_place_it_on_the_plate,demo_0,105,agentview,wooden_cabinet_1,is_behind,cookies_1
pick_up_the_black_bowl_on_the_wooden_cabinet_and_place_it_on_the_plate,demo_0,105,agentview,cookies_1,is_in_front_of,wooden_cabinet_1
pick_up_the_black_bowl_on_the_wooden_cabinet_and_place_it_on_the_plate,demo_0,105,agentview,wooden_cabinet_1,is_behind,glazed_rim_porcelain_ramekin_1
pick_up_the_black_bowl_on_the_wooden_cabinet_and_place_it_on_the_plate,demo_0,105,agentview,glazed_rim_porcelain_ramekin_1,is_in_front_of,wooden_cabinet_1
pick_up_the_black_bowl_on_the_wooden_cabinet_and_place_it_on_the_plate,demo_0,105,agentview,wooden_cabinet_1,is_behind,plate_1
pick_up_the_black_bowl_on_the_wooden_cabinet_and_place_it_on_the_plate,demo_0,105,agentview,plate_1,is_in_front_of,wooden_cabinet_1
pick_up_the_black_bowl_on_the_wooden_cabinet_and_place_it_on_the_plate,demo_0,105,agentview,wooden_cabinet_1,is_left_of,flat_stove_1
pick_up_the_black_bowl_on_the_wooden_cabinet_and_place_it_on_the_plate,demo_0,105,agentview,flat_stove_1,is_right_of,wooden_cabinet_1
pick_up_the_black_bowl_on_the_wooden_cabinet_and_place_it_on_the_plate,demo_0,110,agentview,akita_black_bowl_1,is_on_top_of,wooden_cabinet_1
pick_up_the_black_bowl_on_the_wooden_cabinet_and_place_it_on_the_plate,demo_0,110,agentview,wooden_cabinet_1,is_below_of,akita_black_bowl_1
pick_up_the_black_bowl_on_the_wooden_cabinet_and_place_it_on_the_plate,demo_0,110,agentview,akita_black_bowl_2,is_on_top_of,flat_stove_1
pick_up_the_black_bowl_on_the_wooden_cabinet_and_place_it_on_the_plate,demo_0,110,agentview,flat_stove_1,is_below_of,akita_black_bowl_2
pick_up_the_black_bowl_on_the_wooden_cabinet_and_place_it_on_the_plate,demo_0,110,agentview,cookies_1,is_on_top_of,plate_1
pick_up_the_black_bowl_on_the_wooden_cabinet_and_place_it_on_the_plate,demo_0,110,agentview,plate_1,is_below_of,cookies_1
pick_up_the_black_bowl_on_the_wooden_cabinet_and_place_it_on_the_plate,demo_0,110,agentview,glazed_rim_porcelain_ramekin_1,is_on_top_of,flat_stove_1
pick_up_the_black_bowl_on_the_wooden_cabinet_and_place_it_on_the_plate,demo_0,110,agentview,flat_stove_1,is_below_of,glazed_rim_porcelain_ramekin_1
pick_up_the_black_bowl_on_the_wooden_cabinet_and_place_it_on_the_plate,demo_0,110,agentview,plate_1,is_on_top_of,flat_stove_1
pick_up_the_black_bowl_on_the_wooden_cabinet_and_place_it_on_the_plate,demo_0,110,agentview,flat_stove_1,is_below_of,plate_1
pick_up_the_black_bowl_on_the_wooden_cabinet_and_place_it_on_the_plate,demo_0,110,agentview,akita_black_bowl_1,is_behind,akita_black_bowl_2
pick_up_the_black_bowl_on_the_wooden_cabinet_and_place_it_on_the_plate,demo_0,110,agentview,akita_black_bowl_2,is_in_front_of,akita_black_bowl_1
pick_up_the_black_bowl_on_the_wooden_cabinet_and_place_it_on_the_plate,demo_0,110,agentview,akita_black_bowl_1,is_behind,cookies_1
pick_up_the_black_bowl_on_the_wooden_cabinet_and_place_it_on_the_plate,demo_0,110,agentview,cookies_1,is_in_front_of,akita_black_bowl_1
pick_up_the_black_bowl_on_the_wooden_cabinet_and_place_it_on_the_plate,demo_0,110,agentview,akita_black_bowl_1,is_behind,glazed_rim_porcelain_ramekin_1
pick_up_the_black_bowl_on_the_wooden_cabinet_and_place_it_on_the_plate,demo_0,110,agentview,glazed_rim_porcelain_ramekin_1,is_in_front_of,akita_black_bowl_1
pick_up_the_black_bowl_on_the_wooden_cabinet_and_place_it_on_the_plate,demo_0,110,agentview,akita_black_bowl_1,is_behind,plate_1
pick_up_the_black_bowl_on_the_wooden_cabinet_and_place_it_on_the_plate,demo_0,110,agentview,plate_1,is_in_front_of,akita_black_bowl_1
pick_up_the_black_bowl_on_the_wooden_cabinet_and_place_it_on_the_plate,demo_0,110,agentview,akita_black_bowl_2,is_right_of,akita_black_bowl_1
pick_up_the_black_bowl_on_the_wooden_cabinet_and_place_it_on_the_plate,demo_0,110,agentview,akita_black_bowl_1,is_left_of,akita_black_bowl_2
pick_up_the_black_bowl_on_the_wooden_cabinet_and_place_it_on_the_plate,demo_0,110,agentview,akita_black_bowl_2,is_behind,cookies_1
pick_up_the_black_bowl_on_the_wooden_cabinet_and_place_it_on_the_plate,demo_0,110,agentview,cookies_1,is_in_front_of,akita_black_bowl_2
pick_up_the_black_bowl_on_the_wooden_cabinet_and_place_it_on_the_plate,demo_0,110,agentview,akita_black_bowl_2,is_right_of,glazed_rim_porcelain_ramekin_1
pick_up_the_black_bowl_on_the_wooden_cabinet_and_place_it_on_the_plate,demo_0,110,agentview,glazed_rim_porcelain_ramekin_1,is_left_of,akita_black_bowl_2
pick_up_the_black_bowl_on_the_wooden_cabinet_and_place_it_on_the_plate,demo_0,110,agentview,akita_black_bowl_2,is_behind,plate_1
pick_up_the_black_bowl_on_the_wooden_cabinet_and_place_it_on_the_plate,demo_0,110,agentview,plate_1,is_in_front_of,akita_black_bowl_2
pick_up_the_black_bowl_on_the_wooden_cabinet_and_place_it_on_the_plate,demo_0,110,agentview,cookies_1,is_right_of,glazed_rim_porcelain_ramekin_1
pick_up_the_black_bowl_on_the_wooden_cabinet_and_place_it_on_the_plate,demo_0,110,agentview,glazed_rim_porcelain_ramekin_1,is_left_of,cookies_1
pick_up_the_black_bowl_on_the_wooden_cabinet_and_place_it_on_the_plate,demo_0,110,agentview,cookies_1,is_in_front_of,plate_1
pick_up_the_black_bowl_on_the_wooden_cabinet_and_place_it_on_the_plate,demo_0,110,agentview,plate_1,is_behind,cookies_1
pick_up_the_black_bowl_on_the_wooden_cabinet_and_place_it_on_the_plate,demo_0,110,agentview,glazed_rim_porcelain_ramekin_1,is_behind,plate_1
pick_up_the_black_bowl_on_the_wooden_cabinet_and_place_it_on_the_plate,demo_0,110,agentview,plate_1,is_in_front_of,glazed_rim_porcelain_ramekin_1
pick_up_the_black_bowl_on_the_wooden_cabinet_and_place_it_on_the_plate,demo_0,115,agentview,akita_black_bowl_1,is_on_top_of,wooden_cabinet_1
pick_up_the_black_bowl_on_the_wooden_cabinet_and_place_it_on_the_plate,demo_0,115,agentview,wooden_cabinet_1,is_below_of,akita_black_bowl_1
pick_up_the_black_bowl_on_the_wooden_cabinet_and_place_it_on_the_plate,demo_0,115,agentview,akita_black_bowl_1,is_behind,akita_black_bowl_2
pick_up_the_black_bowl_on_the_wooden_cabinet_and_place_it_on_the_plate,demo_0,115,agentview,akita_black_bowl_2,is_in_front_of,akita_black_bowl_1
pick_up_the_black_bowl_on_the_wooden_cabinet_and_place_it_on_the_plate,demo_0,115,agentview,akita_black_bowl_1,is_behind,cookies_1
pick_up_the_black_bowl_on_the_wooden_cabinet_and_place_it_on_the_plate,demo_0,115,agentview,cookies_1,is_in_front_of,akita_black_bowl_1
pick_up_the_black_bowl_on_the_wooden_cabinet_and_place_it_on_the_plate,demo_0,115,agentview,akita_black_bowl_1,is_behind,glazed_rim_porcelain_ramekin_1
pick_up_the_black_bowl_on_the_wooden_cabinet_and_place_it_on_the_plate,demo_0,115,agentview,glazed_rim_porcelain_ramekin_1,is_in_front_of,akita_black_bowl_1
pick_up_the_black_bowl_on_the_wooden_cabinet_and_place_it_on_the_plate,demo_0,115,agentview,akita_black_bowl_1,is_behind,plate_1
pick_up_the_black_bowl_on_the_wooden_cabinet_and_place_it_on_the_plate,demo_0,115,agentview,plate_1,is_in_front_of,akita_black_bowl_1
pick_up_the_black_bowl_on_the_wooden_cabinet_and_place_it_on_the_plate,demo_0,115,agentview,akita_black_bowl_1,is_behind,flat_stove_1
pick_up_the_black_bowl_on_the_wooden_cabinet_and_place_it_on_the_plate,demo_0,115,agentview,flat_stove_1,is_in_front_of,akita_black_bowl_1
pick_up_the_black_bowl_on_the_wooden_cabinet_and_place_it_on_the_plate,demo_0,115,agentview,akita_black_bowl_2,is_on_top_of,plate_1
pick_up_the_black_bowl_on_the_wooden_cabinet_and_place_it_on_the_plate,demo_0,115,agentview,plate_1,is_below_of,akita_black_bowl_2
pick_up_the_black_bowl_on_the_wooden_cabinet_and_place_it_on_the_plate,demo_0,115,agentview,akita_black_bowl_2,is_right_of,cookies_1
pick_up_the_black_bowl_on_the_wooden_cabinet_and_place_it_on_the_plate,demo_0,115,agentview,cookies_1,is_left_of,akita_black_bowl_2
pick_up_the_black_bowl_on_the_wooden_cabinet_and_place_it_on_the_plate,demo_0,115,agentview,akita_black_bowl_2,is_right_of,glazed_rim_porcelain_ramekin_1
pick_up_the_black_bowl_on_the_wooden_cabinet_and_place_it_on_the_plate,demo_0,115,agentview,glazed_rim_porcelain_ramekin_1,is_left_of,akita_black_bowl_2
pick_up_the_black_bowl_on_the_wooden_cabinet_and_place_it_on_the_plate,demo_0,115,agentview,akita_black_bowl_2,is_right_of,plate_1
pick_up_the_black_bowl_on_the_wooden_cabinet_and_place_it_on_the_plate,demo_0,115,agentview,plate_1,is_left_of,akita_black_bowl_2
pick_up_the_black_bowl_on_the_wooden_cabinet_and_place_it_on_the_plate,demo_0,115,agentview,akita_black_bowl_2,is_behind,flat_stove_1
pick_up_the_black_bowl_on_the_wooden_cabinet_and_place_it_on_the_plate,demo_0,115,agentview,flat_stove_1,is_in_front_of,akita_black_bowl_2
pick_up_the_black_bowl_on_the_wooden_cabinet_and_place_it_on_the_plate,demo_0,115,agentview,cookies_1,is_on_top_of,plate_1
pick_up_the_black_bowl_on_the_wooden_cabinet_and_place_it_on_the_plate,demo_0,115,agentview,plate_1,is_below_of,cookies_1
pick_up_the_black_bowl_on_the_wooden_cabinet_and_place_it_on_the_plate,demo_0,115,agentview,cookies_1,is_left_of,glazed_rim_porcelain_ramekin_1
pick_up_the_black_bowl_on_the_wooden_cabinet_and_place_it_on_the_plate,demo_0,115,agentview,glazed_rim_porcelain_ramekin_1,is_right_of,cookies_1
pick_up_the_black_bowl_on_the_wooden_cabinet_and_place_it_on_the_plate,demo_0,115,agentview,cookies_1,is_in_front_of,flat_stove_1
pick_up_the_black_bowl_on_the_wooden_cabinet_and_place_it_on_the_plate,demo_0,115,agentview,flat_stove_1,is_behind,cookies_1
pick_up_the_black_bowl_on_the_wooden_cabinet_and_place_it_on_the_plate,demo_0,115,agentview,glazed_rim_porcelain_ramekin_1,is_on_top_of,plate_1
pick_up_the_black_bowl_on_the_wooden_cabinet_and_place_it_on_the_plate,demo_0,115,agentview,plate_1,is_below_of,glazed_rim_porcelain_ramekin_1
pick_up_the_black_bowl_on_the_wooden_cabinet_and_place_it_on_the_plate,demo_0,115,agentview,glazed_rim_porcelain_ramekin_1,is_in_front_of,flat_stove_1
pick_up_the_black_bowl_on_the_wooden_cabinet_and_place_it_on_the_plate,demo_0,115,agentview,flat_stove_1,is_behind,glazed_rim_porcelain_ramekin_1
pick_up_the_black_bowl_on_the_wooden_cabinet_and_place_it_on_the_plate,demo_0,115,agentview,plate_1,is_on_top_of,flat_stove_1
pick_up_the_black_bowl_on_the_wooden_cabinet_and_place_it_on_the_plate,demo_0,115,agentview,flat_stove_1,is_below_of,plate_1
pick_up_the_black_bowl_on_the_wooden_cabinet_and_place_it_on_the_plate,demo_0,120,agentview,akita_black_bowl_1,is_on_top_of,wooden_cabinet_1
pick_up_the_black_bowl_on_the_wooden_cabinet_and_place_it_on_the_plate,demo_0,120,agentview,wooden_cabinet_1,is_below_of,akita_black_bowl_1
pick_up_the_black_bowl_on_the_wooden_cabinet_and_place_it_on_the_plate,demo_0,120,agentview,akita_black_bowl_1,is_behind,akita_black_bowl_2
pick_up_the_black_bowl_on_the_wooden_cabinet_and_place_it_on_the_plate,demo_0,120,agentview,akita_black_bowl_2,is_in_front_of,akita_black_bowl_1
pick_up_the_black_bowl_on_the_wooden_cabinet_and_place_it_on_the_plate,demo_0,120,agentview,akita_black_bowl_1,is_behind,cookies_1
pick_up_the_black_bowl_on_the_wooden_cabinet_and_place_it_on_the_plate,demo_0,120,agentview,cookies_1,is_in_front_of,akita_black_bowl_1
pick_up_the_black_bowl_on_the_wooden_cabinet_and_place_it_on_the_plate,demo_0,120,agentview,akita_black_bowl_1,is_behind,glazed_rim_porcelain_ramekin_1
pick_up_the_black_bowl_on_the_wooden_cabinet_and_place_it_on_the_plate,demo_0,120,agentview,glazed_rim_porcelain_ramekin_1,is_in_front_of,akita_black_bowl_1
pick_up_the_black_bowl_on_the_wooden_cabinet_and_place_it_on_the_plate,demo_0,120,agentview,akita_black_bowl_1,is_behind,plate_1
pick_up_the_black_bowl_on_the_wooden_cabinet_and_place_it_on_the_plate,demo_0,120,agentview,plate_1,is_in_front_of,akita_black_bowl_1
pick_up_the_black_bowl_on_the_wooden_cabinet_and_place_it_on_the_plate,demo_0,120,agentview,akita_black_bowl_1,is_behind,flat_stove_1
pick_up_the_black_bowl_on_the_wooden_cabinet_and_place_it_on_the_plate,demo_0,120,agentview,flat_stove_1,is_in_front_of,akita_black_bowl_1
pick_up_the_black_bowl_on_the_wooden_cabinet_and_place_it_on_the_plate,demo_0,120,agentview,akita_black_bowl_2,is_on_top_of,wooden_cabinet_1
pick_up_the_black_bowl_on_the_wooden_cabinet_and_place_it_on_the_plate,demo_0,120,agentview,wooden_cabinet_1,is_below_of,akita_black_bowl_2
pick_up_the_black_bowl_on_the_wooden_cabinet_and_place_it_on_the_plate,demo_0,120,agentview,akita_black_bowl_2,is_left_of,cookies_1
pick_up_the_black_bowl_on_the_wooden_cabinet_and_place_it_on_the_plate,demo_0,120,agentview,cookies_1,is_right_of,akita_black_bowl_2
pick_up_the_black_bowl_on_the_wooden_cabinet_and_place_it_on_the_plate,demo_0,120,agentview,akita_black_bowl_2,is_left_of,glazed_rim_porcelain_ramekin_1
pick_up_the_black_bowl_on_the_wooden_cabinet_and_place_it_on_the_plate,demo_0,120,agentview,glazed_rim_porcelain_ramekin_1,is_right_of,akita_black_bowl_2
pick_up_the_black_bowl_on_the_wooden_cabinet_and_place_it_on_the_plate,demo_0,120,agentview,akita_black_bowl_2,is_left_of,plate_1
pick_up_the_black_bowl_on_the_wooden_cabinet_and_place_it_on_the_plate,demo_0,120,agentview,plate_1,is_right_of,akita_black_bowl_2
pick_up_the_black_bowl_on_the_wooden_cabinet_and_place_it_on_the_plate,demo_0,120,agentview,akita_black_bowl_2,is_in_front_of,flat_stove_1
pick_up_the_black_bowl_on_the_wooden_cabinet_and_place_it_on_the_plate,demo_0,120,agentview,flat_stove_1,is_behind,akita_black_bowl_2
pick_up_the_black_bowl_on_the_wooden_cabinet_and_place_it_on_the_plate,demo_0,120,agentview,cookies_1,is_left_of,glazed_rim_porcelain_ramekin_1
pick_up_the_black_bowl_on_the_wooden_cabinet_and_place_it_on_the_plate,demo_0,120,agentview,glazed_rim_porcelain_ramekin_1,is_right_of,cookies_1
pick_up_the_black_bowl_on_the_wooden_cabinet_and_place_it_on_the_plate,demo_0,120,agentview,cookies_1,is_left_of,plate_1
pick_up_the_black_bowl_on_the_wooden_cabinet_and_place_it_on_the_plate,demo_0,120,agentview,plate_1,is_right_of,cookies_1
pick_up_the_black_bowl_on_the_wooden_cabinet_and_place_it_on_the_plate,demo_0,120,agentview,cookies_1,is_in_front_of,flat_stove_1
pick_up_the_black_bowl_on_the_wooden_cabinet_and_place_it_on_the_plate,demo_0,120,agentview,flat_stove_1,is_behind,cookies_1
pick_up_the_black_bowl_on_the_wooden_cabinet_and_place_it_on_the_plate,demo_0,120,agentview,glazed_rim_porcelain_ramekin_1,is_left_of,plate_1
pick_up_the_black_bowl_on_the_wooden_cabinet_and_place_it_on_the_plate,demo_0,120,agentview,plate_1,is_right_of,glazed_rim_porcelain_ramekin_1
pick_up_the_black_bowl_on_the_wooden_cabinet_and_place_it_on_the_plate,demo_0,120,agentview,glazed_rim_porcelain_ramekin_1,is_in_front_of,flat_stove_1
pick_up_the_black_bowl_on_the_wooden_cabinet_and_place_it_on_the_plate,demo_0,120,agentview,flat_stove_1,is_behind,glazed_rim_porcelain_ramekin_1
pick_up_the_black_bowl_on_the_wooden_cabinet_and_place_it_on_the_plate,demo_0,120,agentview,plate_1,is_on_top_of,flat_stove_1
pick_up_the_black_bowl_on_the_wooden_cabinet_and_place_it_on_the_plate,demo_0,120,agentview,flat_stove_1,is_below_of,plate_1
pick_up_the_black_bowl_on_the_wooden_cabinet_and_place_it_on_the_plate,demo_0,125,agentview,akita_black_bowl_1,is_on_top_of,wooden_cabinet_1
pick_up_the_black_bowl_on_the_wooden_cabinet_and_place_it_on_the_plate,demo_0,125,agentview,wooden_cabinet_1,is_below_of,akita_black_bowl_1
pick_up_the_black_bowl_on_the_wooden_cabinet_and_place_it_on_the_plate,demo_0,125,agentview,akita_black_bowl_2,is_on_top_of,plate_1
pick_up_the_black_bowl_on_the_wooden_cabinet_and_place_it_on_the_plate,demo_0,125,agentview,plate_1,is_below_of,akita_black_bowl_2
pick_up_the_black_bowl_on_the_wooden_cabinet_and_place_it_on_the_plate,demo_0,125,agentview,cookies_1,is_on_top_of,wooden_cabinet_1
pick_up_the_black_bowl_on_the_wooden_cabinet_and_place_it_on_the_plate,demo_0,125,agentview,wooden_cabinet_1,is_below_of,cookies_1
pick_up_the_black_bowl_on_the_wooden_cabinet_and_place_it_on_the_plate,demo_0,125,agentview,glazed_rim_porcelain_ramekin_1,is_on_top_of,wooden_cabinet_1
pick_up_the_black_bowl_on_the_wooden_cabinet_and_place_it_on_the_plate,demo_0,125,agentview,wooden_cabinet_1,is_below_of,glazed_rim_porcelain_ramekin_1
pick_up_the_black_bowl_on_the_wooden_cabinet_and_place_it_on_the_plate,demo_0,125,agentview,plate_1,is_on_top_of,flat_stove_1
pick_up_the_black_bowl_on_the_wooden_cabinet_and_place_it_on_the_plate,demo_0,125,agentview,flat_stove_1,is_below_of,plate_1
pick_up_the_black_bowl_on_the_wooden_cabinet_and_place_it_on_the_plate,demo_0,125,agentview,akita_black_bowl_1,is_behind,akita_black_bowl_2
pick_up_the_black_bowl_on_the_wooden_cabinet_and_place_it_on_the_plate,demo_0,125,agentview,akita_black_bowl_2,is_in_front_of,akita_black_bowl_1
pick_up_the_black_bowl_on_the_wooden_cabinet_and_place_it_on_the_plate,demo_0,125,agentview,akita_black_bowl_1,is_behind,cookies_1
pick_up_the_black_bowl_on_the_wooden_cabinet_and_place_it_on_the_plate,demo_0,125,agentview,cookies_1,is_in_front_of,akita_black_bowl_1
pick_up_the_black_bowl_on_the_wooden_cabinet_and_place_it_on_the_plate,demo_0,125,agentview,akita_black_bowl_1,is_behind,glazed_rim_porcelain_ramekin_1
pick_up_the_black_bowl_on_the_wooden_cabinet_and_place_it_on_the_plate,demo_0,125,agentview,glazed_rim_porcelain_ramekin_1,is_in_front_of,akita_black_bowl_1
pick_up_the_black_bowl_on_the_wooden_cabinet_and_place_it_on_the_plate,demo_0,125,agentview,akita_black_bowl_1,is_behind,plate_1
pick_up_the_black_bowl_on_the_wooden_cabinet_and_place_it_on_the_plate,demo_0,125,agentview,plate_1,is_in_front_of,akita_black_bowl_1
pick_up_the_black_bowl_on_the_wooden_cabinet_and_place_it_on_the_plate,demo_0,125,agentview,akita_black_bowl_2,is_right_of,cookies_1
pick_up_the_black_bowl_on_the_wooden_cabinet_and_place_it_on_the_plate,demo_0,125,agentview,cookies_1,is_left_of,akita_black_bowl_2
pick_up_the_black_bowl_on_the_wooden_cabinet_and_place_it_on_the_plate,demo_0,125,agentview,akita_black_bowl_2,is_right_of,glazed_rim_porcelain_ramekin_1
pick_up_the_black_bowl_on_the_wooden_cabinet_and_place_it_on_the_plate,demo_0,125,agentview,glazed_rim_porcelain_ramekin_1,is_left_of,akita_black_bowl_2
pick_up_the_black_bowl_on_the_wooden_cabinet_and_place_it_on_the_plate,demo_0,125,agentview,akita_black_bowl_2,is_behind,plate_1
pick_up_the_black_bowl_on_the_wooden_cabinet_and_place_it_on_the_plate,demo_0,125,agentview,plate_1,is_in_front_of,akita_black_bowl_2
pick_up_the_black_bowl_on_the_wooden_cabinet_and_place_it_on_the_plate,demo_0,125,agentview,cookies_1,is_right_of,glazed_rim_porcelain_ramekin_1
pick_up_the_black_bowl_on_the_wooden_cabinet_and_place_it_on_the_plate,demo_0,125,agentview,glazed_rim_porcelain_ramekin_1,is_left_of,cookies_1
pick_up_the_black_bowl_on_the_wooden_cabinet_and_place_it_on_the_plate,demo_0,125,agentview,cookies_1,is_behind,plate_1
pick_up_the_black_bowl_on_the_wooden_cabinet_and_place_it_on_the_plate,demo_0,125,agentview,plate_1,is_in_front_of,cookies_1
pick_up_the_black_bowl_on_the_wooden_cabinet_and_place_it_on_the_plate,demo_0,125,agentview,glazed_rim_porcelain_ramekin_1,is_behind,plate_1
pick_up_the_black_bowl_on_the_wooden_cabinet_and_place_it_on_the_plate,demo_0,125,agentview,plate_1,is_in_front_of,glazed_rim_porcelain_ramekin_1
pick_up_the_black_bowl_on_the_wooden_cabinet_and_place_it_on_the_plate,demo_0,130,agentview,akita_black_bowl_1,is_on_top_of,wooden_cabinet_1
pick_up_the_black_bowl_on_the_wooden_cabinet_and_place_it_on_the_plate,demo_0,130,agentview,wooden_cabinet_1,is_below_of,akita_black_bowl_1
pick_up_the_black_bowl_on_the_wooden_cabinet_and_place_it_on_the_plate,demo_0,130,agentview,akita_black_bowl_2,is_on_top_of,plate_1
pick_up_the_black_bowl_on_the_wooden_cabinet_and_place_it_on_the_plate,demo_0,130,agentview,plate_1,is_below_of,akita_black_bowl_2
pick_up_the_black_bowl_on_the_wooden_cabinet_and_place_it_on_the_plate,demo_0,130,agentview,cookies_1,is_on_top_of,flat_stove_1
pick_up_the_black_bowl_on_the_wooden_cabinet_and_place_it_on_the_plate,demo_0,130,agentview,flat_stove_1,is_below_of,cookies_1
pick_up_the_black_bowl_on_the_wooden_cabinet_and_place_it_on_the_plate,demo_0,130,agentview,glazed_rim_porcelain_ramekin_1,is_on_top_of,flat_stove_1
pick_up_the_black_bowl_on_the_wooden_cabinet_and_place_it_on_the_plate,demo_0,130,agentview,flat_stove_1,is_below_of,glazed_rim_porcelain_ramekin_1
pick_up_the_black_bowl_on_the_wooden_cabinet_and_place_it_on_the_plate,demo_0,130,agentview,plate_1,is_on_top_of,flat_stove_1
pick_up_the_black_bowl_on_the_wooden_cabinet_and_place_it_on_the_plate,demo_0,130,agentview,flat_stove_1,is_below_of,plate_1
pick_up_the_black_bowl_on_the_wooden_cabinet_and_place_it_on_the_plate,demo_0,130,agentview,akita_black_bowl_1,is_behind,akita_black_bowl_2
pick_up_the_black_bowl_on_the_wooden_cabinet_and_place_it_on_the_plate,demo_0,130,agentview,akita_black_bowl_2,is_in_front_of,akita_black_bowl_1
pick_up_the_black_bowl_on_the_wooden_cabinet_and_place_it_on_the_plate,demo_0,130,agentview,akita_black_bowl_1,is_behind,plate_1
pick_up_the_black_bowl_on_the_wooden_cabinet_and_place_it_on_the_plate,demo_0,130,agentview,plate_1,is_in_front_of,akita_black_bowl_1
pick_up_the_black_bowl_on_the_wooden_cabinet_and_place_it_on_the_plate,demo_0,130,agentview,akita_black_bowl_1,is_behind,glazed_rim_porcelain_ramekin_1
pick_up_the_black_bowl_on_the_wooden_cabinet_and_place_it_on_the_plate,demo_0,130,agentview,glazed_rim_porcelain_ramekin_1,is_in_front_of,akita_black_bowl_1
pick_up_the_black_bowl_on_the_wooden_cabinet_and_place_it_on_the_plate,demo_0,130,agentview,akita_black_bowl_1,is_behind,cookies_1
pick_up_the_black_bowl_on_the_wooden_cabinet_and_place_it_on_the_plate,demo_0,130,agentview,cookies_1,is_in_front_of,akita_black_bowl_1
pick_up_the_black_bowl_on_the_wooden_cabinet_and_place_it_on_the_plate,demo_0,130,agentview,akita_black_bowl_2,is_right_of,glazed_rim_porcelain_ramekin_1
pick_up_the_black_bowl_on_the_wooden_cabinet_and_place_it_on_the_plate,demo_0,130,agentview,glazed_rim_porcelain_ramekin_1,is_left_of,akita_black_bowl_2
pick_up_the_black_bowl_on_the_wooden_cabinet_and_place_it_on_the_plate,demo_0,130,agentview,akita_black_bowl_2,is_behind,cookies_1
pick_up_the_black_bowl_on_the_wooden_cabinet_and_place_it_on_the_plate,demo_0,130,agentview,cookies_1,is_in_front_of,akita_black_bowl_2
pick_up_the_black_bowl_on_the_wooden_cabinet_and_place_it_on_the_plate,demo_0,130,agentview,plate_1,is_right_of,glazed_rim_porcelain_ramekin_1
pick_up_the_black_bowl_on_the_wooden_cabinet_and_place_it_on_the_plate,demo_0,130,agentview,glazed_rim_porcelain_ramekin_1,is_left_of,plate_1
pick_up_the_black_bowl_on_the_wooden_cabinet_and_place_it_on_the_plate,demo_0,130,agentview,plate_1,is_behind,cookies_1
pick_up_the_black_bowl_on_the_wooden_cabinet_and_place_it_on_the_plate,demo_0,130,agentview,cookies_1,is_in_front_of,plate_1
pick_up_the_black_bowl_on_the_wooden_cabinet_and_place_it_on_the_plate,demo_0,130,agentview,glazed_rim_porcelain_ramekin_1,is_behind,cookies_1
pick_up_the_black_bowl_on_the_wooden_cabinet_and_place_it_on_the_plate,demo_0,130,agentview,cookies_1,is_in_front_of,glazed_rim_porcelain_ramekin_1
pick_up_the_black_bowl_on_the_wooden_cabinet_and_place_it_on_the_plate,demo_0,130,agentview,wooden_cabinet_1,is_behind,akita_black_bowl_2
pick_up_the_black_bowl_on_the_wooden_cabinet_and_place_it_on_the_plate,demo_0,130,agentview,akita_black_bowl_2,is_in_front_of,wooden_cabinet_1
pick_up_the_black_bowl_on_the_wooden_cabinet_and_place_it_on_the_plate,demo_0,130,agentview,wooden_cabinet_1,is_behind,plate_1
pick_up_the_black_bowl_on_the_wooden_cabinet_and_place_it_on_the_plate,demo_0,130,agentview,plate_1,is_in_front_of,wooden_cabinet_1
pick_up_the_black_bowl_on_the_wooden_cabinet_and_place_it_on_the_plate,demo_0,130,agentview,wooden_cabinet_1,is_behind,glazed_rim_porcelain_ramekin_1
pick_up_the_black_bowl_on_the_wooden_cabinet_and_place_it_on_the_plate,demo_0,130,agentview,glazed_rim_porcelain_ramekin_1,is_in_front_of,wooden_cabinet_1
pick_up_the_black_bowl_on_the_wooden_cabinet_and_place_it_on_the_plate,demo_0,130,agentview,wooden_cabinet_1,is_behind,cookies_1
pick_up_the_black_bowl_on_the_wooden_cabinet_and_place_it_on_the_plate,demo_0,130,agentview,cookies_1,is_in_front_of,wooden_cabinet_1
pick_up_the_black_bowl_on_the_wooden_cabinet_and_place_it_on_the_plate,demo_0,130,agentview,flat_stove_1,is_behind,akita_black_bowl_2
pick_up_the_black_bowl_on_the_wooden_cabinet_and_place_it_on_the_plate,demo_0,130,agentview,akita_black_bowl_2,is_in_front_of,flat_stove_1
pick_up_the_black_bowl_on_the_wooden_cabinet_and_place_it_on_the_plate,demo_0,130,agentview,flat_stove_1,is_behind,plate_1
pick_up_the_black_bowl_on_the_wooden_cabinet_and_place_it_on_the_plate,demo_0,130,agentview,plate_1,is_in_front_of,flat_stove_1
pick_up_the_black_bowl_on_the_wooden_cabinet_and_place_it_on_the_plate,demo_0,130,agentview,flat_stove_1,is_behind,glazed_rim_porcelain_ramekin_1
pick_up_the_black_bowl_on_the_wooden_cabinet_and_place_it_on_the_plate,demo_0,130,agentview,glazed_rim_porcelain_ramekin_1,is_in_front_of,flat_stove_1
pick_up_the_black_bowl_on_the_wooden_cabinet_and_place_it_on_the_plate,demo_0,130,agentview,flat_stove_1,is_behind,cookies_1
pick_up_the_black_bowl_on_the_wooden_cabinet_and_place_it_on_the_plate,demo_0,130,agentview,cookies_1,is_in_front_of,flat_stove_1
pick_up_the_black_bowl_on_the_wooden_cabinet_and_place_it_on_the_plate,demo_0,135,agentview,akita_black_bowl_1,is_on_top_of,wooden_cabinet_1
pick_up_the_black_bowl_on_the_wooden_cabinet_and_place_it_on_the_plate,demo_0,135,agentview,wooden_cabinet_1,is_below_of,akita_black_bowl_1
pick_up_the_black_bowl_on_the_wooden_cabinet_and_place_it_on_the_plate,demo_0,135,agentview,akita_black_bowl_2,is_on_top_of,plate_1
pick_up_the_black_bowl_on_the_wooden_cabinet_and_place_it_on_the_plate,demo_0,135,agentview,plate_1,is_below_of,akita_black_bowl_2
pick_up_the_black_bowl_on_the_wooden_cabinet_and_place_it_on_the_plate,demo_0,135,agentview,cookies_1,is_on_top_of,wooden_cabinet_1
pick_up_the_black_bowl_on_the_wooden_cabinet_and_place_it_on_the_plate,demo_0,135,agentview,wooden_cabinet_1,is_below_of,cookies_1
pick_up_the_black_bowl_on_the_wooden_cabinet_and_place_it_on_the_plate,demo_0,135,agentview,glazed_rim_porcelain_ramekin_1,is_on_top_of,wooden_cabinet_1
pick_up_the_black_bowl_on_the_wooden_cabinet_and_place_it_on_the_plate,demo_0,135,agentview,wooden_cabinet_1,is_below_of,glazed_rim_porcelain_ramekin_1
pick_up_the_black_bowl_on_the_wooden_cabinet_and_place_it_on_the_plate,demo_0,135,agentview,plate_1,is_on_top_of,flat_stove_1
pick_up_the_black_bowl_on_the_wooden_cabinet_and_place_it_on_the_plate,demo_0,135,agentview,flat_stove_1,is_below_of,plate_1
pick_up_the_black_bowl_on_the_wooden_cabinet_and_place_it_on_the_plate,demo_0,135,agentview,akita_black_bowl_1,is_behind,akita_black_bowl_2
pick_up_the_black_bowl_on_the_wooden_cabinet_and_place_it_on_the_plate,demo_0,135,agentview,akita_black_bowl_2,is_in_front_of,akita_black_bowl_1
pick_up_the_black_bowl_on_the_wooden_cabinet_and_place_it_on_the_plate,demo_0,135,agentview,akita_black_bowl_1,is_behind,cookies_1
pick_up_the_black_bowl_on_the_wooden_cabinet_and_place_it_on_the_plate,demo_0,135,agentview,cookies_1,is_in_front_of,akita_black_bowl_1
pick_up_the_black_bowl_on_the_wooden_cabinet_and_place_it_on_the_plate,demo_0,135,agentview,akita_black_bowl_1,is_behind,glazed_rim_porcelain_ramekin_1
pick_up_the_black_bowl_on_the_wooden_cabinet_and_place_it_on_the_plate,demo_0,135,agentview,glazed_rim_porcelain_ramekin_1,is_in_front_of,akita_black_bowl_1
pick_up_the_black_bowl_on_the_wooden_cabinet_and_place_it_on_the_plate,demo_0,135,agentview,akita_black_bowl_1,is_behind,plate_1
pick_up_the_black_bowl_on_the_wooden_cabinet_and_place_it_on_the_plate,demo_0,135,agentview,plate_1,is_in_front_of,akita_black_bowl_1
pick_up_the_black_bowl_on_the_wooden_cabinet_and_place_it_on_the_plate,demo_0,135,agentview,akita_black_bowl_2,is_behind,cookies_1
pick_up_the_black_bowl_on_the_wooden_cabinet_and_place_it_on_the_plate,demo_0,135,agentview,cookies_1,is_in_front_of,akita_black_bowl_2
pick_up_the_black_bowl_on_the_wooden_cabinet_and_place_it_on_the_plate,demo_0,135,agentview,akita_black_bowl_2,is_left_of,glazed_rim_porcelain_ramekin_1
pick_up_the_black_bowl_on_the_wooden_cabinet_and_place_it_on_the_plate,demo_0,135,agentview,glazed_rim_porcelain_ramekin_1,is_right_of,akita_black_bowl_2
pick_up_the_black_bowl_on_the_wooden_cabinet_and_place_it_on_the_plate,demo_0,135,agentview,akita_black_bowl_2,is_behind,plate_1
pick_up_the_black_bowl_on_the_wooden_cabinet_and_place_it_on_the_plate,demo_0,135,agentview,plate_1,is_in_front_of,akita_black_bowl_2
pick_up_the_black_bowl_on_the_wooden_cabinet_and_place_it_on_the_plate,demo_0,135,agentview,cookies_1,is_left_of,glazed_rim_porcelain_ramekin_1
pick_up_the_black_bowl_on_the_wooden_cabinet_and_place_it_on_the_plate,demo_0,135,agentview,glazed_rim_porcelain_ramekin_1,is_right_of,cookies_1
pick_up_the_black_bowl_on_the_wooden_cabinet_and_place_it_on_the_plate,demo_0,135,agentview,cookies_1,is_behind,plate_1
pick_up_the_black_bowl_on_the_wooden_cabinet_and_place_it_on_the_plate,demo_0,135,agentview,plate_1,is_in_front_of,cookies_1
pick_up_the_black_bowl_on_the_wooden_cabinet_and_place_it_on_the_plate,demo_0,135,agentview,glazed_rim_porcelain_ramekin_1,is_behind,plate_1
pick_up_the_black_bowl_on_the_wooden_cabinet_and_place_it_on_the_plate,demo_0,135,agentview,plate_1,is_in_front_of,glazed_rim_porcelain_ramekin_1
pick_up_the_black_bowl_on_the_wooden_cabinet_and_place_it_on_the_plate,demo_14,20,agentview,akita_black_bowl_1,is_on_top_of,wooden_cabinet_1
pick_up_the_black_bowl_on_the_wooden_cabinet_and_place_it_on_the_plate,demo_14,20,agentview,wooden_cabinet_1,is_below_of,akita_black_bowl_1
pick_up_the_black_bowl_on_the_wooden_cabinet_and_place_it_on_the_plate,demo_14,20,agentview,akita_black_bowl_2,is_on_top_of,flat_stove_1
pick_up_the_black_bowl_on_the_wooden_cabinet_and_place_it_on_the_plate,demo_14,20,agentview,flat_stove_1,is_below_of,akita_black_bowl_2
pick_up_the_black_bowl_on_the_wooden_cabinet_and_place_it_on_the_plate,demo_14,20,agentview,cookies_1,is_on_top_of,wooden_cabinet_1
pick_up_the_black_bowl_on_the_wooden_cabinet_and_place_it_on_the_plate,demo_14,20,agentview,wooden_cabinet_1,is_below_of,cookies_1
pick_up_the_black_bowl_on_the_wooden_cabinet_and_place_it_on_the_plate,demo_14,20,agentview,glazed_rim_porcelain_ramekin_1,is_on_top_of,wooden_cabinet_1
pick_up_the_black_bowl_on_the_wooden_cabinet_and_place_it_on_the_plate,demo_14,20,agentview,wooden_cabinet_1,is_below_of,glazed_rim_porcelain_ramekin_1
pick_up_the_black_bowl_on_the_wooden_cabinet_and_place_it_on_the_plate,demo_14,20,agentview,plate_1,is_on_top_of,flat_stove_1
pick_up_the_black_bowl_on_the_wooden_cabinet_and_place_it_on_the_plate,demo_14,20,agentview,flat_stove_1,is_below_of,plate_1
pick_up_the_black_bowl_on_the_wooden_cabinet_and_place_it_on_the_plate,demo_14,20,agentview,akita_black_bowl_1,is_behind,akita_black_bowl_2
pick_up_the_black_bowl_on_the_wooden_cabinet_and_place_it_on_the_plate,demo_14,20,agentview,akita_black_bowl_2,is_in_front_of,akita_black_bowl_1
pick_up_the_black_bowl_on_the_wooden_cabinet_and_place_it_on_the_plate,demo_14,20,agentview,akita_black_bowl_1,is_behind,plate_1
pick_up_the_black_bowl_on_the_wooden_cabinet_and_place_it_on_the_plate,demo_14,20,agentview,plate_1,is_in_front_of,akita_black_bowl_1
pick_up_the_black_bowl_on_the_wooden_cabinet_and_place_it_on_the_plate,demo_14,20,agentview,akita_black_bowl_1,is_behind,cookies_1
pick_up_the_black_bowl_on_the_wooden_cabinet_and_place_it_on_the_plate,demo_14,20,agentview,cookies_1,is_in_front_of,akita_black_bowl_1
pick_up_the_black_bowl_on_the_wooden_cabinet_and_place_it_on_the_plate,demo_14,20,agentview,akita_black_bowl_1,is_behind,glazed_rim_porcelain_ramekin_1
pick_up_the_black_bowl_on_the_wooden_cabinet_and_place_it_on_the_plate,demo_14,20,agentview,glazed_rim_porcelain_ramekin_1,is_in_front_of,akita_black_bowl_1
pick_up_the_black_bowl_on_the_wooden_cabinet_and_place_it_on_the_plate,demo_14,20,agentview,akita_black_bowl_2,is_right_of,akita_black_bowl_1
pick_up_the_black_bowl_on_the_wooden_cabinet_and_place_it_on_the_plate,demo_14,20,agentview,akita_black_bowl_1,is_left_of,akita_black_bowl_2
pick_up_the_black_bowl_on_the_wooden_cabinet_and_place_it_on_the_plate,demo_14,20,agentview,akita_black_bowl_2,is_behind,cookies_1
pick_up_the_black_bowl_on_the_wooden_cabinet_and_place_it_on_the_plate,demo_14,20,agentview,cookies_1,is_in_front_of,akita_black_bowl_2
pick_up_the_black_bowl_on_the_wooden_cabinet_and_place_it_on_the_plate,demo_14,20,agentview,akita_black_bowl_2,is_behind,glazed_rim_porcelain_ramekin_1
pick_up_the_black_bowl_on_the_wooden_cabinet_and_place_it_on_the_plate,demo_14,20,agentview,glazed_rim_porcelain_ramekin_1,is_in_front_of,akita_black_bowl_2
pick_up_the_black_bowl_on_the_wooden_cabinet_and_place_it_on_the_plate,demo_14,20,agentview,akita_black_bowl_2,is_right_of,plate_1
pick_up_the_black_bowl_on_the_wooden_cabinet_and_place_it_on_the_plate,demo_14,20,agentview,plate_1,is_left_of,akita_black_bowl_2
pick_up_the_black_bowl_on_the_wooden_cabinet_and_place_it_on_the_plate,demo_14,20,agentview,plate_1,is_right_of,akita_black_bowl_1
pick_up_the_black_bowl_on_the_wooden_cabinet_and_place_it_on_the_plate,demo_14,20,agentview,akita_black_bowl_1,is_left_of,plate_1
pick_up_the_black_bowl_on_the_wooden_cabinet_and_place_it_on_the_plate,demo_14,20,agentview,plate_1,is_behind,cookies_1
pick_up_the_black_bowl_on_the_wooden_cabinet_and_place_it_on_the_plate,demo_14,20,agentview,cookies_1,is_in_front_of,plate_1
pick_up_the_black_bowl_on_the_wooden_cabinet_and_place_it_on_the_plate,demo_14,20,agentview,plate_1,is_behind,glazed_rim_porcelain_ramekin_1
pick_up_the_black_bowl_on_the_wooden_cabinet_and_place_it_on_the_plate,demo_14,20,agentview,glazed_rim_porcelain_ramekin_1,is_in_front_of,plate_1
pick_up_the_black_bowl_on_the_wooden_cabinet_and_place_it_on_the_plate,demo_14,20,agentview,cookies_1,is_right_of,glazed_rim_porcelain_ramekin_1
pick_up_the_black_bowl_on_the_wooden_cabinet_and_place_it_on_the_plate,demo_14,20,agentview,glazed_rim_porcelain_ramekin_1,is_left_of,cookies_1
pick_up_the_black_bowl_on_the_wooden_cabinet_and_place_it_on_the_plate,demo_14,25,agentview,akita_black_bowl_1,is_on_top_of,wooden_cabinet_1
pick_up_the_black_bowl_on_the_wooden_cabinet_and_place_it_on_the_plate,demo_14,25,agentview,wooden_cabinet_1,is_below_of,akita_black_bowl_1
pick_up_the_black_bowl_on_the_wooden_cabinet_and_place_it_on_the_plate,demo_14,25,agentview,akita_black_bowl_2,is_on_top_of,plate_1
pick_up_the_black_bowl_on_the_wooden_cabinet_and_place_it_on_the_plate,demo_14,25,agentview,plate_1,is_below_of,akita_black_bowl_2
pick_up_the_black_bowl_on_the_wooden_cabinet_and_place_it_on_the_plate,demo_14,25,agentview,cookies_1,is_on_top_of,flat_stove_1
pick_up_the_black_bowl_on_the_wooden_cabinet_and_place_it_on_the_plate,demo_14,25,agentview,flat_stove_1,is_below_of,cookies_1
pick_up_the_black_bowl_on_the_wooden_cabinet_and_place_it_on_the_plate,demo_14,25,agentview,glazed_rim_porcelain_ramekin_1,is_on_top_of,flat_stove_1
pick_up_the_black_bowl_on_the_wooden_cabinet_and_place_it_on_the_plate,demo_14,25,agentview,flat_stove_1,is_below_of,glazed_rim_porcelain_ramekin_1
pick_up_the_black_bowl_on_the_wooden_cabinet_and_place_it_on_the_plate,demo_14,25,agentview,plate_1,is_on_top_of,flat_stove_1
pick_up_the_black_bowl_on_the_wooden_cabinet_and_place_it_on_the_plate,demo_14,25,agentview,flat_stove_1,is_below_of,plate_1
pick_up_the_black_bowl_on_the_wooden_cabinet_and_place_it_on_the_plate,demo_14,25,agentview,akita_black_bowl_1,is_behind,akita_black_bowl_2
pick_up_the_black_bowl_on_the_wooden_cabinet_and_place_it_on_the_plate,demo_14,25,agentview,akita_black_bowl_2,is_in_front_of,akita_black_bowl_1
pick_up_the_black_bowl_on_the_wooden_cabinet_and_place_it_on_the_plate,demo_14,25,agentview,akita_black_bowl_1,is_behind,cookies_1
pick_up_the_black_bowl_on_the_wooden_cabinet_and_place_it_on_the_plate,demo_14,25,agentview,cookies_1,is_in_front_of,akita_black_bowl_1
pick_up_the_black_bowl_on_the_wooden_cabinet_and_place_it_on_the_plate,demo_14,25,agentview,akita_black_bowl_1,is_behind,glazed_rim_porcelain_ramekin_1
pick_up_the_black_bowl_on_the_wooden_cabinet_and_place_it_on_the_plate,demo_14,25,agentview,glazed_rim_porcelain_ramekin_1,is_in_front_of,akita_black_bowl_1
pick_up_the_black_bowl_on_the_wooden_cabinet_and_place_it_on_the_plate,demo_14,25,agentview,akita_black_bowl_1,is_behind,plate_1
pick_up_the_black_bowl_on_the_wooden_cabinet_and_place_it_on_the_plate,demo_14,25,agentview,plate_1,is_in_front_of,akita_black_bowl_1
pick_up_the_black_bowl_on_the_wooden_cabinet_and_place_it_on_the_plate,demo_14,25,agentview,akita_black_bowl_2,is_right_of,cookies_1
pick_up_the_black_bowl_on_the_wooden_cabinet_and_place_it_on_the_plate,demo_14,25,agentview,cookies_1,is_left_of,akita_black_bowl_2
pick_up_the_black_bowl_on_the_wooden_cabinet_and_place_it_on_the_plate,demo_14,25,agentview,akita_black_bowl_2,is_right_of,glazed_rim_porcelain_ramekin_1
pick_up_the_black_bowl_on_the_wooden_cabinet_and_place_it_on_the_plate,demo_14,25,agentview,glazed_rim_porcelain_ramekin_1,is_left_of,akita_black_bowl_2
pick_up_the_black_bowl_on_the_wooden_cabinet_and_place_it_on_the_plate,demo_14,25,agentview,akita_black_bowl_2,is_behind,wooden_cabinet_1
pick_up_the_black_bowl_on_the_wooden_cabinet_and_place_it_on_the_plate,demo_14,25,agentview,wooden_cabinet_1,is_in_front_of,akita_black_bowl_2
pick_up_the_black_bowl_on_the_wooden_cabinet_and_place_it_on_the_plate,demo_14,25,agentview,cookies_1,is_right_of,glazed_rim_porcelain_ramekin_1
pick_up_the_black_bowl_on_the_wooden_cabinet_and_place_it_on_the_plate,demo_14,25,agentview,glazed_rim_porcelain_ramekin_1,is_left_of,cookies_1
pick_up_the_black_bowl_on_the_wooden_cabinet_and_place_it_on_the_plate,demo_14,25,agentview,cookies_1,is_behind,wooden_cabinet_1
pick_up_the_black_bowl_on_the_wooden_cabinet_and_place_it_on_the_plate,demo_14,25,agentview,wooden_cabinet_1,is_in_front_of,cookies_1
pick_up_the_black_bowl_on_the_wooden_cabinet_and_place_it_on_the_plate,demo_14,25,agentview,glazed_rim_porcelain_ramekin_1,is_behind,wooden_cabinet_1
pick_up_the_black_bowl_on_the_wooden_cabinet_and_place_it_on_the_plate,demo_14,25,agentview,wooden_cabinet_1,is_in_front_of,glazed_rim_porcelain_ramekin_1
pick_up_the_black_bowl_on_the_wooden_cabinet_and_place_it_on_the_plate,demo_14,25,agentview,plate_1,is_right_of,cookies_1
pick_up_the_black_bowl_on_the_wooden_cabinet_and_place_it_on_the_plate,demo_14,25,agentview,cookies_1,is_left_of,plate_1
pick_up_the_black_bowl_on_the_wooden_cabinet_and_place_it_on_the_plate,demo_14,25,agentview,plate_1,is_right_of,glazed_rim_porcelain_ramekin_1
pick_up_the_black_bowl_on_the_wooden_cabinet_and_place_it_on_the_plate,demo_14,25,agentview,glazed_rim_porcelain_ramekin_1,is_left_of,plate_1
pick_up_the_black_bowl_on_the_wooden_cabinet_and_place_it_on_the_plate,demo_14,25,agentview,plate_1,is_behind,wooden_cabinet_1
pick_up_the_black_bowl_on_the_wooden_cabinet_and_place_it_on_the_plate,demo_14,25,agentview,wooden_cabinet_1,is_in_front_of,plate_1
pick_up_the_black_bowl_on_the_wooden_cabinet_and_place_it_on_the_plate,demo_14,30,agentview,akita_black_bowl_1,is_on_top_of,wooden_cabinet_1
pick_up_the_black_bowl_on_the_wooden_cabinet_and_place_it_on_the_plate,demo_14,30,agentview,wooden_cabinet_1,is_below_of,akita_black_bowl_1
pick_up_the_black_bowl_on_the_wooden_cabinet_and_place_it_on_the_plate,demo_14,30,agentview,akita_black_bowl_2,is_on_top_of,wooden_cabinet_1
pick_up_the_black_bowl_on_the_wooden_cabinet_and_place_it_on_the_plate,demo_14,30,agentview,wooden_cabinet_1,is_below_of,akita_black_bowl_2
pick_up_the_black_bowl_on_the_wooden_cabinet_and_place_it_on_the_plate,demo_14,30,agentview,cookies_1,is_on_top_of,wooden_cabinet_1
pick_up_the_black_bowl_on_the_wooden_cabinet_and_place_it_on_the_plate,demo_14,30,agentview,wooden_cabinet_1,is_below_of,cookies_1
pick_up_the_black_bowl_on_the_wooden_cabinet_and_place_it_on_the_plate,demo_14,30,agentview,glazed_rim_porcelain_ramekin_1,is_on_top_of,wooden_cabinet_1
pick_up_the_black_bowl_on_the_wooden_cabinet_and_place_it_on_the_plate,demo_14,30,agentview,wooden_cabinet_1,is_below_of,glazed_rim_porcelain_ramekin_1
pick_up_the_black_bowl_on_the_wooden_cabinet_and_place_it_on_the_plate,demo_14,30,agentview,plate_1,is_on_top_of,flat_stove_1
pick_up_the_black_bowl_on_the_wooden_cabinet_and_place_it_on_the_plate,demo_14,30,agentview,flat_stove_1,is_below_of,plate_1
pick_up_the_black_bowl_on_the_wooden_cabinet_and_place_it_on_the_plate,demo_14,30,agentview,akita_black_bowl_1,is_left_of,akita_black_bowl_2
pick_up_the_black_bowl_on_the_wooden_cabinet_and_place_it_on_the_plate,demo_14,30,agentview,akita_black_bowl_2,is_right_of,akita_black_bowl_1
pick_up_the_black_bowl_on_the_wooden_cabinet_and_place_it_on_the_plate,demo_14,30,agentview,akita_black_bowl_1,is_left_of,cookies_1
pick_up_the_black_bowl_on_the_wooden_cabinet_and_place_it_on_the_plate,demo_14,30,agentview,cookies_1,is_right_of,akita_black_bowl_1
pick_up_the_black_bowl_on_the_wooden_cabinet_and_place_it_on_the_plate,demo_14,30,agentview,akita_black_bowl_1,is_left_of,glazed_rim_porcelain_ramekin_1
pick_up_the_black_bowl_on_the_wooden_cabinet_and_place_it_on_the_plate,demo_14,30,agentview,glazed_rim_porcelain_ramekin_1,is_right_of,akita_black_bowl_1
pick_up_the_black_bowl_on_the_wooden_cabinet_and_place_it_on_the_plate,demo_14,30,agentview,akita_black_bowl_1,is_behind,plate_1
pick_up_the_black_bowl_on_the_wooden_cabinet_and_place_it_on_the_plate,demo_14,30,agentview,plate_1,is_in_front_of,akita_black_bowl_1
pick_up_the_black_bowl_on_the_wooden_cabinet_and_place_it_on_the_plate,demo_14,30,agentview,akita_black_bowl_2,is_left_of,cookies_1
pick_up_the_black_bowl_on_the_wooden_cabinet_and_place_it_on_the_plate,demo_14,30,agentview,cookies_1,is_right_of,akita_black_bowl_2
pick_up_the_black_bowl_on_the_wooden_cabinet_and_place_it_on_the_plate,demo_14,30,agentview,akita_black_bowl_2,is_left_of,glazed_rim_porcelain_ramekin_1
pick_up_the_black_bowl_on_the_wooden_cabinet_and_place_it_on_the_plate,demo_14,30,agentview,glazed_rim_porcelain_ramekin_1,is_right_of,akita_black_bowl_2
pick_up_the_black_bowl_on_the_wooden_cabinet_and_place_it_on_the_plate,demo_14,30,agentview,akita_black_bowl_2,is_behind,plate_1
pick_up_the_black_bowl_on_the_wooden_cabinet_and_place_it_on_the_plate,demo_14,30,agentview,plate_1,is_in_front_of,akita_black_bowl_2
pick_up_the_black_bowl_on_the_wooden_cabinet_and_place_it_on_the_plate,demo_14,30,agentview,cookies_1,is_left_of,glazed_rim_porcelain_ramekin_1
pick_up_the_black_bowl_on_the_wooden_cabinet_and_place_it_on_the_plate,demo_14,30,agentview,glazed_rim_porcelain_ramekin_1,is_right_of,cookies_1
pick_up_the_black_bowl_on_the_wooden_cabinet_and_place_it_on_the_plate,demo_14,30,agentview,cookies_1,is_behind,plate_1
pick_up_the_black_bowl_on_the_wooden_cabinet_and_place_it_on_the_plate,demo_14,30,agentview,plate_1,is_in_front_of,cookies_1
pick_up_the_black_bowl_on_the_wooden_cabinet_and_place_it_on_the_plate,demo_14,30,agentview,glazed_rim_porcelain_ramekin_1,is_behind,plate_1
pick_up_the_black_bowl_on_the_wooden_cabinet_and_place_it_on_the_plate,demo_14,30,agentview,plate_1,is_in_front_of,glazed_rim_porcelain_ramekin_1
pick_up_the_black_bowl_on_the_wooden_cabinet_and_place_it_on_the_plate,demo_14,35,agentview,akita_black_bowl_1,is_on_top_of,wooden_cabinet_1
pick_up_the_black_bowl_on_the_wooden_cabinet_and_place_it_on_the_plate,demo_14,35,agentview,wooden_cabinet_1,is_below_of,akita_black_bowl_1
pick_up_the_black_bowl_on_the_wooden_cabinet_and_place_it_on_the_plate,demo_14,35,agentview,akita_black_bowl_1,is_behind,akita_black_bowl_2
pick_up_the_black_bowl_on_the_wooden_cabinet_and_place_it_on_the_plate,demo_14,35,agentview,akita_black_bowl_2,is_in_front_of,akita_black_bowl_1
pick_up_the_black_bowl_on_the_wooden_cabinet_and_place_it_on_the_plate,demo_14,35,agentview,akita_black_bowl_1,is_behind,cookies_1
pick_up_the_black_bowl_on_the_wooden_cabinet_and_place_it_on_the_plate,demo_14,35,agentview,cookies_1,is_in_front_of,akita_black_bowl_1
pick_up_the_black_bowl_on_the_wooden_cabinet_and_place_it_on_the_plate,demo_14,35,agentview,akita_black_bowl_1,is_behind,glazed_rim_porcelain_ramekin_1
pick_up_the_black_bowl_on_the_wooden_cabinet_and_place_it_on_the_plate,demo_14,35,agentview,glazed_rim_porcelain_ramekin_1,is_in_front_of,akita_black_bowl_1
pick_up_the_black_bowl_on_the_wooden_cabinet_and_place_it_on_the_plate,demo_14,35,agentview,akita_black_bowl_1,is_behind,plate_1
pick_up_the_black_bowl_on_the_wooden_cabinet_and_place_it_on_the_plate,demo_14,35,agentview,plate_1,is_in_front_of,akita_black_bowl_1
pick_up_the_black_bowl_on_the_wooden_cabinet_and_place_it_on_the_plate,demo_14,35,agentview,akita_black_bowl_1,is_behind,flat_stove_1
pick_up_the_black_bowl_on_the_wooden_cabinet_and_place_it_on_the_plate,demo_14,35,agentview,flat_stove_1,is_in_front_of,akita_black_bowl_1
pick_up_the_black_bowl_on_the_wooden_cabinet_and_place_it_on_the_plate,demo_14,35,agentview,akita_black_bowl_2,is_left_of,cookies_1
pick_up_the_black_bowl_on_the_wooden_cabinet_and_place_it_on_the_plate,demo_14,35,agentview,cookies_1,is_right_of,akita_black_bowl_2
pick_up_the_black_bowl_on_the_wooden_cabinet_and_place_it_on_the_plate,demo_14,35,agentview,akita_black_bowl_2,is_left_of,glazed_rim_porcelain_ramekin_1
pick_up_the_black_bowl_on_the_wooden_cabinet_and_place_it_on_the_plate,demo_14,35,agentview,glazed_rim_porcelain_ramekin_1,is_right_of,akita_black_bowl_2
pick_up_the_black_bowl_on_the_wooden_cabinet_and_place_it_on_the_plate,demo_14,35,agentview,akita_black_bowl_2,is_left_of,plate_1
pick_up_the_black_bowl_on_the_wooden_cabinet_and_place_it_on_the_plate,demo_14,35,agentview,plate_1,is_right_of,akita_black_bowl_2
pick_up_the_black_bowl_on_the_wooden_cabinet_and_place_it_on_the_plate,demo_14,35,agentview,akita_black_bowl_2,is_in_front_of,wooden_cabinet_1
pick_up_the_black_bowl_on_the_wooden_cabinet_and_place_it_on_the_plate,demo_14,35,agentview,wooden_cabinet_1,is_behind,akita_black_bowl_2
pick_up_the_black_bowl_on_the_wooden_cabinet_and_place_it_on_the_plate,demo_14,35,agentview,akita_black_bowl_2,is_behind,flat_stove_1
pick_up_the_black_bowl_on_the_wooden_cabinet_and_place_it_on_the_plate,demo_14,35,agentview,flat_stove_1,is_in_front_of,akita_black_bowl_2
pick_up_the_black_bowl_on_the_wooden_cabinet_and_place_it_on_the_plate,demo_14,35,agentview,cookies_1,is_left_of,glazed_rim_porcelain_ramekin_1
pick_up_the_black_bowl_on_the_wooden_cabinet_and_place_it_on_the_plate,demo_14,35,agentview,glazed_rim_porcelain_ramekin_1,is_right_of,cookies_1
pick_up_the_black_bowl_on_the_wooden_cabinet_and_place_it_on_the_plate,demo_14,35,agentview,cookies_1,is_left_of,plate_1
pick_up_the_black_bowl_on_the_wooden_cabinet_and_place_it_on_the_plate,demo_14,35,agentview,plate_1,is_right_of,cookies_1
pick_up_the_black_bowl_on_the_wooden_cabinet_and_place_it_on_the_plate,demo_14,35,agentview,cookies_1,is_in_front_of,wooden_cabinet_1
pick_up_the_black_bowl_on_the_wooden_cabinet_and_place_it_on_the_plate,demo_14,35,agentview,wooden_cabinet_1,is_behind,cookies_1
pick_up_the_black_bowl_on_the_wooden_cabinet_and_place_it_on_the_plate,demo_14,35,agentview,cookies_1,is_behind,flat_stove_1
pick_up_the_black_bowl_on_the_wooden_cabinet_and_place_it_on_the_plate,demo_14,35,agentview,flat_stove_1,is_in_front_of,cookies_1
pick_up_the_black_bowl_on_the_wooden_cabinet_and_place_it_on_the_plate,demo_14,35,agentview,glazed_rim_porcelain_ramekin_1,is_left_of,plate_1
pick_up_the_black_bowl_on_the_wooden_cabinet_and_place_it_on_the_plate,demo_14,35,agentview,plate_1,is_right_of,glazed_rim_porcelain_ramekin_1
pick_up_the_black_bowl_on_the_wooden_cabinet_and_place_it_on_the_plate,demo_14,35,agentview,glazed_rim_porcelain_ramekin_1,is_in_front_of,wooden_cabinet_1
pick_up_the_black_bowl_on_the_wooden_cabinet_and_place_it_on_the_plate,demo_14,35,agentview,wooden_cabinet_1,is_behind,glazed_rim_porcelain_ramekin_1
pick_up_the_black_bowl_on_the_wooden_cabinet_and_place_it_on_the_plate,demo_14,35,agentview,glazed_rim_porcelain_ramekin_1,is_behind,flat_stove_1
pick_up_the_black_bowl_on_the_wooden_cabinet_and_place_it_on_the_plate,demo_14,35,agentview,flat_stove_1,is_in_front_of,glazed_rim_porcelain_ramekin_1
pick_up_the_black_bowl_on_the_wooden_cabinet_and_place_it_on_the_plate,demo_14,35,agentview,plate_1,is_on_top_of,flat_stove_1
pick_up_the_black_bowl_on_the_wooden_cabinet_and_place_it_on_the_plate,demo_14,35,agentview,flat_stove_1,is_below_of,plate_1
pick_up_the_black_bowl_on_the_wooden_cabinet_and_place_it_on_the_plate,demo_14,35,agentview,plate_1,is_in_front_of,wooden_cabinet_1
pick_up_the_black_bowl_on_the_wooden_cabinet_and_place_it_on_the_plate,demo_14,35,agentview,wooden_cabinet_1,is_behind,plate_1
pick_up_the_black_bowl_on_the_wooden_cabinet_and_place_it_on_the_plate,demo_14,40,agentview,akita_black_bowl_1,is_on_top_of,wooden_cabinet_1
pick_up_the_black_bowl_on_the_wooden_cabinet_and_place_it_on_the_plate,demo_14,40,agentview,wooden_cabinet_1,is_below_of,akita_black_bowl_1
pick_up_the_black_bowl_on_the_wooden_cabinet_and_place_it_on_the_plate,demo_14,40,agentview,akita_black_bowl_2,is_on_top_of,flat_stove_1
pick_up_the_black_bowl_on_the_wooden_cabinet_and_place_it_on_the_plate,demo_14,40,agentview,flat_stove_1,is_below_of,akita_black_bowl_2
pick_up_the_black_bowl_on_the_wooden_cabinet_and_place_it_on_the_plate,demo_14,40,agentview,cookies_1,is_on_top_of,flat_stove_1
pick_up_the_black_bowl_on_the_wooden_cabinet_and_place_it_on_the_plate,demo_14,40,agentview,flat_stove_1,is_below_of,cookies_1
pick_up_the_black_bowl_on_the_wooden_cabinet_and_place_it_on_the_plate,demo_14,40,agentview,glazed_rim_porcelain_ramekin_1,is_on_top_of,flat_stove_1
pick_up_the_black_bowl_on_the_wooden_cabinet_and_place_it_on_the_plate,demo_14,40,agentview,flat_stove_1,is_below_of,glazed_rim_porcelain_ramekin_1
pick_up_the_black_bowl_on_the_wooden_cabinet_and_place_it_on_the_plate,demo_14,40,agentview,plate_1,is_on_top_of,flat_stove_1
pick_up_the_black_bowl_on_the_wooden_cabinet_and_place_it_on_the_plate,demo_14,40,agentview,flat_stove_1,is_below_of,plate_1
pick_up_the_black_bowl_on_the_wooden_cabinet_and_place_it_on_the_plate,demo_14,40,agentview,akita_black_bowl_1,is_behind,akita_black_bowl_2
pick_up_the_black_bowl_on_the_wooden_cabinet_and_place_it_on_the_plate,demo_14,40,agentview,akita_black_bowl_2,is_in_front_of,akita_black_bowl_1
pick_up_the_black_bowl_on_the_wooden_cabinet_and_place_it_on_the_plate,demo_14,40,agentview,akita_black_bowl_1,is_behind,cookies_1
pick_up_the_black_bowl_on_the_wooden_cabinet_and_place_it_on_the_plate,demo_14,40,agentview,cookies_1,is_in_front_of,akita_black_bowl_1
pick_up_the_black_bowl_on_the_wooden_cabinet_and_place_it_on_the_plate,demo_14,40,agentview,akita_black_bowl_1,is_behind,glazed_rim_porcelain_ramekin_1
pick_up_the_black_bowl_on_the_wooden_cabinet_and_place_it_on_the_plate,demo_14,40,agentview,glazed_rim_porcelain_ramekin_1,is_in_front_of,akita_black_bowl_1
pick_up_the_black_bowl_on_the_wooden_cabinet_and_place_it_on_the_plate,demo_14,40,agentview,akita_black_bowl_1,is_behind,plate_1
pick_up_the_black_bowl_on_the_wooden_cabinet_and_place_it_on_the_plate,demo_14,40,agentview,plate_1,is_in_front_of,akita_black_bowl_1
pick_up_the_black_bowl_on_the_wooden_cabinet_and_place_it_on_the_plate,demo_14,40,agentview,akita_black_bowl_2,is_left_of,cookies_1
pick_up_the_black_bowl_on_the_wooden_cabinet_and_place_it_on_the_plate,demo_14,40,agentview,cookies_1,is_right_of,akita_black_bowl_2
pick_up_the_black_bowl_on_the_wooden_cabinet_and_place_it_on_the_plate,demo_14,40,agentview,akita_black_bowl_2,is_left_of,glazed_rim_porcelain_ramekin_1
pick_up_the_black_bowl_on_the_wooden_cabinet_and_place_it_on_the_plate,demo_14,40,agentview,glazed_rim_porcelain_ramekin_1,is_right_of,akita_black_bowl_2
pick_up_the_black_bowl_on_the_wooden_cabinet_and_place_it_on_the_plate,demo_14,40,agentview,akita_black_bowl_2,is_behind,plate_1
pick_up_the_black_bowl_on_the_wooden_cabinet_and_place_it_on_the_plate,demo_14,40,agentview,plate_1,is_in_front_of,akita_black_bowl_2
pick_up_the_black_bowl_on_the_wooden_cabinet_and_place_it_on_the_plate,demo_14,40,agentview,cookies_1,is_left_of,glazed_rim_porcelain_ramekin_1
pick_up_the_black_bowl_on_the_wooden_cabinet_and_place_it_on_the_plate,demo_14,40,agentview,glazed_rim_porcelain_ramekin_1,is_right_of,cookies_1
pick_up_the_black_bowl_on_the_wooden_cabinet_and_place_it_on_the_plate,demo_14,40,agentview,cookies_1,is_behind,plate_1
pick_up_the_black_bowl_on_the_wooden_cabinet_and_place_it_on_the_plate,demo_14,40,agentview,plate_1,is_in_front_of,cookies_1
pick_up_the_black_bowl_on_the_wooden_cabinet_and_place_it_on_the_plate,demo_14,40,agentview,glazed_rim_porcelain_ramekin_1,is_behind,plate_1
pick_up_the_black_bowl_on_the_wooden_cabinet_and_place_it_on_the_plate,demo_14,40,agentview,plate_1,is_in_front_of,glazed_rim_porcelain_ramekin_1
pick_up_the_black_bowl_on_the_wooden_cabinet_and_place_it_on_the_plate,demo_14,45,agentview,akita_black_bowl_1,is_on_top_of,wooden_cabinet_1
pick_up_the_black_bowl_on_the_wooden_cabinet_and_place_it_on_the_plate,demo_14,45,agentview,wooden_cabinet_1,is_below_of,akita_black_bowl_1
pick_up_the_black_bowl_on_the_wooden_cabinet_and_place_it_on_the_plate,demo_14,45,agentview,akita_black_bowl_2,is_on_top_of,plate_1
pick_up_the_black_bowl_on_the_wooden_cabinet_and_place_it_on_the_plate,demo_14,45,agentview,plate_1,is_below_of,akita_black_bowl_2
pick_up_the_black_bowl_on_the_wooden_cabinet_and_place_it_on_the_plate,demo_14,45,agentview,glazed_rim_porcelain_ramekin_1,is_on_top_of,wooden_cabinet_1
pick_up_the_black_bowl_on_the_wooden_cabinet_and_place_it_on_the_plate,demo_14,45,agentview,wooden_cabinet_1,is_below_of,glazed_rim_porcelain_ramekin_1
pick_up_the_black_bowl_on_the_wooden_cabinet_and_place_it_on_the_plate,demo_14,45,agentview,cookies_1,is_on_top_of,wooden_cabinet_1
pick_up_the_black_bowl_on_the_wooden_cabinet_and_place_it_on_the_plate,demo_14,45,agentview,wooden_cabinet_1,is_below_of,cookies_1
pick_up_the_black_bowl_on_the_wooden_cabinet_and_place_it_on_the_plate,demo_14,45,agentview,plate_1,is_on_top_of,flat_stove_1
pick_up_the_black_bowl_on_the_wooden_cabinet_and_place_it_on_the_plate,demo_14,45,agentview,flat_stove_1,is_below_of,plate_1
pick_up_the_black_bowl_on_the_wooden_cabinet_and_place_it_on_the_plate,demo_14,45,agentview,akita_black_bowl_1,is_behind,akita_black_bowl_2
pick_up_the_black_bowl_on_the_wooden_cabinet_and_place_it_on_the_plate,demo_14,45,agentview,akita_black_bowl_2,is_in_front_of,akita_black_bowl_1
pick_up_the_black_bowl_on_the_wooden_cabinet_and_place_it_on_the_plate,demo_14,45,agentview,akita_black_bowl_1,is_behind,glazed_rim_porcelain_ramekin_1
pick_up_the_black_bowl_on_the_wooden_cabinet_and_place_it_on_the_plate,demo_14,45,agentview,glazed_rim_porcelain_ramekin_1,is_in_front_of,akita_black_bowl_1
pick_up_the_black_bowl_on_the_wooden_cabinet_and_place_it_on_the_plate,demo_14,45,agentview,akita_black_bowl_1,is_behind,cookies_1
pick_up_the_black_bowl_on_the_wooden_cabinet_and_place_it_on_the_plate,demo_14,45,agentview,cookies_1,is_in_front_of,akita_black_bowl_1
pick_up_the_black_bowl_on_the_wooden_cabinet_and_place_it_on_the_plate,demo_14,45,agentview,akita_black_bowl_1,is_behind,plate_1
pick_up_the_black_bowl_on_the_wooden_cabinet_and_place_it_on_the_plate,demo_14,45,agentview,plate_1,is_in_front_of,akita_black_bowl_1
pick_up_the_black_bowl_on_the_wooden_cabinet_and_place_it_on_the_plate,demo_14,45,agentview,akita_black_bowl_2,is_right_of,glazed_rim_porcelain_ramekin_1
pick_up_the_black_bowl_on_the_wooden_cabinet_and_place_it_on_the_plate,demo_14,45,agentview,glazed_rim_porcelain_ramekin_1,is_left_of,akita_black_bowl_2
pick_up_the_black_bowl_on_the_wooden_cabinet_and_place_it_on_the_plate,demo_14,45,agentview,akita_black_bowl_2,is_right_of,cookies_1
pick_up_the_black_bowl_on_the_wooden_cabinet_and_place_it_on_the_plate,demo_14,45,agentview,cookies_1,is_left_of,akita_black_bowl_2
pick_up_the_black_bowl_on_the_wooden_cabinet_and_place_it_on_the_plate,demo_14,45,agentview,akita_black_bowl_2,is_behind,flat_stove_1
pick_up_the_black_bowl_on_the_wooden_cabinet_and_place_it_on_the_plate,demo_14,45,agentview,flat_stove_1,is_in_front_of,akita_black_bowl_2
pick_up_the_black_bowl_on_the_wooden_cabinet_and_place_it_on_the_plate,demo_14,45,agentview,glazed_rim_porcelain_ramekin_1,is_right_of,cookies_1
pick_up_the_black_bowl_on_the_wooden_cabinet_and_place_it_on_the_plate,demo_14,45,agentview,cookies_1,is_left_of,glazed_rim_porcelain_ramekin_1
pick_up_the_black_bowl_on_the_wooden_cabinet_and_place_it_on_the_plate,demo_14,45,agentview,glazed_rim_porcelain_ramekin_1,is_behind,plate_1
pick_up_the_black_bowl_on_the_wooden_cabinet_and_place_it_on_the_plate,demo_14,45,agentview,plate_1,is_in_front_of,glazed_rim_porcelain_ramekin_1
pick_up_the_black_bowl_on_the_wooden_cabinet_and_place_it_on_the_plate,demo_14,45,agentview,cookies_1,is_behind,plate_1
pick_up_the_black_bowl_on_the_wooden_cabinet_and_place_it_on_the_plate,demo_14,45,agentview,plate_1,is_in_front_of,cookies_1
pick_up_the_black_bowl_on_the_wooden_cabinet_and_place_it_on_the_plate,demo_14,50,agentview,akita_black_bowl_1,is_on_top_of,wooden_cabinet_1
pick_up_the_black_bowl_on_the_wooden_cabinet_and_place_it_on_the_plate,demo_14,50,agentview,wooden_cabinet_1,is_below_of,akita_black_bowl_1
pick_up_the_black_bowl_on_the_wooden_cabinet_and_place_it_on_the_plate,demo_14,50,agentview,akita_black_bowl_2,is_on_top_of,plate_1
pick_up_the_black_bowl_on_the_wooden_cabinet_and_place_it_on_the_plate,demo_14,50,agentview,plate_1,is_below_of,akita_black_bowl_2
pick_up_the_black_bowl_on_the_wooden_cabinet_and_place_it_on_the_plate,demo_14,50,agentview,cookies_1,is_on_top_of,flat_stove_1
pick_up_the_black_bowl_on_the_wooden_cabinet_and_place_it_on_the_plate,demo_14,50,agentview,flat_stove_1,is_below_of,cookies_1
pick_up_the_black_bowl_on_the_wooden_cabinet_and_place_it_on_the_plate,demo_14,50,agentview,glazed_rim_porcelain_ramekin_1,is_on_top_of,flat_stove_1
pick_up_the_black_bowl_on_the_wooden_cabinet_and_place_it_on_the_plate,demo_14,50,agentview,flat_stove_1,is_below_of,glazed_rim_porcelain_ramekin_1
pick_up_the_black_bowl_on_the_wooden_cabinet_and_place_it_on_the_plate,demo_14,50,agentview,plate_1,is_on_top_of,flat_stove_1
pick_up_the_black_bowl_on_the_wooden_cabinet_and_place_it_on_the_plate,demo_14,50,agentview,flat_stove_1,is_below_of,plate_1
pick_up_the_black_bowl_on_the_wooden_cabinet_and_place_it_on_the_plate,demo_14,50,agentview,akita_black_bowl_1,is_behind,akita_black_bowl_2
pick_up_the_black_bowl_on_the_wooden_cabinet_and_place_it_on_the_plate,demo_14,50,agentview,akita_black_bowl_2,is_in_front_of,akita_black_bowl_1
pick_up_the_black_bowl_on_the_wooden_cabinet_and_place_it_on_the_plate,demo_14,50,agentview,akita_black_bowl_1,is_behind,cookies_1
pick_up_the_black_bowl_on_the_wooden_cabinet_and_place_it_on_the_plate,demo_14,50,agentview,cookies_1,is_in_front_of,akita_black_bowl_1
pick_up_the_black_bowl_on_the_wooden_cabinet_and_place_it_on_the_plate,demo_14,50,agentview,akita_black_bowl_1,is_behind,glazed_rim_porcelain_ramekin_1
pick_up_the_black_bowl_on_the_wooden_cabinet_and_place_it_on_the_plate,demo_14,50,agentview,glazed_rim_porcelain_ramekin_1,is_in_front_of,akita_black_bowl_1
pick_up_the_black_bowl_on_the_wooden_cabinet_and_place_it_on_the_plate,demo_14,50,agentview,akita_black_bowl_1,is_behind,plate_1
pick_up_the_black_bowl_on_the_wooden_cabinet_and_place_it_on_the_plate,demo_14,50,agentview,plate_1,is_in_front_of,akita_black_bowl_1
pick_up_the_black_bowl_on_the_wooden_cabinet_and_place_it_on_the_plate,demo_14,50,agentview,akita_black_bowl_2,is_left_of,cookies_1
pick_up_the_black_bowl_on_the_wooden_cabinet_and_place_it_on_the_plate,demo_14,50,agentview,cookies_1,is_right_of,akita_black_bowl_2
pick_up_the_black_bowl_on_the_wooden_cabinet_and_place_it_on_the_plate,demo_14,50,agentview,akita_black_bowl_2,is_left_of,glazed_rim_porcelain_ramekin_1
pick_up_the_black_bowl_on_the_wooden_cabinet_and_place_it_on_the_plate,demo_14,50,agentview,glazed_rim_porcelain_ramekin_1,is_right_of,akita_black_bowl_2
pick_up_the_black_bowl_on_the_wooden_cabinet_and_place_it_on_the_plate,demo_14,50,agentview,akita_black_bowl_2,is_in_front_of,wooden_cabinet_1
pick_up_the_black_bowl_on_the_wooden_cabinet_and_place_it_on_the_plate,demo_14,50,agentview,wooden_cabinet_1,is_behind,akita_black_bowl_2
pick_up_the_black_bowl_on_the_wooden_cabinet_and_place_it_on_the_plate,demo_14,50,agentview,cookies_1,is_right_of,glazed_rim_porcelain_ramekin_1
pick_up_the_black_bowl_on_the_wooden_cabinet_and_place_it_on_the_plate,demo_14,50,agentview,glazed_rim_porcelain_ramekin_1,is_left_of,cookies_1
pick_up_the_black_bowl_on_the_wooden_cabinet_and_place_it_on_the_plate,demo_14,50,agentview,cookies_1,is_in_front_of,wooden_cabinet_1
pick_up_the_black_bowl_on_the_wooden_cabinet_and_place_it_on_the_plate,demo_14,50,agentview,wooden_cabinet_1,is_behind,cookies_1
pick_up_the_black_bowl_on_the_wooden_cabinet_and_place_it_on_the_plate,demo_14,50,agentview,glazed_rim_porcelain_ramekin_1,is_in_front_of,wooden_cabinet_1
pick_up_the_black_bowl_on_the_wooden_cabinet_and_place_it_on_the_plate,demo_14,50,agentview,wooden_cabinet_1,is_behind,glazed_rim_porcelain_ramekin_1
pick_up_the_black_bowl_on_the_wooden_cabinet_and_place_it_on_the_plate,demo_14,50,agentview,plate_1,is_right_of,cookies_1
pick_up_the_black_bowl_on_the_wooden_cabinet_and_place_it_on_the_plate,demo_14,50,agentview,cookies_1,is_left_of,plate_1
pick_up_the_black_bowl_on_the_wooden_cabinet_and_place_it_on_the_plate,demo_14,50,agentview,plate_1,is_right_of,glazed_rim_porcelain_ramekin_1
pick_up_the_black_bowl_on_the_wooden_cabinet_and_place_it_on_the_plate,demo_14,50,agentview,glazed_rim_porcelain_ramekin_1,is_left_of,plate_1
pick_up_the_black_bowl_on_the_wooden_cabinet_and_place_it_on_the_plate,demo_14,50,agentview,plate_1,is_in_front_of,wooden_cabinet_1
pick_up_the_black_bowl_on_the_wooden_cabinet_and_place_it_on_the_plate,demo_14,50,agentview,wooden_cabinet_1,is_behind,plate_1
pick_up_the_black_bowl_on_the_wooden_cabinet_and_place_it_on_the_plate,demo_14,55,agentview,akita_black_bowl_1,is_on_top_of,wooden_cabinet_1
pick_up_the_black_bowl_on_the_wooden_cabinet_and_place_it_on_the_plate,demo_14,55,agentview,wooden_cabinet_1,is_below_of,akita_black_bowl_1
pick_up_the_black_bowl_on_the_wooden_cabinet_and_place_it_on_the_plate,demo_14,55,agentview,akita_black_bowl_1,is_behind,akita_black_bowl_2
pick_up_the_black_bowl_on_the_wooden_cabinet_and_place_it_on_the_plate,demo_14,55,agentview,akita_black_bowl_2,is_in_front_of,akita_black_bowl_1
pick_up_the_black_bowl_on_the_wooden_cabinet_and_place_it_on_the_plate,demo_14,55,agentview,akita_black_bowl_1,is_behind,cookies_1
pick_up_the_black_bowl_on_the_wooden_cabinet_and_place_it_on_the_plate,demo_14,55,agentview,cookies_1,is_in_front_of,akita_black_bowl_1
pick_up_the_black_bowl_on_the_wooden_cabinet_and_place_it_on_the_plate,demo_14,55,agentview,akita_black_bowl_1,is_behind,glazed_rim_porcelain_ramekin_1
pick_up_the_black_bowl_on_the_wooden_cabinet_and_place_it_on_the_plate,demo_14,55,agentview,glazed_rim_porcelain_ramekin_1,is_in_front_of,akita_black_bowl_1
pick_up_the_black_bowl_on_the_wooden_cabinet_and_place_it_on_the_plate,demo_14,55,agentview,akita_black_bowl_1,is_behind,plate_1
pick_up_the_black_bowl_on_the_wooden_cabinet_and_place_it_on_the_plate,demo_14,55,agentview,plate_1,is_in_front_of,akita_black_bowl_1
pick_up_the_black_bowl_on_the_wooden_cabinet_and_place_it_on_the_plate,demo_14,55,agentview,akita_black_bowl_1,is_behind,flat_stove_1
pick_up_the_black_bowl_on_the_wooden_cabinet_and_place_it_on_the_plate,demo_14,55,agentview,flat_stove_1,is_in_front_of,akita_black_bowl_1
pick_up_the_black_bowl_on_the_wooden_cabinet_and_place_it_on_the_plate,demo_14,55,agentview,akita_black_bowl_2,is_on_top_of,plate_1
pick_up_the_black_bowl_on_the_wooden_cabinet_and_place_it_on_the_plate,demo_14,55,agentview,plate_1,is_below_of,akita_black_bowl_2
pick_up_the_black_bowl_on_the_wooden_cabinet_and_place_it_on_the_plate,demo_14,55,agentview,akita_black_bowl_2,is_right_of,cookies_1
pick_up_the_black_bowl_on_the_wooden_cabinet_and_place_it_on_the_plate,demo_14,55,agentview,cookies_1,is_left_of,akita_black_bowl_2
pick_up_the_black_bowl_on_the_wooden_cabinet_and_place_it_on_the_plate,demo_14,55,agentview,akita_black_bowl_2,is_behind,glazed_rim_porcelain_ramekin_1
pick_up_the_black_bowl_on_the_wooden_cabinet_and_place_it_on_the_plate,demo_14,55,agentview,glazed_rim_porcelain_ramekin_1,is_in_front_of,akita_black_bowl_2
pick_up_the_black_bowl_on_the_wooden_cabinet_and_place_it_on_the_plate,demo_14,55,agentview,akita_black_bowl_2,is_right_of,plate_1
pick_up_the_black_bowl_on_the_wooden_cabinet_and_place_it_on_the_plate,demo_14,55,agentview,plate_1,is_left_of,akita_black_bowl_2
pick_up_the_black_bowl_on_the_wooden_cabinet_and_place_it_on_the_plate,demo_14,55,agentview,akita_black_bowl_2,is_behind,flat_stove_1
pick_up_the_black_bowl_on_the_wooden_cabinet_and_place_it_on_the_plate,demo_14,55,agentview,flat_stove_1,is_in_front_of,akita_black_bowl_2
pick_up_the_black_bowl_on_the_wooden_cabinet_and_place_it_on_the_plate,demo_14,55,agentview,cookies_1,is_on_top_of,plate_1
pick_up_the_black_bowl_on_the_wooden_cabinet_and_place_it_on_the_plate,demo_14,55,agentview,plate_1,is_below_of,cookies_1
pick_up_the_black_bowl_on_the_wooden_cabinet_and_place_it_on_the_plate,demo_14,55,agentview,cookies_1,is_right_of,glazed_rim_porcelain_ramekin_1
pick_up_the_black_bowl_on_the_wooden_cabinet_and_place_it_on_the_plate,demo_14,55,agentview,glazed_rim_porcelain_ramekin_1,is_left_of,cookies_1
pick_up_the_black_bowl_on_the_wooden_cabinet_and_place_it_on_the_plate,demo_14,55,agentview,cookies_1,is_behind,flat_stove_1
pick_up_the_black_bowl_on_the_wooden_cabinet_and_place_it_on_the_plate,demo_14,55,agentview,flat_stove_1,is_in_front_of,cookies_1
pick_up_the_black_bowl_on_the_wooden_cabinet_and_place_it_on_the_plate,demo_14,55,agentview,glazed_rim_porcelain_ramekin_1,is_on_top_of,plate_1
pick_up_the_black_bowl_on_the_wooden_cabinet_and_place_it_on_the_plate,demo_14,55,agentview,plate_1,is_below_of,glazed_rim_porcelain_ramekin_1
pick_up_the_black_bowl_on_the_wooden_cabinet_and_place_it_on_the_plate,demo_14,55,agentview,glazed_rim_porcelain_ramekin_1,is_behind,flat_stove_1
pick_up_the_black_bowl_on_the_wooden_cabinet_and_place_it_on_the_plate,demo_14,55,agentview,flat_stove_1,is_in_front_of,glazed_rim_porcelain_ramekin_1
pick_up_the_black_bowl_on_the_wooden_cabinet_and_place_it_on_the_plate,demo_14,55,agentview,plate_1,is_on_top_of,flat_stove_1
pick_up_the_black_bowl_on_the_wooden_cabinet_and_place_it_on_the_plate,demo_14,55,agentview,flat_stove_1,is_below_of,plate_1
pick_up_the_black_bowl_on_the_wooden_cabinet_and_place_it_on_the_plate,demo_14,60,agentview,akita_black_bowl_1,is_on_top_of,wooden_cabinet_1
pick_up_the_black_bowl_on_the_wooden_cabinet_and_place_it_on_the_plate,demo_14,60,agentview,wooden_cabinet_1,is_below_of,akita_black_bowl_1
pick_up_the_black_bowl_on_the_wooden_cabinet_and_place_it_on_the_plate,demo_14,60,agentview,akita_black_bowl_1,is_behind,akita_black_bowl_2
pick_up_the_black_bowl_on_the_wooden_cabinet_and_place_it_on_the_plate,demo_14,60,agentview,akita_black_bowl_2,is_in_front_of,akita_black_bowl_1
pick_up_the_black_bowl_on_the_wooden_cabinet_and_place_it_on_the_plate,demo_14,60,agentview,akita_black_bowl_1,is_behind,cookies_1
pick_up_the_black_bowl_on_the_wooden_cabinet_and_place_it_on_the_plate,demo_14,60,agentview,cookies_1,is_in_front_of,akita_black_bowl_1
pick_up_the_black_bowl_on_the_wooden_cabinet_and_place_it_on_the_plate,demo_14,60,agentview,akita_black_bowl_1,is_behind,glazed_rim_porcelain_ramekin_1
pick_up_the_black_bowl_on_the_wooden_cabinet_and_place_it_on_the_plate,demo_14,60,agentview,glazed_rim_porcelain_ramekin_1,is_in_front_of,akita_black_bowl_1
pick_up_the_black_bowl_on_the_wooden_cabinet_and_place_it_on_the_plate,demo_14,60,agentview,akita_black_bowl_1,is_behind,plate_1
pick_up_the_black_bowl_on_the_wooden_cabinet_and_place_it_on_the_plate,demo_14,60,agentview,plate_1,is_in_front_of,akita_black_bowl_1
pick_up_the_black_bowl_on_the_wooden_cabinet_and_place_it_on_the_plate,demo_14,60,agentview,akita_black_bowl_1,is_behind,flat_stove_1
pick_up_the_black_bowl_on_the_wooden_cabinet_and_place_it_on_the_plate,demo_14,60,agentview,flat_stove_1,is_in_front_of,akita_black_bowl_1
pick_up_the_black_bowl_on_the_wooden_cabinet_and_place_it_on_the_plate,demo_14,60,agentview,akita_black_bowl_2,is_left_of,glazed_rim_porcelain_ramekin_1
pick_up_the_black_bowl_on_the_wooden_cabinet_and_place_it_on_the_plate,demo_14,60,agentview,glazed_rim_porcelain_ramekin_1,is_right_of,akita_black_bowl_2
pick_up_the_black_bowl_on_the_wooden_cabinet_and_place_it_on_the_plate,demo_14,60,agentview,akita_black_bowl_2,is_in_front_of,wooden_cabinet_1
pick_up_the_black_bowl_on_the_wooden_cabinet_and_place_it_on_the_plate,demo_14,60,agentview,wooden_cabinet_1,is_behind,akita_black_bowl_2
pick_up_the_black_bowl_on_the_wooden_cabinet_and_place_it_on_the_plate,demo_14,60,agentview,akita_black_bowl_2,is_left_of,plate_1
pick_up_the_black_bowl_on_the_wooden_cabinet_and_place_it_on_the_plate,demo_14,60,agentview,plate_1,is_right_of,akita_black_bowl_2
pick_up_the_black_bowl_on_the_wooden_cabinet_and_place_it_on_the_plate,demo_14,60,agentview,akita_black_bowl_2,is_behind,flat_stove_1
pick_up_the_black_bowl_on_the_wooden_cabinet_and_place_it_on_the_plate,demo_14,60,agentview,flat_stove_1,is_in_front_of,akita_black_bowl_2
pick_up_the_black_bowl_on_the_wooden_cabinet_and_place_it_on_the_plate,demo_14,60,agentview,cookies_1,is_left_of,glazed_rim_porcelain_ramekin_1
pick_up_the_black_bowl_on_the_wooden_cabinet_and_place_it_on_the_plate,demo_14,60,agentview,glazed_rim_porcelain_ramekin_1,is_right_of,cookies_1
pick_up_the_black_bowl_on_the_wooden_cabinet_and_place_it_on_the_plate,demo_14,60,agentview,cookies_1,is_left_of,plate_1
pick_up_the_black_bowl_on_the_wooden_cabinet_and_place_it_on_the_plate,demo_14,60,agentview,plate_1,is_right_of,cookies_1
pick_up_the_black_bowl_on_the_wooden_cabinet_and_place_it_on_the_plate,demo_14,60,agentview,cookies_1,is_behind,flat_stove_1
pick_up_the_black_bowl_on_the_wooden_cabinet_and_place_it_on_the_plate,demo_14,60,agentview,flat_stove_1,is_in_front_of,cookies_1
pick_up_the_black_bowl_on_the_wooden_cabinet_and_place_it_on_the_plate,demo_14,60,agentview,glazed_rim_porcelain_ramekin_1,is_left_of,plate_1
pick_up_the_black_bowl_on_the_wooden_cabinet_and_place_it_on_the_plate,demo_14,60,agentview,plate_1,is_right_of,glazed_rim_porcelain_ramekin_1
pick_up_the_black_bowl_on_the_wooden_cabinet_and_place_it_on_the_plate,demo_14,60,agentview,glazed_rim_porcelain_ramekin_1,is_behind,flat_stove_1
pick_up_the_black_bowl_on_the_wooden_cabinet_and_place_it_on_the_plate,demo_14,60,agentview,flat_stove_1,is_in_front_of,glazed_rim_porcelain_ramekin_1
pick_up_the_black_bowl_on_the_wooden_cabinet_and_place_it_on_the_plate,demo_14,60,agentview,plate_1,is_behind,flat_stove_1
pick_up_the_black_bowl_on_the_wooden_cabinet_and_place_it_on_the_plate,demo_14,60,agentview,flat_stove_1,is_in_front_of,plate_1
pick_up_the_black_bowl_on_the_wooden_cabinet_and_place_it_on_the_plate,demo_14,65,agentview,akita_black_bowl_1,is_on_top_of,wooden_cabinet_1
pick_up_the_black_bowl_on_the_wooden_cabinet_and_place_it_on_the_plate,demo_14,65,agentview,wooden_cabinet_1,is_below_of,akita_black_bowl_1
pick_up_the_black_bowl_on_the_wooden_cabinet_and_place_it_on_the_plate,demo_14,65,agentview,akita_black_bowl_1,is_behind,akita_black_bowl_2
pick_up_the_black_bowl_on_the_wooden_cabinet_and_place_it_on_the_plate,demo_14,65,agentview,akita_black_bowl_2,is_in_front_of,akita_black_bowl_1
pick_up_the_black_bowl_on_the_wooden_cabinet_and_place_it_on_the_plate,demo_14,65,agentview,akita_black_bowl_1,is_behind,cookies_1
pick_up_the_black_bowl_on_the_wooden_cabinet_and_place_it_on_the_plate,demo_14,65,agentview,cookies_1,is_in_front_of,akita_black_bowl_1
pick_up_the_black_bowl_on_the_wooden_cabinet_and_place_it_on_the_plate,demo_14,65,agentview,akita_black_bowl_1,is_behind,glazed_rim_porcelain_ramekin_1
pick_up_the_black_bowl_on_the_wooden_cabinet_and_place_it_on_the_plate,demo_14,65,agentview,glazed_rim_porcelain_ramekin_1,is_in_front_of,akita_black_bowl_1
pick_up_the_black_bowl_on_the_wooden_cabinet_and_place_it_on_the_plate,demo_14,65,agentview,akita_black_bowl_1,is_behind,plate_1
pick_up_the_black_bowl_on_the_wooden_cabinet_and_place_it_on_the_plate,demo_14,65,agentview,plate_1,is_in_front_of,akita_black_bowl_1
pick_up_the_black_bowl_on_the_wooden_cabinet_and_place_it_on_the_plate,demo_14,65,agentview,akita_black_bowl_1,is_behind,flat_stove_1
pick_up_the_black_bowl_on_the_wooden_cabinet_and_place_it_on_the_plate,demo_14,65,agentview,flat_stove_1,is_in_front_of,akita_black_bowl_1
pick_up_the_black_bowl_on_the_wooden_cabinet_and_place_it_on_the_plate,demo_14,65,agentview,akita_black_bowl_2,is_on_top_of,flat_stove_1
pick_up_the_black_bowl_on_the_wooden_cabinet_and_place_it_on_the_plate,demo_14,65,agentview,flat_stove_1,is_below_of,akita_black_bowl_2
pick_up_the_black_bowl_on_the_wooden_cabinet_and_place_it_on_the_plate,demo_14,65,agentview,akita_black_bowl_2,is_right_of,cookies_1
pick_up_the_black_bowl_on_the_wooden_cabinet_and_place_it_on_the_plate,demo_14,65,agentview,cookies_1,is_left_of,akita_black_bowl_2
pick_up_the_black_bowl_on_the_wooden_cabinet_and_place_it_on_the_plate,demo_14,65,agentview,akita_black_bowl_2,is_right_of,glazed_rim_porcelain_ramekin_1
pick_up_the_black_bowl_on_the_wooden_cabinet_and_place_it_on_the_plate,demo_14,65,agentview,glazed_rim_porcelain_ramekin_1,is_left_of,akita_black_bowl_2
pick_up_the_black_bowl_on_the_wooden_cabinet_and_place_it_on_the_plate,demo_14,65,agentview,akita_black_bowl_2,is_right_of,plate_1
pick_up_the_black_bowl_on_the_wooden_cabinet_and_place_it_on_the_plate,demo_14,65,agentview,plate_1,is_left_of,akita_black_bowl_2
pick_up_the_black_bowl_on_the_wooden_cabinet_and_place_it_on_the_plate,demo_14,65,agentview,akita_black_bowl_2,is_behind,wooden_cabinet_1
pick_up_the_black_bowl_on_the_wooden_cabinet_and_place_it_on_the_plate,demo_14,65,agentview,wooden_cabinet_1,is_in_front_of,akita_black_bowl_2
pick_up_the_black_bowl_on_the_wooden_cabinet_and_place_it_on_the_plate,demo_14,65,agentview,cookies_1,is_right_of,glazed_rim_porcelain_ramekin_1
pick_up_the_black_bowl_on_the_wooden_cabinet_and_place_it_on_the_plate,demo_14,65,agentview,glazed_rim_porcelain_ramekin_1,is_left_of,cookies_1
pick_up_the_black_bowl_on_the_wooden_cabinet_and_place_it_on_the_plate,demo_14,65,agentview,cookies_1,is_right_of,plate_1
pick_up_the_black_bowl_on_the_wooden_cabinet_and_place_it_on_the_plate,demo_14,65,agentview,plate_1,is_left_of,cookies_1
pick_up_the_black_bowl_on_the_wooden_cabinet_and_place_it_on_the_plate,demo_14,65,agentview,cookies_1,is_behind,wooden_cabinet_1
pick_up_the_black_bowl_on_the_wooden_cabinet_and_place_it_on_the_plate,demo_14,65,agentview,wooden_cabinet_1,is_in_front_of,cookies_1
pick_up_the_black_bowl_on_the_wooden_cabinet_and_place_it_on_the_plate,demo_14,65,agentview,cookies_1,is_in_front_of,flat_stove_1
pick_up_the_black_bowl_on_the_wooden_cabinet_and_place_it_on_the_plate,demo_14,65,agentview,flat_stove_1,is_behind,cookies_1
pick_up_the_black_bowl_on_the_wooden_cabinet_and_place_it_on_the_plate,demo_14,65,agentview,glazed_rim_porcelain_ramekin_1,is_right_of,plate_1
pick_up_the_black_bowl_on_the_wooden_cabinet_and_place_it_on_the_plate,demo_14,65,agentview,plate_1,is_left_of,glazed_rim_porcelain_ramekin_1
pick_up_the_black_bowl_on_the_wooden_cabinet_and_place_it_on_the_plate,demo_14,65,agentview,glazed_rim_porcelain_ramekin_1,is_behind,wooden_cabinet_1
pick_up_the_black_bowl_on_the_wooden_cabinet_and_place_it_on_the_plate,demo_14,65,agentview,wooden_cabinet_1,is_in_front_of,glazed_rim_porcelain_ramekin_1
pick_up_the_black_bowl_on_the_wooden_cabinet_and_place_it_on_the_plate,demo_14,65,agentview,glazed_rim_porcelain_ramekin_1,is_in_front_of,flat_stove_1
pick_up_the_black_bowl_on_the_wooden_cabinet_and_place_it_on_the_plate,demo_14,65,agentview,flat_stove_1,is_behind,glazed_rim_porcelain_ramekin_1
pick_up_the_black_bowl_on_the_wooden_cabinet_and_place_it_on_the_plate,demo_14,65,agentview,plate_1,is_behind,wooden_cabinet_1
pick_up_the_black_bowl_on_the_wooden_cabinet_and_place_it_on_the_plate,demo_14,65,agentview,wooden_cabinet_1,is_in_front_of,plate_1
pick_up_the_black_bowl_on_the_wooden_cabinet_and_place_it_on_the_plate,demo_14,65,agentview,plate_1,is_in_front_of,flat_stove_1
pick_up_the_black_bowl_on_the_wooden_cabinet_and_place_it_on_the_plate,demo_14,65,agentview,flat_stove_1,is_behind,plate_1
pick_up_the_black_bowl_on_the_wooden_cabinet_and_place_it_on_the_plate,demo_14,65,agentview,wooden_cabinet_1,is_on_top_of,flat_stove_1
pick_up_the_black_bowl_on_the_wooden_cabinet_and_place_it_on_the_plate,demo_14,65,agentview,flat_stove_1,is_below_of,wooden_cabinet_1
pick_up_the_black_bowl_on_the_wooden_cabinet_and_place_it_on_the_plate,demo_14,70,agentview,akita_black_bowl_1,is_on_top_of,wooden_cabinet_1
pick_up_the_black_bowl_on_the_wooden_cabinet_and_place_it_on_the_plate,demo_14,70,agentview,wooden_cabinet_1,is_below_of,akita_black_bowl_1
pick_up_the_black_bowl_on_the_wooden_cabinet_and_place_it_on_the_plate,demo_14,70,agentview,akita_black_bowl_2,is_on_top_of,plate_1
pick_up_the_black_bowl_on_the_wooden_cabinet_and_place_it_on_the_plate,demo_14,70,agentview,plate_1,is_below_of,akita_black_bowl_2
pick_up_the_black_bowl_on_the_wooden_cabinet_and_place_it_on_the_plate,demo_14,70,agentview,glazed_rim_porcelain_ramekin_1,is_on_top_of,flat_stove_1
pick_up_the_black_bowl_on_the_wooden_cabinet_and_place_it_on_the_plate,demo_14,70,agentview,flat_stove_1,is_below_of,glazed_rim_porcelain_ramekin_1
pick_up_the_black_bowl_on_the_wooden_cabinet_and_place_it_on_the_plate,demo_14,70,agentview,cookies_1,is_on_top_of,flat_stove_1
pick_up_the_black_bowl_on_the_wooden_cabinet_and_place_it_on_the_plate,demo_14,70,agentview,flat_stove_1,is_below_of,cookies_1
pick_up_the_black_bowl_on_the_wooden_cabinet_and_place_it_on_the_plate,demo_14,70,agentview,akita_black_bowl_1,is_behind,akita_black_bowl_2
pick_up_the_black_bowl_on_the_wooden_cabinet_and_place_it_on_the_plate,demo_14,70,agentview,akita_black_bowl_2,is_in_front_of,akita_black_bowl_1
pick_up_the_black_bowl_on_the_wooden_cabinet_and_place_it_on_the_plate,demo_14,70,agentview,akita_black_bowl_1,is_behind,glazed_rim_porcelain_ramekin_1
pick_up_the_black_bowl_on_the_wooden_cabinet_and_place_it_on_the_plate,demo_14,70,agentview,glazed_rim_porcelain_ramekin_1,is_in_front_of,akita_black_bowl_1
pick_up_the_black_bowl_on_the_wooden_cabinet_and_place_it_on_the_plate,demo_14,70,agentview,akita_black_bowl_1,is_behind,cookies_1
pick_up_the_black_bowl_on_the_wooden_cabinet_and_place_it_on_the_plate,demo_14,70,agentview,cookies_1,is_in_front_of,akita_black_bowl_1
pick_up_the_black_bowl_on_the_wooden_cabinet_and_place_it_on_the_plate,demo_14,70,agentview,akita_black_bowl_1,is_behind,plate_1
pick_up_the_black_bowl_on_the_wooden_cabinet_and_place_it_on_the_plate,demo_14,70,agentview,plate_1,is_in_front_of,akita_black_bowl_1
pick_up_the_black_bowl_on_the_wooden_cabinet_and_place_it_on_the_plate,demo_14,70,agentview,akita_black_bowl_2,is_right_of,glazed_rim_porcelain_ramekin_1
pick_up_the_black_bowl_on_the_wooden_cabinet_and_place_it_on_the_plate,demo_14,70,agentview,glazed_rim_porcelain_ramekin_1,is_left_of,akita_black_bowl_2
pick_up_the_black_bowl_on_the_wooden_cabinet_and_place_it_on_the_plate,demo_14,70,agentview,akita_black_bowl_2,is_right_of,cookies_1
pick_up_the_black_bowl_on_the_wooden_cabinet_and_place_it_on_the_plate,demo_14,70,agentview,cookies_1,is_left_of,akita_black_bowl_2
pick_up_the_black_bowl_on_the_wooden_cabinet_and_place_it_on_the_plate,demo_14,70,agentview,akita_black_bowl_2,is_behind,wooden_cabinet_1
pick_up_the_black_bowl_on_the_wooden_cabinet_and_place_it_on_the_plate,demo_14,70,agentview,wooden_cabinet_1,is_in_front_of,akita_black_bowl_2
pick_up_the_black_bowl_on_the_wooden_cabinet_and_place_it_on_the_plate,demo_14,70,agentview,glazed_rim_porcelain_ramekin_1,is_right_of,cookies_1
pick_up_the_black_bowl_on_the_wooden_cabinet_and_place_it_on_the_plate,demo_14,70,agentview,cookies_1,is_left_of,glazed_rim_porcelain_ramekin_1
pick_up_the_black_bowl_on_the_wooden_cabinet_and_place_it_on_the_plate,demo_14,70,agentview,glazed_rim_porcelain_ramekin_1,is_behind,wooden_cabinet_1
pick_up_the_black_bowl_on_the_wooden_cabinet_and_place_it_on_the_plate,demo_14,70,agentview,wooden_cabinet_1,is_in_front_of,glazed_rim_porcelain_ramekin_1
pick_up_the_black_bowl_on_the_wooden_cabinet_and_place_it_on_the_plate,demo_14,70,agentview,cookies_1,is_behind,wooden_cabinet_1
pick_up_the_black_bowl_on_the_wooden_cabinet_and_place_it_on_the_plate,demo_14,70,agentview,wooden_cabinet_1,is_in_front_of,cookies_1
pick_up_the_black_bowl_on_the_wooden_cabinet_and_place_it_on_the_plate,demo_14,70,agentview,plate_1,is_right_of,glazed_rim_porcelain_ramekin_1
pick_up_the_black_bowl_on_the_wooden_cabinet_and_place_it_on_the_plate,demo_14,70,agentview,glazed_rim_porcelain_ramekin_1,is_left_of,plate_1
pick_up_the_black_bowl_on_the_wooden_cabinet_and_place_it_on_the_plate,demo_14,70,agentview,plate_1,is_right_of,cookies_1
pick_up_the_black_bowl_on_the_wooden_cabinet_and_place_it_on_the_plate,demo_14,70,agentview,cookies_1,is_left_of,plate_1
pick_up_the_black_bowl_on_the_wooden_cabinet_and_place_it_on_the_plate,demo_14,70,agentview,plate_1,is_behind,wooden_cabinet_1
pick_up_the_black_bowl_on_the_wooden_cabinet_and_place_it_on_the_plate,demo_14,70,agentview,wooden_cabinet_1,is_in_front_of,plate_1
pick_up_the_black_bowl_on_the_wooden_cabinet_and_place_it_on_the_plate,demo_14,75,agentview,akita_black_bowl_1,is_on_top_of,wooden_cabinet_1
pick_up_the_black_bowl_on_the_wooden_cabinet_and_place_it_on_the_plate,demo_14,75,agentview,wooden_cabinet_1,is_below_of,akita_black_bowl_1
pick_up_the_black_bowl_on_the_wooden_cabinet_and_place_it_on_the_plate,demo_14,75,agentview,akita_black_bowl_1,is_behind,akita_black_bowl_2
pick_up_the_black_bowl_on_the_wooden_cabinet_and_place_it_on_the_plate,demo_14,75,agentview,akita_black_bowl_2,is_in_front_of,akita_black_bowl_1
pick_up_the_black_bowl_on_the_wooden_cabinet_and_place_it_on_the_plate,demo_14,75,agentview,akita_black_bowl_1,is_behind,cookies_1
pick_up_the_black_bowl_on_the_wooden_cabinet_and_place_it_on_the_plate,demo_14,75,agentview,cookies_1,is_in_front_of,akita_black_bowl_1
pick_up_the_black_bowl_on_the_wooden_cabinet_and_place_it_on_the_plate,demo_14,75,agentview,akita_black_bowl_1,is_behind,glazed_rim_porcelain_ramekin_1
pick_up_the_black_bowl_on_the_wooden_cabinet_and_place_it_on_the_plate,demo_14,75,agentview,glazed_rim_porcelain_ramekin_1,is_in_front_of,akita_black_bowl_1
pick_up_the_black_bowl_on_the_wooden_cabinet_and_place_it_on_the_plate,demo_14,75,agentview,akita_black_bowl_1,is_behind,plate_1
pick_up_the_black_bowl_on_the_wooden_cabinet_and_place_it_on_the_plate,demo_14,75,agentview,plate_1,is_in_front_of,akita_black_bowl_1
pick_up_the_black_bowl_on_the_wooden_cabinet_and_place_it_on_the_plate,demo_14,75,agentview,akita_black_bowl_1,is_behind,flat_stove_1
pick_up_the_black_bowl_on_the_wooden_cabinet_and_place_it_on_the_plate,demo_14,75,agentview,flat_stove_1,is_in_front_of,akita_black_bowl_1
pick_up_the_black_bowl_on_the_wooden_cabinet_and_place_it_on_the_plate,demo_14,75,agentview,akita_black_bowl_2,is_left_of,cookies_1
pick_up_the_black_bowl_on_the_wooden_cabinet_and_place_it_on_the_plate,demo_14,75,agentview,cookies_1,is_right_of,akita_black_bowl_2
pick_up_the_black_bowl_on_the_wooden_cabinet_and_place_it_on_the_plate,demo_14,75,agentview,akita_black_bowl_2,is_left_of,glazed_rim_porcelain_ramekin_1
pick_up_the_black_bowl_on_the_wooden_cabinet_and_place_it_on_the_plate,demo_14,75,agentview,glazed_rim_porcelain_ramekin_1,is_right_of,akita_black_bowl_2
pick_up_the_black_bowl_on_the_wooden_cabinet_and_place_it_on_the_plate,demo_14,75,agentview,akita_black_bowl_2,is_left_of,plate_1
pick_up_the_black_bowl_on_the_wooden_cabinet_and_place_it_on_the_plate,demo_14,75,agentview,plate_1,is_right_of,akita_black_bowl_2
pick_up_the_black_bowl_on_the_wooden_cabinet_and_place_it_on_the_plate,demo_14,75,agentview,akita_black_bowl_2,is_on_top_of,flat_stove_1
pick_up_the_black_bowl_on_the_wooden_cabinet_and_place_it_on_the_plate,demo_14,75,agentview,flat_stove_1,is_below_of,akita_black_bowl_2
pick_up_the_black_bowl_on_the_wooden_cabinet_and_place_it_on_the_plate,demo_14,75,agentview,cookies_1,is_left_of,glazed_rim_porcelain_ramekin_1
pick_up_the_black_bowl_on_the_wooden_cabinet_and_place_it_on_the_plate,demo_14,75,agentview,glazed_rim_porcelain_ramekin_1,is_right_of,cookies_1
pick_up_the_black_bowl_on_the_wooden_cabinet_and_place_it_on_the_plate,demo_14,75,agentview,cookies_1,is_left_of,plate_1
pick_up_the_black_bowl_on_the_wooden_cabinet_and_place_it_on_the_plate,demo_14,75,agentview,plate_1,is_right_of,cookies_1
pick_up_the_black_bowl_on_the_wooden_cabinet_and_place_it_on_the_plate,demo_14,75,agentview,cookies_1,is_on_top_of,flat_stove_1
pick_up_the_black_bowl_on_the_wooden_cabinet_and_place_it_on_the_plate,demo_14,75,agentview,flat_stove_1,is_below_of,cookies_1
pick_up_the_black_bowl_on_the_wooden_cabinet_and_place_it_on_the_plate,demo_14,75,agentview,glazed_rim_porcelain_ramekin_1,is_left_of,plate_1
pick_up_the_black_bowl_on_the_wooden_cabinet_and_place_it_on_the_plate,demo_14,75,agentview,plate_1,is_right_of,glazed_rim_porcelain_ramekin_1
pick_up_the_black_bowl_on_the_wooden_cabinet_and_place_it_on_the_plate,demo_14,75,agentview,glazed_rim_porcelain_ramekin_1,is_on_top_of,flat_stove_1
pick_up_the_black_bowl_on_the_wooden_cabinet_and_place_it_on_the_plate,demo_14,75,agentview,flat_stove_1,is_below_of,glazed_rim_porcelain_ramekin_1
pick_up_the_black_bowl_on_the_wooden_cabinet_and_place_it_on_the_plate,demo_14,75,agentview,plate_1,is_on_top_of,flat_stove_1
pick_up_the_black_bowl_on_the_wooden_cabinet_and_place_it_on_the_plate,demo_14,75,agentview,flat_stove_1,is_below_of,plate_1
pick_up_the_black_bowl_on_the_wooden_cabinet_and_place_it_on_the_plate,demo_14,80,agentview,akita_black_bowl_1,is_on_top_of,wooden_cabinet_1
pick_up_the_black_bowl_on_the_wooden_cabinet_and_place_it_on_the_plate,demo_14,80,agentview,wooden_cabinet_1,is_below_of,akita_black_bowl_1
pick_up_the_black_bowl_on_the_wooden_cabinet_and_place_it_on_the_plate,demo_14,80,agentview,akita_black_bowl_1,is_behind,akita_black_bowl_2
pick_up_the_black_bowl_on_the_wooden_cabinet_and_place_it_on_the_plate,demo_14,80,agentview,akita_black_bowl_2,is_in_front_of,akita_black_bowl_1
pick_up_the_black_bowl_on_the_wooden_cabinet_and_place_it_on_the_plate,demo_14,80,agentview,akita_black_bowl_1,is_behind,cookies_1
pick_up_the_black_bowl_on_the_wooden_cabinet_and_place_it_on_the_plate,demo_14,80,agentview,cookies_1,is_in_front_of,akita_black_bowl_1
pick_up_the_black_bowl_on_the_wooden_cabinet_and_place_it_on_the_plate,demo_14,80,agentview,akita_black_bowl_1,is_behind,glazed_rim_porcelain_ramekin_1
pick_up_the_black_bowl_on_the_wooden_cabinet_and_place_it_on_the_plate,demo_14,80,agentview,glazed_rim_porcelain_ramekin_1,is_in_front_of,akita_black_bowl_1
pick_up_the_black_bowl_on_the_wooden_cabinet_and_place_it_on_the_plate,demo_14,80,agentview,akita_black_bowl_1,is_behind,plate_1
pick_up_the_black_bowl_on_the_wooden_cabinet_and_place_it_on_the_plate,demo_14,80,agentview,plate_1,is_in_front_of,akita_black_bowl_1
pick_up_the_black_bowl_on_the_wooden_cabinet_and_place_it_on_the_plate,demo_14,80,agentview,akita_black_bowl_1,is_behind,flat_stove_1
pick_up_the_black_bowl_on_the_wooden_cabinet_and_place_it_on_the_plate,demo_14,80,agentview,flat_stove_1,is_in_front_of,akita_black_bowl_1
pick_up_the_black_bowl_on_the_wooden_cabinet_and_place_it_on_the_plate,demo_14,80,agentview,akita_black_bowl_2,is_left_of,cookies_1
pick_up_the_black_bowl_on_the_wooden_cabinet_and_place_it_on_the_plate,demo_14,80,agentview,cookies_1,is_right_of,akita_black_bowl_2
pick_up_the_black_bowl_on_the_wooden_cabinet_and_place_it_on_the_plate,demo_14,80,agentview,akita_black_bowl_2,is_left_of,glazed_rim_porcelain_ramekin_1
pick_up_the_black_bowl_on_the_wooden_cabinet_and_place_it_on_the_plate,demo_14,80,agentview,glazed_rim_porcelain_ramekin_1,is_right_of,akita_black_bowl_2
pick_up_the_black_bowl_on_the_wooden_cabinet_and_place_it_on_the_plate,demo_14,80,agentview,akita_black_bowl_2,is_left_of,plate_1
pick_up_the_black_bowl_on_the_wooden_cabinet_and_place_it_on_the_plate,demo_14,80,agentview,plate_1,is_right_of,akita_black_bowl_2
pick_up_the_black_bowl_on_the_wooden_cabinet_and_place_it_on_the_plate,demo_14,80,agentview,akita_black_bowl_2,is_in_front_of,wooden_cabinet_1
pick_up_the_black_bowl_on_the_wooden_cabinet_and_place_it_on_the_plate,demo_14,80,agentview,wooden_cabinet_1,is_behind,akita_black_bowl_2
pick_up_the_black_bowl_on_the_wooden_cabinet_and_place_it_on_the_plate,demo_14,80,agentview,akita_black_bowl_2,is_behind,flat_stove_1
pick_up_the_black_bowl_on_the_wooden_cabinet_and_place_it_on_the_plate,demo_14,80,agentview,flat_stove_1,is_in_front_of,akita_black_bowl_2
pick_up_the_black_bowl_on_the_wooden_cabinet_and_place_it_on_the_plate,demo_14,80,agentview,cookies_1,is_left_of,glazed_rim_porcelain_ramekin_1
pick_up_the_black_bowl_on_the_wooden_cabinet_and_place_it_on_the_plate,demo_14,80,agentview,glazed_rim_porcelain_ramekin_1,is_right_of,cookies_1
pick_up_the_black_bowl_on_the_wooden_cabinet_and_place_it_on_the_plate,demo_14,80,agentview,cookies_1,is_left_of,plate_1
pick_up_the_black_bowl_on_the_wooden_cabinet_and_place_it_on_the_plate,demo_14,80,agentview,plate_1,is_right_of,cookies_1
pick_up_the_black_bowl_on_the_wooden_cabinet_and_place_it_on_the_plate,demo_14,80,agentview,cookies_1,is_in_front_of,wooden_cabinet_1
pick_up_the_black_bowl_on_the_wooden_cabinet_and_place_it_on_the_plate,demo_14,80,agentview,wooden_cabinet_1,is_behind,cookies_1
pick_up_the_black_bowl_on_the_wooden_cabinet_and_place_it_on_the_plate,demo_14,80,agentview,cookies_1,is_behind,flat_stove_1
pick_up_the_black_bowl_on_the_wooden_cabinet_and_place_it_on_the_plate,demo_14,80,agentview,flat_stove_1,is_in_front_of,cookies_1
pick_up_the_black_bowl_on_the_wooden_cabinet_and_place_it_on_the_plate,demo_14,80,agentview,glazed_rim_porcelain_ramekin_1,is_left_of,plate_1
pick_up_the_black_bowl_on_the_wooden_cabinet_and_place_it_on_the_plate,demo_14,80,agentview,plate_1,is_right_of,glazed_rim_porcelain_ramekin_1
pick_up_the_black_bowl_on_the_wooden_cabinet_and_place_it_on_the_plate,demo_14,80,agentview,glazed_rim_porcelain_ramekin_1,is_in_front_of,wooden_cabinet_1
pick_up_the_black_bowl_on_the_wooden_cabinet_and_place_it_on_the_plate,demo_14,80,agentview,wooden_cabinet_1,is_behind,glazed_rim_porcelain_ramekin_1
pick_up_the_black_bowl_on_the_wooden_cabinet_and_place_it_on_the_plate,demo_14,80,agentview,glazed_rim_porcelain_ramekin_1,is_behind,flat_stove_1
pick_up_the_black_bowl_on_the_wooden_cabinet_and_place_it_on_the_plate,demo_14,80,agentview,flat_stove_1,is_in_front_of,glazed_rim_porcelain_ramekin_1
pick_up_the_black_bowl_on_the_wooden_cabinet_and_place_it_on_the_plate,demo_14,80,agentview,plate_1,is_on_top_of,flat_stove_1
pick_up_the_black_bowl_on_the_wooden_cabinet_and_place_it_on_the_plate,demo_14,80,agentview,flat_stove_1,is_below_of,plate_1
pick_up_the_black_bowl_on_the_wooden_cabinet_and_place_it_on_the_plate,demo_14,80,agentview,plate_1,is_in_front_of,wooden_cabinet_1
pick_up_the_black_bowl_on_the_wooden_cabinet_and_place_it_on_the_plate,demo_14,80,agentview,wooden_cabinet_1,is_behind,plate_1
pick_up_the_black_bowl_on_the_wooden_cabinet_and_place_it_on_the_plate,demo_14,80,agentview,wooden_cabinet_1,is_behind,flat_stove_1
pick_up_the_black_bowl_on_the_wooden_cabinet_and_place_it_on_the_plate,demo_14,80,agentview,flat_stove_1,is_in_front_of,wooden_cabinet_1
pick_up_the_black_bowl_on_the_wooden_cabinet_and_place_it_on_the_plate,demo_14,85,agentview,akita_black_bowl_1,is_on_top_of,wooden_cabinet_1
pick_up_the_black_bowl_on_the_wooden_cabinet_and_place_it_on_the_plate,demo_14,85,agentview,wooden_cabinet_1,is_below_of,akita_black_bowl_1
pick_up_the_black_bowl_on_the_wooden_cabinet_and_place_it_on_the_plate,demo_14,85,agentview,akita_black_bowl_2,is_on_top_of,plate_1
pick_up_the_black_bowl_on_the_wooden_cabinet_and_place_it_on_the_plate,demo_14,85,agentview,plate_1,is_below_of,akita_black_bowl_2
pick_up_the_black_bowl_on_the_wooden_cabinet_and_place_it_on_the_plate,demo_14,85,agentview,cookies_1,is_on_top_of,flat_stove_1
pick_up_the_black_bowl_on_the_wooden_cabinet_and_place_it_on_the_plate,demo_14,85,agentview,flat_stove_1,is_below_of,cookies_1
pick_up_the_black_bowl_on_the_wooden_cabinet_and_place_it_on_the_plate,demo_14,85,agentview,glazed_rim_porcelain_ramekin_1,is_on_top_of,flat_stove_1
pick_up_the_black_bowl_on_the_wooden_cabinet_and_place_it_on_the_plate,demo_14,85,agentview,flat_stove_1,is_below_of,glazed_rim_porcelain_ramekin_1
pick_up_the_black_bowl_on_the_wooden_cabinet_and_place_it_on_the_plate,demo_14,85,agentview,plate_1,is_on_top_of,flat_stove_1
pick_up_the_black_bowl_on_the_wooden_cabinet_and_place_it_on_the_plate,demo_14,85,agentview,flat_stove_1,is_below_of,plate_1
pick_up_the_black_bowl_on_the_wooden_cabinet_and_place_it_on_the_plate,demo_14,85,agentview,akita_black_bowl_1,is_behind,akita_black_bowl_2
pick_up_the_black_bowl_on_the_wooden_cabinet_and_place_it_on_the_plate,demo_14,85,agentview,akita_black_bowl_2,is_in_front_of,akita_black_bowl_1
pick_up_the_black_bowl_on_the_wooden_cabinet_and_place_it_on_the_plate,demo_14,85,agentview,akita_black_bowl_1,is_behind,plate_1
pick_up_the_black_bowl_on_the_wooden_cabinet_and_place_it_on_the_plate,demo_14,85,agentview,plate_1,is_in_front_of,akita_black_bowl_1
pick_up_the_black_bowl_on_the_wooden_cabinet_and_place_it_on_the_plate,demo_14,85,agentview,akita_black_bowl_1,is_behind,cookies_1
pick_up_the_black_bowl_on_the_wooden_cabinet_and_place_it_on_the_plate,demo_14,85,agentview,cookies_1,is_in_front_of,akita_black_bowl_1
pick_up_the_black_bowl_on_the_wooden_cabinet_and_place_it_on_the_plate,demo_14,85,agentview,akita_black_bowl_1,is_behind,glazed_rim_porcelain_ramekin_1
pick_up_the_black_bowl_on_the_wooden_cabinet_and_place_it_on_the_plate,demo_14,85,agentview,glazed_rim_porcelain_ramekin_1,is_in_front_of,akita_black_bowl_1
pick_up_the_black_bowl_on_the_wooden_cabinet_and_place_it_on_the_plate,demo_14,85,agentview,akita_black_bowl_2,is_right_of,akita_black_bowl_1
pick_up_the_black_bowl_on_the_wooden_cabinet_and_place_it_on_the_plate,demo_14,85,agentview,akita_black_bowl_1,is_left_of,akita_black_bowl_2
pick_up_the_black_bowl_on_the_wooden_cabinet_and_place_it_on_the_plate,demo_14,85,agentview,akita_black_bowl_2,is_behind,cookies_1
pick_up_the_black_bowl_on_the_wooden_cabinet_and_place_it_on_the_plate,demo_14,85,agentview,cookies_1,is_in_front_of,akita_black_bowl_2
pick_up_the_black_bowl_on_the_wooden_cabinet_and_place_it_on_the_plate,demo_14,85,agentview,akita_black_bowl_2,is_behind,glazed_rim_porcelain_ramekin_1
pick_up_the_black_bowl_on_the_wooden_cabinet_and_place_it_on_the_plate,demo_14,85,agentview,glazed_rim_porcelain_ramekin_1,is_in_front_of,akita_black_bowl_2
pick_up_the_black_bowl_on_the_wooden_cabinet_and_place_it_on_the_plate,demo_14,85,agentview,plate_1,is_right_of,akita_black_bowl_1
pick_up_the_black_bowl_on_the_wooden_cabinet_and_place_it_on_the_plate,demo_14,85,agentview,akita_black_bowl_1,is_left_of,plate_1
pick_up_the_black_bowl_on_the_wooden_cabinet_and_place_it_on_the_plate,demo_14,85,agentview,plate_1,is_behind,cookies_1
pick_up_the_black_bowl_on_the_wooden_cabinet_and_place_it_on_the_plate,demo_14,85,agentview,cookies_1,is_in_front_of,plate_1
pick_up_the_black_bowl_on_the_wooden_cabinet_and_place_it_on_the_plate,demo_14,85,agentview,plate_1,is_behind,glazed_rim_porcelain_ramekin_1
pick_up_the_black_bowl_on_the_wooden_cabinet_and_place_it_on_the_plate,demo_14,85,agentview,glazed_rim_porcelain_ramekin_1,is_in_front_of,plate_1
pick_up_the_black_bowl_on_the_wooden_cabinet_and_place_it_on_the_plate,demo_14,85,agentview,cookies_1,is_right_of,akita_black_bowl_1
pick_up_the_black_bowl_on_the_wooden_cabinet_and_place_it_on_the_plate,demo_14,85,agentview,akita_black_bowl_1,is_left_of,cookies_1
pick_up_the_black_bowl_on_the_wooden_cabinet_and_place_it_on_the_plate,demo_14,85,agentview,cookies_1,is_right_of,plate_1
pick_up_the_black_bowl_on_the_wooden_cabinet_and_place_it_on_the_plate,demo_14,85,agentview,plate_1,is_left_of,cookies_1
pick_up_the_black_bowl_on_the_wooden_cabinet_and_place_it_on_the_plate,demo_14,85,agentview,cookies_1,is_left_of,glazed_rim_porcelain_ramekin_1
pick_up_the_black_bowl_on_the_wooden_cabinet_and_place_it_on_the_plate,demo_14,85,agentview,glazed_rim_porcelain_ramekin_1,is_right_of,cookies_1
pick_up_the_black_bowl_on_the_wooden_cabinet_and_place_it_on_the_plate,demo_14,85,agentview,glazed_rim_porcelain_ramekin_1,is_right_of,akita_black_bowl_1
pick_up_the_black_bowl_on_the_wooden_cabinet_and_place_it_on_the_plate,demo_14,85,agentview,akita_black_bowl_1,is_left_of,glazed_rim_porcelain_ramekin_1
pick_up_the_black_bowl_on_the_wooden_cabinet_and_place_it_on_the_plate,demo_14,85,agentview,glazed_rim_porcelain_ramekin_1,is_right_of,plate_1
pick_up_the_black_bowl_on_the_wooden_cabinet_and_place_it_on_the_plate,demo_14,85,agentview,plate_1,is_left_of,glazed_rim_porcelain_ramekin_1
pick_up_the_black_bowl_on_the_wooden_cabinet_and_place_it_on_the_plate,demo_14,85,agentview,wooden_cabinet_1,is_behind,akita_black_bowl_2
pick_up_the_black_bowl_on_the_wooden_cabinet_and_place_it_on_the_plate,demo_14,85,agentview,akita_black_bowl_2,is_in_front_of,wooden_cabinet_1
pick_up_the_black_bowl_on_the_wooden_cabinet_and_place_it_on_the_plate,demo_14,85,agentview,wooden_cabinet_1,is_behind,plate_1
pick_up_the_black_bowl_on_the_wooden_cabinet_and_place_it_on_the_plate,demo_14,85,agentview,plate_1,is_in_front_of,wooden_cabinet_1
pick_up_the_black_bowl_on_the_wooden_cabinet_and_place_it_on_the_plate,demo_14,85,agentview,wooden_cabinet_1,is_behind,cookies_1
pick_up_the_black_bowl_on_the_wooden_cabinet_and_place_it_on_the_plate,demo_14,85,agentview,cookies_1,is_in_front_of,wooden_cabinet_1
pick_up_the_black_bowl_on_the_wooden_cabinet_and_place_it_on_the_plate,demo_14,85,agentview,wooden_cabinet_1,is_behind,glazed_rim_porcelain_ramekin_1
pick_up_the_black_bowl_on_the_wooden_cabinet_and_place_it_on_the_plate,demo_14,85,agentview,glazed_rim_porcelain_ramekin_1,is_in_front_of,wooden_cabinet_1
pick_up_the_black_bowl_on_the_wooden_cabinet_and_place_it_on_the_plate,demo_14,85,agentview,wooden_cabinet_1,is_left_of,akita_black_bowl_2
pick_up_the_black_bowl_on_the_wooden_cabinet_and_place_it_on_the_plate,demo_14,85,agentview,akita_black_bowl_2,is_right_of,wooden_cabinet_1
pick_up_the_black_bowl_on_the_wooden_cabinet_and_place_it_on_the_plate,demo_14,85,agentview,wooden_cabinet_1,is_left_of,plate_1
pick_up_the_black_bowl_on_the_wooden_cabinet_and_place_it_on_the_plate,demo_14,85,agentview,plate_1,is_right_of,wooden_cabinet_1
pick_up_the_black_bowl_on_the_wooden_cabinet_and_place_it_on_the_plate,demo_14,85,agentview,wooden_cabinet_1,is_left_of,cookies_1
pick_up_the_black_bowl_on_the_wooden_cabinet_and_place_it_on_the_plate,demo_14,85,agentview,cookies_1,is_right_of,wooden_cabinet_1
pick_up_the_black_bowl_on_the_wooden_cabinet_and_place_it_on_the_plate,demo_14,85,agentview,wooden_cabinet_1,is_left_of,glazed_rim_porcelain_ramekin_1
pick_up_the_black_bowl_on_the_wooden_cabinet_and_place_it_on_the_plate,demo_14,85,agentview,glazed_rim_porcelain_ramekin_1,is_right_of,wooden_cabinet_1
pick_up_the_black_bowl_on_the_wooden_cabinet_and_place_it_on_the_plate,demo_14,90,agentview,akita_black_bowl_1,is_on_top_of,wooden_cabinet_1
pick_up_the_black_bowl_on_the_wooden_cabinet_and_place_it_on_the_plate,demo_14,90,agentview,wooden_cabinet_1,is_below_of,akita_black_bowl_1
pick_up_the_black_bowl_on_the_wooden_cabinet_and_place_it_on_the_plate,demo_14,90,agentview,akita_black_bowl_2,is_on_top_of,flat_stove_1
pick_up_the_black_bowl_on_the_wooden_cabinet_and_place_it_on_the_plate,demo_14,90,agentview,flat_stove_1,is_below_of,akita_black_bowl_2
pick_up_the_black_bowl_on_the_wooden_cabinet_and_place_it_on_the_plate,demo_14,90,agentview,cookies_1,is_on_top_of,plate_1
pick_up_the_black_bowl_on_the_wooden_cabinet_and_place_it_on_the_plate,demo_14,90,agentview,plate_1,is_below_of,cookies_1
pick_up_the_black_bowl_on_the_wooden_cabinet_and_place_it_on_the_plate,demo_14,90,agentview,glazed_rim_porcelain_ramekin_1,is_on_top_of,flat_stove_1
pick_up_the_black_bowl_on_the_wooden_cabinet_and_place_it_on_the_plate,demo_14,90,agentview,flat_stove_1,is_below_of,glazed_rim_porcelain_ramekin_1
pick_up_the_black_bowl_on_the_wooden_cabinet_and_place_it_on_the_plate,demo_14,90,agentview,plate_1,is_on_top_of,flat_stove_1
pick_up_the_black_bowl_on_the_wooden_cabinet_and_place_it_on_the_plate,demo_14,90,agentview,flat_stove_1,is_below_of,plate_1
pick_up_the_black_bowl_on_the_wooden_cabinet_and_place_it_on_the_plate,demo_14,90,agentview,akita_black_bowl_1,is_behind,akita_black_bowl_2
pick_up_the_black_bowl_on_the_wooden_cabinet_and_place_it_on_the_plate,demo_14,90,agentview,akita_black_bowl_2,is_in_front_of,akita_black_bowl_1
pick_up_the_black_bowl_on_the_wooden_cabinet_and_place_it_on_the_plate,demo_14,90,agentview,akita_black_bowl_1,is_behind,glazed_rim_porcelain_ramekin_1
pick_up_the_black_bowl_on_the_wooden_cabinet_and_place_it_on_the_plate,demo_14,90,agentview,glazed_rim_porcelain_ramekin_1,is_in_front_of,akita_black_bowl_1
pick_up_the_black_bowl_on_the_wooden_cabinet_and_place_it_on_the_plate,demo_14,90,agentview,akita_black_bowl_1,is_behind,plate_1
pick_up_the_black_bowl_on_the_wooden_cabinet_and_place_it_on_the_plate,demo_14,90,agentview,plate_1,is_in_front_of,akita_black_bowl_1
pick_up_the_black_bowl_on_the_wooden_cabinet_and_place_it_on_the_plate,demo_14,90,agentview,akita_black_bowl_1,is_behind,cookies_1
pick_up_the_black_bowl_on_the_wooden_cabinet_and_place_it_on_the_plate,demo_14,90,agentview,cookies_1,is_in_front_of,akita_black_bowl_1
pick_up_the_black_bowl_on_the_wooden_cabinet_and_place_it_on_the_plate,demo_14,90,agentview,akita_black_bowl_2,is_right_of,akita_black_bowl_1
pick_up_the_black_bowl_on_the_wooden_cabinet_and_place_it_on_the_plate,demo_14,90,agentview,akita_black_bowl_1,is_left_of,akita_black_bowl_2
pick_up_the_black_bowl_on_the_wooden_cabinet_and_place_it_on_the_plate,demo_14,90,agentview,akita_black_bowl_2,is_behind,glazed_rim_porcelain_ramekin_1
pick_up_the_black_bowl_on_the_wooden_cabinet_and_place_it_on_the_plate,demo_14,90,agentview,glazed_rim_porcelain_ramekin_1,is_in_front_of,akita_black_bowl_2
pick_up_the_black_bowl_on_the_wooden_cabinet_and_place_it_on_the_plate,demo_14,90,agentview,akita_black_bowl_2,is_behind,plate_1
pick_up_the_black_bowl_on_the_wooden_cabinet_and_place_it_on_the_plate,demo_14,90,agentview,plate_1,is_in_front_of,akita_black_bowl_2
pick_up_the_black_bowl_on_the_wooden_cabinet_and_place_it_on_the_plate,demo_14,90,agentview,akita_black_bowl_2,is_behind,cookies_1
pick_up_the_black_bowl_on_the_wooden_cabinet_and_place_it_on_the_plate,demo_14,90,agentview,cookies_1,is_in_front_of,akita_black_bowl_2
pick_up_the_black_bowl_on_the_wooden_cabinet_and_place_it_on_the_plate,demo_14,90,agentview,glazed_rim_porcelain_ramekin_1,is_right_of,akita_black_bowl_1
pick_up_the_black_bowl_on_the_wooden_cabinet_and_place_it_on_the_plate,demo_14,90,agentview,akita_black_bowl_1,is_left_of,glazed_rim_porcelain_ramekin_1
pick_up_the_black_bowl_on_the_wooden_cabinet_and_place_it_on_the_plate,demo_14,90,agentview,glazed_rim_porcelain_ramekin_1,is_behind,plate_1
pick_up_the_black_bowl_on_the_wooden_cabinet_and_place_it_on_the_plate,demo_14,90,agentview,plate_1,is_in_front_of,glazed_rim_porcelain_ramekin_1
pick_up_the_black_bowl_on_the_wooden_cabinet_and_place_it_on_the_plate,demo_14,90,agentview,glazed_rim_porcelain_ramekin_1,is_behind,cookies_1
pick_up_the_black_bowl_on_the_wooden_cabinet_and_place_it_on_the_plate,demo_14,90,agentview,cookies_1,is_in_front_of,glazed_rim_porcelain_ramekin_1
pick_up_the_black_bowl_on_the_wooden_cabinet_and_place_it_on_the_plate,demo_14,90,agentview,plate_1,is_right_of,akita_black_bowl_1
pick_up_the_black_bowl_on_the_wooden_cabinet_and_place_it_on_the_plate,demo_14,90,agentview,akita_black_bowl_1,is_left_of,plate_1
pick_up_the_black_bowl_on_the_wooden_cabinet_and_place_it_on_the_plate,demo_14,90,agentview,plate_1,is_left_of,akita_black_bowl_2
pick_up_the_black_bowl_on_the_wooden_cabinet_and_place_it_on_the_plate,demo_14,90,agentview,akita_black_bowl_2,is_right_of,plate_1
pick_up_the_black_bowl_on_the_wooden_cabinet_and_place_it_on_the_plate,demo_14,90,agentview,cookies_1,is_right_of,akita_black_bowl_1
pick_up_the_black_bowl_on_the_wooden_cabinet_and_place_it_on_the_plate,demo_14,90,agentview,akita_black_bowl_1,is_left_of,cookies_1
pick_up_the_black_bowl_on_the_wooden_cabinet_and_place_it_on_the_plate,demo_14,90,agentview,cookies_1,is_left_of,akita_black_bowl_2
pick_up_the_black_bowl_on_the_wooden_cabinet_and_place_it_on_the_plate,demo_14,90,agentview,akita_black_bowl_2,is_right_of,cookies_1
pick_up_the_black_bowl_on_the_wooden_cabinet_and_place_it_on_the_plate,demo_14,95,agentview,akita_black_bowl_1,is_on_top_of,wooden_cabinet_1
pick_up_the_black_bowl_on_the_wooden_cabinet_and_place_it_on_the_plate,demo_14,95,agentview,wooden_cabinet_1,is_below_of,akita_black_bowl_1
pick_up_the_black_bowl_on_the_wooden_cabinet_and_place_it_on_the_plate,demo_14,95,agentview,akita_black_bowl_2,is_on_top_of,plate_1
pick_up_the_black_bowl_on_the_wooden_cabinet_and_place_it_on_the_plate,demo_14,95,agentview,plate_1,is_below_of,akita_black_bowl_2
pick_up_the_black_bowl_on_the_wooden_cabinet_and_place_it_on_the_plate,demo_14,95,agentview,cookies_1,is_on_top_of,flat_stove_1
pick_up_the_black_bowl_on_the_wooden_cabinet_and_place_it_on_the_plate,demo_14,95,agentview,flat_stove_1,is_below_of,cookies_1
pick_up_the_black_bowl_on_the_wooden_cabinet_and_place_it_on_the_plate,demo_14,95,agentview,glazed_rim_porcelain_ramekin_1,is_on_top_of,flat_stove_1
pick_up_the_black_bowl_on_the_wooden_cabinet_and_place_it_on_the_plate,demo_14,95,agentview,flat_stove_1,is_below_of,glazed_rim_porcelain_ramekin_1
pick_up_the_black_bowl_on_the_wooden_cabinet_and_place_it_on_the_plate,demo_14,95,agentview,plate_1,is_on_top_of,flat_stove_1
pick_up_the_black_bowl_on_the_wooden_cabinet_and_place_it_on_the_plate,demo_14,95,agentview,flat_stove_1,is_below_of,plate_1
pick_up_the_black_bowl_on_the_wooden_cabinet_and_place_it_on_the_plate,demo_14,95,agentview,akita_black_bowl_1,is_behind,akita_black_bowl_2
pick_up_the_black_bowl_on_the_wooden_cabinet_and_place_it_on_the_plate,demo_14,95,agentview,akita_black_bowl_2,is_in_front_of,akita_black_bowl_1
pick_up_the_black_bowl_on_the_wooden_cabinet_and_place_it_on_the_plate,demo_14,95,agentview,akita_black_bowl_1,is_behind,cookies_1
pick_up_the_black_bowl_on_the_wooden_cabinet_and_place_it_on_the_plate,demo_14,95,agentview,cookies_1,is_in_front_of,akita_black_bowl_1
pick_up_the_black_bowl_on_the_wooden_cabinet_and_place_it_on_the_plate,demo_14,95,agentview,akita_black_bowl_1,is_behind,glazed_rim_porcelain_ramekin_1
pick_up_the_black_bowl_on_the_wooden_cabinet_and_place_it_on_the_plate,demo_14,95,agentview,glazed_rim_porcelain_ramekin_1,is_in_front_of,akita_black_bowl_1
pick_up_the_black_bowl_on_the_wooden_cabinet_and_place_it_on_the_plate,demo_14,95,agentview,akita_black_bowl_1,is_behind,plate_1
pick_up_the_black_bowl_on_the_wooden_cabinet_and_place_it_on_the_plate,demo_14,95,agentview,plate_1,is_in_front_of,akita_black_bowl_1
pick_up_the_black_bowl_on_the_wooden_cabinet_and_place_it_on_the_plate,demo_14,95,agentview,akita_black_bowl_2,is_right_of,akita_black_bowl_1
pick_up_the_black_bowl_on_the_wooden_cabinet_and_place_it_on_the_plate,demo_14,95,agentview,akita_black_bowl_1,is_left_of,akita_black_bowl_2
pick_up_the_black_bowl_on_the_wooden_cabinet_and_place_it_on_the_plate,demo_14,95,agentview,akita_black_bowl_2,is_behind,cookies_1
pick_up_the_black_bowl_on_the_wooden_cabinet_and_place_it_on_the_plate,demo_14,95,agentview,cookies_1,is_in_front_of,akita_black_bowl_2
pick_up_the_black_bowl_on_the_wooden_cabinet_and_place_it_on_the_plate,demo_14,95,agentview,akita_black_bowl_2,is_right_of,glazed_rim_porcelain_ramekin_1
pick_up_the_black_bowl_on_the_wooden_cabinet_and_place_it_on_the_plate,demo_14,95,agentview,glazed_rim_porcelain_ramekin_1,is_left_of,akita_black_bowl_2
pick_up_the_black_bowl_on_the_wooden_cabinet_and_place_it_on_the_plate,demo_14,95,agentview,akita_black_bowl_2,is_right_of,plate_1
pick_up_the_black_bowl_on_the_wooden_cabinet_and_place_it_on_the_plate,demo_14,95,agentview,plate_1,is_left_of,akita_black_bowl_2
pick_up_the_black_bowl_on_the_wooden_cabinet_and_place_it_on_the_plate,demo_14,95,agentview,cookies_1,is_left_of,glazed_rim_porcelain_ramekin_1
pick_up_the_black_bowl_on_the_wooden_cabinet_and_place_it_on_the_plate,demo_14,95,agentview,glazed_rim_porcelain_ramekin_1,is_right_of,cookies_1
pick_up_the_black_bowl_on_the_wooden_cabinet_and_place_it_on_the_plate,demo_14,95,agentview,cookies_1,is_left_of,plate_1
pick_up_the_black_bowl_on_the_wooden_cabinet_and_place_it_on_the_plate,demo_14,95,agentview,plate_1,is_right_of,cookies_1
pick_up_the_black_bowl_on_the_wooden_cabinet_and_place_it_on_the_plate,demo_14,95,agentview,glazed_rim_porcelain_ramekin_1,is_left_of,plate_1
pick_up_the_black_bowl_on_the_wooden_cabinet_and_place_it_on_the_plate,demo_14,95,agentview,plate_1,is_right_of,glazed_rim_porcelain_ramekin_1
pick_up_the_black_bowl_on_the_wooden_cabinet_and_place_it_on_the_plate,demo_14,95,agentview,wooden_cabinet_1,is_behind,akita_black_bowl_2
pick_up_the_black_bowl_on_the_wooden_cabinet_and_place_it_on_the_plate,demo_14,95,agentview,akita_black_bowl_2,is_in_front_of,wooden_cabinet_1
pick_up_the_black_bowl_on_the_wooden_cabinet_and_place_it_on_the_plate,demo_14,95,agentview,wooden_cabinet_1,is_behind,cookies_1
pick_up_the_black_bowl_on_the_wooden_cabinet_and_place_it_on_the_plate,demo_14,95,agentview,cookies_1,is_in_front_of,wooden_cabinet_1
pick_up_the_black_bowl_on_the_wooden_cabinet_and_place_it_on_the_plate,demo_14,95,agentview,wooden_cabinet_1,is_behind,glazed_rim_porcelain_ramekin_1
pick_up_the_black_bowl_on_the_wooden_cabinet_and_place_it_on_the_plate,demo_14,95,agentview,glazed_rim_porcelain_ramekin_1,is_in_front_of,wooden_cabinet_1
pick_up_the_black_bowl_on_the_wooden_cabinet_and_place_it_on_the_plate,demo_14,95,agentview,wooden_cabinet_1,is_behind,plate_1
pick_up_the_black_bowl_on_the_wooden_cabinet_and_place_it_on_the_plate,demo_14,95,agentview,plate_1,is_in_front_of,wooden_cabinet_1
pick_up_the_black_bowl_on_the_wooden_cabinet_and_place_it_on_the_plate,demo_14,100,agentview,akita_black_bowl_1,is_on_top_of,wooden_cabinet_1
pick_up_the_black_bowl_on_the_wooden_cabinet_and_place_it_on_the_plate,demo_14,100,agentview,wooden_cabinet_1,is_below_of,akita_black_bowl_1
pick_up_the_black_bowl_on_the_wooden_cabinet_and_place_it_on_the_plate,demo_14,100,agentview,akita_black_bowl_1,is_behind,akita_black_bowl_2
pick_up_the_black_bowl_on_the_wooden_cabinet_and_place_it_on_the_plate,demo_14,100,agentview,akita_black_bowl_2,is_in_front_of,akita_black_bowl_1
pick_up_the_black_bowl_on_the_wooden_cabinet_and_place_it_on_the_plate,demo_14,100,agentview,akita_black_bowl_1,is_behind,cookies_1
pick_up_the_black_bowl_on_the_wooden_cabinet_and_place_it_on_the_plate,demo_14,100,agentview,cookies_1,is_in_front_of,akita_black_bowl_1
pick_up_the_black_bowl_on_the_wooden_cabinet_and_place_it_on_the_plate,demo_14,100,agentview,akita_black_bowl_1,is_behind,glazed_rim_porcelain_ramekin_1
pick_up_the_black_bowl_on_the_wooden_cabinet_and_place_it_on_the_plate,demo_14,100,agentview,glazed_rim_porcelain_ramekin_1,is_in_front_of,akita_black_bowl_1
pick_up_the_black_bowl_on_the_wooden_cabinet_and_place_it_on_the_plate,demo_14,100,agentview,akita_black_bowl_1,is_behind,plate_1
pick_up_the_black_bowl_on_the_wooden_cabinet_and_place_it_on_the_plate,demo_14,100,agentview,plate_1,is_in_front_of,akita_black_bowl_1
pick_up_the_black_bowl_on_the_wooden_cabinet_and_place_it_on_the_plate,demo_14,100,agentview,akita_black_bowl_1,is_behind,flat_stove_1
pick_up_the_black_bowl_on_the_wooden_cabinet_and_place_it_on_the_plate,demo_14,100,agentview,flat_stove_1,is_in_front_of,akita_black_bowl_1
pick_up_the_black_bowl_on_the_wooden_cabinet_and_place_it_on_the_plate,demo_14,100,agentview,akita_black_bowl_2,is_on_top_of,wooden_cabinet_1
pick_up_the_black_bowl_on_the_wooden_cabinet_and_place_it_on_the_plate,demo_14,100,agentview,wooden_cabinet_1,is_below_of,akita_black_bowl_2
pick_up_the_black_bowl_on_the_wooden_cabinet_and_place_it_on_the_plate,demo_14,100,agentview,akita_black_bowl_2,is_left_of,cookies_1
pick_up_the_black_bowl_on_the_wooden_cabinet_and_place_it_on_the_plate,demo_14,100,agentview,cookies_1,is_right_of,akita_black_bowl_2
pick_up_the_black_bowl_on_the_wooden_cabinet_and_place_it_on_the_plate,demo_14,100,agentview,akita_black_bowl_2,is_left_of,glazed_rim_porcelain_ramekin_1
pick_up_the_black_bowl_on_the_wooden_cabinet_and_place_it_on_the_plate,demo_14,100,agentview,glazed_rim_porcelain_ramekin_1,is_right_of,akita_black_bowl_2
pick_up_the_black_bowl_on_the_wooden_cabinet_and_place_it_on_the_plate,demo_14,100,agentview,akita_black_bowl_2,is_behind,plate_1
pick_up_the_black_bowl_on_the_wooden_cabinet_and_place_it_on_the_plate,demo_14,100,agentview,plate_1,is_in_front_of,akita_black_bowl_2
pick_up_the_black_bowl_on_the_wooden_cabinet_and_place_it_on_the_plate,demo_14,100,agentview,akita_black_bowl_2,is_behind,flat_stove_1
pick_up_the_black_bowl_on_the_wooden_cabinet_and_place_it_on_the_plate,demo_14,100,agentview,flat_stove_1,is_in_front_of,akita_black_bowl_2
pick_up_the_black_bowl_on_the_wooden_cabinet_and_place_it_on_the_plate,demo_14,100,agentview,cookies_1,is_right_of,glazed_rim_porcelain_ramekin_1
pick_up_the_black_bowl_on_the_wooden_cabinet_and_place_it_on_the_plate,demo_14,100,agentview,glazed_rim_porcelain_ramekin_1,is_left_of,cookies_1
pick_up_the_black_bowl_on_the_wooden_cabinet_and_place_it_on_the_plate,demo_14,100,agentview,cookies_1,is_behind,plate_1
pick_up_the_black_bowl_on_the_wooden_cabinet_and_place_it_on_the_plate,demo_14,100,agentview,plate_1,is_in_front_of,cookies_1
pick_up_the_black_bowl_on_the_wooden_cabinet_and_place_it_on_the_plate,demo_14,100,agentview,cookies_1,is_behind,flat_stove_1
pick_up_the_black_bowl_on_the_wooden_cabinet_and_place_it_on_the_plate,demo_14,100,agentview,flat_stove_1,is_in_front_of,cookies_1
pick_up_the_black_bowl_on_the_wooden_cabinet_and_place_it_on_the_plate,demo_14,100,agentview,glazed_rim_porcelain_ramekin_1,is_behind,plate_1
pick_up_the_black_bowl_on_the_wooden_cabinet_and_place_it_on_the_plate,demo_14,100,agentview,plate_1,is_in_front_of,glazed_rim_porcelain_ramekin_1
pick_up_the_black_bowl_on_the_wooden_cabinet_and_place_it_on_the_plate,demo_14,100,agentview,glazed_rim_porcelain_ramekin_1,is_behind,flat_stove_1
pick_up_the_black_bowl_on_the_wooden_cabinet_and_place_it_on_the_plate,demo_14,100,agentview,flat_stove_1,is_in_front_of,glazed_rim_porcelain_ramekin_1
pick_up_the_black_bowl_on_the_wooden_cabinet_and_place_it_on_the_plate,demo_14,100,agentview,plate_1,is_on_top_of,flat_stove_1
pick_up_the_black_bowl_on_the_wooden_cabinet_and_place_it_on_the_plate,demo_14,100,agentview,flat_stove_1,is_below_of,plate_1
pick_up_the_black_bowl_on_the_wooden_cabinet_and_place_it_on_the_plate,demo_14,105,agentview,akita_black_bowl_1,is_on_top_of,wooden_cabinet_1
pick_up_the_black_bowl_on_the_wooden_cabinet_and_place_it_on_the_plate,demo_14,105,agentview,wooden_cabinet_1,is_below_of,akita_black_bowl_1
pick_up_the_black_bowl_on_the_wooden_cabinet_and_place_it_on_the_plate,demo_14,105,agentview,akita_black_bowl_2,is_on_top_of,plate_1
pick_up_the_black_bowl_on_the_wooden_cabinet_and_place_it_on_the_plate,demo_14,105,agentview,plate_1,is_below_of,akita_black_bowl_2
pick_up_the_black_bowl_on_the_wooden_cabinet_and_place_it_on_the_plate,demo_14,105,agentview,cookies_1,is_on_top_of,flat_stove_1
pick_up_the_black_bowl_on_the_wooden_cabinet_and_place_it_on_the_plate,demo_14,105,agentview,flat_stove_1,is_below_of,cookies_1
pick_up_the_black_bowl_on_the_wooden_cabinet_and_place_it_on_the_plate,demo_14,105,agentview,glazed_rim_porcelain_ramekin_1,is_on_top_of,flat_stove_1
pick_up_the_black_bowl_on_the_wooden_cabinet_and_place_it_on_the_plate,demo_14,105,agentview,flat_stove_1,is_below_of,glazed_rim_porcelain_ramekin_1
pick_up_the_black_bowl_on_the_wooden_cabinet_and_place_it_on_the_plate,demo_14,105,agentview,plate_1,is_right_of,akita_black_bowl_1
pick_up_the_black_bowl_on_the_wooden_cabinet_and_place_it_on_the_plate,demo_14,105,agentview,akita_black_bowl_1,is_left_of,plate_1
pick_up_the_black_bowl_on_the_wooden_cabinet_and_place_it_on_the_plate,demo_14,105,agentview,plate_1,is_right_of,wooden_cabinet_1
pick_up_the_black_bowl_on_the_wooden_cabinet_and_place_it_on_the_plate,demo_14,105,agentview,wooden_cabinet_1,is_left_of,plate_1
pick_up_the_black_bowl_on_the_wooden_cabinet_and_place_it_on_the_plate,demo_14,105,agentview,plate_1,is_behind,cookies_1
pick_up_the_black_bowl_on_the_wooden_cabinet_and_place_it_on_the_plate,demo_14,105,agentview,cookies_1,is_in_front_of,plate_1
pick_up_the_black_bowl_on_the_wooden_cabinet_and_place_it_on_the_plate,demo_14,105,agentview,plate_1,is_behind,glazed_rim_porcelain_ramekin_1
pick_up_the_black_bowl_on_the_wooden_cabinet_and_place_it_on_the_plate,demo_14,105,agentview,glazed_rim_porcelain_ramekin_1,is_in_front_of,plate_1
pick_up_the_black_bowl_on_the_wooden_cabinet_and_place_it_on_the_plate,demo_14,105,agentview,akita_black_bowl_1,is_behind,cookies_1
pick_up_the_black_bowl_on_the_wooden_cabinet_and_place_it_on_the_plate,demo_14,105,agentview,cookies_1,is_in_front_of,akita_black_bowl_1
pick_up_the_black_bowl_on_the_wooden_cabinet_and_place_it_on_the_plate,demo_14,105,agentview,akita_black_bowl_1,is_behind,glazed_rim_porcelain_ramekin_1
pick_up_the_black_bowl_on_the_wooden_cabinet_and_place_it_on_the_plate,demo_14,105,agentview,glazed_rim_porcelain_ramekin_1,is_in_front_of,akita_black_bowl_1
pick_up_the_black_bowl_on_the_wooden_cabinet_and_place_it_on_the_plate,demo_14,105,agentview,wooden_cabinet_1,is_behind,cookies_1
pick_up_the_black_bowl_on_the_wooden_cabinet_and_place_it_on_the_plate,demo_14,105,agentview,cookies_1,is_in_front_of,wooden_cabinet_1
pick_up_the_black_bowl_on_the_wooden_cabinet_and_place_it_on_the_plate,demo_14,105,agentview,wooden_cabinet_1,is_behind,glazed_rim_porcelain_ramekin_1
pick_up_the_black_bowl_on_the_wooden_cabinet_and_place_it_on_the_plate,demo_14,105,agentview,glazed_rim_porcelain_ramekin_1,is_in_front_of,wooden_cabinet_1
pick_up_the_black_bowl_on_the_wooden_cabinet_and_place_it_on_the_plate,demo_14,105,agentview,akita_black_bowl_2,is_right_of,akita_black_bowl_1
pick_up_the_black_bowl_on_the_wooden_cabinet_and_place_it_on_the_plate,demo_14,105,agentview,akita_black_bowl_1,is_left_of,akita_black_bowl_2
pick_up_the_black_bowl_on_the_wooden_cabinet_and_place_it_on_the_plate,demo_14,105,agentview,akita_black_bowl_2,is_right_of,wooden_cabinet_1
pick_up_the_black_bowl_on_the_wooden_cabinet_and_place_it_on_the_plate,demo_14,105,agentview,wooden_cabinet_1,is_left_of,akita_black_bowl_2
pick_up_the_black_bowl_on_the_wooden_cabinet_and_place_it_on_the_plate,demo_14,105,agentview,akita_black_bowl_2,is_behind,cookies_1
pick_up_the_black_bowl_on_the_wooden_cabinet_and_place_it_on_the_plate,demo_14,105,agentview,cookies_1,is_in_front_of,akita_black_bowl_2
pick_up_the_black_bowl_on_the_wooden_cabinet_and_place_it_on_the_plate,demo_14,105,agentview,akita_black_bowl_2,is_behind,glazed_rim_porcelain_ramekin_1
pick_up_the_black_bowl_on_the_wooden_cabinet_and_place_it_on_the_plate,demo_14,105,agentview,glazed_rim_porcelain_ramekin_1,is_in_front_of,akita_black_bowl_2
pick_up_the_black_bowl_on_the_wooden_cabinet_and_place_it_on_the_plate,demo_14,110,agentview,akita_black_bowl_1,is_on_top_of,wooden_cabinet_1
pick_up_the_black_bowl_on_the_wooden_cabinet_and_place_it_on_the_plate,demo_14,110,agentview,wooden_cabinet_1,is_below_of,akita_black_bowl_1
pick_up_the_black_bowl_on_the_wooden_cabinet_and_place_it_on_the_plate,demo_14,110,agentview,akita_black_bowl_1,is_behind,akita_black_bowl_2
pick_up_the_black_bowl_on_the_wooden_cabinet_and_place_it_on_the_plate,demo_14,110,agentview,akita_black_bowl_2,is_in_front_of,akita_black_bowl_1
pick_up_the_black_bowl_on_the_wooden_cabinet_and_place_it_on_the_plate,demo_14,110,agentview,akita_black_bowl_1,is_behind,cookies_1
pick_up_the_black_bowl_on_the_wooden_cabinet_and_place_it_on_the_plate,demo_14,110,agentview,cookies_1,is_in_front_of,akita_black_bowl_1
pick_up_the_black_bowl_on_the_wooden_cabinet_and_place_it_on_the_plate,demo_14,110,agentview,akita_black_bowl_1,is_behind,glazed_rim_porcelain_ramekin_1
pick_up_the_black_bowl_on_the_wooden_cabinet_and_place_it_on_the_plate,demo_14,110,agentview,glazed_rim_porcelain_ramekin_1,is_in_front_of,akita_black_bowl_1
pick_up_the_black_bowl_on_the_wooden_cabinet_and_place_it_on_the_plate,demo_14,110,agentview,akita_black_bowl_1,is_behind,plate_1
pick_up_the_black_bowl_on_the_wooden_cabinet_and_place_it_on_the_plate,demo_14,110,agentview,plate_1,is_in_front_of,akita_black_bowl_1
pick_up_the_black_bowl_on_the_wooden_cabinet_and_place_it_on_the_plate,demo_14,110,agentview,akita_black_bowl_1,is_behind,flat_stove_1
pick_up_the_black_bowl_on_the_wooden_cabinet_and_place_it_on_the_plate,demo_14,110,agentview,flat_stove_1,is_in_front_of,akita_black_bowl_1
pick_up_the_black_bowl_on_the_wooden_cabinet_and_place_it_on_the_plate,demo_14,110,agentview,akita_black_bowl_2,is_on_top_of,plate_1
pick_up_the_black_bowl_on_the_wooden_cabinet_and_place_it_on_the_plate,demo_14,110,agentview,plate_1,is_below_of,akita_black_bowl_2
pick_up_the_black_bowl_on_the_wooden_cabinet_and_place_it_on_the_plate,demo_14,110,agentview,akita_black_bowl_2,is_right_of,cookies_1
pick_up_the_black_bowl_on_the_wooden_cabinet_and_place_it_on_the_plate,demo_14,110,agentview,cookies_1,is_left_of,akita_black_bowl_2
pick_up_the_black_bowl_on_the_wooden_cabinet_and_place_it_on_the_plate,demo_14,110,agentview,akita_black_bowl_2,is_right_of,glazed_rim_porcelain_ramekin_1
pick_up_the_black_bowl_on_the_wooden_cabinet_and_place_it_on_the_plate,demo_14,110,agentview,glazed_rim_porcelain_ramekin_1,is_left_of,akita_black_bowl_2
pick_up_the_black_bowl_on_the_wooden_cabinet_and_place_it_on_the_plate,demo_14,110,agentview,akita_black_bowl_2,is_behind,flat_stove_1
pick_up_the_black_bowl_on_the_wooden_cabinet_and_place_it_on_the_plate,demo_14,110,agentview,flat_stove_1,is_in_front_of,akita_black_bowl_2
pick_up_the_black_bowl_on_the_wooden_cabinet_and_place_it_on_the_plate,demo_14,110,agentview,cookies_1,is_on_top_of,plate_1
pick_up_the_black_bowl_on_the_wooden_cabinet_and_place_it_on_the_plate,demo_14,110,agentview,plate_1,is_below_of,cookies_1
pick_up_the_black_bowl_on_the_wooden_cabinet_and_place_it_on_the_plate,demo_14,110,agentview,cookies_1,is_right_of,glazed_rim_porcelain_ramekin_1
pick_up_the_black_bowl_on_the_wooden_cabinet_and_place_it_on_the_plate,demo_14,110,agentview,glazed_rim_porcelain_ramekin_1,is_left_of,cookies_1
pick_up_the_black_bowl_on_the_wooden_cabinet_and_place_it_on_the_plate,demo_14,110,agentview,cookies_1,is_behind,flat_stove_1
pick_up_the_black_bowl_on_the_wooden_cabinet_and_place_it_on_the_plate,demo_14,110,agentview,flat_stove_1,is_in_front_of,cookies_1
pick_up_the_black_bowl_on_the_wooden_cabinet_and_place_it_on_the_plate,demo_14,110,agentview,glazed_rim_porcelain_ramekin_1,is_on_top_of,plate_1
pick_up_the_black_bowl_on_the_wooden_cabinet_and_place_it_on_the_plate,demo_14,110,agentview,plate_1,is_below_of,glazed_rim_porcelain_ramekin_1
pick_up_the_black_bowl_on_the_wooden_cabinet_and_place_it_on_the_plate,demo_14,110,agentview,glazed_rim_porcelain_ramekin_1,is_behind,flat_stove_1
pick_up_the_black_bowl_on_the_wooden_cabinet_and_place_it_on_the_plate,demo_14,110,agentview,flat_stove_1,is_in_front_of,glazed_rim_porcelain_ramekin_1
pick_up_the_black_bowl_on_the_wooden_cabinet_and_place_it_on_the_plate,demo_14,110,agentview,plate_1,is_on_top_of,flat_stove_1
pick_up_the_black_bowl_on_the_wooden_cabinet_and_place_it_on_the_plate,demo_14,110,agentview,flat_stove_1,is_below_of,plate_1
pick_up_the_black_bowl_on_the_wooden_cabinet_and_place_it_on_the_plate,demo_14,110,agentview,wooden_cabinet_1,is_behind,akita_black_bowl_2
pick_up_the_black_bowl_on_the_wooden_cabinet_and_place_it_on_the_plate,demo_14,110,agentview,akita_black_bowl_2,is_in_front_of,wooden_cabinet_1
pick_up_the_black_bowl_on_the_wooden_cabinet_and_place_it_on_the_plate,demo_14,110,agentview,wooden_cabinet_1,is_behind,cookies_1
pick_up_the_black_bowl_on_the_wooden_cabinet_and_place_it_on_the_plate,demo_14,110,agentview,cookies_1,is_in_front_of,wooden_cabinet_1
pick_up_the_black_bowl_on_the_wooden_cabinet_and_place_it_on_the_plate,demo_14,110,agentview,wooden_cabinet_1,is_behind,glazed_rim_porcelain_ramekin_1
pick_up_the_black_bowl_on_the_wooden_cabinet_and_place_it_on_the_plate,demo_14,110,agentview,glazed_rim_porcelain_ramekin_1,is_in_front_of,wooden_cabinet_1
pick_up_the_black_bowl_on_the_wooden_cabinet_and_place_it_on_the_plate,demo_14,110,agentview,wooden_cabinet_1,is_behind,plate_1
pick_up_the_black_bowl_on_the_wooden_cabinet_and_place_it_on_the_plate,demo_14,110,agentview,plate_1,is_in_front_of,wooden_cabinet_1
pick_up_the_black_bowl_on_the_wooden_cabinet_and_place_it_on_the_plate,demo_14,110,agentview,wooden_cabinet_1,is_behind,flat_stove_1
pick_up_the_black_bowl_on_the_wooden_cabinet_and_place_it_on_the_plate,demo_14,110,agentview,flat_stove_1,is_in_front_of,wooden_cabinet_1
pick_up_the_black_bowl_on_the_wooden_cabinet_and_place_it_on_the_plate,demo_14,115,agentview,akita_black_bowl_1,is_on_top_of,wooden_cabinet_1
pick_up_the_black_bowl_on_the_wooden_cabinet_and_place_it_on_the_plate,demo_14,115,agentview,wooden_cabinet_1,is_below_of,akita_black_bowl_1
pick_up_the_black_bowl_on_the_wooden_cabinet_and_place_it_on_the_plate,demo_14,115,agentview,akita_black_bowl_2,is_on_top_of,flat_stove_1
pick_up_the_black_bowl_on_the_wooden_cabinet_and_place_it_on_the_plate,demo_14,115,agentview,flat_stove_1,is_below_of,akita_black_bowl_2
pick_up_the_black_bowl_on_the_wooden_cabinet_and_place_it_on_the_plate,demo_14,115,agentview,cookies_1,is_on_top_of,plate_1
pick_up_the_black_bowl_on_the_wooden_cabinet_and_place_it_on_the_plate,demo_14,115,agentview,plate_1,is_below_of,cookies_1
pick_up_the_black_bowl_on_the_wooden_cabinet_and_place_it_on_the_plate,demo_14,115,agentview,glazed_rim_porcelain_ramekin_1,is_on_top_of,flat_stove_1
pick_up_the_black_bowl_on_the_wooden_cabinet_and_place_it_on_the_plate,demo_14,115,agentview,flat_stove_1,is_below_of,glazed_rim_porcelain_ramekin_1
pick_up_the_black_bowl_on_the_wooden_cabinet_and_place_it_on_the_plate,demo_14,115,agentview,akita_black_bowl_1,is_behind,akita_black_bowl_2
pick_up_the_black_bowl_on_the_wooden_cabinet_and_place_it_on_the_plate,demo_14,115,agentview,akita_black_bowl_2,is_in_front_of,akita_black_bowl_1
pick_up_the_black_bowl_on_the_wooden_cabinet_and_place_it_on_the_plate,demo_14,115,agentview,akita_black_bowl_1,is_behind,glazed_rim_porcelain_ramekin_1
pick_up_the_black_bowl_on_the_wooden_cabinet_and_place_it_on_the_plate,demo_14,115,agentview,glazed_rim_porcelain_ramekin_1,is_in_front_of,akita_black_bowl_1
pick_up_the_black_bowl_on_the_wooden_cabinet_and_place_it_on_the_plate,demo_14,115,agentview,akita_black_bowl_1,is_behind,cookies_1
pick_up_the_black_bowl_on_the_wooden_cabinet_and_place_it_on_the_plate,demo_14,115,agentview,cookies_1,is_in_front_of,akita_black_bowl_1
pick_up_the_black_bowl_on_the_wooden_cabinet_and_place_it_on_the_plate,demo_14,115,agentview,akita_black_bowl_1,is_behind,plate_1
pick_up_the_black_bowl_on_the_wooden_cabinet_and_place_it_on_the_plate,demo_14,115,agentview,plate_1,is_in_front_of,akita_black_bowl_1
pick_up_the_black_bowl_on_the_wooden_cabinet_and_place_it_on_the_plate,demo_14,115,agentview,akita_black_bowl_2,is_right_of,glazed_rim_porcelain_ramekin_1
pick_up_the_black_bowl_on_the_wooden_cabinet_and_place_it_on_the_plate,demo_14,115,agentview,glazed_rim_porcelain_ramekin_1,is_left_of,akita_black_bowl_2
pick_up_the_black_bowl_on_the_wooden_cabinet_and_place_it_on_the_plate,demo_14,115,agentview,akita_black_bowl_2,is_behind,cookies_1
pick_up_the_black_bowl_on_the_wooden_cabinet_and_place_it_on_the_plate,demo_14,115,agentview,cookies_1,is_in_front_of,akita_black_bowl_2
pick_up_the_black_bowl_on_the_wooden_cabinet_and_place_it_on_the_plate,demo_14,115,agentview,akita_black_bowl_2,is_behind,plate_1
pick_up_the_black_bowl_on_the_wooden_cabinet_and_place_it_on_the_plate,demo_14,115,agentview,plate_1,is_in_front_of,akita_black_bowl_2
pick_up_the_black_bowl_on_the_wooden_cabinet_and_place_it_on_the_plate,demo_14,115,agentview,glazed_rim_porcelain_ramekin_1,is_behind,cookies_1
pick_up_the_black_bowl_on_the_wooden_cabinet_and_place_it_on_the_plate,demo_14,115,agentview,cookies_1,is_in_front_of,glazed_rim_porcelain_ramekin_1
pick_up_the_black_bowl_on_the_wooden_cabinet_and_place_it_on_the_plate,demo_14,115,agentview,glazed_rim_porcelain_ramekin_1,is_behind,plate_1
pick_up_the_black_bowl_on_the_wooden_cabinet_and_place_it_on_the_plate,demo_14,115,agentview,plate_1,is_in_front_of,glazed_rim_porcelain_ramekin_1
pick_up_the_black_bowl_on_the_wooden_cabinet_and_place_it_on_the_plate,demo_14,115,agentview,cookies_1,is_right_of,glazed_rim_porcelain_ramekin_1
pick_up_the_black_bowl_on_the_wooden_cabinet_and_place_it_on_the_plate,demo_14,115,agentview,glazed_rim_porcelain_ramekin_1,is_left_of,cookies_1
pick_up_the_black_bowl_on_the_wooden_cabinet_and_place_it_on_the_plate,demo_14,120,agentview,akita_black_bowl_1,is_on_top_of,wooden_cabinet_1
pick_up_the_black_bowl_on_the_wooden_cabinet_and_place_it_on_the_plate,demo_14,120,agentview,wooden_cabinet_1,is_below_of,akita_black_bowl_1
pick_up_the_black_bowl_on_the_wooden_cabinet_and_place_it_on_the_plate,demo_14,120,agentview,akita_black_bowl_1,is_behind,akita_black_bowl_2
pick_up_the_black_bowl_on_the_wooden_cabinet_and_place_it_on_the_plate,demo_14,120,agentview,akita_black_bowl_2,is_in_front_of,akita_black_bowl_1
pick_up_the_black_bowl_on_the_wooden_cabinet_and_place_it_on_the_plate,demo_14,120,agentview,akita_black_bowl_1,is_behind,cookies_1
pick_up_the_black_bowl_on_the_wooden_cabinet_and_place_it_on_the_plate,demo_14,120,agentview,cookies_1,is_in_front_of,akita_black_bowl_1
pick_up_the_black_bowl_on_the_wooden_cabinet_and_place_it_on_the_plate,demo_14,120,agentview,akita_black_bowl_1,is_behind,glazed_rim_porcelain_ramekin_1
pick_up_the_black_bowl_on_the_wooden_cabinet_and_place_it_on_the_plate,demo_14,120,agentview,glazed_rim_porcelain_ramekin_1,is_in_front_of,akita_black_bowl_1
pick_up_the_black_bowl_on_the_wooden_cabinet_and_place_it_on_the_plate,demo_14,120,agentview,akita_black_bowl_1,is_behind,plate_1
pick_up_the_black_bowl_on_the_wooden_cabinet_and_place_it_on_the_plate,demo_14,120,agentview,plate_1,is_in_front_of,akita_black_bowl_1
pick_up_the_black_bowl_on_the_wooden_cabinet_and_place_it_on_the_plate,demo_14,120,agentview,akita_black_bowl_1,is_behind,flat_stove_1
pick_up_the_black_bowl_on_the_wooden_cabinet_and_place_it_on_the_plate,demo_14,120,agentview,flat_stove_1,is_in_front_of,akita_black_bowl_1
pick_up_the_black_bowl_on_the_wooden_cabinet_and_place_it_on_the_plate,demo_14,120,agentview,akita_black_bowl_2,is_left_of,glazed_rim_porcelain_ramekin_1
pick_up_the_black_bowl_on_the_wooden_cabinet_and_place_it_on_the_plate,demo_14,120,agentview,glazed_rim_porcelain_ramekin_1,is_right_of,akita_black_bowl_2
pick_up_the_black_bowl_on_the_wooden_cabinet_and_place_it_on_the_plate,demo_14,120,agentview,akita_black_bowl_2,is_in_front_of,wooden_cabinet_1
pick_up_the_black_bowl_on_the_wooden_cabinet_and_place_it_on_the_plate,demo_14,120,agentview,wooden_cabinet_1,is_behind,akita_black_bowl_2
pick_up_the_black_bowl_on_the_wooden_cabinet_and_place_it_on_the_plate,demo_14,120,agentview,akita_black_bowl_2,is_left_of,plate_1
pick_up_the_black_bowl_on_the_wooden_cabinet_and_place_it_on_the_plate,demo_14,120,agentview,plate_1,is_right_of,akita_black_bowl_2
pick_up_the_black_bowl_on_the_wooden_cabinet_and_place_it_on_the_plate,demo_14,120,agentview,akita_black_bowl_2,is_in_front_of,flat_stove_1
pick_up_the_black_bowl_on_the_wooden_cabinet_and_place_it_on_the_plate,demo_14,120,agentview,flat_stove_1,is_behind,akita_black_bowl_2
pick_up_the_black_bowl_on_the_wooden_cabinet_and_place_it_on_the_plate,demo_14,120,agentview,cookies_1,is_left_of,glazed_rim_porcelain_ramekin_1
pick_up_the_black_bowl_on_the_wooden_cabinet_and_place_it_on_the_plate,demo_14,120,agentview,glazed_rim_porcelain_ramekin_1,is_right_of,cookies_1
pick_up_the_black_bowl_on_the_wooden_cabinet_and_place_it_on_the_plate,demo_14,120,agentview,cookies_1,is_left_of,plate_1
pick_up_the_black_bowl_on_the_wooden_cabinet_and_place_it_on_the_plate,demo_14,120,agentview,plate_1,is_right_of,cookies_1
pick_up_the_black_bowl_on_the_wooden_cabinet_and_place_it_on_the_plate,demo_14,120,agentview,cookies_1,is_in_front_of,flat_stove_1
pick_up_the_black_bowl_on_the_wooden_cabinet_and_place_it_on_the_plate,demo_14,120,agentview,flat_stove_1,is_behind,cookies_1
pick_up_the_black_bowl_on_the_wooden_cabinet_and_place_it_on_the_plate,demo_14,120,agentview,glazed_rim_porcelain_ramekin_1,is_left_of,plate_1
pick_up_the_black_bowl_on_the_wooden_cabinet_and_place_it_on_the_plate,demo_14,120,agentview,plate_1,is_right_of,glazed_rim_porcelain_ramekin_1
pick_up_the_black_bowl_on_the_wooden_cabinet_and_place_it_on_the_plate,demo_14,120,agentview,glazed_rim_porcelain_ramekin_1,is_in_front_of,flat_stove_1
pick_up_the_black_bowl_on_the_wooden_cabinet_and_place_it_on_the_plate,demo_14,120,agentview,flat_stove_1,is_behind,glazed_rim_porcelain_ramekin_1
pick_up_the_black_bowl_on_the_wooden_cabinet_and_place_it_on_the_plate,demo_14,120,agentview,plate_1,is_on_top_of,flat_stove_1
pick_up_the_black_bowl_on_the_wooden_cabinet_and_place_it_on_the_plate,demo_14,120,agentview,flat_stove_1,is_below_of,plate_1
pick_up_the_black_bowl_on_the_wooden_cabinet_and_place_it_on_the_plate,demo_14,125,agentview,akita_black_bowl_1,is_on_top_of,wooden_cabinet_1
pick_up_the_black_bowl_on_the_wooden_cabinet_and_place_it_on_the_plate,demo_14,125,agentview,wooden_cabinet_1,is_below_of,akita_black_bowl_1
pick_up_the_black_bowl_on_the_wooden_cabinet_and_place_it_on_the_plate,demo_14,125,agentview,akita_black_bowl_2,is_on_top_of,plate_1
pick_up_the_black_bowl_on_the_wooden_cabinet_and_place_it_on_the_plate,demo_14,125,agentview,plate_1,is_below_of,akita_black_bowl_2
pick_up_the_black_bowl_on_the_wooden_cabinet_and_place_it_on_the_plate,demo_14,125,agentview,cookies_1,is_on_top_of,flat_stove_1
pick_up_the_black_bowl_on_the_wooden_cabinet_and_place_it_on_the_plate,demo_14,125,agentview,flat_stove_1,is_below_of,cookies_1
pick_up_the_black_bowl_on_the_wooden_cabinet_and_place_it_on_the_plate,demo_14,125,agentview,glazed_rim_porcelain_ramekin_1,is_on_top_of,flat_stove_1
pick_up_the_black_bowl_on_the_wooden_cabinet_and_place_it_on_the_plate,demo_14,125,agentview,flat_stove_1,is_below_of,glazed_rim_porcelain_ramekin_1
pick_up_the_black_bowl_on_the_wooden_cabinet_and_place_it_on_the_plate,demo_14,125,agentview,plate_1,is_on_top_of,flat_stove_1
pick_up_the_black_bowl_on_the_wooden_cabinet_and_place_it_on_the_plate,demo_14,125,agentview,flat_stove_1,is_below_of,plate_1
pick_up_the_black_bowl_on_the_wooden_cabinet_and_place_it_on_the_plate,demo_14,125,agentview,akita_black_bowl_1,is_behind,akita_black_bowl_2
pick_up_the_black_bowl_on_the_wooden_cabinet_and_place_it_on_the_plate,demo_14,125,agentview,akita_black_bowl_2,is_in_front_of,akita_black_bowl_1
pick_up_the_black_bowl_on_the_wooden_cabinet_and_place_it_on_the_plate,demo_14,125,agentview,akita_black_bowl_1,is_behind,cookies_1
pick_up_the_black_bowl_on_the_wooden_cabinet_and_place_it_on_the_plate,demo_14,125,agentview,cookies_1,is_in_front_of,akita_black_bowl_1
pick_up_the_black_bowl_on_the_wooden_cabinet_and_place_it_on_the_plate,demo_14,125,agentview,akita_black_bowl_1,is_behind,glazed_rim_porcelain_ramekin_1
pick_up_the_black_bowl_on_the_wooden_cabinet_and_place_it_on_the_plate,demo_14,125,agentview,glazed_rim_porcelain_ramekin_1,is_in_front_of,akita_black_bowl_1
pick_up_the_black_bowl_on_the_wooden_cabinet_and_place_it_on_the_plate,demo_14,125,agentview,akita_black_bowl_1,is_behind,plate_1
pick_up_the_black_bowl_on_the_wooden_cabinet_and_place_it_on_the_plate,demo_14,125,agentview,plate_1,is_in_front_of,akita_black_bowl_1
pick_up_the_black_bowl_on_the_wooden_cabinet_and_place_it_on_the_plate,demo_14,125,agentview,akita_black_bowl_2,is_right_of,cookies_1
pick_up_the_black_bowl_on_the_wooden_cabinet_and_place_it_on_the_plate,demo_14,125,agentview,cookies_1,is_left_of,akita_black_bowl_2
pick_up_the_black_bowl_on_the_wooden_cabinet_and_place_it_on_the_plate,demo_14,125,agentview,akita_black_bowl_2,is_behind,glazed_rim_porcelain_ramekin_1
pick_up_the_black_bowl_on_the_wooden_cabinet_and_place_it_on_the_plate,demo_14,125,agentview,glazed_rim_porcelain_ramekin_1,is_in_front_of,akita_black_bowl_2
pick_up_the_black_bowl_on_the_wooden_cabinet_and_place_it_on_the_plate,demo_14,125,agentview,akita_black_bowl_2,is_right_of,plate_1
pick_up_the_black_bowl_on_the_wooden_cabinet_and_place_it_on_the_plate,demo_14,125,agentview,plate_1,is_left_of,akita_black_bowl_2
pick_up_the_black_bowl_on_the_wooden_cabinet_and_place_it_on_the_plate,demo_14,125,agentview,cookies_1,is_left_of,glazed_rim_porcelain_ramekin_1
pick_up_the_black_bowl_on_the_wooden_cabinet_and_place_it_on_the_plate,demo_14,125,agentview,glazed_rim_porcelain_ramekin_1,is_right_of,cookies_1
pick_up_the_black_bowl_on_the_wooden_cabinet_and_place_it_on_the_plate,demo_14,125,agentview,cookies_1,is_in_front_of,plate_1
pick_up_the_black_bowl_on_the_wooden_cabinet_and_place_it_on_the_plate,demo_14,125,agentview,plate_1,is_behind,cookies_1
pick_up_the_black_bowl_on_the_wooden_cabinet_and_place_it_on_the_plate,demo_14,125,agentview,glazed_rim_porcelain_ramekin_1,is_right_of,plate_1
pick_up_the_black_bowl_on_the_wooden_cabinet_and_place_it_on_the_plate,demo_14,125,agentview,plate_1,is_left_of,glazed_rim_porcelain_ramekin_1
pick_up_the_black_bowl_on_the_wooden_cabinet_and_place_it_on_the_plate,demo_14,125,agentview,wooden_cabinet_1,is_behind,akita_black_bowl_2
pick_up_the_black_bowl_on_the_wooden_cabinet_and_place_it_on_the_plate,demo_14,125,agentview,akita_black_bowl_2,is_in_front_of,wooden_cabinet_1
pick_up_the_black_bowl_on_the_wooden_cabinet_and_place_it_on_the_plate,demo_14,125,agentview,wooden_cabinet_1,is_behind,cookies_1
pick_up_the_black_bowl_on_the_wooden_cabinet_and_place_it_on_the_plate,demo_14,125,agentview,cookies_1,is_in_front_of,wooden_cabinet_1
pick_up_the_black_bowl_on_the_wooden_cabinet_and_place_it_on_the_plate,demo_14,125,agentview,wooden_cabinet_1,is_behind,glazed_rim_porcelain_ramekin_1
pick_up_the_black_bowl_on_the_wooden_cabinet_and_place_it_on_the_plate,demo_14,125,agentview,glazed_rim_porcelain_ramekin_1,is_in_front_of,wooden_cabinet_1
pick_up_the_black_bowl_on_the_wooden_cabinet_and_place_it_on_the_plate,demo_14,125,agentview,wooden_cabinet_1,is_behind,plate_1
pick_up_the_black_bowl_on_the_wooden_cabinet_and_place_it_on_the_plate,demo_14,125,agentview,plate_1,is_in_front_of,wooden_cabinet_1
pick_up_the_black_bowl_on_the_wooden_cabinet_and_place_it_on_the_plate,demo_14,130,agentview,akita_black_bowl_1,is_on_top_of,wooden_cabinet_1
pick_up_the_black_bowl_on_the_wooden_cabinet_and_place_it_on_the_plate,demo_14,130,agentview,wooden_cabinet_1,is_below_of,akita_black_bowl_1
pick_up_the_black_bowl_on_the_wooden_cabinet_and_place_it_on_the_plate,demo_14,130,agentview,akita_black_bowl_2,is_on_top_of,plate_1
pick_up_the_black_bowl_on_the_wooden_cabinet_and_place_it_on_the_plate,demo_14,130,agentview,plate_1,is_below_of,akita_black_bowl_2
pick_up_the_black_bowl_on_the_wooden_cabinet_and_place_it_on_the_plate,demo_14,130,agentview,cookies_1,is_on_top_of,flat_stove_1
pick_up_the_black_bowl_on_the_wooden_cabinet_and_place_it_on_the_plate,demo_14,130,agentview,flat_stove_1,is_below_of,cookies_1
pick_up_the_black_bowl_on_the_wooden_cabinet_and_place_it_on_the_plate,demo_14,130,agentview,glazed_rim_porcelain_ramekin_1,is_on_top_of,flat_stove_1
pick_up_the_black_bowl_on_the_wooden_cabinet_and_place_it_on_the_plate,demo_14,130,agentview,flat_stove_1,is_below_of,glazed_rim_porcelain_ramekin_1
pick_up_the_black_bowl_on_the_wooden_cabinet_and_place_it_on_the_plate,demo_14,130,agentview,plate_1,is_on_top_of,flat_stove_1
pick_up_the_black_bowl_on_the_wooden_cabinet_and_place_it_on_the_plate,demo_14,130,agentview,flat_stove_1,is_below_of,plate_1
pick_up_the_black_bowl_on_the_wooden_cabinet_and_place_it_on_the_plate,demo_14,130,agentview,akita_black_bowl_1,is_behind,akita_black_bowl_2
pick_up_the_black_bowl_on_the_wooden_cabinet_and_place_it_on_the_plate,demo_14,130,agentview,akita_black_bowl_2,is_in_front_of,akita_black_bowl_1
pick_up_the_black_bowl_on_the_wooden_cabinet_and_place_it_on_the_plate,demo_14,130,agentview,akita_black_bowl_1,is_behind,cookies_1
pick_up_the_black_bowl_on_the_wooden_cabinet_and_place_it_on_the_plate,demo_14,130,agentview,cookies_1,is_in_front_of,akita_black_bowl_1
pick_up_the_black_bowl_on_the_wooden_cabinet_and_place_it_on_the_plate,demo_14,130,agentview,akita_black_bowl_1,is_behind,glazed_rim_porcelain_ramekin_1
pick_up_the_black_bowl_on_the_wooden_cabinet_and_place_it_on_the_plate,demo_14,130,agentview,glazed_rim_porcelain_ramekin_1,is_in_front_of,akita_black_bowl_1
pick_up_the_black_bowl_on_the_wooden_cabinet_and_place_it_on_the_plate,demo_14,130,agentview,akita_black_bowl_1,is_behind,plate_1
pick_up_the_black_bowl_on_the_wooden_cabinet_and_place_it_on_the_plate,demo_14,130,agentview,plate_1,is_in_front_of,akita_black_bowl_1
pick_up_the_black_bowl_on_the_wooden_cabinet_and_place_it_on_the_plate,demo_14,130,agentview,akita_black_bowl_2,is_left_of,cookies_1
pick_up_the_black_bowl_on_the_wooden_cabinet_and_place_it_on_the_plate,demo_14,130,agentview,cookies_1,is_right_of,akita_black_bowl_2
pick_up_the_black_bowl_on_the_wooden_cabinet_and_place_it_on_the_plate,demo_14,130,agentview,akita_black_bowl_2,is_behind,glazed_rim_porcelain_ramekin_1
pick_up_the_black_bowl_on_the_wooden_cabinet_and_place_it_on_the_plate,demo_14,130,agentview,glazed_rim_porcelain_ramekin_1,is_in_front_of,akita_black_bowl_2
pick_up_the_black_bowl_on_the_wooden_cabinet_and_place_it_on_the_plate,demo_14,130,agentview,akita_black_bowl_2,is_left_of,plate_1
pick_up_the_black_bowl_on_the_wooden_cabinet_and_place_it_on_the_plate,demo_14,130,agentview,plate_1,is_right_of,akita_black_bowl_2
pick_up_the_black_bowl_on_the_wooden_cabinet_and_place_it_on_the_plate,demo_14,130,agentview,cookies_1,is_behind,glazed_rim_porcelain_ramekin_1
pick_up_the_black_bowl_on_the_wooden_cabinet_and_place_it_on_the_plate,demo_14,130,agentview,glazed_rim_porcelain_ramekin_1,is_in_front_of,cookies_1
pick_up_the_black_bowl_on_the_wooden_cabinet_and_place_it_on_the_plate,demo_14,130,agentview,cookies_1,is_left_of,plate_1
pick_up_the_black_bowl_on_the_wooden_cabinet_and_place_it_on_the_plate,demo_14,130,agentview,plate_1,is_right_of,cookies_1
pick_up_the_black_bowl_on_the_wooden_cabinet_and_place_it_on_the_plate,demo_14,130,agentview,glazed_rim_porcelain_ramekin_1,is_left_of,plate_1
pick_up_the_black_bowl_on_the_wooden_cabinet_and_place_it_on_the_plate,demo_14,130,agentview,plate_1,is_right_of,glazed_rim_porcelain_ramekin_1
pick_up_the_black_bowl_on_the_wooden_cabinet_and_place_it_on_the_plate,demo_14,130,agentview,akita_black_bowl_1,is_behind,wooden_cabinet_1
pick_up_the_black_bowl_on_the_wooden_cabinet_and_place_it_on_the_plate,demo_14,130,agentview,wooden_cabinet_1,is_in_front_of,akita_black_bowl_1
pick_up_the_black_bowl_on_the_wooden_cabinet_and_place_it_on_the_plate,demo_14,135,agentview,akita_black_bowl_1,is_on_top_of,wooden_cabinet_1
pick_up_the_black_bowl_on_the_wooden_cabinet_and_place_it_on_the_plate,demo_14,135,agentview,wooden_cabinet_1,is_below_of,akita_black_bowl_1
pick_up_the_black_bowl_on_the_wooden_cabinet_and_place_it_on_the_plate,demo_14,135,agentview,akita_black_bowl_2,is_on_top_of,plate_1
pick_up_the_black_bowl_on_the_wooden_cabinet_and_place_it_on_the_plate,demo_14,135,agentview,plate_1,is_below_of,akita_black_bowl_2
pick_up_the_black_bowl_on_the_wooden_cabinet_and_place_it_on_the_plate,demo_14,135,agentview,cookies_1,is_on_top_of,flat_stove_1
pick_up_the_black_bowl_on_the_wooden_cabinet_and_place_it_on_the_plate,demo_14,135,agentview,flat_stove_1,is_below_of,cookies_1
pick_up_the_black_bowl_on_the_wooden_cabinet_and_place_it_on_the_plate,demo_14,135,agentview,glazed_rim_porcelain_ramekin_1,is_on_top_of,flat_stove_1
pick_up_the_black_bowl_on_the_wooden_cabinet_and_place_it_on_the_plate,demo_14,135,agentview,flat_stove_1,is_below_of,glazed_rim_porcelain_ramekin_1
pick_up_the_black_bowl_on_the_wooden_cabinet_and_place_it_on_the_plate,demo_14,135,agentview,plate_1,is_on_top_of,flat_stove_1
pick_up_the_black_bowl_on_the_wooden_cabinet_and_place_it_on_the_plate,demo_14,135,agentview,flat_stove_1,is_below_of,plate_1
pick_up_the_black_bowl_on_the_wooden_cabinet_and_place_it_on_the_plate,demo_14,135,agentview,akita_black_bowl_1,is_behind,akita_black_bowl_2
pick_up_the_black_bowl_on_the_wooden_cabinet_and_place_it_on_the_plate,demo_14,135,agentview,akita_black_bowl_2,is_in_front_of,akita_black_bowl_1
pick_up_the_black_bowl_on_the_wooden_cabinet_and_place_it_on_the_plate,demo_14,135,agentview,akita_black_bowl_1,is_behind,cookies_1
pick_up_the_black_bowl_on_the_wooden_cabinet_and_place_it_on_the_plate,demo_14,135,agentview,cookies_1,is_in_front_of,akita_black_bowl_1
pick_up_the_black_bowl_on_the_wooden_cabinet_and_place_it_on_the_plate,demo_14,135,agentview,akita_black_bowl_1,is_behind,glazed_rim_porcelain_ramekin_1
pick_up_the_black_bowl_on_the_wooden_cabinet_and_place_it_on_the_plate,demo_14,135,agentview,glazed_rim_porcelain_ramekin_1,is_in_front_of,akita_black_bowl_1
pick_up_the_black_bowl_on_the_wooden_cabinet_and_place_it_on_the_plate,demo_14,135,agentview,akita_black_bowl_1,is_behind,plate_1
pick_up_the_black_bowl_on_the_wooden_cabinet_and_place_it_on_the_plate,demo_14,135,agentview,plate_1,is_in_front_of,akita_black_bowl_1
pick_up_the_black_bowl_on_the_wooden_cabinet_and_place_it_on_the_plate,demo_14,135,agentview,akita_black_bowl_2,is_left_of,cookies_1
pick_up_the_black_bowl_on_the_wooden_cabinet_and_place_it_on_the_plate,demo_14,135,agentview,cookies_1,is_right_of,akita_black_bowl_2
pick_up_the_black_bowl_on_the_wooden_cabinet_and_place_it_on_the_plate,demo_14,135,agentview,akita_black_bowl_2,is_behind,glazed_rim_porcelain_ramekin_1
pick_up_the_black_bowl_on_the_wooden_cabinet_and_place_it_on_the_plate,demo_14,135,agentview,glazed_rim_porcelain_ramekin_1,is_in_front_of,akita_black_bowl_2
pick_up_the_black_bowl_on_the_wooden_cabinet_and_place_it_on_the_plate,demo_14,135,agentview,akita_black_bowl_2,is_left_of,plate_1
pick_up_the_black_bowl_on_the_wooden_cabinet_and_place_it_on_the_plate,demo_14,135,agentview,plate_1,is_right_of,akita_black_bowl_2
pick_up_the_black_bowl_on_the_wooden_cabinet_and_place_it_on_the_plate,demo_14,135,agentview,cookies_1,is_left_of,glazed_rim_porcelain_ramekin_1
pick_up_the_black_bowl_on_the_wooden_cabinet_and_place_it_on_the_plate,demo_14,135,agentview,glazed_rim_porcelain_ramekin_1,is_right_of,cookies_1
pick_up_the_black_bowl_on_the_wooden_cabinet_and_place_it_on_the_plate,demo_14,135,agentview,cookies_1,is_left_of,plate_1
pick_up_the_black_bowl_on_the_wooden_cabinet_and_place_it_on_the_plate,demo_14,135,agentview,plate_1,is_right_of,cookies_1
pick_up_the_black_bowl_on_the_wooden_cabinet_and_place_it_on_the_plate,demo_14,135,agentview,glazed_rim_porcelain_ramekin_1,is_left_of,plate_1
pick_up_the_black_bowl_on_the_wooden_cabinet_and_place_it_on_the_plate,demo_14,135,agentview,plate_1,is_right_of,glazed_rim_porcelain_ramekin_1
pick_up_the_black_bowl_on_the_wooden_cabinet_and_place_it_on_the_plate,demo_14,135,agentview,wooden_cabinet_1,is_behind,akita_black_bowl_2
pick_up_the_black_bowl_on_the_wooden_cabinet_and_place_it_on_the_plate,demo_14,135,agentview,akita_black_bowl_2,is_in_front_of,wooden_cabinet_1
pick_up_the_black_bowl_on_the_wooden_cabinet_and_place_it_on_the_plate,demo_14,135,agentview,wooden_cabinet_1,is_behind,cookies_1
pick_up_the_black_bowl_on_the_wooden_cabinet_and_place_it_on_the_plate,demo_14,135,agentview,cookies_1,is_in_front_of,wooden_cabinet_1
pick_up_the_black_bowl_on_the_wooden_cabinet_and_place_it_on_the_plate,demo_14,135,agentview,wooden_cabinet_1,is_behind,glazed_rim_porcelain_ramekin_1
pick_up_the_black_bowl_on_the_wooden_cabinet_and_place_it_on_the_plate,demo_14,135,agentview,glazed_rim_porcelain_ramekin_1,is_in_front_of,wooden_cabinet_1
pick_up_the_black_bowl_on_the_wooden_cabinet_and_place_it_on_the_plate,demo_14,135,agentview,wooden_cabinet_1,is_behind,plate_1
pick_up_the_black_bowl_on_the_wooden_cabinet_and_place_it_on_the_plate,demo_14,135,agentview,plate_1,is_in_front_of,wooden_cabinet_1
pick_up_the_black_bowl_on_the_wooden_cabinet_and_place_it_on_the_plate,demo_15,0,agentview,akita_black_bowl_1,is_on_top_of,wooden_cabinet_1
pick_up_the_black_bowl_on_the_wooden_cabinet_and_place_it_on_the_plate,demo_15,0,agentview,wooden_cabinet_1,is_below_of,akita_black_bowl_1
pick_up_the_black_bowl_on_the_wooden_cabinet_and_place_it_on_the_plate,demo_15,0,agentview,akita_black_bowl_1,is_behind,akita_black_bowl_2
pick_up_the_black_bowl_on_the_wooden_cabinet_and_place_it_on_the_plate,demo_15,0,agentview,akita_black_bowl_2,is_in_front_of,akita_black_bowl_1
pick_up_the_black_bowl_on_the_wooden_cabinet_and_place_it_on_the_plate,demo_15,0,agentview,akita_black_bowl_1,is_behind,cookies_1
pick_up_the_black_bowl_on_the_wooden_cabinet_and_place_it_on_the_plate,demo_15,0,agentview,cookies_1,is_in_front_of,akita_black_bowl_1
pick_up_the_black_bowl_on_the_wooden_cabinet_and_place_it_on_the_plate,demo_15,0,agentview,akita_black_bowl_1,is_behind,glazed_rim_porcelain_ramekin_1
pick_up_the_black_bowl_on_the_wooden_cabinet_and_place_it_on_the_plate,demo_15,0,agentview,glazed_rim_porcelain_ramekin_1,is_in_front_of,akita_black_bowl_1
pick_up_the_black_bowl_on_the_wooden_cabinet_and_place_it_on_the_plate,demo_15,0,agentview,akita_black_bowl_1,is_behind,plate_1
pick_up_the_black_bowl_on_the_wooden_cabinet_and_place_it_on_the_plate,demo_15,0,agentview,plate_1,is_in_front_of,akita_black_bowl_1
pick_up_the_black_bowl_on_the_wooden_cabinet_and_place_it_on_the_plate,demo_15,0,agentview,akita_black_bowl_1,is_behind,flat_stove_1
pick_up_the_black_bowl_on_the_wooden_cabinet_and_place_it_on_the_plate,demo_15,0,agentview,flat_stove_1,is_in_front_of,akita_black_bowl_1
pick_up_the_black_bowl_on_the_wooden_cabinet_and_place_it_on_the_plate,demo_15,0,agentview,akita_black_bowl_2,is_on_top_of,flat_stove_1
pick_up_the_black_bowl_on_the_wooden_cabinet_and_place_it_on_the_plate,demo_15,0,agentview,flat_stove_1,is_below_of,akita_black_bowl_2
pick_up_the_black_bowl_on_the_wooden_cabinet_and_place_it_on_the_plate,demo_15,0,agentview,akita_black_bowl_2,is_left_of,cookies_1
pick_up_the_black_bowl_on_the_wooden_cabinet_and_place_it_on_the_plate,demo_15,0,agentview,cookies_1,is_right_of,akita_black_bowl_2
pick_up_the_black_bowl_on_the_wooden_cabinet_and_place_it_on_the_plate,demo_15,0,agentview,akita_black_bowl_2,is_left_of,glazed_rim_porcelain_ramekin_1
pick_up_the_black_bowl_on_the_wooden_cabinet_and_place_it_on_the_plate,demo_15,0,agentview,glazed_rim_porcelain_ramekin_1,is_right_of,akita_black_bowl_2
pick_up_the_black_bowl_on_the_wooden_cabinet_and_place_it_on_the_plate,demo_15,0,agentview,akita_black_bowl_2,is_left_of,plate_1
pick_up_the_black_bowl_on_the_wooden_cabinet_and_place_it_on_the_plate,demo_15,0,agentview,plate_1,is_right_of,akita_black_bowl_2
pick_up_the_black_bowl_on_the_wooden_cabinet_and_place_it_on_the_plate,demo_15,0,agentview,cookies_1,is_left_of,glazed_rim_porcelain_ramekin_1
pick_up_the_black_bowl_on_the_wooden_cabinet_and_place_it_on_the_plate,demo_15,0,agentview,glazed_rim_porcelain_ramekin_1,is_right_of,cookies_1
pick_up_the_black_bowl_on_the_wooden_cabinet_and_place_it_on_the_plate,demo_15,0,agentview,cookies_1,is_left_of,plate_1
pick_up_the_black_bowl_on_the_wooden_cabinet_and_place_it_on_the_plate,demo_15,0,agentview,plate_1,is_right_of,cookies_1
pick_up_the_black_bowl_on_the_wooden_cabinet_and_place_it_on_the_plate,demo_15,0,agentview,glazed_rim_porcelain_ramekin_1,is_left_of,plate_1
pick_up_the_black_bowl_on_the_wooden_cabinet_and_place_it_on_the_plate,demo_15,0,agentview,plate_1,is_right_of,glazed_rim_porcelain_ramekin_1
pick_up_the_black_bowl_on_the_wooden_cabinet_and_place_it_on_the_plate,demo_15,0,agentview,wooden_cabinet_1,is_behind,akita_black_bowl_2
pick_up_the_black_bowl_on_the_wooden_cabinet_and_place_it_on_the_plate,demo_15,0,agentview,akita_black_bowl_2,is_in_front_of,wooden_cabinet_1
pick_up_the_black_bowl_on_the_wooden_cabinet_and_place_it_on_the_plate,demo_15,0,agentview,wooden_cabinet_1,is_behind,cookies_1
pick_up_the_black_bowl_on_the_wooden_cabinet_and_place_it_on_the_plate,demo_15,0,agentview,cookies_1,is_in_front_of,wooden_cabinet_1
pick_up_the_black_bowl_on_the_wooden_cabinet_and_place_it_on_the_plate,demo_15,0,agentview,wooden_cabinet_1,is_behind,glazed_rim_porcelain_ramekin_1
pick_up_the_black_bowl_on_the_wooden_cabinet_and_place_it_on_the_plate,demo_15,0,agentview,glazed_rim_porcelain_ramekin_1,is_in_front_of,wooden_cabinet_1
pick_up_the_black_bowl_on_the_wooden_cabinet_and_place_it_on_the_plate,demo_15,0,agentview,wooden_cabinet_1,is_behind,plate_1
pick_up_the_black_bowl_on_the_wooden_cabinet_and_place_it_on_the_plate,demo_15,0,agentview,plate_1,is_in_front_of,wooden_cabinet_1
pick_up_the_black_bowl_on_the_wooden_cabinet_and_place_it_on_the_plate,demo_15,0,agentview,wooden_cabinet_1,is_behind,flat_stove_1
pick_up_the_black_bowl_on_the_wooden_cabinet_and_place_it_on_the_plate,demo_15,0,agentview,flat_stove_1,is_in_front_of,wooden_cabinet_1
pick_up_the_black_bowl_on_the_wooden_cabinet_and_place_it_on_the_plate,demo_15,5,agentview,akita_black_bowl_1,is_on_top_of,wooden_cabinet_1
pick_up_the_black_bowl_on_the_wooden_cabinet_and_place_it_on_the_plate,demo_15,5,agentview,wooden_cabinet_1,is_below_of,akita_black_bowl_1
pick_up_the_black_bowl_on_the_wooden_cabinet_and_place_it_on_the_plate,demo_15,5,agentview,akita_black_bowl_2,is_on_top_of,plate_1
pick_up_the_black_bowl_on_the_wooden_cabinet_and_place_it_on_the_plate,demo_15,5,agentview,plate_1,is_below_of,akita_black_bowl_2
pick_up_the_black_bowl_on_the_wooden_cabinet_and_place_it_on_the_plate,demo_15,5,agentview,glazed_rim_porcelain_ramekin_1,is_on_top_of,flat_stove_1
pick_up_the_black_bowl_on_the_wooden_cabinet_and_place_it_on_the_plate,demo_15,5,agentview,flat_stove_1,is_below_of,glazed_rim_porcelain_ramekin_1
pick_up_the_black_bowl_on_the_wooden_cabinet_and_place_it_on_the_plate,demo_15,5,agentview,cookies_1,is_left_of,akita_black_bowl_1
pick_up_the_black_bowl_on_the_wooden_cabinet_and_place_it_on_the_plate,demo_15,5,agentview,akita_black_bowl_1,is_right_of,cookies_1
pick_up_the_black_bowl_on_the_wooden_cabinet_and_place_it_on_the_plate,demo_15,5,agentview,cookies_1,is_left_of,akita_black_bowl_2
pick_up_the_black_bowl_on_the_wooden_cabinet_and_place_it_on_the_plate,demo_15,5,agentview,akita_black_bowl_2,is_right_of,cookies_1
pick_up_the_black_bowl_on_the_wooden_cabinet_and_place_it_on_the_plate,demo_15,5,agentview,cookies_1,is_left_of,glazed_rim_porcelain_ramekin_1
pick_up_the_black_bowl_on_the_wooden_cabinet_and_place_it_on_the_plate,demo_15,5,agentview,glazed_rim_porcelain_ramekin_1,is_right_of,cookies_1
pick_up_the_black_bowl_on_the_wooden_cabinet_and_place_it_on_the_plate,demo_15,5,agentview,cookies_1,is_left_of,plate_1
pick_up_the_black_bowl_on_the_wooden_cabinet_and_place_it_on_the_plate,demo_15,5,agentview,plate_1,is_right_of,cookies_1
pick_up_the_black_bowl_on_the_wooden_cabinet_and_place_it_on_the_plate,demo_15,5,agentview,cookies_1,is_in_front_of,wooden_cabinet_1
pick_up_the_black_bowl_on_the_wooden_cabinet_and_place_it_on_the_plate,demo_15,5,agentview,wooden_cabinet_1,is_behind,cookies_1
pick_up_the_black_bowl_on_the_wooden_cabinet_and_place_it_on_the_plate,demo_15,5,agentview,cookies_1,is_in_front_of,flat_stove_1
pick_up_the_black_bowl_on_the_wooden_cabinet_and_place_it_on_the_plate,demo_15,5,agentview,flat_stove_1,is_behind,cookies_1
pick_up_the_black_bowl_on_the_wooden_cabinet_and_place_it_on_the_plate,demo_15,5,agentview,akita_black_bowl_1,is_right_of,akita_black_bowl_2
pick_up_the_black_bowl_on_the_wooden_cabinet_and_place_it_on_the_plate,demo_15,5,agentview,akita_black_bowl_2,is_left_of,akita_black_bowl_1
pick_up_the_black_bowl_on_the_wooden_cabinet_and_place_it_on_the_plate,demo_15,5,agentview,akita_black_bowl_1,is_behind,akita_black_bowl_2
pick_up_the_black_bowl_on_the_wooden_cabinet_and_place_it_on_the_plate,demo_15,5,agentview,akita_black_bowl_2,is_in_front_of,akita_black_bowl_1
pick_up_the_black_bowl_on_the_wooden_cabinet_and_place_it_on_the_plate,demo_15,5,agentview,akita_black_bowl_1,is_behind,glazed_rim_porcelain_ramekin_1
pick_up_the_black_bowl_on_the_wooden_cabinet_and_place_it_on_the_plate,demo_15,5,agentview,glazed_rim_porcelain_ramekin_1,is_in_front_of,akita_black_bowl_1
pick_up_the_black_bowl_on_the_wooden_cabinet_and_place_it_on_the_plate,demo_15,5,agentview,akita_black_bowl_1,is_behind,plate_1
pick_up_the_black_bowl_on_the_wooden_cabinet_and_place_it_on_the_plate,demo_15,5,agentview,plate_1,is_in_front_of,akita_black_bowl_1
pick_up_the_black_bowl_on_the_wooden_cabinet_and_place_it_on_the_plate,demo_15,5,agentview,akita_black_bowl_1,is_behind,wooden_cabinet_1
pick_up_the_black_bowl_on_the_wooden_cabinet_and_place_it_on_the_plate,demo_15,5,agentview,wooden_cabinet_1,is_in_front_of,akita_black_bowl_1
pick_up_the_black_bowl_on_the_wooden_cabinet_and_place_it_on_the_plate,demo_15,5,agentview,akita_black_bowl_1,is_behind,flat_stove_1
pick_up_the_black_bowl_on_the_wooden_cabinet_and_place_it_on_the_plate,demo_15,5,agentview,flat_stove_1,is_in_front_of,akita_black_bowl_1
pick_up_the_black_bowl_on_the_wooden_cabinet_and_place_it_on_the_plate,demo_15,5,agentview,akita_black_bowl_2,is_left_of,glazed_rim_porcelain_ramekin_1
pick_up_the_black_bowl_on_the_wooden_cabinet_and_place_it_on_the_plate,demo_15,5,agentview,glazed_rim_porcelain_ramekin_1,is_right_of,akita_black_bowl_2
pick_up_the_black_bowl_on_the_wooden_cabinet_and_place_it_on_the_plate,demo_15,5,agentview,akita_black_bowl_2,is_in_front_of,glazed_rim_porcelain_ramekin_1
pick_up_the_black_bowl_on_the_wooden_cabinet_and_place_it_on_the_plate,demo_15,5,agentview,glazed_rim_porcelain_ramekin_1,is_behind,akita_black_bowl_2
pick_up_the_black_bowl_on_the_wooden_cabinet_and_place_it_on_the_plate,demo_15,5,agentview,akita_black_bowl_2,is_in_front_of,wooden_cabinet_1
pick_up_the_black_bowl_on_the_wooden_cabinet_and_place_it_on_the_plate,demo_15,5,agentview,wooden_cabinet_1,is_behind,akita_black_bowl_2
pick_up_the_black_bowl_on_the_wooden_cabinet_and_place_it_on_the_plate,demo_15,5,agentview,akita_black_bowl_2,is_in_front_of,flat_stove_1
pick_up_the_black_bowl_on_the_wooden_cabinet_and_place_it_on_the_plate,demo_15,5,agentview,flat_stove_1,is_behind,akita_black_bowl_2
pick_up_the_black_bowl_on_the_wooden_cabinet_and_place_it_on_the_plate,demo_15,5,agentview,glazed_rim_porcelain_ramekin_1,is_right_of,plate_1
pick_up_the_black_bowl_on_the_wooden_cabinet_and_place_it_on_the_plate,demo_15,5,agentview,plate_1,is_left_of,glazed_rim_porcelain_ramekin_1
pick_up_the_black_bowl_on_the_wooden_cabinet_and_place_it_on_the_plate,demo_15,5,agentview,glazed_rim_porcelain_ramekin_1,is_behind,plate_1
pick_up_the_black_bowl_on_the_wooden_cabinet_and_place_it_on_the_plate,demo_15,5,agentview,plate_1,is_in_front_of,glazed_rim_porcelain_ramekin_1
pick_up_the_black_bowl_on_the_wooden_cabinet_and_place_it_on_the_plate,demo_15,5,agentview,glazed_rim_porcelain_ramekin_1,is_behind,wooden_cabinet_1
pick_up_the_black_bowl_on_the_wooden_cabinet_and_place_it_on_the_plate,demo_15,5,agentview,wooden_cabinet_1,is_in_front_of,glazed_rim_porcelain_ramekin_1
pick_up_the_black_bowl_on_the_wooden_cabinet_and_place_it_on_the_plate,demo_15,5,agentview,glazed_rim_porcelain_ramekin_1,is_right_of,flat_stove_1
pick_up_the_black_bowl_on_the_wooden_cabinet_and_place_it_on_the_plate,demo_15,5,agentview,flat_stove_1,is_left_of,glazed_rim_porcelain_ramekin_1
pick_up_the_black_bowl_on_the_wooden_cabinet_and_place_it_on_the_plate,demo_15,5,agentview,plate_1,is_in_front_of,wooden_cabinet_1
pick_up_the_black_bowl_on_the_wooden_cabinet_and_place_it_on_the_plate,demo_15,5,agentview,wooden_cabinet_1,is_behind,plate_1
pick_up_the_black_bowl_on_the_wooden_cabinet_and_place_it_on_the_plate,demo_15,5,agentview,plate_1,is_in_front_of,flat_stove_1
pick_up_the_black_bowl_on_the_wooden_cabinet_and_place_it_on_the_plate,demo_15,5,agentview,flat_stove_1,is_behind,plate_1
pick_up_the_black_bowl_on_the_wooden_cabinet_and_place_it_on_the_plate,demo_15,5,agentview,wooden_cabinet_1,is_behind,flat_stove_1
pick_up_the_black_bowl_on_the_wooden_cabinet_and_place_it_on_the_plate,demo_15,5,agentview,flat_stove_1,is_in_front_of,wooden_cabinet_1
pick_up_the_black_bowl_on_the_wooden_cabinet_and_place_it_on_the_plate,demo_15,10,agentview,akita_black_bowl_1,is_on_top_of,wooden_cabinet_1
pick_up_the_black_bowl_on_the_wooden_cabinet_and_place_it_on_the_plate,demo_15,10,agentview,wooden_cabinet_1,is_below_of,akita_black_bowl_1
pick_up_the_black_bowl_on_the_wooden_cabinet_and_place_it_on_the_plate,demo_15,10,agentview,akita_black_bowl_2,is_on_top_of,plate_1
pick_up_the_black_bowl_on_the_wooden_cabinet_and_place_it_on_the_plate,demo_15,10,agentview,plate_1,is_below_of,akita_black_bowl_2
pick_up_the_black_bowl_on_the_wooden_cabinet_and_place_it_on_the_plate,demo_15,10,agentview,cookies_1,is_on_top_of,flat_stove_1
pick_up_the_black_bowl_on_the_wooden_cabinet_and_place_it_on_the_plate,demo_15,10,agentview,flat_stove_1,is_below_of,cookies_1
pick_up_the_black_bowl_on_the_wooden_cabinet_and_place_it_on_the_plate,demo_15,10,agentview,glazed_rim_porcelain_ramekin_1,is_on_top_of,flat_stove_1
pick_up_the_black_bowl_on_the_wooden_cabinet_and_place_it_on_the_plate,demo_15,10,agentview,flat_stove_1,is_below_of,glazed_rim_porcelain_ramekin_1
pick_up_the_black_bowl_on_the_wooden_cabinet_and_place_it_on_the_plate,demo_15,10,agentview,plate_1,is_on_top_of,flat_stove_1
pick_up_the_black_bowl_on_the_wooden_cabinet_and_place_it_on_the_plate,demo_15,10,agentview,flat_stove_1,is_below_of,plate_1
pick_up_the_black_bowl_on_the_wooden_cabinet_and_place_it_on_the_plate,demo_15,10,agentview,akita_black_bowl_1,is_behind,akita_black_bowl_2
pick_up_the_black_bowl_on_the_wooden_cabinet_and_place_it_on_the_plate,demo_15,10,agentview,akita_black_bowl_2,is_in_front_of,akita_black_bowl_1
pick_up_the_black_bowl_on_the_wooden_cabinet_and_place_it_on_the_plate,demo_15,10,agentview,akita_black_bowl_1,is_behind,cookies_1
pick_up_the_black_bowl_on_the_wooden_cabinet_and_place_it_on_the_plate,demo_15,10,agentview,cookies_1,is_in_front_of,akita_black_bowl_1
pick_up_the_black_bowl_on_the_wooden_cabinet_and_place_it_on_the_plate,demo_15,10,agentview,akita_black_bowl_1,is_behind,glazed_rim_porcelain_ramekin_1
pick_up_the_black_bowl_on_the_wooden_cabinet_and_place_it_on_the_plate,demo_15,10,agentview,glazed_rim_porcelain_ramekin_1,is_in_front_of,akita_black_bowl_1
pick_up_the_black_bowl_on_the_wooden_cabinet_and_place_it_on_the_plate,demo_15,10,agentview,akita_black_bowl_1,is_behind,plate_1
pick_up_the_black_bowl_on_the_wooden_cabinet_and_place_it_on_the_plate,demo_15,10,agentview,plate_1,is_in_front_of,akita_black_bowl_1
pick_up_the_black_bowl_on_the_wooden_cabinet_and_place_it_on_the_plate,demo_15,10,agentview,akita_black_bowl_2,is_right_of,akita_black_bowl_1
pick_up_the_black_bowl_on_the_wooden_cabinet_and_place_it_on_the_plate,demo_15,10,agentview,akita_black_bowl_1,is_left_of,akita_black_bowl_2
pick_up_the_black_bowl_on_the_wooden_cabinet_and_place_it_on_the_plate,demo_15,10,agentview,akita_black_bowl_2,is_behind,cookies_1
pick_up_the_black_bowl_on_the_wooden_cabinet_and_place_it_on_the_plate,demo_15,10,agentview,cookies_1,is_in_front_of,akita_black_bowl_2
pick_up_the_black_bowl_on_the_wooden_cabinet_and_place_it_on_the_plate,demo_15,10,agentview,akita_black_bowl_2,is_behind,glazed_rim_porcelain_ramekin_1
pick_up_the_black_bowl_on_the_wooden_cabinet_and_place_it_on_the_plate,demo_15,10,agentview,glazed_rim_porcelain_ramekin_1,is_in_front_of,akita_black_bowl_2
pick_up_the_black_bowl_on_the_wooden_cabinet_and_place_it_on_the_plate,demo_15,10,agentview,akita_black_bowl_2,is_right_of,glazed_rim_porcelain_ramekin_1
pick_up_the_black_bowl_on_the_wooden_cabinet_and_place_it_on_the_plate,demo_15,10,agentview,glazed_rim_porcelain_ramekin_1,is_left_of,akita_black_bowl_2
pick_up_the_black_bowl_on_the_wooden_cabinet_and_place_it_on_the_plate,demo_15,10,agentview,cookies_1,is_left_of,akita_black_bowl_2
pick_up_the_black_bowl_on_the_wooden_cabinet_and_place_it_on_the_plate,demo_15,10,agentview,akita_black_bowl_2,is_right_of,cookies_1
pick_up_the_black_bowl_on_the_wooden_cabinet_and_place_it_on_the_plate,demo_15,10,agentview,cookies_1,is_left_of,glazed_rim_porcelain_ramekin_1
pick_up_the_black_bowl_on_the_wooden_cabinet_and_place_it_on_the_plate,demo_15,10,agentview,glazed_rim_porcelain_ramekin_1,is_right_of,cookies_1
pick_up_the_black_bowl_on_the_wooden_cabinet_and_place_it_on_the_plate,demo_15,10,agentview,cookies_1,is_behind,plate_1
pick_up_the_black_bowl_on_the_wooden_cabinet_and_place_it_on_the_plate,demo_15,10,agentview,plate_1,is_in_front_of,cookies_1
pick_up_the_black_bowl_on_the_wooden_cabinet_and_place_it_on_the_plate,demo_15,10,agentview,glazed_rim_porcelain_ramekin_1,is_behind,plate_1
pick_up_the_black_bowl_on_the_wooden_cabinet_and_place_it_on_the_plate,demo_15,10,agentview,plate_1,is_in_front_of,glazed_rim_porcelain_ramekin_1
pick_up_the_black_bowl_on_the_wooden_cabinet_and_place_it_on_the_plate,demo_15,10,agentview,wooden_cabinet_1,is_behind,akita_black_bowl_2
pick_up_the_black_bowl_on_the_wooden_cabinet_and_place_it_on_the_plate,demo_15,10,agentview,akita_black_bowl_2,is_in_front_of,wooden_cabinet_1
pick_up_the_black_bowl_on_the_wooden_cabinet_and_place_it_on_the_plate,demo_15,10,agentview,wooden_cabinet_1,is_behind,cookies_1
pick_up_the_black_bowl_on_the_wooden_cabinet_and_place_it_on_the_plate,demo_15,10,agentview,cookies_1,is_in_front_of,wooden_cabinet_1
pick_up_the_black_bowl_on_the_wooden_cabinet_and_place_it_on_the_plate,demo_15,10,agentview,wooden_cabinet_1,is_behind,glazed_rim_porcelain_ramekin_1
pick_up_the_black_bowl_on_the_wooden_cabinet_and_place_it_on_the_plate,demo_15,10,agentview,glazed_rim_porcelain_ramekin_1,is_in_front_of,wooden_cabinet_1
pick_up_the_black_bowl_on_the_wooden_cabinet_and_place_it_on_the_plate,demo_15,10,agentview,wooden_cabinet_1,is_behind,plate_1
pick_up_the_black_bowl_on_the_wooden_cabinet_and_place_it_on_the_plate,demo_15,10,agentview,plate_1,is_in_front_of,wooden_cabinet_1
pick_up_the_black_bowl_on_the_wooden_cabinet_and_place_it_on_the_plate,demo_15,10,agentview,wooden_cabinet_1,is_left_of,flat_stove_1
pick_up_the_black_bowl_on_the_wooden_cabinet_and_place_it_on_the_plate,demo_15,10,agentview,flat_stove_1,is_right_of,wooden_cabinet_1
pick_up_the_black_bowl_on_the_wooden_cabinet_and_place_it_on_the_plate,demo_15,15,agentview,akita_black_bowl_1,is_on_top_of,wooden_cabinet_1
pick_up_the_black_bowl_on_the_wooden_cabinet_and_place_it_on_the_plate,demo_15,15,agentview,wooden_cabinet_1,is_below_of,akita_black_bowl_1
pick_up_the_black_bowl_on_the_wooden_cabinet_and_place_it_on_the_plate,demo_15,15,agentview,akita_black_bowl_2,is_on_top_of,plate_1
pick_up_the_black_bowl_on_the_wooden_cabinet_and_place_it_on_the_plate,demo_15,15,agentview,plate_1,is_below_of,akita_black_bowl_2
pick_up_the_black_bowl_on_the_wooden_cabinet_and_place_it_on_the_plate,demo_15,15,agentview,glazed_rim_porcelain_ramekin_1,is_on_top_of,flat_stove_1
pick_up_the_black_bowl_on_the_wooden_cabinet_and_place_it_on_the_plate,demo_15,15,agentview,flat_stove_1,is_below_of,glazed_rim_porcelain_ramekin_1
pick_up_the_black_bowl_on_the_wooden_cabinet_and_place_it_on_the_plate,demo_15,15,agentview,cookies_1,is_right_of,akita_black_bowl_1
pick_up_the_black_bowl_on_the_wooden_cabinet_and_place_it_on_the_plate,demo_15,15,agentview,akita_black_bowl_1,is_left_of,cookies_1
pick_up_the_black_bowl_on_the_wooden_cabinet_and_place_it_on_the_plate,demo_15,15,agentview,cookies_1,is_right_of,wooden_cabinet_1
pick_up_the_black_bowl_on_the_wooden_cabinet_and_place_it_on_the_plate,demo_15,15,agentview,wooden_cabinet_1,is_left_of,cookies_1
pick_up_the_black_bowl_on_the_wooden_cabinet_and_place_it_on_the_plate,demo_15,15,agentview,cookies_1,is_behind,akita_black_bowl_2
pick_up_the_black_bowl_on_the_wooden_cabinet_and_place_it_on_the_plate,demo_15,15,agentview,akita_black_bowl_2,is_in_front_of,cookies_1
pick_up_the_black_bowl_on_the_wooden_cabinet_and_place_it_on_the_plate,demo_15,15,agentview,cookies_1,is_behind,plate_1
pick_up_the_black_bowl_on_the_wooden_cabinet_and_place_it_on_the_plate,demo_15,15,agentview,plate_1,is_in_front_of,cookies_1
pick_up_the_black_bowl_on_the_wooden_cabinet_and_place_it_on_the_plate,demo_15,15,agentview,cookies_1,is_behind,glazed_rim_porcelain_ramekin_1
pick_up_the_black_bowl_on_the_wooden_cabinet_and_place_it_on_the_plate,demo_15,15,agentview,glazed_rim_porcelain_ramekin_1,is_in_front_of,cookies_1
pick_up_the_black_bowl_on_the_wooden_cabinet_and_place_it_on_the_plate,demo_15,15,agentview,cookies_1,is_right_of,flat_stove_1
pick_up_the_black_bowl_on_the_wooden_cabinet_and_place_it_on_the_plate,demo_15,15,agentview,flat_stove_1,is_left_of,cookies_1
pick_up_the_black_bowl_on_the_wooden_cabinet_and_place_it_on_the_plate,demo_15,15,agentview,akita_black_bowl_1,is_behind,akita_black_bowl_2
pick_up_the_black_bowl_on_the_wooden_cabinet_and_place_it_on_the_plate,demo_15,15,agentview,akita_black_bowl_2,is_in_front_of,akita_black_bowl_1
pick_up_the_black_bowl_on_the_wooden_cabinet_and_place_it_on_the_plate,demo_15,15,agentview,akita_black_bowl_1,is_behind,plate_1
pick_up_the_black_bowl_on_the_wooden_cabinet_and_place_it_on_the_plate,demo_15,15,agentview,plate_1,is_in_front_of,akita_black_bowl_1
pick_up_the_black_bowl_on_the_wooden_cabinet_and_place_it_on_the_plate,demo_15,15,agentview,akita_black_bowl_1,is_behind,glazed_rim_porcelain_ramekin_1
pick_up_the_black_bowl_on_the_wooden_cabinet_and_place_it_on_the_plate,demo_15,15,agentview,glazed_rim_porcelain_ramekin_1,is_in_front_of,akita_black_bowl_1
pick_up_the_black_bowl_on_the_wooden_cabinet_and_place_it_on_the_plate,demo_15,15,agentview,akita_black_bowl_1,is_right_of,wooden_cabinet_1
pick_up_the_black_bowl_on_the_wooden_cabinet_and_place_it_on_the_plate,demo_15,15,agentview,wooden_cabinet_1,is_left_of,akita_black_bowl_1
pick_up_the_black_bowl_on_the_wooden_cabinet_and_place_it_on_the_plate,demo_15,15,agentview,akita_black_bowl_1,is_left_of,flat_stove_1
pick_up_the_black_bowl_on_the_wooden_cabinet_and_place_it_on_the_plate,demo_15,15,agentview,flat_stove_1,is_right_of,akita_black_bowl_1
pick_up_the_black_bowl_on_the_wooden_cabinet_and_place_it_on_the_plate,demo_15,15,agentview,akita_black_bowl_2,is_behind,glazed_rim_porcelain_ramekin_1
pick_up_the_black_bowl_on_the_wooden_cabinet_and_place_it_on_the_plate,demo_15,15,agentview,glazed_rim_porcelain_ramekin_1,is_in_front_of,akita_black_bowl_2
pick_up_the_black_bowl_on_the_wooden_cabinet_and_place_it_on_the_plate,demo_15,15,agentview,akita_black_bowl_2,is_right_of,wooden_cabinet_1
pick_up_the_black_bowl_on_the_wooden_cabinet_and_place_it_on_the_plate,demo_15,15,agentview,wooden_cabinet_1,is_left_of,akita_black_bowl_2
pick_up_the_black_bowl_on_the_wooden_cabinet_and_place_it_on_the_plate,demo_15,15,agentview,akita_black_bowl_2,is_left_of,flat_stove_1
pick_up_the_black_bowl_on_the_wooden_cabinet_and_place_it_on_the_plate,demo_15,15,agentview,flat_stove_1,is_right_of,akita_black_bowl_2
pick_up_the_black_bowl_on_the_wooden_cabinet_and_place_it_on_the_plate,demo_15,15,agentview,plate_1,is_behind,glazed_rim_porcelain_ramekin_1
pick_up_the_black_bowl_on_the_wooden_cabinet_and_place_it_on_the_plate,demo_15,15,agentview,glazed_rim_porcelain_ramekin_1,is_in_front_of,plate_1
pick_up_the_black_bowl_on_the_wooden_cabinet_and_place_it_on_the_plate,demo_15,15,agentview,plate_1,is_right_of,wooden_cabinet_1
pick_up_the_black_bowl_on_the_wooden_cabinet_and_place_it_on_the_plate,demo_15,15,agentview,wooden_cabinet_1,is_left_of,plate_1
pick_up_the_black_bowl_on_the_wooden_cabinet_and_place_it_on_the_plate,demo_15,15,agentview,plate_1,is_left_of,flat_stove_1
pick_up_the_black_bowl_on_the_wooden_cabinet_and_place_it_on_the_plate,demo_15,15,agentview,flat_stove_1,is_right_of,plate_1
pick_up_the_black_bowl_on_the_wooden_cabinet_and_place_it_on_the_plate,demo_15,15,agentview,glazed_rim_porcelain_ramekin_1,is_right_of,wooden_cabinet_1
pick_up_the_black_bowl_on_the_wooden_cabinet_and_place_it_on_the_plate,demo_15,15,agentview,wooden_cabinet_1,is_left_of,glazed_rim_porcelain_ramekin_1
pick_up_the_black_bowl_on_the_wooden_cabinet_and_place_it_on_the_plate,demo_15,20,agentview,akita_black_bowl_1,is_on_top_of,wooden_cabinet_1
pick_up_the_black_bowl_on_the_wooden_cabinet_and_place_it_on_the_plate,demo_15,20,agentview,wooden_cabinet_1,is_below_of,akita_black_bowl_1
pick_up_the_black_bowl_on_the_wooden_cabinet_and_place_it_on_the_plate,demo_15,20,agentview,akita_black_bowl_1,is_behind,akita_black_bowl_2
pick_up_the_black_bowl_on_the_wooden_cabinet_and_place_it_on_the_plate,demo_15,20,agentview,akita_black_bowl_2,is_in_front_of,akita_black_bowl_1
pick_up_the_black_bowl_on_the_wooden_cabinet_and_place_it_on_the_plate,demo_15,20,agentview,akita_black_bowl_1,is_behind,cookies_1
pick_up_the_black_bowl_on_the_wooden_cabinet_and_place_it_on_the_plate,demo_15,20,agentview,cookies_1,is_in_front_of,akita_black_bowl_1
pick_up_the_black_bowl_on_the_wooden_cabinet_and_place_it_on_the_plate,demo_15,20,agentview,akita_black_bowl_1,is_behind,glazed_rim_porcelain_ramekin_1
pick_up_the_black_bowl_on_the_wooden_cabinet_and_place_it_on_the_plate,demo_15,20,agentview,glazed_rim_porcelain_ramekin_1,is_in_front_of,akita_black_bowl_1
pick_up_the_black_bowl_on_the_wooden_cabinet_and_place_it_on_the_plate,demo_15,20,agentview,akita_black_bowl_1,is_behind,plate_1
pick_up_the_black_bowl_on_the_wooden_cabinet_and_place_it_on_the_plate,demo_15,20,agentview,plate_1,is_in_front_of,akita_black_bowl_1
pick_up_the_black_bowl_on_the_wooden_cabinet_and_place_it_on_the_plate,demo_15,20,agentview,akita_black_bowl_1,is_behind,flat_stove_1
pick_up_the_black_bowl_on_the_wooden_cabinet_and_place_it_on_the_plate,demo_15,20,agentview,flat_stove_1,is_in_front_of,akita_black_bowl_1
pick_up_the_black_bowl_on_the_wooden_cabinet_and_place_it_on_the_plate,demo_15,20,agentview,akita_black_bowl_2,is_on_top_of,plate_1
pick_up_the_black_bowl_on_the_wooden_cabinet_and_place_it_on_the_plate,demo_15,20,agentview,plate_1,is_below_of,akita_black_bowl_2
pick_up_the_black_bowl_on_the_wooden_cabinet_and_place_it_on_the_plate,demo_15,20,agentview,akita_black_bowl_2,is_right_of,cookies_1
pick_up_the_black_bowl_on_the_wooden_cabinet_and_place_it_on_the_plate,demo_15,20,agentview,cookies_1,is_left_of,akita_black_bowl_2
pick_up_the_black_bowl_on_the_wooden_cabinet_and_place_it_on_the_plate,demo_15,20,agentview,akita_black_bowl_2,is_right_of,glazed_rim_porcelain_ramekin_1
pick_up_the_black_bowl_on_the_wooden_cabinet_and_place_it_on_the_plate,demo_15,20,agentview,glazed_rim_porcelain_ramekin_1,is_left_of,akita_black_bowl_2
pick_up_the_black_bowl_on_the_wooden_cabinet_and_place_it_on_the_plate,demo_15,20,agentview,akita_black_bowl_2,is_behind,flat_stove_1
pick_up_the_black_bowl_on_the_wooden_cabinet_and_place_it_on_the_plate,demo_15,20,agentview,flat_stove_1,is_in_front_of,akita_black_bowl_2
pick_up_the_black_bowl_on_the_wooden_cabinet_and_place_it_on_the_plate,demo_15,20,agentview,cookies_1,is_on_top_of,plate_1
pick_up_the_black_bowl_on_the_wooden_cabinet_and_place_it_on_the_plate,demo_15,20,agentview,plate_1,is_below_of,cookies_1
pick_up_the_black_bowl_on_the_wooden_cabinet_and_place_it_on_the_plate,demo_15,20,agentview,cookies_1,is_left_of,glazed_rim_porcelain_ramekin_1
pick_up_the_black_bowl_on_the_wooden_cabinet_and_place_it_on_the_plate,demo_15,20,agentview,glazed_rim_porcelain_ramekin_1,is_right_of,cookies_1
pick_up_the_black_bowl_on_the_wooden_cabinet_and_place_it_on_the_plate,demo_15,20,agentview,cookies_1,is_behind,flat_stove_1
pick_up_the_black_bowl_on_the_wooden_cabinet_and_place_it_on_the_plate,demo_15,20,agentview,flat_stove_1,is_in_front_of,cookies_1
pick_up_the_black_bowl_on_the_wooden_cabinet_and_place_it_on_the_plate,demo_15,20,agentview,glazed_rim_porcelain_ramekin_1,is_on_top_of,plate_1
pick_up_the_black_bowl_on_the_wooden_cabinet_and_place_it_on_the_plate,demo_15,20,agentview,plate_1,is_below_of,glazed_rim_porcelain_ramekin_1
pick_up_the_black_bowl_on_the_wooden_cabinet_and_place_it_on_the_plate,demo_15,20,agentview,glazed_rim_porcelain_ramekin_1,is_behind,flat_stove_1
pick_up_the_black_bowl_on_the_wooden_cabinet_and_place_it_on_the_plate,demo_15,20,agentview,flat_stove_1,is_in_front_of,glazed_rim_porcelain_ramekin_1
pick_up_the_black_bowl_on_the_wooden_cabinet_and_place_it_on_the_plate,demo_15,20,agentview,plate_1,is_on_top_of,flat_stove_1
pick_up_the_black_bowl_on_the_wooden_cabinet_and_place_it_on_the_plate,demo_15,20,agentview,flat_stove_1,is_below_of,plate_1
pick_up_the_black_bowl_on_the_wooden_cabinet_and_place_it_on_the_plate,demo_15,25,agentview,akita_black_bowl_1,is_on_top_of,wooden_cabinet_1
pick_up_the_black_bowl_on_the_wooden_cabinet_and_place_it_on_the_plate,demo_15,25,agentview,wooden_cabinet_1,is_below_of,akita_black_bowl_1
pick_up_the_black_bowl_on_the_wooden_cabinet_and_place_it_on_the_plate,demo_15,25,agentview,akita_black_bowl_1,is_behind,akita_black_bowl_2
pick_up_the_black_bowl_on_the_wooden_cabinet_and_place_it_on_the_plate,demo_15,25,agentview,akita_black_bowl_2,is_in_front_of,akita_black_bowl_1
pick_up_the_black_bowl_on_the_wooden_cabinet_and_place_it_on_the_plate,demo_15,25,agentview,akita_black_bowl_1,is_behind,cookies_1
pick_up_the_black_bowl_on_the_wooden_cabinet_and_place_it_on_the_plate,demo_15,25,agentview,cookies_1,is_in_front_of,akita_black_bowl_1
pick_up_the_black_bowl_on_the_wooden_cabinet_and_place_it_on_the_plate,demo_15,25,agentview,akita_black_bowl_1,is_behind,glazed_rim_porcelain_ramekin_1
pick_up_the_black_bowl_on_the_wooden_cabinet_and_place_it_on_the_plate,demo_15,25,agentview,glazed_rim_porcelain_ramekin_1,is_in_front_of,akita_black_bowl_1
pick_up_the_black_bowl_on_the_wooden_cabinet_and_place_it_on_the_plate,demo_15,25,agentview,akita_black_bowl_1,is_behind,plate_1
pick_up_the_black_bowl_on_the_wooden_cabinet_and_place_it_on_the_plate,demo_15,25,agentview,plate_1,is_in_front_of,akita_black_bowl_1
pick_up_the_black_bowl_on_the_wooden_cabinet_and_place_it_on_the_plate,demo_15,25,agentview,akita_black_bowl_1,is_behind,flat_stove_1
pick_up_the_black_bowl_on_the_wooden_cabinet_and_place_it_on_the_plate,demo_15,25,agentview,flat_stove_1,is_in_front_of,akita_black_bowl_1
pick_up_the_black_bowl_on_the_wooden_cabinet_and_place_it_on_the_plate,demo_15,25,agentview,akita_black_bowl_2,is_on_top_of,flat_stove_1
pick_up_the_black_bowl_on_the_wooden_cabinet_and_place_it_on_the_plate,demo_15,25,agentview,flat_stove_1,is_below_of,akita_black_bowl_2
pick_up_the_black_bowl_on_the_wooden_cabinet_and_place_it_on_the_plate,demo_15,25,agentview,akita_black_bowl_2,is_right_of,cookies_1
pick_up_the_black_bowl_on_the_wooden_cabinet_and_place_it_on_the_plate,demo_15,25,agentview,cookies_1,is_left_of,akita_black_bowl_2
pick_up_the_black_bowl_on_the_wooden_cabinet_and_place_it_on_the_plate,demo_15,25,agentview,akita_black_bowl_2,is_right_of,glazed_rim_porcelain_ramekin_1
pick_up_the_black_bowl_on_the_wooden_cabinet_and_place_it_on_the_plate,demo_15,25,agentview,glazed_rim_porcelain_ramekin_1,is_left_of,akita_black_bowl_2
pick_up_the_black_bowl_on_the_wooden_cabinet_and_place_it_on_the_plate,demo_15,25,agentview,akita_black_bowl_2,is_right_of,plate_1
pick_up_the_black_bowl_on_the_wooden_cabinet_and_place_it_on_the_plate,demo_15,25,agentview,plate_1,is_left_of,akita_black_bowl_2
pick_up_the_black_bowl_on_the_wooden_cabinet_and_place_it_on_the_plate,demo_15,25,agentview,akita_black_bowl_2,is_behind,flat_stove_1
pick_up_the_black_bowl_on_the_wooden_cabinet_and_place_it_on_the_plate,demo_15,25,agentview,flat_stove_1,is_in_front_of,akita_black_bowl_2
pick_up_the_black_bowl_on_the_wooden_cabinet_and_place_it_on_the_plate,demo_15,25,agentview,cookies_1,is_right_of,glazed_rim_porcelain_ramekin_1
pick_up_the_black_bowl_on_the_wooden_cabinet_and_place_it_on_the_plate,demo_15,25,agentview,glazed_rim_porcelain_ramekin_1,is_left_of,cookies_1
pick_up_the_black_bowl_on_the_wooden_cabinet_and_place_it_on_the_plate,demo_15,25,agentview,cookies_1,is_right_of,plate_1
pick_up_the_black_bowl_on_the_wooden_cabinet_and_place_it_on_the_plate,demo_15,25,agentview,plate_1,is_left_of,cookies_1
pick_up_the_black_bowl_on_the_wooden_cabinet_and_place_it_on_the_plate,demo_15,25,agentview,cookies_1,is_behind,flat_stove_1
pick_up_the_black_bowl_on_the_wooden_cabinet_and_place_it_on_the_plate,demo_15,25,agentview,flat_stove_1,is_in_front_of,cookies_1
pick_up_the_black_bowl_on_the_wooden_cabinet_and_place_it_on_the_plate,demo_15,25,agentview,glazed_rim_porcelain_ramekin_1,is_right_of,plate_1
pick_up_the_black_bowl_on_the_wooden_cabinet_and_place_it_on_the_plate,demo_15,25,agentview,plate_1,is_left_of,glazed_rim_porcelain_ramekin_1
pick_up_the_black_bowl_on_the_wooden_cabinet_and_place_it_on_the_plate,demo_15,25,agentview,glazed_rim_porcelain_ramekin_1,is_behind,flat_stove_1
pick_up_the_black_bowl_on_the_wooden_cabinet_and_place_it_on_the_plate,demo_15,25,agentview,flat_stove_1,is_in_front_of,glazed_rim_porcelain_ramekin_1
pick_up_the_black_bowl_on_the_wooden_cabinet_and_place_it_on_the_plate,demo_15,25,agentview,plate_1,is_behind,flat_stove_1
pick_up_the_black_bowl_on_the_wooden_cabinet_and_place_it_on_the_plate,demo_15,25,agentview,flat_stove_1,is_in_front_of,plate_1
pick_up_the_black_bowl_on_the_wooden_cabinet_and_place_it_on_the_plate,demo_15,30,agentview,akita_black_bowl_1,is_on_top_of,wooden_cabinet_1
pick_up_the_black_bowl_on_the_wooden_cabinet_and_place_it_on_the_plate,demo_15,30,agentview,wooden_cabinet_1,is_below_of,akita_black_bowl_1
pick_up_the_black_bowl_on_the_wooden_cabinet_and_place_it_on_the_plate,demo_15,30,agentview,akita_black_bowl_2,is_on_top_of,flat_stove_1
pick_up_the_black_bowl_on_the_wooden_cabinet_and_place_it_on_the_plate,demo_15,30,agentview,flat_stove_1,is_below_of,akita_black_bowl_2
pick_up_the_black_bowl_on_the_wooden_cabinet_and_place_it_on_the_plate,demo_15,30,agentview,cookies_1,is_on_top_of,flat_stove_1
pick_up_the_black_bowl_on_the_wooden_cabinet_and_place_it_on_the_plate,demo_15,30,agentview,flat_stove_1,is_below_of,cookies_1
pick_up_the_black_bowl_on_the_wooden_cabinet_and_place_it_on_the_plate,demo_15,30,agentview,glazed_rim_porcelain_ramekin_1,is_on_top_of,flat_stove_1
pick_up_the_black_bowl_on_the_wooden_cabinet_and_place_it_on_the_plate,demo_15,30,agentview,flat_stove_1,is_below_of,glazed_rim_porcelain_ramekin_1
pick_up_the_black_bowl_on_the_wooden_cabinet_and_place_it_on_the_plate,demo_15,30,agentview,plate_1,is_on_top_of,flat_stove_1
pick_up_the_black_bowl_on_the_wooden_cabinet_and_place_it_on_the_plate,demo_15,30,agentview,flat_stove_1,is_below_of,plate_1
pick_up_the_black_bowl_on_the_wooden_cabinet_and_place_it_on_the_plate,demo_15,30,agentview,akita_black_bowl_1,is_behind,akita_black_bowl_2
pick_up_the_black_bowl_on_the_wooden_cabinet_and_place_it_on_the_plate,demo_15,30,agentview,akita_black_bowl_2,is_in_front_of,akita_black_bowl_1
pick_up_the_black_bowl_on_the_wooden_cabinet_and_place_it_on_the_plate,demo_15,30,agentview,akita_black_bowl_1,is_behind,cookies_1
pick_up_the_black_bowl_on_the_wooden_cabinet_and_place_it_on_the_plate,demo_15,30,agentview,cookies_1,is_in_front_of,akita_black_bowl_1
pick_up_the_black_bowl_on_the_wooden_cabinet_and_place_it_on_the_plate,demo_15,30,agentview,akita_black_bowl_1,is_behind,glazed_rim_porcelain_ramekin_1
pick_up_the_black_bowl_on_the_wooden_cabinet_and_place_it_on_the_plate,demo_15,30,agentview,glazed_rim_porcelain_ramekin_1,is_in_front_of,akita_black_bowl_1
pick_up_the_black_bowl_on_the_wooden_cabinet_and_place_it_on_the_plate,demo_15,30,agentview,akita_black_bowl_1,is_behind,plate_1
pick_up_the_black_bowl_on_the_wooden_cabinet_and_place_it_on_the_plate,demo_15,30,agentview,plate_1,is_in_front_of,akita_black_bowl_1
pick_up_the_black_bowl_on_the_wooden_cabinet_and_place_it_on_the_plate,demo_15,30,agentview,akita_black_bowl_2,is_left_of,cookies_1
pick_up_the_black_bowl_on_the_wooden_cabinet_and_place_it_on_the_plate,demo_15,30,agentview,cookies_1,is_right_of,akita_black_bowl_2
pick_up_the_black_bowl_on_the_wooden_cabinet_and_place_it_on_the_plate,demo_15,30,agentview,akita_black_bowl_2,is_left_of,glazed_rim_porcelain_ramekin_1
pick_up_the_black_bowl_on_the_wooden_cabinet_and_place_it_on_the_plate,demo_15,30,agentview,glazed_rim_porcelain_ramekin_1,is_right_of,akita_black_bowl_2
pick_up_the_black_bowl_on_the_wooden_cabinet_and_place_it_on_the_plate,demo_15,30,agentview,akita_black_bowl_2,is_left_of,plate_1
pick_up_the_black_bowl_on_the_wooden_cabinet_and_place_it_on_the_plate,demo_15,30,agentview,plate_1,is_right_of,akita_black_bowl_2
pick_up_the_black_bowl_on_the_wooden_cabinet_and_place_it_on_the_plate,demo_15,30,agentview,cookies_1,is_left_of,glazed_rim_porcelain_ramekin_1
pick_up_the_black_bowl_on_the_wooden_cabinet_and_place_it_on_the_plate,demo_15,30,agentview,glazed_rim_porcelain_ramekin_1,is_right_of,cookies_1
pick_up_the_black_bowl_on_the_wooden_cabinet_and_place_it_on_the_plate,demo_15,30,agentview,cookies_1,is_left_of,plate_1
pick_up_the_black_bowl_on_the_wooden_cabinet_and_place_it_on_the_plate,demo_15,30,agentview,plate_1,is_right_of,cookies_1
pick_up_the_black_bowl_on_the_wooden_cabinet_and_place_it_on_the_plate,demo_15,30,agentview,glazed_rim_porcelain_ramekin_1,is_left_of,plate_1
pick_up_the_black_bowl_on_the_wooden_cabinet_and_place_it_on_the_plate,demo_15,30,agentview,plate_1,is_right_of,glazed_rim_porcelain_ramekin_1
pick_up_the_black_bowl_on_the_wooden_cabinet_and_place_it_on_the_plate,demo_15,35,agentview,akita_black_bowl_1,is_on_top_of,wooden_cabinet_1
pick_up_the_black_bowl_on_the_wooden_cabinet_and_place_it_on_the_plate,demo_15,35,agentview,wooden_cabinet_1,is_below_of,akita_black_bowl_1
pick_up_the_black_bowl_on_the_wooden_cabinet_and_place_it_on_the_plate,demo_15,35,agentview,akita_black_bowl_1,is_behind,akita_black_bowl_2
pick_up_the_black_bowl_on_the_wooden_cabinet_and_place_it_on_the_plate,demo_15,35,agentview,akita_black_bowl_2,is_in_front_of,akita_black_bowl_1
pick_up_the_black_bowl_on_the_wooden_cabinet_and_place_it_on_the_plate,demo_15,35,agentview,akita_black_bowl_1,is_behind,glazed_rim_porcelain_ramekin_1
pick_up_the_black_bowl_on_the_wooden_cabinet_and_place_it_on_the_plate,demo_15,35,agentview,glazed_rim_porcelain_ramekin_1,is_in_front_of,akita_black_bowl_1
pick_up_the_black_bowl_on_the_wooden_cabinet_and_place_it_on_the_plate,demo_15,35,agentview,akita_black_bowl_1,is_behind,plate_1
pick_up_the_black_bowl_on_the_wooden_cabinet_and_place_it_on_the_plate,demo_15,35,agentview,plate_1,is_in_front_of,akita_black_bowl_1
pick_up_the_black_bowl_on_the_wooden_cabinet_and_place_it_on_the_plate,demo_15,35,agentview,akita_black_bowl_1,is_behind,cookies_1
pick_up_the_black_bowl_on_the_wooden_cabinet_and_place_it_on_the_plate,demo_15,35,agentview,cookies_1,is_in_front_of,akita_black_bowl_1
pick_up_the_black_bowl_on_the_wooden_cabinet_and_place_it_on_the_plate,demo_15,35,agentview,akita_black_bowl_1,is_behind,flat_stove_1
pick_up_the_black_bowl_on_the_wooden_cabinet_and_place_it_on_the_plate,demo_15,35,agentview,flat_stove_1,is_in_front_of,akita_black_bowl_1
pick_up_the_black_bowl_on_the_wooden_cabinet_and_place_it_on_the_plate,demo_15,35,agentview,akita_black_bowl_2,is_on_top_of,flat_stove_1
pick_up_the_black_bowl_on_the_wooden_cabinet_and_place_it_on_the_plate,demo_15,35,agentview,flat_stove_1,is_below_of,akita_black_bowl_2
pick_up_the_black_bowl_on_the_wooden_cabinet_and_place_it_on_the_plate,demo_15,35,agentview,akita_black_bowl_2,is_right_of,glazed_rim_porcelain_ramekin_1
pick_up_the_black_bowl_on_the_wooden_cabinet_and_place_it_on_the_plate,demo_15,35,agentview,glazed_rim_porcelain_ramekin_1,is_left_of,akita_black_bowl_2
pick_up_the_black_bowl_on_the_wooden_cabinet_and_place_it_on_the_plate,demo_15,35,agentview,akita_black_bowl_2,is_behind,plate_1
pick_up_the_black_bowl_on_the_wooden_cabinet_and_place_it_on_the_plate,demo_15,35,agentview,plate_1,is_in_front_of,akita_black_bowl_2
pick_up_the_black_bowl_on_the_wooden_cabinet_and_place_it_on_the_plate,demo_15,35,agentview,akita_black_bowl_2,is_right_of,cookies_1
pick_up_the_black_bowl_on_the_wooden_cabinet_and_place_it_on_the_plate,demo_15,35,agentview,cookies_1,is_left_of,akita_black_bowl_2
pick_up_the_black_bowl_on_the_wooden_cabinet_and_place_it_on_the_plate,demo_15,35,agentview,glazed_rim_porcelain_ramekin_1,is_left_of,plate_1
pick_up_the_black_bowl_on_the_wooden_cabinet_and_place_it_on_the_plate,demo_15,35,agentview,plate_1,is_right_of,glazed_rim_porcelain_ramekin_1
pick_up_the_black_bowl_on_the_wooden_cabinet_and_place_it_on_the_plate,demo_15,35,agentview,glazed_rim_porcelain_ramekin_1,is_behind,cookies_1
pick_up_the_black_bowl_on_the_wooden_cabinet_and_place_it_on_the_plate,demo_15,35,agentview,cookies_1,is_in_front_of,glazed_rim_porcelain_ramekin_1
pick_up_the_black_bowl_on_the_wooden_cabinet_and_place_it_on_the_plate,demo_15,35,agentview,plate_1,is_behind,cookies_1
pick_up_the_black_bowl_on_the_wooden_cabinet_and_place_it_on_the_plate,demo_15,35,agentview,cookies_1,is_in_front_of,plate_1
pick_up_the_black_bowl_on_the_wooden_cabinet_and_place_it_on_the_plate,demo_15,35,agentview,wooden_cabinet_1,is_behind,akita_black_bowl_2
pick_up_the_black_bowl_on_the_wooden_cabinet_and_place_it_on_the_plate,demo_15,35,agentview,akita_black_bowl_2,is_in_front_of,wooden_cabinet_1
pick_up_the_black_bowl_on_the_wooden_cabinet_and_place_it_on_the_plate,demo_15,35,agentview,wooden_cabinet_1,is_behind,glazed_rim_porcelain_ramekin_1
pick_up_the_black_bowl_on_the_wooden_cabinet_and_place_it_on_the_plate,demo_15,35,agentview,glazed_rim_porcelain_ramekin_1,is_in_front_of,wooden_cabinet_1
pick_up_the_black_bowl_on_the_wooden_cabinet_and_place_it_on_the_plate,demo_15,35,agentview,wooden_cabinet_1,is_behind,plate_1
pick_up_the_black_bowl_on_the_wooden_cabinet_and_place_it_on_the_plate,demo_15,35,agentview,plate_1,is_in_front_of,wooden_cabinet_1
pick_up_the_black_bowl_on_the_wooden_cabinet_and_place_it_on_the_plate,demo_15,35,agentview,wooden_cabinet_1,is_behind,cookies_1
pick_up_the_black_bowl_on_the_wooden_cabinet_and_place_it_on_the_plate,demo_15,35,agentview,cookies_1,is_in_front_of,wooden_cabinet_1
pick_up_the_black_bowl_on_the_wooden_cabinet_and_place_it_on_the_plate,demo_15,35,agentview,wooden_cabinet_1,is_behind,flat_stove_1
pick_up_the_black_bowl_on_the_wooden_cabinet_and_place_it_on_the_plate,demo_15,35,agentview,flat_stove_1,is_in_front_of,wooden_cabinet_1
pick_up_the_black_bowl_on_the_wooden_cabinet_and_place_it_on_the_plate,demo_18,120,agentview,akita_black_bowl_1,is_on_top_of,wooden_cabinet_1
pick_up_the_black_bowl_on_the_wooden_cabinet_and_place_it_on_the_plate,demo_18,120,agentview,wooden_cabinet_1,is_below_of,akita_black_bowl_1
pick_up_the_black_bowl_on_the_wooden_cabinet_and_place_it_on_the_plate,demo_18,120,agentview,akita_black_bowl_2,is_on_top_of,flat_stove_1
pick_up_the_black_bowl_on_the_wooden_cabinet_and_place_it_on_the_plate,demo_18,120,agentview,flat_stove_1,is_below_of,akita_black_bowl_2
pick_up_the_black_bowl_on_the_wooden_cabinet_and_place_it_on_the_plate,demo_18,120,agentview,cookies_1,is_on_top_of,wooden_cabinet_1
pick_up_the_black_bowl_on_the_wooden_cabinet_and_place_it_on_the_plate,demo_18,120,agentview,wooden_cabinet_1,is_below_of,cookies_1
pick_up_the_black_bowl_on_the_wooden_cabinet_and_place_it_on_the_plate,demo_18,120,agentview,glazed_rim_porcelain_ramekin_1,is_on_top_of,wooden_cabinet_1
pick_up_the_black_bowl_on_the_wooden_cabinet_and_place_it_on_the_plate,demo_18,120,agentview,wooden_cabinet_1,is_below_of,glazed_rim_porcelain_ramekin_1
pick_up_the_black_bowl_on_the_wooden_cabinet_and_place_it_on_the_plate,demo_18,120,agentview,plate_1,is_on_top_of,flat_stove_1
pick_up_the_black_bowl_on_the_wooden_cabinet_and_place_it_on_the_plate,demo_18,120,agentview,flat_stove_1,is_below_of,plate_1
pick_up_the_black_bowl_on_the_wooden_cabinet_and_place_it_on_the_plate,demo_18,120,agentview,akita_black_bowl_1,is_behind,akita_black_bowl_2
pick_up_the_black_bowl_on_the_wooden_cabinet_and_place_it_on_the_plate,demo_18,120,agentview,akita_black_bowl_2,is_in_front_of,akita_black_bowl_1
pick_up_the_black_bowl_on_the_wooden_cabinet_and_place_it_on_the_plate,demo_18,120,agentview,akita_black_bowl_1,is_behind,plate_1
pick_up_the_black_bowl_on_the_wooden_cabinet_and_place_it_on_the_plate,demo_18,120,agentview,plate_1,is_in_front_of,akita_black_bowl_1
pick_up_the_black_bowl_on_the_wooden_cabinet_and_place_it_on_the_plate,demo_18,120,agentview,akita_black_bowl_1,is_right_of,cookies_1
pick_up_the_black_bowl_on_the_wooden_cabinet_and_place_it_on_the_plate,demo_18,120,agentview,cookies_1,is_left_of,akita_black_bowl_1
pick_up_the_black_bowl_on_the_wooden_cabinet_and_place_it_on_the_plate,demo_18,120,agentview,akita_black_bowl_1,is_right_of,glazed_rim_porcelain_ramekin_1
pick_up_the_black_bowl_on_the_wooden_cabinet_and_place_it_on_the_plate,demo_18,120,agentview,glazed_rim_porcelain_ramekin_1,is_left_of,akita_black_bowl_1
pick_up_the_black_bowl_on_the_wooden_cabinet_and_place_it_on_the_plate,demo_18,120,agentview,akita_black_bowl_2,is_right_of,plate_1
pick_up_the_black_bowl_on_the_wooden_cabinet_and_place_it_on_the_plate,demo_18,120,agentview,plate_1,is_left_of,akita_black_bowl_2
pick_up_the_black_bowl_on_the_wooden_cabinet_and_place_it_on_the_plate,demo_18,120,agentview,cookies_1,is_behind,akita_black_bowl_2
pick_up_the_black_bowl_on_the_wooden_cabinet_and_place_it_on_the_plate,demo_18,120,agentview,akita_black_bowl_2,is_in_front_of,cookies_1
pick_up_the_black_bowl_on_the_wooden_cabinet_and_place_it_on_the_plate,demo_18,120,agentview,cookies_1,is_behind,plate_1
pick_up_the_black_bowl_on_the_wooden_cabinet_and_place_it_on_the_plate,demo_18,120,agentview,plate_1,is_in_front_of,cookies_1
pick_up_the_black_bowl_on_the_wooden_cabinet_and_place_it_on_the_plate,demo_18,120,agentview,cookies_1,is_right_of,glazed_rim_porcelain_ramekin_1
pick_up_the_black_bowl_on_the_wooden_cabinet_and_place_it_on_the_plate,demo_18,120,agentview,glazed_rim_porcelain_ramekin_1,is_left_of,cookies_1
pick_up_the_black_bowl_on_the_wooden_cabinet_and_place_it_on_the_plate,demo_18,120,agentview,glazed_rim_porcelain_ramekin_1,is_behind,akita_black_bowl_2
pick_up_the_black_bowl_on_the_wooden_cabinet_and_place_it_on_the_plate,demo_18,120,agentview,akita_black_bowl_2,is_in_front_of,glazed_rim_porcelain_ramekin_1
pick_up_the_black_bowl_on_the_wooden_cabinet_and_place_it_on_the_plate,demo_18,120,agentview,glazed_rim_porcelain_ramekin_1,is_behind,plate_1
pick_up_the_black_bowl_on_the_wooden_cabinet_and_place_it_on_the_plate,demo_18,120,agentview,plate_1,is_in_front_of,glazed_rim_porcelain_ramekin_1
pick_up_the_black_bowl_on_the_wooden_cabinet_and_place_it_on_the_plate,demo_18,125,agentview,akita_black_bowl_1,is_on_top_of,wooden_cabinet_1
pick_up_the_black_bowl_on_the_wooden_cabinet_and_place_it_on_the_plate,demo_18,125,agentview,wooden_cabinet_1,is_below_of,akita_black_bowl_1
pick_up_the_black_bowl_on_the_wooden_cabinet_and_place_it_on_the_plate,demo_18,125,agentview,akita_black_bowl_2,is_on_top_of,flat_stove_1
pick_up_the_black_bowl_on_the_wooden_cabinet_and_place_it_on_the_plate,demo_18,125,agentview,flat_stove_1,is_below_of,akita_black_bowl_2
pick_up_the_black_bowl_on_the_wooden_cabinet_and_place_it_on_the_plate,demo_18,125,agentview,cookies_1,is_on_top_of,wooden_cabinet_1
pick_up_the_black_bowl_on_the_wooden_cabinet_and_place_it_on_the_plate,demo_18,125,agentview,wooden_cabinet_1,is_below_of,cookies_1
pick_up_the_black_bowl_on_the_wooden_cabinet_and_place_it_on_the_plate,demo_18,125,agentview,glazed_rim_porcelain_ramekin_1,is_on_top_of,wooden_cabinet_1
pick_up_the_black_bowl_on_the_wooden_cabinet_and_place_it_on_the_plate,demo_18,125,agentview,wooden_cabinet_1,is_below_of,glazed_rim_porcelain_ramekin_1
pick_up_the_black_bowl_on_the_wooden_cabinet_and_place_it_on_the_plate,demo_18,125,agentview,plate_1,is_on_top_of,flat_stove_1
pick_up_the_black_bowl_on_the_wooden_cabinet_and_place_it_on_the_plate,demo_18,125,agentview,flat_stove_1,is_below_of,plate_1
pick_up_the_black_bowl_on_the_wooden_cabinet_and_place_it_on_the_plate,demo_18,125,agentview,akita_black_bowl_1,is_behind,akita_black_bowl_2
pick_up_the_black_bowl_on_the_wooden_cabinet_and_place_it_on_the_plate,demo_18,125,agentview,akita_black_bowl_2,is_in_front_of,akita_black_bowl_1
pick_up_the_black_bowl_on_the_wooden_cabinet_and_place_it_on_the_plate,demo_18,125,agentview,akita_black_bowl_1,is_behind,plate_1
pick_up_the_black_bowl_on_the_wooden_cabinet_and_place_it_on_the_plate,demo_18,125,agentview,plate_1,is_in_front_of,akita_black_bowl_1
pick_up_the_black_bowl_on_the_wooden_cabinet_and_place_it_on_the_plate,demo_18,125,agentview,akita_black_bowl_1,is_right_of,cookies_1
pick_up_the_black_bowl_on_the_wooden_cabinet_and_place_it_on_the_plate,demo_18,125,agentview,cookies_1,is_left_of,akita_black_bowl_1
pick_up_the_black_bowl_on_the_wooden_cabinet_and_place_it_on_the_plate,demo_18,125,agentview,akita_black_bowl_1,is_right_of,glazed_rim_porcelain_ramekin_1
pick_up_the_black_bowl_on_the_wooden_cabinet_and_place_it_on_the_plate,demo_18,125,agentview,glazed_rim_porcelain_ramekin_1,is_left_of,akita_black_bowl_1
pick_up_the_black_bowl_on_the_wooden_cabinet_and_place_it_on_the_plate,demo_18,125,agentview,akita_black_bowl_2,is_right_of,plate_1
pick_up_the_black_bowl_on_the_wooden_cabinet_and_place_it_on_the_plate,demo_18,125,agentview,plate_1,is_left_of,akita_black_bowl_2
pick_up_the_black_bowl_on_the_wooden_cabinet_and_place_it_on_the_plate,demo_18,125,agentview,cookies_1,is_behind,akita_black_bowl_2
pick_up_the_black_bowl_on_the_wooden_cabinet_and_place_it_on_the_plate,demo_18,125,agentview,akita_black_bowl_2,is_in_front_of,cookies_1
pick_up_the_black_bowl_on_the_wooden_cabinet_and_place_it_on_the_plate,demo_18,125,agentview,cookies_1,is_behind,plate_1
pick_up_the_black_bowl_on_the_wooden_cabinet_and_place_it_on_the_plate,demo_18,125,agentview,plate_1,is_in_front_of,cookies_1
pick_up_the_black_bowl_on_the_wooden_cabinet_and_place_it_on_the_plate,demo_18,125,agentview,cookies_1,is_right_of,glazed_rim_porcelain_ramekin_1
pick_up_the_black_bowl_on_the_wooden_cabinet_and_place_it_on_the_plate,demo_18,125,agentview,glazed_rim_porcelain_ramekin_1,is_left_of,cookies_1
pick_up_the_black_bowl_on_the_wooden_cabinet_and_place_it_on_the_plate,demo_18,125,agentview,glazed_rim_porcelain_ramekin_1,is_behind,akita_black_bowl_2
pick_up_the_black_bowl_on_the_wooden_cabinet_and_place_it_on_the_plate,demo_18,125,agentview,akita_black_bowl_2,is_in_front_of,glazed_rim_porcelain_ramekin_1
pick_up_the_black_bowl_on_the_wooden_cabinet_and_place_it_on_the_plate,demo_18,125,agentview,glazed_rim_porcelain_ramekin_1,is_behind,plate_1
pick_up_the_black_bowl_on_the_wooden_cabinet_and_place_it_on_the_plate,demo_18,125,agentview,plate_1,is_in_front_of,glazed_rim_porcelain_ramekin_1
pick_up_the_black_bowl_on_the_wooden_cabinet_and_place_it_on_the_plate,demo_18,130,agentview,akita_black_bowl_1,is_on_top_of,wooden_cabinet_1
pick_up_the_black_bowl_on_the_wooden_cabinet_and_place_it_on_the_plate,demo_18,130,agentview,wooden_cabinet_1,is_below_of,akita_black_bowl_1
pick_up_the_black_bowl_on_the_wooden_cabinet_and_place_it_on_the_plate,demo_18,130,agentview,akita_black_bowl_2,is_on_top_of,plate_1
pick_up_the_black_bowl_on_the_wooden_cabinet_and_place_it_on_the_plate,demo_18,130,agentview,plate_1,is_below_of,akita_black_bowl_2
pick_up_the_black_bowl_on_the_wooden_cabinet_and_place_it_on_the_plate,demo_18,130,agentview,cookies_1,is_on_top_of,flat_stove_1
pick_up_the_black_bowl_on_the_wooden_cabinet_and_place_it_on_the_plate,demo_18,130,agentview,flat_stove_1,is_below_of,cookies_1
pick_up_the_black_bowl_on_the_wooden_cabinet_and_place_it_on_the_plate,demo_18,130,agentview,glazed_rim_porcelain_ramekin_1,is_on_top_of,flat_stove_1
pick_up_the_black_bowl_on_the_wooden_cabinet_and_place_it_on_the_plate,demo_18,130,agentview,flat_stove_1,is_below_of,glazed_rim_porcelain_ramekin_1
pick_up_the_black_bowl_on_the_wooden_cabinet_and_place_it_on_the_plate,demo_18,130,agentview,plate_1,is_on_top_of,flat_stove_1
pick_up_the_black_bowl_on_the_wooden_cabinet_and_place_it_on_the_plate,demo_18,130,agentview,flat_stove_1,is_below_of,plate_1
pick_up_the_black_bowl_on_the_wooden_cabinet_and_place_it_on_the_plate,demo_18,130,agentview,akita_black_bowl_1,is_behind,akita_black_bowl_2
pick_up_the_black_bowl_on_the_wooden_cabinet_and_place_it_on_the_plate,demo_18,130,agentview,akita_black_bowl_2,is_in_front_of,akita_black_bowl_1
pick_up_the_black_bowl_on_the_wooden_cabinet_and_place_it_on_the_plate,demo_18,130,agentview,akita_black_bowl_1,is_behind,cookies_1
pick_up_the_black_bowl_on_the_wooden_cabinet_and_place_it_on_the_plate,demo_18,130,agentview,cookies_1,is_in_front_of,akita_black_bowl_1
pick_up_the_black_bowl_on_the_wooden_cabinet_and_place_it_on_the_plate,demo_18,130,agentview,akita_black_bowl_1,is_behind,glazed_rim_porcelain_ramekin_1
pick_up_the_black_bowl_on_the_wooden_cabinet_and_place_it_on_the_plate,demo_18,130,agentview,glazed_rim_porcelain_ramekin_1,is_in_front_of,akita_black_bowl_1
pick_up_the_black_bowl_on_the_wooden_cabinet_and_place_it_on_the_plate,demo_18,130,agentview,akita_black_bowl_1,is_behind,plate_1
pick_up_the_black_bowl_on_the_wooden_cabinet_and_place_it_on_the_plate,demo_18,130,agentview,plate_1,is_in_front_of,akita_black_bowl_1
pick_up_the_black_bowl_on_the_wooden_cabinet_and_place_it_on_the_plate,demo_18,130,agentview,akita_black_bowl_2,is_left_of,cookies_1
pick_up_the_black_bowl_on_the_wooden_cabinet_and_place_it_on_the_plate,demo_18,130,agentview,cookies_1,is_right_of,akita_black_bowl_2
pick_up_the_black_bowl_on_the_wooden_cabinet_and_place_it_on_the_plate,demo_18,130,agentview,akita_black_bowl_2,is_behind,glazed_rim_porcelain_ramekin_1
pick_up_the_black_bowl_on_the_wooden_cabinet_and_place_it_on_the_plate,demo_18,130,agentview,glazed_rim_porcelain_ramekin_1,is_in_front_of,akita_black_bowl_2
pick_up_the_black_bowl_on_the_wooden_cabinet_and_place_it_on_the_plate,demo_18,130,agentview,akita_black_bowl_2,is_left_of,plate_1
pick_up_the_black_bowl_on_the_wooden_cabinet_and_place_it_on_the_plate,demo_18,130,agentview,plate_1,is_right_of,akita_black_bowl_2
pick_up_the_black_bowl_on_the_wooden_cabinet_and_place_it_on_the_plate,demo_18,130,agentview,cookies_1,is_left_of,glazed_rim_porcelain_ramekin_1
pick_up_the_black_bowl_on_the_wooden_cabinet_and_place_it_on_the_plate,demo_18,130,agentview,glazed_rim_porcelain_ramekin_1,is_right_of,cookies_1
pick_up_the_black_bowl_on_the_wooden_cabinet_and_place_it_on_the_plate,demo_18,130,agentview,cookies_1,is_behind,plate_1
pick_up_the_black_bowl_on_the_wooden_cabinet_and_place_it_on_the_plate,demo_18,130,agentview,plate_1,is_in_front_of,cookies_1
pick_up_the_black_bowl_on_the_wooden_cabinet_and_place_it_on_the_plate,demo_18,130,agentview,glazed_rim_porcelain_ramekin_1,is_left_of,plate_1
pick_up_the_black_bowl_on_the_wooden_cabinet_and_place_it_on_the_plate,demo_18,130,agentview,plate_1,is_right_of,glazed_rim_porcelain_ramekin_1
pick_up_the_black_bowl_on_the_wooden_cabinet_and_place_it_on_the_plate,demo_18,130,agentview,wooden_cabinet_1,is_left_of,akita_black_bowl_2
pick_up_the_black_bowl_on_the_wooden_cabinet_and_place_it_on_the_plate,demo_18,130,agentview,akita_black_bowl_2,is_right_of,wooden_cabinet_1
pick_up_the_black_bowl_on_the_wooden_cabinet_and_place_it_on_the_plate,demo_18,130,agentview,wooden_cabinet_1,is_left_of,cookies_1
pick_up_the_black_bowl_on_the_wooden_cabinet_and_place_it_on_the_plate,demo_18,130,agentview,cookies_1,is_right_of,wooden_cabinet_1
pick_up_the_black_bowl_on_the_wooden_cabinet_and_place_it_on_the_plate,demo_18,130,agentview,wooden_cabinet_1,is_left_of,glazed_rim_porcelain_ramekin_1
pick_up_the_black_bowl_on_the_wooden_cabinet_and_place_it_on_the_plate,demo_18,130,agentview,glazed_rim_porcelain_ramekin_1,is_right_of,wooden_cabinet_1
pick_up_the_black_bowl_on_the_wooden_cabinet_and_place_it_on_the_plate,demo_18,130,agentview,wooden_cabinet_1,is_left_of,plate_1
pick_up_the_black_bowl_on_the_wooden_cabinet_and_place_it_on_the_plate,demo_18,130,agentview,plate_1,is_right_of,wooden_cabinet_1
pick_up_the_black_bowl_on_the_wooden_cabinet_and_place_it_on_the_plate,demo_19,0,agentview,akita_black_bowl_1,is_on_top_of,wooden_cabinet_1
pick_up_the_black_bowl_on_the_wooden_cabinet_and_place_it_on_the_plate,demo_19,0,agentview,wooden_cabinet_1,is_below_of,akita_black_bowl_1
pick_up_the_black_bowl_on_the_wooden_cabinet_and_place_it_on_the_plate,demo_19,0,agentview,akita_black_bowl_1,is_behind,akita_black_bowl_2
pick_up_the_black_bowl_on_the_wooden_cabinet_and_place_it_on_the_plate,demo_19,0,agentview,akita_black_bowl_2,is_in_front_of,akita_black_bowl_1
pick_up_the_black_bowl_on_the_wooden_cabinet_and_place_it_on_the_plate,demo_19,0,agentview,akita_black_bowl_1,is_behind,cookies_1
pick_up_the_black_bowl_on_the_wooden_cabinet_and_place_it_on_the_plate,demo_19,0,agentview,cookies_1,is_in_front_of,akita_black_bowl_1
pick_up_the_black_bowl_on_the_wooden_cabinet_and_place_it_on_the_plate,demo_19,0,agentview,akita_black_bowl_1,is_behind,glazed_rim_porcelain_ramekin_1
pick_up_the_black_bowl_on_the_wooden_cabinet_and_place_it_on_the_plate,demo_19,0,agentview,glazed_rim_porcelain_ramekin_1,is_in_front_of,akita_black_bowl_1
pick_up_the_black_bowl_on_the_wooden_cabinet_and_place_it_on_the_plate,demo_19,0,agentview,akita_black_bowl_1,is_behind,plate_1
pick_up_the_black_bowl_on_the_wooden_cabinet_and_place_it_on_the_plate,demo_19,0,agentview,plate_1,is_in_front_of,akita_black_bowl_1
pick_up_the_black_bowl_on_the_wooden_cabinet_and_place_it_on_the_plate,demo_19,0,agentview,akita_black_bowl_1,is_behind,flat_stove_1
pick_up_the_black_bowl_on_the_wooden_cabinet_and_place_it_on_the_plate,demo_19,0,agentview,flat_stove_1,is_in_front_of,akita_black_bowl_1
pick_up_the_black_bowl_on_the_wooden_cabinet_and_place_it_on_the_plate,demo_19,0,agentview,akita_black_bowl_2,is_on_top_of,plate_1
pick_up_the_black_bowl_on_the_wooden_cabinet_and_place_it_on_the_plate,demo_19,0,agentview,plate_1,is_below_of,akita_black_bowl_2
pick_up_the_black_bowl_on_the_wooden_cabinet_and_place_it_on_the_plate,demo_19,0,agentview,akita_black_bowl_2,is_right_of,cookies_1
pick_up_the_black_bowl_on_the_wooden_cabinet_and_place_it_on_the_plate,demo_19,0,agentview,cookies_1,is_left_of,akita_black_bowl_2
pick_up_the_black_bowl_on_the_wooden_cabinet_and_place_it_on_the_plate,demo_19,0,agentview,akita_black_bowl_2,is_right_of,glazed_rim_porcelain_ramekin_1
pick_up_the_black_bowl_on_the_wooden_cabinet_and_place_it_on_the_plate,demo_19,0,agentview,glazed_rim_porcelain_ramekin_1,is_left_of,akita_black_bowl_2
pick_up_the_black_bowl_on_the_wooden_cabinet_and_place_it_on_the_plate,demo_19,0,agentview,akita_black_bowl_2,is_behind,flat_stove_1
pick_up_the_black_bowl_on_the_wooden_cabinet_and_place_it_on_the_plate,demo_19,0,agentview,flat_stove_1,is_in_front_of,akita_black_bowl_2
pick_up_the_black_bowl_on_the_wooden_cabinet_and_place_it_on_the_plate,demo_19,0,agentview,cookies_1,is_right_of,glazed_rim_porcelain_ramekin_1
pick_up_the_black_bowl_on_the_wooden_cabinet_and_place_it_on_the_plate,demo_19,0,agentview,glazed_rim_porcelain_ramekin_1,is_left_of,cookies_1
pick_up_the_black_bowl_on_the_wooden_cabinet_and_place_it_on_the_plate,demo_19,0,agentview,cookies_1,is_behind,flat_stove_1
pick_up_the_black_bowl_on_the_wooden_cabinet_and_place_it_on_the_plate,demo_19,0,agentview,flat_stove_1,is_in_front_of,cookies_1
pick_up_the_black_bowl_on_the_wooden_cabinet_and_place_it_on_the_plate,demo_19,0,agentview,glazed_rim_porcelain_ramekin_1,is_behind,flat_stove_1
pick_up_the_black_bowl_on_the_wooden_cabinet_and_place_it_on_the_plate,demo_19,0,agentview,flat_stove_1,is_in_front_of,glazed_rim_porcelain_ramekin_1
pick_up_the_black_bowl_on_the_wooden_cabinet_and_place_it_on_the_plate,demo_19,0,agentview,plate_1,is_on_top_of,flat_stove_1
pick_up_the_black_bowl_on_the_wooden_cabinet_and_place_it_on_the_plate,demo_19,0,agentview,flat_stove_1,is_below_of,plate_1
pick_up_the_black_bowl_on_the_wooden_cabinet_and_place_it_on_the_plate,demo_19,5,agentview,akita_black_bowl_1,is_on_top_of,wooden_cabinet_1
pick_up_the_black_bowl_on_the_wooden_cabinet_and_place_it_on_the_plate,demo_19,5,agentview,wooden_cabinet_1,is_below_of,akita_black_bowl_1
pick_up_the_black_bowl_on_the_wooden_cabinet_and_place_it_on_the_plate,demo_19,5,agentview,akita_black_bowl_2,is_on_top_of,flat_stove_1
pick_up_the_black_bowl_on_the_wooden_cabinet_and_place_it_on_the_plate,demo_19,5,agentview,flat_stove_1,is_below_of,akita_black_bowl_2
pick_up_the_black_bowl_on_the_wooden_cabinet_and_place_it_on_the_plate,demo_19,5,agentview,cookies_1,is_on_top_of,wooden_cabinet_1
pick_up_the_black_bowl_on_the_wooden_cabinet_and_place_it_on_the_plate,demo_19,5,agentview,wooden_cabinet_1,is_below_of,cookies_1
pick_up_the_black_bowl_on_the_wooden_cabinet_and_place_it_on_the_plate,demo_19,5,agentview,glazed_rim_porcelain_ramekin_1,is_on_top_of,wooden_cabinet_1
pick_up_the_black_bowl_on_the_wooden_cabinet_and_place_it_on_the_plate,demo_19,5,agentview,wooden_cabinet_1,is_below_of,glazed_rim_porcelain_ramekin_1
pick_up_the_black_bowl_on_the_wooden_cabinet_and_place_it_on_the_plate,demo_19,5,agentview,plate_1,is_on_top_of,flat_stove_1
pick_up_the_black_bowl_on_the_wooden_cabinet_and_place_it_on_the_plate,demo_19,5,agentview,flat_stove_1,is_below_of,plate_1
pick_up_the_black_bowl_on_the_wooden_cabinet_and_place_it_on_the_plate,demo_19,5,agentview,akita_black_bowl_1,is_behind,akita_black_bowl_2
pick_up_the_black_bowl_on_the_wooden_cabinet_and_place_it_on_the_plate,demo_19,5,agentview,akita_black_bowl_2,is_in_front_of,akita_black_bowl_1
pick_up_the_black_bowl_on_the_wooden_cabinet_and_place_it_on_the_plate,demo_19,5,agentview,akita_black_bowl_1,is_behind,plate_1
pick_up_the_black_bowl_on_the_wooden_cabinet_and_place_it_on_the_plate,demo_19,5,agentview,plate_1,is_in_front_of,akita_black_bowl_1
pick_up_the_black_bowl_on_the_wooden_cabinet_and_place_it_on_the_plate,demo_19,5,agentview,akita_black_bowl_1,is_behind,cookies_1
pick_up_the_black_bowl_on_the_wooden_cabinet_and_place_it_on_the_plate,demo_19,5,agentview,cookies_1,is_in_front_of,akita_black_bowl_1
pick_up_the_black_bowl_on_the_wooden_cabinet_and_place_it_on_the_plate,demo_19,5,agentview,akita_black_bowl_1,is_behind,glazed_rim_porcelain_ramekin_1
pick_up_the_black_bowl_on_the_wooden_cabinet_and_place_it_on_the_plate,demo_19,5,agentview,glazed_rim_porcelain_ramekin_1,is_in_front_of,akita_black_bowl_1
pick_up_the_black_bowl_on_the_wooden_cabinet_and_place_it_on_the_plate,demo_19,5,agentview,akita_black_bowl_2,is_right_of,akita_black_bowl_1
pick_up_the_black_bowl_on_the_wooden_cabinet_and_place_it_on_the_plate,demo_19,5,agentview,akita_black_bowl_1,is_left_of,akita_black_bowl_2
pick_up_the_black_bowl_on_the_wooden_cabinet_and_place_it_on_the_plate,demo_19,5,agentview,akita_black_bowl_2,is_behind,cookies_1
pick_up_the_black_bowl_on_the_wooden_cabinet_and_place_it_on_the_plate,demo_19,5,agentview,cookies_1,is_in_front_of,akita_black_bowl_2
pick_up_the_black_bowl_on_the_wooden_cabinet_and_place_it_on_the_plate,demo_19,5,agentview,akita_black_bowl_2,is_behind,glazed_rim_porcelain_ramekin_1
pick_up_the_black_bowl_on_the_wooden_cabinet_and_place_it_on_the_plate,demo_19,5,agentview,glazed_rim_porcelain_ramekin_1,is_in_front_of,akita_black_bowl_2
pick_up_the_black_bowl_on_the_wooden_cabinet_and_place_it_on_the_plate,demo_19,5,agentview,akita_black_bowl_2,is_right_of,plate_1
pick_up_the_black_bowl_on_the_wooden_cabinet_and_place_it_on_the_plate,demo_19,5,agentview,plate_1,is_left_of,akita_black_bowl_2
pick_up_the_black_bowl_on_the_wooden_cabinet_and_place_it_on_the_plate,demo_19,5,agentview,cookies_1,is_right_of,akita_black_bowl_1
pick_up_the_black_bowl_on_the_wooden_cabinet_and_place_it_on_the_plate,demo_19,5,agentview,akita_black_bowl_1,is_left_of,cookies_1
pick_up_the_black_bowl_on_the_wooden_cabinet_and_place_it_on_the_plate,demo_19,5,agentview,cookies_1,is_right_of,glazed_rim_porcelain_ramekin_1
pick_up_the_black_bowl_on_the_wooden_cabinet_and_place_it_on_the_plate,demo_19,5,agentview,glazed_rim_porcelain_ramekin_1,is_left_of,cookies_1
pick_up_the_black_bowl_on_the_wooden_cabinet_and_place_it_on_the_plate,demo_19,5,agentview,cookies_1,is_behind,plate_1
pick_up_the_black_bowl_on_the_wooden_cabinet_and_place_it_on_the_plate,demo_19,5,agentview,plate_1,is_in_front_of,cookies_1
pick_up_the_black_bowl_on_the_wooden_cabinet_and_place_it_on_the_plate,demo_19,5,agentview,glazed_rim_porcelain_ramekin_1,is_right_of,plate_1
pick_up_the_black_bowl_on_the_wooden_cabinet_and_place_it_on_the_plate,demo_19,5,agentview,plate_1,is_left_of,glazed_rim_porcelain_ramekin_1
pick_up_the_black_bowl_on_the_wooden_cabinet_and_place_it_on_the_plate,demo_19,5,agentview,glazed_rim_porcelain_ramekin_1,is_behind,akita_black_bowl_2
pick_up_the_black_bowl_on_the_wooden_cabinet_and_place_it_on_the_plate,demo_19,5,agentview,akita_black_bowl_2,is_in_front_of,glazed_rim_porcelain_ramekin_1
pick_up_the_black_bowl_on_the_wooden_cabinet_and_place_it_on_the_plate,demo_19,5,agentview,plate_1,is_in_front_of,akita_black_bowl_2
pick_up_the_black_bowl_on_the_wooden_cabinet_and_place_it_on_the_plate,demo_19,5,agentview,akita_black_bowl_2,is_behind,plate_1
pick_up_the_black_bowl_on_the_wooden_cabinet_and_place_it_on_the_plate,demo_19,5,agentview,wooden_cabinet_1,is_behind,flat_stove_1
pick_up_the_black_bowl_on_the_wooden_cabinet_and_place_it_on_the_plate,demo_19,5,agentview,flat_stove_1,is_in_front_of,wooden_cabinet_1
pick_up_the_black_bowl_on_the_wooden_cabinet_and_place_it_on_the_plate,demo_19,10,agentview,akita_black_bowl_1,is_on_top_of,wooden_cabinet_1
pick_up_the_black_bowl_on_the_wooden_cabinet_and_place_it_on_the_plate,demo_19,10,agentview,wooden_cabinet_1,is_below_of,akita_black_bowl_1
pick_up_the_black_bowl_on_the_wooden_cabinet_and_place_it_on_the_plate,demo_19,10,agentview,akita_black_bowl_1,is_behind,akita_black_bowl_2
pick_up_the_black_bowl_on_the_wooden_cabinet_and_place_it_on_the_plate,demo_19,10,agentview,akita_black_bowl_2,is_in_front_of,akita_black_bowl_1
pick_up_the_black_bowl_on_the_wooden_cabinet_and_place_it_on_the_plate,demo_19,10,agentview,akita_black_bowl_1,is_behind,cookies_1
pick_up_the_black_bowl_on_the_wooden_cabinet_and_place_it_on_the_plate,demo_19,10,agentview,cookies_1,is_in_front_of,akita_black_bowl_1
pick_up_the_black_bowl_on_the_wooden_cabinet_and_place_it_on_the_plate,demo_19,10,agentview,akita_black_bowl_1,is_behind,glazed_rim_porcelain_ramekin_1
pick_up_the_black_bowl_on_the_wooden_cabinet_and_place_it_on_the_plate,demo_19,10,agentview,glazed_rim_porcelain_ramekin_1,is_in_front_of,akita_black_bowl_1
pick_up_the_black_bowl_on_the_wooden_cabinet_and_place_it_on_the_plate,demo_19,10,agentview,akita_black_bowl_1,is_behind,plate_1
pick_up_the_black_bowl_on_the_wooden_cabinet_and_place_it_on_the_plate,demo_19,10,agentview,plate_1,is_in_front_of,akita_black_bowl_1
pick_up_the_black_bowl_on_the_wooden_cabinet_and_place_it_on_the_plate,demo_19,10,agentview,akita_black_bowl_1,is_behind,flat_stove_1
pick_up_the_black_bowl_on_the_wooden_cabinet_and_place_it_on_the_plate,demo_19,10,agentview,flat_stove_1,is_in_front_of,akita_black_bowl_1
pick_up_the_black_bowl_on_the_wooden_cabinet_and_place_it_on_the_plate,demo_19,10,agentview,akita_black_bowl_2,is_on_top_of,plate_1
pick_up_the_black_bowl_on_the_wooden_cabinet_and_place_it_on_the_plate,demo_19,10,agentview,plate_1,is_below_of,akita_black_bowl_2
pick_up_the_black_bowl_on_the_wooden_cabinet_and_place_it_on_the_plate,demo_19,10,agentview,akita_black_bowl_2,is_behind,cookies_1
pick_up_the_black_bowl_on_the_wooden_cabinet_and_place_it_on_the_plate,demo_19,10,agentview,cookies_1,is_in_front_of,akita_black_bowl_2
pick_up_the_black_bowl_on_the_wooden_cabinet_and_place_it_on_the_plate,demo_19,10,agentview,akita_black_bowl_2,is_left_of,glazed_rim_porcelain_ramekin_1
pick_up_the_black_bowl_on_the_wooden_cabinet_and_place_it_on_the_plate,demo_19,10,agentview,glazed_rim_porcelain_ramekin_1,is_right_of,akita_black_bowl_2
pick_up_the_black_bowl_on_the_wooden_cabinet_and_place_it_on_the_plate,demo_19,10,agentview,akita_black_bowl_2,is_behind,flat_stove_1
pick_up_the_black_bowl_on_the_wooden_cabinet_and_place_it_on_the_plate,demo_19,10,agentview,flat_stove_1,is_in_front_of,akita_black_bowl_2
pick_up_the_black_bowl_on_the_wooden_cabinet_and_place_it_on_the_plate,demo_19,10,agentview,cookies_1,is_left_of,glazed_rim_porcelain_ramekin_1
pick_up_the_black_bowl_on_the_wooden_cabinet_and_place_it_on_the_plate,demo_19,10,agentview,glazed_rim_porcelain_ramekin_1,is_right_of,cookies_1
pick_up_the_black_bowl_on_the_wooden_cabinet_and_place_it_on_the_plate,demo_19,10,agentview,cookies_1,is_behind,flat_stove_1
pick_up_the_black_bowl_on_the_wooden_cabinet_and_place_it_on_the_plate,demo_19,10,agentview,flat_stove_1,is_in_front_of,cookies_1
pick_up_the_black_bowl_on_the_wooden_cabinet_and_place_it_on_the_plate,demo_19,10,agentview,glazed_rim_porcelain_ramekin_1,is_behind,flat_stove_1
pick_up_the_black_bowl_on_the_wooden_cabinet_and_place_it_on_the_plate,demo_19,10,agentview,flat_stove_1,is_in_front_of,glazed_rim_porcelain_ramekin_1
pick_up_the_black_bowl_on_the_wooden_cabinet_and_place_it_on_the_plate,demo_19,10,agentview,plate_1,is_on_top_of,flat_stove_1
pick_up_the_black_bowl_on_the_wooden_cabinet_and_place_it_on_the_plate,demo_19,10,agentview,flat_stove_1,is_below_of,plate_1
pick_up_the_black_bowl_on_the_wooden_cabinet_and_place_it_on_the_plate,demo_19,15,agentview,akita_black_bowl_1,is_on_top_of,wooden_cabinet_1
pick_up_the_black_bowl_on_the_wooden_cabinet_and_place_it_on_the_plate,demo_19,15,agentview,wooden_cabinet_1,is_below_of,akita_black_bowl_1
pick_up_the_black_bowl_on_the_wooden_cabinet_and_place_it_on_the_plate,demo_19,15,agentview,akita_black_bowl_1,is_behind,akita_black_bowl_2
pick_up_the_black_bowl_on_the_wooden_cabinet_and_place_it_on_the_plate,demo_19,15,agentview,akita_black_bowl_2,is_in_front_of,akita_black_bowl_1
pick_up_the_black_bowl_on_the_wooden_cabinet_and_place_it_on_the_plate,demo_19,15,agentview,akita_black_bowl_1,is_behind,cookies_1
pick_up_the_black_bowl_on_the_wooden_cabinet_and_place_it_on_the_plate,demo_19,15,agentview,cookies_1,is_in_front_of,akita_black_bowl_1
pick_up_the_black_bowl_on_the_wooden_cabinet_and_place_it_on_the_plate,demo_19,15,agentview,akita_black_bowl_1,is_behind,glazed_rim_porcelain_ramekin_1
pick_up_the_black_bowl_on_the_wooden_cabinet_and_place_it_on_the_plate,demo_19,15,agentview,glazed_rim_porcelain_ramekin_1,is_in_front_of,akita_black_bowl_1
pick_up_the_black_bowl_on_the_wooden_cabinet_and_place_it_on_the_plate,demo_19,15,agentview,akita_black_bowl_1,is_behind,plate_1
pick_up_the_black_bowl_on_the_wooden_cabinet_and_place_it_on_the_plate,demo_19,15,agentview,plate_1,is_in_front_of,akita_black_bowl_1
pick_up_the_black_bowl_on_the_wooden_cabinet_and_place_it_on_the_plate,demo_19,15,agentview,akita_black_bowl_1,is_behind,flat_stove_1
pick_up_the_black_bowl_on_the_wooden_cabinet_and_place_it_on_the_plate,demo_19,15,agentview,flat_stove_1,is_in_front_of,akita_black_bowl_1
pick_up_the_black_bowl_on_the_wooden_cabinet_and_place_it_on_the_plate,demo_19,15,agentview,akita_black_bowl_2,is_on_top_of,plate_1
pick_up_the_black_bowl_on_the_wooden_cabinet_and_place_it_on_the_plate,demo_19,15,agentview,plate_1,is_below_of,akita_black_bowl_2
pick_up_the_black_bowl_on_the_wooden_cabinet_and_place_it_on_the_plate,demo_19,15,agentview,akita_black_bowl_2,is_right_of,cookies_1
pick_up_the_black_bowl_on_the_wooden_cabinet_and_place_it_on_the_plate,demo_19,15,agentview,cookies_1,is_left_of,akita_black_bowl_2
pick_up_the_black_bowl_on_the_wooden_cabinet_and_place_it_on_the_plate,demo_19,15,agentview,akita_black_bowl_2,is_behind,glazed_rim_porcelain_ramekin_1
pick_up_the_black_bowl_on_the_wooden_cabinet_and_place_it_on_the_plate,demo_19,15,agentview,glazed_rim_porcelain_ramekin_1,is_in_front_of,akita_black_bowl_2
pick_up_the_black_bowl_on_the_wooden_cabinet_and_place_it_on_the_plate,demo_19,15,agentview,akita_black_bowl_2,is_right_of,plate_1
pick_up_the_black_bowl_on_the_wooden_cabinet_and_place_it_on_the_plate,demo_19,15,agentview,plate_1,is_left_of,akita_black_bowl_2
pick_up_the_black_bowl_on_the_wooden_cabinet_and_place_it_on_the_plate,demo_19,15,agentview,akita_black_bowl_2,is_behind,flat_stove_1
pick_up_the_black_bowl_on_the_wooden_cabinet_and_place_it_on_the_plate,demo_19,15,agentview,flat_stove_1,is_in_front_of,akita_black_bowl_2
pick_up_the_black_bowl_on_the_wooden_cabinet_and_place_it_on_the_plate,demo_19,15,agentview,cookies_1,is_on_top_of,plate_1
pick_up_the_black_bowl_on_the_wooden_cabinet_and_place_it_on_the_plate,demo_19,15,agentview,plate_1,is_below_of,cookies_1
pick_up_the_black_bowl_on_the_wooden_cabinet_and_place_it_on_the_plate,demo_19,15,agentview,cookies_1,is_behind,glazed_rim_porcelain_ramekin_1
pick_up_the_black_bowl_on_the_wooden_cabinet_and_place_it_on_the_plate,demo_19,15,agentview,glazed_rim_porcelain_ramekin_1,is_in_front_of,cookies_1
pick_up_the_black_bowl_on_the_wooden_cabinet_and_place_it_on_the_plate,demo_19,15,agentview,cookies_1,is_right_of,plate_1
pick_up_the_black_bowl_on_the_wooden_cabinet_and_place_it_on_the_plate,demo_19,15,agentview,plate_1,is_left_of,cookies_1
pick_up_the_black_bowl_on_the_wooden_cabinet_and_place_it_on_the_plate,demo_19,15,agentview,cookies_1,is_behind,flat_stove_1
pick_up_the_black_bowl_on_the_wooden_cabinet_and_place_it_on_the_plate,demo_19,15,agentview,flat_stove_1,is_in_front_of,cookies_1
pick_up_the_black_bowl_on_the_wooden_cabinet_and_place_it_on_the_plate,demo_19,15,agentview,glazed_rim_porcelain_ramekin_1,is_on_top_of,plate_1
pick_up_the_black_bowl_on_the_wooden_cabinet_and_place_it_on_the_plate,demo_19,15,agentview,plate_1,is_below_of,glazed_rim_porcelain_ramekin_1
pick_up_the_black_bowl_on_the_wooden_cabinet_and_place_it_on_the_plate,demo_19,15,agentview,glazed_rim_porcelain_ramekin_1,is_left_of,plate_1
pick_up_the_black_bowl_on_the_wooden_cabinet_and_place_it_on_the_plate,demo_19,15,agentview,plate_1,is_right_of,glazed_rim_porcelain_ramekin_1
pick_up_the_black_bowl_on_the_wooden_cabinet_and_place_it_on_the_plate,demo_19,15,agentview,glazed_rim_porcelain_ramekin_1,is_behind,flat_stove_1
pick_up_the_black_bowl_on_the_wooden_cabinet_and_place_it_on_the_plate,demo_19,15,agentview,flat_stove_1,is_in_front_of,glazed_rim_porcelain_ramekin_1
pick_up_the_black_bowl_on_the_wooden_cabinet_and_place_it_on_the_plate,demo_19,15,agentview,plate_1,is_on_top_of,flat_stove_1
pick_up_the_black_bowl_on_the_wooden_cabinet_and_place_it_on_the_plate,demo_19,15,agentview,flat_stove_1,is_below_of,plate_1
pick_up_the_black_bowl_on_the_wooden_cabinet_and_place_it_on_the_plate,demo_19,20,agentview,akita_black_bowl_1,is_on_top_of,wooden_cabinet_1
pick_up_the_black_bowl_on_the_wooden_cabinet_and_place_it_on_the_plate,demo_19,20,agentview,wooden_cabinet_1,is_below_of,akita_black_bowl_1
pick_up_the_black_bowl_on_the_wooden_cabinet_and_place_it_on_the_plate,demo_19,20,agentview,akita_black_bowl_2,is_on_top_of,flat_stove_1
pick_up_the_black_bowl_on_the_wooden_cabinet_and_place_it_on_the_plate,demo_19,20,agentview,flat_stove_1,is_below_of,akita_black_bowl_2
pick_up_the_black_bowl_on_the_wooden_cabinet_and_place_it_on_the_plate,demo_19,20,agentview,cookies_1,is_on_top_of,flat_stove_1
pick_up_the_black_bowl_on_the_wooden_cabinet_and_place_it_on_the_plate,demo_19,20,agentview,flat_stove_1,is_below_of,cookies_1
pick_up_the_black_bowl_on_the_wooden_cabinet_and_place_it_on_the_plate,demo_19,20,agentview,glazed_rim_porcelain_ramekin_1,is_on_top_of,flat_stove_1
pick_up_the_black_bowl_on_the_wooden_cabinet_and_place_it_on_the_plate,demo_19,20,agentview,flat_stove_1,is_below_of,glazed_rim_porcelain_ramekin_1
pick_up_the_black_bowl_on_the_wooden_cabinet_and_place_it_on_the_plate,demo_19,20,agentview,plate_1,is_on_top_of,flat_stove_1
pick_up_the_black_bowl_on_the_wooden_cabinet_and_place_it_on_the_plate,demo_19,20,agentview,flat_stove_1,is_below_of,plate_1
pick_up_the_black_bowl_on_the_wooden_cabinet_and_place_it_on_the_plate,demo_19,20,agentview,akita_black_bowl_1,is_behind,akita_black_bowl_2
pick_up_the_black_bowl_on_the_wooden_cabinet_and_place_it_on_the_plate,demo_19,20,agentview,akita_black_bowl_2,is_in_front_of,akita_black_bowl_1
pick_up_the_black_bowl_on_the_wooden_cabinet_and_place_it_on_the_plate,demo_19,20,agentview,akita_black_bowl_1,is_behind,cookies_1
pick_up_the_black_bowl_on_the_wooden_cabinet_and_place_it_on_the_plate,demo_19,20,agentview,cookies_1,is_in_front_of,akita_black_bowl_1
pick_up_the_black_bowl_on_the_wooden_cabinet_and_place_it_on_the_plate,demo_19,20,agentview,akita_black_bowl_1,is_behind,glazed_rim_porcelain_ramekin_1
pick_up_the_black_bowl_on_the_wooden_cabinet_and_place_it_on_the_plate,demo_19,20,agentview,glazed_rim_porcelain_ramekin_1,is_in_front_of,akita_black_bowl_1
pick_up_the_black_bowl_on_the_wooden_cabinet_and_place_it_on_the_plate,demo_19,20,agentview,akita_black_bowl_1,is_behind,plate_1
pick_up_the_black_bowl_on_the_wooden_cabinet_and_place_it_on_the_plate,demo_19,20,agentview,plate_1,is_in_front_of,akita_black_bowl_1
pick_up_the_black_bowl_on_the_wooden_cabinet_and_place_it_on_the_plate,demo_19,20,agentview,akita_black_bowl_1,is_right_of,wooden_cabinet_1
pick_up_the_black_bowl_on_the_wooden_cabinet_and_place_it_on_the_plate,demo_19,20,agentview,wooden_cabinet_1,is_left_of,akita_black_bowl_1
pick_up_the_black_bowl_on_the_wooden_cabinet_and_place_it_on_the_plate,demo_19,20,agentview,akita_black_bowl_2,is_left_of,cookies_1
pick_up_the_black_bowl_on_the_wooden_cabinet_and_place_it_on_the_plate,demo_19,20,agentview,cookies_1,is_right_of,akita_black_bowl_2
pick_up_the_black_bowl_on_the_wooden_cabinet_and_place_it_on_the_plate,demo_19,20,agentview,akita_black_bowl_2,is_left_of,glazed_rim_porcelain_ramekin_1
pick_up_the_black_bowl_on_the_wooden_cabinet_and_place_it_on_the_plate,demo_19,20,agentview,glazed_rim_porcelain_ramekin_1,is_right_of,akita_black_bowl_2
pick_up_the_black_bowl_on_the_wooden_cabinet_and_place_it_on_the_plate,demo_19,20,agentview,akita_black_bowl_2,is_left_of,plate_1
pick_up_the_black_bowl_on_the_wooden_cabinet_and_place_it_on_the_plate,demo_19,20,agentview,plate_1,is_right_of,akita_black_bowl_2
pick_up_the_black_bowl_on_the_wooden_cabinet_and_place_it_on_the_plate,demo_19,20,agentview,cookies_1,is_left_of,glazed_rim_porcelain_ramekin_1
pick_up_the_black_bowl_on_the_wooden_cabinet_and_place_it_on_the_plate,demo_19,20,agentview,glazed_rim_porcelain_ramekin_1,is_right_of,cookies_1
pick_up_the_black_bowl_on_the_wooden_cabinet_and_place_it_on_the_plate,demo_19,20,agentview,cookies_1,is_left_of,plate_1
pick_up_the_black_bowl_on_the_wooden_cabinet_and_place_it_on_the_plate,demo_19,20,agentview,plate_1,is_right_of,cookies_1
pick_up_the_black_bowl_on_the_wooden_cabinet_and_place_it_on_the_plate,demo_19,20,agentview,glazed_rim_porcelain_ramekin_1,is_left_of,plate_1
pick_up_the_black_bowl_on_the_wooden_cabinet_and_place_it_on_the_plate,demo_19,20,agentview,plate_1,is_right_of,glazed_rim_porcelain_ramekin_1
pick_up_the_black_bowl_on_the_wooden_cabinet_and_place_it_on_the_plate,demo_19,25,agentview,akita_black_bowl_1,is_on_top_of,wooden_cabinet_1
pick_up_the_black_bowl_on_the_wooden_cabinet_and_place_it_on_the_plate,demo_19,25,agentview,wooden_cabinet_1,is_below_of,akita_black_bowl_1
pick_up_the_black_bowl_on_the_wooden_cabinet_and_place_it_on_the_plate,demo_19,25,agentview,akita_black_bowl_1,is_behind,akita_black_bowl_2
pick_up_the_black_bowl_on_the_wooden_cabinet_and_place_it_on_the_plate,demo_19,25,agentview,akita_black_bowl_2,is_in_front_of,akita_black_bowl_1
pick_up_the_black_bowl_on_the_wooden_cabinet_and_place_it_on_the_plate,demo_19,25,agentview,akita_black_bowl_1,is_behind,cookies_1
pick_up_the_black_bowl_on_the_wooden_cabinet_and_place_it_on_the_plate,demo_19,25,agentview,cookies_1,is_in_front_of,akita_black_bowl_1
pick_up_the_black_bowl_on_the_wooden_cabinet_and_place_it_on_the_plate,demo_19,25,agentview,akita_black_bowl_1,is_behind,glazed_rim_porcelain_ramekin_1
pick_up_the_black_bowl_on_the_wooden_cabinet_and_place_it_on_the_plate,demo_19,25,agentview,glazed_rim_porcelain_ramekin_1,is_in_front_of,akita_black_bowl_1
pick_up_the_black_bowl_on_the_wooden_cabinet_and_place_it_on_the_plate,demo_19,25,agentview,akita_black_bowl_1,is_behind,plate_1
pick_up_the_black_bowl_on_the_wooden_cabinet_and_place_it_on_the_plate,demo_19,25,agentview,plate_1,is_in_front_of,akita_black_bowl_1
pick_up_the_black_bowl_on_the_wooden_cabinet_and_place_it_on_the_plate,demo_19,25,agentview,akita_black_bowl_1,is_behind,flat_stove_1
pick_up_the_black_bowl_on_the_wooden_cabinet_and_place_it_on_the_plate,demo_19,25,agentview,flat_stove_1,is_in_front_of,akita_black_bowl_1
pick_up_the_black_bowl_on_the_wooden_cabinet_and_place_it_on_the_plate,demo_19,25,agentview,akita_black_bowl_2,is_left_of,cookies_1
pick_up_the_black_bowl_on_the_wooden_cabinet_and_place_it_on_the_plate,demo_19,25,agentview,cookies_1,is_right_of,akita_black_bowl_2
pick_up_the_black_bowl_on_the_wooden_cabinet_and_place_it_on_the_plate,demo_19,25,agentview,akita_black_bowl_2,is_left_of,glazed_rim_porcelain_ramekin_1
pick_up_the_black_bowl_on_the_wooden_cabinet_and_place_it_on_the_plate,demo_19,25,agentview,glazed_rim_porcelain_ramekin_1,is_right_of,akita_black_bowl_2
pick_up_the_black_bowl_on_the_wooden_cabinet_and_place_it_on_the_plate,demo_19,25,agentview,akita_black_bowl_2,is_left_of,plate_1
pick_up_the_black_bowl_on_the_wooden_cabinet_and_place_it_on_the_plate,demo_19,25,agentview,plate_1,is_right_of,akita_black_bowl_2
pick_up_the_black_bowl_on_the_wooden_cabinet_and_place_it_on_the_plate,demo_19,25,agentview,akita_black_bowl_2,is_in_front_of,wooden_cabinet_1
pick_up_the_black_bowl_on_the_wooden_cabinet_and_place_it_on_the_plate,demo_19,25,agentview,wooden_cabinet_1,is_behind,akita_black_bowl_2
pick_up_the_black_bowl_on_the_wooden_cabinet_and_place_it_on_the_plate,demo_19,25,agentview,akita_black_bowl_2,is_behind,flat_stove_1
pick_up_the_black_bowl_on_the_wooden_cabinet_and_place_it_on_the_plate,demo_19,25,agentview,flat_stove_1,is_in_front_of,akita_black_bowl_2
pick_up_the_black_bowl_on_the_wooden_cabinet_and_place_it_on_the_plate,demo_19,25,agentview,cookies_1,is_left_of,glazed_rim_porcelain_ramekin_1
pick_up_the_black_bowl_on_the_wooden_cabinet_and_place_it_on_the_plate,demo_19,25,agentview,glazed_rim_porcelain_ramekin_1,is_right_of,cookies_1
pick_up_the_black_bowl_on_the_wooden_cabinet_and_place_it_on_the_plate,demo_19,25,agentview,cookies_1,is_left_of,plate_1
pick_up_the_black_bowl_on_the_wooden_cabinet_and_place_it_on_the_plate,demo_19,25,agentview,plate_1,is_right_of,cookies_1
pick_up_the_black_bowl_on_the_wooden_cabinet_and_place_it_on_the_plate,demo_19,25,agentview,cookies_1,is_in_front_of,wooden_cabinet_1
pick_up_the_black_bowl_on_the_wooden_cabinet_and_place_it_on_the_plate,demo_19,25,agentview,wooden_cabinet_1,is_behind,cookies_1
pick_up_the_black_bowl_on_the_wooden_cabinet_and_place_it_on_the_plate,demo_19,25,agentview,cookies_1,is_behind,flat_stove_1
pick_up_the_black_bowl_on_the_wooden_cabinet_and_place_it_on_the_plate,demo_19,25,agentview,flat_stove_1,is_in_front_of,cookies_1
pick_up_the_black_bowl_on_the_wooden_cabinet_and_place_it_on_the_plate,demo_19,25,agentview,glazed_rim_porcelain_ramekin_1,is_left_of,plate_1
pick_up_the_black_bowl_on_the_wooden_cabinet_and_place_it_on_the_plate,demo_19,25,agentview,plate_1,is_right_of,glazed_rim_porcelain_ramekin_1
pick_up_the_black_bowl_on_the_wooden_cabinet_and_place_it_on_the_plate,demo_19,25,agentview,glazed_rim_porcelain_ramekin_1,is_in_front_of,wooden_cabinet_1
pick_up_the_black_bowl_on_the_wooden_cabinet_and_place_it_on_the_plate,demo_19,25,agentview,wooden_cabinet_1,is_behind,glazed_rim_porcelain_ramekin_1
pick_up_the_black_bowl_on_the_wooden_cabinet_and_place_it_on_the_plate,demo_19,25,agentview,glazed_rim_porcelain_ramekin_1,is_behind,flat_stove_1
pick_up_the_black_bowl_on_the_wooden_cabinet_and_place_it_on_the_plate,demo_19,25,agentview,flat_stove_1,is_in_front_of,glazed_rim_porcelain_ramekin_1
pick_up_the_black_bowl_on_the_wooden_cabinet_and_place_it_on_the_plate,demo_19,25,agentview,plate_1,is_on_top_of,flat_stove_1
pick_up_the_black_bowl_on_the_wooden_cabinet_and_place_it_on_the_plate,demo_19,25,agentview,flat_stove_1,is_below_of,plate_1
pick_up_the_black_bowl_on_the_wooden_cabinet_and_place_it_on_the_plate,demo_19,25,agentview,plate_1,is_in_front_of,wooden_cabinet_1
pick_up_the_black_bowl_on_the_wooden_cabinet_and_place_it_on_the_plate,demo_19,25,agentview,wooden_cabinet_1,is_behind,plate_1
pick_up_the_black_bowl_on_the_wooden_cabinet_and_place_it_on_the_plate,demo_19,30,agentview,akita_black_bowl_1,is_on_top_of,wooden_cabinet_1
pick_up_the_black_bowl_on_the_wooden_cabinet_and_place_it_on_the_plate,demo_19,30,agentview,wooden_cabinet_1,is_below_of,akita_black_bowl_1
pick_up_the_black_bowl_on_the_wooden_cabinet_and_place_it_on_the_plate,demo_19,30,agentview,akita_black_bowl_1,is_behind,akita_black_bowl_2
pick_up_the_black_bowl_on_the_wooden_cabinet_and_place_it_on_the_plate,demo_19,30,agentview,akita_black_bowl_2,is_in_front_of,akita_black_bowl_1
pick_up_the_black_bowl_on_the_wooden_cabinet_and_place_it_on_the_plate,demo_19,30,agentview,akita_black_bowl_1,is_behind,cookies_1
pick_up_the_black_bowl_on_the_wooden_cabinet_and_place_it_on_the_plate,demo_19,30,agentview,cookies_1,is_in_front_of,akita_black_bowl_1
pick_up_the_black_bowl_on_the_wooden_cabinet_and_place_it_on_the_plate,demo_19,30,agentview,akita_black_bowl_1,is_behind,glazed_rim_porcelain_ramekin_1
pick_up_the_black_bowl_on_the_wooden_cabinet_and_place_it_on_the_plate,demo_19,30,agentview,glazed_rim_porcelain_ramekin_1,is_in_front_of,akita_black_bowl_1
pick_up_the_black_bowl_on_the_wooden_cabinet_and_place_it_on_the_plate,demo_19,30,agentview,akita_black_bowl_1,is_behind,plate_1
pick_up_the_black_bowl_on_the_wooden_cabinet_and_place_it_on_the_plate,demo_19,30,agentview,plate_1,is_in_front_of,akita_black_bowl_1
pick_up_the_black_bowl_on_the_wooden_cabinet_and_place_it_on_the_plate,demo_19,30,agentview,akita_black_bowl_1,is_behind,flat_stove_1
pick_up_the_black_bowl_on_the_wooden_cabinet_and_place_it_on_the_plate,demo_19,30,agentview,flat_stove_1,is_in_front_of,akita_black_bowl_1
pick_up_the_black_bowl_on_the_wooden_cabinet_and_place_it_on_the_plate,demo_19,30,agentview,akita_black_bowl_2,is_on_top_of,plate_1
pick_up_the_black_bowl_on_the_wooden_cabinet_and_place_it_on_the_plate,demo_19,30,agentview,plate_1,is_below_of,akita_black_bowl_2
pick_up_the_black_bowl_on_the_wooden_cabinet_and_place_it_on_the_plate,demo_19,30,agentview,akita_black_bowl_2,is_right_of,cookies_1
pick_up_the_black_bowl_on_the_wooden_cabinet_and_place_it_on_the_plate,demo_19,30,agentview,cookies_1,is_left_of,akita_black_bowl_2
pick_up_the_black_bowl_on_the_wooden_cabinet_and_place_it_on_the_plate,demo_19,30,agentview,akita_black_bowl_2,is_right_of,glazed_rim_porcelain_ramekin_1
pick_up_the_black_bowl_on_the_wooden_cabinet_and_place_it_on_the_plate,demo_19,30,agentview,glazed_rim_porcelain_ramekin_1,is_left_of,akita_black_bowl_2
pick_up_the_black_bowl_on_the_wooden_cabinet_and_place_it_on_the_plate,demo_19,30,agentview,akita_black_bowl_2,is_behind,flat_stove_1
pick_up_the_black_bowl_on_the_wooden_cabinet_and_place_it_on_the_plate,demo_19,30,agentview,flat_stove_1,is_in_front_of,akita_black_bowl_2
pick_up_the_black_bowl_on_the_wooden_cabinet_and_place_it_on_the_plate,demo_19,30,agentview,cookies_1,is_on_top_of,flat_stove_1
pick_up_the_black_bowl_on_the_wooden_cabinet_and_place_it_on_the_plate,demo_19,30,agentview,flat_stove_1,is_below_of,cookies_1
pick_up_the_black_bowl_on_the_wooden_cabinet_and_place_it_on_the_plate,demo_19,30,agentview,cookies_1,is_right_of,glazed_rim_porcelain_ramekin_1
pick_up_the_black_bowl_on_the_wooden_cabinet_and_place_it_on_the_plate,demo_19,30,agentview,glazed_rim_porcelain_ramekin_1,is_left_of,cookies_1
pick_up_the_black_bowl_on_the_wooden_cabinet_and_place_it_on_the_plate,demo_19,30,agentview,cookies_1,is_behind,flat_stove_1
pick_up_the_black_bowl_on_the_wooden_cabinet_and_place_it_on_the_plate,demo_19,30,agentview,flat_stove_1,is_in_front_of,cookies_1
pick_up_the_black_bowl_on_the_wooden_cabinet_and_place_it_on_the_plate,demo_19,30,agentview,glazed_rim_porcelain_ramekin_1,is_on_top_of,flat_stove_1
pick_up_the_black_bowl_on_the_wooden_cabinet_and_place_it_on_the_plate,demo_19,30,agentview,flat_stove_1,is_below_of,glazed_rim_porcelain_ramekin_1
pick_up_the_black_bowl_on_the_wooden_cabinet_and_place_it_on_the_plate,demo_19,30,agentview,glazed_rim_porcelain_ramekin_1,is_behind,flat_stove_1
pick_up_the_black_bowl_on_the_wooden_cabinet_and_place_it_on_the_plate,demo_19,30,agentview,flat_stove_1,is_in_front_of,glazed_rim_porcelain_ramekin_1
pick_up_the_black_bowl_on_the_wooden_cabinet_and_place_it_on_the_plate,demo_19,30,agentview,plate_1,is_on_top_of,flat_stove_1
pick_up_the_black_bowl_on_the_wooden_cabinet_and_place_it_on_the_plate,demo_19,30,agentview,flat_stove_1,is_below_of,plate_1
pick_up_the_black_bowl_on_the_wooden_cabinet_and_place_it_on_the_plate,demo_19,30,agentview,plate_1,is_right_of,glazed_rim_porcelain_ramekin_1
pick_up_the_black_bowl_on_the_wooden_cabinet_and_place_it_on_the_plate,demo_19,30,agentview,glazed_rim_porcelain_ramekin_1,is_left_of,plate_1
pick_up_the_black_bowl_on_the_wooden_cabinet_and_place_it_on_the_plate,demo_19,30,agentview,plate_1,is_right_of,cookies_1
pick_up_the_black_bowl_on_the_wooden_cabinet_and_place_it_on_the_plate,demo_19,30,agentview,cookies_1,is_left_of,plate_1
pick_up_the_black_bowl_on_the_wooden_cabinet_and_place_it_on_the_plate,demo_19,30,agentview,wooden_cabinet_1,is_behind,akita_black_bowl_2
pick_up_the_black_bowl_on_the_wooden_cabinet_and_place_it_on_the_plate,demo_19,30,agentview,akita_black_bowl_2,is_in_front_of,wooden_cabinet_1
pick_up_the_black_bowl_on_the_wooden_cabinet_and_place_it_on_the_plate,demo_19,30,agentview,wooden_cabinet_1,is_behind,cookies_1
pick_up_the_black_bowl_on_the_wooden_cabinet_and_place_it_on_the_plate,demo_19,30,agentview,cookies_1,is_in_front_of,wooden_cabinet_1
pick_up_the_black_bowl_on_the_wooden_cabinet_and_place_it_on_the_plate,demo_19,30,agentview,wooden_cabinet_1,is_behind,glazed_rim_porcelain_ramekin_1
pick_up_the_black_bowl_on_the_wooden_cabinet_and_place_it_on_the_plate,demo_19,30,agentview,glazed_rim_porcelain_ramekin_1,is_in_front_of,wooden_cabinet_1
pick_up_the_black_bowl_on_the_wooden_cabinet_and_place_it_on_the_plate,demo_19,30,agentview,wooden_cabinet_1,is_behind,plate_1
pick_up_the_black_bowl_on_the_wooden_cabinet_and_place_it_on_the_plate,demo_19,30,agentview,plate_1,is_in_front_of,wooden_cabinet_1
pick_up_the_black_bowl_on_the_wooden_cabinet_and_place_it_on_the_plate,demo_19,30,agentview,wooden_cabinet_1,is_behind,flat_stove_1
pick_up_the_black_bowl_on_the_wooden_cabinet_and_place_it_on_the_plate,demo_19,30,agentview,flat_stove_1,is_in_front_of,wooden_cabinet_1
pick_up_the_black_bowl_on_the_wooden_cabinet_and_place_it_on_the_plate,demo_19,35,agentview,akita_black_bowl_1,is_on_top_of,wooden_cabinet_1
pick_up_the_black_bowl_on_the_wooden_cabinet_and_place_it_on_the_plate,demo_19,35,agentview,wooden_cabinet_1,is_below_of,akita_black_bowl_1
pick_up_the_black_bowl_on_the_wooden_cabinet_and_place_it_on_the_plate,demo_19,35,agentview,akita_black_bowl_1,is_behind,akita_black_bowl_2
pick_up_the_black_bowl_on_the_wooden_cabinet_and_place_it_on_the_plate,demo_19,35,agentview,akita_black_bowl_2,is_in_front_of,akita_black_bowl_1
pick_up_the_black_bowl_on_the_wooden_cabinet_and_place_it_on_the_plate,demo_19,35,agentview,akita_black_bowl_1,is_behind,cookies_1
pick_up_the_black_bowl_on_the_wooden_cabinet_and_place_it_on_the_plate,demo_19,35,agentview,cookies_1,is_in_front_of,akita_black_bowl_1
pick_up_the_black_bowl_on_the_wooden_cabinet_and_place_it_on_the_plate,demo_19,35,agentview,akita_black_bowl_1,is_behind,glazed_rim_porcelain_ramekin_1
pick_up_the_black_bowl_on_the_wooden_cabinet_and_place_it_on_the_plate,demo_19,35,agentview,glazed_rim_porcelain_ramekin_1,is_in_front_of,akita_black_bowl_1
pick_up_the_black_bowl_on_the_wooden_cabinet_and_place_it_on_the_plate,demo_19,35,agentview,akita_black_bowl_1,is_behind,plate_1
pick_up_the_black_bowl_on_the_wooden_cabinet_and_place_it_on_the_plate,demo_19,35,agentview,plate_1,is_in_front_of,akita_black_bowl_1
pick_up_the_black_bowl_on_the_wooden_cabinet_and_place_it_on_the_plate,demo_19,35,agentview,akita_black_bowl_1,is_behind,flat_stove_1
pick_up_the_black_bowl_on_the_wooden_cabinet_and_place_it_on_the_plate,demo_19,35,agentview,flat_stove_1,is_in_front_of,akita_black_bowl_1
pick_up_the_black_bowl_on_the_wooden_cabinet_and_place_it_on_the_plate,demo_19,35,agentview,akita_black_bowl_2,is_on_top_of,plate_1
pick_up_the_black_bowl_on_the_wooden_cabinet_and_place_it_on_the_plate,demo_19,35,agentview,plate_1,is_below_of,akita_black_bowl_2
pick_up_the_black_bowl_on_the_wooden_cabinet_and_place_it_on_the_plate,demo_19,35,agentview,akita_black_bowl_2,is_right_of,cookies_1
pick_up_the_black_bowl_on_the_wooden_cabinet_and_place_it_on_the_plate,demo_19,35,agentview,cookies_1,is_left_of,akita_black_bowl_2
pick_up_the_black_bowl_on_the_wooden_cabinet_and_place_it_on_the_plate,demo_19,35,agentview,akita_black_bowl_2,is_right_of,glazed_rim_porcelain_ramekin_1
pick_up_the_black_bowl_on_the_wooden_cabinet_and_place_it_on_the_plate,demo_19,35,agentview,glazed_rim_porcelain_ramekin_1,is_left_of,akita_black_bowl_2
pick_up_the_black_bowl_on_the_wooden_cabinet_and_place_it_on_the_plate,demo_19,35,agentview,akita_black_bowl_2,is_behind,flat_stove_1
pick_up_the_black_bowl_on_the_wooden_cabinet_and_place_it_on_the_plate,demo_19,35,agentview,flat_stove_1,is_in_front_of,akita_black_bowl_2
pick_up_the_black_bowl_on_the_wooden_cabinet_and_place_it_on_the_plate,demo_19,35,agentview,cookies_1,is_right_of,glazed_rim_porcelain_ramekin_1
pick_up_the_black_bowl_on_the_wooden_cabinet_and_place_it_on_the_plate,demo_19,35,agentview,glazed_rim_porcelain_ramekin_1,is_left_of,cookies_1
pick_up_the_black_bowl_on_the_wooden_cabinet_and_place_it_on_the_plate,demo_19,35,agentview,cookies_1,is_behind,flat_stove_1
pick_up_the_black_bowl_on_the_wooden_cabinet_and_place_it_on_the_plate,demo_19,35,agentview,flat_stove_1,is_in_front_of,cookies_1
pick_up_the_black_bowl_on_the_wooden_cabinet_and_place_it_on_the_plate,demo_19,35,agentview,glazed_rim_porcelain_ramekin_1,is_behind,flat_stove_1
pick_up_the_black_bowl_on_the_wooden_cabinet_and_place_it_on_the_plate,demo_19,35,agentview,flat_stove_1,is_in_front_of,glazed_rim_porcelain_ramekin_1
pick_up_the_black_bowl_on_the_wooden_cabinet_and_place_it_on_the_plate,demo_19,35,agentview,plate_1,is_on_top_of,flat_stove_1
pick_up_the_black_bowl_on_the_wooden_cabinet_and_place_it_on_the_plate,demo_19,35,agentview,flat_stove_1,is_below_of,plate_1
pick_up_the_black_bowl_on_the_wooden_cabinet_and_place_it_on_the_plate,demo_19,35,agentview,plate_1,is_right_of,glazed_rim_porcelain_ramekin_1
pick_up_the_black_bowl_on_the_wooden_cabinet_and_place_it_on_the_plate,demo_19,35,agentview,glazed_rim_porcelain_ramekin_1,is_left_of,plate_1
pick_up_the_black_bowl_on_the_wooden_cabinet_and_place_it_on_the_plate,demo_19,35,agentview,plate_1,is_right_of,cookies_1
pick_up_the_black_bowl_on_the_wooden_cabinet_and_place_it_on_the_plate,demo_19,35,agentview,cookies_1,is_left_of,plate_1
pick_up_the_black_bowl_on_the_wooden_cabinet_and_place_it_on_the_plate,demo_19,40,agentview,akita_black_bowl_1,is_on_top_of,wooden_cabinet_1
pick_up_the_black_bowl_on_the_wooden_cabinet_and_place_it_on_the_plate,demo_19,40,agentview,wooden_cabinet_1,is_below_of,akita_black_bowl_1
pick_up_the_black_bowl_on_the_wooden_cabinet_and_place_it_on_the_plate,demo_19,40,agentview,akita_black_bowl_1,is_behind,akita_black_bowl_2
pick_up_the_black_bowl_on_the_wooden_cabinet_and_place_it_on_the_plate,demo_19,40,agentview,akita_black_bowl_2,is_in_front_of,akita_black_bowl_1
pick_up_the_black_bowl_on_the_wooden_cabinet_and_place_it_on_the_plate,demo_19,40,agentview,akita_black_bowl_1,is_behind,cookies_1
pick_up_the_black_bowl_on_the_wooden_cabinet_and_place_it_on_the_plate,demo_19,40,agentview,cookies_1,is_in_front_of,akita_black_bowl_1
pick_up_the_black_bowl_on_the_wooden_cabinet_and_place_it_on_the_plate,demo_19,40,agentview,akita_black_bowl_1,is_behind,glazed_rim_porcelain_ramekin_1
pick_up_the_black_bowl_on_the_wooden_cabinet_and_place_it_on_the_plate,demo_19,40,agentview,glazed_rim_porcelain_ramekin_1,is_in_front_of,akita_black_bowl_1
pick_up_the_black_bowl_on_the_wooden_cabinet_and_place_it_on_the_plate,demo_19,40,agentview,akita_black_bowl_1,is_behind,plate_1
pick_up_the_black_bowl_on_the_wooden_cabinet_and_place_it_on_the_plate,demo_19,40,agentview,plate_1,is_in_front_of,akita_black_bowl_1
pick_up_the_black_bowl_on_the_wooden_cabinet_and_place_it_on_the_plate,demo_19,40,agentview,akita_black_bowl_1,is_behind,flat_stove_1
pick_up_the_black_bowl_on_the_wooden_cabinet_and_place_it_on_the_plate,demo_19,40,agentview,flat_stove_1,is_in_front_of,akita_black_bowl_1
pick_up_the_black_bowl_on_the_wooden_cabinet_and_place_it_on_the_plate,demo_19,40,agentview,akita_black_bowl_2,is_on_top_of,wooden_cabinet_1
pick_up_the_black_bowl_on_the_wooden_cabinet_and_place_it_on_the_plate,demo_19,40,agentview,wooden_cabinet_1,is_below_of,akita_black_bowl_2
pick_up_the_black_bowl_on_the_wooden_cabinet_and_place_it_on_the_plate,demo_19,40,agentview,akita_black_bowl_2,is_left_of,cookies_1
pick_up_the_black_bowl_on_the_wooden_cabinet_and_place_it_on_the_plate,demo_19,40,agentview,cookies_1,is_right_of,akita_black_bowl_2
pick_up_the_black_bowl_on_the_wooden_cabinet_and_place_it_on_the_plate,demo_19,40,agentview,akita_black_bowl_2,is_left_of,glazed_rim_porcelain_ramekin_1
pick_up_the_black_bowl_on_the_wooden_cabinet_and_place_it_on_the_plate,demo_19,40,agentview,glazed_rim_porcelain_ramekin_1,is_right_of,akita_black_bowl_2
pick_up_the_black_bowl_on_the_wooden_cabinet_and_place_it_on_the_plate,demo_19,40,agentview,akita_black_bowl_2,is_left_of,plate_1
pick_up_the_black_bowl_on_the_wooden_cabinet_and_place_it_on_the_plate,demo_19,40,agentview,plate_1,is_right_of,akita_black_bowl_2
pick_up_the_black_bowl_on_the_wooden_cabinet_and_place_it_on_the_plate,demo_19,40,agentview,akita_black_bowl_2,is_in_front_of,flat_stove_1
pick_up_the_black_bowl_on_the_wooden_cabinet_and_place_it_on_the_plate,demo_19,40,agentview,flat_stove_1,is_behind,akita_black_bowl_2
pick_up_the_black_bowl_on_the_wooden_cabinet_and_place_it_on_the_plate,demo_19,40,agentview,cookies_1,is_on_top_of,wooden_cabinet_1
pick_up_the_black_bowl_on_the_wooden_cabinet_and_place_it_on_the_plate,demo_19,40,agentview,wooden_cabinet_1,is_below_of,cookies_1
pick_up_the_black_bowl_on_the_wooden_cabinet_and_place_it_on_the_plate,demo_19,40,agentview,cookies_1,is_left_of,glazed_rim_porcelain_ramekin_1
pick_up_the_black_bowl_on_the_wooden_cabinet_and_place_it_on_the_plate,demo_19,40,agentview,glazed_rim_porcelain_ramekin_1,is_right_of,cookies_1
pick_up_the_black_bowl_on_the_wooden_cabinet_and_place_it_on_the_plate,demo_19,40,agentview,cookies_1,is_left_of,plate_1
pick_up_the_black_bowl_on_the_wooden_cabinet_and_place_it_on_the_plate,demo_19,40,agentview,plate_1,is_right_of,cookies_1
pick_up_the_black_bowl_on_the_wooden_cabinet_and_place_it_on_the_plate,demo_19,40,agentview,cookies_1,is_in_front_of,flat_stove_1
pick_up_the_black_bowl_on_the_wooden_cabinet_and_place_it_on_the_plate,demo_19,40,agentview,flat_stove_1,is_behind,cookies_1
pick_up_the_black_bowl_on_the_wooden_cabinet_and_place_it_on_the_plate,demo_19,40,agentview,glazed_rim_porcelain_ramekin_1,is_on_top_of,wooden_cabinet_1
pick_up_the_black_bowl_on_the_wooden_cabinet_and_place_it_on_the_plate,demo_19,40,agentview,wooden_cabinet_1,is_below_of,glazed_rim_porcelain_ramekin_1
pick_up_the_black_bowl_on_the_wooden_cabinet_and_place_it_on_the_plate,demo_19,40,agentview,glazed_rim_porcelain_ramekin_1,is_left_of,plate_1
pick_up_the_black_bowl_on_the_wooden_cabinet_and_place_it_on_the_plate,demo_19,40,agentview,plate_1,is_right_of,glazed_rim_porcelain_ramekin_1
pick_up_the_black_bowl_on_the_wooden_cabinet_and_place_it_on_the_plate,demo_19,40,agentview,glazed_rim_porcelain_ramekin_1,is_in_front_of,flat_stove_1
pick_up_the_black_bowl_on_the_wooden_cabinet_and_place_it_on_the_plate,demo_19,40,agentview,flat_stove_1,is_behind,glazed_rim_porcelain_ramekin_1
pick_up_the_black_bowl_on_the_wooden_cabinet_and_place_it_on_the_plate,demo_19,40,agentview,plate_1,is_on_top_of,flat_stove_1
pick_up_the_black_bowl_on_the_wooden_cabinet_and_place_it_on_the_plate,demo_19,40,agentview,flat_stove_1,is_below_of,plate_1
pick_up_the_black_bowl_on_the_wooden_cabinet_and_place_it_on_the_plate,demo_19,45,agentview,akita_black_bowl_1,is_on_top_of,wooden_cabinet_1
pick_up_the_black_bowl_on_the_wooden_cabinet_and_place_it_on_the_plate,demo_19,45,agentview,wooden_cabinet_1,is_below_of,akita_black_bowl_1
pick_up_the_black_bowl_on_the_wooden_cabinet_and_place_it_on_the_plate,demo_19,45,agentview,akita_black_bowl_1,is_behind,akita_black_bowl_2
pick_up_the_black_bowl_on_the_wooden_cabinet_and_place_it_on_the_plate,demo_19,45,agentview,akita_black_bowl_2,is_in_front_of,akita_black_bowl_1
pick_up_the_black_bowl_on_the_wooden_cabinet_and_place_it_on_the_plate,demo_19,45,agentview,akita_black_bowl_1,is_behind,cookies_1
pick_up_the_black_bowl_on_the_wooden_cabinet_and_place_it_on_the_plate,demo_19,45,agentview,cookies_1,is_in_front_of,akita_black_bowl_1
pick_up_the_black_bowl_on_the_wooden_cabinet_and_place_it_on_the_plate,demo_19,45,agentview,akita_black_bowl_1,is_behind,glazed_rim_porcelain_ramekin_1
pick_up_the_black_bowl_on_the_wooden_cabinet_and_place_it_on_the_plate,demo_19,45,agentview,glazed_rim_porcelain_ramekin_1,is_in_front_of,akita_black_bowl_1
pick_up_the_black_bowl_on_the_wooden_cabinet_and_place_it_on_the_plate,demo_19,45,agentview,akita_black_bowl_1,is_behind,plate_1
pick_up_the_black_bowl_on_the_wooden_cabinet_and_place_it_on_the_plate,demo_19,45,agentview,plate_1,is_in_front_of,akita_black_bowl_1
pick_up_the_black_bowl_on_the_wooden_cabinet_and_place_it_on_the_plate,demo_19,45,agentview,akita_black_bowl_1,is_behind,flat_stove_1
pick_up_the_black_bowl_on_the_wooden_cabinet_and_place_it_on_the_plate,demo_19,45,agentview,flat_stove_1,is_in_front_of,akita_black_bowl_1
pick_up_the_black_bowl_on_the_wooden_cabinet_and_place_it_on_the_plate,demo_19,45,agentview,akita_black_bowl_2,is_left_of,cookies_1
pick_up_the_black_bowl_on_the_wooden_cabinet_and_place_it_on_the_plate,demo_19,45,agentview,cookies_1,is_right_of,akita_black_bowl_2
pick_up_the_black_bowl_on_the_wooden_cabinet_and_place_it_on_the_plate,demo_19,45,agentview,akita_black_bowl_2,is_left_of,glazed_rim_porcelain_ramekin_1
pick_up_the_black_bowl_on_the_wooden_cabinet_and_place_it_on_the_plate,demo_19,45,agentview,glazed_rim_porcelain_ramekin_1,is_right_of,akita_black_bowl_2
pick_up_the_black_bowl_on_the_wooden_cabinet_and_place_it_on_the_plate,demo_19,45,agentview,akita_black_bowl_2,is_left_of,plate_1
pick_up_the_black_bowl_on_the_wooden_cabinet_and_place_it_on_the_plate,demo_19,45,agentview,plate_1,is_right_of,akita_black_bowl_2
pick_up_the_black_bowl_on_the_wooden_cabinet_and_place_it_on_the_plate,demo_19,45,agentview,akita_black_bowl_2,is_in_front_of,flat_stove_1
pick_up_the_black_bowl_on_the_wooden_cabinet_and_place_it_on_the_plate,demo_19,45,agentview,flat_stove_1,is_behind,akita_black_bowl_2
pick_up_the_black_bowl_on_the_wooden_cabinet_and_place_it_on_the_plate,demo_19,45,agentview,cookies_1,is_left_of,glazed_rim_porcelain_ramekin_1
pick_up_the_black_bowl_on_the_wooden_cabinet_and_place_it_on_the_plate,demo_19,45,agentview,glazed_rim_porcelain_ramekin_1,is_right_of,cookies_1
pick_up_the_black_bowl_on_the_wooden_cabinet_and_place_it_on_the_plate,demo_19,45,agentview,cookies_1,is_left_of,plate_1
pick_up_the_black_bowl_on_the_wooden_cabinet_and_place_it_on_the_plate,demo_19,45,agentview,plate_1,is_right_of,cookies_1
pick_up_the_black_bowl_on_the_wooden_cabinet_and_place_it_on_the_plate,demo_19,45,agentview,cookies_1,is_in_front_of,flat_stove_1
pick_up_the_black_bowl_on_the_wooden_cabinet_and_place_it_on_the_plate,demo_19,45,agentview,flat_stove_1,is_behind,cookies_1
pick_up_the_black_bowl_on_the_wooden_cabinet_and_place_it_on_the_plate,demo_19,45,agentview,glazed_rim_porcelain_ramekin_1,is_left_of,plate_1
pick_up_the_black_bowl_on_the_wooden_cabinet_and_place_it_on_the_plate,demo_19,45,agentview,plate_1,is_right_of,glazed_rim_porcelain_ramekin_1
pick_up_the_black_bowl_on_the_wooden_cabinet_and_place_it_on_the_plate,demo_19,45,agentview,glazed_rim_porcelain_ramekin_1,is_in_front_of,flat_stove_1
pick_up_the_black_bowl_on_the_wooden_cabinet_and_place_it_on_the_plate,demo_19,45,agentview,flat_stove_1,is_behind,glazed_rim_porcelain_ramekin_1
pick_up_the_black_bowl_on_the_wooden_cabinet_and_place_it_on_the_plate,demo_19,45,agentview,plate_1,is_on_top_of,flat_stove_1
pick_up_the_black_bowl_on_the_wooden_cabinet_and_place_it_on_the_plate,demo_19,45,agentview,flat_stove_1,is_below_of,plate_1
pick_up_the_black_bowl_on_the_wooden_cabinet_and_place_it_on_the_plate,demo_19,50,agentview,akita_black_bowl_1,is_on_top_of,wooden_cabinet_1
pick_up_the_black_bowl_on_the_wooden_cabinet_and_place_it_on_the_plate,demo_19,50,agentview,wooden_cabinet_1,is_below_of,akita_black_bowl_1
pick_up_the_black_bowl_on_the_wooden_cabinet_and_place_it_on_the_plate,demo_19,50,agentview,akita_black_bowl_2,is_on_top_of,wooden_cabinet_1
pick_up_the_black_bowl_on_the_wooden_cabinet_and_place_it_on_the_plate,demo_19,50,agentview,wooden_cabinet_1,is_below_of,akita_black_bowl_2
pick_up_the_black_bowl_on_the_wooden_cabinet_and_place_it_on_the_plate,demo_19,50,agentview,cookies_1,is_on_top_of,wooden_cabinet_1
pick_up_the_black_bowl_on_the_wooden_cabinet_and_place_it_on_the_plate,demo_19,50,agentview,wooden_cabinet_1,is_below_of,cookies_1
pick_up_the_black_bowl_on_the_wooden_cabinet_and_place_it_on_the_plate,demo_19,50,agentview,glazed_rim_porcelain_ramekin_1,is_on_top_of,wooden_cabinet_1
pick_up_the_black_bowl_on_the_wooden_cabinet_and_place_it_on_the_plate,demo_19,50,agentview,wooden_cabinet_1,is_below_of,glazed_rim_porcelain_ramekin_1
pick_up_the_black_bowl_on_the_wooden_cabinet_and_place_it_on_the_plate,demo_19,50,agentview,plate_1,is_on_top_of,flat_stove_1
pick_up_the_black_bowl_on_the_wooden_cabinet_and_place_it_on_the_plate,demo_19,50,agentview,flat_stove_1,is_below_of,plate_1
pick_up_the_black_bowl_on_the_wooden_cabinet_and_place_it_on_the_plate,demo_19,50,agentview,akita_black_bowl_1,is_left_of,akita_black_bowl_2
pick_up_the_black_bowl_on_the_wooden_cabinet_and_place_it_on_the_plate,demo_19,50,agentview,akita_black_bowl_2,is_right_of,akita_black_bowl_1
pick_up_the_black_bowl_on_the_wooden_cabinet_and_place_it_on_the_plate,demo_19,50,agentview,akita_black_bowl_1,is_left_of,cookies_1
pick_up_the_black_bowl_on_the_wooden_cabinet_and_place_it_on_the_plate,demo_19,50,agentview,cookies_1,is_right_of,akita_black_bowl_1
pick_up_the_black_bowl_on_the_wooden_cabinet_and_place_it_on_the_plate,demo_19,50,agentview,akita_black_bowl_1,is_left_of,glazed_rim_porcelain_ramekin_1
pick_up_the_black_bowl_on_the_wooden_cabinet_and_place_it_on_the_plate,demo_19,50,agentview,glazed_rim_porcelain_ramekin_1,is_right_of,akita_black_bowl_1
pick_up_the_black_bowl_on_the_wooden_cabinet_and_place_it_on_the_plate,demo_19,50,agentview,akita_black_bowl_1,is_behind,plate_1
pick_up_the_black_bowl_on_the_wooden_cabinet_and_place_it_on_the_plate,demo_19,50,agentview,plate_1,is_in_front_of,akita_black_bowl_1
pick_up_the_black_bowl_on_the_wooden_cabinet_and_place_it_on_the_plate,demo_19,50,agentview,akita_black_bowl_2,is_left_of,cookies_1
pick_up_the_black_bowl_on_the_wooden_cabinet_and_place_it_on_the_plate,demo_19,50,agentview,cookies_1,is_right_of,akita_black_bowl_2
pick_up_the_black_bowl_on_the_wooden_cabinet_and_place_it_on_the_plate,demo_19,50,agentview,akita_black_bowl_2,is_left_of,glazed_rim_porcelain_ramekin_1
pick_up_the_black_bowl_on_the_wooden_cabinet_and_place_it_on_the_plate,demo_19,50,agentview,glazed_rim_porcelain_ramekin_1,is_right_of,akita_black_bowl_2
pick_up_the_black_bowl_on_the_wooden_cabinet_and_place_it_on_the_plate,demo_19,50,agentview,akita_black_bowl_2,is_behind,plate_1
pick_up_the_black_bowl_on_the_wooden_cabinet_and_place_it_on_the_plate,demo_19,50,agentview,plate_1,is_in_front_of,akita_black_bowl_2
pick_up_the_black_bowl_on_the_wooden_cabinet_and_place_it_on_the_plate,demo_19,50,agentview,cookies_1,is_left_of,glazed_rim_porcelain_ramekin_1
pick_up_the_black_bowl_on_the_wooden_cabinet_and_place_it_on_the_plate,demo_19,50,agentview,glazed_rim_porcelain_ramekin_1,is_right_of,cookies_1
pick_up_the_black_bowl_on_the_wooden_cabinet_and_place_it_on_the_plate,demo_19,50,agentview,cookies_1,is_behind,plate_1
pick_up_the_black_bowl_on_the_wooden_cabinet_and_place_it_on_the_plate,demo_19,50,agentview,plate_1,is_in_front_of,cookies_1
pick_up_the_black_bowl_on_the_wooden_cabinet_and_place_it_on_the_plate,demo_19,50,agentview,glazed_rim_porcelain_ramekin_1,is_behind,plate_1
pick_up_the_black_bowl_on_the_wooden_cabinet_and_place_it_on_the_plate,demo_19,50,agentview,plate_1,is_in_front_of,glazed_rim_porcelain_ramekin_1
pick_up_the_black_bowl_on_the_wooden_cabinet_and_place_it_on_the_plate,demo_19,50,agentview,akita_black_bowl_1,is_behind,wooden_cabinet_1
pick_up_the_black_bowl_on_the_wooden_cabinet_and_place_it_on_the_plate,demo_19,50,agentview,wooden_cabinet_1,is_in_front_of,akita_black_bowl_1
pick_up_the_black_bowl_on_the_wooden_cabinet_and_place_it_on_the_plate,demo_19,50,agentview,akita_black_bowl_2,is_behind,wooden_cabinet_1
pick_up_the_black_bowl_on_the_wooden_cabinet_and_place_it_on_the_plate,demo_19,50,agentview,wooden_cabinet_1,is_in_front_of,akita_black_bowl_2
pick_up_the_black_bowl_on_the_wooden_cabinet_and_place_it_on_the_plate,demo_19,50,agentview,cookies_1,is_behind,wooden_cabinet_1
pick_up_the_black_bowl_on_the_wooden_cabinet_and_place_it_on_the_plate,demo_19,50,agentview,wooden_cabinet_1,is_in_front_of,cookies_1
pick_up_the_black_bowl_on_the_wooden_cabinet_and_place_it_on_the_plate,demo_19,50,agentview,glazed_rim_porcelain_ramekin_1,is_behind,wooden_cabinet_1
pick_up_the_black_bowl_on_the_wooden_cabinet_and_place_it_on_the_plate,demo_19,50,agentview,wooden_cabinet_1,is_in_front_of,glazed_rim_porcelain_ramekin_1
pick_up_the_black_bowl_on_the_wooden_cabinet_and_place_it_on_the_plate,demo_19,50,agentview,wooden_cabinet_1,is_behind,plate_1
pick_up_the_black_bowl_on_the_wooden_cabinet_and_place_it_on_the_plate,demo_19,50,agentview,plate_1,is_in_front_of,wooden_cabinet_1
pick_up_the_black_bowl_on_the_wooden_cabinet_and_place_it_on_the_plate,demo_19,55,agentview,akita_black_bowl_1,is_on_top_of,wooden_cabinet_1
pick_up_the_black_bowl_on_the_wooden_cabinet_and_place_it_on_the_plate,demo_19,55,agentview,wooden_cabinet_1,is_below_of,akita_black_bowl_1
pick_up_the_black_bowl_on_the_wooden_cabinet_and_place_it_on_the_plate,demo_19,55,agentview,akita_black_bowl_2,is_on_top_of,plate_1
pick_up_the_black_bowl_on_the_wooden_cabinet_and_place_it_on_the_plate,demo_19,55,agentview,plate_1,is_below_of,akita_black_bowl_2
pick_up_the_black_bowl_on_the_wooden_cabinet_and_place_it_on_the_plate,demo_19,55,agentview,cookies_1,is_on_top_of,flat_stove_1
pick_up_the_black_bowl_on_the_wooden_cabinet_and_place_it_on_the_plate,demo_19,55,agentview,flat_stove_1,is_below_of,cookies_1
pick_up_the_black_bowl_on_the_wooden_cabinet_and_place_it_on_the_plate,demo_19,55,agentview,glazed_rim_porcelain_ramekin_1,is_on_top_of,flat_stove_1
pick_up_the_black_bowl_on_the_wooden_cabinet_and_place_it_on_the_plate,demo_19,55,agentview,flat_stove_1,is_below_of,glazed_rim_porcelain_ramekin_1
pick_up_the_black_bowl_on_the_wooden_cabinet_and_place_it_on_the_plate,demo_19,55,agentview,plate_1,is_in_front_of,wooden_cabinet_1
pick_up_the_black_bowl_on_the_wooden_cabinet_and_place_it_on_the_plate,demo_19,55,agentview,wooden_cabinet_1,is_behind,plate_1
pick_up_the_black_bowl_on_the_wooden_cabinet_and_place_it_on_the_plate,demo_19,55,agentview,akita_black_bowl_1,is_behind,akita_black_bowl_2
pick_up_the_black_bowl_on_the_wooden_cabinet_and_place_it_on_the_plate,demo_19,55,agentview,akita_black_bowl_2,is_in_front_of,akita_black_bowl_1
pick_up_the_black_bowl_on_the_wooden_cabinet_and_place_it_on_the_plate,demo_19,55,agentview,akita_black_bowl_1,is_behind,cookies_1
pick_up_the_black_bowl_on_the_wooden_cabinet_and_place_it_on_the_plate,demo_19,55,agentview,cookies_1,is_in_front_of,akita_black_bowl_1
pick_up_the_black_bowl_on_the_wooden_cabinet_and_place_it_on_the_plate,demo_19,55,agentview,akita_black_bowl_1,is_behind,glazed_rim_porcelain_ramekin_1
pick_up_the_black_bowl_on_the_wooden_cabinet_and_place_it_on_the_plate,demo_19,55,agentview,glazed_rim_porcelain_ramekin_1,is_in_front_of,akita_black_bowl_1
pick_up_the_black_bowl_on_the_wooden_cabinet_and_place_it_on_the_plate,demo_19,55,agentview,akita_black_bowl_1,is_behind,plate_1
pick_up_the_black_bowl_on_the_wooden_cabinet_and_place_it_on_the_plate,demo_19,55,agentview,plate_1,is_in_front_of,akita_black_bowl_1
pick_up_the_black_bowl_on_the_wooden_cabinet_and_place_it_on_the_plate,demo_19,55,agentview,akita_black_bowl_2,is_right_of,cookies_1
pick_up_the_black_bowl_on_the_wooden_cabinet_and_place_it_on_the_plate,demo_19,55,agentview,cookies_1,is_left_of,akita_black_bowl_2
pick_up_the_black_bowl_on_the_wooden_cabinet_and_place_it_on_the_plate,demo_19,55,agentview,akita_black_bowl_2,is_right_of,glazed_rim_porcelain_ramekin_1
pick_up_the_black_bowl_on_the_wooden_cabinet_and_place_it_on_the_plate,demo_19,55,agentview,glazed_rim_porcelain_ramekin_1,is_left_of,akita_black_bowl_2
pick_up_the_black_bowl_on_the_wooden_cabinet_and_place_it_on_the_plate,demo_19,55,agentview,cookies_1,is_right_of,glazed_rim_porcelain_ramekin_1
pick_up_the_black_bowl_on_the_wooden_cabinet_and_place_it_on_the_plate,demo_19,55,agentview,glazed_rim_porcelain_ramekin_1,is_left_of,cookies_1
pick_up_the_black_bowl_on_the_wooden_cabinet_and_place_it_on_the_plate,demo_19,55,agentview,plate_1,is_right_of,cookies_1
pick_up_the_black_bowl_on_the_wooden_cabinet_and_place_it_on_the_plate,demo_19,55,agentview,cookies_1,is_left_of,plate_1
pick_up_the_black_bowl_on_the_wooden_cabinet_and_place_it_on_the_plate,demo_19,55,agentview,plate_1,is_right_of,glazed_rim_porcelain_ramekin_1
pick_up_the_black_bowl_on_the_wooden_cabinet_and_place_it_on_the_plate,demo_19,55,agentview,glazed_rim_porcelain_ramekin_1,is_left_of,plate_1
pick_up_the_black_bowl_on_the_wooden_cabinet_and_place_it_on_the_plate,demo_19,60,agentview,akita_black_bowl_1,is_on_top_of,wooden_cabinet_1
pick_up_the_black_bowl_on_the_wooden_cabinet_and_place_it_on_the_plate,demo_19,60,agentview,wooden_cabinet_1,is_below_of,akita_black_bowl_1
pick_up_the_black_bowl_on_the_wooden_cabinet_and_place_it_on_the_plate,demo_19,60,agentview,akita_black_bowl_1,is_behind,akita_black_bowl_2
pick_up_the_black_bowl_on_the_wooden_cabinet_and_place_it_on_the_plate,demo_19,60,agentview,akita_black_bowl_2,is_in_front_of,akita_black_bowl_1
pick_up_the_black_bowl_on_the_wooden_cabinet_and_place_it_on_the_plate,demo_19,60,agentview,akita_black_bowl_1,is_behind,cookies_1
pick_up_the_black_bowl_on_the_wooden_cabinet_and_place_it_on_the_plate,demo_19,60,agentview,cookies_1,is_in_front_of,akita_black_bowl_1
pick_up_the_black_bowl_on_the_wooden_cabinet_and_place_it_on_the_plate,demo_19,60,agentview,akita_black_bowl_1,is_behind,glazed_rim_porcelain_ramekin_1
pick_up_the_black_bowl_on_the_wooden_cabinet_and_place_it_on_the_plate,demo_19,60,agentview,glazed_rim_porcelain_ramekin_1,is_in_front_of,akita_black_bowl_1
pick_up_the_black_bowl_on_the_wooden_cabinet_and_place_it_on_the_plate,demo_19,60,agentview,akita_black_bowl_1,is_behind,plate_1
pick_up_the_black_bowl_on_the_wooden_cabinet_and_place_it_on_the_plate,demo_19,60,agentview,plate_1,is_in_front_of,akita_black_bowl_1
pick_up_the_black_bowl_on_the_wooden_cabinet_and_place_it_on_the_plate,demo_19,60,agentview,akita_black_bowl_1,is_behind,flat_stove_1
pick_up_the_black_bowl_on_the_wooden_cabinet_and_place_it_on_the_plate,demo_19,60,agentview,flat_stove_1,is_in_front_of,akita_black_bowl_1
pick_up_the_black_bowl_on_the_wooden_cabinet_and_place_it_on_the_plate,demo_19,60,agentview,akita_black_bowl_2,is_on_top_of,flat_stove_1
pick_up_the_black_bowl_on_the_wooden_cabinet_and_place_it_on_the_plate,demo_19,60,agentview,flat_stove_1,is_below_of,akita_black_bowl_2
pick_up_the_black_bowl_on_the_wooden_cabinet_and_place_it_on_the_plate,demo_19,60,agentview,akita_black_bowl_2,is_left_of,cookies_1
pick_up_the_black_bowl_on_the_wooden_cabinet_and_place_it_on_the_plate,demo_19,60,agentview,cookies_1,is_right_of,akita_black_bowl_2
pick_up_the_black_bowl_on_the_wooden_cabinet_and_place_it_on_the_plate,demo_19,60,agentview,akita_black_bowl_2,is_left_of,glazed_rim_porcelain_ramekin_1
pick_up_the_black_bowl_on_the_wooden_cabinet_and_place_it_on_the_plate,demo_19,60,agentview,glazed_rim_porcelain_ramekin_1,is_right_of,akita_black_bowl_2
pick_up_the_black_bowl_on_the_wooden_cabinet_and_place_it_on_the_plate,demo_19,60,agentview,akita_black_bowl_2,is_left_of,plate_1
pick_up_the_black_bowl_on_the_wooden_cabinet_and_place_it_on_the_plate,demo_19,60,agentview,plate_1,is_right_of,akita_black_bowl_2
pick_up_the_black_bowl_on_the_wooden_cabinet_and_place_it_on_the_plate,demo_19,60,agentview,cookies_1,is_left_of,glazed_rim_porcelain_ramekin_1
pick_up_the_black_bowl_on_the_wooden_cabinet_and_place_it_on_the_plate,demo_19,60,agentview,glazed_rim_porcelain_ramekin_1,is_right_of,cookies_1
pick_up_the_black_bowl_on_the_wooden_cabinet_and_place_it_on_the_plate,demo_19,60,agentview,cookies_1,is_left_of,plate_1
pick_up_the_black_bowl_on_the_wooden_cabinet_and_place_it_on_the_plate,demo_19,60,agentview,plate_1,is_right_of,cookies_1
pick_up_the_black_bowl_on_the_wooden_cabinet_and_place_it_on_the_plate,demo_19,60,agentview,glazed_rim_porcelain_ramekin_1,is_left_of,plate_1
pick_up_the_black_bowl_on_the_wooden_cabinet_and_place_it_on_the_plate,demo_19,60,agentview,plate_1,is_right_of,glazed_rim_porcelain_ramekin_1
pick_up_the_black_bowl_on_the_wooden_cabinet_and_place_it_on_the_plate,demo_19,60,agentview,wooden_cabinet_1,is_behind,akita_black_bowl_2
pick_up_the_black_bowl_on_the_wooden_cabinet_and_place_it_on_the_plate,demo_19,60,agentview,akita_black_bowl_2,is_in_front_of,wooden_cabinet_1
pick_up_the_black_bowl_on_the_wooden_cabinet_and_place_it_on_the_plate,demo_19,60,agentview,wooden_cabinet_1,is_behind,cookies_1
pick_up_the_black_bowl_on_the_wooden_cabinet_and_place_it_on_the_plate,demo_19,60,agentview,cookies_1,is_in_front_of,wooden_cabinet_1
pick_up_the_black_bowl_on_the_wooden_cabinet_and_place_it_on_the_plate,demo_19,60,agentview,wooden_cabinet_1,is_behind,glazed_rim_porcelain_ramekin_1
pick_up_the_black_bowl_on_the_wooden_cabinet_and_place_it_on_the_plate,demo_19,60,agentview,glazed_rim_porcelain_ramekin_1,is_in_front_of,wooden_cabinet_1
pick_up_the_black_bowl_on_the_wooden_cabinet_and_place_it_on_the_plate,demo_19,60,agentview,wooden_cabinet_1,is_behind,plate_1
pick_up_the_black_bowl_on_the_wooden_cabinet_and_place_it_on_the_plate,demo_19,60,agentview,plate_1,is_in_front_of,wooden_cabinet_1
pick_up_the_black_bowl_on_the_wooden_cabinet_and_place_it_on_the_plate,demo_19,60,agentview,wooden_cabinet_1,is_behind,flat_stove_1
pick_up_the_black_bowl_on_the_wooden_cabinet_and_place_it_on_the_plate,demo_19,60,agentview,flat_stove_1,is_in_front_of,wooden_cabinet_1
pick_up_the_black_bowl_on_the_wooden_cabinet_and_place_it_on_the_plate,demo_19,65,agentview,akita_black_bowl_1,is_on_top_of,wooden_cabinet_1
pick_up_the_black_bowl_on_the_wooden_cabinet_and_place_it_on_the_plate,demo_19,65,agentview,wooden_cabinet_1,is_below_of,akita_black_bowl_1
pick_up_the_black_bowl_on_the_wooden_cabinet_and_place_it_on_the_plate,demo_19,65,agentview,akita_black_bowl_2,is_on_top_of,plate_1
pick_up_the_black_bowl_on_the_wooden_cabinet_and_place_it_on_the_plate,demo_19,65,agentview,plate_1,is_below_of,akita_black_bowl_2
pick_up_the_black_bowl_on_the_wooden_cabinet_and_place_it_on_the_plate,demo_19,65,agentview,cookies_1,is_on_top_of,flat_stove_1
pick_up_the_black_bowl_on_the_wooden_cabinet_and_place_it_on_the_plate,demo_19,65,agentview,flat_stove_1,is_below_of,cookies_1
pick_up_the_black_bowl_on_the_wooden_cabinet_and_place_it_on_the_plate,demo_19,65,agentview,glazed_rim_porcelain_ramekin_1,is_on_top_of,flat_stove_1
pick_up_the_black_bowl_on_the_wooden_cabinet_and_place_it_on_the_plate,demo_19,65,agentview,flat_stove_1,is_below_of,glazed_rim_porcelain_ramekin_1
pick_up_the_black_bowl_on_the_wooden_cabinet_and_place_it_on_the_plate,demo_19,65,agentview,plate_1,is_on_top_of,flat_stove_1
pick_up_the_black_bowl_on_the_wooden_cabinet_and_place_it_on_the_plate,demo_19,65,agentview,flat_stove_1,is_below_of,plate_1
pick_up_the_black_bowl_on_the_wooden_cabinet_and_place_it_on_the_plate,demo_19,65,agentview,akita_black_bowl_1,is_behind,akita_black_bowl_2
pick_up_the_black_bowl_on_the_wooden_cabinet_and_place_it_on_the_plate,demo_19,65,agentview,akita_black_bowl_2,is_in_front_of,akita_black_bowl_1
pick_up_the_black_bowl_on_the_wooden_cabinet_and_place_it_on_the_plate,demo_19,65,agentview,akita_black_bowl_1,is_behind,cookies_1
pick_up_the_black_bowl_on_the_wooden_cabinet_and_place_it_on_the_plate,demo_19,65,agentview,cookies_1,is_in_front_of,akita_black_bowl_1
pick_up_the_black_bowl_on_the_wooden_cabinet_and_place_it_on_the_plate,demo_19,65,agentview,akita_black_bowl_1,is_behind,glazed_rim_porcelain_ramekin_1
pick_up_the_black_bowl_on_the_wooden_cabinet_and_place_it_on_the_plate,demo_19,65,agentview,glazed_rim_porcelain_ramekin_1,is_in_front_of,akita_black_bowl_1
pick_up_the_black_bowl_on_the_wooden_cabinet_and_place_it_on_the_plate,demo_19,65,agentview,akita_black_bowl_1,is_behind,plate_1
pick_up_the_black_bowl_on_the_wooden_cabinet_and_place_it_on_the_plate,demo_19,65,agentview,plate_1,is_in_front_of,akita_black_bowl_1
pick_up_the_black_bowl_on_the_wooden_cabinet_and_place_it_on_the_plate,demo_19,65,agentview,akita_black_bowl_2,is_right_of,cookies_1
pick_up_the_black_bowl_on_the_wooden_cabinet_and_place_it_on_the_plate,demo_19,65,agentview,cookies_1,is_left_of,akita_black_bowl_2
pick_up_the_black_bowl_on_the_wooden_cabinet_and_place_it_on_the_plate,demo_19,65,agentview,akita_black_bowl_2,is_right_of,glazed_rim_porcelain_ramekin_1
pick_up_the_black_bowl_on_the_wooden_cabinet_and_place_it_on_the_plate,demo_19,65,agentview,glazed_rim_porcelain_ramekin_1,is_left_of,akita_black_bowl_2
pick_up_the_black_bowl_on_the_wooden_cabinet_and_place_it_on_the_plate,demo_19,65,agentview,cookies_1,is_right_of,glazed_rim_porcelain_ramekin_1
pick_up_the_black_bowl_on_the_wooden_cabinet_and_place_it_on_the_plate,demo_19,65,agentview,glazed_rim_porcelain_ramekin_1,is_left_of,cookies_1
pick_up_the_black_bowl_on_the_wooden_cabinet_and_place_it_on_the_plate,demo_19,65,agentview,wooden_cabinet_1,is_behind,akita_black_bowl_2
pick_up_the_black_bowl_on_the_wooden_cabinet_and_place_it_on_the_plate,demo_19,65,agentview,akita_black_bowl_2,is_in_front_of,wooden_cabinet_1
pick_up_the_black_bowl_on_the_wooden_cabinet_and_place_it_on_the_plate,demo_19,65,agentview,wooden_cabinet_1,is_behind,cookies_1
pick_up_the_black_bowl_on_the_wooden_cabinet_and_place_it_on_the_plate,demo_19,65,agentview,cookies_1,is_in_front_of,wooden_cabinet_1
pick_up_the_black_bowl_on_the_wooden_cabinet_and_place_it_on_the_plate,demo_19,65,agentview,wooden_cabinet_1,is_behind,glazed_rim_porcelain_ramekin_1
pick_up_the_black_bowl_on_the_wooden_cabinet_and_place_it_on_the_plate,demo_19,65,agentview,glazed_rim_porcelain_ramekin_1,is_in_front_of,wooden_cabinet_1
pick_up_the_black_bowl_on_the_wooden_cabinet_and_place_it_on_the_plate,demo_19,65,agentview,wooden_cabinet_1,is_behind,plate_1
pick_up_the_black_bowl_on_the_wooden_cabinet_and_place_it_on_the_plate,demo_19,65,agentview,plate_1,is_in_front_of,wooden_cabinet_1
pick_up_the_black_bowl_on_the_wooden_cabinet_and_place_it_on_the_plate,demo_19,70,agentview,akita_black_bowl_1,is_on_top_of,wooden_cabinet_1
pick_up_the_black_bowl_on_the_wooden_cabinet_and_place_it_on_the_plate,demo_19,70,agentview,wooden_cabinet_1,is_below_of,akita_black_bowl_1
pick_up_the_black_bowl_on_the_wooden_cabinet_and_place_it_on_the_plate,demo_19,70,agentview,akita_black_bowl_2,is_on_top_of,flat_stove_1
pick_up_the_black_bowl_on_the_wooden_cabinet_and_place_it_on_the_plate,demo_19,70,agentview,flat_stove_1,is_below_of,akita_black_bowl_2
pick_up_the_black_bowl_on_the_wooden_cabinet_and_place_it_on_the_plate,demo_19,70,agentview,cookies_1,is_on_top_of,flat_stove_1
pick_up_the_black_bowl_on_the_wooden_cabinet_and_place_it_on_the_plate,demo_19,70,agentview,flat_stove_1,is_below_of,cookies_1
pick_up_the_black_bowl_on_the_wooden_cabinet_and_place_it_on_the_plate,demo_19,70,agentview,glazed_rim_porcelain_ramekin_1,is_on_top_of,flat_stove_1
pick_up_the_black_bowl_on_the_wooden_cabinet_and_place_it_on_the_plate,demo_19,70,agentview,flat_stove_1,is_below_of,glazed_rim_porcelain_ramekin_1
pick_up_the_black_bowl_on_the_wooden_cabinet_and_place_it_on_the_plate,demo_19,70,agentview,plate_1,is_on_top_of,flat_stove_1
pick_up_the_black_bowl_on_the_wooden_cabinet_and_place_it_on_the_plate,demo_19,70,agentview,flat_stove_1,is_below_of,plate_1
pick_up_the_black_bowl_on_the_wooden_cabinet_and_place_it_on_the_plate,demo_19,70,agentview,akita_black_bowl_1,is_behind,akita_black_bowl_2
pick_up_the_black_bowl_on_the_wooden_cabinet_and_place_it_on_the_plate,demo_19,70,agentview,akita_black_bowl_2,is_in_front_of,akita_black_bowl_1
pick_up_the_black_bowl_on_the_wooden_cabinet_and_place_it_on_the_plate,demo_19,70,agentview,akita_black_bowl_1,is_behind,cookies_1
pick_up_the_black_bowl_on_the_wooden_cabinet_and_place_it_on_the_plate,demo_19,70,agentview,cookies_1,is_in_front_of,akita_black_bowl_1
pick_up_the_black_bowl_on_the_wooden_cabinet_and_place_it_on_the_plate,demo_19,70,agentview,akita_black_bowl_1,is_behind,glazed_rim_porcelain_ramekin_1
pick_up_the_black_bowl_on_the_wooden_cabinet_and_place_it_on_the_plate,demo_19,70,agentview,glazed_rim_porcelain_ramekin_1,is_in_front_of,akita_black_bowl_1
pick_up_the_black_bowl_on_the_wooden_cabinet_and_place_it_on_the_plate,demo_19,70,agentview,akita_black_bowl_1,is_behind,plate_1
pick_up_the_black_bowl_on_the_wooden_cabinet_and_place_it_on_the_plate,demo_19,70,agentview,plate_1,is_in_front_of,akita_black_bowl_1
pick_up_the_black_bowl_on_the_wooden_cabinet_and_place_it_on_the_plate,demo_19,70,agentview,akita_black_bowl_2,is_left_of,cookies_1
pick_up_the_black_bowl_on_the_wooden_cabinet_and_place_it_on_the_plate,demo_19,70,agentview,cookies_1,is_right_of,akita_black_bowl_2
pick_up_the_black_bowl_on_the_wooden_cabinet_and_place_it_on_the_plate,demo_19,70,agentview,akita_black_bowl_2,is_left_of,glazed_rim_porcelain_ramekin_1
pick_up_the_black_bowl_on_the_wooden_cabinet_and_place_it_on_the_plate,demo_19,70,agentview,glazed_rim_porcelain_ramekin_1,is_right_of,akita_black_bowl_2
pick_up_the_black_bowl_on_the_wooden_cabinet_and_place_it_on_the_plate,demo_19,70,agentview,akita_black_bowl_2,is_left_of,plate_1
pick_up_the_black_bowl_on_the_wooden_cabinet_and_place_it_on_the_plate,demo_19,70,agentview,plate_1,is_right_of,akita_black_bowl_2
pick_up_the_black_bowl_on_the_wooden_cabinet_and_place_it_on_the_plate,demo_19,70,agentview,cookies_1,is_left_of,glazed_rim_porcelain_ramekin_1
pick_up_the_black_bowl_on_the_wooden_cabinet_and_place_it_on_the_plate,demo_19,70,agentview,glazed_rim_porcelain_ramekin_1,is_right_of,cookies_1
pick_up_the_black_bowl_on_the_wooden_cabinet_and_place_it_on_the_plate,demo_19,70,agentview,cookies_1,is_left_of,plate_1
pick_up_the_black_bowl_on_the_wooden_cabinet_and_place_it_on_the_plate,demo_19,70,agentview,plate_1,is_right_of,cookies_1
pick_up_the_black_bowl_on_the_wooden_cabinet_and_place_it_on_the_plate,demo_19,70,agentview,glazed_rim_porcelain_ramekin_1,is_left_of,plate_1
pick_up_the_black_bowl_on_the_wooden_cabinet_and_place_it_on_the_plate,demo_19,70,agentview,plate_1,is_right_of,glazed_rim_porcelain_ramekin_1
pick_up_the_black_bowl_on_the_wooden_cabinet_and_place_it_on_the_plate,demo_19,75,agentview,akita_black_bowl_1,is_on_top_of,wooden_cabinet_1
pick_up_the_black_bowl_on_the_wooden_cabinet_and_place_it_on_the_plate,demo_19,75,agentview,wooden_cabinet_1,is_below_of,akita_black_bowl_1
pick_up_the_black_bowl_on_the_wooden_cabinet_and_place_it_on_the_plate,demo_19,75,agentview,akita_black_bowl_2,is_on_top_of,plate_1
pick_up_the_black_bowl_on_the_wooden_cabinet_and_place_it_on_the_plate,demo_19,75,agentview,plate_1,is_below_of,akita_black_bowl_2
pick_up_the_black_bowl_on_the_wooden_cabinet_and_place_it_on_the_plate,demo_19,75,agentview,cookies_1,is_on_top_of,flat_stove_1
pick_up_the_black_bowl_on_the_wooden_cabinet_and_place_it_on_the_plate,demo_19,75,agentview,flat_stove_1,is_below_of,cookies_1
pick_up_the_black_bowl_on_the_wooden_cabinet_and_place_it_on_the_plate,demo_19,75,agentview,glazed_rim_porcelain_ramekin_1,is_on_top_of,flat_stove_1
pick_up_the_black_bowl_on_the_wooden_cabinet_and_place_it_on_the_plate,demo_19,75,agentview,flat_stove_1,is_below_of,glazed_rim_porcelain_ramekin_1
pick_up_the_black_bowl_on_the_wooden_cabinet_and_place_it_on_the_plate,demo_19,75,agentview,plate_1,is_right_of,akita_black_bowl_1
pick_up_the_black_bowl_on_the_wooden_cabinet_and_place_it_on_the_plate,demo_19,75,agentview,akita_black_bowl_1,is_left_of,plate_1
pick_up_the_black_bowl_on_the_wooden_cabinet_and_place_it_on_the_plate,demo_19,75,agentview,plate_1,is_right_of,wooden_cabinet_1
pick_up_the_black_bowl_on_the_wooden_cabinet_and_place_it_on_the_plate,demo_19,75,agentview,wooden_cabinet_1,is_left_of,plate_1
pick_up_the_black_bowl_on_the_wooden_cabinet_and_place_it_on_the_plate,demo_19,75,agentview,plate_1,is_behind,cookies_1
pick_up_the_black_bowl_on_the_wooden_cabinet_and_place_it_on_the_plate,demo_19,75,agentview,cookies_1,is_in_front_of,plate_1
pick_up_the_black_bowl_on_the_wooden_cabinet_and_place_it_on_the_plate,demo_19,75,agentview,plate_1,is_behind,glazed_rim_porcelain_ramekin_1
pick_up_the_black_bowl_on_the_wooden_cabinet_and_place_it_on_the_plate,demo_19,75,agentview,glazed_rim_porcelain_ramekin_1,is_in_front_of,plate_1
pick_up_the_black_bowl_on_the_wooden_cabinet_and_place_it_on_the_plate,demo_19,75,agentview,akita_black_bowl_1,is_behind,cookies_1
pick_up_the_black_bowl_on_the_wooden_cabinet_and_place_it_on_the_plate,demo_19,75,agentview,cookies_1,is_in_front_of,akita_black_bowl_1
pick_up_the_black_bowl_on_the_wooden_cabinet_and_place_it_on_the_plate,demo_19,75,agentview,akita_black_bowl_1,is_behind,glazed_rim_porcelain_ramekin_1
pick_up_the_black_bowl_on_the_wooden_cabinet_and_place_it_on_the_plate,demo_19,75,agentview,glazed_rim_porcelain_ramekin_1,is_in_front_of,akita_black_bowl_1
pick_up_the_black_bowl_on_the_wooden_cabinet_and_place_it_on_the_plate,demo_19,75,agentview,wooden_cabinet_1,is_behind,cookies_1
pick_up_the_black_bowl_on_the_wooden_cabinet_and_place_it_on_the_plate,demo_19,75,agentview,cookies_1,is_in_front_of,wooden_cabinet_1
pick_up_the_black_bowl_on_the_wooden_cabinet_and_place_it_on_the_plate,demo_19,75,agentview,wooden_cabinet_1,is_behind,glazed_rim_porcelain_ramekin_1
pick_up_the_black_bowl_on_the_wooden_cabinet_and_place_it_on_the_plate,demo_19,75,agentview,glazed_rim_porcelain_ramekin_1,is_in_front_of,wooden_cabinet_1
pick_up_the_black_bowl_on_the_wooden_cabinet_and_place_it_on_the_plate,demo_19,75,agentview,akita_black_bowl_2,is_behind,cookies_1
pick_up_the_black_bowl_on_the_wooden_cabinet_and_place_it_on_the_plate,demo_19,75,agentview,cookies_1,is_in_front_of,akita_black_bowl_2
pick_up_the_black_bowl_on_the_wooden_cabinet_and_place_it_on_the_plate,demo_19,75,agentview,akita_black_bowl_2,is_behind,glazed_rim_porcelain_ramekin_1
pick_up_the_black_bowl_on_the_wooden_cabinet_and_place_it_on_the_plate,demo_19,75,agentview,glazed_rim_porcelain_ramekin_1,is_in_front_of,akita_black_bowl_2
pick_up_the_black_bowl_on_the_wooden_cabinet_and_place_it_on_the_plate,demo_19,80,agentview,akita_black_bowl_1,is_on_top_of,wooden_cabinet_1
pick_up_the_black_bowl_on_the_wooden_cabinet_and_place_it_on_the_plate,demo_19,80,agentview,wooden_cabinet_1,is_below_of,akita_black_bowl_1
pick_up_the_black_bowl_on_the_wooden_cabinet_and_place_it_on_the_plate,demo_19,80,agentview,akita_black_bowl_1,is_behind,akita_black_bowl_2
pick_up_the_black_bowl_on_the_wooden_cabinet_and_place_it_on_the_plate,demo_19,80,agentview,akita_black_bowl_2,is_in_front_of,akita_black_bowl_1
pick_up_the_black_bowl_on_the_wooden_cabinet_and_place_it_on_the_plate,demo_19,80,agentview,akita_black_bowl_1,is_behind,cookies_1
pick_up_the_black_bowl_on_the_wooden_cabinet_and_place_it_on_the_plate,demo_19,80,agentview,cookies_1,is_in_front_of,akita_black_bowl_1
pick_up_the_black_bowl_on_the_wooden_cabinet_and_place_it_on_the_plate,demo_19,80,agentview,akita_black_bowl_1,is_behind,glazed_rim_porcelain_ramekin_1
pick_up_the_black_bowl_on_the_wooden_cabinet_and_place_it_on_the_plate,demo_19,80,agentview,glazed_rim_porcelain_ramekin_1,is_in_front_of,akita_black_bowl_1
pick_up_the_black_bowl_on_the_wooden_cabinet_and_place_it_on_the_plate,demo_19,80,agentview,akita_black_bowl_1,is_behind,plate_1
pick_up_the_black_bowl_on_the_wooden_cabinet_and_place_it_on_the_plate,demo_19,80,agentview,plate_1,is_in_front_of,akita_black_bowl_1
pick_up_the_black_bowl_on_the_wooden_cabinet_and_place_it_on_the_plate,demo_19,80,agentview,akita_black_bowl_1,is_behind,flat_stove_1
pick_up_the_black_bowl_on_the_wooden_cabinet_and_place_it_on_the_plate,demo_19,80,agentview,flat_stove_1,is_in_front_of,akita_black_bowl_1
pick_up_the_black_bowl_on_the_wooden_cabinet_and_place_it_on_the_plate,demo_19,80,agentview,akita_black_bowl_2,is_on_top_of,plate_1
pick_up_the_black_bowl_on_the_wooden_cabinet_and_place_it_on_the_plate,demo_19,80,agentview,plate_1,is_below_of,akita_black_bowl_2
pick_up_the_black_bowl_on_the_wooden_cabinet_and_place_it_on_the_plate,demo_19,80,agentview,akita_black_bowl_2,is_right_of,cookies_1
pick_up_the_black_bowl_on_the_wooden_cabinet_and_place_it_on_the_plate,demo_19,80,agentview,cookies_1,is_left_of,akita_black_bowl_2
pick_up_the_black_bowl_on_the_wooden_cabinet_and_place_it_on_the_plate,demo_19,80,agentview,akita_black_bowl_2,is_behind,glazed_rim_porcelain_ramekin_1
pick_up_the_black_bowl_on_the_wooden_cabinet_and_place_it_on_the_plate,demo_19,80,agentview,glazed_rim_porcelain_ramekin_1,is_in_front_of,akita_black_bowl_2
pick_up_the_black_bowl_on_the_wooden_cabinet_and_place_it_on_the_plate,demo_19,80,agentview,akita_black_bowl_2,is_right_of,flat_stove_1
pick_up_the_black_bowl_on_the_wooden_cabinet_and_place_it_on_the_plate,demo_19,80,agentview,flat_stove_1,is_left_of,akita_black_bowl_2
pick_up_the_black_bowl_on_the_wooden_cabinet_and_place_it_on_the_plate,demo_19,80,agentview,cookies_1,is_on_top_of,flat_stove_1
pick_up_the_black_bowl_on_the_wooden_cabinet_and_place_it_on_the_plate,demo_19,80,agentview,flat_stove_1,is_below_of,cookies_1
pick_up_the_black_bowl_on_the_wooden_cabinet_and_place_it_on_the_plate,demo_19,80,agentview,cookies_1,is_right_of,glazed_rim_porcelain_ramekin_1
pick_up_the_black_bowl_on_the_wooden_cabinet_and_place_it_on_the_plate,demo_19,80,agentview,glazed_rim_porcelain_ramekin_1,is_left_of,cookies_1
pick_up_the_black_bowl_on_the_wooden_cabinet_and_place_it_on_the_plate,demo_19,80,agentview,glazed_rim_porcelain_ramekin_1,is_on_top_of,flat_stove_1
pick_up_the_black_bowl_on_the_wooden_cabinet_and_place_it_on_the_plate,demo_19,80,agentview,flat_stove_1,is_below_of,glazed_rim_porcelain_ramekin_1
pick_up_the_black_bowl_on_the_wooden_cabinet_and_place_it_on_the_plate,demo_19,80,agentview,plate_1,is_on_top_of,flat_stove_1
pick_up_the_black_bowl_on_the_wooden_cabinet_and_place_it_on_the_plate,demo_19,80,agentview,flat_stove_1,is_below_of,plate_1
pick_up_the_black_bowl_on_the_wooden_cabinet_and_place_it_on_the_plate,demo_19,85,agentview,akita_black_bowl_1,is_on_top_of,wooden_cabinet_1
pick_up_the_black_bowl_on_the_wooden_cabinet_and_place_it_on_the_plate,demo_19,85,agentview,wooden_cabinet_1,is_below_of,akita_black_bowl_1
pick_up_the_black_bowl_on_the_wooden_cabinet_and_place_it_on_the_plate,demo_19,85,agentview,akita_black_bowl_2,is_on_top_of,plate_1
pick_up_the_black_bowl_on_the_wooden_cabinet_and_place_it_on_the_plate,demo_19,85,agentview,plate_1,is_below_of,akita_black_bowl_2
pick_up_the_black_bowl_on_the_wooden_cabinet_and_place_it_on_the_plate,demo_19,85,agentview,cookies_1,is_on_top_of,flat_stove_1
pick_up_the_black_bowl_on_the_wooden_cabinet_and_place_it_on_the_plate,demo_19,85,agentview,flat_stove_1,is_below_of,cookies_1
pick_up_the_black_bowl_on_the_wooden_cabinet_and_place_it_on_the_plate,demo_19,85,agentview,glazed_rim_porcelain_ramekin_1,is_on_top_of,flat_stove_1
pick_up_the_black_bowl_on_the_wooden_cabinet_and_place_it_on_the_plate,demo_19,85,agentview,flat_stove_1,is_below_of,glazed_rim_porcelain_ramekin_1
pick_up_the_black_bowl_on_the_wooden_cabinet_and_place_it_on_the_plate,demo_19,85,agentview,plate_1,is_on_top_of,flat_stove_1
pick_up_the_black_bowl_on_the_wooden_cabinet_and_place_it_on_the_plate,demo_19,85,agentview,flat_stove_1,is_below_of,plate_1
pick_up_the_black_bowl_on_the_wooden_cabinet_and_place_it_on_the_plate,demo_19,85,agentview,akita_black_bowl_1,is_behind,akita_black_bowl_2
pick_up_the_black_bowl_on_the_wooden_cabinet_and_place_it_on_the_plate,demo_19,85,agentview,akita_black_bowl_2,is_in_front_of,akita_black_bowl_1
pick_up_the_black_bowl_on_the_wooden_cabinet_and_place_it_on_the_plate,demo_19,85,agentview,akita_black_bowl_1,is_behind,cookies_1
pick_up_the_black_bowl_on_the_wooden_cabinet_and_place_it_on_the_plate,demo_19,85,agentview,cookies_1,is_in_front_of,akita_black_bowl_1
pick_up_the_black_bowl_on_the_wooden_cabinet_and_place_it_on_the_plate,demo_19,85,agentview,akita_black_bowl_1,is_behind,glazed_rim_porcelain_ramekin_1
pick_up_the_black_bowl_on_the_wooden_cabinet_and_place_it_on_the_plate,demo_19,85,agentview,glazed_rim_porcelain_ramekin_1,is_in_front_of,akita_black_bowl_1
pick_up_the_black_bowl_on_the_wooden_cabinet_and_place_it_on_the_plate,demo_19,85,agentview,akita_black_bowl_1,is_behind,plate_1
pick_up_the_black_bowl_on_the_wooden_cabinet_and_place_it_on_the_plate,demo_19,85,agentview,plate_1,is_in_front_of,akita_black_bowl_1
pick_up_the_black_bowl_on_the_wooden_cabinet_and_place_it_on_the_plate,demo_19,85,agentview,akita_black_bowl_1,is_behind,wooden_cabinet_1
pick_up_the_black_bowl_on_the_wooden_cabinet_and_place_it_on_the_plate,demo_19,85,agentview,wooden_cabinet_1,is_in_front_of,akita_black_bowl_1
pick_up_the_black_bowl_on_the_wooden_cabinet_and_place_it_on_the_plate,demo_19,85,agentview,akita_black_bowl_2,is_right_of,cookies_1
pick_up_the_black_bowl_on_the_wooden_cabinet_and_place_it_on_the_plate,demo_19,85,agentview,cookies_1,is_left_of,akita_black_bowl_2
pick_up_the_black_bowl_on_the_wooden_cabinet_and_place_it_on_the_plate,demo_19,85,agentview,akita_black_bowl_2,is_right_of,glazed_rim_porcelain_ramekin_1
pick_up_the_black_bowl_on_the_wooden_cabinet_and_place_it_on_the_plate,demo_19,85,agentview,glazed_rim_porcelain_ramekin_1,is_left_of,akita_black_bowl_2
pick_up_the_black_bowl_on_the_wooden_cabinet_and_place_it_on_the_plate,demo_19,85,agentview,akita_black_bowl_2,is_behind,wooden_cabinet_1
pick_up_the_black_bowl_on_the_wooden_cabinet_and_place_it_on_the_plate,demo_19,85,agentview,wooden_cabinet_1,is_in_front_of,akita_black_bowl_2
pick_up_the_black_bowl_on_the_wooden_cabinet_and_place_it_on_the_plate,demo_19,85,agentview,cookies_1,is_right_of,glazed_rim_porcelain_ramekin_1
pick_up_the_black_bowl_on_the_wooden_cabinet_and_place_it_on_the_plate,demo_19,85,agentview,glazed_rim_porcelain_ramekin_1,is_left_of,cookies_1
pick_up_the_black_bowl_on_the_wooden_cabinet_and_place_it_on_the_plate,demo_19,85,agentview,cookies_1,is_behind,plate_1
pick_up_the_black_bowl_on_the_wooden_cabinet_and_place_it_on_the_plate,demo_19,85,agentview,plate_1,is_in_front_of,cookies_1
pick_up_the_black_bowl_on_the_wooden_cabinet_and_place_it_on_the_plate,demo_19,85,agentview,cookies_1,is_behind,wooden_cabinet_1
pick_up_the_black_bowl_on_the_wooden_cabinet_and_place_it_on_the_plate,demo_19,85,agentview,wooden_cabinet_1,is_in_front_of,cookies_1
pick_up_the_black_bowl_on_the_wooden_cabinet_and_place_it_on_the_plate,demo_19,85,agentview,glazed_rim_porcelain_ramekin_1,is_behind,plate_1
pick_up_the_black_bowl_on_the_wooden_cabinet_and_place_it_on_the_plate,demo_19,85,agentview,plate_1,is_in_front_of,glazed_rim_porcelain_ramekin_1
pick_up_the_black_bowl_on_the_wooden_cabinet_and_place_it_on_the_plate,demo_19,85,agentview,glazed_rim_porcelain_ramekin_1,is_behind,wooden_cabinet_1
pick_up_the_black_bowl_on_the_wooden_cabinet_and_place_it_on_the_plate,demo_19,85,agentview,wooden_cabinet_1,is_in_front_of,glazed_rim_porcelain_ramekin_1
pick_up_the_black_bowl_on_the_wooden_cabinet_and_place_it_on_the_plate,demo_19,85,agentview,plate_1,is_behind,wooden_cabinet_1
pick_up_the_black_bowl_on_the_wooden_cabinet_and_place_it_on_the_plate,demo_19,85,agentview,wooden_cabinet_1,is_in_front_of,plate_1
pick_up_the_black_bowl_on_the_wooden_cabinet_and_place_it_on_the_plate,demo_19,90,agentview,akita_black_bowl_1,is_on_top_of,wooden_cabinet_1
pick_up_the_black_bowl_on_the_wooden_cabinet_and_place_it_on_the_plate,demo_19,90,agentview,wooden_cabinet_1,is_below_of,akita_black_bowl_1
pick_up_the_black_bowl_on_the_wooden_cabinet_and_place_it_on_the_plate,demo_19,90,agentview,akita_black_bowl_1,is_behind,akita_black_bowl_2
pick_up_the_black_bowl_on_the_wooden_cabinet_and_place_it_on_the_plate,demo_19,90,agentview,akita_black_bowl_2,is_in_front_of,akita_black_bowl_1
pick_up_the_black_bowl_on_the_wooden_cabinet_and_place_it_on_the_plate,demo_19,90,agentview,akita_black_bowl_1,is_behind,cookies_1
pick_up_the_black_bowl_on_the_wooden_cabinet_and_place_it_on_the_plate,demo_19,90,agentview,cookies_1,is_in_front_of,akita_black_bowl_1
pick_up_the_black_bowl_on_the_wooden_cabinet_and_place_it_on_the_plate,demo_19,90,agentview,akita_black_bowl_1,is_behind,glazed_rim_porcelain_ramekin_1
pick_up_the_black_bowl_on_the_wooden_cabinet_and_place_it_on_the_plate,demo_19,90,agentview,glazed_rim_porcelain_ramekin_1,is_in_front_of,akita_black_bowl_1
pick_up_the_black_bowl_on_the_wooden_cabinet_and_place_it_on_the_plate,demo_19,90,agentview,akita_black_bowl_1,is_behind,plate_1
pick_up_the_black_bowl_on_the_wooden_cabinet_and_place_it_on_the_plate,demo_19,90,agentview,plate_1,is_in_front_of,akita_black_bowl_1
pick_up_the_black_bowl_on_the_wooden_cabinet_and_place_it_on_the_plate,demo_19,90,agentview,akita_black_bowl_1,is_behind,flat_stove_1
pick_up_the_black_bowl_on_the_wooden_cabinet_and_place_it_on_the_plate,demo_19,90,agentview,flat_stove_1,is_in_front_of,akita_black_bowl_1
pick_up_the_black_bowl_on_the_wooden_cabinet_and_place_it_on_the_plate,demo_19,90,agentview,akita_black_bowl_2,is_on_top_of,flat_stove_1
pick_up_the_black_bowl_on_the_wooden_cabinet_and_place_it_on_the_plate,demo_19,90,agentview,flat_stove_1,is_below_of,akita_black_bowl_2
pick_up_the_black_bowl_on_the_wooden_cabinet_and_place_it_on_the_plate,demo_19,90,agentview,akita_black_bowl_2,is_left_of,cookies_1
pick_up_the_black_bowl_on_the_wooden_cabinet_and_place_it_on_the_plate,demo_19,90,agentview,cookies_1,is_right_of,akita_black_bowl_2
pick_up_the_black_bowl_on_the_wooden_cabinet_and_place_it_on_the_plate,demo_19,90,agentview,akita_black_bowl_2,is_left_of,glazed_rim_porcelain_ramekin_1
pick_up_the_black_bowl_on_the_wooden_cabinet_and_place_it_on_the_plate,demo_19,90,agentview,glazed_rim_porcelain_ramekin_1,is_right_of,akita_black_bowl_2
pick_up_the_black_bowl_on_the_wooden_cabinet_and_place_it_on_the_plate,demo_19,90,agentview,akita_black_bowl_2,is_left_of,plate_1
pick_up_the_black_bowl_on_the_wooden_cabinet_and_place_it_on_the_plate,demo_19,90,agentview,plate_1,is_right_of,akita_black_bowl_2
pick_up_the_black_bowl_on_the_wooden_cabinet_and_place_it_on_the_plate,demo_19,90,agentview,cookies_1,is_left_of,glazed_rim_porcelain_ramekin_1
pick_up_the_black_bowl_on_the_wooden_cabinet_and_place_it_on_the_plate,demo_19,90,agentview,glazed_rim_porcelain_ramekin_1,is_right_of,cookies_1
pick_up_the_black_bowl_on_the_wooden_cabinet_and_place_it_on_the_plate,demo_19,90,agentview,cookies_1,is_in_front_of,plate_1
pick_up_the_black_bowl_on_the_wooden_cabinet_and_place_it_on_the_plate,demo_19,90,agentview,plate_1,is_behind,cookies_1
pick_up_the_black_bowl_on_the_wooden_cabinet_and_place_it_on_the_plate,demo_19,90,agentview,glazed_rim_porcelain_ramekin_1,is_in_front_of,plate_1
pick_up_the_black_bowl_on_the_wooden_cabinet_and_place_it_on_the_plate,demo_19,90,agentview,plate_1,is_behind,glazed_rim_porcelain_ramekin_1
pick_up_the_black_bowl_on_the_wooden_cabinet_and_place_it_on_the_plate,demo_19,90,agentview,wooden_cabinet_1,is_behind,akita_black_bowl_2
pick_up_the_black_bowl_on_the_wooden_cabinet_and_place_it_on_the_plate,demo_19,90,agentview,akita_black_bowl_2,is_in_front_of,wooden_cabinet_1
pick_up_the_black_bowl_on_the_wooden_cabinet_and_place_it_on_the_plate,demo_19,90,agentview,wooden_cabinet_1,is_behind,cookies_1
pick_up_the_black_bowl_on_the_wooden_cabinet_and_place_it_on_the_plate,demo_19,90,agentview,cookies_1,is_in_front_of,wooden_cabinet_1
pick_up_the_black_bowl_on_the_wooden_cabinet_and_place_it_on_the_plate,demo_19,90,agentview,wooden_cabinet_1,is_behind,glazed_rim_porcelain_ramekin_1
pick_up_the_black_bowl_on_the_wooden_cabinet_and_place_it_on_the_plate,demo_19,90,agentview,glazed_rim_porcelain_ramekin_1,is_in_front_of,wooden_cabinet_1
pick_up_the_black_bowl_on_the_wooden_cabinet_and_place_it_on_the_plate,demo_19,90,agentview,wooden_cabinet_1,is_behind,plate_1
pick_up_the_black_bowl_on_the_wooden_cabinet_and_place_it_on_the_plate,demo_19,90,agentview,plate_1,is_in_front_of,wooden_cabinet_1
pick_up_the_black_bowl_on_the_wooden_cabinet_and_place_it_on_the_plate,demo_19,90,agentview,wooden_cabinet_1,is_behind,flat_stove_1
pick_up_the_black_bowl_on_the_wooden_cabinet_and_place_it_on_the_plate,demo_19,90,agentview,flat_stove_1,is_in_front_of,wooden_cabinet_1
pick_up_the_black_bowl_on_the_wooden_cabinet_and_place_it_on_the_plate,demo_19,90,agentview,flat_stove_1,is_left_of,cookies_1
pick_up_the_black_bowl_on_the_wooden_cabinet_and_place_it_on_the_plate,demo_19,90,agentview,cookies_1,is_right_of,flat_stove_1
pick_up_the_black_bowl_on_the_wooden_cabinet_and_place_it_on_the_plate,demo_19,90,agentview,flat_stove_1,is_left_of,glazed_rim_porcelain_ramekin_1
pick_up_the_black_bowl_on_the_wooden_cabinet_and_place_it_on_the_plate,demo_19,90,agentview,glazed_rim_porcelain_ramekin_1,is_right_of,flat_stove_1
pick_up_the_black_bowl_on_the_wooden_cabinet_and_place_it_on_the_plate,demo_19,95,agentview,akita_black_bowl_1,is_on_top_of,wooden_cabinet_1
pick_up_the_black_bowl_on_the_wooden_cabinet_and_place_it_on_the_plate,demo_19,95,agentview,wooden_cabinet_1,is_below_of,akita_black_bowl_1
pick_up_the_black_bowl_on_the_wooden_cabinet_and_place_it_on_the_plate,demo_19,95,agentview,akita_black_bowl_2,is_on_top_of,flat_stove_1
pick_up_the_black_bowl_on_the_wooden_cabinet_and_place_it_on_the_plate,demo_19,95,agentview,flat_stove_1,is_below_of,akita_black_bowl_2
pick_up_the_black_bowl_on_the_wooden_cabinet_and_place_it_on_the_plate,demo_19,95,agentview,cookies_1,is_on_top_of,flat_stove_1
pick_up_the_black_bowl_on_the_wooden_cabinet_and_place_it_on_the_plate,demo_19,95,agentview,flat_stove_1,is_below_of,cookies_1
pick_up_the_black_bowl_on_the_wooden_cabinet_and_place_it_on_the_plate,demo_19,95,agentview,glazed_rim_porcelain_ramekin_1,is_on_top_of,flat_stove_1
pick_up_the_black_bowl_on_the_wooden_cabinet_and_place_it_on_the_plate,demo_19,95,agentview,flat_stove_1,is_below_of,glazed_rim_porcelain_ramekin_1
pick_up_the_black_bowl_on_the_wooden_cabinet_and_place_it_on_the_plate,demo_19,95,agentview,plate_1,is_on_top_of,flat_stove_1
pick_up_the_black_bowl_on_the_wooden_cabinet_and_place_it_on_the_plate,demo_19,95,agentview,flat_stove_1,is_below_of,plate_1
pick_up_the_black_bowl_on_the_wooden_cabinet_and_place_it_on_the_plate,demo_19,95,agentview,akita_black_bowl_1,is_behind,akita_black_bowl_2
pick_up_the_black_bowl_on_the_wooden_cabinet_and_place_it_on_the_plate,demo_19,95,agentview,akita_black_bowl_2,is_in_front_of,akita_black_bowl_1
pick_up_the_black_bowl_on_the_wooden_cabinet_and_place_it_on_the_plate,demo_19,95,agentview,akita_black_bowl_1,is_behind,cookies_1
pick_up_the_black_bowl_on_the_wooden_cabinet_and_place_it_on_the_plate,demo_19,95,agentview,cookies_1,is_in_front_of,akita_black_bowl_1
pick_up_the_black_bowl_on_the_wooden_cabinet_and_place_it_on_the_plate,demo_19,95,agentview,akita_black_bowl_1,is_behind,glazed_rim_porcelain_ramekin_1
pick_up_the_black_bowl_on_the_wooden_cabinet_and_place_it_on_the_plate,demo_19,95,agentview,glazed_rim_porcelain_ramekin_1,is_in_front_of,akita_black_bowl_1
pick_up_the_black_bowl_on_the_wooden_cabinet_and_place_it_on_the_plate,demo_19,95,agentview,akita_black_bowl_1,is_behind,plate_1
pick_up_the_black_bowl_on_the_wooden_cabinet_and_place_it_on_the_plate,demo_19,95,agentview,plate_1,is_in_front_of,akita_black_bowl_1
pick_up_the_black_bowl_on_the_wooden_cabinet_and_place_it_on_the_plate,demo_19,95,agentview,akita_black_bowl_2,is_left_of,cookies_1
pick_up_the_black_bowl_on_the_wooden_cabinet_and_place_it_on_the_plate,demo_19,95,agentview,cookies_1,is_right_of,akita_black_bowl_2
pick_up_the_black_bowl_on_the_wooden_cabinet_and_place_it_on_the_plate,demo_19,95,agentview,akita_black_bowl_2,is_left_of,glazed_rim_porcelain_ramekin_1
pick_up_the_black_bowl_on_the_wooden_cabinet_and_place_it_on_the_plate,demo_19,95,agentview,glazed_rim_porcelain_ramekin_1,is_right_of,akita_black_bowl_2
pick_up_the_black_bowl_on_the_wooden_cabinet_and_place_it_on_the_plate,demo_19,95,agentview,akita_black_bowl_2,is_left_of,plate_1
pick_up_the_black_bowl_on_the_wooden_cabinet_and_place_it_on_the_plate,demo_19,95,agentview,plate_1,is_right_of,akita_black_bowl_2
pick_up_the_black_bowl_on_the_wooden_cabinet_and_place_it_on_the_plate,demo_19,95,agentview,cookies_1,is_left_of,glazed_rim_porcelain_ramekin_1
pick_up_the_black_bowl_on_the_wooden_cabinet_and_place_it_on_the_plate,demo_19,95,agentview,glazed_rim_porcelain_ramekin_1,is_right_of,cookies_1
pick_up_the_black_bowl_on_the_wooden_cabinet_and_place_it_on_the_plate,demo_19,95,agentview,cookies_1,is_left_of,plate_1
pick_up_the_black_bowl_on_the_wooden_cabinet_and_place_it_on_the_plate,demo_19,95,agentview,plate_1,is_right_of,cookies_1
pick_up_the_black_bowl_on_the_wooden_cabinet_and_place_it_on_the_plate,demo_19,95,agentview,glazed_rim_porcelain_ramekin_1,is_left_of,plate_1
pick_up_the_black_bowl_on_the_wooden_cabinet_and_place_it_on_the_plate,demo_19,95,agentview,plate_1,is_right_of,glazed_rim_porcelain_ramekin_1
pick_up_the_black_bowl_on_the_wooden_cabinet_and_place_it_on_the_plate,demo_19,100,agentview,akita_black_bowl_1,is_on_top_of,wooden_cabinet_1
pick_up_the_black_bowl_on_the_wooden_cabinet_and_place_it_on_the_plate,demo_19,100,agentview,wooden_cabinet_1,is_below_of,akita_black_bowl_1
pick_up_the_black_bowl_on_the_wooden_cabinet_and_place_it_on_the_plate,demo_19,100,agentview,akita_black_bowl_2,is_on_top_of,plate_1
pick_up_the_black_bowl_on_the_wooden_cabinet_and_place_it_on_the_plate,demo_19,100,agentview,plate_1,is_below_of,akita_black_bowl_2
pick_up_the_black_bowl_on_the_wooden_cabinet_and_place_it_on_the_plate,demo_19,100,agentview,cookies_1,is_on_top_of,flat_stove_1
pick_up_the_black_bowl_on_the_wooden_cabinet_and_place_it_on_the_plate,demo_19,100,agentview,flat_stove_1,is_below_of,cookies_1
pick_up_the_black_bowl_on_the_wooden_cabinet_and_place_it_on_the_plate,demo_19,100,agentview,glazed_rim_porcelain_ramekin_1,is_on_top_of,flat_stove_1
pick_up_the_black_bowl_on_the_wooden_cabinet_and_place_it_on_the_plate,demo_19,100,agentview,flat_stove_1,is_below_of,glazed_rim_porcelain_ramekin_1
pick_up_the_black_bowl_on_the_wooden_cabinet_and_place_it_on_the_plate,demo_19,100,agentview,plate_1,is_on_top_of,flat_stove_1
pick_up_the_black_bowl_on_the_wooden_cabinet_and_place_it_on_the_plate,demo_19,100,agentview,flat_stove_1,is_below_of,plate_1
pick_up_the_black_bowl_on_the_wooden_cabinet_and_place_it_on_the_plate,demo_19,100,agentview,akita_black_bowl_1,is_behind,akita_black_bowl_2
pick_up_the_black_bowl_on_the_wooden_cabinet_and_place_it_on_the_plate,demo_19,100,agentview,akita_black_bowl_2,is_in_front_of,akita_black_bowl_1
pick_up_the_black_bowl_on_the_wooden_cabinet_and_place_it_on_the_plate,demo_19,100,agentview,akita_black_bowl_1,is_behind,cookies_1
pick_up_the_black_bowl_on_the_wooden_cabinet_and_place_it_on_the_plate,demo_19,100,agentview,cookies_1,is_in_front_of,akita_black_bowl_1
pick_up_the_black_bowl_on_the_wooden_cabinet_and_place_it_on_the_plate,demo_19,100,agentview,akita_black_bowl_1,is_behind,glazed_rim_porcelain_ramekin_1
pick_up_the_black_bowl_on_the_wooden_cabinet_and_place_it_on_the_plate,demo_19,100,agentview,glazed_rim_porcelain_ramekin_1,is_in_front_of,akita_black_bowl_1
pick_up_the_black_bowl_on_the_wooden_cabinet_and_place_it_on_the_plate,demo_19,100,agentview,akita_black_bowl_1,is_behind,plate_1
pick_up_the_black_bowl_on_the_wooden_cabinet_and_place_it_on_the_plate,demo_19,100,agentview,plate_1,is_in_front_of,akita_black_bowl_1
pick_up_the_black_bowl_on_the_wooden_cabinet_and_place_it_on_the_plate,demo_19,100,agentview,akita_black_bowl_1,is_behind,flat_stove_1
pick_up_the_black_bowl_on_the_wooden_cabinet_and_place_it_on_the_plate,demo_19,100,agentview,flat_stove_1,is_in_front_of,akita_black_bowl_1
pick_up_the_black_bowl_on_the_wooden_cabinet_and_place_it_on_the_plate,demo_19,100,agentview,akita_black_bowl_2,is_left_of,cookies_1
pick_up_the_black_bowl_on_the_wooden_cabinet_and_place_it_on_the_plate,demo_19,100,agentview,cookies_1,is_right_of,akita_black_bowl_2
pick_up_the_black_bowl_on_the_wooden_cabinet_and_place_it_on_the_plate,demo_19,100,agentview,akita_black_bowl_2,is_behind,glazed_rim_porcelain_ramekin_1
pick_up_the_black_bowl_on_the_wooden_cabinet_and_place_it_on_the_plate,demo_19,100,agentview,glazed_rim_porcelain_ramekin_1,is_in_front_of,akita_black_bowl_2
pick_up_the_black_bowl_on_the_wooden_cabinet_and_place_it_on_the_plate,demo_19,100,agentview,akita_black_bowl_2,is_right_of,plate_1
pick_up_the_black_bowl_on_the_wooden_cabinet_and_place_it_on_the_plate,demo_19,100,agentview,plate_1,is_left_of,akita_black_bowl_2
pick_up_the_black_bowl_on_the_wooden_cabinet_and_place_it_on_the_plate,demo_19,100,agentview,akita_black_bowl_2,is_behind,flat_stove_1
pick_up_the_black_bowl_on_the_wooden_cabinet_and_place_it_on_the_plate,demo_19,100,agentview,flat_stove_1,is_in_front_of,akita_black_bowl_2
pick_up_the_black_bowl_on_the_wooden_cabinet_and_place_it_on_the_plate,demo_19,100,agentview,cookies_1,is_right_of,glazed_rim_porcelain_ramekin_1
pick_up_the_black_bowl_on_the_wooden_cabinet_and_place_it_on_the_plate,demo_19,100,agentview,glazed_rim_porcelain_ramekin_1,is_left_of,cookies_1
pick_up_the_black_bowl_on_the_wooden_cabinet_and_place_it_on_the_plate,demo_19,100,agentview,cookies_1,is_behind,plate_1
pick_up_the_black_bowl_on_the_wooden_cabinet_and_place_it_on_the_plate,demo_19,100,agentview,plate_1,is_in_front_of,cookies_1
pick_up_the_black_bowl_on_the_wooden_cabinet_and_place_it_on_the_plate,demo_19,100,agentview,cookies_1,is_behind,flat_stove_1
pick_up_the_black_bowl_on_the_wooden_cabinet_and_place_it_on_the_plate,demo_19,100,agentview,flat_stove_1,is_in_front_of,cookies_1
pick_up_the_black_bowl_on_the_wooden_cabinet_and_place_it_on_the_plate,demo_19,100,agentview,glazed_rim_porcelain_ramekin_1,is_behind,plate_1
pick_up_the_black_bowl_on_the_wooden_cabinet_and_place_it_on_the_plate,demo_19,100,agentview,plate_1,is_in_front_of,glazed_rim_porcelain_ramekin_1
pick_up_the_black_bowl_on_the_wooden_cabinet_and_place_it_on_the_plate,demo_19,100,agentview,glazed_rim_porcelain_ramekin_1,is_behind,flat_stove_1
pick_up_the_black_bowl_on_the_wooden_cabinet_and_place_it_on_the_plate,demo_19,100,agentview,flat_stove_1,is_in_front_of,glazed_rim_porcelain_ramekin_1
pick_up_the_black_bowl_on_the_wooden_cabinet_and_place_it_on_the_plate,demo_19,100,agentview,plate_1,is_in_front_of,flat_stove_1
pick_up_the_black_bowl_on_the_wooden_cabinet_and_place_it_on_the_plate,demo_19,100,agentview,flat_stove_1,is_behind,plate_1
pick_up_the_black_bowl_on_the_wooden_cabinet_and_place_it_on_the_plate,demo_19,105,agentview,akita_black_bowl_1,is_on_top_of,wooden_cabinet_1
pick_up_the_black_bowl_on_the_wooden_cabinet_and_place_it_on_the_plate,demo_19,105,agentview,wooden_cabinet_1,is_below_of,akita_black_bowl_1
pick_up_the_black_bowl_on_the_wooden_cabinet_and_place_it_on_the_plate,demo_19,105,agentview,akita_black_bowl_2,is_on_top_of,plate_1
pick_up_the_black_bowl_on_the_wooden_cabinet_and_place_it_on_the_plate,demo_19,105,agentview,plate_1,is_below_of,akita_black_bowl_2
pick_up_the_black_bowl_on_the_wooden_cabinet_and_place_it_on_the_plate,demo_19,105,agentview,cookies_1,is_on_top_of,flat_stove_1
pick_up_the_black_bowl_on_the_wooden_cabinet_and_place_it_on_the_plate,demo_19,105,agentview,flat_stove_1,is_below_of,cookies_1
pick_up_the_black_bowl_on_the_wooden_cabinet_and_place_it_on_the_plate,demo_19,105,agentview,glazed_rim_porcelain_ramekin_1,is_on_top_of,flat_stove_1
pick_up_the_black_bowl_on_the_wooden_cabinet_and_place_it_on_the_plate,demo_19,105,agentview,flat_stove_1,is_below_of,glazed_rim_porcelain_ramekin_1
pick_up_the_black_bowl_on_the_wooden_cabinet_and_place_it_on_the_plate,demo_19,105,agentview,plate_1,is_on_top_of,flat_stove_1
pick_up_the_black_bowl_on_the_wooden_cabinet_and_place_it_on_the_plate,demo_19,105,agentview,flat_stove_1,is_below_of,plate_1
pick_up_the_black_bowl_on_the_wooden_cabinet_and_place_it_on_the_plate,demo_19,105,agentview,akita_black_bowl_1,is_behind,akita_black_bowl_2
pick_up_the_black_bowl_on_the_wooden_cabinet_and_place_it_on_the_plate,demo_19,105,agentview,akita_black_bowl_2,is_in_front_of,akita_black_bowl_1
pick_up_the_black_bowl_on_the_wooden_cabinet_and_place_it_on_the_plate,demo_19,105,agentview,akita_black_bowl_1,is_behind,cookies_1
pick_up_the_black_bowl_on_the_wooden_cabinet_and_place_it_on_the_plate,demo_19,105,agentview,cookies_1,is_in_front_of,akita_black_bowl_1
pick_up_the_black_bowl_on_the_wooden_cabinet_and_place_it_on_the_plate,demo_19,105,agentview,akita_black_bowl_1,is_behind,glazed_rim_porcelain_ramekin_1
pick_up_the_black_bowl_on_the_wooden_cabinet_and_place_it_on_the_plate,demo_19,105,agentview,glazed_rim_porcelain_ramekin_1,is_in_front_of,akita_black_bowl_1
pick_up_the_black_bowl_on_the_wooden_cabinet_and_place_it_on_the_plate,demo_19,105,agentview,akita_black_bowl_1,is_behind,plate_1
pick_up_the_black_bowl_on_the_wooden_cabinet_and_place_it_on_the_plate,demo_19,105,agentview,plate_1,is_in_front_of,akita_black_bowl_1
pick_up_the_black_bowl_on_the_wooden_cabinet_and_place_it_on_the_plate,demo_19,105,agentview,akita_black_bowl_2,is_left_of,cookies_1
pick_up_the_black_bowl_on_the_wooden_cabinet_and_place_it_on_the_plate,demo_19,105,agentview,cookies_1,is_right_of,akita_black_bowl_2
pick_up_the_black_bowl_on_the_wooden_cabinet_and_place_it_on_the_plate,demo_19,105,agentview,akita_black_bowl_2,is_left_of,glazed_rim_porcelain_ramekin_1
pick_up_the_black_bowl_on_the_wooden_cabinet_and_place_it_on_the_plate,demo_19,105,agentview,glazed_rim_porcelain_ramekin_1,is_right_of,akita_black_bowl_2
pick_up_the_black_bowl_on_the_wooden_cabinet_and_place_it_on_the_plate,demo_19,105,agentview,cookies_1,is_left_of,glazed_rim_porcelain_ramekin_1
pick_up_the_black_bowl_on_the_wooden_cabinet_and_place_it_on_the_plate,demo_19,105,agentview,glazed_rim_porcelain_ramekin_1,is_right_of,cookies_1
pick_up_the_black_bowl_on_the_wooden_cabinet_and_place_it_on_the_plate,demo_19,105,agentview,wooden_cabinet_1,is_behind,akita_black_bowl_2
pick_up_the_black_bowl_on_the_wooden_cabinet_and_place_it_on_the_plate,demo_19,105,agentview,akita_black_bowl_2,is_in_front_of,wooden_cabinet_1
pick_up_the_black_bowl_on_the_wooden_cabinet_and_place_it_on_the_plate,demo_19,105,agentview,wooden_cabinet_1,is_behind,cookies_1
pick_up_the_black_bowl_on_the_wooden_cabinet_and_place_it_on_the_plate,demo_19,105,agentview,cookies_1,is_in_front_of,wooden_cabinet_1
pick_up_the_black_bowl_on_the_wooden_cabinet_and_place_it_on_the_plate,demo_19,105,agentview,wooden_cabinet_1,is_behind,glazed_rim_porcelain_ramekin_1
pick_up_the_black_bowl_on_the_wooden_cabinet_and_place_it_on_the_plate,demo_19,105,agentview,glazed_rim_porcelain_ramekin_1,is_in_front_of,wooden_cabinet_1
pick_up_the_black_bowl_on_the_wooden_cabinet_and_place_it_on_the_plate,demo_19,105,agentview,wooden_cabinet_1,is_behind,plate_1
pick_up_the_black_bowl_on_the_wooden_cabinet_and_place_it_on_the_plate,demo_19,105,agentview,plate_1,is_in_front_of,wooden_cabinet_1
pick_up_the_black_bowl_on_the_wooden_cabinet_and_place_it_on_the_plate,demo_19,110,agentview,akita_black_bowl_1,is_on_top_of,wooden_cabinet_1
pick_up_the_black_bowl_on_the_wooden_cabinet_and_place_it_on_the_plate,demo_19,110,agentview,wooden_cabinet_1,is_below_of,akita_black_bowl_1
pick_up_the_black_bowl_on_the_wooden_cabinet_and_place_it_on_the_plate,demo_19,110,agentview,akita_black_bowl_1,is_behind,akita_black_bowl_2
pick_up_the_black_bowl_on_the_wooden_cabinet_and_place_it_on_the_plate,demo_19,110,agentview,akita_black_bowl_2,is_in_front_of,akita_black_bowl_1
pick_up_the_black_bowl_on_the_wooden_cabinet_and_place_it_on_the_plate,demo_19,110,agentview,akita_black_bowl_1,is_behind,cookies_1
pick_up_the_black_bowl_on_the_wooden_cabinet_and_place_it_on_the_plate,demo_19,110,agentview,cookies_1,is_in_front_of,akita_black_bowl_1
pick_up_the_black_bowl_on_the_wooden_cabinet_and_place_it_on_the_plate,demo_19,110,agentview,akita_black_bowl_1,is_behind,glazed_rim_porcelain_ramekin_1
pick_up_the_black_bowl_on_the_wooden_cabinet_and_place_it_on_the_plate,demo_19,110,agentview,glazed_rim_porcelain_ramekin_1,is_in_front_of,akita_black_bowl_1
pick_up_the_black_bowl_on_the_wooden_cabinet_and_place_it_on_the_plate,demo_19,110,agentview,akita_black_bowl_1,is_behind,plate_1
pick_up_the_black_bowl_on_the_wooden_cabinet_and_place_it_on_the_plate,demo_19,110,agentview,plate_1,is_in_front_of,akita_black_bowl_1
pick_up_the_black_bowl_on_the_wooden_cabinet_and_place_it_on_the_plate,demo_19,110,agentview,akita_black_bowl_1,is_behind,flat_stove_1
pick_up_the_black_bowl_on_the_wooden_cabinet_and_place_it_on_the_plate,demo_19,110,agentview,flat_stove_1,is_in_front_of,akita_black_bowl_1
pick_up_the_black_bowl_on_the_wooden_cabinet_and_place_it_on_the_plate,demo_19,110,agentview,akita_black_bowl_2,is_on_top_of,wooden_cabinet_1
pick_up_the_black_bowl_on_the_wooden_cabinet_and_place_it_on_the_plate,demo_19,110,agentview,wooden_cabinet_1,is_below_of,akita_black_bowl_2
pick_up_the_black_bowl_on_the_wooden_cabinet_and_place_it_on_the_plate,demo_19,110,agentview,akita_black_bowl_2,is_in_front_of,cookies_1
pick_up_the_black_bowl_on_the_wooden_cabinet_and_place_it_on_the_plate,demo_19,110,agentview,cookies_1,is_behind,akita_black_bowl_2
pick_up_the_black_bowl_on_the_wooden_cabinet_and_place_it_on_the_plate,demo_19,110,agentview,akita_black_bowl_2,is_in_front_of,glazed_rim_porcelain_ramekin_1
pick_up_the_black_bowl_on_the_wooden_cabinet_and_place_it_on_the_plate,demo_19,110,agentview,glazed_rim_porcelain_ramekin_1,is_behind,akita_black_bowl_2
pick_up_the_black_bowl_on_the_wooden_cabinet_and_place_it_on_the_plate,demo_19,110,agentview,akita_black_bowl_2,is_in_front_of,plate_1
pick_up_the_black_bowl_on_the_wooden_cabinet_and_place_it_on_the_plate,demo_19,110,agentview,plate_1,is_behind,akita_black_bowl_2
pick_up_the_black_bowl_on_the_wooden_cabinet_and_place_it_on_the_plate,demo_19,110,agentview,akita_black_bowl_2,is_left_of,flat_stove_1
pick_up_the_black_bowl_on_the_wooden_cabinet_and_place_it_on_the_plate,demo_19,110,agentview,flat_stove_1,is_right_of,akita_black_bowl_2
pick_up_the_black_bowl_on_the_wooden_cabinet_and_place_it_on_the_plate,demo_19,110,agentview,cookies_1,is_on_top_of,wooden_cabinet_1
pick_up_the_black_bowl_on_the_wooden_cabinet_and_place_it_on_the_plate,demo_19,110,agentview,wooden_cabinet_1,is_below_of,cookies_1
pick_up_the_black_bowl_on_the_wooden_cabinet_and_place_it_on_the_plate,demo_19,110,agentview,cookies_1,is_left_of,glazed_rim_porcelain_ramekin_1
pick_up_the_black_bowl_on_the_wooden_cabinet_and_place_it_on_the_plate,demo_19,110,agentview,glazed_rim_porcelain_ramekin_1,is_right_of,cookies_1
pick_up_the_black_bowl_on_the_wooden_cabinet_and_place_it_on_the_plate,demo_19,110,agentview,cookies_1,is_left_of,plate_1
pick_up_the_black_bowl_on_the_wooden_cabinet_and_place_it_on_the_plate,demo_19,110,agentview,plate_1,is_right_of,cookies_1
pick_up_the_black_bowl_on_the_wooden_cabinet_and_place_it_on_the_plate,demo_19,110,agentview,cookies_1,is_left_of,flat_stove_1
pick_up_the_black_bowl_on_the_wooden_cabinet_and_place_it_on_the_plate,demo_19,110,agentview,flat_stove_1,is_right_of,cookies_1
pick_up_the_black_bowl_on_the_wooden_cabinet_and_place_it_on_the_plate,demo_19,110,agentview,glazed_rim_porcelain_ramekin_1,is_on_top_of,wooden_cabinet_1
pick_up_the_black_bowl_on_the_wooden_cabinet_and_place_it_on_the_plate,demo_19,110,agentview,wooden_cabinet_1,is_below_of,glazed_rim_porcelain_ramekin_1
pick_up_the_black_bowl_on_the_wooden_cabinet_and_place_it_on_the_plate,demo_19,110,agentview,glazed_rim_porcelain_ramekin_1,is_left_of,plate_1
pick_up_the_black_bowl_on_the_wooden_cabinet_and_place_it_on_the_plate,demo_19,110,agentview,plate_1,is_right_of,glazed_rim_porcelain_ramekin_1
pick_up_the_black_bowl_on_the_wooden_cabinet_and_place_it_on_the_plate,demo_19,110,agentview,glazed_rim_porcelain_ramekin_1,is_left_of,flat_stove_1
pick_up_the_black_bowl_on_the_wooden_cabinet_and_place_it_on_the_plate,demo_19,110,agentview,flat_stove_1,is_right_of,glazed_rim_porcelain_ramekin_1
pick_up_the_black_bowl_on_the_wooden_cabinet_and_place_it_on_the_plate,demo_19,110,agentview,plate_1,is_on_top_of,flat_stove_1
pick_up_the_black_bowl_on_the_wooden_cabinet_and_place_it_on_the_plate,demo_19,110,agentview,flat_stove_1,is_below_of,plate_1
pick_up_the_black_bowl_on_the_wooden_cabinet_and_place_it_on_the_plate,demo_19,110,agentview,plate_1,is_right_of,flat_stove_1
pick_up_the_black_bowl_on_the_wooden_cabinet_and_place_it_on_the_plate,demo_19,110,agentview,flat_stove_1,is_left_of,plate_1
pick_up_the_black_bowl_on_the_wooden_cabinet_and_place_it_on_the_plate,demo_19,115,agentview,akita_black_bowl_1,is_on_top_of,wooden_cabinet_1
pick_up_the_black_bowl_on_the_wooden_cabinet_and_place_it_on_the_plate,demo_19,115,agentview,wooden_cabinet_1,is_below_of,akita_black_bowl_1
pick_up_the_black_bowl_on_the_wooden_cabinet_and_place_it_on_the_plate,demo_19,115,agentview,akita_black_bowl_2,is_on_top_of,plate_1
pick_up_the_black_bowl_on_the_wooden_cabinet_and_place_it_on_the_plate,demo_19,115,agentview,plate_1,is_below_of,akita_black_bowl_2
pick_up_the_black_bowl_on_the_wooden_cabinet_and_place_it_on_the_plate,demo_19,115,agentview,cookies_1,is_on_top_of,flat_stove_1
pick_up_the_black_bowl_on_the_wooden_cabinet_and_place_it_on_the_plate,demo_19,115,agentview,flat_stove_1,is_below_of,cookies_1
pick_up_the_black_bowl_on_the_wooden_cabinet_and_place_it_on_the_plate,demo_19,115,agentview,glazed_rim_porcelain_ramekin_1,is_on_top_of,flat_stove_1
pick_up_the_black_bowl_on_the_wooden_cabinet_and_place_it_on_the_plate,demo_19,115,agentview,flat_stove_1,is_below_of,glazed_rim_porcelain_ramekin_1
pick_up_the_black_bowl_on_the_wooden_cabinet_and_place_it_on_the_plate,demo_19,115,agentview,plate_1,is_on_top_of,flat_stove_1
pick_up_the_black_bowl_on_the_wooden_cabinet_and_place_it_on_the_plate,demo_19,115,agentview,flat_stove_1,is_below_of,plate_1
pick_up_the_black_bowl_on_the_wooden_cabinet_and_place_it_on_the_plate,demo_19,115,agentview,akita_black_bowl_1,is_behind,akita_black_bowl_2
pick_up_the_black_bowl_on_the_wooden_cabinet_and_place_it_on_the_plate,demo_19,115,agentview,akita_black_bowl_2,is_in_front_of,akita_black_bowl_1
pick_up_the_black_bowl_on_the_wooden_cabinet_and_place_it_on_the_plate,demo_19,115,agentview,akita_black_bowl_1,is_behind,cookies_1
pick_up_the_black_bowl_on_the_wooden_cabinet_and_place_it_on_the_plate,demo_19,115,agentview,cookies_1,is_in_front_of,akita_black_bowl_1
pick_up_the_black_bowl_on_the_wooden_cabinet_and_place_it_on_the_plate,demo_19,115,agentview,akita_black_bowl_1,is_behind,glazed_rim_porcelain_ramekin_1
pick_up_the_black_bowl_on_the_wooden_cabinet_and_place_it_on_the_plate,demo_19,115,agentview,glazed_rim_porcelain_ramekin_1,is_in_front_of,akita_black_bowl_1
pick_up_the_black_bowl_on_the_wooden_cabinet_and_place_it_on_the_plate,demo_19,115,agentview,akita_black_bowl_1,is_behind,plate_1
pick_up_the_black_bowl_on_the_wooden_cabinet_and_place_it_on_the_plate,demo_19,115,agentview,plate_1,is_in_front_of,akita_black_bowl_1
pick_up_the_black_bowl_on_the_wooden_cabinet_and_place_it_on_the_plate,demo_19,115,agentview,akita_black_bowl_2,is_right_of,cookies_1
pick_up_the_black_bowl_on_the_wooden_cabinet_and_place_it_on_the_plate,demo_19,115,agentview,cookies_1,is_left_of,akita_black_bowl_2
pick_up_the_black_bowl_on_the_wooden_cabinet_and_place_it_on_the_plate,demo_19,115,agentview,akita_black_bowl_2,is_behind,glazed_rim_porcelain_ramekin_1
pick_up_the_black_bowl_on_the_wooden_cabinet_and_place_it_on_the_plate,demo_19,115,agentview,glazed_rim_porcelain_ramekin_1,is_in_front_of,akita_black_bowl_2
pick_up_the_black_bowl_on_the_wooden_cabinet_and_place_it_on_the_plate,demo_19,115,agentview,akita_black_bowl_2,is_right_of,plate_1
pick_up_the_black_bowl_on_the_wooden_cabinet_and_place_it_on_the_plate,demo_19,115,agentview,plate_1,is_left_of,akita_black_bowl_2
pick_up_the_black_bowl_on_the_wooden_cabinet_and_place_it_on_the_plate,demo_19,115,agentview,cookies_1,is_left_of,glazed_rim_porcelain_ramekin_1
pick_up_the_black_bowl_on_the_wooden_cabinet_and_place_it_on_the_plate,demo_19,115,agentview,glazed_rim_porcelain_ramekin_1,is_right_of,cookies_1
pick_up_the_black_bowl_on_the_wooden_cabinet_and_place_it_on_the_plate,demo_19,115,agentview,cookies_1,is_behind,plate_1
pick_up_the_black_bowl_on_the_wooden_cabinet_and_place_it_on_the_plate,demo_19,115,agentview,plate_1,is_in_front_of,cookies_1
pick_up_the_black_bowl_on_the_wooden_cabinet_and_place_it_on_the_plate,demo_19,115,agentview,glazed_rim_porcelain_ramekin_1,is_right_of,plate_1
pick_up_the_black_bowl_on_the_wooden_cabinet_and_place_it_on_the_plate,demo_19,115,agentview,plate_1,is_left_of,glazed_rim_porcelain_ramekin_1
pick_up_the_black_bowl_on_the_wooden_cabinet_and_place_it_on_the_plate,demo_19,115,agentview,wooden_cabinet_1,is_behind,akita_black_bowl_2
pick_up_the_black_bowl_on_the_wooden_cabinet_and_place_it_on_the_plate,demo_19,115,agentview,akita_black_bowl_2,is_in_front_of,wooden_cabinet_1
pick_up_the_black_bowl_on_the_wooden_cabinet_and_place_it_on_the_plate,demo_19,115,agentview,wooden_cabinet_1,is_behind,cookies_1
pick_up_the_black_bowl_on_the_wooden_cabinet_and_place_it_on_the_plate,demo_19,115,agentview,cookies_1,is_in_front_of,wooden_cabinet_1
pick_up_the_black_bowl_on_the_wooden_cabinet_and_place_it_on_the_plate,demo_19,115,agentview,wooden_cabinet_1,is_behind,glazed_rim_porcelain_ramekin_1
pick_up_the_black_bowl_on_the_wooden_cabinet_and_place_it_on_the_plate,demo_19,115,agentview,glazed_rim_porcelain_ramekin_1,is_in_front_of,wooden_cabinet_1
pick_up_the_black_bowl_on_the_wooden_cabinet_and_place_it_on_the_plate,demo_19,115,agentview,wooden_cabinet_1,is_behind,plate_1
pick_up_the_black_bowl_on_the_wooden_cabinet_and_place_it_on_the_plate,demo_19,115,agentview,plate_1,is_in_front_of,wooden_cabinet_1
pick_up_the_black_bowl_on_the_wooden_cabinet_and_place_it_on_the_plate,demo_19,120,agentview,akita_black_bowl_1,is_on_top_of,wooden_cabinet_1
pick_up_the_black_bowl_on_the_wooden_cabinet_and_place_it_on_the_plate,demo_19,120,agentview,wooden_cabinet_1,is_below_of,akita_black_bowl_1
pick_up_the_black_bowl_on_the_wooden_cabinet_and_place_it_on_the_plate,demo_19,120,agentview,akita_black_bowl_1,is_behind,akita_black_bowl_2
pick_up_the_black_bowl_on_the_wooden_cabinet_and_place_it_on_the_plate,demo_19,120,agentview,akita_black_bowl_2,is_in_front_of,akita_black_bowl_1
pick_up_the_black_bowl_on_the_wooden_cabinet_and_place_it_on_the_plate,demo_19,120,agentview,akita_black_bowl_1,is_behind,cookies_1
pick_up_the_black_bowl_on_the_wooden_cabinet_and_place_it_on_the_plate,demo_19,120,agentview,cookies_1,is_in_front_of,akita_black_bowl_1
pick_up_the_black_bowl_on_the_wooden_cabinet_and_place_it_on_the_plate,demo_19,120,agentview,akita_black_bowl_1,is_behind,glazed_rim_porcelain_ramekin_1
pick_up_the_black_bowl_on_the_wooden_cabinet_and_place_it_on_the_plate,demo_19,120,agentview,glazed_rim_porcelain_ramekin_1,is_in_front_of,akita_black_bowl_1
pick_up_the_black_bowl_on_the_wooden_cabinet_and_place_it_on_the_plate,demo_19,120,agentview,akita_black_bowl_1,is_behind,plate_1
pick_up_the_black_bowl_on_the_wooden_cabinet_and_place_it_on_the_plate,demo_19,120,agentview,plate_1,is_in_front_of,akita_black_bowl_1
pick_up_the_black_bowl_on_the_wooden_cabinet_and_place_it_on_the_plate,demo_19,120,agentview,akita_black_bowl_1,is_behind,flat_stove_1
pick_up_the_black_bowl_on_the_wooden_cabinet_and_place_it_on_the_plate,demo_19,120,agentview,flat_stove_1,is_in_front_of,akita_black_bowl_1
pick_up_the_black_bowl_on_the_wooden_cabinet_and_place_it_on_the_plate,demo_19,120,agentview,akita_black_bowl_2,is_on_top_of,wooden_cabinet_1
pick_up_the_black_bowl_on_the_wooden_cabinet_and_place_it_on_the_plate,demo_19,120,agentview,wooden_cabinet_1,is_below_of,akita_black_bowl_2
pick_up_the_black_bowl_on_the_wooden_cabinet_and_place_it_on_the_plate,demo_19,120,agentview,akita_black_bowl_2,is_left_of,cookies_1
pick_up_the_black_bowl_on_the_wooden_cabinet_and_place_it_on_the_plate,demo_19,120,agentview,cookies_1,is_right_of,akita_black_bowl_2
pick_up_the_black_bowl_on_the_wooden_cabinet_and_place_it_on_the_plate,demo_19,120,agentview,akita_black_bowl_2,is_left_of,glazed_rim_porcelain_ramekin_1
pick_up_the_black_bowl_on_the_wooden_cabinet_and_place_it_on_the_plate,demo_19,120,agentview,glazed_rim_porcelain_ramekin_1,is_right_of,akita_black_bowl_2
pick_up_the_black_bowl_on_the_wooden_cabinet_and_place_it_on_the_plate,demo_19,120,agentview,akita_black_bowl_2,is_left_of,plate_1
pick_up_the_black_bowl_on_the_wooden_cabinet_and_place_it_on_the_plate,demo_19,120,agentview,plate_1,is_right_of,akita_black_bowl_2
pick_up_the_black_bowl_on_the_wooden_cabinet_and_place_it_on_the_plate,demo_19,120,agentview,akita_black_bowl_2,is_in_front_of,flat_stove_1
pick_up_the_black_bowl_on_the_wooden_cabinet_and_place_it_on_the_plate,demo_19,120,agentview,flat_stove_1,is_behind,akita_black_bowl_2
pick_up_the_black_bowl_on_the_wooden_cabinet_and_place_it_on_the_plate,demo_19,120,agentview,cookies_1,is_left_of,glazed_rim_porcelain_ramekin_1
pick_up_the_black_bowl_on_the_wooden_cabinet_and_place_it_on_the_plate,demo_19,120,agentview,glazed_rim_porcelain_ramekin_1,is_right_of,cookies_1
pick_up_the_black_bowl_on_the_wooden_cabinet_and_place_it_on_the_plate,demo_19,120,agentview,cookies_1,is_left_of,plate_1
pick_up_the_black_bowl_on_the_wooden_cabinet_and_place_it_on_the_plate,demo_19,120,agentview,plate_1,is_right_of,cookies_1
pick_up_the_black_bowl_on_the_wooden_cabinet_and_place_it_on_the_plate,demo_19,120,agentview,cookies_1,is_in_front_of,flat_stove_1
pick_up_the_black_bowl_on_the_wooden_cabinet_and_place_it_on_the_plate,demo_19,120,agentview,flat_stove_1,is_behind,cookies_1
pick_up_the_black_bowl_on_the_wooden_cabinet_and_place_it_on_the_plate,demo_19,120,agentview,glazed_rim_porcelain_ramekin_1,is_left_of,plate_1
pick_up_the_black_bowl_on_the_wooden_cabinet_and_place_it_on_the_plate,demo_19,120,agentview,plate_1,is_right_of,glazed_rim_porcelain_ramekin_1
pick_up_the_black_bowl_on_the_wooden_cabinet_and_place_it_on_the_plate,demo_19,120,agentview,glazed_rim_porcelain_ramekin_1,is_in_front_of,flat_stove_1
pick_up_the_black_bowl_on_the_wooden_cabinet_and_place_it_on_the_plate,demo_19,120,agentview,flat_stove_1,is_behind,glazed_rim_porcelain_ramekin_1
pick_up_the_black_bowl_on_the_wooden_cabinet_and_place_it_on_the_plate,demo_19,120,agentview,plate_1,is_on_top_of,flat_stove_1
pick_up_the_black_bowl_on_the_wooden_cabinet_and_place_it_on_the_plate,demo_19,120,agentview,flat_stove_1,is_below_of,plate_1
pick_up_the_black_bowl_on_the_wooden_cabinet_and_place_it_on_the_plate,demo_22,120,agentview,akita_black_bowl_1,is_on_top_of,wooden_cabinet_1
pick_up_the_black_bowl_on_the_wooden_cabinet_and_place_it_on_the_plate,demo_22,120,agentview,wooden_cabinet_1,is_below_of,akita_black_bowl_1
pick_up_the_black_bowl_on_the_wooden_cabinet_and_place_it_on_the_plate,demo_22,120,agentview,akita_black_bowl_1,is_behind,akita_black_bowl_2
pick_up_the_black_bowl_on_the_wooden_cabinet_and_place_it_on_the_plate,demo_22,120,agentview,akita_black_bowl_2,is_in_front_of,akita_black_bowl_1
pick_up_the_black_bowl_on_the_wooden_cabinet_and_place_it_on_the_plate,demo_22,120,agentview,akita_black_bowl_1,is_behind,cookies_1
pick_up_the_black_bowl_on_the_wooden_cabinet_and_place_it_on_the_plate,demo_22,120,agentview,cookies_1,is_in_front_of,akita_black_bowl_1
pick_up_the_black_bowl_on_the_wooden_cabinet_and_place_it_on_the_plate,demo_22,120,agentview,akita_black_bowl_1,is_behind,glazed_rim_porcelain_ramekin_1
pick_up_the_black_bowl_on_the_wooden_cabinet_and_place_it_on_the_plate,demo_22,120,agentview,glazed_rim_porcelain_ramekin_1,is_in_front_of,akita_black_bowl_1
pick_up_the_black_bowl_on_the_wooden_cabinet_and_place_it_on_the_plate,demo_22,120,agentview,akita_black_bowl_1,is_behind,plate_1
pick_up_the_black_bowl_on_the_wooden_cabinet_and_place_it_on_the_plate,demo_22,120,agentview,plate_1,is_in_front_of,akita_black_bowl_1
pick_up_the_black_bowl_on_the_wooden_cabinet_and_place_it_on_the_plate,demo_22,120,agentview,akita_black_bowl_1,is_behind,flat_stove_1
pick_up_the_black_bowl_on_the_wooden_cabinet_and_place_it_on_the_plate,demo_22,120,agentview,flat_stove_1,is_in_front_of,akita_black_bowl_1
pick_up_the_black_bowl_on_the_wooden_cabinet_and_place_it_on_the_plate,demo_22,120,agentview,akita_black_bowl_2,is_on_top_of,plate_1
pick_up_the_black_bowl_on_the_wooden_cabinet_and_place_it_on_the_plate,demo_22,120,agentview,plate_1,is_below_of,akita_black_bowl_2
pick_up_the_black_bowl_on_the_wooden_cabinet_and_place_it_on_the_plate,demo_22,120,agentview,akita_black_bowl_2,is_right_of,cookies_1
pick_up_the_black_bowl_on_the_wooden_cabinet_and_place_it_on_the_plate,demo_22,120,agentview,cookies_1,is_left_of,akita_black_bowl_2
pick_up_the_black_bowl_on_the_wooden_cabinet_and_place_it_on_the_plate,demo_22,120,agentview,akita_black_bowl_2,is_right_of,glazed_rim_porcelain_ramekin_1
pick_up_the_black_bowl_on_the_wooden_cabinet_and_place_it_on_the_plate,demo_22,120,agentview,glazed_rim_porcelain_ramekin_1,is_left_of,akita_black_bowl_2
pick_up_the_black_bowl_on_the_wooden_cabinet_and_place_it_on_the_plate,demo_22,120,agentview,akita_black_bowl_2,is_behind,flat_stove_1
pick_up_the_black_bowl_on_the_wooden_cabinet_and_place_it_on_the_plate,demo_22,120,agentview,flat_stove_1,is_in_front_of,akita_black_bowl_2
pick_up_the_black_bowl_on_the_wooden_cabinet_and_place_it_on_the_plate,demo_22,120,agentview,cookies_1,is_on_top_of,plate_1
pick_up_the_black_bowl_on_the_wooden_cabinet_and_place_it_on_the_plate,demo_22,120,agentview,plate_1,is_below_of,cookies_1
pick_up_the_black_bowl_on_the_wooden_cabinet_and_place_it_on_the_plate,demo_22,120,agentview,cookies_1,is_left_of,glazed_rim_porcelain_ramekin_1
pick_up_the_black_bowl_on_the_wooden_cabinet_and_place_it_on_the_plate,demo_22,120,agentview,glazed_rim_porcelain_ramekin_1,is_right_of,cookies_1
pick_up_the_black_bowl_on_the_wooden_cabinet_and_place_it_on_the_plate,demo_22,120,agentview,cookies_1,is_behind,flat_stove_1
pick_up_the_black_bowl_on_the_wooden_cabinet_and_place_it_on_the_plate,demo_22,120,agentview,flat_stove_1,is_in_front_of,cookies_1
pick_up_the_black_bowl_on_the_wooden_cabinet_and_place_it_on_the_plate,demo_22,120,agentview,glazed_rim_porcelain_ramekin_1,is_on_top_of,plate_1
pick_up_the_black_bowl_on_the_wooden_cabinet_and_place_it_on_the_plate,demo_22,120,agentview,plate_1,is_below_of,glazed_rim_porcelain_ramekin_1
pick_up_the_black_bowl_on_the_wooden_cabinet_and_place_it_on_the_plate,demo_22,120,agentview,glazed_rim_porcelain_ramekin_1,is_behind,flat_stove_1
pick_up_the_black_bowl_on_the_wooden_cabinet_and_place_it_on_the_plate,demo_22,120,agentview,flat_stove_1,is_in_front_of,glazed_rim_porcelain_ramekin_1
pick_up_the_black_bowl_on_the_wooden_cabinet_and_place_it_on_the_plate,demo_22,120,agentview,plate_1,is_on_top_of,flat_stove_1
pick_up_the_black_bowl_on_the_wooden_cabinet_and_place_it_on_the_plate,demo_22,120,agentview,flat_stove_1,is_below_of,plate_1
pick_up_the_black_bowl_on_the_wooden_cabinet_and_place_it_on_the_plate,demo_22,125,agentview,akita_black_bowl_1,is_on_top_of,wooden_cabinet_1
pick_up_the_black_bowl_on_the_wooden_cabinet_and_place_it_on_the_plate,demo_22,125,agentview,wooden_cabinet_1,is_below_of,akita_black_bowl_1
pick_up_the_black_bowl_on_the_wooden_cabinet_and_place_it_on_the_plate,demo_22,125,agentview,akita_black_bowl_2,is_on_top_of,plate_1
pick_up_the_black_bowl_on_the_wooden_cabinet_and_place_it_on_the_plate,demo_22,125,agentview,plate_1,is_below_of,akita_black_bowl_2
pick_up_the_black_bowl_on_the_wooden_cabinet_and_place_it_on_the_plate,demo_22,125,agentview,cookies_1,is_on_top_of,flat_stove_1
pick_up_the_black_bowl_on_the_wooden_cabinet_and_place_it_on_the_plate,demo_22,125,agentview,flat_stove_1,is_below_of,cookies_1
pick_up_the_black_bowl_on_the_wooden_cabinet_and_place_it_on_the_plate,demo_22,125,agentview,glazed_rim_porcelain_ramekin_1,is_on_top_of,flat_stove_1
pick_up_the_black_bowl_on_the_wooden_cabinet_and_place_it_on_the_plate,demo_22,125,agentview,flat_stove_1,is_below_of,glazed_rim_porcelain_ramekin_1
pick_up_the_black_bowl_on_the_wooden_cabinet_and_place_it_on_the_plate,demo_22,125,agentview,plate_1,is_on_top_of,flat_stove_1
pick_up_the_black_bowl_on_the_wooden_cabinet_and_place_it_on_the_plate,demo_22,125,agentview,flat_stove_1,is_below_of,plate_1
pick_up_the_black_bowl_on_the_wooden_cabinet_and_place_it_on_the_plate,demo_22,125,agentview,akita_black_bowl_1,is_behind,akita_black_bowl_2
pick_up_the_black_bowl_on_the_wooden_cabinet_and_place_it_on_the_plate,demo_22,125,agentview,akita_black_bowl_2,is_in_front_of,akita_black_bowl_1
pick_up_the_black_bowl_on_the_wooden_cabinet_and_place_it_on_the_plate,demo_22,125,agentview,akita_black_bowl_1,is_behind,cookies_1
pick_up_the_black_bowl_on_the_wooden_cabinet_and_place_it_on_the_plate,demo_22,125,agentview,cookies_1,is_in_front_of,akita_black_bowl_1
pick_up_the_black_bowl_on_the_wooden_cabinet_and_place_it_on_the_plate,demo_22,125,agentview,akita_black_bowl_1,is_behind,glazed_rim_porcelain_ramekin_1
pick_up_the_black_bowl_on_the_wooden_cabinet_and_place_it_on_the_plate,demo_22,125,agentview,glazed_rim_porcelain_ramekin_1,is_in_front_of,akita_black_bowl_1
pick_up_the_black_bowl_on_the_wooden_cabinet_and_place_it_on_the_plate,demo_22,125,agentview,akita_black_bowl_1,is_behind,plate_1
pick_up_the_black_bowl_on_the_wooden_cabinet_and_place_it_on_the_plate,demo_22,125,agentview,plate_1,is_in_front_of,akita_black_bowl_1
pick_up_the_black_bowl_on_the_wooden_cabinet_and_place_it_on_the_plate,demo_22,125,agentview,akita_black_bowl_2,is_left_of,cookies_1
pick_up_the_black_bowl_on_the_wooden_cabinet_and_place_it_on_the_plate,demo_22,125,agentview,cookies_1,is_right_of,akita_black_bowl_2
pick_up_the_black_bowl_on_the_wooden_cabinet_and_place_it_on_the_plate,demo_22,125,agentview,akita_black_bowl_2,is_left_of,glazed_rim_porcelain_ramekin_1
pick_up_the_black_bowl_on_the_wooden_cabinet_and_place_it_on_the_plate,demo_22,125,agentview,glazed_rim_porcelain_ramekin_1,is_right_of,akita_black_bowl_2
pick_up_the_black_bowl_on_the_wooden_cabinet_and_place_it_on_the_plate,demo_22,125,agentview,cookies_1,is_left_of,glazed_rim_porcelain_ramekin_1
pick_up_the_black_bowl_on_the_wooden_cabinet_and_place_it_on_the_plate,demo_22,125,agentview,glazed_rim_porcelain_ramekin_1,is_right_of,cookies_1
pick_up_the_black_bowl_on_the_wooden_cabinet_and_place_it_on_the_plate,demo_22,125,agentview,akita_black_bowl_2,is_in_front_of,wooden_cabinet_1
pick_up_the_black_bowl_on_the_wooden_cabinet_and_place_it_on_the_plate,demo_22,125,agentview,wooden_cabinet_1,is_behind,akita_black_bowl_2
pick_up_the_black_bowl_on_the_wooden_cabinet_and_place_it_on_the_plate,demo_22,125,agentview,cookies_1,is_in_front_of,wooden_cabinet_1
pick_up_the_black_bowl_on_the_wooden_cabinet_and_place_it_on_the_plate,demo_22,125,agentview,wooden_cabinet_1,is_behind,cookies_1
pick_up_the_black_bowl_on_the_wooden_cabinet_and_place_it_on_the_plate,demo_22,125,agentview,glazed_rim_porcelain_ramekin_1,is_in_front_of,wooden_cabinet_1
pick_up_the_black_bowl_on_the_wooden_cabinet_and_place_it_on_the_plate,demo_22,125,agentview,wooden_cabinet_1,is_behind,glazed_rim_porcelain_ramekin_1
pick_up_the_black_bowl_on_the_wooden_cabinet_and_place_it_on_the_plate,demo_22,125,agentview,plate_1,is_in_front_of,wooden_cabinet_1
pick_up_the_black_bowl_on_the_wooden_cabinet_and_place_it_on_the_plate,demo_22,125,agentview,wooden_cabinet_1,is_behind,plate_1
pick_up_the_black_bowl_on_the_wooden_cabinet_and_place_it_on_the_plate,demo_22,125,agentview,cookies_1,is_behind,akita_black_bowl_2
pick_up_the_black_bowl_on_the_wooden_cabinet_and_place_it_on_the_plate,demo_22,125,agentview,akita_black_bowl_2,is_in_front_of,cookies_1
pick_up_the_black_bowl_on_the_wooden_cabinet_and_place_it_on_the_plate,demo_22,125,agentview,cookies_1,is_behind,plate_1
pick_up_the_black_bowl_on_the_wooden_cabinet_and_place_it_on_the_plate,demo_22,125,agentview,plate_1,is_in_front_of,cookies_1
pick_up_the_black_bowl_on_the_wooden_cabinet_and_place_it_on_the_plate,demo_22,125,agentview,glazed_rim_porcelain_ramekin_1,is_behind,plate_1
pick_up_the_black_bowl_on_the_wooden_cabinet_and_place_it_on_the_plate,demo_22,125,agentview,plate_1,is_in_front_of,glazed_rim_porcelain_ramekin_1
pick_up_the_black_bowl_on_the_wooden_cabinet_and_place_it_on_the_plate,demo_22,130,agentview,akita_black_bowl_1,is_on_top_of,wooden_cabinet_1
pick_up_the_black_bowl_on_the_wooden_cabinet_and_place_it_on_the_plate,demo_22,130,agentview,wooden_cabinet_1,is_below_of,akita_black_bowl_1
pick_up_the_black_bowl_on_the_wooden_cabinet_and_place_it_on_the_plate,demo_22,130,agentview,akita_black_bowl_2,is_on_top_of,plate_1
pick_up_the_black_bowl_on_the_wooden_cabinet_and_place_it_on_the_plate,demo_22,130,agentview,plate_1,is_below_of,akita_black_bowl_2
pick_up_the_black_bowl_on_the_wooden_cabinet_and_place_it_on_the_plate,demo_22,130,agentview,cookies_1,is_on_top_of,flat_stove_1
pick_up_the_black_bowl_on_the_wooden_cabinet_and_place_it_on_the_plate,demo_22,130,agentview,flat_stove_1,is_below_of,cookies_1
pick_up_the_black_bowl_on_the_wooden_cabinet_and_place_it_on_the_plate,demo_22,130,agentview,glazed_rim_porcelain_ramekin_1,is_on_top_of,flat_stove_1
pick_up_the_black_bowl_on_the_wooden_cabinet_and_place_it_on_the_plate,demo_22,130,agentview,flat_stove_1,is_below_of,glazed_rim_porcelain_ramekin_1
pick_up_the_black_bowl_on_the_wooden_cabinet_and_place_it_on_the_plate,demo_22,130,agentview,plate_1,is_on_top_of,flat_stove_1
pick_up_the_black_bowl_on_the_wooden_cabinet_and_place_it_on_the_plate,demo_22,130,agentview,flat_stove_1,is_below_of,plate_1
pick_up_the_black_bowl_on_the_wooden_cabinet_and_place_it_on_the_plate,demo_22,130,agentview,akita_black_bowl_1,is_behind,akita_black_bowl_2
pick_up_the_black_bowl_on_the_wooden_cabinet_and_place_it_on_the_plate,demo_22,130,agentview,akita_black_bowl_2,is_in_front_of,akita_black_bowl_1
pick_up_the_black_bowl_on_the_wooden_cabinet_and_place_it_on_the_plate,demo_22,130,agentview,akita_black_bowl_1,is_behind,cookies_1
pick_up_the_black_bowl_on_the_wooden_cabinet_and_place_it_on_the_plate,demo_22,130,agentview,cookies_1,is_in_front_of,akita_black_bowl_1
pick_up_the_black_bowl_on_the_wooden_cabinet_and_place_it_on_the_plate,demo_22,130,agentview,akita_black_bowl_1,is_behind,glazed_rim_porcelain_ramekin_1
pick_up_the_black_bowl_on_the_wooden_cabinet_and_place_it_on_the_plate,demo_22,130,agentview,glazed_rim_porcelain_ramekin_1,is_in_front_of,akita_black_bowl_1
pick_up_the_black_bowl_on_the_wooden_cabinet_and_place_it_on_the_plate,demo_22,130,agentview,akita_black_bowl_1,is_behind,plate_1
pick_up_the_black_bowl_on_the_wooden_cabinet_and_place_it_on_the_plate,demo_22,130,agentview,plate_1,is_in_front_of,akita_black_bowl_1
pick_up_the_black_bowl_on_the_wooden_cabinet_and_place_it_on_the_plate,demo_22,130,agentview,akita_black_bowl_1,is_right_of,wooden_cabinet_1
pick_up_the_black_bowl_on_the_wooden_cabinet_and_place_it_on_the_plate,demo_22,130,agentview,wooden_cabinet_1,is_left_of,akita_black_bowl_1
pick_up_the_black_bowl_on_the_wooden_cabinet_and_place_it_on_the_plate,demo_22,130,agentview,akita_black_bowl_2,is_left_of,cookies_1
pick_up_the_black_bowl_on_the_wooden_cabinet_and_place_it_on_the_plate,demo_22,130,agentview,cookies_1,is_right_of,akita_black_bowl_2
pick_up_the_black_bowl_on_the_wooden_cabinet_and_place_it_on_the_plate,demo_22,130,agentview,akita_black_bowl_2,is_left_of,glazed_rim_porcelain_ramekin_1
pick_up_the_black_bowl_on_the_wooden_cabinet_and_place_it_on_the_plate,demo_22,130,agentview,glazed_rim_porcelain_ramekin_1,is_right_of,akita_black_bowl_2
pick_up_the_black_bowl_on_the_wooden_cabinet_and_place_it_on_the_plate,demo_22,130,agentview,akita_black_bowl_2,is_in_front_of,wooden_cabinet_1
pick_up_the_black_bowl_on_the_wooden_cabinet_and_place_it_on_the_plate,demo_22,130,agentview,wooden_cabinet_1,is_behind,akita_black_bowl_2
pick_up_the_black_bowl_on_the_wooden_cabinet_and_place_it_on_the_plate,demo_22,130,agentview,cookies_1,is_right_of,glazed_rim_porcelain_ramekin_1
pick_up_the_black_bowl_on_the_wooden_cabinet_and_place_it_on_the_plate,demo_22,130,agentview,glazed_rim_porcelain_ramekin_1,is_left_of,cookies_1
pick_up_the_black_bowl_on_the_wooden_cabinet_and_place_it_on_the_plate,demo_22,130,agentview,cookies_1,is_in_front_of,wooden_cabinet_1
pick_up_the_black_bowl_on_the_wooden_cabinet_and_place_it_on_the_plate,demo_22,130,agentview,wooden_cabinet_1,is_behind,cookies_1
pick_up_the_black_bowl_on_the_wooden_cabinet_and_place_it_on_the_plate,demo_22,130,agentview,glazed_rim_porcelain_ramekin_1,is_in_front_of,wooden_cabinet_1
pick_up_the_black_bowl_on_the_wooden_cabinet_and_place_it_on_the_plate,demo_22,130,agentview,wooden_cabinet_1,is_behind,glazed_rim_porcelain_ramekin_1
pick_up_the_black_bowl_on_the_wooden_cabinet_and_place_it_on_the_plate,demo_22,130,agentview,plate_1,is_right_of,glazed_rim_porcelain_ramekin_1
pick_up_the_black_bowl_on_the_wooden_cabinet_and_place_it_on_the_plate,demo_22,130,agentview,glazed_rim_porcelain_ramekin_1,is_left_of,plate_1
pick_up_the_black_bowl_on_the_wooden_cabinet_and_place_it_on_the_plate,demo_22,130,agentview,plate_1,is_in_front_of,wooden_cabinet_1
pick_up_the_black_bowl_on_the_wooden_cabinet_and_place_it_on_the_plate,demo_22,130,agentview,wooden_cabinet_1,is_behind,plate_1
pick_up_the_black_bowl_on_the_wooden_cabinet_and_place_it_on_the_plate,demo_22,135,agentview,akita_black_bowl_1,is_on_top_of,wooden_cabinet_1
pick_up_the_black_bowl_on_the_wooden_cabinet_and_place_it_on_the_plate,demo_22,135,agentview,wooden_cabinet_1,is_below_of,akita_black_bowl_1
pick_up_the_black_bowl_on_the_wooden_cabinet_and_place_it_on_the_plate,demo_22,135,agentview,akita_black_bowl_1,is_behind,akita_black_bowl_2
pick_up_the_black_bowl_on_the_wooden_cabinet_and_place_it_on_the_plate,demo_22,135,agentview,akita_black_bowl_2,is_in_front_of,akita_black_bowl_1
pick_up_the_black_bowl_on_the_wooden_cabinet_and_place_it_on_the_plate,demo_22,135,agentview,akita_black_bowl_1,is_behind,cookies_1
pick_up_the_black_bowl_on_the_wooden_cabinet_and_place_it_on_the_plate,demo_22,135,agentview,cookies_1,is_in_front_of,akita_black_bowl_1
pick_up_the_black_bowl_on_the_wooden_cabinet_and_place_it_on_the_plate,demo_22,135,agentview,akita_black_bowl_1,is_behind,glazed_rim_porcelain_ramekin_1
pick_up_the_black_bowl_on_the_wooden_cabinet_and_place_it_on_the_plate,demo_22,135,agentview,glazed_rim_porcelain_ramekin_1,is_in_front_of,akita_black_bowl_1
pick_up_the_black_bowl_on_the_wooden_cabinet_and_place_it_on_the_plate,demo_22,135,agentview,akita_black_bowl_1,is_behind,plate_1
pick_up_the_black_bowl_on_the_wooden_cabinet_and_place_it_on_the_plate,demo_22,135,agentview,plate_1,is_in_front_of,akita_black_bowl_1
pick_up_the_black_bowl_on_the_wooden_cabinet_and_place_it_on_the_plate,demo_22,135,agentview,akita_black_bowl_1,is_behind,flat_stove_1
pick_up_the_black_bowl_on_the_wooden_cabinet_and_place_it_on_the_plate,demo_22,135,agentview,flat_stove_1,is_in_front_of,akita_black_bowl_1
pick_up_the_black_bowl_on_the_wooden_cabinet_and_place_it_on_the_plate,demo_22,135,agentview,akita_black_bowl_2,is_on_top_of,wooden_cabinet_1
pick_up_the_black_bowl_on_the_wooden_cabinet_and_place_it_on_the_plate,demo_22,135,agentview,wooden_cabinet_1,is_below_of,akita_black_bowl_2
pick_up_the_black_bowl_on_the_wooden_cabinet_and_place_it_on_the_plate,demo_22,135,agentview,akita_black_bowl_2,is_right_of,cookies_1
pick_up_the_black_bowl_on_the_wooden_cabinet_and_place_it_on_the_plate,demo_22,135,agentview,cookies_1,is_left_of,akita_black_bowl_2
pick_up_the_black_bowl_on_the_wooden_cabinet_and_place_it_on_the_plate,demo_22,135,agentview,akita_black_bowl_2,is_behind,glazed_rim_porcelain_ramekin_1
pick_up_the_black_bowl_on_the_wooden_cabinet_and_place_it_on_the_plate,demo_22,135,agentview,glazed_rim_porcelain_ramekin_1,is_in_front_of,akita_black_bowl_2
pick_up_the_black_bowl_on_the_wooden_cabinet_and_place_it_on_the_plate,demo_22,135,agentview,akita_black_bowl_2,is_behind,plate_1
pick_up_the_black_bowl_on_the_wooden_cabinet_and_place_it_on_the_plate,demo_22,135,agentview,plate_1,is_in_front_of,akita_black_bowl_2
pick_up_the_black_bowl_on_the_wooden_cabinet_and_place_it_on_the_plate,demo_22,135,agentview,akita_black_bowl_2,is_behind,flat_stove_1
pick_up_the_black_bowl_on_the_wooden_cabinet_and_place_it_on_the_plate,demo_22,135,agentview,flat_stove_1,is_in_front_of,akita_black_bowl_2
pick_up_the_black_bowl_on_the_wooden_cabinet_and_place_it_on_the_plate,demo_22,135,agentview,cookies_1,is_on_top_of,wooden_cabinet_1
pick_up_the_black_bowl_on_the_wooden_cabinet_and_place_it_on_the_plate,demo_22,135,agentview,wooden_cabinet_1,is_below_of,cookies_1
pick_up_the_black_bowl_on_the_wooden_cabinet_and_place_it_on_the_plate,demo_22,135,agentview,cookies_1,is_behind,glazed_rim_porcelain_ramekin_1
pick_up_the_black_bowl_on_the_wooden_cabinet_and_place_it_on_the_plate,demo_22,135,agentview,glazed_rim_porcelain_ramekin_1,is_in_front_of,cookies_1
pick_up_the_black_bowl_on_the_wooden_cabinet_and_place_it_on_the_plate,demo_22,135,agentview,cookies_1,is_behind,plate_1
pick_up_the_black_bowl_on_the_wooden_cabinet_and_place_it_on_the_plate,demo_22,135,agentview,plate_1,is_in_front_of,cookies_1
pick_up_the_black_bowl_on_the_wooden_cabinet_and_place_it_on_the_plate,demo_22,135,agentview,cookies_1,is_behind,flat_stove_1
pick_up_the_black_bowl_on_the_wooden_cabinet_and_place_it_on_the_plate,demo_22,135,agentview,flat_stove_1,is_in_front_of,cookies_1
pick_up_the_black_bowl_on_the_wooden_cabinet_and_place_it_on_the_plate,demo_22,135,agentview,glazed_rim_porcelain_ramekin_1,is_on_top_of,wooden_cabinet_1
pick_up_the_black_bowl_on_the_wooden_cabinet_and_place_it_on_the_plate,demo_22,135,agentview,wooden_cabinet_1,is_below_of,glazed_rim_porcelain_ramekin_1
pick_up_the_black_bowl_on_the_wooden_cabinet_and_place_it_on_the_plate,demo_22,135,agentview,glazed_rim_porcelain_ramekin_1,is_right_of,plate_1
pick_up_the_black_bowl_on_the_wooden_cabinet_and_place_it_on_the_plate,demo_22,135,agentview,plate_1,is_left_of,glazed_rim_porcelain_ramekin_1
pick_up_the_black_bowl_on_the_wooden_cabinet_and_place_it_on_the_plate,demo_22,135,agentview,glazed_rim_porcelain_ramekin_1,is_behind,flat_stove_1
pick_up_the_black_bowl_on_the_wooden_cabinet_and_place_it_on_the_plate,demo_22,135,agentview,flat_stove_1,is_in_front_of,glazed_rim_porcelain_ramekin_1
pick_up_the_black_bowl_on_the_wooden_cabinet_and_place_it_on_the_plate,demo_22,135,agentview,plate_1,is_on_top_of,flat_stove_1
pick_up_the_black_bowl_on_the_wooden_cabinet_and_place_it_on_the_plate,demo_22,135,agentview,flat_stove_1,is_below_of,plate_1
pick_up_the_black_bowl_on_the_wooden_cabinet_and_place_it_on_the_plate,demo_22,140,agentview,akita_black_bowl_1,is_on_top_of,wooden_cabinet_1
pick_up_the_black_bowl_on_the_wooden_cabinet_and_place_it_on_the_plate,demo_22,140,agentview,wooden_cabinet_1,is_below_of,akita_black_bowl_1
pick_up_the_black_bowl_on_the_wooden_cabinet_and_place_it_on_the_plate,demo_22,140,agentview,akita_black_bowl_1,is_behind,akita_black_bowl_2
pick_up_the_black_bowl_on_the_wooden_cabinet_and_place_it_on_the_plate,demo_22,140,agentview,akita_black_bowl_2,is_in_front_of,akita_black_bowl_1
pick_up_the_black_bowl_on_the_wooden_cabinet_and_place_it_on_the_plate,demo_22,140,agentview,akita_black_bowl_1,is_behind,cookies_1
pick_up_the_black_bowl_on_the_wooden_cabinet_and_place_it_on_the_plate,demo_22,140,agentview,cookies_1,is_in_front_of,akita_black_bowl_1
pick_up_the_black_bowl_on_the_wooden_cabinet_and_place_it_on_the_plate,demo_22,140,agentview,akita_black_bowl_1,is_behind,glazed_rim_porcelain_ramekin_1
pick_up_the_black_bowl_on_the_wooden_cabinet_and_place_it_on_the_plate,demo_22,140,agentview,glazed_rim_porcelain_ramekin_1,is_in_front_of,akita_black_bowl_1
pick_up_the_black_bowl_on_the_wooden_cabinet_and_place_it_on_the_plate,demo_22,140,agentview,akita_black_bowl_1,is_behind,plate_1
pick_up_the_black_bowl_on_the_wooden_cabinet_and_place_it_on_the_plate,demo_22,140,agentview,plate_1,is_in_front_of,akita_black_bowl_1
pick_up_the_black_bowl_on_the_wooden_cabinet_and_place_it_on_the_plate,demo_22,140,agentview,akita_black_bowl_1,is_behind,flat_stove_1
pick_up_the_black_bowl_on_the_wooden_cabinet_and_place_it_on_the_plate,demo_22,140,agentview,flat_stove_1,is_in_front_of,akita_black_bowl_1
pick_up_the_black_bowl_on_the_wooden_cabinet_and_place_it_on_the_plate,demo_22,140,agentview,akita_black_bowl_2,is_on_top_of,flat_stove_1
pick_up_the_black_bowl_on_the_wooden_cabinet_and_place_it_on_the_plate,demo_22,140,agentview,flat_stove_1,is_below_of,akita_black_bowl_2
pick_up_the_black_bowl_on_the_wooden_cabinet_and_place_it_on_the_plate,demo_22,140,agentview,akita_black_bowl_2,is_right_of,cookies_1
pick_up_the_black_bowl_on_the_wooden_cabinet_and_place_it_on_the_plate,demo_22,140,agentview,cookies_1,is_left_of,akita_black_bowl_2
pick_up_the_black_bowl_on_the_wooden_cabinet_and_place_it_on_the_plate,demo_22,140,agentview,akita_black_bowl_2,is_right_of,glazed_rim_porcelain_ramekin_1
pick_up_the_black_bowl_on_the_wooden_cabinet_and_place_it_on_the_plate,demo_22,140,agentview,glazed_rim_porcelain_ramekin_1,is_left_of,akita_black_bowl_2
pick_up_the_black_bowl_on_the_wooden_cabinet_and_place_it_on_the_plate,demo_22,140,agentview,akita_black_bowl_2,is_behind,plate_1
pick_up_the_black_bowl_on_the_wooden_cabinet_and_place_it_on_the_plate,demo_22,140,agentview,plate_1,is_in_front_of,akita_black_bowl_2
pick_up_the_black_bowl_on_the_wooden_cabinet_and_place_it_on_the_plate,demo_22,140,agentview,cookies_1,is_left_of,glazed_rim_porcelain_ramekin_1
pick_up_the_black_bowl_on_the_wooden_cabinet_and_place_it_on_the_plate,demo_22,140,agentview,glazed_rim_porcelain_ramekin_1,is_right_of,cookies_1
pick_up_the_black_bowl_on_the_wooden_cabinet_and_place_it_on_the_plate,demo_22,140,agentview,cookies_1,is_behind,plate_1
pick_up_the_black_bowl_on_the_wooden_cabinet_and_place_it_on_the_plate,demo_22,140,agentview,plate_1,is_in_front_of,cookies_1
pick_up_the_black_bowl_on_the_wooden_cabinet_and_place_it_on_the_plate,demo_22,140,agentview,glazed_rim_porcelain_ramekin_1,is_behind,plate_1
pick_up_the_black_bowl_on_the_wooden_cabinet_and_place_it_on_the_plate,demo_22,140,agentview,plate_1,is_in_front_of,glazed_rim_porcelain_ramekin_1
pick_up_the_black_bowl_on_the_wooden_cabinet_and_place_it_on_the_plate,demo_22,140,agentview,plate_1,is_on_top_of,flat_stove_1
pick_up_the_black_bowl_on_the_wooden_cabinet_and_place_it_on_the_plate,demo_22,140,agentview,flat_stove_1,is_below_of,plate_1
pick_up_the_black_bowl_on_the_wooden_cabinet_and_place_it_on_the_plate,demo_23,0,agentview,akita_black_bowl_1,is_on_top_of,wooden_cabinet_1
pick_up_the_black_bowl_on_the_wooden_cabinet_and_place_it_on_the_plate,demo_23,0,agentview,wooden_cabinet_1,is_below_of,akita_black_bowl_1
pick_up_the_black_bowl_on_the_wooden_cabinet_and_place_it_on_the_plate,demo_23,0,agentview,akita_black_bowl_2,is_on_top_of,flat_stove_1
pick_up_the_black_bowl_on_the_wooden_cabinet_and_place_it_on_the_plate,demo_23,0,agentview,flat_stove_1,is_below_of,akita_black_bowl_2
pick_up_the_black_bowl_on_the_wooden_cabinet_and_place_it_on_the_plate,demo_23,0,agentview,cookies_1,is_on_top_of,flat_stove_1
pick_up_the_black_bowl_on_the_wooden_cabinet_and_place_it_on_the_plate,demo_23,0,agentview,flat_stove_1,is_below_of,cookies_1
pick_up_the_black_bowl_on_the_wooden_cabinet_and_place_it_on_the_plate,demo_23,0,agentview,glazed_rim_porcelain_ramekin_1,is_on_top_of,flat_stove_1
pick_up_the_black_bowl_on_the_wooden_cabinet_and_place_it_on_the_plate,demo_23,0,agentview,flat_stove_1,is_below_of,glazed_rim_porcelain_ramekin_1
pick_up_the_black_bowl_on_the_wooden_cabinet_and_place_it_on_the_plate,demo_23,0,agentview,plate_1,is_on_top_of,flat_stove_1
pick_up_the_black_bowl_on_the_wooden_cabinet_and_place_it_on_the_plate,demo_23,0,agentview,flat_stove_1,is_below_of,plate_1
pick_up_the_black_bowl_on_the_wooden_cabinet_and_place_it_on_the_plate,demo_23,0,agentview,akita_black_bowl_1,is_behind,akita_black_bowl_2
pick_up_the_black_bowl_on_the_wooden_cabinet_and_place_it_on_the_plate,demo_23,0,agentview,akita_black_bowl_2,is_in_front_of,akita_black_bowl_1
pick_up_the_black_bowl_on_the_wooden_cabinet_and_place_it_on_the_plate,demo_23,0,agentview,akita_black_bowl_1,is_behind,cookies_1
pick_up_the_black_bowl_on_the_wooden_cabinet_and_place_it_on_the_plate,demo_23,0,agentview,cookies_1,is_in_front_of,akita_black_bowl_1
pick_up_the_black_bowl_on_the_wooden_cabinet_and_place_it_on_the_plate,demo_23,0,agentview,akita_black_bowl_1,is_behind,glazed_rim_porcelain_ramekin_1
pick_up_the_black_bowl_on_the_wooden_cabinet_and_place_it_on_the_plate,demo_23,0,agentview,glazed_rim_porcelain_ramekin_1,is_in_front_of,akita_black_bowl_1
pick_up_the_black_bowl_on_the_wooden_cabinet_and_place_it_on_the_plate,demo_23,0,agentview,akita_black_bowl_1,is_behind,plate_1
pick_up_the_black_bowl_on_the_wooden_cabinet_and_place_it_on_the_plate,demo_23,0,agentview,plate_1,is_in_front_of,akita_black_bowl_1
pick_up_the_black_bowl_on_the_wooden_cabinet_and_place_it_on_the_plate,demo_23,0,agentview,akita_black_bowl_2,is_right_of,cookies_1
pick_up_the_black_bowl_on_the_wooden_cabinet_and_place_it_on_the_plate,demo_23,0,agentview,cookies_1,is_left_of,akita_black_bowl_2
pick_up_the_black_bowl_on_the_wooden_cabinet_and_place_it_on_the_plate,demo_23,0,agentview,akita_black_bowl_2,is_right_of,glazed_rim_porcelain_ramekin_1
pick_up_the_black_bowl_on_the_wooden_cabinet_and_place_it_on_the_plate,demo_23,0,agentview,glazed_rim_porcelain_ramekin_1,is_left_of,akita_black_bowl_2
pick_up_the_black_bowl_on_the_wooden_cabinet_and_place_it_on_the_plate,demo_23,0,agentview,akita_black_bowl_2,is_behind,plate_1
pick_up_the_black_bowl_on_the_wooden_cabinet_and_place_it_on_the_plate,demo_23,0,agentview,plate_1,is_in_front_of,akita_black_bowl_2
pick_up_the_black_bowl_on_the_wooden_cabinet_and_place_it_on_the_plate,demo_23,0,agentview,cookies_1,is_left_of,glazed_rim_porcelain_ramekin_1
pick_up_the_black_bowl_on_the_wooden_cabinet_and_place_it_on_the_plate,demo_23,0,agentview,glazed_rim_porcelain_ramekin_1,is_right_of,cookies_1
pick_up_the_black_bowl_on_the_wooden_cabinet_and_place_it_on_the_plate,demo_23,0,agentview,cookies_1,is_behind,plate_1
pick_up_the_black_bowl_on_the_wooden_cabinet_and_place_it_on_the_plate,demo_23,0,agentview,plate_1,is_in_front_of,cookies_1
pick_up_the_black_bowl_on_the_wooden_cabinet_and_place_it_on_the_plate,demo_23,0,agentview,glazed_rim_porcelain_ramekin_1,is_behind,plate_1
pick_up_the_black_bowl_on_the_wooden_cabinet_and_place_it_on_the_plate,demo_23,0,agentview,plate_1,is_in_front_of,glazed_rim_porcelain_ramekin_1
pick_up_the_black_bowl_on_the_wooden_cabinet_and_place_it_on_the_plate,demo_23,5,agentview,akita_black_bowl_1,is_on_top_of,wooden_cabinet_1
pick_up_the_black_bowl_on_the_wooden_cabinet_and_place_it_on_the_plate,demo_23,5,agentview,wooden_cabinet_1,is_below_of,akita_black_bowl_1
pick_up_the_black_bowl_on_the_wooden_cabinet_and_place_it_on_the_plate,demo_23,5,agentview,akita_black_bowl_1,is_behind,akita_black_bowl_2
pick_up_the_black_bowl_on_the_wooden_cabinet_and_place_it_on_the_plate,demo_23,5,agentview,akita_black_bowl_2,is_in_front_of,akita_black_bowl_1
pick_up_the_black_bowl_on_the_wooden_cabinet_and_place_it_on_the_plate,demo_23,5,agentview,akita_black_bowl_1,is_behind,cookies_1
pick_up_the_black_bowl_on_the_wooden_cabinet_and_place_it_on_the_plate,demo_23,5,agentview,cookies_1,is_in_front_of,akita_black_bowl_1
pick_up_the_black_bowl_on_the_wooden_cabinet_and_place_it_on_the_plate,demo_23,5,agentview,akita_black_bowl_1,is_behind,glazed_rim_porcelain_ramekin_1
pick_up_the_black_bowl_on_the_wooden_cabinet_and_place_it_on_the_plate,demo_23,5,agentview,glazed_rim_porcelain_ramekin_1,is_in_front_of,akita_black_bowl_1
pick_up_the_black_bowl_on_the_wooden_cabinet_and_place_it_on_the_plate,demo_23,5,agentview,akita_black_bowl_1,is_behind,plate_1
pick_up_the_black_bowl_on_the_wooden_cabinet_and_place_it_on_the_plate,demo_23,5,agentview,plate_1,is_in_front_of,akita_black_bowl_1
pick_up_the_black_bowl_on_the_wooden_cabinet_and_place_it_on_the_plate,demo_23,5,agentview,akita_black_bowl_1,is_behind,flat_stove_1
pick_up_the_black_bowl_on_the_wooden_cabinet_and_place_it_on_the_plate,demo_23,5,agentview,flat_stove_1,is_in_front_of,akita_black_bowl_1
pick_up_the_black_bowl_on_the_wooden_cabinet_and_place_it_on_the_plate,demo_23,5,agentview,akita_black_bowl_2,is_left_of,cookies_1
pick_up_the_black_bowl_on_the_wooden_cabinet_and_place_it_on_the_plate,demo_23,5,agentview,cookies_1,is_right_of,akita_black_bowl_2
pick_up_the_black_bowl_on_the_wooden_cabinet_and_place_it_on_the_plate,demo_23,5,agentview,akita_black_bowl_2,is_left_of,glazed_rim_porcelain_ramekin_1
pick_up_the_black_bowl_on_the_wooden_cabinet_and_place_it_on_the_plate,demo_23,5,agentview,glazed_rim_porcelain_ramekin_1,is_right_of,akita_black_bowl_2
pick_up_the_black_bowl_on_the_wooden_cabinet_and_place_it_on_the_plate,demo_23,5,agentview,akita_black_bowl_2,is_left_of,plate_1
pick_up_the_black_bowl_on_the_wooden_cabinet_and_place_it_on_the_plate,demo_23,5,agentview,plate_1,is_right_of,akita_black_bowl_2
pick_up_the_black_bowl_on_the_wooden_cabinet_and_place_it_on_the_plate,demo_23,5,agentview,akita_black_bowl_2,is_on_top_of,flat_stove_1
pick_up_the_black_bowl_on_the_wooden_cabinet_and_place_it_on_the_plate,demo_23,5,agentview,flat_stove_1,is_below_of,akita_black_bowl_2
pick_up_the_black_bowl_on_the_wooden_cabinet_and_place_it_on_the_plate,demo_23,5,agentview,cookies_1,is_left_of,glazed_rim_porcelain_ramekin_1
pick_up_the_black_bowl_on_the_wooden_cabinet_and_place_it_on_the_plate,demo_23,5,agentview,glazed_rim_porcelain_ramekin_1,is_right_of,cookies_1
pick_up_the_black_bowl_on_the_wooden_cabinet_and_place_it_on_the_plate,demo_23,5,agentview,cookies_1,is_left_of,plate_1
pick_up_the_black_bowl_on_the_wooden_cabinet_and_place_it_on_the_plate,demo_23,5,agentview,plate_1,is_right_of,cookies_1
pick_up_the_black_bowl_on_the_wooden_cabinet_and_place_it_on_the_plate,demo_23,5,agentview,cookies_1,is_on_top_of,flat_stove_1
pick_up_the_black_bowl_on_the_wooden_cabinet_and_place_it_on_the_plate,demo_23,5,agentview,flat_stove_1,is_below_of,cookies_1
pick_up_the_black_bowl_on_the_wooden_cabinet_and_place_it_on_the_plate,demo_23,5,agentview,glazed_rim_porcelain_ramekin_1,is_left_of,plate_1
pick_up_the_black_bowl_on_the_wooden_cabinet_and_place_it_on_the_plate,demo_23,5,agentview,plate_1,is_right_of,glazed_rim_porcelain_ramekin_1
pick_up_the_black_bowl_on_the_wooden_cabinet_and_place_it_on_the_plate,demo_23,5,agentview,glazed_rim_porcelain_ramekin_1,is_on_top_of,flat_stove_1
pick_up_the_black_bowl_on_the_wooden_cabinet_and_place_it_on_the_plate,demo_23,5,agentview,flat_stove_1,is_below_of,glazed_rim_porcelain_ramekin_1
pick_up_the_black_bowl_on_the_wooden_cabinet_and_place_it_on_the_plate,demo_23,5,agentview,plate_1,is_on_top_of,flat_stove_1
pick_up_the_black_bowl_on_the_wooden_cabinet_and_place_it_on_the_plate,demo_23,5,agentview,flat_stove_1,is_below_of,plate_1
pick_up_the_black_bowl_on_the_wooden_cabinet_and_place_it_on_the_plate,demo_23,10,agentview,akita_black_bowl_1,is_on_top_of,wooden_cabinet_1
pick_up_the_black_bowl_on_the_wooden_cabinet_and_place_it_on_the_plate,demo_23,10,agentview,wooden_cabinet_1,is_below_of,akita_black_bowl_1
pick_up_the_black_bowl_on_the_wooden_cabinet_and_place_it_on_the_plate,demo_23,10,agentview,akita_black_bowl_1,is_behind,akita_black_bowl_2
pick_up_the_black_bowl_on_the_wooden_cabinet_and_place_it_on_the_plate,demo_23,10,agentview,akita_black_bowl_2,is_in_front_of,akita_black_bowl_1
pick_up_the_black_bowl_on_the_wooden_cabinet_and_place_it_on_the_plate,demo_23,10,agentview,akita_black_bowl_1,is_behind,cookies_1
pick_up_the_black_bowl_on_the_wooden_cabinet_and_place_it_on_the_plate,demo_23,10,agentview,cookies_1,is_in_front_of,akita_black_bowl_1
pick_up_the_black_bowl_on_the_wooden_cabinet_and_place_it_on_the_plate,demo_23,10,agentview,akita_black_bowl_1,is_behind,glazed_rim_porcelain_ramekin_1
pick_up_the_black_bowl_on_the_wooden_cabinet_and_place_it_on_the_plate,demo_23,10,agentview,glazed_rim_porcelain_ramekin_1,is_in_front_of,akita_black_bowl_1
pick_up_the_black_bowl_on_the_wooden_cabinet_and_place_it_on_the_plate,demo_23,10,agentview,akita_black_bowl_1,is_behind,plate_1
pick_up_the_black_bowl_on_the_wooden_cabinet_and_place_it_on_the_plate,demo_23,10,agentview,plate_1,is_in_front_of,akita_black_bowl_1
pick_up_the_black_bowl_on_the_wooden_cabinet_and_place_it_on_the_plate,demo_23,10,agentview,akita_black_bowl_1,is_behind,flat_stove_1
pick_up_the_black_bowl_on_the_wooden_cabinet_and_place_it_on_the_plate,demo_23,10,agentview,flat_stove_1,is_in_front_of,akita_black_bowl_1
pick_up_the_black_bowl_on_the_wooden_cabinet_and_place_it_on_the_plate,demo_23,10,agentview,akita_black_bowl_2,is_left_of,cookies_1
pick_up_the_black_bowl_on_the_wooden_cabinet_and_place_it_on_the_plate,demo_23,10,agentview,cookies_1,is_right_of,akita_black_bowl_2
pick_up_the_black_bowl_on_the_wooden_cabinet_and_place_it_on_the_plate,demo_23,10,agentview,akita_black_bowl_2,is_left_of,glazed_rim_porcelain_ramekin_1
pick_up_the_black_bowl_on_the_wooden_cabinet_and_place_it_on_the_plate,demo_23,10,agentview,glazed_rim_porcelain_ramekin_1,is_right_of,akita_black_bowl_2
pick_up_the_black_bowl_on_the_wooden_cabinet_and_place_it_on_the_plate,demo_23,10,agentview,akita_black_bowl_2,is_left_of,plate_1
pick_up_the_black_bowl_on_the_wooden_cabinet_and_place_it_on_the_plate,demo_23,10,agentview,plate_1,is_right_of,akita_black_bowl_2
pick_up_the_black_bowl_on_the_wooden_cabinet_and_place_it_on_the_plate,demo_23,10,agentview,akita_black_bowl_2,is_in_front_of,wooden_cabinet_1
pick_up_the_black_bowl_on_the_wooden_cabinet_and_place_it_on_the_plate,demo_23,10,agentview,wooden_cabinet_1,is_behind,akita_black_bowl_2
pick_up_the_black_bowl_on_the_wooden_cabinet_and_place_it_on_the_plate,demo_23,10,agentview,akita_black_bowl_2,is_behind,flat_stove_1
pick_up_the_black_bowl_on_the_wooden_cabinet_and_place_it_on_the_plate,demo_23,10,agentview,flat_stove_1,is_in_front_of,akita_black_bowl_2
pick_up_the_black_bowl_on_the_wooden_cabinet_and_place_it_on_the_plate,demo_23,10,agentview,cookies_1,is_left_of,glazed_rim_porcelain_ramekin_1
pick_up_the_black_bowl_on_the_wooden_cabinet_and_place_it_on_the_plate,demo_23,10,agentview,glazed_rim_porcelain_ramekin_1,is_right_of,cookies_1
pick_up_the_black_bowl_on_the_wooden_cabinet_and_place_it_on_the_plate,demo_23,10,agentview,cookies_1,is_left_of,plate_1
pick_up_the_black_bowl_on_the_wooden_cabinet_and_place_it_on_the_plate,demo_23,10,agentview,plate_1,is_right_of,cookies_1
pick_up_the_black_bowl_on_the_wooden_cabinet_and_place_it_on_the_plate,demo_23,10,agentview,cookies_1,is_in_front_of,wooden_cabinet_1
pick_up_the_black_bowl_on_the_wooden_cabinet_and_place_it_on_the_plate,demo_23,10,agentview,wooden_cabinet_1,is_behind,cookies_1
pick_up_the_black_bowl_on_the_wooden_cabinet_and_place_it_on_the_plate,demo_23,10,agentview,cookies_1,is_behind,flat_stove_1
pick_up_the_black_bowl_on_the_wooden_cabinet_and_place_it_on_the_plate,demo_23,10,agentview,flat_stove_1,is_in_front_of,cookies_1
pick_up_the_black_bowl_on_the_wooden_cabinet_and_place_it_on_the_plate,demo_23,10,agentview,glazed_rim_porcelain_ramekin_1,is_left_of,plate_1
pick_up_the_black_bowl_on_the_wooden_cabinet_and_place_it_on_the_plate,demo_23,10,agentview,plate_1,is_right_of,glazed_rim_porcelain_ramekin_1
pick_up_the_black_bowl_on_the_wooden_cabinet_and_place_it_on_the_plate,demo_23,10,agentview,glazed_rim_porcelain_ramekin_1,is_in_front_of,wooden_cabinet_1
pick_up_the_black_bowl_on_the_wooden_cabinet_and_place_it_on_the_plate,demo_23,10,agentview,wooden_cabinet_1,is_behind,glazed_rim_porcelain_ramekin_1
pick_up_the_black_bowl_on_the_wooden_cabinet_and_place_it_on_the_plate,demo_23,10,agentview,glazed_rim_porcelain_ramekin_1,is_behind,flat_stove_1
pick_up_the_black_bowl_on_the_wooden_cabinet_and_place_it_on_the_plate,demo_23,10,agentview,flat_stove_1,is_in_front_of,glazed_rim_porcelain_ramekin_1
pick_up_the_black_bowl_on_the_wooden_cabinet_and_place_it_on_the_plate,demo_23,10,agentview,plate_1,is_on_top_of,flat_stove_1
pick_up_the_black_bowl_on_the_wooden_cabinet_and_place_it_on_the_plate,demo_23,10,agentview,flat_stove_1,is_below_of,plate_1
pick_up_the_black_bowl_on_the_wooden_cabinet_and_place_it_on_the_plate,demo_23,10,agentview,plate_1,is_in_front_of,wooden_cabinet_1
pick_up_the_black_bowl_on_the_wooden_cabinet_and_place_it_on_the_plate,demo_23,10,agentview,wooden_cabinet_1,is_behind,plate_1
pick_up_the_black_bowl_on_the_wooden_cabinet_and_place_it_on_the_plate,demo_23,15,agentview,akita_black_bowl_1,is_on_top_of,wooden_cabinet_1
pick_up_the_black_bowl_on_the_wooden_cabinet_and_place_it_on_the_plate,demo_23,15,agentview,wooden_cabinet_1,is_below_of,akita_black_bowl_1
pick_up_the_black_bowl_on_the_wooden_cabinet_and_place_it_on_the_plate,demo_23,15,agentview,akita_black_bowl_1,is_behind,akita_black_bowl_2
pick_up_the_black_bowl_on_the_wooden_cabinet_and_place_it_on_the_plate,demo_23,15,agentview,akita_black_bowl_2,is_in_front_of,akita_black_bowl_1
pick_up_the_black_bowl_on_the_wooden_cabinet_and_place_it_on_the_plate,demo_23,15,agentview,akita_black_bowl_1,is_behind,cookies_1
pick_up_the_black_bowl_on_the_wooden_cabinet_and_place_it_on_the_plate,demo_23,15,agentview,cookies_1,is_in_front_of,akita_black_bowl_1
pick_up_the_black_bowl_on_the_wooden_cabinet_and_place_it_on_the_plate,demo_23,15,agentview,akita_black_bowl_1,is_behind,glazed_rim_porcelain_ramekin_1
pick_up_the_black_bowl_on_the_wooden_cabinet_and_place_it_on_the_plate,demo_23,15,agentview,glazed_rim_porcelain_ramekin_1,is_in_front_of,akita_black_bowl_1
pick_up_the_black_bowl_on_the_wooden_cabinet_and_place_it_on_the_plate,demo_23,15,agentview,akita_black_bowl_1,is_behind,plate_1
pick_up_the_black_bowl_on_the_wooden_cabinet_and_place_it_on_the_plate,demo_23,15,agentview,plate_1,is_in_front_of,akita_black_bowl_1
pick_up_the_black_bowl_on_the_wooden_cabinet_and_place_it_on_the_plate,demo_23,15,agentview,akita_black_bowl_1,is_behind,flat_stove_1
pick_up_the_black_bowl_on_the_wooden_cabinet_and_place_it_on_the_plate,demo_23,15,agentview,flat_stove_1,is_in_front_of,akita_black_bowl_1
pick_up_the_black_bowl_on_the_wooden_cabinet_and_place_it_on_the_plate,demo_23,15,agentview,akita_black_bowl_2,is_on_top_of,plate_1
pick_up_the_black_bowl_on_the_wooden_cabinet_and_place_it_on_the_plate,demo_23,15,agentview,plate_1,is_below_of,akita_black_bowl_2
pick_up_the_black_bowl_on_the_wooden_cabinet_and_place_it_on_the_plate,demo_23,15,agentview,akita_black_bowl_2,is_right_of,cookies_1
pick_up_the_black_bowl_on_the_wooden_cabinet_and_place_it_on_the_plate,demo_23,15,agentview,cookies_1,is_left_of,akita_black_bowl_2
pick_up_the_black_bowl_on_the_wooden_cabinet_and_place_it_on_the_plate,demo_23,15,agentview,akita_black_bowl_2,is_behind,glazed_rim_porcelain_ramekin_1
pick_up_the_black_bowl_on_the_wooden_cabinet_and_place_it_on_the_plate,demo_23,15,agentview,glazed_rim_porcelain_ramekin_1,is_in_front_of,akita_black_bowl_2
pick_up_the_black_bowl_on_the_wooden_cabinet_and_place_it_on_the_plate,demo_23,15,agentview,akita_black_bowl_2,is_right_of,plate_1
pick_up_the_black_bowl_on_the_wooden_cabinet_and_place_it_on_the_plate,demo_23,15,agentview,plate_1,is_left_of,akita_black_bowl_2
pick_up_the_black_bowl_on_the_wooden_cabinet_and_place_it_on_the_plate,demo_23,15,agentview,akita_black_bowl_2,is_behind,flat_stove_1
pick_up_the_black_bowl_on_the_wooden_cabinet_and_place_it_on_the_plate,demo_23,15,agentview,flat_stove_1,is_in_front_of,akita_black_bowl_2
pick_up_the_black_bowl_on_the_wooden_cabinet_and_place_it_on_the_plate,demo_23,15,agentview,cookies_1,is_on_top_of,flat_stove_1
pick_up_the_black_bowl_on_the_wooden_cabinet_and_place_it_on_the_plate,demo_23,15,agentview,flat_stove_1,is_below_of,cookies_1
pick_up_the_black_bowl_on_the_wooden_cabinet_and_place_it_on_the_plate,demo_23,15,agentview,cookies_1,is_left_of,glazed_rim_porcelain_ramekin_1
pick_up_the_black_bowl_on_the_wooden_cabinet_and_place_it_on_the_plate,demo_23,15,agentview,glazed_rim_porcelain_ramekin_1,is_right_of,cookies_1
pick_up_the_black_bowl_on_the_wooden_cabinet_and_place_it_on_the_plate,demo_23,15,agentview,cookies_1,is_in_front_of,plate_1
pick_up_the_black_bowl_on_the_wooden_cabinet_and_place_it_on_the_plate,demo_23,15,agentview,plate_1,is_behind,cookies_1
pick_up_the_black_bowl_on_the_wooden_cabinet_and_place_it_on_the_plate,demo_23,15,agentview,cookies_1,is_left_of,flat_stove_1
pick_up_the_black_bowl_on_the_wooden_cabinet_and_place_it_on_the_plate,demo_23,15,agentview,flat_stove_1,is_right_of,cookies_1
pick_up_the_black_bowl_on_the_wooden_cabinet_and_place_it_on_the_plate,demo_23,15,agentview,glazed_rim_porcelain_ramekin_1,is_on_top_of,flat_stove_1
pick_up_the_black_bowl_on_the_wooden_cabinet_and_place_it_on_the_plate,demo_23,15,agentview,flat_stove_1,is_below_of,glazed_rim_porcelain_ramekin_1
pick_up_the_black_bowl_on_the_wooden_cabinet_and_place_it_on_the_plate,demo_23,15,agentview,glazed_rim_porcelain_ramekin_1,is_right_of,plate_1
pick_up_the_black_bowl_on_the_wooden_cabinet_and_place_it_on_the_plate,demo_23,15,agentview,plate_1,is_left_of,glazed_rim_porcelain_ramekin_1
pick_up_the_black_bowl_on_the_wooden_cabinet_and_place_it_on_the_plate,demo_23,15,agentview,glazed_rim_porcelain_ramekin_1,is_in_front_of,flat_stove_1
pick_up_the_black_bowl_on_the_wooden_cabinet_and_place_it_on_the_plate,demo_23,15,agentview,flat_stove_1,is_behind,glazed_rim_porcelain_ramekin_1
pick_up_the_black_bowl_on_the_wooden_cabinet_and_place_it_on_the_plate,demo_23,15,agentview,plate_1,is_on_top_of,flat_stove_1
pick_up_the_black_bowl_on_the_wooden_cabinet_and_place_it_on_the_plate,demo_23,15,agentview,flat_stove_1,is_below_of,plate_1
pick_up_the_black_bowl_on_the_wooden_cabinet_and_place_it_on_the_plate,demo_23,20,agentview,akita_black_bowl_1,is_on_top_of,wooden_cabinet_1
pick_up_the_black_bowl_on_the_wooden_cabinet_and_place_it_on_the_plate,demo_23,20,agentview,wooden_cabinet_1,is_below_of,akita_black_bowl_1
pick_up_the_black_bowl_on_the_wooden_cabinet_and_place_it_on_the_plate,demo_23,20,agentview,akita_black_bowl_1,is_behind,akita_black_bowl_2
pick_up_the_black_bowl_on_the_wooden_cabinet_and_place_it_on_the_plate,demo_23,20,agentview,akita_black_bowl_2,is_in_front_of,akita_black_bowl_1
pick_up_the_black_bowl_on_the_wooden_cabinet_and_place_it_on_the_plate,demo_23,20,agentview,akita_black_bowl_1,is_behind,cookies_1
pick_up_the_black_bowl_on_the_wooden_cabinet_and_place_it_on_the_plate,demo_23,20,agentview,cookies_1,is_in_front_of,akita_black_bowl_1
pick_up_the_black_bowl_on_the_wooden_cabinet_and_place_it_on_the_plate,demo_23,20,agentview,akita_black_bowl_1,is_behind,glazed_rim_porcelain_ramekin_1
pick_up_the_black_bowl_on_the_wooden_cabinet_and_place_it_on_the_plate,demo_23,20,agentview,glazed_rim_porcelain_ramekin_1,is_in_front_of,akita_black_bowl_1
pick_up_the_black_bowl_on_the_wooden_cabinet_and_place_it_on_the_plate,demo_23,20,agentview,akita_black_bowl_1,is_behind,plate_1
pick_up_the_black_bowl_on_the_wooden_cabinet_and_place_it_on_the_plate,demo_23,20,agentview,plate_1,is_in_front_of,akita_black_bowl_1
pick_up_the_black_bowl_on_the_wooden_cabinet_and_place_it_on_the_plate,demo_23,20,agentview,akita_black_bowl_1,is_behind,flat_stove_1
pick_up_the_black_bowl_on_the_wooden_cabinet_and_place_it_on_the_plate,demo_23,20,agentview,flat_stove_1,is_in_front_of,akita_black_bowl_1
pick_up_the_black_bowl_on_the_wooden_cabinet_and_place_it_on_the_plate,demo_23,20,agentview,akita_black_bowl_2,is_on_top_of,flat_stove_1
pick_up_the_black_bowl_on_the_wooden_cabinet_and_place_it_on_the_plate,demo_23,20,agentview,flat_stove_1,is_below_of,akita_black_bowl_2
pick_up_the_black_bowl_on_the_wooden_cabinet_and_place_it_on_the_plate,demo_23,20,agentview,akita_black_bowl_2,is_right_of,cookies_1
pick_up_the_black_bowl_on_the_wooden_cabinet_and_place_it_on_the_plate,demo_23,20,agentview,cookies_1,is_left_of,akita_black_bowl_2
pick_up_the_black_bowl_on_the_wooden_cabinet_and_place_it_on_the_plate,demo_23,20,agentview,akita_black_bowl_2,is_right_of,glazed_rim_porcelain_ramekin_1
pick_up_the_black_bowl_on_the_wooden_cabinet_and_place_it_on_the_plate,demo_23,20,agentview,glazed_rim_porcelain_ramekin_1,is_left_of,akita_black_bowl_2
pick_up_the_black_bowl_on_the_wooden_cabinet_and_place_it_on_the_plate,demo_23,20,agentview,akita_black_bowl_2,is_right_of,plate_1
pick_up_the_black_bowl_on_the_wooden_cabinet_and_place_it_on_the_plate,demo_23,20,agentview,plate_1,is_left_of,akita_black_bowl_2
pick_up_the_black_bowl_on_the_wooden_cabinet_and_place_it_on_the_plate,demo_23,20,agentview,akita_black_bowl_2,is_behind,flat_stove_1
pick_up_the_black_bowl_on_the_wooden_cabinet_and_place_it_on_the_plate,demo_23,20,agentview,flat_stove_1,is_in_front_of,akita_black_bowl_2
pick_up_the_black_bowl_on_the_wooden_cabinet_and_place_it_on_the_plate,demo_23,20,agentview,cookies_1,is_on_top_of,flat_stove_1
pick_up_the_black_bowl_on_the_wooden_cabinet_and_place_it_on_the_plate,demo_23,20,agentview,flat_stove_1,is_below_of,cookies_1
pick_up_the_black_bowl_on_the_wooden_cabinet_and_place_it_on_the_plate,demo_23,20,agentview,cookies_1,is_left_of,glazed_rim_porcelain_ramekin_1
pick_up_the_black_bowl_on_the_wooden_cabinet_and_place_it_on_the_plate,demo_23,20,agentview,glazed_rim_porcelain_ramekin_1,is_right_of,cookies_1
pick_up_the_black_bowl_on_the_wooden_cabinet_and_place_it_on_the_plate,demo_23,20,agentview,cookies_1,is_left_of,plate_1
pick_up_the_black_bowl_on_the_wooden_cabinet_and_place_it_on_the_plate,demo_23,20,agentview,plate_1,is_right_of,cookies_1
pick_up_the_black_bowl_on_the_wooden_cabinet_and_place_it_on_the_plate,demo_23,20,agentview,cookies_1,is_behind,flat_stove_1
pick_up_the_black_bowl_on_the_wooden_cabinet_and_place_it_on_the_plate,demo_23,20,agentview,flat_stove_1,is_in_front_of,cookies_1
pick_up_the_black_bowl_on_the_wooden_cabinet_and_place_it_on_the_plate,demo_23,20,agentview,glazed_rim_porcelain_ramekin_1,is_on_top_of,flat_stove_1
pick_up_the_black_bowl_on_the_wooden_cabinet_and_place_it_on_the_plate,demo_23,20,agentview,flat_stove_1,is_below_of,glazed_rim_porcelain_ramekin_1
pick_up_the_black_bowl_on_the_wooden_cabinet_and_place_it_on_the_plate,demo_23,20,agentview,glazed_rim_porcelain_ramekin_1,is_right_of,plate_1
pick_up_the_black_bowl_on_the_wooden_cabinet_and_place_it_on_the_plate,demo_23,20,agentview,plate_1,is_left_of,glazed_rim_porcelain_ramekin_1
pick_up_the_black_bowl_on_the_wooden_cabinet_and_place_it_on_the_plate,demo_23,20,agentview,glazed_rim_porcelain_ramekin_1,is_behind,flat_stove_1
pick_up_the_black_bowl_on_the_wooden_cabinet_and_place_it_on_the_plate,demo_23,20,agentview,flat_stove_1,is_in_front_of,glazed_rim_porcelain_ramekin_1
pick_up_the_black_bowl_on_the_wooden_cabinet_and_place_it_on_the_plate,demo_23,20,agentview,plate_1,is_on_top_of,flat_stove_1
pick_up_the_black_bowl_on_the_wooden_cabinet_and_place_it_on_the_plate,demo_23,20,agentview,flat_stove_1,is_below_of,plate_1
pick_up_the_black_bowl_on_the_wooden_cabinet_and_place_it_on_the_plate,demo_23,25,agentview,akita_black_bowl_1,is_on_top_of,wooden_cabinet_1
pick_up_the_black_bowl_on_the_wooden_cabinet_and_place_it_on_the_plate,demo_23,25,agentview,wooden_cabinet_1,is_below_of,akita_black_bowl_1
pick_up_the_black_bowl_on_the_wooden_cabinet_and_place_it_on_the_plate,demo_23,25,agentview,akita_black_bowl_2,is_on_top_of,flat_stove_1
pick_up_the_black_bowl_on_the_wooden_cabinet_and_place_it_on_the_plate,demo_23,25,agentview,flat_stove_1,is_below_of,akita_black_bowl_2
pick_up_the_black_bowl_on_the_wooden_cabinet_and_place_it_on_the_plate,demo_23,25,agentview,cookies_1,is_on_top_of,flat_stove_1
pick_up_the_black_bowl_on_the_wooden_cabinet_and_place_it_on_the_plate,demo_23,25,agentview,flat_stove_1,is_below_of,cookies_1
pick_up_the_black_bowl_on_the_wooden_cabinet_and_place_it_on_the_plate,demo_23,25,agentview,glazed_rim_porcelain_ramekin_1,is_on_top_of,flat_stove_1
pick_up_the_black_bowl_on_the_wooden_cabinet_and_place_it_on_the_plate,demo_23,25,agentview,flat_stove_1,is_below_of,glazed_rim_porcelain_ramekin_1
pick_up_the_black_bowl_on_the_wooden_cabinet_and_place_it_on_the_plate,demo_23,25,agentview,plate_1,is_on_top_of,flat_stove_1
pick_up_the_black_bowl_on_the_wooden_cabinet_and_place_it_on_the_plate,demo_23,25,agentview,flat_stove_1,is_below_of,plate_1
pick_up_the_black_bowl_on_the_wooden_cabinet_and_place_it_on_the_plate,demo_23,25,agentview,akita_black_bowl_1,is_behind,akita_black_bowl_2
pick_up_the_black_bowl_on_the_wooden_cabinet_and_place_it_on_the_plate,demo_23,25,agentview,akita_black_bowl_2,is_in_front_of,akita_black_bowl_1
pick_up_the_black_bowl_on_the_wooden_cabinet_and_place_it_on_the_plate,demo_23,25,agentview,akita_black_bowl_1,is_behind,cookies_1
pick_up_the_black_bowl_on_the_wooden_cabinet_and_place_it_on_the_plate,demo_23,25,agentview,cookies_1,is_in_front_of,akita_black_bowl_1
pick_up_the_black_bowl_on_the_wooden_cabinet_and_place_it_on_the_plate,demo_23,25,agentview,akita_black_bowl_1,is_behind,glazed_rim_porcelain_ramekin_1
pick_up_the_black_bowl_on_the_wooden_cabinet_and_place_it_on_the_plate,demo_23,25,agentview,glazed_rim_porcelain_ramekin_1,is_in_front_of,akita_black_bowl_1
pick_up_the_black_bowl_on_the_wooden_cabinet_and_place_it_on_the_plate,demo_23,25,agentview,akita_black_bowl_1,is_behind,plate_1
pick_up_the_black_bowl_on_the_wooden_cabinet_and_place_it_on_the_plate,demo_23,25,agentview,plate_1,is_in_front_of,akita_black_bowl_1
pick_up_the_black_bowl_on_the_wooden_cabinet_and_place_it_on_the_plate,demo_23,25,agentview,akita_black_bowl_1,is_right_of,wooden_cabinet_1
pick_up_the_black_bowl_on_the_wooden_cabinet_and_place_it_on_the_plate,demo_23,25,agentview,wooden_cabinet_1,is_left_of,akita_black_bowl_1
pick_up_the_black_bowl_on_the_wooden_cabinet_and_place_it_on_the_plate,demo_23,25,agentview,akita_black_bowl_2,is_left_of,cookies_1
pick_up_the_black_bowl_on_the_wooden_cabinet_and_place_it_on_the_plate,demo_23,25,agentview,cookies_1,is_right_of,akita_black_bowl_2
pick_up_the_black_bowl_on_the_wooden_cabinet_and_place_it_on_the_plate,demo_23,25,agentview,akita_black_bowl_2,is_left_of,glazed_rim_porcelain_ramekin_1
pick_up_the_black_bowl_on_the_wooden_cabinet_and_place_it_on_the_plate,demo_23,25,agentview,glazed_rim_porcelain_ramekin_1,is_right_of,akita_black_bowl_2
pick_up_the_black_bowl_on_the_wooden_cabinet_and_place_it_on_the_plate,demo_23,25,agentview,akita_black_bowl_2,is_left_of,plate_1
pick_up_the_black_bowl_on_the_wooden_cabinet_and_place_it_on_the_plate,demo_23,25,agentview,plate_1,is_right_of,akita_black_bowl_2
pick_up_the_black_bowl_on_the_wooden_cabinet_and_place_it_on_the_plate,demo_23,25,agentview,cookies_1,is_left_of,glazed_rim_porcelain_ramekin_1
pick_up_the_black_bowl_on_the_wooden_cabinet_and_place_it_on_the_plate,demo_23,25,agentview,glazed_rim_porcelain_ramekin_1,is_right_of,cookies_1
pick_up_the_black_bowl_on_the_wooden_cabinet_and_place_it_on_the_plate,demo_23,25,agentview,cookies_1,is_left_of,plate_1
pick_up_the_black_bowl_on_the_wooden_cabinet_and_place_it_on_the_plate,demo_23,25,agentview,plate_1,is_right_of,cookies_1
pick_up_the_black_bowl_on_the_wooden_cabinet_and_place_it_on_the_plate,demo_23,25,agentview,glazed_rim_porcelain_ramekin_1,is_left_of,plate_1
pick_up_the_black_bowl_on_the_wooden_cabinet_and_place_it_on_the_plate,demo_23,25,agentview,plate_1,is_right_of,glazed_rim_porcelain_ramekin_1
pick_up_the_black_bowl_on_the_wooden_cabinet_and_place_it_on_the_plate,demo_23,30,agentview,akita_black_bowl_1,is_on_top_of,wooden_cabinet_1
pick_up_the_black_bowl_on_the_wooden_cabinet_and_place_it_on_the_plate,demo_23,30,agentview,wooden_cabinet_1,is_below_of,akita_black_bowl_1
pick_up_the_black_bowl_on_the_wooden_cabinet_and_place_it_on_the_plate,demo_23,30,agentview,akita_black_bowl_2,is_on_top_of,flat_stove_1
pick_up_the_black_bowl_on_the_wooden_cabinet_and_place_it_on_the_plate,demo_23,30,agentview,flat_stove_1,is_below_of,akita_black_bowl_2
pick_up_the_black_bowl_on_the_wooden_cabinet_and_place_it_on_the_plate,demo_23,30,agentview,cookies_1,is_on_top_of,wooden_cabinet_1
pick_up_the_black_bowl_on_the_wooden_cabinet_and_place_it_on_the_plate,demo_23,30,agentview,wooden_cabinet_1,is_below_of,cookies_1
pick_up_the_black_bowl_on_the_wooden_cabinet_and_place_it_on_the_plate,demo_23,30,agentview,glazed_rim_porcelain_ramekin_1,is_on_top_of,wooden_cabinet_1
pick_up_the_black_bowl_on_the_wooden_cabinet_and_place_it_on_the_plate,demo_23,30,agentview,wooden_cabinet_1,is_below_of,glazed_rim_porcelain_ramekin_1
pick_up_the_black_bowl_on_the_wooden_cabinet_and_place_it_on_the_plate,demo_23,30,agentview,plate_1,is_on_top_of,flat_stove_1
pick_up_the_black_bowl_on_the_wooden_cabinet_and_place_it_on_the_plate,demo_23,30,agentview,flat_stove_1,is_below_of,plate_1
pick_up_the_black_bowl_on_the_wooden_cabinet_and_place_it_on_the_plate,demo_23,30,agentview,akita_black_bowl_1,is_behind,akita_black_bowl_2
pick_up_the_black_bowl_on_the_wooden_cabinet_and_place_it_on_the_plate,demo_23,30,agentview,akita_black_bowl_2,is_in_front_of,akita_black_bowl_1
pick_up_the_black_bowl_on_the_wooden_cabinet_and_place_it_on_the_plate,demo_23,30,agentview,akita_black_bowl_1,is_behind,cookies_1
pick_up_the_black_bowl_on_the_wooden_cabinet_and_place_it_on_the_plate,demo_23,30,agentview,cookies_1,is_in_front_of,akita_black_bowl_1
pick_up_the_black_bowl_on_the_wooden_cabinet_and_place_it_on_the_plate,demo_23,30,agentview,akita_black_bowl_1,is_behind,glazed_rim_porcelain_ramekin_1
pick_up_the_black_bowl_on_the_wooden_cabinet_and_place_it_on_the_plate,demo_23,30,agentview,glazed_rim_porcelain_ramekin_1,is_in_front_of,akita_black_bowl_1
pick_up_the_black_bowl_on_the_wooden_cabinet_and_place_it_on_the_plate,demo_23,30,agentview,akita_black_bowl_1,is_behind,plate_1
pick_up_the_black_bowl_on_the_wooden_cabinet_and_place_it_on_the_plate,demo_23,30,agentview,plate_1,is_in_front_of,akita_black_bowl_1
pick_up_the_black_bowl_on_the_wooden_cabinet_and_place_it_on_the_plate,demo_23,30,agentview,akita_black_bowl_2,is_right_of,akita_black_bowl_1
pick_up_the_black_bowl_on_the_wooden_cabinet_and_place_it_on_the_plate,demo_23,30,agentview,akita_black_bowl_1,is_left_of,akita_black_bowl_2
pick_up_the_black_bowl_on_the_wooden_cabinet_and_place_it_on_the_plate,demo_23,30,agentview,akita_black_bowl_2,is_behind,cookies_1
pick_up_the_black_bowl_on_the_wooden_cabinet_and_place_it_on_the_plate,demo_23,30,agentview,cookies_1,is_in_front_of,akita_black_bowl_2
pick_up_the_black_bowl_on_the_wooden_cabinet_and_place_it_on_the_plate,demo_23,30,agentview,akita_black_bowl_2,is_behind,glazed_rim_porcelain_ramekin_1
pick_up_the_black_bowl_on_the_wooden_cabinet_and_place_it_on_the_plate,demo_23,30,agentview,glazed_rim_porcelain_ramekin_1,is_in_front_of,akita_black_bowl_2
pick_up_the_black_bowl_on_the_wooden_cabinet_and_place_it_on_the_plate,demo_23,30,agentview,akita_black_bowl_2,is_right_of,plate_1
pick_up_the_black_bowl_on_the_wooden_cabinet_and_place_it_on_the_plate,demo_23,30,agentview,plate_1,is_left_of,akita_black_bowl_2
pick_up_the_black_bowl_on_the_wooden_cabinet_and_place_it_on_the_plate,demo_23,30,agentview,cookies_1,is_right_of,akita_black_bowl_1
pick_up_the_black_bowl_on_the_wooden_cabinet_and_place_it_on_the_plate,demo_23,30,agentview,akita_black_bowl_1,is_left_of,cookies_1
pick_up_the_black_bowl_on_the_wooden_cabinet_and_place_it_on_the_plate,demo_23,30,agentview,cookies_1,is_right_of,glazed_rim_porcelain_ramekin_1
pick_up_the_black_bowl_on_the_wooden_cabinet_and_place_it_on_the_plate,demo_23,30,agentview,glazed_rim_porcelain_ramekin_1,is_left_of,cookies_1
pick_up_the_black_bowl_on_the_wooden_cabinet_and_place_it_on_the_plate,demo_23,30,agentview,cookies_1,is_behind,plate_1
pick_up_the_black_bowl_on_the_wooden_cabinet_and_place_it_on_the_plate,demo_23,30,agentview,plate_1,is_in_front_of,cookies_1
pick_up_the_black_bowl_on_the_wooden_cabinet_and_place_it_on_the_plate,demo_23,30,agentview,glazed_rim_porcelain_ramekin_1,is_right_of,akita_black_bowl_1
pick_up_the_black_bowl_on_the_wooden_cabinet_and_place_it_on_the_plate,demo_23,30,agentview,akita_black_bowl_1,is_left_of,glazed_rim_porcelain_ramekin_1
pick_up_the_black_bowl_on_the_wooden_cabinet_and_place_it_on_the_plate,demo_23,30,agentview,glazed_rim_porcelain_ramekin_1,is_behind,plate_1
pick_up_the_black_bowl_on_the_wooden_cabinet_and_place_it_on_the_plate,demo_23,30,agentview,plate_1,is_in_front_of,glazed_rim_porcelain_ramekin_1
pick_up_the_black_bowl_on_the_wooden_cabinet_and_place_it_on_the_plate,demo_23,30,agentview,plate_1,is_left_of,cookies_1
pick_up_the_black_bowl_on_the_wooden_cabinet_and_place_it_on_the_plate,demo_23,30,agentview,cookies_1,is_right_of,plate_1
pick_up_the_black_bowl_on_the_wooden_cabinet_and_place_it_on_the_plate,demo_23,35,agentview,akita_black_bowl_1,is_on_top_of,wooden_cabinet_1
pick_up_the_black_bowl_on_the_wooden_cabinet_and_place_it_on_the_plate,demo_23,35,agentview,wooden_cabinet_1,is_below_of,akita_black_bowl_1
pick_up_the_black_bowl_on_the_wooden_cabinet_and_place_it_on_the_plate,demo_23,35,agentview,akita_black_bowl_1,is_behind,akita_black_bowl_2
pick_up_the_black_bowl_on_the_wooden_cabinet_and_place_it_on_the_plate,demo_23,35,agentview,akita_black_bowl_2,is_in_front_of,akita_black_bowl_1
pick_up_the_black_bowl_on_the_wooden_cabinet_and_place_it_on_the_plate,demo_23,35,agentview,akita_black_bowl_1,is_behind,cookies_1
pick_up_the_black_bowl_on_the_wooden_cabinet_and_place_it_on_the_plate,demo_23,35,agentview,cookies_1,is_in_front_of,akita_black_bowl_1
pick_up_the_black_bowl_on_the_wooden_cabinet_and_place_it_on_the_plate,demo_23,35,agentview,akita_black_bowl_1,is_behind,glazed_rim_porcelain_ramekin_1
pick_up_the_black_bowl_on_the_wooden_cabinet_and_place_it_on_the_plate,demo_23,35,agentview,glazed_rim_porcelain_ramekin_1,is_in_front_of,akita_black_bowl_1
pick_up_the_black_bowl_on_the_wooden_cabinet_and_place_it_on_the_plate,demo_23,35,agentview,akita_black_bowl_1,is_behind,plate_1
pick_up_the_black_bowl_on_the_wooden_cabinet_and_place_it_on_the_plate,demo_23,35,agentview,plate_1,is_in_front_of,akita_black_bowl_1
pick_up_the_black_bowl_on_the_wooden_cabinet_and_place_it_on_the_plate,demo_23,35,agentview,akita_black_bowl_1,is_behind,flat_stove_1
pick_up_the_black_bowl_on_the_wooden_cabinet_and_place_it_on_the_plate,demo_23,35,agentview,flat_stove_1,is_in_front_of,akita_black_bowl_1
pick_up_the_black_bowl_on_the_wooden_cabinet_and_place_it_on_the_plate,demo_23,35,agentview,akita_black_bowl_2,is_on_top_of,flat_stove_1
pick_up_the_black_bowl_on_the_wooden_cabinet_and_place_it_on_the_plate,demo_23,35,agentview,flat_stove_1,is_below_of,akita_black_bowl_2
pick_up_the_black_bowl_on_the_wooden_cabinet_and_place_it_on_the_plate,demo_23,35,agentview,akita_black_bowl_2,is_left_of,cookies_1
pick_up_the_black_bowl_on_the_wooden_cabinet_and_place_it_on_the_plate,demo_23,35,agentview,cookies_1,is_right_of,akita_black_bowl_2
pick_up_the_black_bowl_on_the_wooden_cabinet_and_place_it_on_the_plate,demo_23,35,agentview,akita_black_bowl_2,is_left_of,glazed_rim_porcelain_ramekin_1
pick_up_the_black_bowl_on_the_wooden_cabinet_and_place_it_on_the_plate,demo_23,35,agentview,glazed_rim_porcelain_ramekin_1,is_right_of,akita_black_bowl_2
pick_up_the_black_bowl_on_the_wooden_cabinet_and_place_it_on_the_plate,demo_23,35,agentview,akita_black_bowl_2,is_left_of,plate_1
pick_up_the_black_bowl_on_the_wooden_cabinet_and_place_it_on_the_plate,demo_23,35,agentview,plate_1,is_right_of,akita_black_bowl_2
pick_up_the_black_bowl_on_the_wooden_cabinet_and_place_it_on_the_plate,demo_23,35,agentview,cookies_1,is_left_of,glazed_rim_porcelain_ramekin_1
pick_up_the_black_bowl_on_the_wooden_cabinet_and_place_it_on_the_plate,demo_23,35,agentview,glazed_rim_porcelain_ramekin_1,is_right_of,cookies_1
pick_up_the_black_bowl_on_the_wooden_cabinet_and_place_it_on_the_plate,demo_23,35,agentview,cookies_1,is_left_of,plate_1
pick_up_the_black_bowl_on_the_wooden_cabinet_and_place_it_on_the_plate,demo_23,35,agentview,plate_1,is_right_of,cookies_1
pick_up_the_black_bowl_on_the_wooden_cabinet_and_place_it_on_the_plate,demo_23,35,agentview,glazed_rim_porcelain_ramekin_1,is_left_of,plate_1
pick_up_the_black_bowl_on_the_wooden_cabinet_and_place_it_on_the_plate,demo_23,35,agentview,plate_1,is_right_of,glazed_rim_porcelain_ramekin_1
pick_up_the_black_bowl_on_the_wooden_cabinet_and_place_it_on_the_plate,demo_23,35,agentview,wooden_cabinet_1,is_behind,akita_black_bowl_2
pick_up_the_black_bowl_on_the_wooden_cabinet_and_place_it_on_the_plate,demo_23,35,agentview,akita_black_bowl_2,is_in_front_of,wooden_cabinet_1
pick_up_the_black_bowl_on_the_wooden_cabinet_and_place_it_on_the_plate,demo_23,35,agentview,wooden_cabinet_1,is_behind,cookies_1
pick_up_the_black_bowl_on_the_wooden_cabinet_and_place_it_on_the_plate,demo_23,35,agentview,cookies_1,is_in_front_of,wooden_cabinet_1
pick_up_the_black_bowl_on_the_wooden_cabinet_and_place_it_on_the_plate,demo_23,35,agentview,wooden_cabinet_1,is_behind,glazed_rim_porcelain_ramekin_1
pick_up_the_black_bowl_on_the_wooden_cabinet_and_place_it_on_the_plate,demo_23,35,agentview,glazed_rim_porcelain_ramekin_1,is_in_front_of,wooden_cabinet_1
pick_up_the_black_bowl_on_the_wooden_cabinet_and_place_it_on_the_plate,demo_23,35,agentview,wooden_cabinet_1,is_behind,plate_1
pick_up_the_black_bowl_on_the_wooden_cabinet_and_place_it_on_the_plate,demo_23,35,agentview,plate_1,is_in_front_of,wooden_cabinet_1
pick_up_the_black_bowl_on_the_wooden_cabinet_and_place_it_on_the_plate,demo_23,35,agentview,wooden_cabinet_1,is_behind,flat_stove_1
pick_up_the_black_bowl_on_the_wooden_cabinet_and_place_it_on_the_plate,demo_23,35,agentview,flat_stove_1,is_in_front_of,wooden_cabinet_1
pick_up_the_black_bowl_on_the_wooden_cabinet_and_place_it_on_the_plate,demo_23,40,agentview,akita_black_bowl_1,is_on_top_of,wooden_cabinet_1
pick_up_the_black_bowl_on_the_wooden_cabinet_and_place_it_on_the_plate,demo_23,40,agentview,wooden_cabinet_1,is_below_of,akita_black_bowl_1
pick_up_the_black_bowl_on_the_wooden_cabinet_and_place_it_on_the_plate,demo_23,40,agentview,akita_black_bowl_2,is_on_top_of,wooden_cabinet_1
pick_up_the_black_bowl_on_the_wooden_cabinet_and_place_it_on_the_plate,demo_23,40,agentview,wooden_cabinet_1,is_below_of,akita_black_bowl_2
pick_up_the_black_bowl_on_the_wooden_cabinet_and_place_it_on_the_plate,demo_23,40,agentview,cookies_1,is_on_top_of,wooden_cabinet_1
pick_up_the_black_bowl_on_the_wooden_cabinet_and_place_it_on_the_plate,demo_23,40,agentview,wooden_cabinet_1,is_below_of,cookies_1
pick_up_the_black_bowl_on_the_wooden_cabinet_and_place_it_on_the_plate,demo_23,40,agentview,glazed_rim_porcelain_ramekin_1,is_on_top_of,wooden_cabinet_1
pick_up_the_black_bowl_on_the_wooden_cabinet_and_place_it_on_the_plate,demo_23,40,agentview,wooden_cabinet_1,is_below_of,glazed_rim_porcelain_ramekin_1
pick_up_the_black_bowl_on_the_wooden_cabinet_and_place_it_on_the_plate,demo_23,40,agentview,plate_1,is_on_top_of,flat_stove_1
pick_up_the_black_bowl_on_the_wooden_cabinet_and_place_it_on_the_plate,demo_23,40,agentview,flat_stove_1,is_below_of,plate_1
pick_up_the_black_bowl_on_the_wooden_cabinet_and_place_it_on_the_plate,demo_23,40,agentview,akita_black_bowl_1,is_behind,akita_black_bowl_2
pick_up_the_black_bowl_on_the_wooden_cabinet_and_place_it_on_the_plate,demo_23,40,agentview,akita_black_bowl_2,is_in_front_of,akita_black_bowl_1
pick_up_the_black_bowl_on_the_wooden_cabinet_and_place_it_on_the_plate,demo_23,40,agentview,akita_black_bowl_1,is_behind,cookies_1
pick_up_the_black_bowl_on_the_wooden_cabinet_and_place_it_on_the_plate,demo_23,40,agentview,cookies_1,is_in_front_of,akita_black_bowl_1
pick_up_the_black_bowl_on_the_wooden_cabinet_and_place_it_on_the_plate,demo_23,40,agentview,akita_black_bowl_1,is_behind,glazed_rim_porcelain_ramekin_1
pick_up_the_black_bowl_on_the_wooden_cabinet_and_place_it_on_the_plate,demo_23,40,agentview,glazed_rim_porcelain_ramekin_1,is_in_front_of,akita_black_bowl_1
pick_up_the_black_bowl_on_the_wooden_cabinet_and_place_it_on_the_plate,demo_23,40,agentview,akita_black_bowl_1,is_behind,plate_1
pick_up_the_black_bowl_on_the_wooden_cabinet_and_place_it_on_the_plate,demo_23,40,agentview,plate_1,is_in_front_of,akita_black_bowl_1
pick_up_the_black_bowl_on_the_wooden_cabinet_and_place_it_on_the_plate,demo_23,40,agentview,akita_black_bowl_2,is_left_of,cookies_1
pick_up_the_black_bowl_on_the_wooden_cabinet_and_place_it_on_the_plate,demo_23,40,agentview,cookies_1,is_right_of,akita_black_bowl_2
pick_up_the_black_bowl_on_the_wooden_cabinet_and_place_it_on_the_plate,demo_23,40,agentview,akita_black_bowl_2,is_behind,glazed_rim_porcelain_ramekin_1
pick_up_the_black_bowl_on_the_wooden_cabinet_and_place_it_on_the_plate,demo_23,40,agentview,glazed_rim_porcelain_ramekin_1,is_in_front_of,akita_black_bowl_2
pick_up_the_black_bowl_on_the_wooden_cabinet_and_place_it_on_the_plate,demo_23,40,agentview,akita_black_bowl_2,is_behind,plate_1
pick_up_the_black_bowl_on_the_wooden_cabinet_and_place_it_on_the_plate,demo_23,40,agentview,plate_1,is_in_front_of,akita_black_bowl_2
pick_up_the_black_bowl_on_the_wooden_cabinet_and_place_it_on_the_plate,demo_23,40,agentview,cookies_1,is_left_of,glazed_rim_porcelain_ramekin_1
pick_up_the_black_bowl_on_the_wooden_cabinet_and_place_it_on_the_plate,demo_23,40,agentview,glazed_rim_porcelain_ramekin_1,is_right_of,cookies_1
pick_up_the_black_bowl_on_the_wooden_cabinet_and_place_it_on_the_plate,demo_23,40,agentview,cookies_1,is_behind,plate_1
pick_up_the_black_bowl_on_the_wooden_cabinet_and_place_it_on_the_plate,demo_23,40,agentview,plate_1,is_in_front_of,cookies_1
pick_up_the_black_bowl_on_the_wooden_cabinet_and_place_it_on_the_plate,demo_23,40,agentview,glazed_rim_porcelain_ramekin_1,is_behind,plate_1
pick_up_the_black_bowl_on_the_wooden_cabinet_and_place_it_on_the_plate,demo_23,40,agentview,plate_1,is_in_front_of,glazed_rim_porcelain_ramekin_1
pick_up_the_black_bowl_on_the_wooden_cabinet_and_place_it_on_the_plate,demo_23,45,agentview,akita_black_bowl_1,is_on_top_of,wooden_cabinet_1
pick_up_the_black_bowl_on_the_wooden_cabinet_and_place_it_on_the_plate,demo_23,45,agentview,wooden_cabinet_1,is_below_of,akita_black_bowl_1
pick_up_the_black_bowl_on_the_wooden_cabinet_and_place_it_on_the_plate,demo_23,45,agentview,akita_black_bowl_1,is_behind,akita_black_bowl_2
pick_up_the_black_bowl_on_the_wooden_cabinet_and_place_it_on_the_plate,demo_23,45,agentview,akita_black_bowl_2,is_in_front_of,akita_black_bowl_1
pick_up_the_black_bowl_on_the_wooden_cabinet_and_place_it_on_the_plate,demo_23,45,agentview,akita_black_bowl_1,is_behind,cookies_1
pick_up_the_black_bowl_on_the_wooden_cabinet_and_place_it_on_the_plate,demo_23,45,agentview,cookies_1,is_in_front_of,akita_black_bowl_1
pick_up_the_black_bowl_on_the_wooden_cabinet_and_place_it_on_the_plate,demo_23,45,agentview,akita_black_bowl_1,is_behind,glazed_rim_porcelain_ramekin_1
pick_up_the_black_bowl_on_the_wooden_cabinet_and_place_it_on_the_plate,demo_23,45,agentview,glazed_rim_porcelain_ramekin_1,is_in_front_of,akita_black_bowl_1
pick_up_the_black_bowl_on_the_wooden_cabinet_and_place_it_on_the_plate,demo_23,45,agentview,akita_black_bowl_1,is_behind,plate_1
pick_up_the_black_bowl_on_the_wooden_cabinet_and_place_it_on_the_plate,demo_23,45,agentview,plate_1,is_in_front_of,akita_black_bowl_1
pick_up_the_black_bowl_on_the_wooden_cabinet_and_place_it_on_the_plate,demo_23,45,agentview,akita_black_bowl_1,is_behind,flat_stove_1
pick_up_the_black_bowl_on_the_wooden_cabinet_and_place_it_on_the_plate,demo_23,45,agentview,flat_stove_1,is_in_front_of,akita_black_bowl_1
pick_up_the_black_bowl_on_the_wooden_cabinet_and_place_it_on_the_plate,demo_23,45,agentview,akita_black_bowl_2,is_left_of,cookies_1
pick_up_the_black_bowl_on_the_wooden_cabinet_and_place_it_on_the_plate,demo_23,45,agentview,cookies_1,is_right_of,akita_black_bowl_2
pick_up_the_black_bowl_on_the_wooden_cabinet_and_place_it_on_the_plate,demo_23,45,agentview,akita_black_bowl_2,is_left_of,glazed_rim_porcelain_ramekin_1
pick_up_the_black_bowl_on_the_wooden_cabinet_and_place_it_on_the_plate,demo_23,45,agentview,glazed_rim_porcelain_ramekin_1,is_right_of,akita_black_bowl_2
pick_up_the_black_bowl_on_the_wooden_cabinet_and_place_it_on_the_plate,demo_23,45,agentview,akita_black_bowl_2,is_left_of,plate_1
pick_up_the_black_bowl_on_the_wooden_cabinet_and_place_it_on_the_plate,demo_23,45,agentview,plate_1,is_right_of,akita_black_bowl_2
pick_up_the_black_bowl_on_the_wooden_cabinet_and_place_it_on_the_plate,demo_23,45,agentview,akita_black_bowl_2,is_on_top_of,wooden_cabinet_1
pick_up_the_black_bowl_on_the_wooden_cabinet_and_place_it_on_the_plate,demo_23,45,agentview,wooden_cabinet_1,is_below_of,akita_black_bowl_2
pick_up_the_black_bowl_on_the_wooden_cabinet_and_place_it_on_the_plate,demo_23,45,agentview,cookies_1,is_left_of,glazed_rim_porcelain_ramekin_1
pick_up_the_black_bowl_on_the_wooden_cabinet_and_place_it_on_the_plate,demo_23,45,agentview,glazed_rim_porcelain_ramekin_1,is_right_of,cookies_1
pick_up_the_black_bowl_on_the_wooden_cabinet_and_place_it_on_the_plate,demo_23,45,agentview,cookies_1,is_left_of,plate_1
pick_up_the_black_bowl_on_the_wooden_cabinet_and_place_it_on_the_plate,demo_23,45,agentview,plate_1,is_right_of,cookies_1
pick_up_the_black_bowl_on_the_wooden_cabinet_and_place_it_on_the_plate,demo_23,45,agentview,cookies_1,is_on_top_of,wooden_cabinet_1
pick_up_the_black_bowl_on_the_wooden_cabinet_and_place_it_on_the_plate,demo_23,45,agentview,wooden_cabinet_1,is_below_of,cookies_1
pick_up_the_black_bowl_on_the_wooden_cabinet_and_place_it_on_the_plate,demo_23,45,agentview,glazed_rim_porcelain_ramekin_1,is_left_of,plate_1
pick_up_the_black_bowl_on_the_wooden_cabinet_and_place_it_on_the_plate,demo_23,45,agentview,plate_1,is_right_of,glazed_rim_porcelain_ramekin_1
pick_up_the_black_bowl_on_the_wooden_cabinet_and_place_it_on_the_plate,demo_23,45,agentview,glazed_rim_porcelain_ramekin_1,is_on_top_of,wooden_cabinet_1
pick_up_the_black_bowl_on_the_wooden_cabinet_and_place_it_on_the_plate,demo_23,45,agentview,wooden_cabinet_1,is_below_of,glazed_rim_porcelain_ramekin_1
pick_up_the_black_bowl_on_the_wooden_cabinet_and_place_it_on_the_plate,demo_23,45,agentview,plate_1,is_on_top_of,wooden_cabinet_1
pick_up_the_black_bowl_on_the_wooden_cabinet_and_place_it_on_the_plate,demo_23,45,agentview,wooden_cabinet_1,is_below_of,plate_1
pick_up_the_black_bowl_on_the_wooden_cabinet_and_place_it_on_the_plate,demo_23,45,agentview,wooden_cabinet_1,is_behind,flat_stove_1
pick_up_the_black_bowl_on_the_wooden_cabinet_and_place_it_on_the_plate,demo_23,45,agentview,flat_stove_1,is_in_front_of,wooden_cabinet_1
pick_up_the_black_bowl_on_the_wooden_cabinet_and_place_it_on_the_plate,demo_23,50,agentview,akita_black_bowl_1,is_on_top_of,wooden_cabinet_1
pick_up_the_black_bowl_on_the_wooden_cabinet_and_place_it_on_the_plate,demo_23,50,agentview,wooden_cabinet_1,is_below_of,akita_black_bowl_1
pick_up_the_black_bowl_on_the_wooden_cabinet_and_place_it_on_the_plate,demo_23,50,agentview,akita_black_bowl_2,is_on_top_of,plate_1
pick_up_the_black_bowl_on_the_wooden_cabinet_and_place_it_on_the_plate,demo_23,50,agentview,plate_1,is_below_of,akita_black_bowl_2
pick_up_the_black_bowl_on_the_wooden_cabinet_and_place_it_on_the_plate,demo_23,50,agentview,cookies_1,is_on_top_of,plate_1
pick_up_the_black_bowl_on_the_wooden_cabinet_and_place_it_on_the_plate,demo_23,50,agentview,plate_1,is_below_of,cookies_1
pick_up_the_black_bowl_on_the_wooden_cabinet_and_place_it_on_the_plate,demo_23,50,agentview,glazed_rim_porcelain_ramekin_1,is_on_top_of,flat_stove_1
pick_up_the_black_bowl_on_the_wooden_cabinet_and_place_it_on_the_plate,demo_23,50,agentview,flat_stove_1,is_below_of,glazed_rim_porcelain_ramekin_1
pick_up_the_black_bowl_on_the_wooden_cabinet_and_place_it_on_the_plate,demo_23,50,agentview,plate_1,is_right_of,akita_black_bowl_1
pick_up_the_black_bowl_on_the_wooden_cabinet_and_place_it_on_the_plate,demo_23,50,agentview,akita_black_bowl_1,is_left_of,plate_1
pick_up_the_black_bowl_on_the_wooden_cabinet_and_place_it_on_the_plate,demo_23,50,agentview,plate_1,is_right_of,wooden_cabinet_1
pick_up_the_black_bowl_on_the_wooden_cabinet_and_place_it_on_the_plate,demo_23,50,agentview,wooden_cabinet_1,is_left_of,plate_1
pick_up_the_black_bowl_on_the_wooden_cabinet_and_place_it_on_the_plate,demo_23,50,agentview,cookies_1,is_right_of,akita_black_bowl_1
pick_up_the_black_bowl_on_the_wooden_cabinet_and_place_it_on_the_plate,demo_23,50,agentview,akita_black_bowl_1,is_left_of,cookies_1
pick_up_the_black_bowl_on_the_wooden_cabinet_and_place_it_on_the_plate,demo_23,50,agentview,cookies_1,is_right_of,wooden_cabinet_1
pick_up_the_black_bowl_on_the_wooden_cabinet_and_place_it_on_the_plate,demo_23,50,agentview,wooden_cabinet_1,is_left_of,cookies_1
pick_up_the_black_bowl_on_the_wooden_cabinet_and_place_it_on_the_plate,demo_23,50,agentview,glazed_rim_porcelain_ramekin_1,is_behind,akita_black_bowl_1
pick_up_the_black_bowl_on_the_wooden_cabinet_and_place_it_on_the_plate,demo_23,50,agentview,akita_black_bowl_1,is_in_front_of,glazed_rim_porcelain_ramekin_1
pick_up_the_black_bowl_on_the_wooden_cabinet_and_place_it_on_the_plate,demo_23,50,agentview,glazed_rim_porcelain_ramekin_1,is_behind,wooden_cabinet_1
pick_up_the_black_bowl_on_the_wooden_cabinet_and_place_it_on_the_plate,demo_23,50,agentview,wooden_cabinet_1,is_in_front_of,glazed_rim_porcelain_ramekin_1
pick_up_the_black_bowl_on_the_wooden_cabinet_and_place_it_on_the_plate,demo_23,50,agentview,glazed_rim_porcelain_ramekin_1,is_behind,plate_1
pick_up_the_black_bowl_on_the_wooden_cabinet_and_place_it_on_the_plate,demo_23,50,agentview,plate_1,is_in_front_of,glazed_rim_porcelain_ramekin_1
pick_up_the_black_bowl_on_the_wooden_cabinet_and_place_it_on_the_plate,demo_23,50,agentview,glazed_rim_porcelain_ramekin_1,is_behind,cookies_1
pick_up_the_black_bowl_on_the_wooden_cabinet_and_place_it_on_the_plate,demo_23,50,agentview,cookies_1,is_in_front_of,glazed_rim_porcelain_ramekin_1
pick_up_the_black_bowl_on_the_wooden_cabinet_and_place_it_on_the_plate,demo_23,50,agentview,glazed_rim_porcelain_ramekin_1,is_right_of,akita_black_bowl_2
pick_up_the_black_bowl_on_the_wooden_cabinet_and_place_it_on_the_plate,demo_23,50,agentview,akita_black_bowl_2,is_left_of,glazed_rim_porcelain_ramekin_1
pick_up_the_black_bowl_on_the_wooden_cabinet_and_place_it_on_the_plate,demo_23,50,agentview,akita_black_bowl_2,is_in_front_of,akita_black_bowl_1
pick_up_the_black_bowl_on_the_wooden_cabinet_and_place_it_on_the_plate,demo_23,50,agentview,akita_black_bowl_1,is_behind,akita_black_bowl_2
pick_up_the_black_bowl_on_the_wooden_cabinet_and_place_it_on_the_plate,demo_23,50,agentview,akita_black_bowl_2,is_in_front_of,wooden_cabinet_1
pick_up_the_black_bowl_on_the_wooden_cabinet_and_place_it_on_the_plate,demo_23,50,agentview,wooden_cabinet_1,is_behind,akita_black_bowl_2
pick_up_the_black_bowl_on_the_wooden_cabinet_and_place_it_on_the_plate,demo_23,50,agentview,akita_black_bowl_2,is_in_front_of,plate_1
pick_up_the_black_bowl_on_the_wooden_cabinet_and_place_it_on_the_plate,demo_23,50,agentview,plate_1,is_behind,akita_black_bowl_2
pick_up_the_black_bowl_on_the_wooden_cabinet_and_place_it_on_the_plate,demo_23,50,agentview,akita_black_bowl_2,is_in_front_of,cookies_1
pick_up_the_black_bowl_on_the_wooden_cabinet_and_place_it_on_the_plate,demo_23,50,agentview,cookies_1,is_behind,akita_black_bowl_2
pick_up_the_black_bowl_on_the_wooden_cabinet_and_place_it_on_the_plate,demo_23,55,agentview,akita_black_bowl_1,is_on_top_of,wooden_cabinet_1
pick_up_the_black_bowl_on_the_wooden_cabinet_and_place_it_on_the_plate,demo_23,55,agentview,wooden_cabinet_1,is_below_of,akita_black_bowl_1
pick_up_the_black_bowl_on_the_wooden_cabinet_and_place_it_on_the_plate,demo_23,55,agentview,akita_black_bowl_2,is_on_top_of,flat_stove_1
pick_up_the_black_bowl_on_the_wooden_cabinet_and_place_it_on_the_plate,demo_23,55,agentview,flat_stove_1,is_below_of,akita_black_bowl_2
pick_up_the_black_bowl_on_the_wooden_cabinet_and_place_it_on_the_plate,demo_23,55,agentview,cookies_1,is_on_top_of,wooden_cabinet_1
pick_up_the_black_bowl_on_the_wooden_cabinet_and_place_it_on_the_plate,demo_23,55,agentview,wooden_cabinet_1,is_below_of,cookies_1
pick_up_the_black_bowl_on_the_wooden_cabinet_and_place_it_on_the_plate,demo_23,55,agentview,glazed_rim_porcelain_ramekin_1,is_on_top_of,wooden_cabinet_1
pick_up_the_black_bowl_on_the_wooden_cabinet_and_place_it_on_the_plate,demo_23,55,agentview,wooden_cabinet_1,is_below_of,glazed_rim_porcelain_ramekin_1
pick_up_the_black_bowl_on_the_wooden_cabinet_and_place_it_on_the_plate,demo_23,55,agentview,plate_1,is_on_top_of,flat_stove_1
pick_up_the_black_bowl_on_the_wooden_cabinet_and_place_it_on_the_plate,demo_23,55,agentview,flat_stove_1,is_below_of,plate_1
pick_up_the_black_bowl_on_the_wooden_cabinet_and_place_it_on_the_plate,demo_23,55,agentview,akita_black_bowl_1,is_behind,akita_black_bowl_2
pick_up_the_black_bowl_on_the_wooden_cabinet_and_place_it_on_the_plate,demo_23,55,agentview,akita_black_bowl_2,is_in_front_of,akita_black_bowl_1
pick_up_the_black_bowl_on_the_wooden_cabinet_and_place_it_on_the_plate,demo_23,55,agentview,akita_black_bowl_1,is_behind,plate_1
pick_up_the_black_bowl_on_the_wooden_cabinet_and_place_it_on_the_plate,demo_23,55,agentview,plate_1,is_in_front_of,akita_black_bowl_1
pick_up_the_black_bowl_on_the_wooden_cabinet_and_place_it_on_the_plate,demo_23,55,agentview,akita_black_bowl_1,is_behind,cookies_1
pick_up_the_black_bowl_on_the_wooden_cabinet_and_place_it_on_the_plate,demo_23,55,agentview,cookies_1,is_in_front_of,akita_black_bowl_1
pick_up_the_black_bowl_on_the_wooden_cabinet_and_place_it_on_the_plate,demo_23,55,agentview,akita_black_bowl_1,is_behind,glazed_rim_porcelain_ramekin_1
pick_up_the_black_bowl_on_the_wooden_cabinet_and_place_it_on_the_plate,demo_23,55,agentview,glazed_rim_porcelain_ramekin_1,is_in_front_of,akita_black_bowl_1
pick_up_the_black_bowl_on_the_wooden_cabinet_and_place_it_on_the_plate,demo_23,55,agentview,akita_black_bowl_2,is_right_of,akita_black_bowl_1
pick_up_the_black_bowl_on_the_wooden_cabinet_and_place_it_on_the_plate,demo_23,55,agentview,akita_black_bowl_1,is_left_of,akita_black_bowl_2
pick_up_the_black_bowl_on_the_wooden_cabinet_and_place_it_on_the_plate,demo_23,55,agentview,akita_black_bowl_2,is_behind,cookies_1
pick_up_the_black_bowl_on_the_wooden_cabinet_and_place_it_on_the_plate,demo_23,55,agentview,cookies_1,is_in_front_of,akita_black_bowl_2
pick_up_the_black_bowl_on_the_wooden_cabinet_and_place_it_on_the_plate,demo_23,55,agentview,akita_black_bowl_2,is_behind,glazed_rim_porcelain_ramekin_1
pick_up_the_black_bowl_on_the_wooden_cabinet_and_place_it_on_the_plate,demo_23,55,agentview,glazed_rim_porcelain_ramekin_1,is_in_front_of,akita_black_bowl_2
pick_up_the_black_bowl_on_the_wooden_cabinet_and_place_it_on_the_plate,demo_23,55,agentview,akita_black_bowl_2,is_right_of,plate_1
pick_up_the_black_bowl_on_the_wooden_cabinet_and_place_it_on_the_plate,demo_23,55,agentview,plate_1,is_left_of,akita_black_bowl_2
pick_up_the_black_bowl_on_the_wooden_cabinet_and_place_it_on_the_plate,demo_23,55,agentview,plate_1,is_behind,cookies_1
pick_up_the_black_bowl_on_the_wooden_cabinet_and_place_it_on_the_plate,demo_23,55,agentview,cookies_1,is_in_front_of,plate_1
pick_up_the_black_bowl_on_the_wooden_cabinet_and_place_it_on_the_plate,demo_23,55,agentview,plate_1,is_behind,glazed_rim_porcelain_ramekin_1
pick_up_the_black_bowl_on_the_wooden_cabinet_and_place_it_on_the_plate,demo_23,55,agentview,glazed_rim_porcelain_ramekin_1,is_in_front_of,plate_1
pick_up_the_black_bowl_on_the_wooden_cabinet_and_place_it_on_the_plate,demo_23,55,agentview,cookies_1,is_right_of,glazed_rim_porcelain_ramekin_1
pick_up_the_black_bowl_on_the_wooden_cabinet_and_place_it_on_the_plate,demo_23,55,agentview,glazed_rim_porcelain_ramekin_1,is_left_of,cookies_1
pick_up_the_black_bowl_on_the_wooden_cabinet_and_place_it_on_the_plate,demo_23,60,agentview,akita_black_bowl_1,is_on_top_of,wooden_cabinet_1
pick_up_the_black_bowl_on_the_wooden_cabinet_and_place_it_on_the_plate,demo_23,60,agentview,wooden_cabinet_1,is_below_of,akita_black_bowl_1
pick_up_the_black_bowl_on_the_wooden_cabinet_and_place_it_on_the_plate,demo_23,60,agentview,akita_black_bowl_1,is_behind,akita_black_bowl_2
pick_up_the_black_bowl_on_the_wooden_cabinet_and_place_it_on_the_plate,demo_23,60,agentview,akita_black_bowl_2,is_in_front_of,akita_black_bowl_1
pick_up_the_black_bowl_on_the_wooden_cabinet_and_place_it_on_the_plate,demo_23,60,agentview,akita_black_bowl_1,is_behind,cookies_1
pick_up_the_black_bowl_on_the_wooden_cabinet_and_place_it_on_the_plate,demo_23,60,agentview,cookies_1,is_in_front_of,akita_black_bowl_1
pick_up_the_black_bowl_on_the_wooden_cabinet_and_place_it_on_the_plate,demo_23,60,agentview,akita_black_bowl_1,is_behind,glazed_rim_porcelain_ramekin_1
pick_up_the_black_bowl_on_the_wooden_cabinet_and_place_it_on_the_plate,demo_23,60,agentview,glazed_rim_porcelain_ramekin_1,is_in_front_of,akita_black_bowl_1
pick_up_the_black_bowl_on_the_wooden_cabinet_and_place_it_on_the_plate,demo_23,60,agentview,akita_black_bowl_1,is_behind,plate_1
pick_up_the_black_bowl_on_the_wooden_cabinet_and_place_it_on_the_plate,demo_23,60,agentview,plate_1,is_in_front_of,akita_black_bowl_1
pick_up_the_black_bowl_on_the_wooden_cabinet_and_place_it_on_the_plate,demo_23,60,agentview,akita_black_bowl_1,is_behind,flat_stove_1
pick_up_the_black_bowl_on_the_wooden_cabinet_and_place_it_on_the_plate,demo_23,60,agentview,flat_stove_1,is_in_front_of,akita_black_bowl_1
pick_up_the_black_bowl_on_the_wooden_cabinet_and_place_it_on_the_plate,demo_23,60,agentview,akita_black_bowl_2,is_left_of,cookies_1
pick_up_the_black_bowl_on_the_wooden_cabinet_and_place_it_on_the_plate,demo_23,60,agentview,cookies_1,is_right_of,akita_black_bowl_2
pick_up_the_black_bowl_on_the_wooden_cabinet_and_place_it_on_the_plate,demo_23,60,agentview,akita_black_bowl_2,is_left_of,glazed_rim_porcelain_ramekin_1
pick_up_the_black_bowl_on_the_wooden_cabinet_and_place_it_on_the_plate,demo_23,60,agentview,glazed_rim_porcelain_ramekin_1,is_right_of,akita_black_bowl_2
pick_up_the_black_bowl_on_the_wooden_cabinet_and_place_it_on_the_plate,demo_23,60,agentview,akita_black_bowl_2,is_left_of,plate_1
pick_up_the_black_bowl_on_the_wooden_cabinet_and_place_it_on_the_plate,demo_23,60,agentview,plate_1,is_right_of,akita_black_bowl_2
pick_up_the_black_bowl_on_the_wooden_cabinet_and_place_it_on_the_plate,demo_23,60,agentview,akita_black_bowl_2,is_in_front_of,flat_stove_1
pick_up_the_black_bowl_on_the_wooden_cabinet_and_place_it_on_the_plate,demo_23,60,agentview,flat_stove_1,is_behind,akita_black_bowl_2
pick_up_the_black_bowl_on_the_wooden_cabinet_and_place_it_on_the_plate,demo_23,60,agentview,cookies_1,is_left_of,glazed_rim_porcelain_ramekin_1
pick_up_the_black_bowl_on_the_wooden_cabinet_and_place_it_on_the_plate,demo_23,60,agentview,glazed_rim_porcelain_ramekin_1,is_right_of,cookies_1
pick_up_the_black_bowl_on_the_wooden_cabinet_and_place_it_on_the_plate,demo_23,60,agentview,cookies_1,is_left_of,plate_1
pick_up_the_black_bowl_on_the_wooden_cabinet_and_place_it_on_the_plate,demo_23,60,agentview,plate_1,is_right_of,cookies_1
pick_up_the_black_bowl_on_the_wooden_cabinet_and_place_it_on_the_plate,demo_23,60,agentview,cookies_1,is_in_front_of,flat_stove_1
pick_up_the_black_bowl_on_the_wooden_cabinet_and_place_it_on_the_plate,demo_23,60,agentview,flat_stove_1,is_behind,cookies_1
pick_up_the_black_bowl_on_the_wooden_cabinet_and_place_it_on_the_plate,demo_23,60,agentview,glazed_rim_porcelain_ramekin_1,is_left_of,plate_1
pick_up_the_black_bowl_on_the_wooden_cabinet_and_place_it_on_the_plate,demo_23,60,agentview,plate_1,is_right_of,glazed_rim_porcelain_ramekin_1
pick_up_the_black_bowl_on_the_wooden_cabinet_and_place_it_on_the_plate,demo_23,60,agentview,glazed_rim_porcelain_ramekin_1,is_in_front_of,flat_stove_1
pick_up_the_black_bowl_on_the_wooden_cabinet_and_place_it_on_the_plate,demo_23,60,agentview,flat_stove_1,is_behind,glazed_rim_porcelain_ramekin_1
pick_up_the_black_bowl_on_the_wooden_cabinet_and_place_it_on_the_plate,demo_23,60,agentview,plate_1,is_on_top_of,flat_stove_1
pick_up_the_black_bowl_on_the_wooden_cabinet_and_place_it_on_the_plate,demo_23,60,agentview,flat_stove_1,is_below_of,plate_1
pick_up_the_black_bowl_on_the_wooden_cabinet_and_place_it_on_the_plate,demo_23,65,agentview,akita_black_bowl_1,is_on_top_of,wooden_cabinet_1
pick_up_the_black_bowl_on_the_wooden_cabinet_and_place_it_on_the_plate,demo_23,65,agentview,wooden_cabinet_1,is_below_of,akita_black_bowl_1
pick_up_the_black_bowl_on_the_wooden_cabinet_and_place_it_on_the_plate,demo_23,65,agentview,akita_black_bowl_1,is_behind,akita_black_bowl_2
pick_up_the_black_bowl_on_the_wooden_cabinet_and_place_it_on_the_plate,demo_23,65,agentview,akita_black_bowl_2,is_in_front_of,akita_black_bowl_1
pick_up_the_black_bowl_on_the_wooden_cabinet_and_place_it_on_the_plate,demo_23,65,agentview,akita_black_bowl_1,is_behind,cookies_1
pick_up_the_black_bowl_on_the_wooden_cabinet_and_place_it_on_the_plate,demo_23,65,agentview,cookies_1,is_in_front_of,akita_black_bowl_1
pick_up_the_black_bowl_on_the_wooden_cabinet_and_place_it_on_the_plate,demo_23,65,agentview,akita_black_bowl_1,is_behind,glazed_rim_porcelain_ramekin_1
pick_up_the_black_bowl_on_the_wooden_cabinet_and_place_it_on_the_plate,demo_23,65,agentview,glazed_rim_porcelain_ramekin_1,is_in_front_of,akita_black_bowl_1
pick_up_the_black_bowl_on_the_wooden_cabinet_and_place_it_on_the_plate,demo_23,65,agentview,akita_black_bowl_1,is_behind,plate_1
pick_up_the_black_bowl_on_the_wooden_cabinet_and_place_it_on_the_plate,demo_23,65,agentview,plate_1,is_in_front_of,akita_black_bowl_1
pick_up_the_black_bowl_on_the_wooden_cabinet_and_place_it_on_the_plate,demo_23,65,agentview,akita_black_bowl_1,is_behind,flat_stove_1
pick_up_the_black_bowl_on_the_wooden_cabinet_and_place_it_on_the_plate,demo_23,65,agentview,flat_stove_1,is_in_front_of,akita_black_bowl_1
pick_up_the_black_bowl_on_the_wooden_cabinet_and_place_it_on_the_plate,demo_23,65,agentview,akita_black_bowl_2,is_left_of,cookies_1
pick_up_the_black_bowl_on_the_wooden_cabinet_and_place_it_on_the_plate,demo_23,65,agentview,cookies_1,is_right_of,akita_black_bowl_2
pick_up_the_black_bowl_on_the_wooden_cabinet_and_place_it_on_the_plate,demo_23,65,agentview,akita_black_bowl_2,is_left_of,glazed_rim_porcelain_ramekin_1
pick_up_the_black_bowl_on_the_wooden_cabinet_and_place_it_on_the_plate,demo_23,65,agentview,glazed_rim_porcelain_ramekin_1,is_right_of,akita_black_bowl_2
pick_up_the_black_bowl_on_the_wooden_cabinet_and_place_it_on_the_plate,demo_23,65,agentview,akita_black_bowl_2,is_left_of,plate_1
pick_up_the_black_bowl_on_the_wooden_cabinet_and_place_it_on_the_plate,demo_23,65,agentview,plate_1,is_right_of,akita_black_bowl_2
pick_up_the_black_bowl_on_the_wooden_cabinet_and_place_it_on_the_plate,demo_23,65,agentview,akita_black_bowl_2,is_in_front_of,wooden_cabinet_1
pick_up_the_black_bowl_on_the_wooden_cabinet_and_place_it_on_the_plate,demo_23,65,agentview,wooden_cabinet_1,is_behind,akita_black_bowl_2
pick_up_the_black_bowl_on_the_wooden_cabinet_and_place_it_on_the_plate,demo_23,65,agentview,akita_black_bowl_2,is_behind,flat_stove_1
pick_up_the_black_bowl_on_the_wooden_cabinet_and_place_it_on_the_plate,demo_23,65,agentview,flat_stove_1,is_in_front_of,akita_black_bowl_2
pick_up_the_black_bowl_on_the_wooden_cabinet_and_place_it_on_the_plate,demo_23,65,agentview,cookies_1,is_left_of,glazed_rim_porcelain_ramekin_1
pick_up_the_black_bowl_on_the_wooden_cabinet_and_place_it_on_the_plate,demo_23,65,agentview,glazed_rim_porcelain_ramekin_1,is_right_of,cookies_1
pick_up_the_black_bowl_on_the_wooden_cabinet_and_place_it_on_the_plate,demo_23,65,agentview,cookies_1,is_left_of,plate_1
pick_up_the_black_bowl_on_the_wooden_cabinet_and_place_it_on_the_plate,demo_23,65,agentview,plate_1,is_right_of,cookies_1
pick_up_the_black_bowl_on_the_wooden_cabinet_and_place_it_on_the_plate,demo_23,65,agentview,cookies_1,is_in_front_of,wooden_cabinet_1
pick_up_the_black_bowl_on_the_wooden_cabinet_and_place_it_on_the_plate,demo_23,65,agentview,wooden_cabinet_1,is_behind,cookies_1
pick_up_the_black_bowl_on_the_wooden_cabinet_and_place_it_on_the_plate,demo_23,65,agentview,cookies_1,is_behind,flat_stove_1
pick_up_the_black_bowl_on_the_wooden_cabinet_and_place_it_on_the_plate,demo_23,65,agentview,flat_stove_1,is_in_front_of,cookies_1
pick_up_the_black_bowl_on_the_wooden_cabinet_and_place_it_on_the_plate,demo_23,65,agentview,glazed_rim_porcelain_ramekin_1,is_left_of,plate_1
pick_up_the_black_bowl_on_the_wooden_cabinet_and_place_it_on_the_plate,demo_23,65,agentview,plate_1,is_right_of,glazed_rim_porcelain_ramekin_1
pick_up_the_black_bowl_on_the_wooden_cabinet_and_place_it_on_the_plate,demo_23,65,agentview,glazed_rim_porcelain_ramekin_1,is_in_front_of,wooden_cabinet_1
pick_up_the_black_bowl_on_the_wooden_cabinet_and_place_it_on_the_plate,demo_23,65,agentview,wooden_cabinet_1,is_behind,glazed_rim_porcelain_ramekin_1
pick_up_the_black_bowl_on_the_wooden_cabinet_and_place_it_on_the_plate,demo_23,65,agentview,glazed_rim_porcelain_ramekin_1,is_behind,flat_stove_1
pick_up_the_black_bowl_on_the_wooden_cabinet_and_place_it_on_the_plate,demo_23,65,agentview,flat_stove_1,is_in_front_of,glazed_rim_porcelain_ramekin_1
pick_up_the_black_bowl_on_the_wooden_cabinet_and_place_it_on_the_plate,demo_23,65,agentview,plate_1,is_in_front_of,wooden_cabinet_1
pick_up_the_black_bowl_on_the_wooden_cabinet_and_place_it_on_the_plate,demo_23,65,agentview,wooden_cabinet_1,is_behind,plate_1
pick_up_the_black_bowl_on_the_wooden_cabinet_and_place_it_on_the_plate,demo_23,65,agentview,plate_1,is_behind,flat_stove_1
pick_up_the_black_bowl_on_the_wooden_cabinet_and_place_it_on_the_plate,demo_23,65,agentview,flat_stove_1,is_in_front_of,plate_1
pick_up_the_black_bowl_on_the_wooden_cabinet_and_place_it_on_the_plate,demo_23,70,agentview,akita_black_bowl_1,is_on_top_of,wooden_cabinet_1
pick_up_the_black_bowl_on_the_wooden_cabinet_and_place_it_on_the_plate,demo_23,70,agentview,wooden_cabinet_1,is_below_of,akita_black_bowl_1
pick_up_the_black_bowl_on_the_wooden_cabinet_and_place_it_on_the_plate,demo_23,70,agentview,akita_black_bowl_1,is_behind,akita_black_bowl_2
pick_up_the_black_bowl_on_the_wooden_cabinet_and_place_it_on_the_plate,demo_23,70,agentview,akita_black_bowl_2,is_in_front_of,akita_black_bowl_1
pick_up_the_black_bowl_on_the_wooden_cabinet_and_place_it_on_the_plate,demo_23,70,agentview,akita_black_bowl_1,is_behind,cookies_1
pick_up_the_black_bowl_on_the_wooden_cabinet_and_place_it_on_the_plate,demo_23,70,agentview,cookies_1,is_in_front_of,akita_black_bowl_1
pick_up_the_black_bowl_on_the_wooden_cabinet_and_place_it_on_the_plate,demo_23,70,agentview,akita_black_bowl_1,is_behind,glazed_rim_porcelain_ramekin_1
pick_up_the_black_bowl_on_the_wooden_cabinet_and_place_it_on_the_plate,demo_23,70,agentview,glazed_rim_porcelain_ramekin_1,is_in_front_of,akita_black_bowl_1
pick_up_the_black_bowl_on_the_wooden_cabinet_and_place_it_on_the_plate,demo_23,70,agentview,akita_black_bowl_1,is_behind,plate_1
pick_up_the_black_bowl_on_the_wooden_cabinet_and_place_it_on_the_plate,demo_23,70,agentview,plate_1,is_in_front_of,akita_black_bowl_1
pick_up_the_black_bowl_on_the_wooden_cabinet_and_place_it_on_the_plate,demo_23,70,agentview,akita_black_bowl_1,is_behind,flat_stove_1
pick_up_the_black_bowl_on_the_wooden_cabinet_and_place_it_on_the_plate,demo_23,70,agentview,flat_stove_1,is_in_front_of,akita_black_bowl_1
pick_up_the_black_bowl_on_the_wooden_cabinet_and_place_it_on_the_plate,demo_23,70,agentview,akita_black_bowl_2,is_left_of,cookies_1
pick_up_the_black_bowl_on_the_wooden_cabinet_and_place_it_on_the_plate,demo_23,70,agentview,cookies_1,is_right_of,akita_black_bowl_2
pick_up_the_black_bowl_on_the_wooden_cabinet_and_place_it_on_the_plate,demo_23,70,agentview,akita_black_bowl_2,is_left_of,glazed_rim_porcelain_ramekin_1
pick_up_the_black_bowl_on_the_wooden_cabinet_and_place_it_on_the_plate,demo_23,70,agentview,glazed_rim_porcelain_ramekin_1,is_right_of,akita_black_bowl_2
pick_up_the_black_bowl_on_the_wooden_cabinet_and_place_it_on_the_plate,demo_23,70,agentview,akita_black_bowl_2,is_left_of,plate_1
pick_up_the_black_bowl_on_the_wooden_cabinet_and_place_it_on_the_plate,demo_23,70,agentview,plate_1,is_right_of,akita_black_bowl_2
pick_up_the_black_bowl_on_the_wooden_cabinet_and_place_it_on_the_plate,demo_23,70,agentview,akita_black_bowl_2,is_in_front_of,flat_stove_1
pick_up_the_black_bowl_on_the_wooden_cabinet_and_place_it_on_the_plate,demo_23,70,agentview,flat_stove_1,is_behind,akita_black_bowl_2
pick_up_the_black_bowl_on_the_wooden_cabinet_and_place_it_on_the_plate,demo_23,70,agentview,cookies_1,is_left_of,glazed_rim_porcelain_ramekin_1
pick_up_the_black_bowl_on_the_wooden_cabinet_and_place_it_on_the_plate,demo_23,70,agentview,glazed_rim_porcelain_ramekin_1,is_right_of,cookies_1
pick_up_the_black_bowl_on_the_wooden_cabinet_and_place_it_on_the_plate,demo_23,70,agentview,cookies_1,is_left_of,plate_1
pick_up_the_black_bowl_on_the_wooden_cabinet_and_place_it_on_the_plate,demo_23,70,agentview,plate_1,is_right_of,cookies_1
pick_up_the_black_bowl_on_the_wooden_cabinet_and_place_it_on_the_plate,demo_23,70,agentview,cookies_1,is_in_front_of,flat_stove_1
pick_up_the_black_bowl_on_the_wooden_cabinet_and_place_it_on_the_plate,demo_23,70,agentview,flat_stove_1,is_behind,cookies_1
pick_up_the_black_bowl_on_the_wooden_cabinet_and_place_it_on_the_plate,demo_23,70,agentview,glazed_rim_porcelain_ramekin_1,is_left_of,plate_1
pick_up_the_black_bowl_on_the_wooden_cabinet_and_place_it_on_the_plate,demo_23,70,agentview,plate_1,is_right_of,glazed_rim_porcelain_ramekin_1
pick_up_the_black_bowl_on_the_wooden_cabinet_and_place_it_on_the_plate,demo_23,70,agentview,glazed_rim_porcelain_ramekin_1,is_in_front_of,flat_stove_1
pick_up_the_black_bowl_on_the_wooden_cabinet_and_place_it_on_the_plate,demo_23,70,agentview,flat_stove_1,is_behind,glazed_rim_porcelain_ramekin_1
pick_up_the_black_bowl_on_the_wooden_cabinet_and_place_it_on_the_plate,demo_23,70,agentview,plate_1,is_on_top_of,flat_stove_1
pick_up_the_black_bowl_on_the_wooden_cabinet_and_place_it_on_the_plate,demo_23,70,agentview,flat_stove_1,is_below_of,plate_1
pick_up_the_black_bowl_on_the_wooden_cabinet_and_place_it_on_the_plate,demo_23,75,agentview,akita_black_bowl_1,is_on_top_of,wooden_cabinet_1
pick_up_the_black_bowl_on_the_wooden_cabinet_and_place_it_on_the_plate,demo_23,75,agentview,wooden_cabinet_1,is_below_of,akita_black_bowl_1
pick_up_the_black_bowl_on_the_wooden_cabinet_and_place_it_on_the_plate,demo_23,75,agentview,akita_black_bowl_1,is_behind,akita_black_bowl_2
pick_up_the_black_bowl_on_the_wooden_cabinet_and_place_it_on_the_plate,demo_23,75,agentview,akita_black_bowl_2,is_in_front_of,akita_black_bowl_1
pick_up_the_black_bowl_on_the_wooden_cabinet_and_place_it_on_the_plate,demo_23,75,agentview,akita_black_bowl_1,is_behind,cookies_1
pick_up_the_black_bowl_on_the_wooden_cabinet_and_place_it_on_the_plate,demo_23,75,agentview,cookies_1,is_in_front_of,akita_black_bowl_1
pick_up_the_black_bowl_on_the_wooden_cabinet_and_place_it_on_the_plate,demo_23,75,agentview,akita_black_bowl_1,is_behind,glazed_rim_porcelain_ramekin_1
pick_up_the_black_bowl_on_the_wooden_cabinet_and_place_it_on_the_plate,demo_23,75,agentview,glazed_rim_porcelain_ramekin_1,is_in_front_of,akita_black_bowl_1
pick_up_the_black_bowl_on_the_wooden_cabinet_and_place_it_on_the_plate,demo_23,75,agentview,akita_black_bowl_1,is_behind,plate_1
pick_up_the_black_bowl_on_the_wooden_cabinet_and_place_it_on_the_plate,demo_23,75,agentview,plate_1,is_in_front_of,akita_black_bowl_1
pick_up_the_black_bowl_on_the_wooden_cabinet_and_place_it_on_the_plate,demo_23,75,agentview,akita_black_bowl_1,is_behind,flat_stove_1
pick_up_the_black_bowl_on_the_wooden_cabinet_and_place_it_on_the_plate,demo_23,75,agentview,flat_stove_1,is_in_front_of,akita_black_bowl_1
pick_up_the_black_bowl_on_the_wooden_cabinet_and_place_it_on_the_plate,demo_23,75,agentview,akita_black_bowl_2,is_on_top_of,plate_1
pick_up_the_black_bowl_on_the_wooden_cabinet_and_place_it_on_the_plate,demo_23,75,agentview,plate_1,is_below_of,akita_black_bowl_2
pick_up_the_black_bowl_on_the_wooden_cabinet_and_place_it_on_the_plate,demo_23,75,agentview,akita_black_bowl_2,is_right_of,cookies_1
pick_up_the_black_bowl_on_the_wooden_cabinet_and_place_it_on_the_plate,demo_23,75,agentview,cookies_1,is_left_of,akita_black_bowl_2
pick_up_the_black_bowl_on_the_wooden_cabinet_and_place_it_on_the_plate,demo_23,75,agentview,akita_black_bowl_2,is_right_of,glazed_rim_porcelain_ramekin_1
pick_up_the_black_bowl_on_the_wooden_cabinet_and_place_it_on_the_plate,demo_23,75,agentview,glazed_rim_porcelain_ramekin_1,is_left_of,akita_black_bowl_2
pick_up_the_black_bowl_on_the_wooden_cabinet_and_place_it_on_the_plate,demo_23,75,agentview,akita_black_bowl_2,is_behind,flat_stove_1
pick_up_the_black_bowl_on_the_wooden_cabinet_and_place_it_on_the_plate,demo_23,75,agentview,flat_stove_1,is_in_front_of,akita_black_bowl_2
pick_up_the_black_bowl_on_the_wooden_cabinet_and_place_it_on_the_plate,demo_23,75,agentview,cookies_1,is_on_top_of,plate_1
pick_up_the_black_bowl_on_the_wooden_cabinet_and_place_it_on_the_plate,demo_23,75,agentview,plate_1,is_below_of,cookies_1
pick_up_the_black_bowl_on_the_wooden_cabinet_and_place_it_on_the_plate,demo_23,75,agentview,cookies_1,is_left_of,glazed_rim_porcelain_ramekin_1
pick_up_the_black_bowl_on_the_wooden_cabinet_and_place_it_on_the_plate,demo_23,75,agentview,glazed_rim_porcelain_ramekin_1,is_right_of,cookies_1
pick_up_the_black_bowl_on_the_wooden_cabinet_and_place_it_on_the_plate,demo_23,75,agentview,cookies_1,is_behind,flat_stove_1
pick_up_the_black_bowl_on_the_wooden_cabinet_and_place_it_on_the_plate,demo_23,75,agentview,flat_stove_1,is_in_front_of,cookies_1
pick_up_the_black_bowl_on_the_wooden_cabinet_and_place_it_on_the_plate,demo_23,75,agentview,glazed_rim_porcelain_ramekin_1,is_on_top_of,plate_1
pick_up_the_black_bowl_on_the_wooden_cabinet_and_place_it_on_the_plate,demo_23,75,agentview,plate_1,is_below_of,glazed_rim_porcelain_ramekin_1
pick_up_the_black_bowl_on_the_wooden_cabinet_and_place_it_on_the_plate,demo_23,75,agentview,glazed_rim_porcelain_ramekin_1,is_behind,flat_stove_1
pick_up_the_black_bowl_on_the_wooden_cabinet_and_place_it_on_the_plate,demo_23,75,agentview,flat_stove_1,is_in_front_of,glazed_rim_porcelain_ramekin_1
pick_up_the_black_bowl_on_the_wooden_cabinet_and_place_it_on_the_plate,demo_23,75,agentview,plate_1,is_on_top_of,flat_stove_1
pick_up_the_black_bowl_on_the_wooden_cabinet_and_place_it_on_the_plate,demo_23,75,agentview,flat_stove_1,is_below_of,plate_1
pick_up_the_black_bowl_on_the_wooden_cabinet_and_place_it_on_the_plate,demo_23,75,agentview,wooden_cabinet_1,is_behind,akita_black_bowl_2
pick_up_the_black_bowl_on_the_wooden_cabinet_and_place_it_on_the_plate,demo_23,75,agentview,akita_black_bowl_2,is_in_front_of,wooden_cabinet_1
pick_up_the_black_bowl_on_the_wooden_cabinet_and_place_it_on_the_plate,demo_23,75,agentview,wooden_cabinet_1,is_behind,cookies_1
pick_up_the_black_bowl_on_the_wooden_cabinet_and_place_it_on_the_plate,demo_23,75,agentview,cookies_1,is_in_front_of,wooden_cabinet_1
pick_up_the_black_bowl_on_the_wooden_cabinet_and_place_it_on_the_plate,demo_23,75,agentview,wooden_cabinet_1,is_behind,glazed_rim_porcelain_ramekin_1
pick_up_the_black_bowl_on_the_wooden_cabinet_and_place_it_on_the_plate,demo_23,75,agentview,glazed_rim_porcelain_ramekin_1,is_in_front_of,wooden_cabinet_1
pick_up_the_black_bowl_on_the_wooden_cabinet_and_place_it_on_the_plate,demo_23,75,agentview,wooden_cabinet_1,is_behind,plate_1
pick_up_the_black_bowl_on_the_wooden_cabinet_and_place_it_on_the_plate,demo_23,75,agentview,plate_1,is_in_front_of,wooden_cabinet_1
pick_up_the_black_bowl_on_the_wooden_cabinet_and_place_it_on_the_plate,demo_23,75,agentview,wooden_cabinet_1,is_behind,flat_stove_1
pick_up_the_black_bowl_on_the_wooden_cabinet_and_place_it_on_the_plate,demo_23,75,agentview,flat_stove_1,is_in_front_of,wooden_cabinet_1
pick_up_the_black_bowl_on_the_wooden_cabinet_and_place_it_on_the_plate,demo_23,80,agentview,akita_black_bowl_1,is_on_top_of,wooden_cabinet_1
pick_up_the_black_bowl_on_the_wooden_cabinet_and_place_it_on_the_plate,demo_23,80,agentview,wooden_cabinet_1,is_below_of,akita_black_bowl_1
pick_up_the_black_bowl_on_the_wooden_cabinet_and_place_it_on_the_plate,demo_23,80,agentview,akita_black_bowl_2,is_on_top_of,flat_stove_1
pick_up_the_black_bowl_on_the_wooden_cabinet_and_place_it_on_the_plate,demo_23,80,agentview,flat_stove_1,is_below_of,akita_black_bowl_2
pick_up_the_black_bowl_on_the_wooden_cabinet_and_place_it_on_the_plate,demo_23,80,agentview,cookies_1,is_on_top_of,flat_stove_1
pick_up_the_black_bowl_on_the_wooden_cabinet_and_place_it_on_the_plate,demo_23,80,agentview,flat_stove_1,is_below_of,cookies_1
pick_up_the_black_bowl_on_the_wooden_cabinet_and_place_it_on_the_plate,demo_23,80,agentview,glazed_rim_porcelain_ramekin_1,is_on_top_of,flat_stove_1
pick_up_the_black_bowl_on_the_wooden_cabinet_and_place_it_on_the_plate,demo_23,80,agentview,flat_stove_1,is_below_of,glazed_rim_porcelain_ramekin_1
pick_up_the_black_bowl_on_the_wooden_cabinet_and_place_it_on_the_plate,demo_23,80,agentview,plate_1,is_on_top_of,flat_stove_1
pick_up_the_black_bowl_on_the_wooden_cabinet_and_place_it_on_the_plate,demo_23,80,agentview,flat_stove_1,is_below_of,plate_1
pick_up_the_black_bowl_on_the_wooden_cabinet_and_place_it_on_the_plate,demo_23,80,agentview,akita_black_bowl_1,is_behind,akita_black_bowl_2
pick_up_the_black_bowl_on_the_wooden_cabinet_and_place_it_on_the_plate,demo_23,80,agentview,akita_black_bowl_2,is_in_front_of,akita_black_bowl_1
pick_up_the_black_bowl_on_the_wooden_cabinet_and_place_it_on_the_plate,demo_23,80,agentview,akita_black_bowl_1,is_behind,cookies_1
pick_up_the_black_bowl_on_the_wooden_cabinet_and_place_it_on_the_plate,demo_23,80,agentview,cookies_1,is_in_front_of,akita_black_bowl_1
pick_up_the_black_bowl_on_the_wooden_cabinet_and_place_it_on_the_plate,demo_23,80,agentview,akita_black_bowl_1,is_behind,glazed_rim_porcelain_ramekin_1
pick_up_the_black_bowl_on_the_wooden_cabinet_and_place_it_on_the_plate,demo_23,80,agentview,glazed_rim_porcelain_ramekin_1,is_in_front_of,akita_black_bowl_1
pick_up_the_black_bowl_on_the_wooden_cabinet_and_place_it_on_the_plate,demo_23,80,agentview,akita_black_bowl_1,is_behind,plate_1
pick_up_the_black_bowl_on_the_wooden_cabinet_and_place_it_on_the_plate,demo_23,80,agentview,plate_1,is_in_front_of,akita_black_bowl_1
pick_up_the_black_bowl_on_the_wooden_cabinet_and_place_it_on_the_plate,demo_23,80,agentview,akita_black_bowl_1,is_behind,wooden_cabinet_1
pick_up_the_black_bowl_on_the_wooden_cabinet_and_place_it_on_the_plate,demo_23,80,agentview,wooden_cabinet_1,is_in_front_of,akita_black_bowl_1
pick_up_the_black_bowl_on_the_wooden_cabinet_and_place_it_on_the_plate,demo_23,80,agentview,akita_black_bowl_2,is_left_of,cookies_1
pick_up_the_black_bowl_on_the_wooden_cabinet_and_place_it_on_the_plate,demo_23,80,agentview,cookies_1,is_right_of,akita_black_bowl_2
pick_up_the_black_bowl_on_the_wooden_cabinet_and_place_it_on_the_plate,demo_23,80,agentview,akita_black_bowl_2,is_left_of,glazed_rim_porcelain_ramekin_1
pick_up_the_black_bowl_on_the_wooden_cabinet_and_place_it_on_the_plate,demo_23,80,agentview,glazed_rim_porcelain_ramekin_1,is_right_of,akita_black_bowl_2
pick_up_the_black_bowl_on_the_wooden_cabinet_and_place_it_on_the_plate,demo_23,80,agentview,akita_black_bowl_2,is_left_of,plate_1
pick_up_the_black_bowl_on_the_wooden_cabinet_and_place_it_on_the_plate,demo_23,80,agentview,plate_1,is_right_of,akita_black_bowl_2
pick_up_the_black_bowl_on_the_wooden_cabinet_and_place_it_on_the_plate,demo_23,80,agentview,akita_black_bowl_2,is_in_front_of,wooden_cabinet_1
pick_up_the_black_bowl_on_the_wooden_cabinet_and_place_it_on_the_plate,demo_23,80,agentview,wooden_cabinet_1,is_behind,akita_black_bowl_2
pick_up_the_black_bowl_on_the_wooden_cabinet_and_place_it_on_the_plate,demo_23,80,agentview,cookies_1,is_left_of,glazed_rim_porcelain_ramekin_1
pick_up_the_black_bowl_on_the_wooden_cabinet_and_place_it_on_the_plate,demo_23,80,agentview,glazed_rim_porcelain_ramekin_1,is_right_of,cookies_1
pick_up_the_black_bowl_on_the_wooden_cabinet_and_place_it_on_the_plate,demo_23,80,agentview,cookies_1,is_left_of,plate_1
pick_up_the_black_bowl_on_the_wooden_cabinet_and_place_it_on_the_plate,demo_23,80,agentview,plate_1,is_right_of,cookies_1
pick_up_the_black_bowl_on_the_wooden_cabinet_and_place_it_on_the_plate,demo_23,80,agentview,cookies_1,is_in_front_of,wooden_cabinet_1
pick_up_the_black_bowl_on_the_wooden_cabinet_and_place_it_on_the_plate,demo_23,80,agentview,wooden_cabinet_1,is_behind,cookies_1
pick_up_the_black_bowl_on_the_wooden_cabinet_and_place_it_on_the_plate,demo_23,80,agentview,glazed_rim_porcelain_ramekin_1,is_left_of,plate_1
pick_up_the_black_bowl_on_the_wooden_cabinet_and_place_it_on_the_plate,demo_23,80,agentview,plate_1,is_right_of,glazed_rim_porcelain_ramekin_1
pick_up_the_black_bowl_on_the_wooden_cabinet_and_place_it_on_the_plate,demo_23,80,agentview,glazed_rim_porcelain_ramekin_1,is_in_front_of,wooden_cabinet_1
pick_up_the_black_bowl_on_the_wooden_cabinet_and_place_it_on_the_plate,demo_23,80,agentview,wooden_cabinet_1,is_behind,glazed_rim_porcelain_ramekin_1
pick_up_the_black_bowl_on_the_wooden_cabinet_and_place_it_on_the_plate,demo_23,80,agentview,plate_1,is_in_front_of,wooden_cabinet_1
pick_up_the_black_bowl_on_the_wooden_cabinet_and_place_it_on_the_plate,demo_23,80,agentview,wooden_cabinet_1,is_behind,plate_1
pick_up_the_black_bowl_on_the_wooden_cabinet_and_place_it_on_the_plate,demo_23,85,agentview,akita_black_bowl_1,is_on_top_of,wooden_cabinet_1
pick_up_the_black_bowl_on_the_wooden_cabinet_and_place_it_on_the_plate,demo_23,85,agentview,wooden_cabinet_1,is_below_of,akita_black_bowl_1
pick_up_the_black_bowl_on_the_wooden_cabinet_and_place_it_on_the_plate,demo_23,85,agentview,akita_black_bowl_1,is_behind,akita_black_bowl_2
pick_up_the_black_bowl_on_the_wooden_cabinet_and_place_it_on_the_plate,demo_23,85,agentview,akita_black_bowl_2,is_in_front_of,akita_black_bowl_1
pick_up_the_black_bowl_on_the_wooden_cabinet_and_place_it_on_the_plate,demo_23,85,agentview,akita_black_bowl_1,is_behind,cookies_1
pick_up_the_black_bowl_on_the_wooden_cabinet_and_place_it_on_the_plate,demo_23,85,agentview,cookies_1,is_in_front_of,akita_black_bowl_1
pick_up_the_black_bowl_on_the_wooden_cabinet_and_place_it_on_the_plate,demo_23,85,agentview,akita_black_bowl_1,is_behind,glazed_rim_porcelain_ramekin_1
pick_up_the_black_bowl_on_the_wooden_cabinet_and_place_it_on_the_plate,demo_23,85,agentview,glazed_rim_porcelain_ramekin_1,is_in_front_of,akita_black_bowl_1
pick_up_the_black_bowl_on_the_wooden_cabinet_and_place_it_on_the_plate,demo_23,85,agentview,akita_black_bowl_1,is_behind,plate_1
pick_up_the_black_bowl_on_the_wooden_cabinet_and_place_it_on_the_plate,demo_23,85,agentview,plate_1,is_in_front_of,akita_black_bowl_1
pick_up_the_black_bowl_on_the_wooden_cabinet_and_place_it_on_the_plate,demo_23,85,agentview,akita_black_bowl_1,is_behind,flat_stove_1
pick_up_the_black_bowl_on_the_wooden_cabinet_and_place_it_on_the_plate,demo_23,85,agentview,flat_stove_1,is_in_front_of,akita_black_bowl_1
pick_up_the_black_bowl_on_the_wooden_cabinet_and_place_it_on_the_plate,demo_23,85,agentview,akita_black_bowl_2,is_right_of,cookies_1
pick_up_the_black_bowl_on_the_wooden_cabinet_and_place_it_on_the_plate,demo_23,85,agentview,cookies_1,is_left_of,akita_black_bowl_2
pick_up_the_black_bowl_on_the_wooden_cabinet_and_place_it_on_the_plate,demo_23,85,agentview,akita_black_bowl_2,is_behind,glazed_rim_porcelain_ramekin_1
pick_up_the_black_bowl_on_the_wooden_cabinet_and_place_it_on_the_plate,demo_23,85,agentview,glazed_rim_porcelain_ramekin_1,is_in_front_of,akita_black_bowl_2
pick_up_the_black_bowl_on_the_wooden_cabinet_and_place_it_on_the_plate,demo_23,85,agentview,akita_black_bowl_2,is_behind,plate_1
pick_up_the_black_bowl_on_the_wooden_cabinet_and_place_it_on_the_plate,demo_23,85,agentview,plate_1,is_in_front_of,akita_black_bowl_2
pick_up_the_black_bowl_on_the_wooden_cabinet_and_place_it_on_the_plate,demo_23,85,agentview,akita_black_bowl_2,is_behind,flat_stove_1
pick_up_the_black_bowl_on_the_wooden_cabinet_and_place_it_on_the_plate,demo_23,85,agentview,flat_stove_1,is_in_front_of,akita_black_bowl_2
pick_up_the_black_bowl_on_the_wooden_cabinet_and_place_it_on_the_plate,demo_23,85,agentview,cookies_1,is_behind,glazed_rim_porcelain_ramekin_1
pick_up_the_black_bowl_on_the_wooden_cabinet_and_place_it_on_the_plate,demo_23,85,agentview,glazed_rim_porcelain_ramekin_1,is_in_front_of,cookies_1
pick_up_the_black_bowl_on_the_wooden_cabinet_and_place_it_on_the_plate,demo_23,85,agentview,cookies_1,is_right_of,glazed_rim_porcelain_ramekin_1
pick_up_the_black_bowl_on_the_wooden_cabinet_and_place_it_on_the_plate,demo_23,85,agentview,glazed_rim_porcelain_ramekin_1,is_left_of,cookies_1
pick_up_the_black_bowl_on_the_wooden_cabinet_and_place_it_on_the_plate,demo_23,85,agentview,cookies_1,is_behind,plate_1
pick_up_the_black_bowl_on_the_wooden_cabinet_and_place_it_on_the_plate,demo_23,85,agentview,plate_1,is_in_front_of,cookies_1
pick_up_the_black_bowl_on_the_wooden_cabinet_and_place_it_on_the_plate,demo_23,85,agentview,cookies_1,is_right_of,plate_1
pick_up_the_black_bowl_on_the_wooden_cabinet_and_place_it_on_the_plate,demo_23,85,agentview,plate_1,is_left_of,cookies_1
pick_up_the_black_bowl_on_the_wooden_cabinet_and_place_it_on_the_plate,demo_23,85,agentview,cookies_1,is_behind,flat_stove_1
pick_up_the_black_bowl_on_the_wooden_cabinet_and_place_it_on_the_plate,demo_23,85,agentview,flat_stove_1,is_in_front_of,cookies_1
pick_up_the_black_bowl_on_the_wooden_cabinet_and_place_it_on_the_plate,demo_23,85,agentview,glazed_rim_porcelain_ramekin_1,is_behind,plate_1
pick_up_the_black_bowl_on_the_wooden_cabinet_and_place_it_on_the_plate,demo_23,85,agentview,plate_1,is_in_front_of,glazed_rim_porcelain_ramekin_1
pick_up_the_black_bowl_on_the_wooden_cabinet_and_place_it_on_the_plate,demo_23,85,agentview,glazed_rim_porcelain_ramekin_1,is_left_of,plate_1
pick_up_the_black_bowl_on_the_wooden_cabinet_and_place_it_on_the_plate,demo_23,85,agentview,plate_1,is_right_of,glazed_rim_porcelain_ramekin_1
pick_up_the_black_bowl_on_the_wooden_cabinet_and_place_it_on_the_plate,demo_23,85,agentview,glazed_rim_porcelain_ramekin_1,is_behind,flat_stove_1
pick_up_the_black_bowl_on_the_wooden_cabinet_and_place_it_on_the_plate,demo_23,85,agentview,flat_stove_1,is_in_front_of,glazed_rim_porcelain_ramekin_1
pick_up_the_black_bowl_on_the_wooden_cabinet_and_place_it_on_the_plate,demo_23,85,agentview,plate_1,is_on_top_of,flat_stove_1
pick_up_the_black_bowl_on_the_wooden_cabinet_and_place_it_on_the_plate,demo_23,85,agentview,flat_stove_1,is_below_of,plate_1
pick_up_the_black_bowl_on_the_wooden_cabinet_and_place_it_on_the_plate,demo_23,90,agentview,akita_black_bowl_1,is_on_top_of,wooden_cabinet_1
pick_up_the_black_bowl_on_the_wooden_cabinet_and_place_it_on_the_plate,demo_23,90,agentview,wooden_cabinet_1,is_below_of,akita_black_bowl_1
pick_up_the_black_bowl_on_the_wooden_cabinet_and_place_it_on_the_plate,demo_23,90,agentview,akita_black_bowl_1,is_behind,akita_black_bowl_2
pick_up_the_black_bowl_on_the_wooden_cabinet_and_place_it_on_the_plate,demo_23,90,agentview,akita_black_bowl_2,is_in_front_of,akita_black_bowl_1
pick_up_the_black_bowl_on_the_wooden_cabinet_and_place_it_on_the_plate,demo_23,90,agentview,akita_black_bowl_1,is_behind,cookies_1
pick_up_the_black_bowl_on_the_wooden_cabinet_and_place_it_on_the_plate,demo_23,90,agentview,cookies_1,is_in_front_of,akita_black_bowl_1
pick_up_the_black_bowl_on_the_wooden_cabinet_and_place_it_on_the_plate,demo_23,90,agentview,akita_black_bowl_1,is_behind,glazed_rim_porcelain_ramekin_1
pick_up_the_black_bowl_on_the_wooden_cabinet_and_place_it_on_the_plate,demo_23,90,agentview,glazed_rim_porcelain_ramekin_1,is_in_front_of,akita_black_bowl_1
pick_up_the_black_bowl_on_the_wooden_cabinet_and_place_it_on_the_plate,demo_23,90,agentview,akita_black_bowl_1,is_behind,plate_1
pick_up_the_black_bowl_on_the_wooden_cabinet_and_place_it_on_the_plate,demo_23,90,agentview,plate_1,is_in_front_of,akita_black_bowl_1
pick_up_the_black_bowl_on_the_wooden_cabinet_and_place_it_on_the_plate,demo_23,90,agentview,akita_black_bowl_1,is_behind,flat_stove_1
pick_up_the_black_bowl_on_the_wooden_cabinet_and_place_it_on_the_plate,demo_23,90,agentview,flat_stove_1,is_in_front_of,akita_black_bowl_1
pick_up_the_black_bowl_on_the_wooden_cabinet_and_place_it_on_the_plate,demo_23,90,agentview,akita_black_bowl_2,is_on_top_of,flat_stove_1
pick_up_the_black_bowl_on_the_wooden_cabinet_and_place_it_on_the_plate,demo_23,90,agentview,flat_stove_1,is_below_of,akita_black_bowl_2
pick_up_the_black_bowl_on_the_wooden_cabinet_and_place_it_on_the_plate,demo_23,90,agentview,akita_black_bowl_2,is_right_of,cookies_1
pick_up_the_black_bowl_on_the_wooden_cabinet_and_place_it_on_the_plate,demo_23,90,agentview,cookies_1,is_left_of,akita_black_bowl_2
pick_up_the_black_bowl_on_the_wooden_cabinet_and_place_it_on_the_plate,demo_23,90,agentview,akita_black_bowl_2,is_right_of,glazed_rim_porcelain_ramekin_1
pick_up_the_black_bowl_on_the_wooden_cabinet_and_place_it_on_the_plate,demo_23,90,agentview,glazed_rim_porcelain_ramekin_1,is_left_of,akita_black_bowl_2
pick_up_the_black_bowl_on_the_wooden_cabinet_and_place_it_on_the_plate,demo_23,90,agentview,akita_black_bowl_2,is_behind,plate_1
pick_up_the_black_bowl_on_the_wooden_cabinet_and_place_it_on_the_plate,demo_23,90,agentview,plate_1,is_in_front_of,akita_black_bowl_2
pick_up_the_black_bowl_on_the_wooden_cabinet_and_place_it_on_the_plate,demo_23,90,agentview,cookies_1,is_left_of,glazed_rim_porcelain_ramekin_1
pick_up_the_black_bowl_on_the_wooden_cabinet_and_place_it_on_the_plate,demo_23,90,agentview,glazed_rim_porcelain_ramekin_1,is_right_of,cookies_1
pick_up_the_black_bowl_on_the_wooden_cabinet_and_place_it_on_the_plate,demo_23,90,agentview,cookies_1,is_behind,plate_1
pick_up_the_black_bowl_on_the_wooden_cabinet_and_place_it_on_the_plate,demo_23,90,agentview,plate_1,is_in_front_of,cookies_1
pick_up_the_black_bowl_on_the_wooden_cabinet_and_place_it_on_the_plate,demo_23,90,agentview,glazed_rim_porcelain_ramekin_1,is_behind,plate_1
pick_up_the_black_bowl_on_the_wooden_cabinet_and_place_it_on_the_plate,demo_23,90,agentview,plate_1,is_in_front_of,glazed_rim_porcelain_ramekin_1
pick_up_the_black_bowl_on_the_wooden_cabinet_and_place_it_on_the_plate,demo_23,90,agentview,plate_1,is_on_top_of,flat_stove_1
pick_up_the_black_bowl_on_the_wooden_cabinet_and_place_it_on_the_plate,demo_23,90,agentview,flat_stove_1,is_below_of,plate_1
pick_up_the_black_bowl_on_the_wooden_cabinet_and_place_it_on_the_plate,demo_23,90,agentview,wooden_cabinet_1,is_behind,akita_black_bowl_2
pick_up_the_black_bowl_on_the_wooden_cabinet_and_place_it_on_the_plate,demo_23,90,agentview,akita_black_bowl_2,is_in_front_of,wooden_cabinet_1
pick_up_the_black_bowl_on_the_wooden_cabinet_and_place_it_on_the_plate,demo_23,90,agentview,wooden_cabinet_1,is_behind,cookies_1
pick_up_the_black_bowl_on_the_wooden_cabinet_and_place_it_on_the_plate,demo_23,90,agentview,cookies_1,is_in_front_of,wooden_cabinet_1
pick_up_the_black_bowl_on_the_wooden_cabinet_and_place_it_on_the_plate,demo_23,90,agentview,wooden_cabinet_1,is_behind,glazed_rim_porcelain_ramekin_1
pick_up_the_black_bowl_on_the_wooden_cabinet_and_place_it_on_the_plate,demo_23,90,agentview,glazed_rim_porcelain_ramekin_1,is_in_front_of,wooden_cabinet_1
pick_up_the_black_bowl_on_the_wooden_cabinet_and_place_it_on_the_plate,demo_23,90,agentview,wooden_cabinet_1,is_behind,plate_1
pick_up_the_black_bowl_on_the_wooden_cabinet_and_place_it_on_the_plate,demo_23,90,agentview,plate_1,is_in_front_of,wooden_cabinet_1
pick_up_the_black_bowl_on_the_wooden_cabinet_and_place_it_on_the_plate,demo_23,90,agentview,wooden_cabinet_1,is_left_of,flat_stove_1
pick_up_the_black_bowl_on_the_wooden_cabinet_and_place_it_on_the_plate,demo_23,90,agentview,flat_stove_1,is_right_of,wooden_cabinet_1
pick_up_the_black_bowl_on_the_wooden_cabinet_and_place_it_on_the_plate,demo_23,95,agentview,akita_black_bowl_1,is_on_top_of,wooden_cabinet_1
pick_up_the_black_bowl_on_the_wooden_cabinet_and_place_it_on_the_plate,demo_23,95,agentview,wooden_cabinet_1,is_below_of,akita_black_bowl_1
pick_up_the_black_bowl_on_the_wooden_cabinet_and_place_it_on_the_plate,demo_23,95,agentview,akita_black_bowl_1,is_behind,akita_black_bowl_2
pick_up_the_black_bowl_on_the_wooden_cabinet_and_place_it_on_the_plate,demo_23,95,agentview,akita_black_bowl_2,is_in_front_of,akita_black_bowl_1
pick_up_the_black_bowl_on_the_wooden_cabinet_and_place_it_on_the_plate,demo_23,95,agentview,akita_black_bowl_1,is_behind,cookies_1
pick_up_the_black_bowl_on_the_wooden_cabinet_and_place_it_on_the_plate,demo_23,95,agentview,cookies_1,is_in_front_of,akita_black_bowl_1
pick_up_the_black_bowl_on_the_wooden_cabinet_and_place_it_on_the_plate,demo_23,95,agentview,akita_black_bowl_1,is_behind,glazed_rim_porcelain_ramekin_1
pick_up_the_black_bowl_on_the_wooden_cabinet_and_place_it_on_the_plate,demo_23,95,agentview,glazed_rim_porcelain_ramekin_1,is_in_front_of,akita_black_bowl_1
pick_up_the_black_bowl_on_the_wooden_cabinet_and_place_it_on_the_plate,demo_23,95,agentview,akita_black_bowl_1,is_behind,plate_1
pick_up_the_black_bowl_on_the_wooden_cabinet_and_place_it_on_the_plate,demo_23,95,agentview,plate_1,is_in_front_of,akita_black_bowl_1
pick_up_the_black_bowl_on_the_wooden_cabinet_and_place_it_on_the_plate,demo_23,95,agentview,akita_black_bowl_1,is_behind,flat_stove_1
pick_up_the_black_bowl_on_the_wooden_cabinet_and_place_it_on_the_plate,demo_23,95,agentview,flat_stove_1,is_in_front_of,akita_black_bowl_1
pick_up_the_black_bowl_on_the_wooden_cabinet_and_place_it_on_the_plate,demo_23,95,agentview,akita_black_bowl_2,is_on_top_of,plate_1
pick_up_the_black_bowl_on_the_wooden_cabinet_and_place_it_on_the_plate,demo_23,95,agentview,plate_1,is_below_of,akita_black_bowl_2
pick_up_the_black_bowl_on_the_wooden_cabinet_and_place_it_on_the_plate,demo_23,95,agentview,akita_black_bowl_2,is_right_of,cookies_1
pick_up_the_black_bowl_on_the_wooden_cabinet_and_place_it_on_the_plate,demo_23,95,agentview,cookies_1,is_left_of,akita_black_bowl_2
pick_up_the_black_bowl_on_the_wooden_cabinet_and_place_it_on_the_plate,demo_23,95,agentview,akita_black_bowl_2,is_behind,glazed_rim_porcelain_ramekin_1
pick_up_the_black_bowl_on_the_wooden_cabinet_and_place_it_on_the_plate,demo_23,95,agentview,glazed_rim_porcelain_ramekin_1,is_in_front_of,akita_black_bowl_2
pick_up_the_black_bowl_on_the_wooden_cabinet_and_place_it_on_the_plate,demo_23,95,agentview,akita_black_bowl_2,is_behind,flat_stove_1
pick_up_the_black_bowl_on_the_wooden_cabinet_and_place_it_on_the_plate,demo_23,95,agentview,flat_stove_1,is_in_front_of,akita_black_bowl_2
pick_up_the_black_bowl_on_the_wooden_cabinet_and_place_it_on_the_plate,demo_23,95,agentview,cookies_1,is_right_of,glazed_rim_porcelain_ramekin_1
pick_up_the_black_bowl_on_the_wooden_cabinet_and_place_it_on_the_plate,demo_23,95,agentview,glazed_rim_porcelain_ramekin_1,is_left_of,cookies_1
pick_up_the_black_bowl_on_the_wooden_cabinet_and_place_it_on_the_plate,demo_23,95,agentview,cookies_1,is_behind,flat_stove_1
pick_up_the_black_bowl_on_the_wooden_cabinet_and_place_it_on_the_plate,demo_23,95,agentview,flat_stove_1,is_in_front_of,cookies_1
pick_up_the_black_bowl_on_the_wooden_cabinet_and_place_it_on_the_plate,demo_23,95,agentview,glazed_rim_porcelain_ramekin_1,is_behind,flat_stove_1
pick_up_the_black_bowl_on_the_wooden_cabinet_and_place_it_on_the_plate,demo_23,95,agentview,flat_stove_1,is_in_front_of,glazed_rim_porcelain_ramekin_1
pick_up_the_black_bowl_on_the_wooden_cabinet_and_place_it_on_the_plate,demo_23,95,agentview,plate_1,is_on_top_of,flat_stove_1
pick_up_the_black_bowl_on_the_wooden_cabinet_and_place_it_on_the_plate,demo_23,95,agentview,flat_stove_1,is_below_of,plate_1
pick_up_the_black_bowl_on_the_wooden_cabinet_and_place_it_on_the_plate,demo_23,95,agentview,plate_1,is_right_of,glazed_rim_porcelain_ramekin_1
pick_up_the_black_bowl_on_the_wooden_cabinet_and_place_it_on_the_plate,demo_23,95,agentview,glazed_rim_porcelain_ramekin_1,is_left_of,plate_1
pick_up_the_black_bowl_on_the_wooden_cabinet_and_place_it_on_the_plate,demo_23,95,agentview,plate_1,is_behind,flat_stove_1
pick_up_the_black_bowl_on_the_wooden_cabinet_and_place_it_on_the_plate,demo_23,95,agentview,flat_stove_1,is_in_front_of,plate_1
pick_up_the_black_bowl_on_the_wooden_cabinet_and_place_it_on_the_plate,demo_23,95,agentview,wooden_cabinet_1,is_behind,akita_black_bowl_2
pick_up_the_black_bowl_on_the_wooden_cabinet_and_place_it_on_the_plate,demo_23,95,agentview,akita_black_bowl_2,is_in_front_of,wooden_cabinet_1
pick_up_the_black_bowl_on_the_wooden_cabinet_and_place_it_on_the_plate,demo_23,95,agentview,wooden_cabinet_1,is_behind,cookies_1
pick_up_the_black_bowl_on_the_wooden_cabinet_and_place_it_on_the_plate,demo_23,95,agentview,cookies_1,is_in_front_of,wooden_cabinet_1
pick_up_the_black_bowl_on_the_wooden_cabinet_and_place_it_on_the_plate,demo_23,95,agentview,wooden_cabinet_1,is_behind,glazed_rim_porcelain_ramekin_1
pick_up_the_black_bowl_on_the_wooden_cabinet_and_place_it_on_the_plate,demo_23,95,agentview,glazed_rim_porcelain_ramekin_1,is_in_front_of,wooden_cabinet_1
pick_up_the_black_bowl_on_the_wooden_cabinet_and_place_it_on_the_plate,demo_23,95,agentview,wooden_cabinet_1,is_behind,plate_1
pick_up_the_black_bowl_on_the_wooden_cabinet_and_place_it_on_the_plate,demo_23,95,agentview,plate_1,is_in_front_of,wooden_cabinet_1
pick_up_the_black_bowl_on_the_wooden_cabinet_and_place_it_on_the_plate,demo_23,95,agentview,wooden_cabinet_1,is_left_of,flat_stove_1
pick_up_the_black_bowl_on_the_wooden_cabinet_and_place_it_on_the_plate,demo_23,95,agentview,flat_stove_1,is_right_of,wooden_cabinet_1
pick_up_the_black_bowl_on_the_wooden_cabinet_and_place_it_on_the_plate,demo_23,100,agentview,akita_black_bowl_1,is_on_top_of,wooden_cabinet_1
pick_up_the_black_bowl_on_the_wooden_cabinet_and_place_it_on_the_plate,demo_23,100,agentview,wooden_cabinet_1,is_below_of,akita_black_bowl_1
pick_up_the_black_bowl_on_the_wooden_cabinet_and_place_it_on_the_plate,demo_23,100,agentview,akita_black_bowl_2,is_on_top_of,plate_1
pick_up_the_black_bowl_on_the_wooden_cabinet_and_place_it_on_the_plate,demo_23,100,agentview,plate_1,is_below_of,akita_black_bowl_2
pick_up_the_black_bowl_on_the_wooden_cabinet_and_place_it_on_the_plate,demo_23,100,agentview,cookies_1,is_on_top_of,wooden_cabinet_1
pick_up_the_black_bowl_on_the_wooden_cabinet_and_place_it_on_the_plate,demo_23,100,agentview,wooden_cabinet_1,is_below_of,cookies_1
pick_up_the_black_bowl_on_the_wooden_cabinet_and_place_it_on_the_plate,demo_23,100,agentview,glazed_rim_porcelain_ramekin_1,is_on_top_of,wooden_cabinet_1
pick_up_the_black_bowl_on_the_wooden_cabinet_and_place_it_on_the_plate,demo_23,100,agentview,wooden_cabinet_1,is_below_of,glazed_rim_porcelain_ramekin_1
pick_up_the_black_bowl_on_the_wooden_cabinet_and_place_it_on_the_plate,demo_23,100,agentview,plate_1,is_on_top_of,flat_stove_1
pick_up_the_black_bowl_on_the_wooden_cabinet_and_place_it_on_the_plate,demo_23,100,agentview,flat_stove_1,is_below_of,plate_1
pick_up_the_black_bowl_on_the_wooden_cabinet_and_place_it_on_the_plate,demo_23,100,agentview,akita_black_bowl_1,is_behind,akita_black_bowl_2
pick_up_the_black_bowl_on_the_wooden_cabinet_and_place_it_on_the_plate,demo_23,100,agentview,akita_black_bowl_2,is_in_front_of,akita_black_bowl_1
pick_up_the_black_bowl_on_the_wooden_cabinet_and_place_it_on_the_plate,demo_23,100,agentview,akita_black_bowl_1,is_behind,cookies_1
pick_up_the_black_bowl_on_the_wooden_cabinet_and_place_it_on_the_plate,demo_23,100,agentview,cookies_1,is_in_front_of,akita_black_bowl_1
pick_up_the_black_bowl_on_the_wooden_cabinet_and_place_it_on_the_plate,demo_23,100,agentview,akita_black_bowl_1,is_behind,glazed_rim_porcelain_ramekin_1
pick_up_the_black_bowl_on_the_wooden_cabinet_and_place_it_on_the_plate,demo_23,100,agentview,glazed_rim_porcelain_ramekin_1,is_in_front_of,akita_black_bowl_1
pick_up_the_black_bowl_on_the_wooden_cabinet_and_place_it_on_the_plate,demo_23,100,agentview,akita_black_bowl_1,is_behind,plate_1
pick_up_the_black_bowl_on_the_wooden_cabinet_and_place_it_on_the_plate,demo_23,100,agentview,plate_1,is_in_front_of,akita_black_bowl_1
pick_up_the_black_bowl_on_the_wooden_cabinet_and_place_it_on_the_plate,demo_23,100,agentview,akita_black_bowl_2,is_right_of,cookies_1
pick_up_the_black_bowl_on_the_wooden_cabinet_and_place_it_on_the_plate,demo_23,100,agentview,cookies_1,is_left_of,akita_black_bowl_2
pick_up_the_black_bowl_on_the_wooden_cabinet_and_place_it_on_the_plate,demo_23,100,agentview,akita_black_bowl_2,is_right_of,glazed_rim_porcelain_ramekin_1
pick_up_the_black_bowl_on_the_wooden_cabinet_and_place_it_on_the_plate,demo_23,100,agentview,glazed_rim_porcelain_ramekin_1,is_left_of,akita_black_bowl_2
pick_up_the_black_bowl_on_the_wooden_cabinet_and_place_it_on_the_plate,demo_23,100,agentview,akita_black_bowl_2,is_in_front_of,wooden_cabinet_1
pick_up_the_black_bowl_on_the_wooden_cabinet_and_place_it_on_the_plate,demo_23,100,agentview,wooden_cabinet_1,is_behind,akita_black_bowl_2
pick_up_the_black_bowl_on_the_wooden_cabinet_and_place_it_on_the_plate,demo_23,100,agentview,cookies_1,is_right_of,glazed_rim_porcelain_ramekin_1
pick_up_the_black_bowl_on_the_wooden_cabinet_and_place_it_on_the_plate,demo_23,100,agentview,glazed_rim_porcelain_ramekin_1,is_left_of,cookies_1
pick_up_the_black_bowl_on_the_wooden_cabinet_and_place_it_on_the_plate,demo_23,100,agentview,cookies_1,is_in_front_of,plate_1
pick_up_the_black_bowl_on_the_wooden_cabinet_and_place_it_on_the_plate,demo_23,100,agentview,plate_1,is_behind,cookies_1
pick_up_the_black_bowl_on_the_wooden_cabinet_and_place_it_on_the_plate,demo_23,100,agentview,glazed_rim_porcelain_ramekin_1,is_in_front_of,plate_1
pick_up_the_black_bowl_on_the_wooden_cabinet_and_place_it_on_the_plate,demo_23,100,agentview,plate_1,is_behind,glazed_rim_porcelain_ramekin_1
pick_up_the_black_bowl_on_the_wooden_cabinet_and_place_it_on_the_plate,demo_23,105,agentview,akita_black_bowl_1,is_on_top_of,wooden_cabinet_1
pick_up_the_black_bowl_on_the_wooden_cabinet_and_place_it_on_the_plate,demo_23,105,agentview,wooden_cabinet_1,is_below_of,akita_black_bowl_1
pick_up_the_black_bowl_on_the_wooden_cabinet_and_place_it_on_the_plate,demo_23,105,agentview,akita_black_bowl_2,is_on_top_of,plate_1
pick_up_the_black_bowl_on_the_wooden_cabinet_and_place_it_on_the_plate,demo_23,105,agentview,plate_1,is_below_of,akita_black_bowl_2
pick_up_the_black_bowl_on_the_wooden_cabinet_and_place_it_on_the_plate,demo_23,105,agentview,cookies_1,is_on_top_of,wooden_cabinet_1
pick_up_the_black_bowl_on_the_wooden_cabinet_and_place_it_on_the_plate,demo_23,105,agentview,wooden_cabinet_1,is_below_of,cookies_1
pick_up_the_black_bowl_on_the_wooden_cabinet_and_place_it_on_the_plate,demo_23,105,agentview,glazed_rim_porcelain_ramekin_1,is_on_top_of,wooden_cabinet_1
pick_up_the_black_bowl_on_the_wooden_cabinet_and_place_it_on_the_plate,demo_23,105,agentview,wooden_cabinet_1,is_below_of,glazed_rim_porcelain_ramekin_1
pick_up_the_black_bowl_on_the_wooden_cabinet_and_place_it_on_the_plate,demo_23,105,agentview,plate_1,is_on_top_of,flat_stove_1
pick_up_the_black_bowl_on_the_wooden_cabinet_and_place_it_on_the_plate,demo_23,105,agentview,flat_stove_1,is_below_of,plate_1
pick_up_the_black_bowl_on_the_wooden_cabinet_and_place_it_on_the_plate,demo_23,105,agentview,akita_black_bowl_1,is_behind,akita_black_bowl_2
pick_up_the_black_bowl_on_the_wooden_cabinet_and_place_it_on_the_plate,demo_23,105,agentview,akita_black_bowl_2,is_in_front_of,akita_black_bowl_1
pick_up_the_black_bowl_on_the_wooden_cabinet_and_place_it_on_the_plate,demo_23,105,agentview,akita_black_bowl_1,is_behind,cookies_1
pick_up_the_black_bowl_on_the_wooden_cabinet_and_place_it_on_the_plate,demo_23,105,agentview,cookies_1,is_in_front_of,akita_black_bowl_1
pick_up_the_black_bowl_on_the_wooden_cabinet_and_place_it_on_the_plate,demo_23,105,agentview,akita_black_bowl_1,is_behind,glazed_rim_porcelain_ramekin_1
pick_up_the_black_bowl_on_the_wooden_cabinet_and_place_it_on_the_plate,demo_23,105,agentview,glazed_rim_porcelain_ramekin_1,is_in_front_of,akita_black_bowl_1
pick_up_the_black_bowl_on_the_wooden_cabinet_and_place_it_on_the_plate,demo_23,105,agentview,akita_black_bowl_1,is_behind,plate_1
pick_up_the_black_bowl_on_the_wooden_cabinet_and_place_it_on_the_plate,demo_23,105,agentview,plate_1,is_in_front_of,akita_black_bowl_1
pick_up_the_black_bowl_on_the_wooden_cabinet_and_place_it_on_the_plate,demo_23,105,agentview,akita_black_bowl_2,is_right_of,cookies_1
pick_up_the_black_bowl_on_the_wooden_cabinet_and_place_it_on_the_plate,demo_23,105,agentview,cookies_1,is_left_of,akita_black_bowl_2
pick_up_the_black_bowl_on_the_wooden_cabinet_and_place_it_on_the_plate,demo_23,105,agentview,akita_black_bowl_2,is_right_of,glazed_rim_porcelain_ramekin_1
pick_up_the_black_bowl_on_the_wooden_cabinet_and_place_it_on_the_plate,demo_23,105,agentview,glazed_rim_porcelain_ramekin_1,is_left_of,akita_black_bowl_2
pick_up_the_black_bowl_on_the_wooden_cabinet_and_place_it_on_the_plate,demo_23,105,agentview,akita_black_bowl_2,is_in_front_of,wooden_cabinet_1
pick_up_the_black_bowl_on_the_wooden_cabinet_and_place_it_on_the_plate,demo_23,105,agentview,wooden_cabinet_1,is_behind,akita_black_bowl_2
pick_up_the_black_bowl_on_the_wooden_cabinet_and_place_it_on_the_plate,demo_23,105,agentview,cookies_1,is_right_of,glazed_rim_porcelain_ramekin_1
pick_up_the_black_bowl_on_the_wooden_cabinet_and_place_it_on_the_plate,demo_23,105,agentview,glazed_rim_porcelain_ramekin_1,is_left_of,cookies_1
pick_up_the_black_bowl_on_the_wooden_cabinet_and_place_it_on_the_plate,demo_23,105,agentview,cookies_1,is_in_front_of,wooden_cabinet_1
pick_up_the_black_bowl_on_the_wooden_cabinet_and_place_it_on_the_plate,demo_23,105,agentview,wooden_cabinet_1,is_behind,cookies_1
pick_up_the_black_bowl_on_the_wooden_cabinet_and_place_it_on_the_plate,demo_23,105,agentview,glazed_rim_porcelain_ramekin_1,is_in_front_of,wooden_cabinet_1
pick_up_the_black_bowl_on_the_wooden_cabinet_and_place_it_on_the_plate,demo_23,105,agentview,wooden_cabinet_1,is_behind,glazed_rim_porcelain_ramekin_1
pick_up_the_black_bowl_on_the_wooden_cabinet_and_place_it_on_the_plate,demo_23,105,agentview,plate_1,is_right_of,cookies_1
pick_up_the_black_bowl_on_the_wooden_cabinet_and_place_it_on_the_plate,demo_23,105,agentview,cookies_1,is_left_of,plate_1
pick_up_the_black_bowl_on_the_wooden_cabinet_and_place_it_on_the_plate,demo_23,105,agentview,plate_1,is_right_of,glazed_rim_porcelain_ramekin_1
pick_up_the_black_bowl_on_the_wooden_cabinet_and_place_it_on_the_plate,demo_23,105,agentview,glazed_rim_porcelain_ramekin_1,is_left_of,plate_1
pick_up_the_black_bowl_on_the_wooden_cabinet_and_place_it_on_the_plate,demo_23,105,agentview,plate_1,is_in_front_of,wooden_cabinet_1
pick_up_the_black_bowl_on_the_wooden_cabinet_and_place_it_on_the_plate,demo_23,105,agentview,wooden_cabinet_1,is_behind,plate_1
pick_up_the_black_bowl_on_the_wooden_cabinet_and_place_it_on_the_plate,demo_26,40,agentview,akita_black_bowl_1,is_on_top_of,wooden_cabinet_1
pick_up_the_black_bowl_on_the_wooden_cabinet_and_place_it_on_the_plate,demo_26,40,agentview,wooden_cabinet_1,is_below_of,akita_black_bowl_1
pick_up_the_black_bowl_on_the_wooden_cabinet_and_place_it_on_the_plate,demo_26,40,agentview,akita_black_bowl_2,is_on_top_of,plate_1
pick_up_the_black_bowl_on_the_wooden_cabinet_and_place_it_on_the_plate,demo_26,40,agentview,plate_1,is_below_of,akita_black_bowl_2
pick_up_the_black_bowl_on_the_wooden_cabinet_and_place_it_on_the_plate,demo_26,40,agentview,cookies_1,is_on_top_of,wooden_cabinet_1
pick_up_the_black_bowl_on_the_wooden_cabinet_and_place_it_on_the_plate,demo_26,40,agentview,wooden_cabinet_1,is_below_of,cookies_1
pick_up_the_black_bowl_on_the_wooden_cabinet_and_place_it_on_the_plate,demo_26,40,agentview,glazed_rim_porcelain_ramekin_1,is_on_top_of,wooden_cabinet_1
pick_up_the_black_bowl_on_the_wooden_cabinet_and_place_it_on_the_plate,demo_26,40,agentview,wooden_cabinet_1,is_below_of,glazed_rim_porcelain_ramekin_1
pick_up_the_black_bowl_on_the_wooden_cabinet_and_place_it_on_the_plate,demo_26,40,agentview,plate_1,is_on_top_of,flat_stove_1
pick_up_the_black_bowl_on_the_wooden_cabinet_and_place_it_on_the_plate,demo_26,40,agentview,flat_stove_1,is_below_of,plate_1
pick_up_the_black_bowl_on_the_wooden_cabinet_and_place_it_on_the_plate,demo_26,40,agentview,akita_black_bowl_1,is_behind,akita_black_bowl_2
pick_up_the_black_bowl_on_the_wooden_cabinet_and_place_it_on_the_plate,demo_26,40,agentview,akita_black_bowl_2,is_in_front_of,akita_black_bowl_1
pick_up_the_black_bowl_on_the_wooden_cabinet_and_place_it_on_the_plate,demo_26,40,agentview,akita_black_bowl_1,is_behind,cookies_1
pick_up_the_black_bowl_on_the_wooden_cabinet_and_place_it_on_the_plate,demo_26,40,agentview,cookies_1,is_in_front_of,akita_black_bowl_1
pick_up_the_black_bowl_on_the_wooden_cabinet_and_place_it_on_the_plate,demo_26,40,agentview,akita_black_bowl_1,is_behind,glazed_rim_porcelain_ramekin_1
pick_up_the_black_bowl_on_the_wooden_cabinet_and_place_it_on_the_plate,demo_26,40,agentview,glazed_rim_porcelain_ramekin_1,is_in_front_of,akita_black_bowl_1
pick_up_the_black_bowl_on_the_wooden_cabinet_and_place_it_on_the_plate,demo_26,40,agentview,akita_black_bowl_1,is_behind,plate_1
pick_up_the_black_bowl_on_the_wooden_cabinet_and_place_it_on_the_plate,demo_26,40,agentview,plate_1,is_in_front_of,akita_black_bowl_1
pick_up_the_black_bowl_on_the_wooden_cabinet_and_place_it_on_the_plate,demo_26,40,agentview,akita_black_bowl_2,is_behind,cookies_1
pick_up_the_black_bowl_on_the_wooden_cabinet_and_place_it_on_the_plate,demo_26,40,agentview,cookies_1,is_in_front_of,akita_black_bowl_2
pick_up_the_black_bowl_on_the_wooden_cabinet_and_place_it_on_the_plate,demo_26,40,agentview,akita_black_bowl_2,is_right_of,glazed_rim_porcelain_ramekin_1
pick_up_the_black_bowl_on_the_wooden_cabinet_and_place_it_on_the_plate,demo_26,40,agentview,glazed_rim_porcelain_ramekin_1,is_left_of,akita_black_bowl_2
pick_up_the_black_bowl_on_the_wooden_cabinet_and_place_it_on_the_plate,demo_26,40,agentview,akita_black_bowl_2,is_behind,plate_1
pick_up_the_black_bowl_on_the_wooden_cabinet_and_place_it_on_the_plate,demo_26,40,agentview,plate_1,is_in_front_of,akita_black_bowl_2
pick_up_the_black_bowl_on_the_wooden_cabinet_and_place_it_on_the_plate,demo_26,40,agentview,cookies_1,is_right_of,glazed_rim_porcelain_ramekin_1
pick_up_the_black_bowl_on_the_wooden_cabinet_and_place_it_on_the_plate,demo_26,40,agentview,glazed_rim_porcelain_ramekin_1,is_left_of,cookies_1
pick_up_the_black_bowl_on_the_wooden_cabinet_and_place_it_on_the_plate,demo_26,40,agentview,cookies_1,is_behind,plate_1
pick_up_the_black_bowl_on_the_wooden_cabinet_and_place_it_on_the_plate,demo_26,40,agentview,plate_1,is_in_front_of,cookies_1
pick_up_the_black_bowl_on_the_wooden_cabinet_and_place_it_on_the_plate,demo_26,40,agentview,glazed_rim_porcelain_ramekin_1,is_behind,plate_1
pick_up_the_black_bowl_on_the_wooden_cabinet_and_place_it_on_the_plate,demo_26,40,agentview,plate_1,is_in_front_of,glazed_rim_porcelain_ramekin_1
pick_up_the_black_bowl_on_the_wooden_cabinet_and_place_it_on_the_plate,demo_26,45,agentview,akita_black_bowl_1,is_on_top_of,wooden_cabinet_1
pick_up_the_black_bowl_on_the_wooden_cabinet_and_place_it_on_the_plate,demo_26,45,agentview,wooden_cabinet_1,is_below_of,akita_black_bowl_1
pick_up_the_black_bowl_on_the_wooden_cabinet_and_place_it_on_the_plate,demo_26,45,agentview,akita_black_bowl_2,is_on_top_of,flat_stove_1
pick_up_the_black_bowl_on_the_wooden_cabinet_and_place_it_on_the_plate,demo_26,45,agentview,flat_stove_1,is_below_of,akita_black_bowl_2
pick_up_the_black_bowl_on_the_wooden_cabinet_and_place_it_on_the_plate,demo_26,45,agentview,cookies_1,is_on_top_of,flat_stove_1
pick_up_the_black_bowl_on_the_wooden_cabinet_and_place_it_on_the_plate,demo_26,45,agentview,flat_stove_1,is_below_of,cookies_1
pick_up_the_black_bowl_on_the_wooden_cabinet_and_place_it_on_the_plate,demo_26,45,agentview,glazed_rim_porcelain_ramekin_1,is_on_top_of,flat_stove_1
pick_up_the_black_bowl_on_the_wooden_cabinet_and_place_it_on_the_plate,demo_26,45,agentview,flat_stove_1,is_below_of,glazed_rim_porcelain_ramekin_1
pick_up_the_black_bowl_on_the_wooden_cabinet_and_place_it_on_the_plate,demo_26,45,agentview,plate_1,is_on_top_of,flat_stove_1
pick_up_the_black_bowl_on_the_wooden_cabinet_and_place_it_on_the_plate,demo_26,45,agentview,flat_stove_1,is_below_of,plate_1
pick_up_the_black_bowl_on_the_wooden_cabinet_and_place_it_on_the_plate,demo_26,45,agentview,akita_black_bowl_1,is_behind,akita_black_bowl_2
pick_up_the_black_bowl_on_the_wooden_cabinet_and_place_it_on_the_plate,demo_26,45,agentview,akita_black_bowl_2,is_in_front_of,akita_black_bowl_1
pick_up_the_black_bowl_on_the_wooden_cabinet_and_place_it_on_the_plate,demo_26,45,agentview,akita_black_bowl_1,is_behind,cookies_1
pick_up_the_black_bowl_on_the_wooden_cabinet_and_place_it_on_the_plate,demo_26,45,agentview,cookies_1,is_in_front_of,akita_black_bowl_1
pick_up_the_black_bowl_on_the_wooden_cabinet_and_place_it_on_the_plate,demo_26,45,agentview,akita_black_bowl_1,is_behind,glazed_rim_porcelain_ramekin_1
pick_up_the_black_bowl_on_the_wooden_cabinet_and_place_it_on_the_plate,demo_26,45,agentview,glazed_rim_porcelain_ramekin_1,is_in_front_of,akita_black_bowl_1
pick_up_the_black_bowl_on_the_wooden_cabinet_and_place_it_on_the_plate,demo_26,45,agentview,akita_black_bowl_1,is_behind,plate_1
pick_up_the_black_bowl_on_the_wooden_cabinet_and_place_it_on_the_plate,demo_26,45,agentview,plate_1,is_in_front_of,akita_black_bowl_1
pick_up_the_black_bowl_on_the_wooden_cabinet_and_place_it_on_the_plate,demo_26,45,agentview,akita_black_bowl_2,is_right_of,cookies_1
pick_up_the_black_bowl_on_the_wooden_cabinet_and_place_it_on_the_plate,demo_26,45,agentview,cookies_1,is_left_of,akita_black_bowl_2
pick_up_the_black_bowl_on_the_wooden_cabinet_and_place_it_on_the_plate,demo_26,45,agentview,akita_black_bowl_2,is_behind,glazed_rim_porcelain_ramekin_1
pick_up_the_black_bowl_on_the_wooden_cabinet_and_place_it_on_the_plate,demo_26,45,agentview,glazed_rim_porcelain_ramekin_1,is_in_front_of,akita_black_bowl_2
pick_up_the_black_bowl_on_the_wooden_cabinet_and_place_it_on_the_plate,demo_26,45,agentview,akita_black_bowl_2,is_behind,plate_1
pick_up_the_black_bowl_on_the_wooden_cabinet_and_place_it_on_the_plate,demo_26,45,agentview,plate_1,is_in_front_of,akita_black_bowl_2
pick_up_the_black_bowl_on_the_wooden_cabinet_and_place_it_on_the_plate,demo_26,45,agentview,cookies_1,is_left_of,glazed_rim_porcelain_ramekin_1
pick_up_the_black_bowl_on_the_wooden_cabinet_and_place_it_on_the_plate,demo_26,45,agentview,glazed_rim_porcelain_ramekin_1,is_right_of,cookies_1
pick_up_the_black_bowl_on_the_wooden_cabinet_and_place_it_on_the_plate,demo_26,45,agentview,cookies_1,is_behind,plate_1
pick_up_the_black_bowl_on_the_wooden_cabinet_and_place_it_on_the_plate,demo_26,45,agentview,plate_1,is_in_front_of,cookies_1
pick_up_the_black_bowl_on_the_wooden_cabinet_and_place_it_on_the_plate,demo_26,45,agentview,glazed_rim_porcelain_ramekin_1,is_behind,plate_1
pick_up_the_black_bowl_on_the_wooden_cabinet_and_place_it_on_the_plate,demo_26,45,agentview,plate_1,is_in_front_of,glazed_rim_porcelain_ramekin_1
pick_up_the_black_bowl_on_the_wooden_cabinet_and_place_it_on_the_plate,demo_26,50,agentview,akita_black_bowl_1,is_on_top_of,wooden_cabinet_1
pick_up_the_black_bowl_on_the_wooden_cabinet_and_place_it_on_the_plate,demo_26,50,agentview,wooden_cabinet_1,is_below_of,akita_black_bowl_1
pick_up_the_black_bowl_on_the_wooden_cabinet_and_place_it_on_the_plate,demo_26,50,agentview,akita_black_bowl_1,is_behind,akita_black_bowl_2
pick_up_the_black_bowl_on_the_wooden_cabinet_and_place_it_on_the_plate,demo_26,50,agentview,akita_black_bowl_2,is_in_front_of,akita_black_bowl_1
pick_up_the_black_bowl_on_the_wooden_cabinet_and_place_it_on_the_plate,demo_26,50,agentview,akita_black_bowl_1,is_behind,cookies_1
pick_up_the_black_bowl_on_the_wooden_cabinet_and_place_it_on_the_plate,demo_26,50,agentview,cookies_1,is_in_front_of,akita_black_bowl_1
pick_up_the_black_bowl_on_the_wooden_cabinet_and_place_it_on_the_plate,demo_26,50,agentview,akita_black_bowl_1,is_behind,glazed_rim_porcelain_ramekin_1
pick_up_the_black_bowl_on_the_wooden_cabinet_and_place_it_on_the_plate,demo_26,50,agentview,glazed_rim_porcelain_ramekin_1,is_in_front_of,akita_black_bowl_1
pick_up_the_black_bowl_on_the_wooden_cabinet_and_place_it_on_the_plate,demo_26,50,agentview,akita_black_bowl_1,is_behind,plate_1
pick_up_the_black_bowl_on_the_wooden_cabinet_and_place_it_on_the_plate,demo_26,50,agentview,plate_1,is_in_front_of,akita_black_bowl_1
pick_up_the_black_bowl_on_the_wooden_cabinet_and_place_it_on_the_plate,demo_26,50,agentview,akita_black_bowl_1,is_behind,flat_stove_1
pick_up_the_black_bowl_on_the_wooden_cabinet_and_place_it_on_the_plate,demo_26,50,agentview,flat_stove_1,is_in_front_of,akita_black_bowl_1
pick_up_the_black_bowl_on_the_wooden_cabinet_and_place_it_on_the_plate,demo_26,50,agentview,akita_black_bowl_2,is_right_of,cookies_1
pick_up_the_black_bowl_on_the_wooden_cabinet_and_place_it_on_the_plate,demo_26,50,agentview,cookies_1,is_left_of,akita_black_bowl_2
pick_up_the_black_bowl_on_the_wooden_cabinet_and_place_it_on_the_plate,demo_26,50,agentview,akita_black_bowl_2,is_right_of,glazed_rim_porcelain_ramekin_1
pick_up_the_black_bowl_on_the_wooden_cabinet_and_place_it_on_the_plate,demo_26,50,agentview,glazed_rim_porcelain_ramekin_1,is_left_of,akita_black_bowl_2
pick_up_the_black_bowl_on_the_wooden_cabinet_and_place_it_on_the_plate,demo_26,50,agentview,akita_black_bowl_2,is_right_of,plate_1
pick_up_the_black_bowl_on_the_wooden_cabinet_and_place_it_on_the_plate,demo_26,50,agentview,plate_1,is_left_of,akita_black_bowl_2
pick_up_the_black_bowl_on_the_wooden_cabinet_and_place_it_on_the_plate,demo_26,50,agentview,akita_black_bowl_2,is_behind,flat_stove_1
pick_up_the_black_bowl_on_the_wooden_cabinet_and_place_it_on_the_plate,demo_26,50,agentview,flat_stove_1,is_in_front_of,akita_black_bowl_2
pick_up_the_black_bowl_on_the_wooden_cabinet_and_place_it_on_the_plate,demo_26,50,agentview,cookies_1,is_right_of,glazed_rim_porcelain_ramekin_1
pick_up_the_black_bowl_on_the_wooden_cabinet_and_place_it_on_the_plate,demo_26,50,agentview,glazed_rim_porcelain_ramekin_1,is_left_of,cookies_1
pick_up_the_black_bowl_on_the_wooden_cabinet_and_place_it_on_the_plate,demo_26,50,agentview,cookies_1,is_right_of,plate_1
pick_up_the_black_bowl_on_the_wooden_cabinet_and_place_it_on_the_plate,demo_26,50,agentview,plate_1,is_left_of,cookies_1
pick_up_the_black_bowl_on_the_wooden_cabinet_and_place_it_on_the_plate,demo_26,50,agentview,cookies_1,is_behind,flat_stove_1
pick_up_the_black_bowl_on_the_wooden_cabinet_and_place_it_on_the_plate,demo_26,50,agentview,flat_stove_1,is_in_front_of,cookies_1
pick_up_the_black_bowl_on_the_wooden_cabinet_and_place_it_on_the_plate,demo_26,50,agentview,glazed_rim_porcelain_ramekin_1,is_right_of,plate_1
pick_up_the_black_bowl_on_the_wooden_cabinet_and_place_it_on_the_plate,demo_26,50,agentview,plate_1,is_left_of,glazed_rim_porcelain_ramekin_1
pick_up_the_black_bowl_on_the_wooden_cabinet_and_place_it_on_the_plate,demo_26,50,agentview,glazed_rim_porcelain_ramekin_1,is_behind,flat_stove_1
pick_up_the_black_bowl_on_the_wooden_cabinet_and_place_it_on_the_plate,demo_26,50,agentview,flat_stove_1,is_in_front_of,glazed_rim_porcelain_ramekin_1
pick_up_the_black_bowl_on_the_wooden_cabinet_and_place_it_on_the_plate,demo_26,50,agentview,plate_1,is_on_top_of,flat_stove_1
pick_up_the_black_bowl_on_the_wooden_cabinet_and_place_it_on_the_plate,demo_26,50,agentview,flat_stove_1,is_below_of,plate_1
pick_up_the_black_bowl_on_the_wooden_cabinet_and_place_it_on_the_plate,demo_26,55,agentview,akita_black_bowl_1,is_on_top_of,wooden_cabinet_1
pick_up_the_black_bowl_on_the_wooden_cabinet_and_place_it_on_the_plate,demo_26,55,agentview,wooden_cabinet_1,is_below_of,akita_black_bowl_1
pick_up_the_black_bowl_on_the_wooden_cabinet_and_place_it_on_the_plate,demo_26,55,agentview,akita_black_bowl_1,is_behind,akita_black_bowl_2
pick_up_the_black_bowl_on_the_wooden_cabinet_and_place_it_on_the_plate,demo_26,55,agentview,akita_black_bowl_2,is_in_front_of,akita_black_bowl_1
pick_up_the_black_bowl_on_the_wooden_cabinet_and_place_it_on_the_plate,demo_26,55,agentview,akita_black_bowl_1,is_behind,cookies_1
pick_up_the_black_bowl_on_the_wooden_cabinet_and_place_it_on_the_plate,demo_26,55,agentview,cookies_1,is_in_front_of,akita_black_bowl_1
pick_up_the_black_bowl_on_the_wooden_cabinet_and_place_it_on_the_plate,demo_26,55,agentview,akita_black_bowl_1,is_behind,glazed_rim_porcelain_ramekin_1
pick_up_the_black_bowl_on_the_wooden_cabinet_and_place_it_on_the_plate,demo_26,55,agentview,glazed_rim_porcelain_ramekin_1,is_in_front_of,akita_black_bowl_1
pick_up_the_black_bowl_on_the_wooden_cabinet_and_place_it_on_the_plate,demo_26,55,agentview,akita_black_bowl_1,is_behind,plate_1
pick_up_the_black_bowl_on_the_wooden_cabinet_and_place_it_on_the_plate,demo_26,55,agentview,plate_1,is_in_front_of,akita_black_bowl_1
pick_up_the_black_bowl_on_the_wooden_cabinet_and_place_it_on_the_plate,demo_26,55,agentview,akita_black_bowl_1,is_behind,flat_stove_1
pick_up_the_black_bowl_on_the_wooden_cabinet_and_place_it_on_the_plate,demo_26,55,agentview,flat_stove_1,is_in_front_of,akita_black_bowl_1
pick_up_the_black_bowl_on_the_wooden_cabinet_and_place_it_on_the_plate,demo_26,55,agentview,akita_black_bowl_2,is_on_top_of,plate_1
pick_up_the_black_bowl_on_the_wooden_cabinet_and_place_it_on_the_plate,demo_26,55,agentview,plate_1,is_below_of,akita_black_bowl_2
pick_up_the_black_bowl_on_the_wooden_cabinet_and_place_it_on_the_plate,demo_26,55,agentview,akita_black_bowl_2,is_right_of,cookies_1
pick_up_the_black_bowl_on_the_wooden_cabinet_and_place_it_on_the_plate,demo_26,55,agentview,cookies_1,is_left_of,akita_black_bowl_2
pick_up_the_black_bowl_on_the_wooden_cabinet_and_place_it_on_the_plate,demo_26,55,agentview,akita_black_bowl_2,is_behind,glazed_rim_porcelain_ramekin_1
pick_up_the_black_bowl_on_the_wooden_cabinet_and_place_it_on_the_plate,demo_26,55,agentview,glazed_rim_porcelain_ramekin_1,is_in_front_of,akita_black_bowl_2
pick_up_the_black_bowl_on_the_wooden_cabinet_and_place_it_on_the_plate,demo_26,55,agentview,akita_black_bowl_2,is_right_of,plate_1
pick_up_the_black_bowl_on_the_wooden_cabinet_and_place_it_on_the_plate,demo_26,55,agentview,plate_1,is_left_of,akita_black_bowl_2
pick_up_the_black_bowl_on_the_wooden_cabinet_and_place_it_on_the_plate,demo_26,55,agentview,akita_black_bowl_2,is_behind,flat_stove_1
pick_up_the_black_bowl_on_the_wooden_cabinet_and_place_it_on_the_plate,demo_26,55,agentview,flat_stove_1,is_in_front_of,akita_black_bowl_2
pick_up_the_black_bowl_on_the_wooden_cabinet_and_place_it_on_the_plate,demo_26,55,agentview,cookies_1,is_on_top_of,plate_1
pick_up_the_black_bowl_on_the_wooden_cabinet_and_place_it_on_the_plate,demo_26,55,agentview,plate_1,is_below_of,cookies_1
pick_up_the_black_bowl_on_the_wooden_cabinet_and_place_it_on_the_plate,demo_26,55,agentview,cookies_1,is_left_of,glazed_rim_porcelain_ramekin_1
pick_up_the_black_bowl_on_the_wooden_cabinet_and_place_it_on_the_plate,demo_26,55,agentview,glazed_rim_porcelain_ramekin_1,is_right_of,cookies_1
pick_up_the_black_bowl_on_the_wooden_cabinet_and_place_it_on_the_plate,demo_26,55,agentview,cookies_1,is_behind,flat_stove_1
pick_up_the_black_bowl_on_the_wooden_cabinet_and_place_it_on_the_plate,demo_26,55,agentview,flat_stove_1,is_in_front_of,cookies_1
pick_up_the_black_bowl_on_the_wooden_cabinet_and_place_it_on_the_plate,demo_26,55,agentview,glazed_rim_porcelain_ramekin_1,is_on_top_of,plate_1
pick_up_the_black_bowl_on_the_wooden_cabinet_and_place_it_on_the_plate,demo_26,55,agentview,plate_1,is_below_of,glazed_rim_porcelain_ramekin_1
pick_up_the_black_bowl_on_the_wooden_cabinet_and_place_it_on_the_plate,demo_26,55,agentview,glazed_rim_porcelain_ramekin_1,is_behind,flat_stove_1
pick_up_the_black_bowl_on_the_wooden_cabinet_and_place_it_on_the_plate,demo_26,55,agentview,flat_stove_1,is_in_front_of,glazed_rim_porcelain_ramekin_1
pick_up_the_black_bowl_on_the_wooden_cabinet_and_place_it_on_the_plate,demo_26,55,agentview,plate_1,is_on_top_of,flat_stove_1
pick_up_the_black_bowl_on_the_wooden_cabinet_and_place_it_on_the_plate,demo_26,55,agentview,flat_stove_1,is_below_of,plate_1
pick_up_the_black_bowl_on_the_wooden_cabinet_and_place_it_on_the_plate,demo_26,55,agentview,wooden_cabinet_1,is_behind,akita_black_bowl_2
pick_up_the_black_bowl_on_the_wooden_cabinet_and_place_it_on_the_plate,demo_26,55,agentview,akita_black_bowl_2,is_in_front_of,wooden_cabinet_1
pick_up_the_black_bowl_on_the_wooden_cabinet_and_place_it_on_the_plate,demo_26,55,agentview,wooden_cabinet_1,is_behind,cookies_1
pick_up_the_black_bowl_on_the_wooden_cabinet_and_place_it_on_the_plate,demo_26,55,agentview,cookies_1,is_in_front_of,wooden_cabinet_1
pick_up_the_black_bowl_on_the_wooden_cabinet_and_place_it_on_the_plate,demo_26,55,agentview,wooden_cabinet_1,is_behind,glazed_rim_porcelain_ramekin_1
pick_up_the_black_bowl_on_the_wooden_cabinet_and_place_it_on_the_plate,demo_26,55,agentview,glazed_rim_porcelain_ramekin_1,is_in_front_of,wooden_cabinet_1
pick_up_the_black_bowl_on_the_wooden_cabinet_and_place_it_on_the_plate,demo_26,55,agentview,wooden_cabinet_1,is_behind,plate_1
pick_up_the_black_bowl_on_the_wooden_cabinet_and_place_it_on_the_plate,demo_26,55,agentview,plate_1,is_in_front_of,wooden_cabinet_1
pick_up_the_black_bowl_on_the_wooden_cabinet_and_place_it_on_the_plate,demo_26,55,agentview,wooden_cabinet_1,is_behind,flat_stove_1
pick_up_the_black_bowl_on_the_wooden_cabinet_and_place_it_on_the_plate,demo_26,55,agentview,flat_stove_1,is_in_front_of,wooden_cabinet_1
pick_up_the_black_bowl_on_the_wooden_cabinet_and_place_it_on_the_plate,demo_26,60,agentview,akita_black_bowl_1,is_on_top_of,wooden_cabinet_1
pick_up_the_black_bowl_on_the_wooden_cabinet_and_place_it_on_the_plate,demo_26,60,agentview,wooden_cabinet_1,is_below_of,akita_black_bowl_1
pick_up_the_black_bowl_on_the_wooden_cabinet_and_place_it_on_the_plate,demo_26,60,agentview,akita_black_bowl_2,is_on_top_of,plate_1
pick_up_the_black_bowl_on_the_wooden_cabinet_and_place_it_on_the_plate,demo_26,60,agentview,plate_1,is_below_of,akita_black_bowl_2
pick_up_the_black_bowl_on_the_wooden_cabinet_and_place_it_on_the_plate,demo_26,60,agentview,cookies_1,is_on_top_of,flat_stove_1
pick_up_the_black_bowl_on_the_wooden_cabinet_and_place_it_on_the_plate,demo_26,60,agentview,flat_stove_1,is_below_of,cookies_1
pick_up_the_black_bowl_on_the_wooden_cabinet_and_place_it_on_the_plate,demo_26,60,agentview,glazed_rim_porcelain_ramekin_1,is_on_top_of,flat_stove_1
pick_up_the_black_bowl_on_the_wooden_cabinet_and_place_it_on_the_plate,demo_26,60,agentview,flat_stove_1,is_below_of,glazed_rim_porcelain_ramekin_1
pick_up_the_black_bowl_on_the_wooden_cabinet_and_place_it_on_the_plate,demo_26,60,agentview,plate_1,is_right_of,akita_black_bowl_1
pick_up_the_black_bowl_on_the_wooden_cabinet_and_place_it_on_the_plate,demo_26,60,agentview,akita_black_bowl_1,is_left_of,plate_1
pick_up_the_black_bowl_on_the_wooden_cabinet_and_place_it_on_the_plate,demo_26,60,agentview,plate_1,is_right_of,wooden_cabinet_1
pick_up_the_black_bowl_on_the_wooden_cabinet_and_place_it_on_the_plate,demo_26,60,agentview,wooden_cabinet_1,is_left_of,plate_1
pick_up_the_black_bowl_on_the_wooden_cabinet_and_place_it_on_the_plate,demo_26,60,agentview,plate_1,is_right_of,glazed_rim_porcelain_ramekin_1
pick_up_the_black_bowl_on_the_wooden_cabinet_and_place_it_on_the_plate,demo_26,60,agentview,glazed_rim_porcelain_ramekin_1,is_left_of,plate_1
pick_up_the_black_bowl_on_the_wooden_cabinet_and_place_it_on_the_plate,demo_26,60,agentview,plate_1,is_right_of,cookies_1
pick_up_the_black_bowl_on_the_wooden_cabinet_and_place_it_on_the_plate,demo_26,60,agentview,cookies_1,is_left_of,plate_1
pick_up_the_black_bowl_on_the_wooden_cabinet_and_place_it_on_the_plate,demo_26,60,agentview,akita_black_bowl_1,is_behind,plate_1
pick_up_the_black_bowl_on_the_wooden_cabinet_and_place_it_on_the_plate,demo_26,60,agentview,plate_1,is_in_front_of,akita_black_bowl_1
pick_up_the_black_bowl_on_the_wooden_cabinet_and_place_it_on_the_plate,demo_26,60,agentview,akita_black_bowl_1,is_behind,glazed_rim_porcelain_ramekin_1
pick_up_the_black_bowl_on_the_wooden_cabinet_and_place_it_on_the_plate,demo_26,60,agentview,glazed_rim_porcelain_ramekin_1,is_in_front_of,akita_black_bowl_1
pick_up_the_black_bowl_on_the_wooden_cabinet_and_place_it_on_the_plate,demo_26,60,agentview,akita_black_bowl_1,is_behind,cookies_1
pick_up_the_black_bowl_on_the_wooden_cabinet_and_place_it_on_the_plate,demo_26,60,agentview,cookies_1,is_in_front_of,akita_black_bowl_1
pick_up_the_black_bowl_on_the_wooden_cabinet_and_place_it_on_the_plate,demo_26,60,agentview,wooden_cabinet_1,is_behind,plate_1
pick_up_the_black_bowl_on_the_wooden_cabinet_and_place_it_on_the_plate,demo_26,60,agentview,plate_1,is_in_front_of,wooden_cabinet_1
pick_up_the_black_bowl_on_the_wooden_cabinet_and_place_it_on_the_plate,demo_26,60,agentview,wooden_cabinet_1,is_behind,glazed_rim_porcelain_ramekin_1
pick_up_the_black_bowl_on_the_wooden_cabinet_and_place_it_on_the_plate,demo_26,60,agentview,glazed_rim_porcelain_ramekin_1,is_in_front_of,wooden_cabinet_1
pick_up_the_black_bowl_on_the_wooden_cabinet_and_place_it_on_the_plate,demo_26,60,agentview,wooden_cabinet_1,is_behind,cookies_1
pick_up_the_black_bowl_on_the_wooden_cabinet_and_place_it_on_the_plate,demo_26,60,agentview,cookies_1,is_in_front_of,wooden_cabinet_1
pick_up_the_black_bowl_on_the_wooden_cabinet_and_place_it_on_the_plate,demo_26,60,agentview,glazed_rim_porcelain_ramekin_1,is_left_of,cookies_1
pick_up_the_black_bowl_on_the_wooden_cabinet_and_place_it_on_the_plate,demo_26,60,agentview,cookies_1,is_right_of,glazed_rim_porcelain_ramekin_1
pick_up_the_black_bowl_on_the_wooden_cabinet_and_place_it_on_the_plate,demo_26,60,agentview,akita_black_bowl_2,is_behind,akita_black_bowl_1
pick_up_the_black_bowl_on_the_wooden_cabinet_and_place_it_on_the_plate,demo_26,60,agentview,akita_black_bowl_1,is_in_front_of,akita_black_bowl_2
pick_up_the_black_bowl_on_the_wooden_cabinet_and_place_it_on_the_plate,demo_26,60,agentview,akita_black_bowl_2,is_behind,wooden_cabinet_1
pick_up_the_black_bowl_on_the_wooden_cabinet_and_place_it_on_the_plate,demo_26,60,agentview,wooden_cabinet_1,is_in_front_of,akita_black_bowl_2
pick_up_the_black_bowl_on_the_wooden_cabinet_and_place_it_on_the_plate,demo_26,60,agentview,akita_black_bowl_2,is_behind,plate_1
pick_up_the_black_bowl_on_the_wooden_cabinet_and_place_it_on_the_plate,demo_26,60,agentview,plate_1,is_in_front_of,akita_black_bowl_2
pick_up_the_black_bowl_on_the_wooden_cabinet_and_place_it_on_the_plate,demo_26,60,agentview,akita_black_bowl_2,is_behind,glazed_rim_porcelain_ramekin_1
pick_up_the_black_bowl_on_the_wooden_cabinet_and_place_it_on_the_plate,demo_26,60,agentview,glazed_rim_porcelain_ramekin_1,is_in_front_of,akita_black_bowl_2
pick_up_the_black_bowl_on_the_wooden_cabinet_and_place_it_on_the_plate,demo_26,60,agentview,akita_black_bowl_2,is_behind,cookies_1
pick_up_the_black_bowl_on_the_wooden_cabinet_and_place_it_on_the_plate,demo_26,60,agentview,cookies_1,is_in_front_of,akita_black_bowl_2
pick_up_the_black_bowl_on_the_wooden_cabinet_and_place_it_on_the_plate,demo_26,65,agentview,akita_black_bowl_1,is_on_top_of,wooden_cabinet_1
pick_up_the_black_bowl_on_the_wooden_cabinet_and_place_it_on_the_plate,demo_26,65,agentview,wooden_cabinet_1,is_below_of,akita_black_bowl_1
pick_up_the_black_bowl_on_the_wooden_cabinet_and_place_it_on_the_plate,demo_26,65,agentview,akita_black_bowl_1,is_behind,akita_black_bowl_2
pick_up_the_black_bowl_on_the_wooden_cabinet_and_place_it_on_the_plate,demo_26,65,agentview,akita_black_bowl_2,is_in_front_of,akita_black_bowl_1
pick_up_the_black_bowl_on_the_wooden_cabinet_and_place_it_on_the_plate,demo_26,65,agentview,akita_black_bowl_1,is_behind,cookies_1
pick_up_the_black_bowl_on_the_wooden_cabinet_and_place_it_on_the_plate,demo_26,65,agentview,cookies_1,is_in_front_of,akita_black_bowl_1
pick_up_the_black_bowl_on_the_wooden_cabinet_and_place_it_on_the_plate,demo_26,65,agentview,akita_black_bowl_1,is_behind,glazed_rim_porcelain_ramekin_1
pick_up_the_black_bowl_on_the_wooden_cabinet_and_place_it_on_the_plate,demo_26,65,agentview,glazed_rim_porcelain_ramekin_1,is_in_front_of,akita_black_bowl_1
pick_up_the_black_bowl_on_the_wooden_cabinet_and_place_it_on_the_plate,demo_26,65,agentview,akita_black_bowl_1,is_behind,plate_1
pick_up_the_black_bowl_on_the_wooden_cabinet_and_place_it_on_the_plate,demo_26,65,agentview,plate_1,is_in_front_of,akita_black_bowl_1
pick_up_the_black_bowl_on_the_wooden_cabinet_and_place_it_on_the_plate,demo_26,65,agentview,akita_black_bowl_1,is_behind,flat_stove_1
pick_up_the_black_bowl_on_the_wooden_cabinet_and_place_it_on_the_plate,demo_26,65,agentview,flat_stove_1,is_in_front_of,akita_black_bowl_1
pick_up_the_black_bowl_on_the_wooden_cabinet_and_place_it_on_the_plate,demo_26,65,agentview,akita_black_bowl_2,is_right_of,cookies_1
pick_up_the_black_bowl_on_the_wooden_cabinet_and_place_it_on_the_plate,demo_26,65,agentview,cookies_1,is_left_of,akita_black_bowl_2
pick_up_the_black_bowl_on_the_wooden_cabinet_and_place_it_on_the_plate,demo_26,65,agentview,akita_black_bowl_2,is_right_of,glazed_rim_porcelain_ramekin_1
pick_up_the_black_bowl_on_the_wooden_cabinet_and_place_it_on_the_plate,demo_26,65,agentview,glazed_rim_porcelain_ramekin_1,is_left_of,akita_black_bowl_2
pick_up_the_black_bowl_on_the_wooden_cabinet_and_place_it_on_the_plate,demo_26,65,agentview,akita_black_bowl_2,is_in_front_of,plate_1
pick_up_the_black_bowl_on_the_wooden_cabinet_and_place_it_on_the_plate,demo_26,65,agentview,plate_1,is_behind,akita_black_bowl_2
pick_up_the_black_bowl_on_the_wooden_cabinet_and_place_it_on_the_plate,demo_26,65,agentview,akita_black_bowl_2,is_right_of,plate_1
pick_up_the_black_bowl_on_the_wooden_cabinet_and_place_it_on_the_plate,demo_26,65,agentview,plate_1,is_left_of,akita_black_bowl_2
pick_up_the_black_bowl_on_the_wooden_cabinet_and_place_it_on_the_plate,demo_26,65,agentview,akita_black_bowl_2,is_behind,flat_stove_1
pick_up_the_black_bowl_on_the_wooden_cabinet_and_place_it_on_the_plate,demo_26,65,agentview,flat_stove_1,is_in_front_of,akita_black_bowl_2
pick_up_the_black_bowl_on_the_wooden_cabinet_and_place_it_on_the_plate,demo_26,65,agentview,cookies_1,is_right_of,glazed_rim_porcelain_ramekin_1
pick_up_the_black_bowl_on_the_wooden_cabinet_and_place_it_on_the_plate,demo_26,65,agentview,glazed_rim_porcelain_ramekin_1,is_left_of,cookies_1
pick_up_the_black_bowl_on_the_wooden_cabinet_and_place_it_on_the_plate,demo_26,65,agentview,cookies_1,is_in_front_of,plate_1
pick_up_the_black_bowl_on_the_wooden_cabinet_and_place_it_on_the_plate,demo_26,65,agentview,plate_1,is_behind,cookies_1
pick_up_the_black_bowl_on_the_wooden_cabinet_and_place_it_on_the_plate,demo_26,65,agentview,cookies_1,is_right_of,plate_1
pick_up_the_black_bowl_on_the_wooden_cabinet_and_place_it_on_the_plate,demo_26,65,agentview,plate_1,is_left_of,cookies_1
pick_up_the_black_bowl_on_the_wooden_cabinet_and_place_it_on_the_plate,demo_26,65,agentview,cookies_1,is_behind,flat_stove_1
pick_up_the_black_bowl_on_the_wooden_cabinet_and_place_it_on_the_plate,demo_26,65,agentview,flat_stove_1,is_in_front_of,cookies_1
pick_up_the_black_bowl_on_the_wooden_cabinet_and_place_it_on_the_plate,demo_26,65,agentview,glazed_rim_porcelain_ramekin_1,is_in_front_of,plate_1
pick_up_the_black_bowl_on_the_wooden_cabinet_and_place_it_on_the_plate,demo_26,65,agentview,plate_1,is_behind,glazed_rim_porcelain_ramekin_1
pick_up_the_black_bowl_on_the_wooden_cabinet_and_place_it_on_the_plate,demo_26,65,agentview,glazed_rim_porcelain_ramekin_1,is_right_of,plate_1
pick_up_the_black_bowl_on_the_wooden_cabinet_and_place_it_on_the_plate,demo_26,65,agentview,plate_1,is_left_of,glazed_rim_porcelain_ramekin_1
pick_up_the_black_bowl_on_the_wooden_cabinet_and_place_it_on_the_plate,demo_26,65,agentview,glazed_rim_porcelain_ramekin_1,is_behind,flat_stove_1
pick_up_the_black_bowl_on_the_wooden_cabinet_and_place_it_on_the_plate,demo_26,65,agentview,flat_stove_1,is_in_front_of,glazed_rim_porcelain_ramekin_1
pick_up_the_black_bowl_on_the_wooden_cabinet_and_place_it_on_the_plate,demo_26,65,agentview,plate_1,is_on_top_of,flat_stove_1
pick_up_the_black_bowl_on_the_wooden_cabinet_and_place_it_on_the_plate,demo_26,65,agentview,flat_stove_1,is_below_of,plate_1
pick_up_the_black_bowl_on_the_wooden_cabinet_and_place_it_on_the_plate,demo_26,70,agentview,akita_black_bowl_1,is_on_top_of,wooden_cabinet_1
pick_up_the_black_bowl_on_the_wooden_cabinet_and_place_it_on_the_plate,demo_26,70,agentview,wooden_cabinet_1,is_below_of,akita_black_bowl_1
pick_up_the_black_bowl_on_the_wooden_cabinet_and_place_it_on_the_plate,demo_26,70,agentview,akita_black_bowl_2,is_on_top_of,flat_stove_1
pick_up_the_black_bowl_on_the_wooden_cabinet_and_place_it_on_the_plate,demo_26,70,agentview,flat_stove_1,is_below_of,akita_black_bowl_2
pick_up_the_black_bowl_on_the_wooden_cabinet_and_place_it_on_the_plate,demo_26,70,agentview,cookies_1,is_on_top_of,flat_stove_1
pick_up_the_black_bowl_on_the_wooden_cabinet_and_place_it_on_the_plate,demo_26,70,agentview,flat_stove_1,is_below_of,cookies_1
pick_up_the_black_bowl_on_the_wooden_cabinet_and_place_it_on_the_plate,demo_26,70,agentview,glazed_rim_porcelain_ramekin_1,is_on_top_of,flat_stove_1
pick_up_the_black_bowl_on_the_wooden_cabinet_and_place_it_on_the_plate,demo_26,70,agentview,flat_stove_1,is_below_of,glazed_rim_porcelain_ramekin_1
pick_up_the_black_bowl_on_the_wooden_cabinet_and_place_it_on_the_plate,demo_26,70,agentview,plate_1,is_on_top_of,flat_stove_1
pick_up_the_black_bowl_on_the_wooden_cabinet_and_place_it_on_the_plate,demo_26,70,agentview,flat_stove_1,is_below_of,plate_1
pick_up_the_black_bowl_on_the_wooden_cabinet_and_place_it_on_the_plate,demo_26,70,agentview,akita_black_bowl_1,is_behind,akita_black_bowl_2
pick_up_the_black_bowl_on_the_wooden_cabinet_and_place_it_on_the_plate,demo_26,70,agentview,akita_black_bowl_2,is_in_front_of,akita_black_bowl_1
pick_up_the_black_bowl_on_the_wooden_cabinet_and_place_it_on_the_plate,demo_26,70,agentview,akita_black_bowl_1,is_behind,cookies_1
pick_up_the_black_bowl_on_the_wooden_cabinet_and_place_it_on_the_plate,demo_26,70,agentview,cookies_1,is_in_front_of,akita_black_bowl_1
pick_up_the_black_bowl_on_the_wooden_cabinet_and_place_it_on_the_plate,demo_26,70,agentview,akita_black_bowl_1,is_behind,glazed_rim_porcelain_ramekin_1
pick_up_the_black_bowl_on_the_wooden_cabinet_and_place_it_on_the_plate,demo_26,70,agentview,glazed_rim_porcelain_ramekin_1,is_in_front_of,akita_black_bowl_1
pick_up_the_black_bowl_on_the_wooden_cabinet_and_place_it_on_the_plate,demo_26,70,agentview,akita_black_bowl_1,is_behind,plate_1
pick_up_the_black_bowl_on_the_wooden_cabinet_and_place_it_on_the_plate,demo_26,70,agentview,plate_1,is_in_front_of,akita_black_bowl_1
pick_up_the_black_bowl_on_the_wooden_cabinet_and_place_it_on_the_plate,demo_26,70,agentview,akita_black_bowl_2,is_left_of,cookies_1
pick_up_the_black_bowl_on_the_wooden_cabinet_and_place_it_on_the_plate,demo_26,70,agentview,cookies_1,is_right_of,akita_black_bowl_2
pick_up_the_black_bowl_on_the_wooden_cabinet_and_place_it_on_the_plate,demo_26,70,agentview,akita_black_bowl_2,is_left_of,glazed_rim_porcelain_ramekin_1
pick_up_the_black_bowl_on_the_wooden_cabinet_and_place_it_on_the_plate,demo_26,70,agentview,glazed_rim_porcelain_ramekin_1,is_right_of,akita_black_bowl_2
pick_up_the_black_bowl_on_the_wooden_cabinet_and_place_it_on_the_plate,demo_26,70,agentview,akita_black_bowl_2,is_left_of,plate_1
pick_up_the_black_bowl_on_the_wooden_cabinet_and_place_it_on_the_plate,demo_26,70,agentview,plate_1,is_right_of,akita_black_bowl_2
pick_up_the_black_bowl_on_the_wooden_cabinet_and_place_it_on_the_plate,demo_26,70,agentview,cookies_1,is_left_of,glazed_rim_porcelain_ramekin_1
pick_up_the_black_bowl_on_the_wooden_cabinet_and_place_it_on_the_plate,demo_26,70,agentview,glazed_rim_porcelain_ramekin_1,is_right_of,cookies_1
pick_up_the_black_bowl_on_the_wooden_cabinet_and_place_it_on_the_plate,demo_26,70,agentview,cookies_1,is_left_of,plate_1
pick_up_the_black_bowl_on_the_wooden_cabinet_and_place_it_on_the_plate,demo_26,70,agentview,plate_1,is_right_of,cookies_1
pick_up_the_black_bowl_on_the_wooden_cabinet_and_place_it_on_the_plate,demo_26,70,agentview,glazed_rim_porcelain_ramekin_1,is_left_of,plate_1
pick_up_the_black_bowl_on_the_wooden_cabinet_and_place_it_on_the_plate,demo_26,70,agentview,plate_1,is_right_of,glazed_rim_porcelain_ramekin_1
pick_up_the_black_bowl_on_the_wooden_cabinet_and_place_it_on_the_plate,demo_26,75,agentview,akita_black_bowl_1,is_on_top_of,wooden_cabinet_1
pick_up_the_black_bowl_on_the_wooden_cabinet_and_place_it_on_the_plate,demo_26,75,agentview,wooden_cabinet_1,is_below_of,akita_black_bowl_1
pick_up_the_black_bowl_on_the_wooden_cabinet_and_place_it_on_the_plate,demo_26,75,agentview,akita_black_bowl_1,is_behind,akita_black_bowl_2
pick_up_the_black_bowl_on_the_wooden_cabinet_and_place_it_on_the_plate,demo_26,75,agentview,akita_black_bowl_2,is_in_front_of,akita_black_bowl_1
pick_up_the_black_bowl_on_the_wooden_cabinet_and_place_it_on_the_plate,demo_26,75,agentview,akita_black_bowl_1,is_behind,cookies_1
pick_up_the_black_bowl_on_the_wooden_cabinet_and_place_it_on_the_plate,demo_26,75,agentview,cookies_1,is_in_front_of,akita_black_bowl_1
pick_up_the_black_bowl_on_the_wooden_cabinet_and_place_it_on_the_plate,demo_26,75,agentview,akita_black_bowl_1,is_behind,glazed_rim_porcelain_ramekin_1
pick_up_the_black_bowl_on_the_wooden_cabinet_and_place_it_on_the_plate,demo_26,75,agentview,glazed_rim_porcelain_ramekin_1,is_in_front_of,akita_black_bowl_1
pick_up_the_black_bowl_on_the_wooden_cabinet_and_place_it_on_the_plate,demo_26,75,agentview,akita_black_bowl_1,is_behind,plate_1
pick_up_the_black_bowl_on_the_wooden_cabinet_and_place_it_on_the_plate,demo_26,75,agentview,plate_1,is_in_front_of,akita_black_bowl_1
pick_up_the_black_bowl_on_the_wooden_cabinet_and_place_it_on_the_plate,demo_26,75,agentview,akita_black_bowl_1,is_behind,flat_stove_1
pick_up_the_black_bowl_on_the_wooden_cabinet_and_place_it_on_the_plate,demo_26,75,agentview,flat_stove_1,is_in_front_of,akita_black_bowl_1
pick_up_the_black_bowl_on_the_wooden_cabinet_and_place_it_on_the_plate,demo_26,75,agentview,akita_black_bowl_2,is_left_of,cookies_1
pick_up_the_black_bowl_on_the_wooden_cabinet_and_place_it_on_the_plate,demo_26,75,agentview,cookies_1,is_right_of,akita_black_bowl_2
pick_up_the_black_bowl_on_the_wooden_cabinet_and_place_it_on_the_plate,demo_26,75,agentview,akita_black_bowl_2,is_left_of,glazed_rim_porcelain_ramekin_1
pick_up_the_black_bowl_on_the_wooden_cabinet_and_place_it_on_the_plate,demo_26,75,agentview,glazed_rim_porcelain_ramekin_1,is_right_of,akita_black_bowl_2
pick_up_the_black_bowl_on_the_wooden_cabinet_and_place_it_on_the_plate,demo_26,75,agentview,akita_black_bowl_2,is_on_top_of,plate_1
pick_up_the_black_bowl_on_the_wooden_cabinet_and_place_it_on_the_plate,demo_26,75,agentview,plate_1,is_below_of,akita_black_bowl_2
pick_up_the_black_bowl_on_the_wooden_cabinet_and_place_it_on_the_plate,demo_26,75,agentview,akita_black_bowl_2,is_behind,flat_stove_1
pick_up_the_black_bowl_on_the_wooden_cabinet_and_place_it_on_the_plate,demo_26,75,agentview,flat_stove_1,is_in_front_of,akita_black_bowl_2
pick_up_the_black_bowl_on_the_wooden_cabinet_and_place_it_on_the_plate,demo_26,75,agentview,cookies_1,is_left_of,glazed_rim_porcelain_ramekin_1
pick_up_the_black_bowl_on_the_wooden_cabinet_and_place_it_on_the_plate,demo_26,75,agentview,glazed_rim_porcelain_ramekin_1,is_right_of,cookies_1
pick_up_the_black_bowl_on_the_wooden_cabinet_and_place_it_on_the_plate,demo_26,75,agentview,cookies_1,is_behind,plate_1
pick_up_the_black_bowl_on_the_wooden_cabinet_and_place_it_on_the_plate,demo_26,75,agentview,plate_1,is_in_front_of,cookies_1
pick_up_the_black_bowl_on_the_wooden_cabinet_and_place_it_on_the_plate,demo_26,75,agentview,cookies_1,is_behind,flat_stove_1
pick_up_the_black_bowl_on_the_wooden_cabinet_and_place_it_on_the_plate,demo_26,75,agentview,flat_stove_1,is_in_front_of,cookies_1
pick_up_the_black_bowl_on_the_wooden_cabinet_and_place_it_on_the_plate,demo_26,75,agentview,glazed_rim_porcelain_ramekin_1,is_behind,plate_1
pick_up_the_black_bowl_on_the_wooden_cabinet_and_place_it_on_the_plate,demo_26,75,agentview,plate_1,is_in_front_of,glazed_rim_porcelain_ramekin_1
pick_up_the_black_bowl_on_the_wooden_cabinet_and_place_it_on_the_plate,demo_26,75,agentview,glazed_rim_porcelain_ramekin_1,is_behind,flat_stove_1
pick_up_the_black_bowl_on_the_wooden_cabinet_and_place_it_on_the_plate,demo_26,75,agentview,flat_stove_1,is_in_front_of,glazed_rim_porcelain_ramekin_1
pick_up_the_black_bowl_on_the_wooden_cabinet_and_place_it_on_the_plate,demo_26,75,agentview,plate_1,is_on_top_of,flat_stove_1
pick_up_the_black_bowl_on_the_wooden_cabinet_and_place_it_on_the_plate,demo_26,75,agentview,flat_stove_1,is_below_of,plate_1
pick_up_the_black_bowl_on_the_wooden_cabinet_and_place_it_on_the_plate,demo_26,80,agentview,akita_black_bowl_1,is_on_top_of,wooden_cabinet_1
pick_up_the_black_bowl_on_the_wooden_cabinet_and_place_it_on_the_plate,demo_26,80,agentview,wooden_cabinet_1,is_below_of,akita_black_bowl_1
pick_up_the_black_bowl_on_the_wooden_cabinet_and_place_it_on_the_plate,demo_26,80,agentview,akita_black_bowl_2,is_on_top_of,plate_1
pick_up_the_black_bowl_on_the_wooden_cabinet_and_place_it_on_the_plate,demo_26,80,agentview,plate_1,is_below_of,akita_black_bowl_2
pick_up_the_black_bowl_on_the_wooden_cabinet_and_place_it_on_the_plate,demo_26,80,agentview,cookies_1,is_on_top_of,flat_stove_1
pick_up_the_black_bowl_on_the_wooden_cabinet_and_place_it_on_the_plate,demo_26,80,agentview,flat_stove_1,is_below_of,cookies_1
pick_up_the_black_bowl_on_the_wooden_cabinet_and_place_it_on_the_plate,demo_26,80,agentview,glazed_rim_porcelain_ramekin_1,is_on_top_of,flat_stove_1
pick_up_the_black_bowl_on_the_wooden_cabinet_and_place_it_on_the_plate,demo_26,80,agentview,flat_stove_1,is_below_of,glazed_rim_porcelain_ramekin_1
pick_up_the_black_bowl_on_the_wooden_cabinet_and_place_it_on_the_plate,demo_26,80,agentview,plate_1,is_on_top_of,flat_stove_1
pick_up_the_black_bowl_on_the_wooden_cabinet_and_place_it_on_the_plate,demo_26,80,agentview,flat_stove_1,is_below_of,plate_1
pick_up_the_black_bowl_on_the_wooden_cabinet_and_place_it_on_the_plate,demo_26,80,agentview,akita_black_bowl_1,is_behind,akita_black_bowl_2
pick_up_the_black_bowl_on_the_wooden_cabinet_and_place_it_on_the_plate,demo_26,80,agentview,akita_black_bowl_2,is_in_front_of,akita_black_bowl_1
pick_up_the_black_bowl_on_the_wooden_cabinet_and_place_it_on_the_plate,demo_26,80,agentview,akita_black_bowl_1,is_behind,cookies_1
pick_up_the_black_bowl_on_the_wooden_cabinet_and_place_it_on_the_plate,demo_26,80,agentview,cookies_1,is_in_front_of,akita_black_bowl_1
pick_up_the_black_bowl_on_the_wooden_cabinet_and_place_it_on_the_plate,demo_26,80,agentview,akita_black_bowl_1,is_behind,glazed_rim_porcelain_ramekin_1
pick_up_the_black_bowl_on_the_wooden_cabinet_and_place_it_on_the_plate,demo_26,80,agentview,glazed_rim_porcelain_ramekin_1,is_in_front_of,akita_black_bowl_1
pick_up_the_black_bowl_on_the_wooden_cabinet_and_place_it_on_the_plate,demo_26,80,agentview,akita_black_bowl_1,is_behind,plate_1
pick_up_the_black_bowl_on_the_wooden_cabinet_and_place_it_on_the_plate,demo_26,80,agentview,plate_1,is_in_front_of,akita_black_bowl_1
pick_up_the_black_bowl_on_the_wooden_cabinet_and_place_it_on_the_plate,demo_26,80,agentview,akita_black_bowl_2,is_left_of,cookies_1
pick_up_the_black_bowl_on_the_wooden_cabinet_and_place_it_on_the_plate,demo_26,80,agentview,cookies_1,is_right_of,akita_black_bowl_2
pick_up_the_black_bowl_on_the_wooden_cabinet_and_place_it_on_the_plate,demo_26,80,agentview,akita_black_bowl_2,is_left_of,glazed_rim_porcelain_ramekin_1
pick_up_the_black_bowl_on_the_wooden_cabinet_and_place_it_on_the_plate,demo_26,80,agentview,glazed_rim_porcelain_ramekin_1,is_right_of,akita_black_bowl_2
pick_up_the_black_bowl_on_the_wooden_cabinet_and_place_it_on_the_plate,demo_26,80,agentview,cookies_1,is_left_of,glazed_rim_porcelain_ramekin_1
pick_up_the_black_bowl_on_the_wooden_cabinet_and_place_it_on_the_plate,demo_26,80,agentview,glazed_rim_porcelain_ramekin_1,is_right_of,cookies_1
pick_up_the_black_bowl_on_the_wooden_cabinet_and_place_it_on_the_plate,demo_26,80,agentview,wooden_cabinet_1,is_behind,akita_black_bowl_2
pick_up_the_black_bowl_on_the_wooden_cabinet_and_place_it_on_the_plate,demo_26,80,agentview,akita_black_bowl_2,is_in_front_of,wooden_cabinet_1
pick_up_the_black_bowl_on_the_wooden_cabinet_and_place_it_on_the_plate,demo_26,80,agentview,wooden_cabinet_1,is_behind,cookies_1
pick_up_the_black_bowl_on_the_wooden_cabinet_and_place_it_on_the_plate,demo_26,80,agentview,cookies_1,is_in_front_of,wooden_cabinet_1
pick_up_the_black_bowl_on_the_wooden_cabinet_and_place_it_on_the_plate,demo_26,80,agentview,wooden_cabinet_1,is_behind,glazed_rim_porcelain_ramekin_1
pick_up_the_black_bowl_on_the_wooden_cabinet_and_place_it_on_the_plate,demo_26,80,agentview,glazed_rim_porcelain_ramekin_1,is_in_front_of,wooden_cabinet_1
pick_up_the_black_bowl_on_the_wooden_cabinet_and_place_it_on_the_plate,demo_26,80,agentview,wooden_cabinet_1,is_behind,plate_1
pick_up_the_black_bowl_on_the_wooden_cabinet_and_place_it_on_the_plate,demo_26,80,agentview,plate_1,is_in_front_of,wooden_cabinet_1
pick_up_the_black_bowl_on_the_wooden_cabinet_and_place_it_on_the_plate,demo_26,85,agentview,akita_black_bowl_1,is_on_top_of,wooden_cabinet_1
pick_up_the_black_bowl_on_the_wooden_cabinet_and_place_it_on_the_plate,demo_26,85,agentview,wooden_cabinet_1,is_below_of,akita_black_bowl_1
pick_up_the_black_bowl_on_the_wooden_cabinet_and_place_it_on_the_plate,demo_26,85,agentview,akita_black_bowl_2,is_on_top_of,plate_1
pick_up_the_black_bowl_on_the_wooden_cabinet_and_place_it_on_the_plate,demo_26,85,agentview,plate_1,is_below_of,akita_black_bowl_2
pick_up_the_black_bowl_on_the_wooden_cabinet_and_place_it_on_the_plate,demo_26,85,agentview,cookies_1,is_on_top_of,flat_stove_1
pick_up_the_black_bowl_on_the_wooden_cabinet_and_place_it_on_the_plate,demo_26,85,agentview,flat_stove_1,is_below_of,cookies_1
pick_up_the_black_bowl_on_the_wooden_cabinet_and_place_it_on_the_plate,demo_26,85,agentview,glazed_rim_porcelain_ramekin_1,is_left_of,akita_black_bowl_1
pick_up_the_black_bowl_on_the_wooden_cabinet_and_place_it_on_the_plate,demo_26,85,agentview,akita_black_bowl_1,is_right_of,glazed_rim_porcelain_ramekin_1
pick_up_the_black_bowl_on_the_wooden_cabinet_and_place_it_on_the_plate,demo_26,85,agentview,glazed_rim_porcelain_ramekin_1,is_left_of,akita_black_bowl_2
pick_up_the_black_bowl_on_the_wooden_cabinet_and_place_it_on_the_plate,demo_26,85,agentview,akita_black_bowl_2,is_right_of,glazed_rim_porcelain_ramekin_1
pick_up_the_black_bowl_on_the_wooden_cabinet_and_place_it_on_the_plate,demo_26,85,agentview,glazed_rim_porcelain_ramekin_1,is_left_of,cookies_1
pick_up_the_black_bowl_on_the_wooden_cabinet_and_place_it_on_the_plate,demo_26,85,agentview,cookies_1,is_right_of,glazed_rim_porcelain_ramekin_1
pick_up_the_black_bowl_on_the_wooden_cabinet_and_place_it_on_the_plate,demo_26,85,agentview,glazed_rim_porcelain_ramekin_1,is_behind,plate_1
pick_up_the_black_bowl_on_the_wooden_cabinet_and_place_it_on_the_plate,demo_26,85,agentview,plate_1,is_in_front_of,glazed_rim_porcelain_ramekin_1
pick_up_the_black_bowl_on_the_wooden_cabinet_and_place_it_on_the_plate,demo_26,85,agentview,glazed_rim_porcelain_ramekin_1,is_behind,akita_black_bowl_2
pick_up_the_black_bowl_on_the_wooden_cabinet_and_place_it_on_the_plate,demo_26,85,agentview,akita_black_bowl_2,is_in_front_of,glazed_rim_porcelain_ramekin_1
pick_up_the_black_bowl_on_the_wooden_cabinet_and_place_it_on_the_plate,demo_26,85,agentview,akita_black_bowl_1,is_behind,akita_black_bowl_2
pick_up_the_black_bowl_on_the_wooden_cabinet_and_place_it_on_the_plate,demo_26,85,agentview,akita_black_bowl_2,is_in_front_of,akita_black_bowl_1
pick_up_the_black_bowl_on_the_wooden_cabinet_and_place_it_on_the_plate,demo_26,85,agentview,akita_black_bowl_1,is_behind,plate_1
pick_up_the_black_bowl_on_the_wooden_cabinet_and_place_it_on_the_plate,demo_26,85,agentview,plate_1,is_in_front_of,akita_black_bowl_1
pick_up_the_black_bowl_on_the_wooden_cabinet_and_place_it_on_the_plate,demo_26,85,agentview,akita_black_bowl_1,is_behind,cookies_1
pick_up_the_black_bowl_on_the_wooden_cabinet_and_place_it_on_the_plate,demo_26,85,agentview,cookies_1,is_in_front_of,akita_black_bowl_1
pick_up_the_black_bowl_on_the_wooden_cabinet_and_place_it_on_the_plate,demo_26,85,agentview,akita_black_bowl_2,is_behind,cookies_1
pick_up_the_black_bowl_on_the_wooden_cabinet_and_place_it_on_the_plate,demo_26,85,agentview,cookies_1,is_in_front_of,akita_black_bowl_2
pick_up_the_black_bowl_on_the_wooden_cabinet_and_place_it_on_the_plate,demo_26,85,agentview,plate_1,is_left_of,cookies_1
pick_up_the_black_bowl_on_the_wooden_cabinet_and_place_it_on_the_plate,demo_26,85,agentview,cookies_1,is_right_of,plate_1
pick_up_the_black_bowl_on_the_wooden_cabinet_and_place_it_on_the_plate,demo_26,85,agentview,wooden_cabinet_1,is_behind,glazed_rim_porcelain_ramekin_1
pick_up_the_black_bowl_on_the_wooden_cabinet_and_place_it_on_the_plate,demo_26,85,agentview,glazed_rim_porcelain_ramekin_1,is_in_front_of,wooden_cabinet_1
pick_up_the_black_bowl_on_the_wooden_cabinet_and_place_it_on_the_plate,demo_26,85,agentview,wooden_cabinet_1,is_behind,akita_black_bowl_2
pick_up_the_black_bowl_on_the_wooden_cabinet_and_place_it_on_the_plate,demo_26,85,agentview,akita_black_bowl_2,is_in_front_of,wooden_cabinet_1
pick_up_the_black_bowl_on_the_wooden_cabinet_and_place_it_on_the_plate,demo_26,85,agentview,wooden_cabinet_1,is_behind,plate_1
pick_up_the_black_bowl_on_the_wooden_cabinet_and_place_it_on_the_plate,demo_26,85,agentview,plate_1,is_in_front_of,wooden_cabinet_1
pick_up_the_black_bowl_on_the_wooden_cabinet_and_place_it_on_the_plate,demo_26,85,agentview,wooden_cabinet_1,is_behind,cookies_1
pick_up_the_black_bowl_on_the_wooden_cabinet_and_place_it_on_the_plate,demo_26,85,agentview,cookies_1,is_in_front_of,wooden_cabinet_1
pick_up_the_black_bowl_on_the_wooden_cabinet_and_place_it_on_the_plate,demo_26,85,agentview,flat_stove_1,is_left_of,wooden_cabinet_1
pick_up_the_black_bowl_on_the_wooden_cabinet_and_place_it_on_the_plate,demo_26,85,agentview,wooden_cabinet_1,is_right_of,flat_stove_1
pick_up_the_black_bowl_on_the_wooden_cabinet_and_place_it_on_the_plate,demo_26,85,agentview,flat_stove_1,is_left_of,glazed_rim_porcelain_ramekin_1
pick_up_the_black_bowl_on_the_wooden_cabinet_and_place_it_on_the_plate,demo_26,85,agentview,glazed_rim_porcelain_ramekin_1,is_right_of,flat_stove_1
pick_up_the_black_bowl_on_the_wooden_cabinet_and_place_it_on_the_plate,demo_26,85,agentview,flat_stove_1,is_left_of,akita_black_bowl_2
pick_up_the_black_bowl_on_the_wooden_cabinet_and_place_it_on_the_plate,demo_26,85,agentview,akita_black_bowl_2,is_right_of,flat_stove_1
pick_up_the_black_bowl_on_the_wooden_cabinet_and_place_it_on_the_plate,demo_26,85,agentview,flat_stove_1,is_left_of,plate_1
pick_up_the_black_bowl_on_the_wooden_cabinet_and_place_it_on_the_plate,demo_26,85,agentview,plate_1,is_right_of,flat_stove_1
pick_up_the_black_bowl_on_the_wooden_cabinet_and_place_it_on_the_plate,demo_26,90,agentview,akita_black_bowl_1,is_on_top_of,wooden_cabinet_1
pick_up_the_black_bowl_on_the_wooden_cabinet_and_place_it_on_the_plate,demo_26,90,agentview,wooden_cabinet_1,is_below_of,akita_black_bowl_1
pick_up_the_black_bowl_on_the_wooden_cabinet_and_place_it_on_the_plate,demo_26,90,agentview,akita_black_bowl_2,is_on_top_of,plate_1
pick_up_the_black_bowl_on_the_wooden_cabinet_and_place_it_on_the_plate,demo_26,90,agentview,plate_1,is_below_of,akita_black_bowl_2
pick_up_the_black_bowl_on_the_wooden_cabinet_and_place_it_on_the_plate,demo_26,90,agentview,cookies_1,is_on_top_of,flat_stove_1
pick_up_the_black_bowl_on_the_wooden_cabinet_and_place_it_on_the_plate,demo_26,90,agentview,flat_stove_1,is_below_of,cookies_1
pick_up_the_black_bowl_on_the_wooden_cabinet_and_place_it_on_the_plate,demo_26,90,agentview,glazed_rim_porcelain_ramekin_1,is_on_top_of,flat_stove_1
pick_up_the_black_bowl_on_the_wooden_cabinet_and_place_it_on_the_plate,demo_26,90,agentview,flat_stove_1,is_below_of,glazed_rim_porcelain_ramekin_1
pick_up_the_black_bowl_on_the_wooden_cabinet_and_place_it_on_the_plate,demo_26,90,agentview,plate_1,is_right_of,akita_black_bowl_1
pick_up_the_black_bowl_on_the_wooden_cabinet_and_place_it_on_the_plate,demo_26,90,agentview,akita_black_bowl_1,is_left_of,plate_1
pick_up_the_black_bowl_on_the_wooden_cabinet_and_place_it_on_the_plate,demo_26,90,agentview,plate_1,is_right_of,wooden_cabinet_1
pick_up_the_black_bowl_on_the_wooden_cabinet_and_place_it_on_the_plate,demo_26,90,agentview,wooden_cabinet_1,is_left_of,plate_1
pick_up_the_black_bowl_on_the_wooden_cabinet_and_place_it_on_the_plate,demo_26,90,agentview,plate_1,is_behind,cookies_1
pick_up_the_black_bowl_on_the_wooden_cabinet_and_place_it_on_the_plate,demo_26,90,agentview,cookies_1,is_in_front_of,plate_1
pick_up_the_black_bowl_on_the_wooden_cabinet_and_place_it_on_the_plate,demo_26,90,agentview,plate_1,is_behind,glazed_rim_porcelain_ramekin_1
pick_up_the_black_bowl_on_the_wooden_cabinet_and_place_it_on_the_plate,demo_26,90,agentview,glazed_rim_porcelain_ramekin_1,is_in_front_of,plate_1
pick_up_the_black_bowl_on_the_wooden_cabinet_and_place_it_on_the_plate,demo_26,90,agentview,akita_black_bowl_1,is_behind,cookies_1
pick_up_the_black_bowl_on_the_wooden_cabinet_and_place_it_on_the_plate,demo_26,90,agentview,cookies_1,is_in_front_of,akita_black_bowl_1
pick_up_the_black_bowl_on_the_wooden_cabinet_and_place_it_on_the_plate,demo_26,90,agentview,akita_black_bowl_1,is_behind,glazed_rim_porcelain_ramekin_1
pick_up_the_black_bowl_on_the_wooden_cabinet_and_place_it_on_the_plate,demo_26,90,agentview,glazed_rim_porcelain_ramekin_1,is_in_front_of,akita_black_bowl_1
pick_up_the_black_bowl_on_the_wooden_cabinet_and_place_it_on_the_plate,demo_26,90,agentview,wooden_cabinet_1,is_behind,cookies_1
pick_up_the_black_bowl_on_the_wooden_cabinet_and_place_it_on_the_plate,demo_26,90,agentview,cookies_1,is_in_front_of,wooden_cabinet_1
pick_up_the_black_bowl_on_the_wooden_cabinet_and_place_it_on_the_plate,demo_26,90,agentview,wooden_cabinet_1,is_behind,glazed_rim_porcelain_ramekin_1
pick_up_the_black_bowl_on_the_wooden_cabinet_and_place_it_on_the_plate,demo_26,90,agentview,glazed_rim_porcelain_ramekin_1,is_in_front_of,wooden_cabinet_1
pick_up_the_black_bowl_on_the_wooden_cabinet_and_place_it_on_the_plate,demo_26,90,agentview,akita_black_bowl_2,is_behind,cookies_1
pick_up_the_black_bowl_on_the_wooden_cabinet_and_place_it_on_the_plate,demo_26,90,agentview,cookies_1,is_in_front_of,akita_black_bowl_2
pick_up_the_black_bowl_on_the_wooden_cabinet_and_place_it_on_the_plate,demo_26,90,agentview,akita_black_bowl_2,is_behind,glazed_rim_porcelain_ramekin_1
pick_up_the_black_bowl_on_the_wooden_cabinet_and_place_it_on_the_plate,demo_26,90,agentview,glazed_rim_porcelain_ramekin_1,is_in_front_of,akita_black_bowl_2
pick_up_the_black_bowl_on_the_wooden_cabinet_and_place_it_on_the_plate,demo_26,95,agentview,akita_black_bowl_1,is_on_top_of,wooden_cabinet_1
pick_up_the_black_bowl_on_the_wooden_cabinet_and_place_it_on_the_plate,demo_26,95,agentview,wooden_cabinet_1,is_below_of,akita_black_bowl_1
pick_up_the_black_bowl_on_the_wooden_cabinet_and_place_it_on_the_plate,demo_26,95,agentview,akita_black_bowl_2,is_on_top_of,flat_stove_1
pick_up_the_black_bowl_on_the_wooden_cabinet_and_place_it_on_the_plate,demo_26,95,agentview,flat_stove_1,is_below_of,akita_black_bowl_2
pick_up_the_black_bowl_on_the_wooden_cabinet_and_place_it_on_the_plate,demo_26,95,agentview,cookies_1,is_on_top_of,flat_stove_1
pick_up_the_black_bowl_on_the_wooden_cabinet_and_place_it_on_the_plate,demo_26,95,agentview,flat_stove_1,is_below_of,cookies_1
pick_up_the_black_bowl_on_the_wooden_cabinet_and_place_it_on_the_plate,demo_26,95,agentview,glazed_rim_porcelain_ramekin_1,is_on_top_of,flat_stove_1
pick_up_the_black_bowl_on_the_wooden_cabinet_and_place_it_on_the_plate,demo_26,95,agentview,flat_stove_1,is_below_of,glazed_rim_porcelain_ramekin_1
pick_up_the_black_bowl_on_the_wooden_cabinet_and_place_it_on_the_plate,demo_26,95,agentview,plate_1,is_on_top_of,flat_stove_1
pick_up_the_black_bowl_on_the_wooden_cabinet_and_place_it_on_the_plate,demo_26,95,agentview,flat_stove_1,is_below_of,plate_1
pick_up_the_black_bowl_on_the_wooden_cabinet_and_place_it_on_the_plate,demo_26,95,agentview,akita_black_bowl_1,is_behind,akita_black_bowl_2
pick_up_the_black_bowl_on_the_wooden_cabinet_and_place_it_on_the_plate,demo_26,95,agentview,akita_black_bowl_2,is_in_front_of,akita_black_bowl_1
pick_up_the_black_bowl_on_the_wooden_cabinet_and_place_it_on_the_plate,demo_26,95,agentview,akita_black_bowl_1,is_behind,cookies_1
pick_up_the_black_bowl_on_the_wooden_cabinet_and_place_it_on_the_plate,demo_26,95,agentview,cookies_1,is_in_front_of,akita_black_bowl_1
pick_up_the_black_bowl_on_the_wooden_cabinet_and_place_it_on_the_plate,demo_26,95,agentview,akita_black_bowl_1,is_behind,glazed_rim_porcelain_ramekin_1
pick_up_the_black_bowl_on_the_wooden_cabinet_and_place_it_on_the_plate,demo_26,95,agentview,glazed_rim_porcelain_ramekin_1,is_in_front_of,akita_black_bowl_1
pick_up_the_black_bowl_on_the_wooden_cabinet_and_place_it_on_the_plate,demo_26,95,agentview,akita_black_bowl_1,is_behind,plate_1
pick_up_the_black_bowl_on_the_wooden_cabinet_and_place_it_on_the_plate,demo_26,95,agentview,plate_1,is_in_front_of,akita_black_bowl_1
pick_up_the_black_bowl_on_the_wooden_cabinet_and_place_it_on_the_plate,demo_26,95,agentview,akita_black_bowl_1,is_right_of,wooden_cabinet_1
pick_up_the_black_bowl_on_the_wooden_cabinet_and_place_it_on_the_plate,demo_26,95,agentview,wooden_cabinet_1,is_left_of,akita_black_bowl_1
pick_up_the_black_bowl_on_the_wooden_cabinet_and_place_it_on_the_plate,demo_26,95,agentview,akita_black_bowl_2,is_left_of,cookies_1
pick_up_the_black_bowl_on_the_wooden_cabinet_and_place_it_on_the_plate,demo_26,95,agentview,cookies_1,is_right_of,akita_black_bowl_2
pick_up_the_black_bowl_on_the_wooden_cabinet_and_place_it_on_the_plate,demo_26,95,agentview,akita_black_bowl_2,is_left_of,glazed_rim_porcelain_ramekin_1
pick_up_the_black_bowl_on_the_wooden_cabinet_and_place_it_on_the_plate,demo_26,95,agentview,glazed_rim_porcelain_ramekin_1,is_right_of,akita_black_bowl_2
pick_up_the_black_bowl_on_the_wooden_cabinet_and_place_it_on_the_plate,demo_26,95,agentview,akita_black_bowl_2,is_left_of,plate_1
pick_up_the_black_bowl_on_the_wooden_cabinet_and_place_it_on_the_plate,demo_26,95,agentview,plate_1,is_right_of,akita_black_bowl_2
pick_up_the_black_bowl_on_the_wooden_cabinet_and_place_it_on_the_plate,demo_26,95,agentview,cookies_1,is_left_of,glazed_rim_porcelain_ramekin_1
pick_up_the_black_bowl_on_the_wooden_cabinet_and_place_it_on_the_plate,demo_26,95,agentview,glazed_rim_porcelain_ramekin_1,is_right_of,cookies_1
pick_up_the_black_bowl_on_the_wooden_cabinet_and_place_it_on_the_plate,demo_26,95,agentview,cookies_1,is_left_of,plate_1
pick_up_the_black_bowl_on_the_wooden_cabinet_and_place_it_on_the_plate,demo_26,95,agentview,plate_1,is_right_of,cookies_1
pick_up_the_black_bowl_on_the_wooden_cabinet_and_place_it_on_the_plate,demo_26,95,agentview,glazed_rim_porcelain_ramekin_1,is_left_of,plate_1
pick_up_the_black_bowl_on_the_wooden_cabinet_and_place_it_on_the_plate,demo_26,95,agentview,plate_1,is_right_of,glazed_rim_porcelain_ramekin_1
pick_up_the_black_bowl_on_the_wooden_cabinet_and_place_it_on_the_plate,demo_26,100,agentview,akita_black_bowl_1,is_on_top_of,wooden_cabinet_1
pick_up_the_black_bowl_on_the_wooden_cabinet_and_place_it_on_the_plate,demo_26,100,agentview,wooden_cabinet_1,is_below_of,akita_black_bowl_1
pick_up_the_black_bowl_on_the_wooden_cabinet_and_place_it_on_the_plate,demo_26,100,agentview,akita_black_bowl_1,is_behind,akita_black_bowl_2
pick_up_the_black_bowl_on_the_wooden_cabinet_and_place_it_on_the_plate,demo_26,100,agentview,akita_black_bowl_2,is_in_front_of,akita_black_bowl_1
pick_up_the_black_bowl_on_the_wooden_cabinet_and_place_it_on_the_plate,demo_26,100,agentview,akita_black_bowl_1,is_behind,cookies_1
pick_up_the_black_bowl_on_the_wooden_cabinet_and_place_it_on_the_plate,demo_26,100,agentview,cookies_1,is_in_front_of,akita_black_bowl_1
pick_up_the_black_bowl_on_the_wooden_cabinet_and_place_it_on_the_plate,demo_26,100,agentview,akita_black_bowl_1,is_behind,glazed_rim_porcelain_ramekin_1
pick_up_the_black_bowl_on_the_wooden_cabinet_and_place_it_on_the_plate,demo_26,100,agentview,glazed_rim_porcelain_ramekin_1,is_in_front_of,akita_black_bowl_1
pick_up_the_black_bowl_on_the_wooden_cabinet_and_place_it_on_the_plate,demo_26,100,agentview,akita_black_bowl_1,is_behind,plate_1
pick_up_the_black_bowl_on_the_wooden_cabinet_and_place_it_on_the_plate,demo_26,100,agentview,plate_1,is_in_front_of,akita_black_bowl_1
pick_up_the_black_bowl_on_the_wooden_cabinet_and_place_it_on_the_plate,demo_26,100,agentview,akita_black_bowl_1,is_behind,flat_stove_1
pick_up_the_black_bowl_on_the_wooden_cabinet_and_place_it_on_the_plate,demo_26,100,agentview,flat_stove_1,is_in_front_of,akita_black_bowl_1
pick_up_the_black_bowl_on_the_wooden_cabinet_and_place_it_on_the_plate,demo_26,100,agentview,akita_black_bowl_2,is_on_top_of,plate_1
pick_up_the_black_bowl_on_the_wooden_cabinet_and_place_it_on_the_plate,demo_26,100,agentview,plate_1,is_below_of,akita_black_bowl_2
pick_up_the_black_bowl_on_the_wooden_cabinet_and_place_it_on_the_plate,demo_26,100,agentview,akita_black_bowl_2,is_right_of,cookies_1
pick_up_the_black_bowl_on_the_wooden_cabinet_and_place_it_on_the_plate,demo_26,100,agentview,cookies_1,is_left_of,akita_black_bowl_2
pick_up_the_black_bowl_on_the_wooden_cabinet_and_place_it_on_the_plate,demo_26,100,agentview,akita_black_bowl_2,is_behind,glazed_rim_porcelain_ramekin_1
pick_up_the_black_bowl_on_the_wooden_cabinet_and_place_it_on_the_plate,demo_26,100,agentview,glazed_rim_porcelain_ramekin_1,is_in_front_of,akita_black_bowl_2
pick_up_the_black_bowl_on_the_wooden_cabinet_and_place_it_on_the_plate,demo_26,100,agentview,akita_black_bowl_2,is_right_of,plate_1
pick_up_the_black_bowl_on_the_wooden_cabinet_and_place_it_on_the_plate,demo_26,100,agentview,plate_1,is_left_of,akita_black_bowl_2
pick_up_the_black_bowl_on_the_wooden_cabinet_and_place_it_on_the_plate,demo_26,100,agentview,akita_black_bowl_2,is_behind,flat_stove_1
pick_up_the_black_bowl_on_the_wooden_cabinet_and_place_it_on_the_plate,demo_26,100,agentview,flat_stove_1,is_in_front_of,akita_black_bowl_2
pick_up_the_black_bowl_on_the_wooden_cabinet_and_place_it_on_the_plate,demo_26,100,agentview,cookies_1,is_on_top_of,plate_1
pick_up_the_black_bowl_on_the_wooden_cabinet_and_place_it_on_the_plate,demo_26,100,agentview,plate_1,is_below_of,cookies_1
pick_up_the_black_bowl_on_the_wooden_cabinet_and_place_it_on_the_plate,demo_26,100,agentview,cookies_1,is_right_of,glazed_rim_porcelain_ramekin_1
pick_up_the_black_bowl_on_the_wooden_cabinet_and_place_it_on_the_plate,demo_26,100,agentview,glazed_rim_porcelain_ramekin_1,is_left_of,cookies_1
pick_up_the_black_bowl_on_the_wooden_cabinet_and_place_it_on_the_plate,demo_26,100,agentview,cookies_1,is_right_of,plate_1
pick_up_the_black_bowl_on_the_wooden_cabinet_and_place_it_on_the_plate,demo_26,100,agentview,plate_1,is_left_of,cookies_1
pick_up_the_black_bowl_on_the_wooden_cabinet_and_place_it_on_the_plate,demo_26,100,agentview,cookies_1,is_behind,flat_stove_1
pick_up_the_black_bowl_on_the_wooden_cabinet_and_place_it_on_the_plate,demo_26,100,agentview,flat_stove_1,is_in_front_of,cookies_1
pick_up_the_black_bowl_on_the_wooden_cabinet_and_place_it_on_the_plate,demo_26,100,agentview,glazed_rim_porcelain_ramekin_1,is_on_top_of,plate_1
pick_up_the_black_bowl_on_the_wooden_cabinet_and_place_it_on_the_plate,demo_26,100,agentview,plate_1,is_below_of,glazed_rim_porcelain_ramekin_1
pick_up_the_black_bowl_on_the_wooden_cabinet_and_place_it_on_the_plate,demo_26,100,agentview,glazed_rim_porcelain_ramekin_1,is_left_of,plate_1
pick_up_the_black_bowl_on_the_wooden_cabinet_and_place_it_on_the_plate,demo_26,100,agentview,plate_1,is_right_of,glazed_rim_porcelain_ramekin_1
pick_up_the_black_bowl_on_the_wooden_cabinet_and_place_it_on_the_plate,demo_26,100,agentview,glazed_rim_porcelain_ramekin_1,is_behind,flat_stove_1
pick_up_the_black_bowl_on_the_wooden_cabinet_and_place_it_on_the_plate,demo_26,100,agentview,flat_stove_1,is_in_front_of,glazed_rim_porcelain_ramekin_1
pick_up_the_black_bowl_on_the_wooden_cabinet_and_place_it_on_the_plate,demo_26,100,agentview,plate_1,is_on_top_of,flat_stove_1
pick_up_the_black_bowl_on_the_wooden_cabinet_and_place_it_on_the_plate,demo_26,100,agentview,flat_stove_1,is_below_of,plate_1
pick_up_the_black_bowl_on_the_wooden_cabinet_and_place_it_on_the_plate,demo_26,105,agentview,akita_black_bowl_1,is_on_top_of,wooden_cabinet_1
pick_up_the_black_bowl_on_the_wooden_cabinet_and_place_it_on_the_plate,demo_26,105,agentview,wooden_cabinet_1,is_below_of,akita_black_bowl_1
pick_up_the_black_bowl_on_the_wooden_cabinet_and_place_it_on_the_plate,demo_26,105,agentview,akita_black_bowl_2,is_on_top_of,plate_1
pick_up_the_black_bowl_on_the_wooden_cabinet_and_place_it_on_the_plate,demo_26,105,agentview,plate_1,is_below_of,akita_black_bowl_2
pick_up_the_black_bowl_on_the_wooden_cabinet_and_place_it_on_the_plate,demo_26,105,agentview,cookies_1,is_on_top_of,flat_stove_1
pick_up_the_black_bowl_on_the_wooden_cabinet_and_place_it_on_the_plate,demo_26,105,agentview,flat_stove_1,is_below_of,cookies_1
pick_up_the_black_bowl_on_the_wooden_cabinet_and_place_it_on_the_plate,demo_26,105,agentview,glazed_rim_porcelain_ramekin_1,is_in_front_of,akita_black_bowl_1
pick_up_the_black_bowl_on_the_wooden_cabinet_and_place_it_on_the_plate,demo_26,105,agentview,akita_black_bowl_1,is_behind,glazed_rim_porcelain_ramekin_1
pick_up_the_black_bowl_on_the_wooden_cabinet_and_place_it_on_the_plate,demo_26,105,agentview,glazed_rim_porcelain_ramekin_1,is_in_front_of,akita_black_bowl_2
pick_up_the_black_bowl_on_the_wooden_cabinet_and_place_it_on_the_plate,demo_26,105,agentview,akita_black_bowl_2,is_behind,glazed_rim_porcelain_ramekin_1
pick_up_the_black_bowl_on_the_wooden_cabinet_and_place_it_on_the_plate,demo_26,105,agentview,glazed_rim_porcelain_ramekin_1,is_in_front_of,cookies_1
pick_up_the_black_bowl_on_the_wooden_cabinet_and_place_it_on_the_plate,demo_26,105,agentview,cookies_1,is_behind,glazed_rim_porcelain_ramekin_1
pick_up_the_black_bowl_on_the_wooden_cabinet_and_place_it_on_the_plate,demo_26,105,agentview,glazed_rim_porcelain_ramekin_1,is_left_of,plate_1
pick_up_the_black_bowl_on_the_wooden_cabinet_and_place_it_on_the_plate,demo_26,105,agentview,plate_1,is_right_of,glazed_rim_porcelain_ramekin_1
pick_up_the_black_bowl_on_the_wooden_cabinet_and_place_it_on_the_plate,demo_26,105,agentview,glazed_rim_porcelain_ramekin_1,is_in_front_of,wooden_cabinet_1
pick_up_the_black_bowl_on_the_wooden_cabinet_and_place_it_on_the_plate,demo_26,105,agentview,wooden_cabinet_1,is_behind,glazed_rim_porcelain_ramekin_1
pick_up_the_black_bowl_on_the_wooden_cabinet_and_place_it_on_the_plate,demo_26,105,agentview,glazed_rim_porcelain_ramekin_1,is_left_of,flat_stove_1
pick_up_the_black_bowl_on_the_wooden_cabinet_and_place_it_on_the_plate,demo_26,105,agentview,flat_stove_1,is_right_of,glazed_rim_porcelain_ramekin_1
pick_up_the_black_bowl_on_the_wooden_cabinet_and_place_it_on_the_plate,demo_26,105,agentview,akita_black_bowl_1,is_behind,akita_black_bowl_2
pick_up_the_black_bowl_on_the_wooden_cabinet_and_place_it_on_the_plate,demo_26,105,agentview,akita_black_bowl_2,is_in_front_of,akita_black_bowl_1
pick_up_the_black_bowl_on_the_wooden_cabinet_and_place_it_on_the_plate,demo_26,105,agentview,akita_black_bowl_1,is_behind,plate_1
pick_up_the_black_bowl_on_the_wooden_cabinet_and_place_it_on_the_plate,demo_26,105,agentview,plate_1,is_in_front_of,akita_black_bowl_1
pick_up_the_black_bowl_on_the_wooden_cabinet_and_place_it_on_the_plate,demo_26,105,agentview,akita_black_bowl_1,is_behind,cookies_1
pick_up_the_black_bowl_on_the_wooden_cabinet_and_place_it_on_the_plate,demo_26,105,agentview,cookies_1,is_in_front_of,akita_black_bowl_1
pick_up_the_black_bowl_on_the_wooden_cabinet_and_place_it_on_the_plate,demo_26,105,agentview,akita_black_bowl_1,is_right_of,glazed_rim_porcelain_ramekin_1
pick_up_the_black_bowl_on_the_wooden_cabinet_and_place_it_on_the_plate,demo_26,105,agentview,glazed_rim_porcelain_ramekin_1,is_left_of,akita_black_bowl_1
pick_up_the_black_bowl_on_the_wooden_cabinet_and_place_it_on_the_plate,demo_26,105,agentview,akita_black_bowl_1,is_right_of,plate_1
pick_up_the_black_bowl_on_the_wooden_cabinet_and_place_it_on_the_plate,demo_26,105,agentview,plate_1,is_left_of,akita_black_bowl_1
pick_up_the_black_bowl_on_the_wooden_cabinet_and_place_it_on_the_plate,demo_26,105,agentview,akita_black_bowl_1,is_behind,wooden_cabinet_1
pick_up_the_black_bowl_on_the_wooden_cabinet_and_place_it_on_the_plate,demo_26,105,agentview,wooden_cabinet_1,is_in_front_of,akita_black_bowl_1
pick_up_the_black_bowl_on_the_wooden_cabinet_and_place_it_on_the_plate,demo_26,105,agentview,akita_black_bowl_1,is_right_of,flat_stove_1
pick_up_the_black_bowl_on_the_wooden_cabinet_and_place_it_on_the_plate,demo_26,105,agentview,flat_stove_1,is_left_of,akita_black_bowl_1
pick_up_the_black_bowl_on_the_wooden_cabinet_and_place_it_on_the_plate,demo_26,105,agentview,akita_black_bowl_2,is_behind,cookies_1
pick_up_the_black_bowl_on_the_wooden_cabinet_and_place_it_on_the_plate,demo_26,105,agentview,cookies_1,is_in_front_of,akita_black_bowl_2
pick_up_the_black_bowl_on_the_wooden_cabinet_and_place_it_on_the_plate,demo_26,105,agentview,akita_black_bowl_2,is_right_of,glazed_rim_porcelain_ramekin_1
pick_up_the_black_bowl_on_the_wooden_cabinet_and_place_it_on_the_plate,demo_26,105,agentview,glazed_rim_porcelain_ramekin_1,is_left_of,akita_black_bowl_2
pick_up_the_black_bowl_on_the_wooden_cabinet_and_place_it_on_the_plate,demo_26,105,agentview,akita_black_bowl_2,is_in_front_of,wooden_cabinet_1
pick_up_the_black_bowl_on_the_wooden_cabinet_and_place_it_on_the_plate,demo_26,105,agentview,wooden_cabinet_1,is_behind,akita_black_bowl_2
pick_up_the_black_bowl_on_the_wooden_cabinet_and_place_it_on_the_plate,demo_26,105,agentview,akita_black_bowl_2,is_right_of,flat_stove_1
pick_up_the_black_bowl_on_the_wooden_cabinet_and_place_it_on_the_plate,demo_26,105,agentview,flat_stove_1,is_left_of,akita_black_bowl_2
pick_up_the_black_bowl_on_the_wooden_cabinet_and_place_it_on_the_plate,demo_26,105,agentview,plate_1,is_in_front_of,cookies_1
pick_up_the_black_bowl_on_the_wooden_cabinet_and_place_it_on_the_plate,demo_26,105,agentview,cookies_1,is_behind,plate_1
pick_up_the_black_bowl_on_the_wooden_cabinet_and_place_it_on_the_plate,demo_26,105,agentview,plate_1,is_left_of,wooden_cabinet_1
pick_up_the_black_bowl_on_the_wooden_cabinet_and_place_it_on_the_plate,demo_26,105,agentview,wooden_cabinet_1,is_right_of,plate_1
pick_up_the_black_bowl_on_the_wooden_cabinet_and_place_it_on_the_plate,demo_26,105,agentview,plate_1,is_left_of,flat_stove_1
pick_up_the_black_bowl_on_the_wooden_cabinet_and_place_it_on_the_plate,demo_26,105,agentview,flat_stove_1,is_right_of,plate_1
pick_up_the_black_bowl_on_the_wooden_cabinet_and_place_it_on_the_plate,demo_26,105,agentview,cookies_1,is_right_of,glazed_rim_porcelain_ramekin_1
pick_up_the_black_bowl_on_the_wooden_cabinet_and_place_it_on_the_plate,demo_26,105,agentview,glazed_rim_porcelain_ramekin_1,is_left_of,cookies_1
pick_up_the_black_bowl_on_the_wooden_cabinet_and_place_it_on_the_plate,demo_26,105,agentview,cookies_1,is_behind,wooden_cabinet_1
pick_up_the_black_bowl_on_the_wooden_cabinet_and_place_it_on_the_plate,demo_26,105,agentview,wooden_cabinet_1,is_in_front_of,cookies_1
pick_up_the_black_bowl_on_the_wooden_cabinet_and_place_it_on_the_plate,demo_26,105,agentview,cookies_1,is_right_of,plate_1
pick_up_the_black_bowl_on_the_wooden_cabinet_and_place_it_on_the_plate,demo_26,105,agentview,plate_1,is_left_of,cookies_1
pick_up_the_black_bowl_on_the_wooden_cabinet_and_place_it_on_the_plate,demo_26,105,agentview,wooden_cabinet_1,is_right_of,flat_stove_1
pick_up_the_black_bowl_on_the_wooden_cabinet_and_place_it_on_the_plate,demo_26,105,agentview,flat_stove_1,is_left_of,wooden_cabinet_1
pick_up_the_black_bowl_on_the_wooden_cabinet_and_place_it_on_the_plate,demo_26,110,agentview,akita_black_bowl_1,is_on_top_of,wooden_cabinet_1
pick_up_the_black_bowl_on_the_wooden_cabinet_and_place_it_on_the_plate,demo_26,110,agentview,wooden_cabinet_1,is_below_of,akita_black_bowl_1
pick_up_the_black_bowl_on_the_wooden_cabinet_and_place_it_on_the_plate,demo_26,110,agentview,akita_black_bowl_1,is_behind,akita_black_bowl_2
pick_up_the_black_bowl_on_the_wooden_cabinet_and_place_it_on_the_plate,demo_26,110,agentview,akita_black_bowl_2,is_in_front_of,akita_black_bowl_1
pick_up_the_black_bowl_on_the_wooden_cabinet_and_place_it_on_the_plate,demo_26,110,agentview,akita_black_bowl_1,is_behind,cookies_1
pick_up_the_black_bowl_on_the_wooden_cabinet_and_place_it_on_the_plate,demo_26,110,agentview,cookies_1,is_in_front_of,akita_black_bowl_1
pick_up_the_black_bowl_on_the_wooden_cabinet_and_place_it_on_the_plate,demo_26,110,agentview,akita_black_bowl_1,is_behind,glazed_rim_porcelain_ramekin_1
pick_up_the_black_bowl_on_the_wooden_cabinet_and_place_it_on_the_plate,demo_26,110,agentview,glazed_rim_porcelain_ramekin_1,is_in_front_of,akita_black_bowl_1
pick_up_the_black_bowl_on_the_wooden_cabinet_and_place_it_on_the_plate,demo_26,110,agentview,akita_black_bowl_1,is_behind,plate_1
pick_up_the_black_bowl_on_the_wooden_cabinet_and_place_it_on_the_plate,demo_26,110,agentview,plate_1,is_in_front_of,akita_black_bowl_1
pick_up_the_black_bowl_on_the_wooden_cabinet_and_place_it_on_the_plate,demo_26,110,agentview,akita_black_bowl_1,is_behind,flat_stove_1
pick_up_the_black_bowl_on_the_wooden_cabinet_and_place_it_on_the_plate,demo_26,110,agentview,flat_stove_1,is_in_front_of,akita_black_bowl_1
pick_up_the_black_bowl_on_the_wooden_cabinet_and_place_it_on_the_plate,demo_26,110,agentview,akita_black_bowl_2,is_on_top_of,plate_1
pick_up_the_black_bowl_on_the_wooden_cabinet_and_place_it_on_the_plate,demo_26,110,agentview,plate_1,is_below_of,akita_black_bowl_2
pick_up_the_black_bowl_on_the_wooden_cabinet_and_place_it_on_the_plate,demo_26,110,agentview,akita_black_bowl_2,is_left_of,cookies_1
pick_up_the_black_bowl_on_the_wooden_cabinet_and_place_it_on_the_plate,demo_26,110,agentview,cookies_1,is_right_of,akita_black_bowl_2
pick_up_the_black_bowl_on_the_wooden_cabinet_and_place_it_on_the_plate,demo_26,110,agentview,akita_black_bowl_2,is_in_front_of,glazed_rim_porcelain_ramekin_1
pick_up_the_black_bowl_on_the_wooden_cabinet_and_place_it_on_the_plate,demo_26,110,agentview,glazed_rim_porcelain_ramekin_1,is_behind,akita_black_bowl_2
pick_up_the_black_bowl_on_the_wooden_cabinet_and_place_it_on_the_plate,demo_26,110,agentview,akita_black_bowl_2,is_left_of,flat_stove_1
pick_up_the_black_bowl_on_the_wooden_cabinet_and_place_it_on_the_plate,demo_26,110,agentview,flat_stove_1,is_right_of,akita_black_bowl_2
pick_up_the_black_bowl_on_the_wooden_cabinet_and_place_it_on_the_plate,demo_26,110,agentview,cookies_1,is_left_of,glazed_rim_porcelain_ramekin_1
pick_up_the_black_bowl_on_the_wooden_cabinet_and_place_it_on_the_plate,demo_26,110,agentview,glazed_rim_porcelain_ramekin_1,is_right_of,cookies_1
pick_up_the_black_bowl_on_the_wooden_cabinet_and_place_it_on_the_plate,demo_26,110,agentview,cookies_1,is_in_front_of,flat_stove_1
pick_up_the_black_bowl_on_the_wooden_cabinet_and_place_it_on_the_plate,demo_26,110,agentview,flat_stove_1,is_behind,cookies_1
pick_up_the_black_bowl_on_the_wooden_cabinet_and_place_it_on_the_plate,demo_26,110,agentview,glazed_rim_porcelain_ramekin_1,is_in_front_of,flat_stove_1
pick_up_the_black_bowl_on_the_wooden_cabinet_and_place_it_on_the_plate,demo_26,110,agentview,flat_stove_1,is_behind,glazed_rim_porcelain_ramekin_1
pick_up_the_black_bowl_on_the_wooden_cabinet_and_place_it_on_the_plate,demo_26,110,agentview,plate_1,is_on_top_of,flat_stove_1
pick_up_the_black_bowl_on_the_wooden_cabinet_and_place_it_on_the_plate,demo_26,110,agentview,flat_stove_1,is_below_of,plate_1
pick_up_the_black_bowl_on_the_wooden_cabinet_and_place_it_on_the_plate,demo_26,110,agentview,wooden_cabinet_1,is_behind,akita_black_bowl_2
pick_up_the_black_bowl_on_the_wooden_cabinet_and_place_it_on_the_plate,demo_26,110,agentview,akita_black_bowl_2,is_in_front_of,wooden_cabinet_1
pick_up_the_black_bowl_on_the_wooden_cabinet_and_place_it_on_the_plate,demo_26,110,agentview,wooden_cabinet_1,is_behind,cookies_1
pick_up_the_black_bowl_on_the_wooden_cabinet_and_place_it_on_the_plate,demo_26,110,agentview,cookies_1,is_in_front_of,wooden_cabinet_1
pick_up_the_black_bowl_on_the_wooden_cabinet_and_place_it_on_the_plate,demo_26,110,agentview,wooden_cabinet_1,is_behind,glazed_rim_porcelain_ramekin_1
pick_up_the_black_bowl_on_the_wooden_cabinet_and_place_it_on_the_plate,demo_26,110,agentview,glazed_rim_porcelain_ramekin_1,is_in_front_of,wooden_cabinet_1
pick_up_the_black_bowl_on_the_wooden_cabinet_and_place_it_on_the_plate,demo_26,110,agentview,wooden_cabinet_1,is_behind,plate_1
pick_up_the_black_bowl_on_the_wooden_cabinet_and_place_it_on_the_plate,demo_26,110,agentview,plate_1,is_in_front_of,wooden_cabinet_1
pick_up_the_black_bowl_on_the_wooden_cabinet_and_place_it_on_the_plate,demo_26,110,agentview,wooden_cabinet_1,is_left_of,flat_stove_1
pick_up_the_black_bowl_on_the_wooden_cabinet_and_place_it_on_the_plate,demo_26,110,agentview,flat_stove_1,is_right_of,wooden_cabinet_1
pick_up_the_black_bowl_on_the_wooden_cabinet_and_place_it_on_the_plate,demo_26,115,agentview,akita_black_bowl_1,is_on_top_of,wooden_cabinet_1
pick_up_the_black_bowl_on_the_wooden_cabinet_and_place_it_on_the_plate,demo_26,115,agentview,wooden_cabinet_1,is_below_of,akita_black_bowl_1
pick_up_the_black_bowl_on_the_wooden_cabinet_and_place_it_on_the_plate,demo_26,115,agentview,akita_black_bowl_2,is_on_top_of,wooden_cabinet_1
pick_up_the_black_bowl_on_the_wooden_cabinet_and_place_it_on_the_plate,demo_26,115,agentview,wooden_cabinet_1,is_below_of,akita_black_bowl_2
pick_up_the_black_bowl_on_the_wooden_cabinet_and_place_it_on_the_plate,demo_26,115,agentview,cookies_1,is_on_top_of,wooden_cabinet_1
pick_up_the_black_bowl_on_the_wooden_cabinet_and_place_it_on_the_plate,demo_26,115,agentview,wooden_cabinet_1,is_below_of,cookies_1
pick_up_the_black_bowl_on_the_wooden_cabinet_and_place_it_on_the_plate,demo_26,115,agentview,glazed_rim_porcelain_ramekin_1,is_on_top_of,wooden_cabinet_1
pick_up_the_black_bowl_on_the_wooden_cabinet_and_place_it_on_the_plate,demo_26,115,agentview,wooden_cabinet_1,is_below_of,glazed_rim_porcelain_ramekin_1
pick_up_the_black_bowl_on_the_wooden_cabinet_and_place_it_on_the_plate,demo_26,115,agentview,plate_1,is_on_top_of,flat_stove_1
pick_up_the_black_bowl_on_the_wooden_cabinet_and_place_it_on_the_plate,demo_26,115,agentview,flat_stove_1,is_below_of,plate_1
pick_up_the_black_bowl_on_the_wooden_cabinet_and_place_it_on_the_plate,demo_26,115,agentview,akita_black_bowl_1,is_left_of,akita_black_bowl_2
pick_up_the_black_bowl_on_the_wooden_cabinet_and_place_it_on_the_plate,demo_26,115,agentview,akita_black_bowl_2,is_right_of,akita_black_bowl_1
pick_up_the_black_bowl_on_the_wooden_cabinet_and_place_it_on_the_plate,demo_26,115,agentview,akita_black_bowl_1,is_left_of,cookies_1
pick_up_the_black_bowl_on_the_wooden_cabinet_and_place_it_on_the_plate,demo_26,115,agentview,cookies_1,is_right_of,akita_black_bowl_1
pick_up_the_black_bowl_on_the_wooden_cabinet_and_place_it_on_the_plate,demo_26,115,agentview,akita_black_bowl_1,is_left_of,glazed_rim_porcelain_ramekin_1
pick_up_the_black_bowl_on_the_wooden_cabinet_and_place_it_on_the_plate,demo_26,115,agentview,glazed_rim_porcelain_ramekin_1,is_right_of,akita_black_bowl_1
pick_up_the_black_bowl_on_the_wooden_cabinet_and_place_it_on_the_plate,demo_26,115,agentview,akita_black_bowl_1,is_behind,plate_1
pick_up_the_black_bowl_on_the_wooden_cabinet_and_place_it_on_the_plate,demo_26,115,agentview,plate_1,is_in_front_of,akita_black_bowl_1
pick_up_the_black_bowl_on_the_wooden_cabinet_and_place_it_on_the_plate,demo_26,115,agentview,akita_black_bowl_2,is_left_of,glazed_rim_porcelain_ramekin_1
pick_up_the_black_bowl_on_the_wooden_cabinet_and_place_it_on_the_plate,demo_26,115,agentview,glazed_rim_porcelain_ramekin_1,is_right_of,akita_black_bowl_2
pick_up_the_black_bowl_on_the_wooden_cabinet_and_place_it_on_the_plate,demo_26,115,agentview,akita_black_bowl_2,is_behind,plate_1
pick_up_the_black_bowl_on_the_wooden_cabinet_and_place_it_on_the_plate,demo_26,115,agentview,plate_1,is_in_front_of,akita_black_bowl_2
pick_up_the_black_bowl_on_the_wooden_cabinet_and_place_it_on_the_plate,demo_26,115,agentview,cookies_1,is_left_of,glazed_rim_porcelain_ramekin_1
pick_up_the_black_bowl_on_the_wooden_cabinet_and_place_it_on_the_plate,demo_26,115,agentview,glazed_rim_porcelain_ramekin_1,is_right_of,cookies_1
pick_up_the_black_bowl_on_the_wooden_cabinet_and_place_it_on_the_plate,demo_26,115,agentview,cookies_1,is_behind,plate_1
pick_up_the_black_bowl_on_the_wooden_cabinet_and_place_it_on_the_plate,demo_26,115,agentview,plate_1,is_in_front_of,cookies_1
pick_up_the_black_bowl_on_the_wooden_cabinet_and_place_it_on_the_plate,demo_26,115,agentview,glazed_rim_porcelain_ramekin_1,is_behind,plate_1
pick_up_the_black_bowl_on_the_wooden_cabinet_and_place_it_on_the_plate,demo_26,115,agentview,plate_1,is_in_front_of,glazed_rim_porcelain_ramekin_1
pick_up_the_black_bowl_on_the_wooden_cabinet_and_place_it_on_the_plate,demo_26,115,agentview,akita_black_bowl_1,is_behind,wooden_cabinet_1
pick_up_the_black_bowl_on_the_wooden_cabinet_and_place_it_on_the_plate,demo_26,115,agentview,wooden_cabinet_1,is_in_front_of,akita_black_bowl_1
pick_up_the_black_bowl_on_the_wooden_cabinet_and_place_it_on_the_plate,demo_26,115,agentview,akita_black_bowl_2,is_behind,wooden_cabinet_1
pick_up_the_black_bowl_on_the_wooden_cabinet_and_place_it_on_the_plate,demo_26,115,agentview,wooden_cabinet_1,is_in_front_of,akita_black_bowl_2
pick_up_the_black_bowl_on_the_wooden_cabinet_and_place_it_on_the_plate,demo_26,115,agentview,cookies_1,is_behind,wooden_cabinet_1
pick_up_the_black_bowl_on_the_wooden_cabinet_and_place_it_on_the_plate,demo_26,115,agentview,wooden_cabinet_1,is_in_front_of,cookies_1
pick_up_the_black_bowl_on_the_wooden_cabinet_and_place_it_on_the_plate,demo_26,115,agentview,glazed_rim_porcelain_ramekin_1,is_behind,wooden_cabinet_1
pick_up_the_black_bowl_on_the_wooden_cabinet_and_place_it_on_the_plate,demo_26,115,agentview,wooden_cabinet_1,is_in_front_of,glazed_rim_porcelain_ramekin_1
pick_up_the_black_bowl_on_the_wooden_cabinet_and_place_it_on_the_plate,demo_26,115,agentview,wooden_cabinet_1,is_behind,flat_stove_1
pick_up_the_black_bowl_on_the_wooden_cabinet_and_place_it_on_the_plate,demo_26,115,agentview,flat_stove_1,is_in_front_of,wooden_cabinet_1
pick_up_the_black_bowl_on_the_wooden_cabinet_and_place_it_on_the_plate,demo_26,120,agentview,akita_black_bowl_1,is_on_top_of,wooden_cabinet_1
pick_up_the_black_bowl_on_the_wooden_cabinet_and_place_it_on_the_plate,demo_26,120,agentview,wooden_cabinet_1,is_below_of,akita_black_bowl_1
pick_up_the_black_bowl_on_the_wooden_cabinet_and_place_it_on_the_plate,demo_26,120,agentview,akita_black_bowl_1,is_behind,akita_black_bowl_2
pick_up_the_black_bowl_on_the_wooden_cabinet_and_place_it_on_the_plate,demo_26,120,agentview,akita_black_bowl_2,is_in_front_of,akita_black_bowl_1
pick_up_the_black_bowl_on_the_wooden_cabinet_and_place_it_on_the_plate,demo_26,120,agentview,akita_black_bowl_1,is_behind,cookies_1
pick_up_the_black_bowl_on_the_wooden_cabinet_and_place_it_on_the_plate,demo_26,120,agentview,cookies_1,is_in_front_of,akita_black_bowl_1
pick_up_the_black_bowl_on_the_wooden_cabinet_and_place_it_on_the_plate,demo_26,120,agentview,akita_black_bowl_1,is_behind,glazed_rim_porcelain_ramekin_1
pick_up_the_black_bowl_on_the_wooden_cabinet_and_place_it_on_the_plate,demo_26,120,agentview,glazed_rim_porcelain_ramekin_1,is_in_front_of,akita_black_bowl_1
pick_up_the_black_bowl_on_the_wooden_cabinet_and_place_it_on_the_plate,demo_26,120,agentview,akita_black_bowl_1,is_behind,plate_1
pick_up_the_black_bowl_on_the_wooden_cabinet_and_place_it_on_the_plate,demo_26,120,agentview,plate_1,is_in_front_of,akita_black_bowl_1
pick_up_the_black_bowl_on_the_wooden_cabinet_and_place_it_on_the_plate,demo_26,120,agentview,akita_black_bowl_1,is_behind,flat_stove_1
pick_up_the_black_bowl_on_the_wooden_cabinet_and_place_it_on_the_plate,demo_26,120,agentview,flat_stove_1,is_in_front_of,akita_black_bowl_1
pick_up_the_black_bowl_on_the_wooden_cabinet_and_place_it_on_the_plate,demo_26,120,agentview,akita_black_bowl_2,is_on_top_of,plate_1
pick_up_the_black_bowl_on_the_wooden_cabinet_and_place_it_on_the_plate,demo_26,120,agentview,plate_1,is_below_of,akita_black_bowl_2
pick_up_the_black_bowl_on_the_wooden_cabinet_and_place_it_on_the_plate,demo_26,120,agentview,akita_black_bowl_2,is_behind,cookies_1
pick_up_the_black_bowl_on_the_wooden_cabinet_and_place_it_on_the_plate,demo_26,120,agentview,cookies_1,is_in_front_of,akita_black_bowl_2
pick_up_the_black_bowl_on_the_wooden_cabinet_and_place_it_on_the_plate,demo_26,120,agentview,akita_black_bowl_2,is_right_of,glazed_rim_porcelain_ramekin_1
pick_up_the_black_bowl_on_the_wooden_cabinet_and_place_it_on_the_plate,demo_26,120,agentview,glazed_rim_porcelain_ramekin_1,is_left_of,akita_black_bowl_2
pick_up_the_black_bowl_on_the_wooden_cabinet_and_place_it_on_the_plate,demo_26,120,agentview,akita_black_bowl_2,is_behind,flat_stove_1
pick_up_the_black_bowl_on_the_wooden_cabinet_and_place_it_on_the_plate,demo_26,120,agentview,flat_stove_1,is_in_front_of,akita_black_bowl_2
pick_up_the_black_bowl_on_the_wooden_cabinet_and_place_it_on_the_plate,demo_26,120,agentview,cookies_1,is_on_top_of,plate_1
pick_up_the_black_bowl_on_the_wooden_cabinet_and_place_it_on_the_plate,demo_26,120,agentview,plate_1,is_below_of,cookies_1
pick_up_the_black_bowl_on_the_wooden_cabinet_and_place_it_on_the_plate,demo_26,120,agentview,cookies_1,is_right_of,glazed_rim_porcelain_ramekin_1
pick_up_the_black_bowl_on_the_wooden_cabinet_and_place_it_on_the_plate,demo_26,120,agentview,glazed_rim_porcelain_ramekin_1,is_left_of,cookies_1
pick_up_the_black_bowl_on_the_wooden_cabinet_and_place_it_on_the_plate,demo_26,120,agentview,cookies_1,is_behind,flat_stove_1
pick_up_the_black_bowl_on_the_wooden_cabinet_and_place_it_on_the_plate,demo_26,120,agentview,flat_stove_1,is_in_front_of,cookies_1
pick_up_the_black_bowl_on_the_wooden_cabinet_and_place_it_on_the_plate,demo_26,120,agentview,glazed_rim_porcelain_ramekin_1,is_on_top_of,plate_1
pick_up_the_black_bowl_on_the_wooden_cabinet_and_place_it_on_the_plate,demo_26,120,agentview,plate_1,is_below_of,glazed_rim_porcelain_ramekin_1
pick_up_the_black_bowl_on_the_wooden_cabinet_and_place_it_on_the_plate,demo_26,120,agentview,glazed_rim_porcelain_ramekin_1,is_behind,flat_stove_1
pick_up_the_black_bowl_on_the_wooden_cabinet_and_place_it_on_the_plate,demo_26,120,agentview,flat_stove_1,is_in_front_of,glazed_rim_porcelain_ramekin_1
pick_up_the_black_bowl_on_the_wooden_cabinet_and_place_it_on_the_plate,demo_26,120,agentview,plate_1,is_on_top_of,flat_stove_1
pick_up_the_black_bowl_on_the_wooden_cabinet_and_place_it_on_the_plate,demo_26,120,agentview,flat_stove_1,is_below_of,plate_1
pick_up_the_black_bowl_on_the_wooden_cabinet_and_place_it_on_the_plate,demo_26,120,agentview,wooden_cabinet_1,is_behind,akita_black_bowl_2
pick_up_the_black_bowl_on_the_wooden_cabinet_and_place_it_on_the_plate,demo_26,120,agentview,akita_black_bowl_2,is_in_front_of,wooden_cabinet_1
pick_up_the_black_bowl_on_the_wooden_cabinet_and_place_it_on_the_plate,demo_26,120,agentview,wooden_cabinet_1,is_behind,cookies_1
pick_up_the_black_bowl_on_the_wooden_cabinet_and_place_it_on_the_plate,demo_26,120,agentview,cookies_1,is_in_front_of,wooden_cabinet_1
pick_up_the_black_bowl_on_the_wooden_cabinet_and_place_it_on_the_plate,demo_26,120,agentview,wooden_cabinet_1,is_behind,glazed_rim_porcelain_ramekin_1
pick_up_the_black_bowl_on_the_wooden_cabinet_and_place_it_on_the_plate,demo_26,120,agentview,glazed_rim_porcelain_ramekin_1,is_in_front_of,wooden_cabinet_1
pick_up_the_black_bowl_on_the_wooden_cabinet_and_place_it_on_the_plate,demo_26,120,agentview,wooden_cabinet_1,is_behind,plate_1
pick_up_the_black_bowl_on_the_wooden_cabinet_and_place_it_on_the_plate,demo_26,120,agentview,plate_1,is_in_front_of,wooden_cabinet_1
pick_up_the_black_bowl_on_the_wooden_cabinet_and_place_it_on_the_plate,demo_26,120,agentview,wooden_cabinet_1,is_left_of,flat_stove_1
pick_up_the_black_bowl_on_the_wooden_cabinet_and_place_it_on_the_plate,demo_26,120,agentview,flat_stove_1,is_right_of,wooden_cabinet_1
pick_up_the_black_bowl_on_the_wooden_cabinet_and_place_it_on_the_plate,demo_26,125,agentview,akita_black_bowl_1,is_on_top_of,wooden_cabinet_1
pick_up_the_black_bowl_on_the_wooden_cabinet_and_place_it_on_the_plate,demo_26,125,agentview,wooden_cabinet_1,is_below_of,akita_black_bowl_1
pick_up_the_black_bowl_on_the_wooden_cabinet_and_place_it_on_the_plate,demo_26,125,agentview,akita_black_bowl_1,is_behind,akita_black_bowl_2
pick_up_the_black_bowl_on_the_wooden_cabinet_and_place_it_on_the_plate,demo_26,125,agentview,akita_black_bowl_2,is_in_front_of,akita_black_bowl_1
pick_up_the_black_bowl_on_the_wooden_cabinet_and_place_it_on_the_plate,demo_26,125,agentview,akita_black_bowl_1,is_behind,cookies_1
pick_up_the_black_bowl_on_the_wooden_cabinet_and_place_it_on_the_plate,demo_26,125,agentview,cookies_1,is_in_front_of,akita_black_bowl_1
pick_up_the_black_bowl_on_the_wooden_cabinet_and_place_it_on_the_plate,demo_26,125,agentview,akita_black_bowl_1,is_behind,glazed_rim_porcelain_ramekin_1
pick_up_the_black_bowl_on_the_wooden_cabinet_and_place_it_on_the_plate,demo_26,125,agentview,glazed_rim_porcelain_ramekin_1,is_in_front_of,akita_black_bowl_1
pick_up_the_black_bowl_on_the_wooden_cabinet_and_place_it_on_the_plate,demo_26,125,agentview,akita_black_bowl_1,is_behind,plate_1
pick_up_the_black_bowl_on_the_wooden_cabinet_and_place_it_on_the_plate,demo_26,125,agentview,plate_1,is_in_front_of,akita_black_bowl_1
pick_up_the_black_bowl_on_the_wooden_cabinet_and_place_it_on_the_plate,demo_26,125,agentview,akita_black_bowl_1,is_behind,flat_stove_1
pick_up_the_black_bowl_on_the_wooden_cabinet_and_place_it_on_the_plate,demo_26,125,agentview,flat_stove_1,is_in_front_of,akita_black_bowl_1
pick_up_the_black_bowl_on_the_wooden_cabinet_and_place_it_on_the_plate,demo_26,125,agentview,akita_black_bowl_2,is_on_top_of,wooden_cabinet_1
pick_up_the_black_bowl_on_the_wooden_cabinet_and_place_it_on_the_plate,demo_26,125,agentview,wooden_cabinet_1,is_below_of,akita_black_bowl_2
pick_up_the_black_bowl_on_the_wooden_cabinet_and_place_it_on_the_plate,demo_26,125,agentview,akita_black_bowl_2,is_right_of,cookies_1
pick_up_the_black_bowl_on_the_wooden_cabinet_and_place_it_on_the_plate,demo_26,125,agentview,cookies_1,is_left_of,akita_black_bowl_2
pick_up_the_black_bowl_on_the_wooden_cabinet_and_place_it_on_the_plate,demo_26,125,agentview,akita_black_bowl_2,is_right_of,glazed_rim_porcelain_ramekin_1
pick_up_the_black_bowl_on_the_wooden_cabinet_and_place_it_on_the_plate,demo_26,125,agentview,glazed_rim_porcelain_ramekin_1,is_left_of,akita_black_bowl_2
pick_up_the_black_bowl_on_the_wooden_cabinet_and_place_it_on_the_plate,demo_26,125,agentview,akita_black_bowl_2,is_in_front_of,plate_1
pick_up_the_black_bowl_on_the_wooden_cabinet_and_place_it_on_the_plate,demo_26,125,agentview,plate_1,is_behind,akita_black_bowl_2
pick_up_the_black_bowl_on_the_wooden_cabinet_and_place_it_on_the_plate,demo_26,125,agentview,akita_black_bowl_2,is_in_front_of,flat_stove_1
pick_up_the_black_bowl_on_the_wooden_cabinet_and_place_it_on_the_plate,demo_26,125,agentview,flat_stove_1,is_behind,akita_black_bowl_2
pick_up_the_black_bowl_on_the_wooden_cabinet_and_place_it_on_the_plate,demo_26,125,agentview,cookies_1,is_on_top_of,wooden_cabinet_1
pick_up_the_black_bowl_on_the_wooden_cabinet_and_place_it_on_the_plate,demo_26,125,agentview,wooden_cabinet_1,is_below_of,cookies_1
pick_up_the_black_bowl_on_the_wooden_cabinet_and_place_it_on_the_plate,demo_26,125,agentview,cookies_1,is_left_of,glazed_rim_porcelain_ramekin_1
pick_up_the_black_bowl_on_the_wooden_cabinet_and_place_it_on_the_plate,demo_26,125,agentview,glazed_rim_porcelain_ramekin_1,is_right_of,cookies_1
pick_up_the_black_bowl_on_the_wooden_cabinet_and_place_it_on_the_plate,demo_26,125,agentview,cookies_1,is_in_front_of,plate_1
pick_up_the_black_bowl_on_the_wooden_cabinet_and_place_it_on_the_plate,demo_26,125,agentview,plate_1,is_behind,cookies_1
pick_up_the_black_bowl_on_the_wooden_cabinet_and_place_it_on_the_plate,demo_26,125,agentview,cookies_1,is_in_front_of,flat_stove_1
pick_up_the_black_bowl_on_the_wooden_cabinet_and_place_it_on_the_plate,demo_26,125,agentview,flat_stove_1,is_behind,cookies_1
pick_up_the_black_bowl_on_the_wooden_cabinet_and_place_it_on_the_plate,demo_26,125,agentview,glazed_rim_porcelain_ramekin_1,is_on_top_of,wooden_cabinet_1
pick_up_the_black_bowl_on_the_wooden_cabinet_and_place_it_on_the_plate,demo_26,125,agentview,wooden_cabinet_1,is_below_of,glazed_rim_porcelain_ramekin_1
pick_up_the_black_bowl_on_the_wooden_cabinet_and_place_it_on_the_plate,demo_26,125,agentview,glazed_rim_porcelain_ramekin_1,is_in_front_of,plate_1
pick_up_the_black_bowl_on_the_wooden_cabinet_and_place_it_on_the_plate,demo_26,125,agentview,plate_1,is_behind,glazed_rim_porcelain_ramekin_1
pick_up_the_black_bowl_on_the_wooden_cabinet_and_place_it_on_the_plate,demo_26,125,agentview,glazed_rim_porcelain_ramekin_1,is_in_front_of,flat_stove_1
pick_up_the_black_bowl_on_the_wooden_cabinet_and_place_it_on_the_plate,demo_26,125,agentview,flat_stove_1,is_behind,glazed_rim_porcelain_ramekin_1
pick_up_the_black_bowl_on_the_wooden_cabinet_and_place_it_on_the_plate,demo_26,125,agentview,plate_1,is_on_top_of,flat_stove_1
pick_up_the_black_bowl_on_the_wooden_cabinet_and_place_it_on_the_plate,demo_26,125,agentview,flat_stove_1,is_below_of,plate_1
pick_up_the_black_bowl_on_the_wooden_cabinet_and_place_it_on_the_plate,demo_26,130,agentview,akita_black_bowl_1,is_on_top_of,wooden_cabinet_1
pick_up_the_black_bowl_on_the_wooden_cabinet_and_place_it_on_the_plate,demo_26,130,agentview,wooden_cabinet_1,is_below_of,akita_black_bowl_1
pick_up_the_black_bowl_on_the_wooden_cabinet_and_place_it_on_the_plate,demo_26,130,agentview,akita_black_bowl_2,is_on_top_of,plate_1
pick_up_the_black_bowl_on_the_wooden_cabinet_and_place_it_on_the_plate,demo_26,130,agentview,plate_1,is_below_of,akita_black_bowl_2
pick_up_the_black_bowl_on_the_wooden_cabinet_and_place_it_on_the_plate,demo_26,130,agentview,cookies_1,is_on_top_of,plate_1
pick_up_the_black_bowl_on_the_wooden_cabinet_and_place_it_on_the_plate,demo_26,130,agentview,plate_1,is_below_of,cookies_1
pick_up_the_black_bowl_on_the_wooden_cabinet_and_place_it_on_the_plate,demo_26,130,agentview,glazed_rim_porcelain_ramekin_1,is_on_top_of,plate_1
pick_up_the_black_bowl_on_the_wooden_cabinet_and_place_it_on_the_plate,demo_26,130,agentview,plate_1,is_below_of,glazed_rim_porcelain_ramekin_1
pick_up_the_black_bowl_on_the_wooden_cabinet_and_place_it_on_the_plate,demo_26,130,agentview,akita_black_bowl_1,is_behind,akita_black_bowl_2
pick_up_the_black_bowl_on_the_wooden_cabinet_and_place_it_on_the_plate,demo_26,130,agentview,akita_black_bowl_2,is_in_front_of,akita_black_bowl_1
pick_up_the_black_bowl_on_the_wooden_cabinet_and_place_it_on_the_plate,demo_26,130,agentview,akita_black_bowl_1,is_behind,cookies_1
pick_up_the_black_bowl_on_the_wooden_cabinet_and_place_it_on_the_plate,demo_26,130,agentview,cookies_1,is_in_front_of,akita_black_bowl_1
pick_up_the_black_bowl_on_the_wooden_cabinet_and_place_it_on_the_plate,demo_26,130,agentview,akita_black_bowl_1,is_behind,glazed_rim_porcelain_ramekin_1
pick_up_the_black_bowl_on_the_wooden_cabinet_and_place_it_on_the_plate,demo_26,130,agentview,glazed_rim_porcelain_ramekin_1,is_in_front_of,akita_black_bowl_1
pick_up_the_black_bowl_on_the_wooden_cabinet_and_place_it_on_the_plate,demo_26,130,agentview,akita_black_bowl_1,is_behind,plate_1
pick_up_the_black_bowl_on_the_wooden_cabinet_and_place_it_on_the_plate,demo_26,130,agentview,plate_1,is_in_front_of,akita_black_bowl_1
pick_up_the_black_bowl_on_the_wooden_cabinet_and_place_it_on_the_plate,demo_26,130,agentview,akita_black_bowl_1,is_behind,wooden_cabinet_1
pick_up_the_black_bowl_on_the_wooden_cabinet_and_place_it_on_the_plate,demo_26,130,agentview,wooden_cabinet_1,is_in_front_of,akita_black_bowl_1
pick_up_the_black_bowl_on_the_wooden_cabinet_and_place_it_on_the_plate,demo_26,130,agentview,akita_black_bowl_1,is_right_of,flat_stove_1
pick_up_the_black_bowl_on_the_wooden_cabinet_and_place_it_on_the_plate,demo_26,130,agentview,flat_stove_1,is_left_of,akita_black_bowl_1
pick_up_the_black_bowl_on_the_wooden_cabinet_and_place_it_on_the_plate,demo_26,130,agentview,akita_black_bowl_2,is_in_front_of,flat_stove_1
pick_up_the_black_bowl_on_the_wooden_cabinet_and_place_it_on_the_plate,demo_26,130,agentview,flat_stove_1,is_behind,akita_black_bowl_2
pick_up_the_black_bowl_on_the_wooden_cabinet_and_place_it_on_the_plate,demo_26,130,agentview,akita_black_bowl_2,is_left_of,cookies_1
pick_up_the_black_bowl_on_the_wooden_cabinet_and_place_it_on_the_plate,demo_26,130,agentview,cookies_1,is_right_of,akita_black_bowl_2
pick_up_the_black_bowl_on_the_wooden_cabinet_and_place_it_on_the_plate,demo_26,130,agentview,akita_black_bowl_2,is_left_of,glazed_rim_porcelain_ramekin_1
pick_up_the_black_bowl_on_the_wooden_cabinet_and_place_it_on_the_plate,demo_26,130,agentview,glazed_rim_porcelain_ramekin_1,is_right_of,akita_black_bowl_2
pick_up_the_black_bowl_on_the_wooden_cabinet_and_place_it_on_the_plate,demo_26,130,agentview,cookies_1,is_left_of,glazed_rim_porcelain_ramekin_1
pick_up_the_black_bowl_on_the_wooden_cabinet_and_place_it_on_the_plate,demo_26,130,agentview,glazed_rim_porcelain_ramekin_1,is_right_of,cookies_1
pick_up_the_black_bowl_on_the_wooden_cabinet_and_place_it_on_the_plate,demo_26,130,agentview,plate_1,is_in_front_of,flat_stove_1
pick_up_the_black_bowl_on_the_wooden_cabinet_and_place_it_on_the_plate,demo_26,130,agentview,flat_stove_1,is_behind,plate_1
pick_up_the_black_bowl_on_the_wooden_cabinet_and_place_it_on_the_plate,demo_26,135,agentview,akita_black_bowl_1,is_on_top_of,wooden_cabinet_1
pick_up_the_black_bowl_on_the_wooden_cabinet_and_place_it_on_the_plate,demo_26,135,agentview,wooden_cabinet_1,is_below_of,akita_black_bowl_1
pick_up_the_black_bowl_on_the_wooden_cabinet_and_place_it_on_the_plate,demo_26,135,agentview,akita_black_bowl_1,is_behind,akita_black_bowl_2
pick_up_the_black_bowl_on_the_wooden_cabinet_and_place_it_on_the_plate,demo_26,135,agentview,akita_black_bowl_2,is_in_front_of,akita_black_bowl_1
pick_up_the_black_bowl_on_the_wooden_cabinet_and_place_it_on_the_plate,demo_26,135,agentview,akita_black_bowl_1,is_behind,cookies_1
pick_up_the_black_bowl_on_the_wooden_cabinet_and_place_it_on_the_plate,demo_26,135,agentview,cookies_1,is_in_front_of,akita_black_bowl_1
pick_up_the_black_bowl_on_the_wooden_cabinet_and_place_it_on_the_plate,demo_26,135,agentview,akita_black_bowl_1,is_behind,glazed_rim_porcelain_ramekin_1
pick_up_the_black_bowl_on_the_wooden_cabinet_and_place_it_on_the_plate,demo_26,135,agentview,glazed_rim_porcelain_ramekin_1,is_in_front_of,akita_black_bowl_1
pick_up_the_black_bowl_on_the_wooden_cabinet_and_place_it_on_the_plate,demo_26,135,agentview,akita_black_bowl_1,is_behind,plate_1
pick_up_the_black_bowl_on_the_wooden_cabinet_and_place_it_on_the_plate,demo_26,135,agentview,plate_1,is_in_front_of,akita_black_bowl_1
pick_up_the_black_bowl_on_the_wooden_cabinet_and_place_it_on_the_plate,demo_26,135,agentview,akita_black_bowl_1,is_behind,flat_stove_1
pick_up_the_black_bowl_on_the_wooden_cabinet_and_place_it_on_the_plate,demo_26,135,agentview,flat_stove_1,is_in_front_of,akita_black_bowl_1
pick_up_the_black_bowl_on_the_wooden_cabinet_and_place_it_on_the_plate,demo_26,135,agentview,akita_black_bowl_2,is_on_top_of,plate_1
pick_up_the_black_bowl_on_the_wooden_cabinet_and_place_it_on_the_plate,demo_26,135,agentview,plate_1,is_below_of,akita_black_bowl_2
pick_up_the_black_bowl_on_the_wooden_cabinet_and_place_it_on_the_plate,demo_26,135,agentview,akita_black_bowl_2,is_right_of,cookies_1
pick_up_the_black_bowl_on_the_wooden_cabinet_and_place_it_on_the_plate,demo_26,135,agentview,cookies_1,is_left_of,akita_black_bowl_2
pick_up_the_black_bowl_on_the_wooden_cabinet_and_place_it_on_the_plate,demo_26,135,agentview,akita_black_bowl_2,is_behind,glazed_rim_porcelain_ramekin_1
pick_up_the_black_bowl_on_the_wooden_cabinet_and_place_it_on_the_plate,demo_26,135,agentview,glazed_rim_porcelain_ramekin_1,is_in_front_of,akita_black_bowl_2
pick_up_the_black_bowl_on_the_wooden_cabinet_and_place_it_on_the_plate,demo_26,135,agentview,akita_black_bowl_2,is_right_of,plate_1
pick_up_the_black_bowl_on_the_wooden_cabinet_and_place_it_on_the_plate,demo_26,135,agentview,plate_1,is_left_of,akita_black_bowl_2
pick_up_the_black_bowl_on_the_wooden_cabinet_and_place_it_on_the_plate,demo_26,135,agentview,akita_black_bowl_2,is_behind,flat_stove_1
pick_up_the_black_bowl_on_the_wooden_cabinet_and_place_it_on_the_plate,demo_26,135,agentview,flat_stove_1,is_in_front_of,akita_black_bowl_2
pick_up_the_black_bowl_on_the_wooden_cabinet_and_place_it_on_the_plate,demo_26,135,agentview,cookies_1,is_on_top_of,plate_1
pick_up_the_black_bowl_on_the_wooden_cabinet_and_place_it_on_the_plate,demo_26,135,agentview,plate_1,is_below_of,cookies_1
pick_up_the_black_bowl_on_the_wooden_cabinet_and_place_it_on_the_plate,demo_26,135,agentview,cookies_1,is_left_of,glazed_rim_porcelain_ramekin_1
pick_up_the_black_bowl_on_the_wooden_cabinet_and_place_it_on_the_plate,demo_26,135,agentview,glazed_rim_porcelain_ramekin_1,is_right_of,cookies_1
pick_up_the_black_bowl_on_the_wooden_cabinet_and_place_it_on_the_plate,demo_26,135,agentview,cookies_1,is_in_front_of,plate_1
pick_up_the_black_bowl_on_the_wooden_cabinet_and_place_it_on_the_plate,demo_26,135,agentview,plate_1,is_behind,cookies_1
pick_up_the_black_bowl_on_the_wooden_cabinet_and_place_it_on_the_plate,demo_26,135,agentview,cookies_1,is_behind,flat_stove_1
pick_up_the_black_bowl_on_the_wooden_cabinet_and_place_it_on_the_plate,demo_26,135,agentview,flat_stove_1,is_in_front_of,cookies_1
pick_up_the_black_bowl_on_the_wooden_cabinet_and_place_it_on_the_plate,demo_26,135,agentview,glazed_rim_porcelain_ramekin_1,is_on_top_of,plate_1
pick_up_the_black_bowl_on_the_wooden_cabinet_and_place_it_on_the_plate,demo_26,135,agentview,plate_1,is_below_of,glazed_rim_porcelain_ramekin_1
pick_up_the_black_bowl_on_the_wooden_cabinet_and_place_it_on_the_plate,demo_26,135,agentview,glazed_rim_porcelain_ramekin_1,is_right_of,plate_1
pick_up_the_black_bowl_on_the_wooden_cabinet_and_place_it_on_the_plate,demo_26,135,agentview,plate_1,is_left_of,glazed_rim_porcelain_ramekin_1
pick_up_the_black_bowl_on_the_wooden_cabinet_and_place_it_on_the_plate,demo_26,135,agentview,glazed_rim_porcelain_ramekin_1,is_behind,flat_stove_1
pick_up_the_black_bowl_on_the_wooden_cabinet_and_place_it_on_the_plate,demo_26,135,agentview,flat_stove_1,is_in_front_of,glazed_rim_porcelain_ramekin_1
pick_up_the_black_bowl_on_the_wooden_cabinet_and_place_it_on_the_plate,demo_26,135,agentview,plate_1,is_on_top_of,flat_stove_1
pick_up_the_black_bowl_on_the_wooden_cabinet_and_place_it_on_the_plate,demo_26,135,agentview,flat_stove_1,is_below_of,plate_1
pick_up_the_black_bowl_on_the_wooden_cabinet_and_place_it_on_the_plate,demo_26,140,agentview,akita_black_bowl_1,is_on_top_of,wooden_cabinet_1
pick_up_the_black_bowl_on_the_wooden_cabinet_and_place_it_on_the_plate,demo_26,140,agentview,wooden_cabinet_1,is_below_of,akita_black_bowl_1
pick_up_the_black_bowl_on_the_wooden_cabinet_and_place_it_on_the_plate,demo_26,140,agentview,akita_black_bowl_2,is_on_top_of,plate_1
pick_up_the_black_bowl_on_the_wooden_cabinet_and_place_it_on_the_plate,demo_26,140,agentview,plate_1,is_below_of,akita_black_bowl_2
pick_up_the_black_bowl_on_the_wooden_cabinet_and_place_it_on_the_plate,demo_26,140,agentview,cookies_1,is_on_top_of,flat_stove_1
pick_up_the_black_bowl_on_the_wooden_cabinet_and_place_it_on_the_plate,demo_26,140,agentview,flat_stove_1,is_below_of,cookies_1
pick_up_the_black_bowl_on_the_wooden_cabinet_and_place_it_on_the_plate,demo_26,140,agentview,glazed_rim_porcelain_ramekin_1,is_on_top_of,flat_stove_1
pick_up_the_black_bowl_on_the_wooden_cabinet_and_place_it_on_the_plate,demo_26,140,agentview,flat_stove_1,is_below_of,glazed_rim_porcelain_ramekin_1
pick_up_the_black_bowl_on_the_wooden_cabinet_and_place_it_on_the_plate,demo_26,140,agentview,plate_1,is_on_top_of,flat_stove_1
pick_up_the_black_bowl_on_the_wooden_cabinet_and_place_it_on_the_plate,demo_26,140,agentview,flat_stove_1,is_below_of,plate_1
pick_up_the_black_bowl_on_the_wooden_cabinet_and_place_it_on_the_plate,demo_26,140,agentview,akita_black_bowl_1,is_behind,akita_black_bowl_2
pick_up_the_black_bowl_on_the_wooden_cabinet_and_place_it_on_the_plate,demo_26,140,agentview,akita_black_bowl_2,is_in_front_of,akita_black_bowl_1
pick_up_the_black_bowl_on_the_wooden_cabinet_and_place_it_on_the_plate,demo_26,140,agentview,akita_black_bowl_1,is_behind,cookies_1
pick_up_the_black_bowl_on_the_wooden_cabinet_and_place_it_on_the_plate,demo_26,140,agentview,cookies_1,is_in_front_of,akita_black_bowl_1
pick_up_the_black_bowl_on_the_wooden_cabinet_and_place_it_on_the_plate,demo_26,140,agentview,akita_black_bowl_1,is_behind,glazed_rim_porcelain_ramekin_1
pick_up_the_black_bowl_on_the_wooden_cabinet_and_place_it_on_the_plate,demo_26,140,agentview,glazed_rim_porcelain_ramekin_1,is_in_front_of,akita_black_bowl_1
pick_up_the_black_bowl_on_the_wooden_cabinet_and_place_it_on_the_plate,demo_26,140,agentview,akita_black_bowl_1,is_behind,plate_1
pick_up_the_black_bowl_on_the_wooden_cabinet_and_place_it_on_the_plate,demo_26,140,agentview,plate_1,is_in_front_of,akita_black_bowl_1
pick_up_the_black_bowl_on_the_wooden_cabinet_and_place_it_on_the_plate,demo_26,140,agentview,akita_black_bowl_2,is_right_of,akita_black_bowl_1
pick_up_the_black_bowl_on_the_wooden_cabinet_and_place_it_on_the_plate,demo_26,140,agentview,akita_black_bowl_1,is_left_of,akita_black_bowl_2
pick_up_the_black_bowl_on_the_wooden_cabinet_and_place_it_on_the_plate,demo_26,140,agentview,akita_black_bowl_2,is_behind,cookies_1
pick_up_the_black_bowl_on_the_wooden_cabinet_and_place_it_on_the_plate,demo_26,140,agentview,cookies_1,is_in_front_of,akita_black_bowl_2
pick_up_the_black_bowl_on_the_wooden_cabinet_and_place_it_on_the_plate,demo_26,140,agentview,akita_black_bowl_2,is_behind,glazed_rim_porcelain_ramekin_1
pick_up_the_black_bowl_on_the_wooden_cabinet_and_place_it_on_the_plate,demo_26,140,agentview,glazed_rim_porcelain_ramekin_1,is_in_front_of,akita_black_bowl_2
pick_up_the_black_bowl_on_the_wooden_cabinet_and_place_it_on_the_plate,demo_26,140,agentview,akita_black_bowl_2,is_right_of,glazed_rim_porcelain_ramekin_1
pick_up_the_black_bowl_on_the_wooden_cabinet_and_place_it_on_the_plate,demo_26,140,agentview,glazed_rim_porcelain_ramekin_1,is_left_of,akita_black_bowl_2
pick_up_the_black_bowl_on_the_wooden_cabinet_and_place_it_on_the_plate,demo_26,140,agentview,cookies_1,is_left_of,glazed_rim_porcelain_ramekin_1
pick_up_the_black_bowl_on_the_wooden_cabinet_and_place_it_on_the_plate,demo_26,140,agentview,glazed_rim_porcelain_ramekin_1,is_right_of,cookies_1
pick_up_the_black_bowl_on_the_wooden_cabinet_and_place_it_on_the_plate,demo_26,140,agentview,cookies_1,is_left_of,plate_1
pick_up_the_black_bowl_on_the_wooden_cabinet_and_place_it_on_the_plate,demo_26,140,agentview,plate_1,is_right_of,cookies_1
pick_up_the_black_bowl_on_the_wooden_cabinet_and_place_it_on_the_plate,demo_26,140,agentview,glazed_rim_porcelain_ramekin_1,is_left_of,plate_1
pick_up_the_black_bowl_on_the_wooden_cabinet_and_place_it_on_the_plate,demo_26,140,agentview,plate_1,is_right_of,glazed_rim_porcelain_ramekin_1
pick_up_the_black_bowl_on_the_wooden_cabinet_and_place_it_on_the_plate,demo_27,0,agentview,akita_black_bowl_1,is_on_top_of,wooden_cabinet_1
pick_up_the_black_bowl_on_the_wooden_cabinet_and_place_it_on_the_plate,demo_27,0,agentview,wooden_cabinet_1,is_below_of,akita_black_bowl_1
pick_up_the_black_bowl_on_the_wooden_cabinet_and_place_it_on_the_plate,demo_27,0,agentview,akita_black_bowl_2,is_on_top_of,flat_stove_1
pick_up_the_black_bowl_on_the_wooden_cabinet_and_place_it_on_the_plate,demo_27,0,agentview,flat_stove_1,is_below_of,akita_black_bowl_2
pick_up_the_black_bowl_on_the_wooden_cabinet_and_place_it_on_the_plate,demo_27,0,agentview,cookies_1,is_on_top_of,flat_stove_1
pick_up_the_black_bowl_on_the_wooden_cabinet_and_place_it_on_the_plate,demo_27,0,agentview,flat_stove_1,is_below_of,cookies_1
pick_up_the_black_bowl_on_the_wooden_cabinet_and_place_it_on_the_plate,demo_27,0,agentview,glazed_rim_porcelain_ramekin_1,is_on_top_of,flat_stove_1
pick_up_the_black_bowl_on_the_wooden_cabinet_and_place_it_on_the_plate,demo_27,0,agentview,flat_stove_1,is_below_of,glazed_rim_porcelain_ramekin_1
pick_up_the_black_bowl_on_the_wooden_cabinet_and_place_it_on_the_plate,demo_27,0,agentview,plate_1,is_on_top_of,flat_stove_1
pick_up_the_black_bowl_on_the_wooden_cabinet_and_place_it_on_the_plate,demo_27,0,agentview,flat_stove_1,is_below_of,plate_1
pick_up_the_black_bowl_on_the_wooden_cabinet_and_place_it_on_the_plate,demo_27,0,agentview,akita_black_bowl_1,is_behind,akita_black_bowl_2
pick_up_the_black_bowl_on_the_wooden_cabinet_and_place_it_on_the_plate,demo_27,0,agentview,akita_black_bowl_2,is_in_front_of,akita_black_bowl_1
pick_up_the_black_bowl_on_the_wooden_cabinet_and_place_it_on_the_plate,demo_27,0,agentview,akita_black_bowl_1,is_behind,cookies_1
pick_up_the_black_bowl_on_the_wooden_cabinet_and_place_it_on_the_plate,demo_27,0,agentview,cookies_1,is_in_front_of,akita_black_bowl_1
pick_up_the_black_bowl_on_the_wooden_cabinet_and_place_it_on_the_plate,demo_27,0,agentview,akita_black_bowl_1,is_behind,glazed_rim_porcelain_ramekin_1
pick_up_the_black_bowl_on_the_wooden_cabinet_and_place_it_on_the_plate,demo_27,0,agentview,glazed_rim_porcelain_ramekin_1,is_in_front_of,akita_black_bowl_1
pick_up_the_black_bowl_on_the_wooden_cabinet_and_place_it_on_the_plate,demo_27,0,agentview,akita_black_bowl_1,is_behind,plate_1
pick_up_the_black_bowl_on_the_wooden_cabinet_and_place_it_on_the_plate,demo_27,0,agentview,plate_1,is_in_front_of,akita_black_bowl_1
pick_up_the_black_bowl_on_the_wooden_cabinet_and_place_it_on_the_plate,demo_27,0,agentview,akita_black_bowl_2,is_right_of,akita_black_bowl_1
pick_up_the_black_bowl_on_the_wooden_cabinet_and_place_it_on_the_plate,demo_27,0,agentview,akita_black_bowl_1,is_left_of,akita_black_bowl_2
pick_up_the_black_bowl_on_the_wooden_cabinet_and_place_it_on_the_plate,demo_27,0,agentview,akita_black_bowl_2,is_behind,cookies_1
pick_up_the_black_bowl_on_the_wooden_cabinet_and_place_it_on_the_plate,demo_27,0,agentview,cookies_1,is_in_front_of,akita_black_bowl_2
pick_up_the_black_bowl_on_the_wooden_cabinet_and_place_it_on_the_plate,demo_27,0,agentview,akita_black_bowl_2,is_behind,glazed_rim_porcelain_ramekin_1
pick_up_the_black_bowl_on_the_wooden_cabinet_and_place_it_on_the_plate,demo_27,0,agentview,glazed_rim_porcelain_ramekin_1,is_in_front_of,akita_black_bowl_2
pick_up_the_black_bowl_on_the_wooden_cabinet_and_place_it_on_the_plate,demo_27,0,agentview,akita_black_bowl_2,is_behind,plate_1
pick_up_the_black_bowl_on_the_wooden_cabinet_and_place_it_on_the_plate,demo_27,0,agentview,plate_1,is_in_front_of,akita_black_bowl_2
pick_up_the_black_bowl_on_the_wooden_cabinet_and_place_it_on_the_plate,demo_27,0,agentview,cookies_1,is_left_of,glazed_rim_porcelain_ramekin_1
pick_up_the_black_bowl_on_the_wooden_cabinet_and_place_it_on_the_plate,demo_27,0,agentview,glazed_rim_porcelain_ramekin_1,is_right_of,cookies_1
pick_up_the_black_bowl_on_the_wooden_cabinet_and_place_it_on_the_plate,demo_27,0,agentview,cookies_1,is_left_of,plate_1
pick_up_the_black_bowl_on_the_wooden_cabinet_and_place_it_on_the_plate,demo_27,0,agentview,plate_1,is_right_of,cookies_1
pick_up_the_black_bowl_on_the_wooden_cabinet_and_place_it_on_the_plate,demo_27,0,agentview,glazed_rim_porcelain_ramekin_1,is_left_of,plate_1
pick_up_the_black_bowl_on_the_wooden_cabinet_and_place_it_on_the_plate,demo_27,0,agentview,plate_1,is_right_of,glazed_rim_porcelain_ramekin_1
pick_up_the_black_bowl_on_the_wooden_cabinet_and_place_it_on_the_plate,demo_27,5,agentview,akita_black_bowl_1,is_on_top_of,wooden_cabinet_1
pick_up_the_black_bowl_on_the_wooden_cabinet_and_place_it_on_the_plate,demo_27,5,agentview,wooden_cabinet_1,is_below_of,akita_black_bowl_1
pick_up_the_black_bowl_on_the_wooden_cabinet_and_place_it_on_the_plate,demo_27,5,agentview,akita_black_bowl_1,is_behind,akita_black_bowl_2
pick_up_the_black_bowl_on_the_wooden_cabinet_and_place_it_on_the_plate,demo_27,5,agentview,akita_black_bowl_2,is_in_front_of,akita_black_bowl_1
pick_up_the_black_bowl_on_the_wooden_cabinet_and_place_it_on_the_plate,demo_27,5,agentview,akita_black_bowl_1,is_behind,cookies_1
pick_up_the_black_bowl_on_the_wooden_cabinet_and_place_it_on_the_plate,demo_27,5,agentview,cookies_1,is_in_front_of,akita_black_bowl_1
pick_up_the_black_bowl_on_the_wooden_cabinet_and_place_it_on_the_plate,demo_27,5,agentview,akita_black_bowl_1,is_behind,glazed_rim_porcelain_ramekin_1
pick_up_the_black_bowl_on_the_wooden_cabinet_and_place_it_on_the_plate,demo_27,5,agentview,glazed_rim_porcelain_ramekin_1,is_in_front_of,akita_black_bowl_1
pick_up_the_black_bowl_on_the_wooden_cabinet_and_place_it_on_the_plate,demo_27,5,agentview,akita_black_bowl_1,is_behind,plate_1
pick_up_the_black_bowl_on_the_wooden_cabinet_and_place_it_on_the_plate,demo_27,5,agentview,plate_1,is_in_front_of,akita_black_bowl_1
pick_up_the_black_bowl_on_the_wooden_cabinet_and_place_it_on_the_plate,demo_27,5,agentview,akita_black_bowl_1,is_behind,flat_stove_1
pick_up_the_black_bowl_on_the_wooden_cabinet_and_place_it_on_the_plate,demo_27,5,agentview,flat_stove_1,is_in_front_of,akita_black_bowl_1
pick_up_the_black_bowl_on_the_wooden_cabinet_and_place_it_on_the_plate,demo_27,5,agentview,akita_black_bowl_2,is_left_of,cookies_1
pick_up_the_black_bowl_on_the_wooden_cabinet_and_place_it_on_the_plate,demo_27,5,agentview,cookies_1,is_right_of,akita_black_bowl_2
pick_up_the_black_bowl_on_the_wooden_cabinet_and_place_it_on_the_plate,demo_27,5,agentview,akita_black_bowl_2,is_left_of,glazed_rim_porcelain_ramekin_1
pick_up_the_black_bowl_on_the_wooden_cabinet_and_place_it_on_the_plate,demo_27,5,agentview,glazed_rim_porcelain_ramekin_1,is_right_of,akita_black_bowl_2
pick_up_the_black_bowl_on_the_wooden_cabinet_and_place_it_on_the_plate,demo_27,5,agentview,akita_black_bowl_2,is_left_of,plate_1
pick_up_the_black_bowl_on_the_wooden_cabinet_and_place_it_on_the_plate,demo_27,5,agentview,plate_1,is_right_of,akita_black_bowl_2
pick_up_the_black_bowl_on_the_wooden_cabinet_and_place_it_on_the_plate,demo_27,5,agentview,akita_black_bowl_2,is_on_top_of,flat_stove_1
pick_up_the_black_bowl_on_the_wooden_cabinet_and_place_it_on_the_plate,demo_27,5,agentview,flat_stove_1,is_below_of,akita_black_bowl_2
pick_up_the_black_bowl_on_the_wooden_cabinet_and_place_it_on_the_plate,demo_27,5,agentview,cookies_1,is_left_of,glazed_rim_porcelain_ramekin_1
pick_up_the_black_bowl_on_the_wooden_cabinet_and_place_it_on_the_plate,demo_27,5,agentview,glazed_rim_porcelain_ramekin_1,is_right_of,cookies_1
pick_up_the_black_bowl_on_the_wooden_cabinet_and_place_it_on_the_plate,demo_27,5,agentview,cookies_1,is_left_of,plate_1
pick_up_the_black_bowl_on_the_wooden_cabinet_and_place_it_on_the_plate,demo_27,5,agentview,plate_1,is_right_of,cookies_1
pick_up_the_black_bowl_on_the_wooden_cabinet_and_place_it_on_the_plate,demo_27,5,agentview,cookies_1,is_on_top_of,flat_stove_1
pick_up_the_black_bowl_on_the_wooden_cabinet_and_place_it_on_the_plate,demo_27,5,agentview,flat_stove_1,is_below_of,cookies_1
pick_up_the_black_bowl_on_the_wooden_cabinet_and_place_it_on_the_plate,demo_27,5,agentview,glazed_rim_porcelain_ramekin_1,is_left_of,plate_1
pick_up_the_black_bowl_on_the_wooden_cabinet_and_place_it_on_the_plate,demo_27,5,agentview,plate_1,is_right_of,glazed_rim_porcelain_ramekin_1
pick_up_the_black_bowl_on_the_wooden_cabinet_and_place_it_on_the_plate,demo_27,5,agentview,glazed_rim_porcelain_ramekin_1,is_on_top_of,flat_stove_1
pick_up_the_black_bowl_on_the_wooden_cabinet_and_place_it_on_the_plate,demo_27,5,agentview,flat_stove_1,is_below_of,glazed_rim_porcelain_ramekin_1
pick_up_the_black_bowl_on_the_wooden_cabinet_and_place_it_on_the_plate,demo_27,5,agentview,plate_1,is_on_top_of,flat_stove_1
pick_up_the_black_bowl_on_the_wooden_cabinet_and_place_it_on_the_plate,demo_27,5,agentview,flat_stove_1,is_below_of,plate_1
pick_up_the_black_bowl_on_the_wooden_cabinet_and_place_it_on_the_plate,demo_27,10,agentview,akita_black_bowl_1,is_on_top_of,wooden_cabinet_1
pick_up_the_black_bowl_on_the_wooden_cabinet_and_place_it_on_the_plate,demo_27,10,agentview,wooden_cabinet_1,is_below_of,akita_black_bowl_1
pick_up_the_black_bowl_on_the_wooden_cabinet_and_place_it_on_the_plate,demo_27,10,agentview,akita_black_bowl_1,is_behind,akita_black_bowl_2
pick_up_the_black_bowl_on_the_wooden_cabinet_and_place_it_on_the_plate,demo_27,10,agentview,akita_black_bowl_2,is_in_front_of,akita_black_bowl_1
pick_up_the_black_bowl_on_the_wooden_cabinet_and_place_it_on_the_plate,demo_27,10,agentview,akita_black_bowl_1,is_behind,cookies_1
pick_up_the_black_bowl_on_the_wooden_cabinet_and_place_it_on_the_plate,demo_27,10,agentview,cookies_1,is_in_front_of,akita_black_bowl_1
pick_up_the_black_bowl_on_the_wooden_cabinet_and_place_it_on_the_plate,demo_27,10,agentview,akita_black_bowl_1,is_behind,glazed_rim_porcelain_ramekin_1
pick_up_the_black_bowl_on_the_wooden_cabinet_and_place_it_on_the_plate,demo_27,10,agentview,glazed_rim_porcelain_ramekin_1,is_in_front_of,akita_black_bowl_1
pick_up_the_black_bowl_on_the_wooden_cabinet_and_place_it_on_the_plate,demo_27,10,agentview,akita_black_bowl_1,is_behind,plate_1
pick_up_the_black_bowl_on_the_wooden_cabinet_and_place_it_on_the_plate,demo_27,10,agentview,plate_1,is_in_front_of,akita_black_bowl_1
pick_up_the_black_bowl_on_the_wooden_cabinet_and_place_it_on_the_plate,demo_27,10,agentview,akita_black_bowl_1,is_behind,flat_stove_1
pick_up_the_black_bowl_on_the_wooden_cabinet_and_place_it_on_the_plate,demo_27,10,agentview,flat_stove_1,is_in_front_of,akita_black_bowl_1
pick_up_the_black_bowl_on_the_wooden_cabinet_and_place_it_on_the_plate,demo_27,10,agentview,akita_black_bowl_2,is_left_of,cookies_1
pick_up_the_black_bowl_on_the_wooden_cabinet_and_place_it_on_the_plate,demo_27,10,agentview,cookies_1,is_right_of,akita_black_bowl_2
pick_up_the_black_bowl_on_the_wooden_cabinet_and_place_it_on_the_plate,demo_27,10,agentview,akita_black_bowl_2,is_left_of,glazed_rim_porcelain_ramekin_1
pick_up_the_black_bowl_on_the_wooden_cabinet_and_place_it_on_the_plate,demo_27,10,agentview,glazed_rim_porcelain_ramekin_1,is_right_of,akita_black_bowl_2
pick_up_the_black_bowl_on_the_wooden_cabinet_and_place_it_on_the_plate,demo_27,10,agentview,akita_black_bowl_2,is_left_of,plate_1
pick_up_the_black_bowl_on_the_wooden_cabinet_and_place_it_on_the_plate,demo_27,10,agentview,plate_1,is_right_of,akita_black_bowl_2
pick_up_the_black_bowl_on_the_wooden_cabinet_and_place_it_on_the_plate,demo_27,10,agentview,akita_black_bowl_2,is_in_front_of,wooden_cabinet_1
pick_up_the_black_bowl_on_the_wooden_cabinet_and_place_it_on_the_plate,demo_27,10,agentview,wooden_cabinet_1,is_behind,akita_black_bowl_2
pick_up_the_black_bowl_on_the_wooden_cabinet_and_place_it_on_the_plate,demo_27,10,agentview,akita_black_bowl_2,is_behind,flat_stove_1
pick_up_the_black_bowl_on_the_wooden_cabinet_and_place_it_on_the_plate,demo_27,10,agentview,flat_stove_1,is_in_front_of,akita_black_bowl_2
pick_up_the_black_bowl_on_the_wooden_cabinet_and_place_it_on_the_plate,demo_27,10,agentview,cookies_1,is_left_of,glazed_rim_porcelain_ramekin_1
pick_up_the_black_bowl_on_the_wooden_cabinet_and_place_it_on_the_plate,demo_27,10,agentview,glazed_rim_porcelain_ramekin_1,is_right_of,cookies_1
pick_up_the_black_bowl_on_the_wooden_cabinet_and_place_it_on_the_plate,demo_27,10,agentview,cookies_1,is_left_of,plate_1
pick_up_the_black_bowl_on_the_wooden_cabinet_and_place_it_on_the_plate,demo_27,10,agentview,plate_1,is_right_of,cookies_1
pick_up_the_black_bowl_on_the_wooden_cabinet_and_place_it_on_the_plate,demo_27,10,agentview,cookies_1,is_in_front_of,wooden_cabinet_1
pick_up_the_black_bowl_on_the_wooden_cabinet_and_place_it_on_the_plate,demo_27,10,agentview,wooden_cabinet_1,is_behind,cookies_1
pick_up_the_black_bowl_on_the_wooden_cabinet_and_place_it_on_the_plate,demo_27,10,agentview,cookies_1,is_behind,flat_stove_1
pick_up_the_black_bowl_on_the_wooden_cabinet_and_place_it_on_the_plate,demo_27,10,agentview,flat_stove_1,is_in_front_of,cookies_1
pick_up_the_black_bowl_on_the_wooden_cabinet_and_place_it_on_the_plate,demo_27,10,agentview,glazed_rim_porcelain_ramekin_1,is_left_of,plate_1
pick_up_the_black_bowl_on_the_wooden_cabinet_and_place_it_on_the_plate,demo_27,10,agentview,plate_1,is_right_of,glazed_rim_porcelain_ramekin_1
pick_up_the_black_bowl_on_the_wooden_cabinet_and_place_it_on_the_plate,demo_27,10,agentview,glazed_rim_porcelain_ramekin_1,is_in_front_of,wooden_cabinet_1
pick_up_the_black_bowl_on_the_wooden_cabinet_and_place_it_on_the_plate,demo_27,10,agentview,wooden_cabinet_1,is_behind,glazed_rim_porcelain_ramekin_1
pick_up_the_black_bowl_on_the_wooden_cabinet_and_place_it_on_the_plate,demo_27,10,agentview,glazed_rim_porcelain_ramekin_1,is_behind,flat_stove_1
pick_up_the_black_bowl_on_the_wooden_cabinet_and_place_it_on_the_plate,demo_27,10,agentview,flat_stove_1,is_in_front_of,glazed_rim_porcelain_ramekin_1
pick_up_the_black_bowl_on_the_wooden_cabinet_and_place_it_on_the_plate,demo_27,10,agentview,plate_1,is_in_front_of,wooden_cabinet_1
pick_up_the_black_bowl_on_the_wooden_cabinet_and_place_it_on_the_plate,demo_27,10,agentview,wooden_cabinet_1,is_behind,plate_1
pick_up_the_black_bowl_on_the_wooden_cabinet_and_place_it_on_the_plate,demo_27,10,agentview,plate_1,is_behind,flat_stove_1
pick_up_the_black_bowl_on_the_wooden_cabinet_and_place_it_on_the_plate,demo_27,10,agentview,flat_stove_1,is_in_front_of,plate_1
pick_up_the_black_bowl_on_the_wooden_cabinet_and_place_it_on_the_plate,demo_27,15,agentview,akita_black_bowl_1,is_on_top_of,wooden_cabinet_1
pick_up_the_black_bowl_on_the_wooden_cabinet_and_place_it_on_the_plate,demo_27,15,agentview,wooden_cabinet_1,is_below_of,akita_black_bowl_1
pick_up_the_black_bowl_on_the_wooden_cabinet_and_place_it_on_the_plate,demo_27,15,agentview,akita_black_bowl_1,is_behind,akita_black_bowl_2
pick_up_the_black_bowl_on_the_wooden_cabinet_and_place_it_on_the_plate,demo_27,15,agentview,akita_black_bowl_2,is_in_front_of,akita_black_bowl_1
pick_up_the_black_bowl_on_the_wooden_cabinet_and_place_it_on_the_plate,demo_27,15,agentview,akita_black_bowl_1,is_behind,cookies_1
pick_up_the_black_bowl_on_the_wooden_cabinet_and_place_it_on_the_plate,demo_27,15,agentview,cookies_1,is_in_front_of,akita_black_bowl_1
pick_up_the_black_bowl_on_the_wooden_cabinet_and_place_it_on_the_plate,demo_27,15,agentview,akita_black_bowl_1,is_behind,glazed_rim_porcelain_ramekin_1
pick_up_the_black_bowl_on_the_wooden_cabinet_and_place_it_on_the_plate,demo_27,15,agentview,glazed_rim_porcelain_ramekin_1,is_in_front_of,akita_black_bowl_1
pick_up_the_black_bowl_on_the_wooden_cabinet_and_place_it_on_the_plate,demo_27,15,agentview,akita_black_bowl_1,is_behind,plate_1
pick_up_the_black_bowl_on_the_wooden_cabinet_and_place_it_on_the_plate,demo_27,15,agentview,plate_1,is_in_front_of,akita_black_bowl_1
pick_up_the_black_bowl_on_the_wooden_cabinet_and_place_it_on_the_plate,demo_27,15,agentview,akita_black_bowl_1,is_behind,flat_stove_1
pick_up_the_black_bowl_on_the_wooden_cabinet_and_place_it_on_the_plate,demo_27,15,agentview,flat_stove_1,is_in_front_of,akita_black_bowl_1
pick_up_the_black_bowl_on_the_wooden_cabinet_and_place_it_on_the_plate,demo_27,15,agentview,akita_black_bowl_2,is_left_of,cookies_1
pick_up_the_black_bowl_on_the_wooden_cabinet_and_place_it_on_the_plate,demo_27,15,agentview,cookies_1,is_right_of,akita_black_bowl_2
pick_up_the_black_bowl_on_the_wooden_cabinet_and_place_it_on_the_plate,demo_27,15,agentview,akita_black_bowl_2,is_left_of,glazed_rim_porcelain_ramekin_1
pick_up_the_black_bowl_on_the_wooden_cabinet_and_place_it_on_the_plate,demo_27,15,agentview,glazed_rim_porcelain_ramekin_1,is_right_of,akita_black_bowl_2
pick_up_the_black_bowl_on_the_wooden_cabinet_and_place_it_on_the_plate,demo_27,15,agentview,akita_black_bowl_2,is_left_of,plate_1
pick_up_the_black_bowl_on_the_wooden_cabinet_and_place_it_on_the_plate,demo_27,15,agentview,plate_1,is_right_of,akita_black_bowl_2
pick_up_the_black_bowl_on_the_wooden_cabinet_and_place_it_on_the_plate,demo_27,15,agentview,akita_black_bowl_2,is_in_front_of,flat_stove_1
pick_up_the_black_bowl_on_the_wooden_cabinet_and_place_it_on_the_plate,demo_27,15,agentview,flat_stove_1,is_behind,akita_black_bowl_2
pick_up_the_black_bowl_on_the_wooden_cabinet_and_place_it_on_the_plate,demo_27,15,agentview,cookies_1,is_left_of,glazed_rim_porcelain_ramekin_1
pick_up_the_black_bowl_on_the_wooden_cabinet_and_place_it_on_the_plate,demo_27,15,agentview,glazed_rim_porcelain_ramekin_1,is_right_of,cookies_1
pick_up_the_black_bowl_on_the_wooden_cabinet_and_place_it_on_the_plate,demo_27,15,agentview,cookies_1,is_left_of,plate_1
pick_up_the_black_bowl_on_the_wooden_cabinet_and_place_it_on_the_plate,demo_27,15,agentview,plate_1,is_right_of,cookies_1
pick_up_the_black_bowl_on_the_wooden_cabinet_and_place_it_on_the_plate,demo_27,15,agentview,cookies_1,is_in_front_of,flat_stove_1
pick_up_the_black_bowl_on_the_wooden_cabinet_and_place_it_on_the_plate,demo_27,15,agentview,flat_stove_1,is_behind,cookies_1
pick_up_the_black_bowl_on_the_wooden_cabinet_and_place_it_on_the_plate,demo_27,15,agentview,glazed_rim_porcelain_ramekin_1,is_left_of,plate_1
pick_up_the_black_bowl_on_the_wooden_cabinet_and_place_it_on_the_plate,demo_27,15,agentview,plate_1,is_right_of,glazed_rim_porcelain_ramekin_1
pick_up_the_black_bowl_on_the_wooden_cabinet_and_place_it_on_the_plate,demo_27,15,agentview,glazed_rim_porcelain_ramekin_1,is_in_front_of,flat_stove_1
pick_up_the_black_bowl_on_the_wooden_cabinet_and_place_it_on_the_plate,demo_27,15,agentview,flat_stove_1,is_behind,glazed_rim_porcelain_ramekin_1
pick_up_the_black_bowl_on_the_wooden_cabinet_and_place_it_on_the_plate,demo_27,15,agentview,plate_1,is_on_top_of,flat_stove_1
pick_up_the_black_bowl_on_the_wooden_cabinet_and_place_it_on_the_plate,demo_27,15,agentview,flat_stove_1,is_below_of,plate_1
pick_up_the_black_bowl_on_the_wooden_cabinet_and_place_it_on_the_plate,demo_27,20,agentview,akita_black_bowl_1,is_on_top_of,wooden_cabinet_1
pick_up_the_black_bowl_on_the_wooden_cabinet_and_place_it_on_the_plate,demo_27,20,agentview,wooden_cabinet_1,is_below_of,akita_black_bowl_1
pick_up_the_black_bowl_on_the_wooden_cabinet_and_place_it_on_the_plate,demo_27,20,agentview,akita_black_bowl_1,is_behind,akita_black_bowl_2
pick_up_the_black_bowl_on_the_wooden_cabinet_and_place_it_on_the_plate,demo_27,20,agentview,akita_black_bowl_2,is_in_front_of,akita_black_bowl_1
pick_up_the_black_bowl_on_the_wooden_cabinet_and_place_it_on_the_plate,demo_27,20,agentview,akita_black_bowl_1,is_behind,cookies_1
pick_up_the_black_bowl_on_the_wooden_cabinet_and_place_it_on_the_plate,demo_27,20,agentview,cookies_1,is_in_front_of,akita_black_bowl_1
pick_up_the_black_bowl_on_the_wooden_cabinet_and_place_it_on_the_plate,demo_27,20,agentview,akita_black_bowl_1,is_behind,glazed_rim_porcelain_ramekin_1
pick_up_the_black_bowl_on_the_wooden_cabinet_and_place_it_on_the_plate,demo_27,20,agentview,glazed_rim_porcelain_ramekin_1,is_in_front_of,akita_black_bowl_1
pick_up_the_black_bowl_on_the_wooden_cabinet_and_place_it_on_the_plate,demo_27,20,agentview,akita_black_bowl_1,is_behind,plate_1
pick_up_the_black_bowl_on_the_wooden_cabinet_and_place_it_on_the_plate,demo_27,20,agentview,plate_1,is_in_front_of,akita_black_bowl_1
pick_up_the_black_bowl_on_the_wooden_cabinet_and_place_it_on_the_plate,demo_27,20,agentview,akita_black_bowl_1,is_behind,flat_stove_1
pick_up_the_black_bowl_on_the_wooden_cabinet_and_place_it_on_the_plate,demo_27,20,agentview,flat_stove_1,is_in_front_of,akita_black_bowl_1
pick_up_the_black_bowl_on_the_wooden_cabinet_and_place_it_on_the_plate,demo_27,20,agentview,akita_black_bowl_2,is_left_of,cookies_1
pick_up_the_black_bowl_on_the_wooden_cabinet_and_place_it_on_the_plate,demo_27,20,agentview,cookies_1,is_right_of,akita_black_bowl_2
pick_up_the_black_bowl_on_the_wooden_cabinet_and_place_it_on_the_plate,demo_27,20,agentview,akita_black_bowl_2,is_left_of,glazed_rim_porcelain_ramekin_1
pick_up_the_black_bowl_on_the_wooden_cabinet_and_place_it_on_the_plate,demo_27,20,agentview,glazed_rim_porcelain_ramekin_1,is_right_of,akita_black_bowl_2
pick_up_the_black_bowl_on_the_wooden_cabinet_and_place_it_on_the_plate,demo_27,20,agentview,akita_black_bowl_2,is_left_of,plate_1
pick_up_the_black_bowl_on_the_wooden_cabinet_and_place_it_on_the_plate,demo_27,20,agentview,plate_1,is_right_of,akita_black_bowl_2
pick_up_the_black_bowl_on_the_wooden_cabinet_and_place_it_on_the_plate,demo_27,20,agentview,akita_black_bowl_2,is_on_top_of,flat_stove_1
pick_up_the_black_bowl_on_the_wooden_cabinet_and_place_it_on_the_plate,demo_27,20,agentview,flat_stove_1,is_below_of,akita_black_bowl_2
pick_up_the_black_bowl_on_the_wooden_cabinet_and_place_it_on_the_plate,demo_27,20,agentview,cookies_1,is_left_of,glazed_rim_porcelain_ramekin_1
pick_up_the_black_bowl_on_the_wooden_cabinet_and_place_it_on_the_plate,demo_27,20,agentview,glazed_rim_porcelain_ramekin_1,is_right_of,cookies_1
pick_up_the_black_bowl_on_the_wooden_cabinet_and_place_it_on_the_plate,demo_27,20,agentview,cookies_1,is_left_of,plate_1
pick_up_the_black_bowl_on_the_wooden_cabinet_and_place_it_on_the_plate,demo_27,20,agentview,plate_1,is_right_of,cookies_1
pick_up_the_black_bowl_on_the_wooden_cabinet_and_place_it_on_the_plate,demo_27,20,agentview,cookies_1,is_on_top_of,flat_stove_1
pick_up_the_black_bowl_on_the_wooden_cabinet_and_place_it_on_the_plate,demo_27,20,agentview,flat_stove_1,is_below_of,cookies_1
pick_up_the_black_bowl_on_the_wooden_cabinet_and_place_it_on_the_plate,demo_27,20,agentview,glazed_rim_porcelain_ramekin_1,is_left_of,plate_1
pick_up_the_black_bowl_on_the_wooden_cabinet_and_place_it_on_the_plate,demo_27,20,agentview,plate_1,is_right_of,glazed_rim_porcelain_ramekin_1
pick_up_the_black_bowl_on_the_wooden_cabinet_and_place_it_on_the_plate,demo_27,20,agentview,glazed_rim_porcelain_ramekin_1,is_on_top_of,flat_stove_1
pick_up_the_black_bowl_on_the_wooden_cabinet_and_place_it_on_the_plate,demo_27,20,agentview,flat_stove_1,is_below_of,glazed_rim_porcelain_ramekin_1
pick_up_the_black_bowl_on_the_wooden_cabinet_and_place_it_on_the_plate,demo_27,20,agentview,plate_1,is_on_top_of,flat_stove_1
pick_up_the_black_bowl_on_the_wooden_cabinet_and_place_it_on_the_plate,demo_27,20,agentview,flat_stove_1,is_below_of,plate_1
pick_up_the_black_bowl_on_the_wooden_cabinet_and_place_it_on_the_plate,demo_27,30,agentview,akita_black_bowl_1,is_on_top_of,wooden_cabinet_1
pick_up_the_black_bowl_on_the_wooden_cabinet_and_place_it_on_the_plate,demo_27,30,agentview,wooden_cabinet_1,is_below_of,akita_black_bowl_1
pick_up_the_black_bowl_on_the_wooden_cabinet_and_place_it_on_the_plate,demo_27,30,agentview,akita_black_bowl_1,is_behind,akita_black_bowl_2
pick_up_the_black_bowl_on_the_wooden_cabinet_and_place_it_on_the_plate,demo_27,30,agentview,akita_black_bowl_2,is_in_front_of,akita_black_bowl_1
pick_up_the_black_bowl_on_the_wooden_cabinet_and_place_it_on_the_plate,demo_27,30,agentview,akita_black_bowl_1,is_behind,cookies_1
pick_up_the_black_bowl_on_the_wooden_cabinet_and_place_it_on_the_plate,demo_27,30,agentview,cookies_1,is_in_front_of,akita_black_bowl_1
pick_up_the_black_bowl_on_the_wooden_cabinet_and_place_it_on_the_plate,demo_27,30,agentview,akita_black_bowl_1,is_behind,glazed_rim_porcelain_ramekin_1
pick_up_the_black_bowl_on_the_wooden_cabinet_and_place_it_on_the_plate,demo_27,30,agentview,glazed_rim_porcelain_ramekin_1,is_in_front_of,akita_black_bowl_1
pick_up_the_black_bowl_on_the_wooden_cabinet_and_place_it_on_the_plate,demo_27,30,agentview,akita_black_bowl_1,is_behind,plate_1
pick_up_the_black_bowl_on_the_wooden_cabinet_and_place_it_on_the_plate,demo_27,30,agentview,plate_1,is_in_front_of,akita_black_bowl_1
pick_up_the_black_bowl_on_the_wooden_cabinet_and_place_it_on_the_plate,demo_27,30,agentview,akita_black_bowl_1,is_behind,flat_stove_1
pick_up_the_black_bowl_on_the_wooden_cabinet_and_place_it_on_the_plate,demo_27,30,agentview,flat_stove_1,is_in_front_of,akita_black_bowl_1
pick_up_the_black_bowl_on_the_wooden_cabinet_and_place_it_on_the_plate,demo_27,30,agentview,akita_black_bowl_2,is_on_top_of,flat_stove_1
pick_up_the_black_bowl_on_the_wooden_cabinet_and_place_it_on_the_plate,demo_27,30,agentview,flat_stove_1,is_below_of,akita_black_bowl_2
pick_up_the_black_bowl_on_the_wooden_cabinet_and_place_it_on_the_plate,demo_27,30,agentview,akita_black_bowl_2,is_right_of,cookies_1
pick_up_the_black_bowl_on_the_wooden_cabinet_and_place_it_on_the_plate,demo_27,30,agentview,cookies_1,is_left_of,akita_black_bowl_2
pick_up_the_black_bowl_on_the_wooden_cabinet_and_place_it_on_the_plate,demo_27,30,agentview,akita_black_bowl_2,is_right_of,glazed_rim_porcelain_ramekin_1
pick_up_the_black_bowl_on_the_wooden_cabinet_and_place_it_on_the_plate,demo_27,30,agentview,glazed_rim_porcelain_ramekin_1,is_left_of,akita_black_bowl_2
pick_up_the_black_bowl_on_the_wooden_cabinet_and_place_it_on_the_plate,demo_27,30,agentview,akita_black_bowl_2,is_right_of,plate_1
pick_up_the_black_bowl_on_the_wooden_cabinet_and_place_it_on_the_plate,demo_27,30,agentview,plate_1,is_left_of,akita_black_bowl_2
pick_up_the_black_bowl_on_the_wooden_cabinet_and_place_it_on_the_plate,demo_27,30,agentview,akita_black_bowl_2,is_behind,wooden_cabinet_1
pick_up_the_black_bowl_on_the_wooden_cabinet_and_place_it_on_the_plate,demo_27,30,agentview,wooden_cabinet_1,is_in_front_of,akita_black_bowl_2
pick_up_the_black_bowl_on_the_wooden_cabinet_and_place_it_on_the_plate,demo_27,30,agentview,cookies_1,is_on_top_of,flat_stove_1
pick_up_the_black_bowl_on_the_wooden_cabinet_and_place_it_on_the_plate,demo_27,30,agentview,flat_stove_1,is_below_of,cookies_1
pick_up_the_black_bowl_on_the_wooden_cabinet_and_place_it_on_the_plate,demo_27,30,agentview,cookies_1,is_left_of,glazed_rim_porcelain_ramekin_1
pick_up_the_black_bowl_on_the_wooden_cabinet_and_place_it_on_the_plate,demo_27,30,agentview,glazed_rim_porcelain_ramekin_1,is_right_of,cookies_1
pick_up_the_black_bowl_on_the_wooden_cabinet_and_place_it_on_the_plate,demo_27,30,agentview,cookies_1,is_left_of,plate_1
pick_up_the_black_bowl_on_the_wooden_cabinet_and_place_it_on_the_plate,demo_27,30,agentview,plate_1,is_right_of,cookies_1
pick_up_the_black_bowl_on_the_wooden_cabinet_and_place_it_on_the_plate,demo_27,30,agentview,cookies_1,is_behind,wooden_cabinet_1
pick_up_the_black_bowl_on_the_wooden_cabinet_and_place_it_on_the_plate,demo_27,30,agentview,wooden_cabinet_1,is_in_front_of,cookies_1
pick_up_the_black_bowl_on_the_wooden_cabinet_and_place_it_on_the_plate,demo_27,30,agentview,glazed_rim_porcelain_ramekin_1,is_on_top_of,flat_stove_1
pick_up_the_black_bowl_on_the_wooden_cabinet_and_place_it_on_the_plate,demo_27,30,agentview,flat_stove_1,is_below_of,glazed_rim_porcelain_ramekin_1
pick_up_the_black_bowl_on_the_wooden_cabinet_and_place_it_on_the_plate,demo_27,30,agentview,glazed_rim_porcelain_ramekin_1,is_left_of,plate_1
pick_up_the_black_bowl_on_the_wooden_cabinet_and_place_it_on_the_plate,demo_27,30,agentview,plate_1,is_right_of,glazed_rim_porcelain_ramekin_1
pick_up_the_black_bowl_on_the_wooden_cabinet_and_place_it_on_the_plate,demo_27,30,agentview,glazed_rim_porcelain_ramekin_1,is_behind,wooden_cabinet_1
pick_up_the_black_bowl_on_the_wooden_cabinet_and_place_it_on_the_plate,demo_27,30,agentview,wooden_cabinet_1,is_in_front_of,glazed_rim_porcelain_ramekin_1
pick_up_the_black_bowl_on_the_wooden_cabinet_and_place_it_on_the_plate,demo_27,30,agentview,plate_1,is_on_top_of,flat_stove_1
pick_up_the_black_bowl_on_the_wooden_cabinet_and_place_it_on_the_plate,demo_27,30,agentview,flat_stove_1,is_below_of,plate_1
pick_up_the_black_bowl_on_the_wooden_cabinet_and_place_it_on_the_plate,demo_27,30,agentview,plate_1,is_behind,wooden_cabinet_1
pick_up_the_black_bowl_on_the_wooden_cabinet_and_place_it_on_the_plate,demo_27,30,agentview,wooden_cabinet_1,is_in_front_of,plate_1
pick_up_the_black_bowl_on_the_wooden_cabinet_and_place_it_on_the_plate,demo_27,30,agentview,wooden_cabinet_1,is_behind,flat_stove_1
pick_up_the_black_bowl_on_the_wooden_cabinet_and_place_it_on_the_plate,demo_27,30,agentview,flat_stove_1,is_in_front_of,wooden_cabinet_1
pick_up_the_black_bowl_on_the_wooden_cabinet_and_place_it_on_the_plate,demo_27,35,agentview,akita_black_bowl_1,is_on_top_of,wooden_cabinet_1
pick_up_the_black_bowl_on_the_wooden_cabinet_and_place_it_on_the_plate,demo_27,35,agentview,wooden_cabinet_1,is_below_of,akita_black_bowl_1
pick_up_the_black_bowl_on_the_wooden_cabinet_and_place_it_on_the_plate,demo_27,35,agentview,akita_black_bowl_1,is_behind,akita_black_bowl_2
pick_up_the_black_bowl_on_the_wooden_cabinet_and_place_it_on_the_plate,demo_27,35,agentview,akita_black_bowl_2,is_in_front_of,akita_black_bowl_1
pick_up_the_black_bowl_on_the_wooden_cabinet_and_place_it_on_the_plate,demo_27,35,agentview,akita_black_bowl_1,is_behind,cookies_1
pick_up_the_black_bowl_on_the_wooden_cabinet_and_place_it_on_the_plate,demo_27,35,agentview,cookies_1,is_in_front_of,akita_black_bowl_1
pick_up_the_black_bowl_on_the_wooden_cabinet_and_place_it_on_the_plate,demo_27,35,agentview,akita_black_bowl_1,is_behind,glazed_rim_porcelain_ramekin_1
pick_up_the_black_bowl_on_the_wooden_cabinet_and_place_it_on_the_plate,demo_27,35,agentview,glazed_rim_porcelain_ramekin_1,is_in_front_of,akita_black_bowl_1
pick_up_the_black_bowl_on_the_wooden_cabinet_and_place_it_on_the_plate,demo_27,35,agentview,akita_black_bowl_1,is_behind,plate_1
pick_up_the_black_bowl_on_the_wooden_cabinet_and_place_it_on_the_plate,demo_27,35,agentview,plate_1,is_in_front_of,akita_black_bowl_1
pick_up_the_black_bowl_on_the_wooden_cabinet_and_place_it_on_the_plate,demo_27,35,agentview,akita_black_bowl_1,is_behind,flat_stove_1
pick_up_the_black_bowl_on_the_wooden_cabinet_and_place_it_on_the_plate,demo_27,35,agentview,flat_stove_1,is_in_front_of,akita_black_bowl_1
pick_up_the_black_bowl_on_the_wooden_cabinet_and_place_it_on_the_plate,demo_27,35,agentview,akita_black_bowl_2,is_on_top_of,plate_1
pick_up_the_black_bowl_on_the_wooden_cabinet_and_place_it_on_the_plate,demo_27,35,agentview,plate_1,is_below_of,akita_black_bowl_2
pick_up_the_black_bowl_on_the_wooden_cabinet_and_place_it_on_the_plate,demo_27,35,agentview,akita_black_bowl_2,is_behind,cookies_1
pick_up_the_black_bowl_on_the_wooden_cabinet_and_place_it_on_the_plate,demo_27,35,agentview,cookies_1,is_in_front_of,akita_black_bowl_2
pick_up_the_black_bowl_on_the_wooden_cabinet_and_place_it_on_the_plate,demo_27,35,agentview,akita_black_bowl_2,is_right_of,glazed_rim_porcelain_ramekin_1
pick_up_the_black_bowl_on_the_wooden_cabinet_and_place_it_on_the_plate,demo_27,35,agentview,glazed_rim_porcelain_ramekin_1,is_left_of,akita_black_bowl_2
pick_up_the_black_bowl_on_the_wooden_cabinet_and_place_it_on_the_plate,demo_27,35,agentview,akita_black_bowl_2,is_behind,flat_stove_1
pick_up_the_black_bowl_on_the_wooden_cabinet_and_place_it_on_the_plate,demo_27,35,agentview,flat_stove_1,is_in_front_of,akita_black_bowl_2
pick_up_the_black_bowl_on_the_wooden_cabinet_and_place_it_on_the_plate,demo_27,35,agentview,cookies_1,is_on_top_of,plate_1
pick_up_the_black_bowl_on_the_wooden_cabinet_and_place_it_on_the_plate,demo_27,35,agentview,plate_1,is_below_of,cookies_1
pick_up_the_black_bowl_on_the_wooden_cabinet_and_place_it_on_the_plate,demo_27,35,agentview,cookies_1,is_right_of,glazed_rim_porcelain_ramekin_1
pick_up_the_black_bowl_on_the_wooden_cabinet_and_place_it_on_the_plate,demo_27,35,agentview,glazed_rim_porcelain_ramekin_1,is_left_of,cookies_1
pick_up_the_black_bowl_on_the_wooden_cabinet_and_place_it_on_the_plate,demo_27,35,agentview,cookies_1,is_behind,flat_stove_1
pick_up_the_black_bowl_on_the_wooden_cabinet_and_place_it_on_the_plate,demo_27,35,agentview,flat_stove_1,is_in_front_of,cookies_1
pick_up_the_black_bowl_on_the_wooden_cabinet_and_place_it_on_the_plate,demo_27,35,agentview,glazed_rim_porcelain_ramekin_1,is_on_top_of,plate_1
pick_up_the_black_bowl_on_the_wooden_cabinet_and_place_it_on_the_plate,demo_27,35,agentview,plate_1,is_below_of,glazed_rim_porcelain_ramekin_1
pick_up_the_black_bowl_on_the_wooden_cabinet_and_place_it_on_the_plate,demo_27,35,agentview,glazed_rim_porcelain_ramekin_1,is_behind,flat_stove_1
pick_up_the_black_bowl_on_the_wooden_cabinet_and_place_it_on_the_plate,demo_27,35,agentview,flat_stove_1,is_in_front_of,glazed_rim_porcelain_ramekin_1
pick_up_the_black_bowl_on_the_wooden_cabinet_and_place_it_on_the_plate,demo_27,35,agentview,plate_1,is_on_top_of,flat_stove_1
pick_up_the_black_bowl_on_the_wooden_cabinet_and_place_it_on_the_plate,demo_27,35,agentview,flat_stove_1,is_below_of,plate_1
pick_up_the_black_bowl_on_the_wooden_cabinet_and_place_it_on_the_plate,demo_29,0,agentview,akita_black_bowl_1,is_on_top_of,wooden_cabinet_1
pick_up_the_black_bowl_on_the_wooden_cabinet_and_place_it_on_the_plate,demo_29,0,agentview,wooden_cabinet_1,is_below_of,akita_black_bowl_1
pick_up_the_black_bowl_on_the_wooden_cabinet_and_place_it_on_the_plate,demo_29,0,agentview,akita_black_bowl_2,is_on_top_of,flat_stove_1
pick_up_the_black_bowl_on_the_wooden_cabinet_and_place_it_on_the_plate,demo_29,0,agentview,flat_stove_1,is_below_of,akita_black_bowl_2
pick_up_the_black_bowl_on_the_wooden_cabinet_and_place_it_on_the_plate,demo_29,0,agentview,cookies_1,is_on_top_of,flat_stove_1
pick_up_the_black_bowl_on_the_wooden_cabinet_and_place_it_on_the_plate,demo_29,0,agentview,flat_stove_1,is_below_of,cookies_1
pick_up_the_black_bowl_on_the_wooden_cabinet_and_place_it_on_the_plate,demo_29,0,agentview,glazed_rim_porcelain_ramekin_1,is_on_top_of,flat_stove_1
pick_up_the_black_bowl_on_the_wooden_cabinet_and_place_it_on_the_plate,demo_29,0,agentview,flat_stove_1,is_below_of,glazed_rim_porcelain_ramekin_1
pick_up_the_black_bowl_on_the_wooden_cabinet_and_place_it_on_the_plate,demo_29,0,agentview,plate_1,is_on_top_of,flat_stove_1
pick_up_the_black_bowl_on_the_wooden_cabinet_and_place_it_on_the_plate,demo_29,0,agentview,flat_stove_1,is_below_of,plate_1
pick_up_the_black_bowl_on_the_wooden_cabinet_and_place_it_on_the_plate,demo_29,0,agentview,akita_black_bowl_1,is_behind,akita_black_bowl_2
pick_up_the_black_bowl_on_the_wooden_cabinet_and_place_it_on_the_plate,demo_29,0,agentview,akita_black_bowl_2,is_in_front_of,akita_black_bowl_1
pick_up_the_black_bowl_on_the_wooden_cabinet_and_place_it_on_the_plate,demo_29,0,agentview,akita_black_bowl_1,is_behind,cookies_1
pick_up_the_black_bowl_on_the_wooden_cabinet_and_place_it_on_the_plate,demo_29,0,agentview,cookies_1,is_in_front_of,akita_black_bowl_1
pick_up_the_black_bowl_on_the_wooden_cabinet_and_place_it_on_the_plate,demo_29,0,agentview,akita_black_bowl_1,is_behind,glazed_rim_porcelain_ramekin_1
pick_up_the_black_bowl_on_the_wooden_cabinet_and_place_it_on_the_plate,demo_29,0,agentview,glazed_rim_porcelain_ramekin_1,is_in_front_of,akita_black_bowl_1
pick_up_the_black_bowl_on_the_wooden_cabinet_and_place_it_on_the_plate,demo_29,0,agentview,akita_black_bowl_1,is_behind,plate_1
pick_up_the_black_bowl_on_the_wooden_cabinet_and_place_it_on_the_plate,demo_29,0,agentview,plate_1,is_in_front_of,akita_black_bowl_1
pick_up_the_black_bowl_on_the_wooden_cabinet_and_place_it_on_the_plate,demo_29,0,agentview,akita_black_bowl_1,is_behind,wooden_cabinet_1
pick_up_the_black_bowl_on_the_wooden_cabinet_and_place_it_on_the_plate,demo_29,0,agentview,wooden_cabinet_1,is_in_front_of,akita_black_bowl_1
pick_up_the_black_bowl_on_the_wooden_cabinet_and_place_it_on_the_plate,demo_29,0,agentview,akita_black_bowl_2,is_right_of,akita_black_bowl_1
pick_up_the_black_bowl_on_the_wooden_cabinet_and_place_it_on_the_plate,demo_29,0,agentview,akita_black_bowl_1,is_left_of,akita_black_bowl_2
pick_up_the_black_bowl_on_the_wooden_cabinet_and_place_it_on_the_plate,demo_29,0,agentview,akita_black_bowl_2,is_behind,cookies_1
pick_up_the_black_bowl_on_the_wooden_cabinet_and_place_it_on_the_plate,demo_29,0,agentview,cookies_1,is_in_front_of,akita_black_bowl_2
pick_up_the_black_bowl_on_the_wooden_cabinet_and_place_it_on_the_plate,demo_29,0,agentview,akita_black_bowl_2,is_right_of,glazed_rim_porcelain_ramekin_1
pick_up_the_black_bowl_on_the_wooden_cabinet_and_place_it_on_the_plate,demo_29,0,agentview,glazed_rim_porcelain_ramekin_1,is_left_of,akita_black_bowl_2
pick_up_the_black_bowl_on_the_wooden_cabinet_and_place_it_on_the_plate,demo_29,0,agentview,akita_black_bowl_2,is_behind,plate_1
pick_up_the_black_bowl_on_the_wooden_cabinet_and_place_it_on_the_plate,demo_29,0,agentview,plate_1,is_in_front_of,akita_black_bowl_2
pick_up_the_black_bowl_on_the_wooden_cabinet_and_place_it_on_the_plate,demo_29,0,agentview,akita_black_bowl_2,is_right_of,wooden_cabinet_1
pick_up_the_black_bowl_on_the_wooden_cabinet_and_place_it_on_the_plate,demo_29,0,agentview,wooden_cabinet_1,is_left_of,akita_black_bowl_2
pick_up_the_black_bowl_on_the_wooden_cabinet_and_place_it_on_the_plate,demo_29,0,agentview,cookies_1,is_right_of,glazed_rim_porcelain_ramekin_1
pick_up_the_black_bowl_on_the_wooden_cabinet_and_place_it_on_the_plate,demo_29,0,agentview,glazed_rim_porcelain_ramekin_1,is_left_of,cookies_1
pick_up_the_black_bowl_on_the_wooden_cabinet_and_place_it_on_the_plate,demo_29,0,agentview,cookies_1,is_left_of,plate_1
pick_up_the_black_bowl_on_the_wooden_cabinet_and_place_it_on_the_plate,demo_29,0,agentview,plate_1,is_right_of,cookies_1
pick_up_the_black_bowl_on_the_wooden_cabinet_and_place_it_on_the_plate,demo_29,0,agentview,cookies_1,is_right_of,wooden_cabinet_1
pick_up_the_black_bowl_on_the_wooden_cabinet_and_place_it_on_the_plate,demo_29,0,agentview,wooden_cabinet_1,is_left_of,cookies_1
pick_up_the_black_bowl_on_the_wooden_cabinet_and_place_it_on_the_plate,demo_29,0,agentview,glazed_rim_porcelain_ramekin_1,is_right_of,wooden_cabinet_1
pick_up_the_black_bowl_on_the_wooden_cabinet_and_place_it_on_the_plate,demo_29,0,agentview,wooden_cabinet_1,is_left_of,glazed_rim_porcelain_ramekin_1
pick_up_the_black_bowl_on_the_wooden_cabinet_and_place_it_on_the_plate,demo_29,0,agentview,plate_1,is_right_of,glazed_rim_porcelain_ramekin_1
pick_up_the_black_bowl_on_the_wooden_cabinet_and_place_it_on_the_plate,demo_29,0,agentview,glazed_rim_porcelain_ramekin_1,is_left_of,plate_1
pick_up_the_black_bowl_on_the_wooden_cabinet_and_place_it_on_the_plate,demo_29,0,agentview,plate_1,is_right_of,wooden_cabinet_1
pick_up_the_black_bowl_on_the_wooden_cabinet_and_place_it_on_the_plate,demo_29,0,agentview,wooden_cabinet_1,is_left_of,plate_1
pick_up_the_black_bowl_on_the_wooden_cabinet_and_place_it_on_the_plate,demo_29,5,agentview,akita_black_bowl_1,is_on_top_of,wooden_cabinet_1
pick_up_the_black_bowl_on_the_wooden_cabinet_and_place_it_on_the_plate,demo_29,5,agentview,wooden_cabinet_1,is_below_of,akita_black_bowl_1
pick_up_the_black_bowl_on_the_wooden_cabinet_and_place_it_on_the_plate,demo_29,5,agentview,akita_black_bowl_1,is_behind,akita_black_bowl_2
pick_up_the_black_bowl_on_the_wooden_cabinet_and_place_it_on_the_plate,demo_29,5,agentview,akita_black_bowl_2,is_in_front_of,akita_black_bowl_1
pick_up_the_black_bowl_on_the_wooden_cabinet_and_place_it_on_the_plate,demo_29,5,agentview,akita_black_bowl_1,is_behind,cookies_1
pick_up_the_black_bowl_on_the_wooden_cabinet_and_place_it_on_the_plate,demo_29,5,agentview,cookies_1,is_in_front_of,akita_black_bowl_1
pick_up_the_black_bowl_on_the_wooden_cabinet_and_place_it_on_the_plate,demo_29,5,agentview,akita_black_bowl_1,is_behind,glazed_rim_porcelain_ramekin_1
pick_up_the_black_bowl_on_the_wooden_cabinet_and_place_it_on_the_plate,demo_29,5,agentview,glazed_rim_porcelain_ramekin_1,is_in_front_of,akita_black_bowl_1
pick_up_the_black_bowl_on_the_wooden_cabinet_and_place_it_on_the_plate,demo_29,5,agentview,akita_black_bowl_1,is_behind,plate_1
pick_up_the_black_bowl_on_the_wooden_cabinet_and_place_it_on_the_plate,demo_29,5,agentview,plate_1,is_in_front_of,akita_black_bowl_1
pick_up_the_black_bowl_on_the_wooden_cabinet_and_place_it_on_the_plate,demo_29,5,agentview,akita_black_bowl_1,is_behind,flat_stove_1
pick_up_the_black_bowl_on_the_wooden_cabinet_and_place_it_on_the_plate,demo_29,5,agentview,flat_stove_1,is_in_front_of,akita_black_bowl_1
pick_up_the_black_bowl_on_the_wooden_cabinet_and_place_it_on_the_plate,demo_29,5,agentview,akita_black_bowl_2,is_left_of,cookies_1
pick_up_the_black_bowl_on_the_wooden_cabinet_and_place_it_on_the_plate,demo_29,5,agentview,cookies_1,is_right_of,akita_black_bowl_2
pick_up_the_black_bowl_on_the_wooden_cabinet_and_place_it_on_the_plate,demo_29,5,agentview,akita_black_bowl_2,is_left_of,glazed_rim_porcelain_ramekin_1
pick_up_the_black_bowl_on_the_wooden_cabinet_and_place_it_on_the_plate,demo_29,5,agentview,glazed_rim_porcelain_ramekin_1,is_right_of,akita_black_bowl_2
pick_up_the_black_bowl_on_the_wooden_cabinet_and_place_it_on_the_plate,demo_29,5,agentview,akita_black_bowl_2,is_left_of,plate_1
pick_up_the_black_bowl_on_the_wooden_cabinet_and_place_it_on_the_plate,demo_29,5,agentview,plate_1,is_right_of,akita_black_bowl_2
pick_up_the_black_bowl_on_the_wooden_cabinet_and_place_it_on_the_plate,demo_29,5,agentview,akita_black_bowl_2,is_in_front_of,wooden_cabinet_1
pick_up_the_black_bowl_on_the_wooden_cabinet_and_place_it_on_the_plate,demo_29,5,agentview,wooden_cabinet_1,is_behind,akita_black_bowl_2
pick_up_the_black_bowl_on_the_wooden_cabinet_and_place_it_on_the_plate,demo_29,5,agentview,akita_black_bowl_2,is_behind,flat_stove_1
pick_up_the_black_bowl_on_the_wooden_cabinet_and_place_it_on_the_plate,demo_29,5,agentview,flat_stove_1,is_in_front_of,akita_black_bowl_2
pick_up_the_black_bowl_on_the_wooden_cabinet_and_place_it_on_the_plate,demo_29,5,agentview,cookies_1,is_left_of,glazed_rim_porcelain_ramekin_1
pick_up_the_black_bowl_on_the_wooden_cabinet_and_place_it_on_the_plate,demo_29,5,agentview,glazed_rim_porcelain_ramekin_1,is_right_of,cookies_1
pick_up_the_black_bowl_on_the_wooden_cabinet_and_place_it_on_the_plate,demo_29,5,agentview,cookies_1,is_left_of,plate_1
pick_up_the_black_bowl_on_the_wooden_cabinet_and_place_it_on_the_plate,demo_29,5,agentview,plate_1,is_right_of,cookies_1
pick_up_the_black_bowl_on_the_wooden_cabinet_and_place_it_on_the_plate,demo_29,5,agentview,cookies_1,is_in_front_of,wooden_cabinet_1
pick_up_the_black_bowl_on_the_wooden_cabinet_and_place_it_on_the_plate,demo_29,5,agentview,wooden_cabinet_1,is_behind,cookies_1
pick_up_the_black_bowl_on_the_wooden_cabinet_and_place_it_on_the_plate,demo_29,5,agentview,cookies_1,is_behind,flat_stove_1
pick_up_the_black_bowl_on_the_wooden_cabinet_and_place_it_on_the_plate,demo_29,5,agentview,flat_stove_1,is_in_front_of,cookies_1
pick_up_the_black_bowl_on_the_wooden_cabinet_and_place_it_on_the_plate,demo_29,5,agentview,glazed_rim_porcelain_ramekin_1,is_left_of,plate_1
pick_up_the_black_bowl_on_the_wooden_cabinet_and_place_it_on_the_plate,demo_29,5,agentview,plate_1,is_right_of,glazed_rim_porcelain_ramekin_1
pick_up_the_black_bowl_on_the_wooden_cabinet_and_place_it_on_the_plate,demo_29,5,agentview,glazed_rim_porcelain_ramekin_1,is_in_front_of,wooden_cabinet_1
pick_up_the_black_bowl_on_the_wooden_cabinet_and_place_it_on_the_plate,demo_29,5,agentview,wooden_cabinet_1,is_behind,glazed_rim_porcelain_ramekin_1
pick_up_the_black_bowl_on_the_wooden_cabinet_and_place_it_on_the_plate,demo_29,5,agentview,glazed_rim_porcelain_ramekin_1,is_behind,flat_stove_1
pick_up_the_black_bowl_on_the_wooden_cabinet_and_place_it_on_the_plate,demo_29,5,agentview,flat_stove_1,is_in_front_of,glazed_rim_porcelain_ramekin_1
pick_up_the_black_bowl_on_the_wooden_cabinet_and_place_it_on_the_plate,demo_29,5,agentview,plate_1,is_on_top_of,flat_stove_1
pick_up_the_black_bowl_on_the_wooden_cabinet_and_place_it_on_the_plate,demo_29,5,agentview,flat_stove_1,is_below_of,plate_1
pick_up_the_black_bowl_on_the_wooden_cabinet_and_place_it_on_the_plate,demo_29,5,agentview,plate_1,is_in_front_of,wooden_cabinet_1
pick_up_the_black_bowl_on_the_wooden_cabinet_and_place_it_on_the_plate,demo_29,5,agentview,wooden_cabinet_1,is_behind,plate_1
pick_up_the_black_bowl_on_the_wooden_cabinet_and_place_it_on_the_plate,demo_29,5,agentview,wooden_cabinet_1,is_behind,flat_stove_1
pick_up_the_black_bowl_on_the_wooden_cabinet_and_place_it_on_the_plate,demo_29,5,agentview,flat_stove_1,is_in_front_of,wooden_cabinet_1
pick_up_the_black_bowl_on_the_wooden_cabinet_and_place_it_on_the_plate,demo_29,10,agentview,akita_black_bowl_1,is_on_top_of,wooden_cabinet_1
pick_up_the_black_bowl_on_the_wooden_cabinet_and_place_it_on_the_plate,demo_29,10,agentview,wooden_cabinet_1,is_below_of,akita_black_bowl_1
pick_up_the_black_bowl_on_the_wooden_cabinet_and_place_it_on_the_plate,demo_29,10,agentview,akita_black_bowl_1,is_behind,akita_black_bowl_2
pick_up_the_black_bowl_on_the_wooden_cabinet_and_place_it_on_the_plate,demo_29,10,agentview,akita_black_bowl_2,is_in_front_of,akita_black_bowl_1
pick_up_the_black_bowl_on_the_wooden_cabinet_and_place_it_on_the_plate,demo_29,10,agentview,akita_black_bowl_1,is_behind,cookies_1
pick_up_the_black_bowl_on_the_wooden_cabinet_and_place_it_on_the_plate,demo_29,10,agentview,cookies_1,is_in_front_of,akita_black_bowl_1
pick_up_the_black_bowl_on_the_wooden_cabinet_and_place_it_on_the_plate,demo_29,10,agentview,akita_black_bowl_1,is_behind,glazed_rim_porcelain_ramekin_1
pick_up_the_black_bowl_on_the_wooden_cabinet_and_place_it_on_the_plate,demo_29,10,agentview,glazed_rim_porcelain_ramekin_1,is_in_front_of,akita_black_bowl_1
pick_up_the_black_bowl_on_the_wooden_cabinet_and_place_it_on_the_plate,demo_29,10,agentview,akita_black_bowl_1,is_behind,plate_1
pick_up_the_black_bowl_on_the_wooden_cabinet_and_place_it_on_the_plate,demo_29,10,agentview,plate_1,is_in_front_of,akita_black_bowl_1
pick_up_the_black_bowl_on_the_wooden_cabinet_and_place_it_on_the_plate,demo_29,10,agentview,akita_black_bowl_1,is_behind,flat_stove_1
pick_up_the_black_bowl_on_the_wooden_cabinet_and_place_it_on_the_plate,demo_29,10,agentview,flat_stove_1,is_in_front_of,akita_black_bowl_1
pick_up_the_black_bowl_on_the_wooden_cabinet_and_place_it_on_the_plate,demo_29,10,agentview,akita_black_bowl_2,is_left_of,cookies_1
pick_up_the_black_bowl_on_the_wooden_cabinet_and_place_it_on_the_plate,demo_29,10,agentview,cookies_1,is_right_of,akita_black_bowl_2
pick_up_the_black_bowl_on_the_wooden_cabinet_and_place_it_on_the_plate,demo_29,10,agentview,akita_black_bowl_2,is_left_of,glazed_rim_porcelain_ramekin_1
pick_up_the_black_bowl_on_the_wooden_cabinet_and_place_it_on_the_plate,demo_29,10,agentview,glazed_rim_porcelain_ramekin_1,is_right_of,akita_black_bowl_2
pick_up_the_black_bowl_on_the_wooden_cabinet_and_place_it_on_the_plate,demo_29,10,agentview,akita_black_bowl_2,is_in_front_of,plate_1
pick_up_the_black_bowl_on_the_wooden_cabinet_and_place_it_on_the_plate,demo_29,10,agentview,plate_1,is_behind,akita_black_bowl_2
pick_up_the_black_bowl_on_the_wooden_cabinet_and_place_it_on_the_plate,demo_29,10,agentview,akita_black_bowl_2,is_in_front_of,flat_stove_1
pick_up_the_black_bowl_on_the_wooden_cabinet_and_place_it_on_the_plate,demo_29,10,agentview,flat_stove_1,is_behind,akita_black_bowl_2
pick_up_the_black_bowl_on_the_wooden_cabinet_and_place_it_on_the_plate,demo_29,10,agentview,cookies_1,is_left_of,glazed_rim_porcelain_ramekin_1
pick_up_the_black_bowl_on_the_wooden_cabinet_and_place_it_on_the_plate,demo_29,10,agentview,glazed_rim_porcelain_ramekin_1,is_right_of,cookies_1
pick_up_the_black_bowl_on_the_wooden_cabinet_and_place_it_on_the_plate,demo_29,10,agentview,cookies_1,is_in_front_of,plate_1
pick_up_the_black_bowl_on_the_wooden_cabinet_and_place_it_on_the_plate,demo_29,10,agentview,plate_1,is_behind,cookies_1
pick_up_the_black_bowl_on_the_wooden_cabinet_and_place_it_on_the_plate,demo_29,10,agentview,cookies_1,is_in_front_of,flat_stove_1
pick_up_the_black_bowl_on_the_wooden_cabinet_and_place_it_on_the_plate,demo_29,10,agentview,flat_stove_1,is_behind,cookies_1
pick_up_the_black_bowl_on_the_wooden_cabinet_and_place_it_on_the_plate,demo_29,10,agentview,glazed_rim_porcelain_ramekin_1,is_in_front_of,plate_1
pick_up_the_black_bowl_on_the_wooden_cabinet_and_place_it_on_the_plate,demo_29,10,agentview,plate_1,is_behind,glazed_rim_porcelain_ramekin_1
pick_up_the_black_bowl_on_the_wooden_cabinet_and_place_it_on_the_plate,demo_29,10,agentview,glazed_rim_porcelain_ramekin_1,is_in_front_of,flat_stove_1
pick_up_the_black_bowl_on_the_wooden_cabinet_and_place_it_on_the_plate,demo_29,10,agentview,flat_stove_1,is_behind,glazed_rim_porcelain_ramekin_1
pick_up_the_black_bowl_on_the_wooden_cabinet_and_place_it_on_the_plate,demo_29,10,agentview,plate_1,is_on_top_of,flat_stove_1
pick_up_the_black_bowl_on_the_wooden_cabinet_and_place_it_on_the_plate,demo_29,10,agentview,flat_stove_1,is_below_of,plate_1
pick_up_the_black_bowl_on_the_wooden_cabinet_and_place_it_on_the_plate,demo_29,15,agentview,akita_black_bowl_1,is_on_top_of,wooden_cabinet_1
pick_up_the_black_bowl_on_the_wooden_cabinet_and_place_it_on_the_plate,demo_29,15,agentview,wooden_cabinet_1,is_below_of,akita_black_bowl_1
pick_up_the_black_bowl_on_the_wooden_cabinet_and_place_it_on_the_plate,demo_29,15,agentview,akita_black_bowl_1,is_behind,akita_black_bowl_2
pick_up_the_black_bowl_on_the_wooden_cabinet_and_place_it_on_the_plate,demo_29,15,agentview,akita_black_bowl_2,is_in_front_of,akita_black_bowl_1
pick_up_the_black_bowl_on_the_wooden_cabinet_and_place_it_on_the_plate,demo_29,15,agentview,akita_black_bowl_1,is_behind,cookies_1
pick_up_the_black_bowl_on_the_wooden_cabinet_and_place_it_on_the_plate,demo_29,15,agentview,cookies_1,is_in_front_of,akita_black_bowl_1
pick_up_the_black_bowl_on_the_wooden_cabinet_and_place_it_on_the_plate,demo_29,15,agentview,akita_black_bowl_1,is_behind,glazed_rim_porcelain_ramekin_1
pick_up_the_black_bowl_on_the_wooden_cabinet_and_place_it_on_the_plate,demo_29,15,agentview,glazed_rim_porcelain_ramekin_1,is_in_front_of,akita_black_bowl_1
pick_up_the_black_bowl_on_the_wooden_cabinet_and_place_it_on_the_plate,demo_29,15,agentview,akita_black_bowl_1,is_behind,plate_1
pick_up_the_black_bowl_on_the_wooden_cabinet_and_place_it_on_the_plate,demo_29,15,agentview,plate_1,is_in_front_of,akita_black_bowl_1
pick_up_the_black_bowl_on_the_wooden_cabinet_and_place_it_on_the_plate,demo_29,15,agentview,akita_black_bowl_1,is_behind,flat_stove_1
pick_up_the_black_bowl_on_the_wooden_cabinet_and_place_it_on_the_plate,demo_29,15,agentview,flat_stove_1,is_in_front_of,akita_black_bowl_1
pick_up_the_black_bowl_on_the_wooden_cabinet_and_place_it_on_the_plate,demo_29,15,agentview,akita_black_bowl_2,is_on_top_of,plate_1
pick_up_the_black_bowl_on_the_wooden_cabinet_and_place_it_on_the_plate,demo_29,15,agentview,plate_1,is_below_of,akita_black_bowl_2
pick_up_the_black_bowl_on_the_wooden_cabinet_and_place_it_on_the_plate,demo_29,15,agentview,akita_black_bowl_2,is_right_of,cookies_1
pick_up_the_black_bowl_on_the_wooden_cabinet_and_place_it_on_the_plate,demo_29,15,agentview,cookies_1,is_left_of,akita_black_bowl_2
pick_up_the_black_bowl_on_the_wooden_cabinet_and_place_it_on_the_plate,demo_29,15,agentview,akita_black_bowl_2,is_right_of,glazed_rim_porcelain_ramekin_1
pick_up_the_black_bowl_on_the_wooden_cabinet_and_place_it_on_the_plate,demo_29,15,agentview,glazed_rim_porcelain_ramekin_1,is_left_of,akita_black_bowl_2
pick_up_the_black_bowl_on_the_wooden_cabinet_and_place_it_on_the_plate,demo_29,15,agentview,akita_black_bowl_2,is_behind,flat_stove_1
pick_up_the_black_bowl_on_the_wooden_cabinet_and_place_it_on_the_plate,demo_29,15,agentview,flat_stove_1,is_in_front_of,akita_black_bowl_2
pick_up_the_black_bowl_on_the_wooden_cabinet_and_place_it_on_the_plate,demo_29,15,agentview,cookies_1,is_right_of,glazed_rim_porcelain_ramekin_1
pick_up_the_black_bowl_on_the_wooden_cabinet_and_place_it_on_the_plate,demo_29,15,agentview,glazed_rim_porcelain_ramekin_1,is_left_of,cookies_1
pick_up_the_black_bowl_on_the_wooden_cabinet_and_place_it_on_the_plate,demo_29,15,agentview,cookies_1,is_behind,flat_stove_1
pick_up_the_black_bowl_on_the_wooden_cabinet_and_place_it_on_the_plate,demo_29,15,agentview,flat_stove_1,is_in_front_of,cookies_1
pick_up_the_black_bowl_on_the_wooden_cabinet_and_place_it_on_the_plate,demo_29,15,agentview,glazed_rim_porcelain_ramekin_1,is_behind,flat_stove_1
pick_up_the_black_bowl_on_the_wooden_cabinet_and_place_it_on_the_plate,demo_29,15,agentview,flat_stove_1,is_in_front_of,glazed_rim_porcelain_ramekin_1
pick_up_the_black_bowl_on_the_wooden_cabinet_and_place_it_on_the_plate,demo_29,15,agentview,plate_1,is_on_top_of,flat_stove_1
pick_up_the_black_bowl_on_the_wooden_cabinet_and_place_it_on_the_plate,demo_29,15,agentview,flat_stove_1,is_below_of,plate_1
pick_up_the_black_bowl_on_the_wooden_cabinet_and_place_it_on_the_plate,demo_29,15,agentview,plate_1,is_right_of,glazed_rim_porcelain_ramekin_1
pick_up_the_black_bowl_on_the_wooden_cabinet_and_place_it_on_the_plate,demo_29,15,agentview,glazed_rim_porcelain_ramekin_1,is_left_of,plate_1
pick_up_the_black_bowl_on_the_wooden_cabinet_and_place_it_on_the_plate,demo_29,15,agentview,plate_1,is_right_of,cookies_1
pick_up_the_black_bowl_on_the_wooden_cabinet_and_place_it_on_the_plate,demo_29,15,agentview,cookies_1,is_left_of,plate_1
pick_up_the_black_bowl_on_the_wooden_cabinet_and_place_it_on_the_plate,demo_29,15,agentview,wooden_cabinet_1,is_behind,akita_black_bowl_2
pick_up_the_black_bowl_on_the_wooden_cabinet_and_place_it_on_the_plate,demo_29,15,agentview,akita_black_bowl_2,is_in_front_of,wooden_cabinet_1
pick_up_the_black_bowl_on_the_wooden_cabinet_and_place_it_on_the_plate,demo_29,15,agentview,wooden_cabinet_1,is_behind,cookies_1
pick_up_the_black_bowl_on_the_wooden_cabinet_and_place_it_on_the_plate,demo_29,15,agentview,cookies_1,is_in_front_of,wooden_cabinet_1
pick_up_the_black_bowl_on_the_wooden_cabinet_and_place_it_on_the_plate,demo_29,15,agentview,wooden_cabinet_1,is_behind,glazed_rim_porcelain_ramekin_1
pick_up_the_black_bowl_on_the_wooden_cabinet_and_place_it_on_the_plate,demo_29,15,agentview,glazed_rim_porcelain_ramekin_1,is_in_front_of,wooden_cabinet_1
pick_up_the_black_bowl_on_the_wooden_cabinet_and_place_it_on_the_plate,demo_29,15,agentview,wooden_cabinet_1,is_behind,plate_1
pick_up_the_black_bowl_on_the_wooden_cabinet_and_place_it_on_the_plate,demo_29,15,agentview,plate_1,is_in_front_of,wooden_cabinet_1
pick_up_the_black_bowl_on_the_wooden_cabinet_and_place_it_on_the_plate,demo_29,15,agentview,wooden_cabinet_1,is_behind,flat_stove_1
pick_up_the_black_bowl_on_the_wooden_cabinet_and_place_it_on_the_plate,demo_29,15,agentview,flat_stove_1,is_in_front_of,wooden_cabinet_1
pick_up_the_black_bowl_on_the_wooden_cabinet_and_place_it_on_the_plate,demo_29,20,agentview,akita_black_bowl_1,is_on_top_of,wooden_cabinet_1
pick_up_the_black_bowl_on_the_wooden_cabinet_and_place_it_on_the_plate,demo_29,20,agentview,wooden_cabinet_1,is_below_of,akita_black_bowl_1
pick_up_the_black_bowl_on_the_wooden_cabinet_and_place_it_on_the_plate,demo_29,20,agentview,akita_black_bowl_1,is_behind,akita_black_bowl_2
pick_up_the_black_bowl_on_the_wooden_cabinet_and_place_it_on_the_plate,demo_29,20,agentview,akita_black_bowl_2,is_in_front_of,akita_black_bowl_1
pick_up_the_black_bowl_on_the_wooden_cabinet_and_place_it_on_the_plate,demo_29,20,agentview,akita_black_bowl_1,is_behind,cookies_1
pick_up_the_black_bowl_on_the_wooden_cabinet_and_place_it_on_the_plate,demo_29,20,agentview,cookies_1,is_in_front_of,akita_black_bowl_1
pick_up_the_black_bowl_on_the_wooden_cabinet_and_place_it_on_the_plate,demo_29,20,agentview,akita_black_bowl_1,is_behind,glazed_rim_porcelain_ramekin_1
pick_up_the_black_bowl_on_the_wooden_cabinet_and_place_it_on_the_plate,demo_29,20,agentview,glazed_rim_porcelain_ramekin_1,is_in_front_of,akita_black_bowl_1
pick_up_the_black_bowl_on_the_wooden_cabinet_and_place_it_on_the_plate,demo_29,20,agentview,akita_black_bowl_1,is_behind,plate_1
pick_up_the_black_bowl_on_the_wooden_cabinet_and_place_it_on_the_plate,demo_29,20,agentview,plate_1,is_in_front_of,akita_black_bowl_1
pick_up_the_black_bowl_on_the_wooden_cabinet_and_place_it_on_the_plate,demo_29,20,agentview,akita_black_bowl_1,is_behind,flat_stove_1
pick_up_the_black_bowl_on_the_wooden_cabinet_and_place_it_on_the_plate,demo_29,20,agentview,flat_stove_1,is_in_front_of,akita_black_bowl_1
pick_up_the_black_bowl_on_the_wooden_cabinet_and_place_it_on_the_plate,demo_29,20,agentview,akita_black_bowl_2,is_right_of,glazed_rim_porcelain_ramekin_1
pick_up_the_black_bowl_on_the_wooden_cabinet_and_place_it_on_the_plate,demo_29,20,agentview,glazed_rim_porcelain_ramekin_1,is_left_of,akita_black_bowl_2
pick_up_the_black_bowl_on_the_wooden_cabinet_and_place_it_on_the_plate,demo_29,20,agentview,akita_black_bowl_2,is_behind,cookies_1
pick_up_the_black_bowl_on_the_wooden_cabinet_and_place_it_on_the_plate,demo_29,20,agentview,cookies_1,is_in_front_of,akita_black_bowl_2
pick_up_the_black_bowl_on_the_wooden_cabinet_and_place_it_on_the_plate,demo_29,20,agentview,akita_black_bowl_2,is_right_of,plate_1
pick_up_the_black_bowl_on_the_wooden_cabinet_and_place_it_on_the_plate,demo_29,20,agentview,plate_1,is_left_of,akita_black_bowl_2
pick_up_the_black_bowl_on_the_wooden_cabinet_and_place_it_on_the_plate,demo_29,20,agentview,akita_black_bowl_2,is_behind,flat_stove_1
pick_up_the_black_bowl_on_the_wooden_cabinet_and_place_it_on_the_plate,demo_29,20,agentview,flat_stove_1,is_in_front_of,akita_black_bowl_2
pick_up_the_black_bowl_on_the_wooden_cabinet_and_place_it_on_the_plate,demo_29,20,agentview,cookies_1,is_right_of,glazed_rim_porcelain_ramekin_1
pick_up_the_black_bowl_on_the_wooden_cabinet_and_place_it_on_the_plate,demo_29,20,agentview,glazed_rim_porcelain_ramekin_1,is_left_of,cookies_1
pick_up_the_black_bowl_on_the_wooden_cabinet_and_place_it_on_the_plate,demo_29,20,agentview,cookies_1,is_left_of,plate_1
pick_up_the_black_bowl_on_the_wooden_cabinet_and_place_it_on_the_plate,demo_29,20,agentview,plate_1,is_right_of,cookies_1
pick_up_the_black_bowl_on_the_wooden_cabinet_and_place_it_on_the_plate,demo_29,20,agentview,cookies_1,is_behind,flat_stove_1
pick_up_the_black_bowl_on_the_wooden_cabinet_and_place_it_on_the_plate,demo_29,20,agentview,flat_stove_1,is_in_front_of,cookies_1
pick_up_the_black_bowl_on_the_wooden_cabinet_and_place_it_on_the_plate,demo_29,20,agentview,glazed_rim_porcelain_ramekin_1,is_left_of,plate_1
pick_up_the_black_bowl_on_the_wooden_cabinet_and_place_it_on_the_plate,demo_29,20,agentview,plate_1,is_right_of,glazed_rim_porcelain_ramekin_1
pick_up_the_black_bowl_on_the_wooden_cabinet_and_place_it_on_the_plate,demo_29,20,agentview,glazed_rim_porcelain_ramekin_1,is_behind,flat_stove_1
pick_up_the_black_bowl_on_the_wooden_cabinet_and_place_it_on_the_plate,demo_29,20,agentview,flat_stove_1,is_in_front_of,glazed_rim_porcelain_ramekin_1
pick_up_the_black_bowl_on_the_wooden_cabinet_and_place_it_on_the_plate,demo_29,20,agentview,plate_1,is_behind,flat_stove_1
pick_up_the_black_bowl_on_the_wooden_cabinet_and_place_it_on_the_plate,demo_29,20,agentview,flat_stove_1,is_in_front_of,plate_1
pick_up_the_black_bowl_on_the_wooden_cabinet_and_place_it_on_the_plate,demo_29,25,agentview,akita_black_bowl_1,is_on_top_of,wooden_cabinet_1
pick_up_the_black_bowl_on_the_wooden_cabinet_and_place_it_on_the_plate,demo_29,25,agentview,wooden_cabinet_1,is_below_of,akita_black_bowl_1
pick_up_the_black_bowl_on_the_wooden_cabinet_and_place_it_on_the_plate,demo_29,25,agentview,akita_black_bowl_2,is_on_top_of,flat_stove_1
pick_up_the_black_bowl_on_the_wooden_cabinet_and_place_it_on_the_plate,demo_29,25,agentview,flat_stove_1,is_below_of,akita_black_bowl_2
pick_up_the_black_bowl_on_the_wooden_cabinet_and_place_it_on_the_plate,demo_29,25,agentview,cookies_1,is_on_top_of,akita_black_bowl_1
pick_up_the_black_bowl_on_the_wooden_cabinet_and_place_it_on_the_plate,demo_29,25,agentview,akita_black_bowl_1,contains,cookies_1
pick_up_the_black_bowl_on_the_wooden_cabinet_and_place_it_on_the_plate,demo_29,25,agentview,glazed_rim_porcelain_ramekin_1,is_on_top_of,flat_stove_1
pick_up_the_black_bowl_on_the_wooden_cabinet_and_place_it_on_the_plate,demo_29,25,agentview,flat_stove_1,is_below_of,glazed_rim_porcelain_ramekin_1
pick_up_the_black_bowl_on_the_wooden_cabinet_and_place_it_on_the_plate,demo_29,25,agentview,plate_1,is_on_top_of,flat_stove_1
pick_up_the_black_bowl_on_the_wooden_cabinet_and_place_it_on_the_plate,demo_29,25,agentview,flat_stove_1,is_below_of,plate_1
pick_up_the_black_bowl_on_the_wooden_cabinet_and_place_it_on_the_plate,demo_29,25,agentview,akita_black_bowl_1,is_behind,akita_black_bowl_2
pick_up_the_black_bowl_on_the_wooden_cabinet_and_place_it_on_the_plate,demo_29,25,agentview,akita_black_bowl_2,is_in_front_of,akita_black_bowl_1
pick_up_the_black_bowl_on_the_wooden_cabinet_and_place_it_on_the_plate,demo_29,25,agentview,akita_black_bowl_1,is_behind,glazed_rim_porcelain_ramekin_1
pick_up_the_black_bowl_on_the_wooden_cabinet_and_place_it_on_the_plate,demo_29,25,agentview,glazed_rim_porcelain_ramekin_1,is_in_front_of,akita_black_bowl_1
pick_up_the_black_bowl_on_the_wooden_cabinet_and_place_it_on_the_plate,demo_29,25,agentview,akita_black_bowl_1,is_behind,plate_1
pick_up_the_black_bowl_on_the_wooden_cabinet_and_place_it_on_the_plate,demo_29,25,agentview,plate_1,is_in_front_of,akita_black_bowl_1
pick_up_the_black_bowl_on_the_wooden_cabinet_and_place_it_on_the_plate,demo_29,25,agentview,akita_black_bowl_2,is_right_of,akita_black_bowl_1
pick_up_the_black_bowl_on_the_wooden_cabinet_and_place_it_on_the_plate,demo_29,25,agentview,akita_black_bowl_1,is_left_of,akita_black_bowl_2
pick_up_the_black_bowl_on_the_wooden_cabinet_and_place_it_on_the_plate,demo_29,25,agentview,akita_black_bowl_2,is_behind,glazed_rim_porcelain_ramekin_1
pick_up_the_black_bowl_on_the_wooden_cabinet_and_place_it_on_the_plate,demo_29,25,agentview,glazed_rim_porcelain_ramekin_1,is_in_front_of,akita_black_bowl_2
pick_up_the_black_bowl_on_the_wooden_cabinet_and_place_it_on_the_plate,demo_29,25,agentview,akita_black_bowl_2,is_behind,plate_1
pick_up_the_black_bowl_on_the_wooden_cabinet_and_place_it_on_the_plate,demo_29,25,agentview,plate_1,is_in_front_of,akita_black_bowl_2
pick_up_the_black_bowl_on_the_wooden_cabinet_and_place_it_on_the_plate,demo_29,25,agentview,cookies_1,is_behind,akita_black_bowl_2
pick_up_the_black_bowl_on_the_wooden_cabinet_and_place_it_on_the_plate,demo_29,25,agentview,akita_black_bowl_2,is_in_front_of,cookies_1
pick_up_the_black_bowl_on_the_wooden_cabinet_and_place_it_on_the_plate,demo_29,25,agentview,cookies_1,is_behind,glazed_rim_porcelain_ramekin_1
pick_up_the_black_bowl_on_the_wooden_cabinet_and_place_it_on_the_plate,demo_29,25,agentview,glazed_rim_porcelain_ramekin_1,is_in_front_of,cookies_1
pick_up_the_black_bowl_on_the_wooden_cabinet_and_place_it_on_the_plate,demo_29,25,agentview,cookies_1,is_behind,plate_1
pick_up_the_black_bowl_on_the_wooden_cabinet_and_place_it_on_the_plate,demo_29,25,agentview,plate_1,is_in_front_of,cookies_1
pick_up_the_black_bowl_on_the_wooden_cabinet_and_place_it_on_the_plate,demo_29,25,agentview,glazed_rim_porcelain_ramekin_1,is_right_of,akita_black_bowl_1
pick_up_the_black_bowl_on_the_wooden_cabinet_and_place_it_on_the_plate,demo_29,25,agentview,akita_black_bowl_1,is_left_of,glazed_rim_porcelain_ramekin_1
pick_up_the_black_bowl_on_the_wooden_cabinet_and_place_it_on_the_plate,demo_29,25,agentview,glazed_rim_porcelain_ramekin_1,is_left_of,akita_black_bowl_2
pick_up_the_black_bowl_on_the_wooden_cabinet_and_place_it_on_the_plate,demo_29,25,agentview,akita_black_bowl_2,is_right_of,glazed_rim_porcelain_ramekin_1
pick_up_the_black_bowl_on_the_wooden_cabinet_and_place_it_on_the_plate,demo_29,25,agentview,glazed_rim_porcelain_ramekin_1,is_behind,plate_1
pick_up_the_black_bowl_on_the_wooden_cabinet_and_place_it_on_the_plate,demo_29,25,agentview,plate_1,is_in_front_of,glazed_rim_porcelain_ramekin_1
pick_up_the_black_bowl_on_the_wooden_cabinet_and_place_it_on_the_plate,demo_29,25,agentview,plate_1,is_right_of,akita_black_bowl_1
pick_up_the_black_bowl_on_the_wooden_cabinet_and_place_it_on_the_plate,demo_29,25,agentview,akita_black_bowl_1,is_left_of,plate_1
pick_up_the_black_bowl_on_the_wooden_cabinet_and_place_it_on_the_plate,demo_29,25,agentview,plate_1,is_left_of,akita_black_bowl_2
pick_up_the_black_bowl_on_the_wooden_cabinet_and_place_it_on_the_plate,demo_29,25,agentview,akita_black_bowl_2,is_right_of,plate_1
pick_up_the_black_bowl_on_the_wooden_cabinet_and_place_it_on_the_plate,demo_29,30,agentview,akita_black_bowl_1,is_on_top_of,wooden_cabinet_1
pick_up_the_black_bowl_on_the_wooden_cabinet_and_place_it_on_the_plate,demo_29,30,agentview,wooden_cabinet_1,is_below_of,akita_black_bowl_1
pick_up_the_black_bowl_on_the_wooden_cabinet_and_place_it_on_the_plate,demo_29,30,agentview,akita_black_bowl_2,is_on_top_of,flat_stove_1
pick_up_the_black_bowl_on_the_wooden_cabinet_and_place_it_on_the_plate,demo_29,30,agentview,flat_stove_1,is_below_of,akita_black_bowl_2
pick_up_the_black_bowl_on_the_wooden_cabinet_and_place_it_on_the_plate,demo_29,30,agentview,cookies_1,is_on_top_of,flat_stove_1
pick_up_the_black_bowl_on_the_wooden_cabinet_and_place_it_on_the_plate,demo_29,30,agentview,flat_stove_1,is_below_of,cookies_1
pick_up_the_black_bowl_on_the_wooden_cabinet_and_place_it_on_the_plate,demo_29,30,agentview,glazed_rim_porcelain_ramekin_1,is_on_top_of,flat_stove_1
pick_up_the_black_bowl_on_the_wooden_cabinet_and_place_it_on_the_plate,demo_29,30,agentview,flat_stove_1,is_below_of,glazed_rim_porcelain_ramekin_1
pick_up_the_black_bowl_on_the_wooden_cabinet_and_place_it_on_the_plate,demo_29,30,agentview,plate_1,is_on_top_of,flat_stove_1
pick_up_the_black_bowl_on_the_wooden_cabinet_and_place_it_on_the_plate,demo_29,30,agentview,flat_stove_1,is_below_of,plate_1
pick_up_the_black_bowl_on_the_wooden_cabinet_and_place_it_on_the_plate,demo_29,30,agentview,akita_black_bowl_1,is_behind,akita_black_bowl_2
pick_up_the_black_bowl_on_the_wooden_cabinet_and_place_it_on_the_plate,demo_29,30,agentview,akita_black_bowl_2,is_in_front_of,akita_black_bowl_1
pick_up_the_black_bowl_on_the_wooden_cabinet_and_place_it_on_the_plate,demo_29,30,agentview,akita_black_bowl_1,is_behind,cookies_1
pick_up_the_black_bowl_on_the_wooden_cabinet_and_place_it_on_the_plate,demo_29,30,agentview,cookies_1,is_in_front_of,akita_black_bowl_1
pick_up_the_black_bowl_on_the_wooden_cabinet_and_place_it_on_the_plate,demo_29,30,agentview,akita_black_bowl_1,is_behind,glazed_rim_porcelain_ramekin_1
pick_up_the_black_bowl_on_the_wooden_cabinet_and_place_it_on_the_plate,demo_29,30,agentview,glazed_rim_porcelain_ramekin_1,is_in_front_of,akita_black_bowl_1
pick_up_the_black_bowl_on_the_wooden_cabinet_and_place_it_on_the_plate,demo_29,30,agentview,akita_black_bowl_1,is_behind,plate_1
pick_up_the_black_bowl_on_the_wooden_cabinet_and_place_it_on_the_plate,demo_29,30,agentview,plate_1,is_in_front_of,akita_black_bowl_1
pick_up_the_black_bowl_on_the_wooden_cabinet_and_place_it_on_the_plate,demo_29,30,agentview,akita_black_bowl_2,is_left_of,cookies_1
pick_up_the_black_bowl_on_the_wooden_cabinet_and_place_it_on_the_plate,demo_29,30,agentview,cookies_1,is_right_of,akita_black_bowl_2
pick_up_the_black_bowl_on_the_wooden_cabinet_and_place_it_on_the_plate,demo_29,30,agentview,akita_black_bowl_2,is_left_of,glazed_rim_porcelain_ramekin_1
pick_up_the_black_bowl_on_the_wooden_cabinet_and_place_it_on_the_plate,demo_29,30,agentview,glazed_rim_porcelain_ramekin_1,is_right_of,akita_black_bowl_2
pick_up_the_black_bowl_on_the_wooden_cabinet_and_place_it_on_the_plate,demo_29,30,agentview,akita_black_bowl_2,is_left_of,plate_1
pick_up_the_black_bowl_on_the_wooden_cabinet_and_place_it_on_the_plate,demo_29,30,agentview,plate_1,is_right_of,akita_black_bowl_2
pick_up_the_black_bowl_on_the_wooden_cabinet_and_place_it_on_the_plate,demo_29,30,agentview,cookies_1,is_left_of,glazed_rim_porcelain_ramekin_1
pick_up_the_black_bowl_on_the_wooden_cabinet_and_place_it_on_the_plate,demo_29,30,agentview,glazed_rim_porcelain_ramekin_1,is_right_of,cookies_1
pick_up_the_black_bowl_on_the_wooden_cabinet_and_place_it_on_the_plate,demo_29,30,agentview,cookies_1,is_left_of,plate_1
pick_up_the_black_bowl_on_the_wooden_cabinet_and_place_it_on_the_plate,demo_29,30,agentview,plate_1,is_right_of,cookies_1
pick_up_the_black_bowl_on_the_wooden_cabinet_and_place_it_on_the_plate,demo_29,30,agentview,glazed_rim_porcelain_ramekin_1,is_left_of,plate_1
pick_up_the_black_bowl_on_the_wooden_cabinet_and_place_it_on_the_plate,demo_29,30,agentview,plate_1,is_right_of,glazed_rim_porcelain_ramekin_1
pick_up_the_black_bowl_on_the_wooden_cabinet_and_place_it_on_the_plate,demo_29,35,agentview,akita_black_bowl_1,is_on_top_of,wooden_cabinet_1
pick_up_the_black_bowl_on_the_wooden_cabinet_and_place_it_on_the_plate,demo_29,35,agentview,wooden_cabinet_1,is_below_of,akita_black_bowl_1
pick_up_the_black_bowl_on_the_wooden_cabinet_and_place_it_on_the_plate,demo_29,35,agentview,akita_black_bowl_1,is_behind,akita_black_bowl_2
pick_up_the_black_bowl_on_the_wooden_cabinet_and_place_it_on_the_plate,demo_29,35,agentview,akita_black_bowl_2,is_in_front_of,akita_black_bowl_1
pick_up_the_black_bowl_on_the_wooden_cabinet_and_place_it_on_the_plate,demo_29,35,agentview,akita_black_bowl_1,is_behind,cookies_1
pick_up_the_black_bowl_on_the_wooden_cabinet_and_place_it_on_the_plate,demo_29,35,agentview,cookies_1,is_in_front_of,akita_black_bowl_1
pick_up_the_black_bowl_on_the_wooden_cabinet_and_place_it_on_the_plate,demo_29,35,agentview,akita_black_bowl_1,is_behind,glazed_rim_porcelain_ramekin_1
pick_up_the_black_bowl_on_the_wooden_cabinet_and_place_it_on_the_plate,demo_29,35,agentview,glazed_rim_porcelain_ramekin_1,is_in_front_of,akita_black_bowl_1
pick_up_the_black_bowl_on_the_wooden_cabinet_and_place_it_on_the_plate,demo_29,35,agentview,akita_black_bowl_1,is_behind,plate_1
pick_up_the_black_bowl_on_the_wooden_cabinet_and_place_it_on_the_plate,demo_29,35,agentview,plate_1,is_in_front_of,akita_black_bowl_1
pick_up_the_black_bowl_on_the_wooden_cabinet_and_place_it_on_the_plate,demo_29,35,agentview,akita_black_bowl_1,is_behind,flat_stove_1
pick_up_the_black_bowl_on_the_wooden_cabinet_and_place_it_on_the_plate,demo_29,35,agentview,flat_stove_1,is_in_front_of,akita_black_bowl_1
pick_up_the_black_bowl_on_the_wooden_cabinet_and_place_it_on_the_plate,demo_29,35,agentview,akita_black_bowl_2,is_on_top_of,plate_1
pick_up_the_black_bowl_on_the_wooden_cabinet_and_place_it_on_the_plate,demo_29,35,agentview,plate_1,is_below_of,akita_black_bowl_2
pick_up_the_black_bowl_on_the_wooden_cabinet_and_place_it_on_the_plate,demo_29,35,agentview,akita_black_bowl_2,is_right_of,cookies_1
pick_up_the_black_bowl_on_the_wooden_cabinet_and_place_it_on_the_plate,demo_29,35,agentview,cookies_1,is_left_of,akita_black_bowl_2
pick_up_the_black_bowl_on_the_wooden_cabinet_and_place_it_on_the_plate,demo_29,35,agentview,akita_black_bowl_2,is_behind,glazed_rim_porcelain_ramekin_1
pick_up_the_black_bowl_on_the_wooden_cabinet_and_place_it_on_the_plate,demo_29,35,agentview,glazed_rim_porcelain_ramekin_1,is_in_front_of,akita_black_bowl_2
pick_up_the_black_bowl_on_the_wooden_cabinet_and_place_it_on_the_plate,demo_29,35,agentview,akita_black_bowl_2,is_right_of,plate_1
pick_up_the_black_bowl_on_the_wooden_cabinet_and_place_it_on_the_plate,demo_29,35,agentview,plate_1,is_left_of,akita_black_bowl_2
pick_up_the_black_bowl_on_the_wooden_cabinet_and_place_it_on_the_plate,demo_29,35,agentview,akita_black_bowl_2,is_behind,flat_stove_1
pick_up_the_black_bowl_on_the_wooden_cabinet_and_place_it_on_the_plate,demo_29,35,agentview,flat_stove_1,is_in_front_of,akita_black_bowl_2
pick_up_the_black_bowl_on_the_wooden_cabinet_and_place_it_on_the_plate,demo_29,35,agentview,cookies_1,is_right_of,glazed_rim_porcelain_ramekin_1
pick_up_the_black_bowl_on_the_wooden_cabinet_and_place_it_on_the_plate,demo_29,35,agentview,glazed_rim_porcelain_ramekin_1,is_left_of,cookies_1
pick_up_the_black_bowl_on_the_wooden_cabinet_and_place_it_on_the_plate,demo_29,35,agentview,cookies_1,is_behind,plate_1
pick_up_the_black_bowl_on_the_wooden_cabinet_and_place_it_on_the_plate,demo_29,35,agentview,plate_1,is_in_front_of,cookies_1
pick_up_the_black_bowl_on_the_wooden_cabinet_and_place_it_on_the_plate,demo_29,35,agentview,cookies_1,is_behind,flat_stove_1
pick_up_the_black_bowl_on_the_wooden_cabinet_and_place_it_on_the_plate,demo_29,35,agentview,flat_stove_1,is_in_front_of,cookies_1
pick_up_the_black_bowl_on_the_wooden_cabinet_and_place_it_on_the_plate,demo_29,35,agentview,glazed_rim_porcelain_ramekin_1,is_behind,plate_1
pick_up_the_black_bowl_on_the_wooden_cabinet_and_place_it_on_the_plate,demo_29,35,agentview,plate_1,is_in_front_of,glazed_rim_porcelain_ramekin_1
pick_up_the_black_bowl_on_the_wooden_cabinet_and_place_it_on_the_plate,demo_29,35,agentview,glazed_rim_porcelain_ramekin_1,is_behind,flat_stove_1
pick_up_the_black_bowl_on_the_wooden_cabinet_and_place_it_on_the_plate,demo_29,35,agentview,flat_stove_1,is_in_front_of,glazed_rim_porcelain_ramekin_1
pick_up_the_black_bowl_on_the_wooden_cabinet_and_place_it_on_the_plate,demo_29,35,agentview,plate_1,is_on_top_of,flat_stove_1
pick_up_the_black_bowl_on_the_wooden_cabinet_and_place_it_on_the_plate,demo_29,35,agentview,flat_stove_1,is_below_of,plate_1
pick_up_the_black_bowl_on_the_wooden_cabinet_and_place_it_on_the_plate,demo_29,40,agentview,akita_black_bowl_1,is_on_top_of,wooden_cabinet_1
pick_up_the_black_bowl_on_the_wooden_cabinet_and_place_it_on_the_plate,demo_29,40,agentview,wooden_cabinet_1,is_below_of,akita_black_bowl_1
pick_up_the_black_bowl_on_the_wooden_cabinet_and_place_it_on_the_plate,demo_29,40,agentview,akita_black_bowl_2,is_on_top_of,wooden_cabinet_1
pick_up_the_black_bowl_on_the_wooden_cabinet_and_place_it_on_the_plate,demo_29,40,agentview,wooden_cabinet_1,is_below_of,akita_black_bowl_2
pick_up_the_black_bowl_on_the_wooden_cabinet_and_place_it_on_the_plate,demo_29,40,agentview,cookies_1,is_on_top_of,wooden_cabinet_1
pick_up_the_black_bowl_on_the_wooden_cabinet_and_place_it_on_the_plate,demo_29,40,agentview,wooden_cabinet_1,is_below_of,cookies_1
pick_up_the_black_bowl_on_the_wooden_cabinet_and_place_it_on_the_plate,demo_29,40,agentview,glazed_rim_porcelain_ramekin_1,is_on_top_of,wooden_cabinet_1
pick_up_the_black_bowl_on_the_wooden_cabinet_and_place_it_on_the_plate,demo_29,40,agentview,wooden_cabinet_1,is_below_of,glazed_rim_porcelain_ramekin_1
pick_up_the_black_bowl_on_the_wooden_cabinet_and_place_it_on_the_plate,demo_29,40,agentview,plate_1,is_on_top_of,flat_stove_1
pick_up_the_black_bowl_on_the_wooden_cabinet_and_place_it_on_the_plate,demo_29,40,agentview,flat_stove_1,is_below_of,plate_1
pick_up_the_black_bowl_on_the_wooden_cabinet_and_place_it_on_the_plate,demo_29,40,agentview,akita_black_bowl_1,is_behind,akita_black_bowl_2
pick_up_the_black_bowl_on_the_wooden_cabinet_and_place_it_on_the_plate,demo_29,40,agentview,akita_black_bowl_2,is_in_front_of,akita_black_bowl_1
pick_up_the_black_bowl_on_the_wooden_cabinet_and_place_it_on_the_plate,demo_29,40,agentview,akita_black_bowl_1,is_behind,cookies_1
pick_up_the_black_bowl_on_the_wooden_cabinet_and_place_it_on_the_plate,demo_29,40,agentview,cookies_1,is_in_front_of,akita_black_bowl_1
pick_up_the_black_bowl_on_the_wooden_cabinet_and_place_it_on_the_plate,demo_29,40,agentview,akita_black_bowl_1,is_behind,glazed_rim_porcelain_ramekin_1
pick_up_the_black_bowl_on_the_wooden_cabinet_and_place_it_on_the_plate,demo_29,40,agentview,glazed_rim_porcelain_ramekin_1,is_in_front_of,akita_black_bowl_1
pick_up_the_black_bowl_on_the_wooden_cabinet_and_place_it_on_the_plate,demo_29,40,agentview,akita_black_bowl_1,is_behind,plate_1
pick_up_the_black_bowl_on_the_wooden_cabinet_and_place_it_on_the_plate,demo_29,40,agentview,plate_1,is_in_front_of,akita_black_bowl_1
pick_up_the_black_bowl_on_the_wooden_cabinet_and_place_it_on_the_plate,demo_29,40,agentview,akita_black_bowl_2,is_left_of,cookies_1
pick_up_the_black_bowl_on_the_wooden_cabinet_and_place_it_on_the_plate,demo_29,40,agentview,cookies_1,is_right_of,akita_black_bowl_2
pick_up_the_black_bowl_on_the_wooden_cabinet_and_place_it_on_the_plate,demo_29,40,agentview,akita_black_bowl_2,is_left_of,glazed_rim_porcelain_ramekin_1
pick_up_the_black_bowl_on_the_wooden_cabinet_and_place_it_on_the_plate,demo_29,40,agentview,glazed_rim_porcelain_ramekin_1,is_right_of,akita_black_bowl_2
pick_up_the_black_bowl_on_the_wooden_cabinet_and_place_it_on_the_plate,demo_29,40,agentview,akita_black_bowl_2,is_behind,plate_1
pick_up_the_black_bowl_on_the_wooden_cabinet_and_place_it_on_the_plate,demo_29,40,agentview,plate_1,is_in_front_of,akita_black_bowl_2
pick_up_the_black_bowl_on_the_wooden_cabinet_and_place_it_on_the_plate,demo_29,40,agentview,cookies_1,is_left_of,glazed_rim_porcelain_ramekin_1
pick_up_the_black_bowl_on_the_wooden_cabinet_and_place_it_on_the_plate,demo_29,40,agentview,glazed_rim_porcelain_ramekin_1,is_right_of,cookies_1
pick_up_the_black_bowl_on_the_wooden_cabinet_and_place_it_on_the_plate,demo_29,40,agentview,cookies_1,is_behind,plate_1
pick_up_the_black_bowl_on_the_wooden_cabinet_and_place_it_on_the_plate,demo_29,40,agentview,plate_1,is_in_front_of,cookies_1
pick_up_the_black_bowl_on_the_wooden_cabinet_and_place_it_on_the_plate,demo_29,40,agentview,glazed_rim_porcelain_ramekin_1,is_behind,plate_1
pick_up_the_black_bowl_on_the_wooden_cabinet_and_place_it_on_the_plate,demo_29,40,agentview,plate_1,is_in_front_of,glazed_rim_porcelain_ramekin_1
pick_up_the_black_bowl_on_the_wooden_cabinet_and_place_it_on_the_plate,demo_29,45,agentview,akita_black_bowl_1,is_on_top_of,wooden_cabinet_1
pick_up_the_black_bowl_on_the_wooden_cabinet_and_place_it_on_the_plate,demo_29,45,agentview,wooden_cabinet_1,is_below_of,akita_black_bowl_1
pick_up_the_black_bowl_on_the_wooden_cabinet_and_place_it_on_the_plate,demo_29,45,agentview,akita_black_bowl_1,is_behind,plate_1
pick_up_the_black_bowl_on_the_wooden_cabinet_and_place_it_on_the_plate,demo_29,45,agentview,plate_1,is_in_front_of,akita_black_bowl_1
pick_up_the_black_bowl_on_the_wooden_cabinet_and_place_it_on_the_plate,demo_29,45,agentview,akita_black_bowl_1,is_behind,glazed_rim_porcelain_ramekin_1
pick_up_the_black_bowl_on_the_wooden_cabinet_and_place_it_on_the_plate,demo_29,45,agentview,glazed_rim_porcelain_ramekin_1,is_in_front_of,akita_black_bowl_1
pick_up_the_black_bowl_on_the_wooden_cabinet_and_place_it_on_the_plate,demo_29,45,agentview,akita_black_bowl_1,is_behind,cookies_1
pick_up_the_black_bowl_on_the_wooden_cabinet_and_place_it_on_the_plate,demo_29,45,agentview,cookies_1,is_in_front_of,akita_black_bowl_1
pick_up_the_black_bowl_on_the_wooden_cabinet_and_place_it_on_the_plate,demo_29,45,agentview,akita_black_bowl_1,is_behind,akita_black_bowl_2
pick_up_the_black_bowl_on_the_wooden_cabinet_and_place_it_on_the_plate,demo_29,45,agentview,akita_black_bowl_2,is_in_front_of,akita_black_bowl_1
pick_up_the_black_bowl_on_the_wooden_cabinet_and_place_it_on_the_plate,demo_29,45,agentview,akita_black_bowl_2,is_on_top_of,plate_1
pick_up_the_black_bowl_on_the_wooden_cabinet_and_place_it_on_the_plate,demo_29,45,agentview,plate_1,is_below_of,akita_black_bowl_2
pick_up_the_black_bowl_on_the_wooden_cabinet_and_place_it_on_the_plate,demo_29,45,agentview,akita_black_bowl_2,is_right_of,glazed_rim_porcelain_ramekin_1
pick_up_the_black_bowl_on_the_wooden_cabinet_and_place_it_on_the_plate,demo_29,45,agentview,glazed_rim_porcelain_ramekin_1,is_left_of,akita_black_bowl_2
pick_up_the_black_bowl_on_the_wooden_cabinet_and_place_it_on_the_plate,demo_29,45,agentview,akita_black_bowl_2,is_right_of,cookies_1
pick_up_the_black_bowl_on_the_wooden_cabinet_and_place_it_on_the_plate,demo_29,45,agentview,cookies_1,is_left_of,akita_black_bowl_2
pick_up_the_black_bowl_on_the_wooden_cabinet_and_place_it_on_the_plate,demo_29,45,agentview,plate_1,is_right_of,glazed_rim_porcelain_ramekin_1
pick_up_the_black_bowl_on_the_wooden_cabinet_and_place_it_on_the_plate,demo_29,45,agentview,glazed_rim_porcelain_ramekin_1,is_left_of,plate_1
pick_up_the_black_bowl_on_the_wooden_cabinet_and_place_it_on_the_plate,demo_29,45,agentview,plate_1,is_right_of,cookies_1
pick_up_the_black_bowl_on_the_wooden_cabinet_and_place_it_on_the_plate,demo_29,45,agentview,cookies_1,is_left_of,plate_1
pick_up_the_black_bowl_on_the_wooden_cabinet_and_place_it_on_the_plate,demo_29,45,agentview,plate_1,is_behind,wooden_cabinet_1
pick_up_the_black_bowl_on_the_wooden_cabinet_and_place_it_on_the_plate,demo_29,45,agentview,wooden_cabinet_1,is_in_front_of,plate_1
pick_up_the_black_bowl_on_the_wooden_cabinet_and_place_it_on_the_plate,demo_29,45,agentview,glazed_rim_porcelain_ramekin_1,is_right_of,cookies_1
pick_up_the_black_bowl_on_the_wooden_cabinet_and_place_it_on_the_plate,demo_29,45,agentview,cookies_1,is_left_of,glazed_rim_porcelain_ramekin_1
pick_up_the_black_bowl_on_the_wooden_cabinet_and_place_it_on_the_plate,demo_29,45,agentview,glazed_rim_porcelain_ramekin_1,is_behind,wooden_cabinet_1
pick_up_the_black_bowl_on_the_wooden_cabinet_and_place_it_on_the_plate,demo_29,45,agentview,wooden_cabinet_1,is_in_front_of,glazed_rim_porcelain_ramekin_1
pick_up_the_black_bowl_on_the_wooden_cabinet_and_place_it_on_the_plate,demo_29,45,agentview,cookies_1,is_behind,wooden_cabinet_1
pick_up_the_black_bowl_on_the_wooden_cabinet_and_place_it_on_the_plate,demo_29,45,agentview,wooden_cabinet_1,is_in_front_of,cookies_1
pick_up_the_black_bowl_on_the_wooden_cabinet_and_place_it_on_the_plate,demo_29,50,agentview,akita_black_bowl_1,is_on_top_of,wooden_cabinet_1
pick_up_the_black_bowl_on_the_wooden_cabinet_and_place_it_on_the_plate,demo_29,50,agentview,wooden_cabinet_1,is_below_of,akita_black_bowl_1
pick_up_the_black_bowl_on_the_wooden_cabinet_and_place_it_on_the_plate,demo_29,50,agentview,akita_black_bowl_2,is_on_top_of,flat_stove_1
pick_up_the_black_bowl_on_the_wooden_cabinet_and_place_it_on_the_plate,demo_29,50,agentview,flat_stove_1,is_below_of,akita_black_bowl_2
pick_up_the_black_bowl_on_the_wooden_cabinet_and_place_it_on_the_plate,demo_29,50,agentview,cookies_1,is_on_top_of,wooden_cabinet_1
pick_up_the_black_bowl_on_the_wooden_cabinet_and_place_it_on_the_plate,demo_29,50,agentview,wooden_cabinet_1,is_below_of,cookies_1
pick_up_the_black_bowl_on_the_wooden_cabinet_and_place_it_on_the_plate,demo_29,50,agentview,glazed_rim_porcelain_ramekin_1,is_on_top_of,wooden_cabinet_1
pick_up_the_black_bowl_on_the_wooden_cabinet_and_place_it_on_the_plate,demo_29,50,agentview,wooden_cabinet_1,is_below_of,glazed_rim_porcelain_ramekin_1
pick_up_the_black_bowl_on_the_wooden_cabinet_and_place_it_on_the_plate,demo_29,50,agentview,plate_1,is_on_top_of,wooden_cabinet_1
pick_up_the_black_bowl_on_the_wooden_cabinet_and_place_it_on_the_plate,demo_29,50,agentview,wooden_cabinet_1,is_below_of,plate_1
pick_up_the_black_bowl_on_the_wooden_cabinet_and_place_it_on_the_plate,demo_29,50,agentview,akita_black_bowl_1,is_behind,akita_black_bowl_2
pick_up_the_black_bowl_on_the_wooden_cabinet_and_place_it_on_the_plate,demo_29,50,agentview,akita_black_bowl_2,is_in_front_of,akita_black_bowl_1
pick_up_the_black_bowl_on_the_wooden_cabinet_and_place_it_on_the_plate,demo_29,50,agentview,akita_black_bowl_1,is_behind,cookies_1
pick_up_the_black_bowl_on_the_wooden_cabinet_and_place_it_on_the_plate,demo_29,50,agentview,cookies_1,is_in_front_of,akita_black_bowl_1
pick_up_the_black_bowl_on_the_wooden_cabinet_and_place_it_on_the_plate,demo_29,50,agentview,akita_black_bowl_1,is_behind,glazed_rim_porcelain_ramekin_1
pick_up_the_black_bowl_on_the_wooden_cabinet_and_place_it_on_the_plate,demo_29,50,agentview,glazed_rim_porcelain_ramekin_1,is_in_front_of,akita_black_bowl_1
pick_up_the_black_bowl_on_the_wooden_cabinet_and_place_it_on_the_plate,demo_29,50,agentview,akita_black_bowl_1,is_behind,plate_1
pick_up_the_black_bowl_on_the_wooden_cabinet_and_place_it_on_the_plate,demo_29,50,agentview,plate_1,is_in_front_of,akita_black_bowl_1
pick_up_the_black_bowl_on_the_wooden_cabinet_and_place_it_on_the_plate,demo_29,50,agentview,akita_black_bowl_2,is_right_of,akita_black_bowl_1
pick_up_the_black_bowl_on_the_wooden_cabinet_and_place_it_on_the_plate,demo_29,50,agentview,akita_black_bowl_1,is_left_of,akita_black_bowl_2
pick_up_the_black_bowl_on_the_wooden_cabinet_and_place_it_on_the_plate,demo_29,50,agentview,akita_black_bowl_2,is_behind,cookies_1
pick_up_the_black_bowl_on_the_wooden_cabinet_and_place_it_on_the_plate,demo_29,50,agentview,cookies_1,is_in_front_of,akita_black_bowl_2
pick_up_the_black_bowl_on_the_wooden_cabinet_and_place_it_on_the_plate,demo_29,50,agentview,akita_black_bowl_2,is_behind,glazed_rim_porcelain_ramekin_1
pick_up_the_black_bowl_on_the_wooden_cabinet_and_place_it_on_the_plate,demo_29,50,agentview,glazed_rim_porcelain_ramekin_1,is_in_front_of,akita_black_bowl_2
pick_up_the_black_bowl_on_the_wooden_cabinet_and_place_it_on_the_plate,demo_29,50,agentview,akita_black_bowl_2,is_behind,plate_1
pick_up_the_black_bowl_on_the_wooden_cabinet_and_place_it_on_the_plate,demo_29,50,agentview,plate_1,is_in_front_of,akita_black_bowl_2
pick_up_the_black_bowl_on_the_wooden_cabinet_and_place_it_on_the_plate,demo_29,50,agentview,cookies_1,is_right_of,glazed_rim_porcelain_ramekin_1
pick_up_the_black_bowl_on_the_wooden_cabinet_and_place_it_on_the_plate,demo_29,50,agentview,glazed_rim_porcelain_ramekin_1,is_left_of,cookies_1
pick_up_the_black_bowl_on_the_wooden_cabinet_and_place_it_on_the_plate,demo_29,50,agentview,cookies_1,is_right_of,plate_1
pick_up_the_black_bowl_on_the_wooden_cabinet_and_place_it_on_the_plate,demo_29,50,agentview,plate_1,is_left_of,cookies_1
pick_up_the_black_bowl_on_the_wooden_cabinet_and_place_it_on_the_plate,demo_29,50,agentview,glazed_rim_porcelain_ramekin_1,is_right_of,plate_1
pick_up_the_black_bowl_on_the_wooden_cabinet_and_place_it_on_the_plate,demo_29,50,agentview,plate_1,is_left_of,glazed_rim_porcelain_ramekin_1
pick_up_the_black_bowl_on_the_wooden_cabinet_and_place_it_on_the_plate,demo_29,55,agentview,akita_black_bowl_1,is_on_top_of,wooden_cabinet_1
pick_up_the_black_bowl_on_the_wooden_cabinet_and_place_it_on_the_plate,demo_29,55,agentview,wooden_cabinet_1,is_below_of,akita_black_bowl_1
pick_up_the_black_bowl_on_the_wooden_cabinet_and_place_it_on_the_plate,demo_29,55,agentview,akita_black_bowl_1,is_behind,akita_black_bowl_2
pick_up_the_black_bowl_on_the_wooden_cabinet_and_place_it_on_the_plate,demo_29,55,agentview,akita_black_bowl_2,is_in_front_of,akita_black_bowl_1
pick_up_the_black_bowl_on_the_wooden_cabinet_and_place_it_on_the_plate,demo_29,55,agentview,akita_black_bowl_1,is_behind,cookies_1
pick_up_the_black_bowl_on_the_wooden_cabinet_and_place_it_on_the_plate,demo_29,55,agentview,cookies_1,is_in_front_of,akita_black_bowl_1
pick_up_the_black_bowl_on_the_wooden_cabinet_and_place_it_on_the_plate,demo_29,55,agentview,akita_black_bowl_1,is_behind,glazed_rim_porcelain_ramekin_1
pick_up_the_black_bowl_on_the_wooden_cabinet_and_place_it_on_the_plate,demo_29,55,agentview,glazed_rim_porcelain_ramekin_1,is_in_front_of,akita_black_bowl_1
pick_up_the_black_bowl_on_the_wooden_cabinet_and_place_it_on_the_plate,demo_29,55,agentview,akita_black_bowl_1,is_behind,plate_1
pick_up_the_black_bowl_on_the_wooden_cabinet_and_place_it_on_the_plate,demo_29,55,agentview,plate_1,is_in_front_of,akita_black_bowl_1
pick_up_the_black_bowl_on_the_wooden_cabinet_and_place_it_on_the_plate,demo_29,55,agentview,akita_black_bowl_1,is_behind,flat_stove_1
pick_up_the_black_bowl_on_the_wooden_cabinet_and_place_it_on_the_plate,demo_29,55,agentview,flat_stove_1,is_in_front_of,akita_black_bowl_1
pick_up_the_black_bowl_on_the_wooden_cabinet_and_place_it_on_the_plate,demo_29,55,agentview,akita_black_bowl_2,is_right_of,akita_black_bowl_1
pick_up_the_black_bowl_on_the_wooden_cabinet_and_place_it_on_the_plate,demo_29,55,agentview,akita_black_bowl_1,is_left_of,akita_black_bowl_2
pick_up_the_black_bowl_on_the_wooden_cabinet_and_place_it_on_the_plate,demo_29,55,agentview,akita_black_bowl_2,is_on_top_of,wooden_cabinet_1
pick_up_the_black_bowl_on_the_wooden_cabinet_and_place_it_on_the_plate,demo_29,55,agentview,wooden_cabinet_1,is_below_of,akita_black_bowl_2
pick_up_the_black_bowl_on_the_wooden_cabinet_and_place_it_on_the_plate,demo_29,55,agentview,akita_black_bowl_2,is_behind,cookies_1
pick_up_the_black_bowl_on_the_wooden_cabinet_and_place_it_on_the_plate,demo_29,55,agentview,cookies_1,is_in_front_of,akita_black_bowl_2
pick_up_the_black_bowl_on_the_wooden_cabinet_and_place_it_on_the_plate,demo_29,55,agentview,akita_black_bowl_2,is_right_of,glazed_rim_porcelain_ramekin_1
pick_up_the_black_bowl_on_the_wooden_cabinet_and_place_it_on_the_plate,demo_29,55,agentview,glazed_rim_porcelain_ramekin_1,is_left_of,akita_black_bowl_2
pick_up_the_black_bowl_on_the_wooden_cabinet_and_place_it_on_the_plate,demo_29,55,agentview,akita_black_bowl_2,is_behind,plate_1
pick_up_the_black_bowl_on_the_wooden_cabinet_and_place_it_on_the_plate,demo_29,55,agentview,plate_1,is_in_front_of,akita_black_bowl_2
pick_up_the_black_bowl_on_the_wooden_cabinet_and_place_it_on_the_plate,demo_29,55,agentview,akita_black_bowl_2,is_behind,flat_stove_1
pick_up_the_black_bowl_on_the_wooden_cabinet_and_place_it_on_the_plate,demo_29,55,agentview,flat_stove_1,is_in_front_of,akita_black_bowl_2
pick_up_the_black_bowl_on_the_wooden_cabinet_and_place_it_on_the_plate,demo_29,55,agentview,cookies_1,is_on_top_of,wooden_cabinet_1
pick_up_the_black_bowl_on_the_wooden_cabinet_and_place_it_on_the_plate,demo_29,55,agentview,wooden_cabinet_1,is_below_of,cookies_1
pick_up_the_black_bowl_on_the_wooden_cabinet_and_place_it_on_the_plate,demo_29,55,agentview,cookies_1,is_right_of,glazed_rim_porcelain_ramekin_1
pick_up_the_black_bowl_on_the_wooden_cabinet_and_place_it_on_the_plate,demo_29,55,agentview,glazed_rim_porcelain_ramekin_1,is_left_of,cookies_1
pick_up_the_black_bowl_on_the_wooden_cabinet_and_place_it_on_the_plate,demo_29,55,agentview,cookies_1,is_behind,plate_1
pick_up_the_black_bowl_on_the_wooden_cabinet_and_place_it_on_the_plate,demo_29,55,agentview,plate_1,is_in_front_of,cookies_1
pick_up_the_black_bowl_on_the_wooden_cabinet_and_place_it_on_the_plate,demo_29,55,agentview,cookies_1,is_behind,flat_stove_1
pick_up_the_black_bowl_on_the_wooden_cabinet_and_place_it_on_the_plate,demo_29,55,agentview,flat_stove_1,is_in_front_of,cookies_1
pick_up_the_black_bowl_on_the_wooden_cabinet_and_place_it_on_the_plate,demo_29,55,agentview,glazed_rim_porcelain_ramekin_1,is_on_top_of,wooden_cabinet_1
pick_up_the_black_bowl_on_the_wooden_cabinet_and_place_it_on_the_plate,demo_29,55,agentview,wooden_cabinet_1,is_below_of,glazed_rim_porcelain_ramekin_1
pick_up_the_black_bowl_on_the_wooden_cabinet_and_place_it_on_the_plate,demo_29,55,agentview,glazed_rim_porcelain_ramekin_1,is_behind,plate_1
pick_up_the_black_bowl_on_the_wooden_cabinet_and_place_it_on_the_plate,demo_29,55,agentview,plate_1,is_in_front_of,glazed_rim_porcelain_ramekin_1
pick_up_the_black_bowl_on_the_wooden_cabinet_and_place_it_on_the_plate,demo_29,55,agentview,glazed_rim_porcelain_ramekin_1,is_behind,flat_stove_1
pick_up_the_black_bowl_on_the_wooden_cabinet_and_place_it_on_the_plate,demo_29,55,agentview,flat_stove_1,is_in_front_of,glazed_rim_porcelain_ramekin_1
pick_up_the_black_bowl_on_the_wooden_cabinet_and_place_it_on_the_plate,demo_29,55,agentview,plate_1,is_on_top_of,flat_stove_1
pick_up_the_black_bowl_on_the_wooden_cabinet_and_place_it_on_the_plate,demo_29,55,agentview,flat_stove_1,is_below_of,plate_1
pick_up_the_black_bowl_on_the_wooden_cabinet_and_place_it_on_the_plate,demo_29,60,agentview,akita_black_bowl_1,is_on_top_of,wooden_cabinet_1
pick_up_the_black_bowl_on_the_wooden_cabinet_and_place_it_on_the_plate,demo_29,60,agentview,wooden_cabinet_1,is_below_of,akita_black_bowl_1
pick_up_the_black_bowl_on_the_wooden_cabinet_and_place_it_on_the_plate,demo_29,60,agentview,akita_black_bowl_2,is_on_top_of,flat_stove_1
pick_up_the_black_bowl_on_the_wooden_cabinet_and_place_it_on_the_plate,demo_29,60,agentview,flat_stove_1,is_below_of,akita_black_bowl_2
pick_up_the_black_bowl_on_the_wooden_cabinet_and_place_it_on_the_plate,demo_29,60,agentview,cookies_1,is_on_top_of,flat_stove_1
pick_up_the_black_bowl_on_the_wooden_cabinet_and_place_it_on_the_plate,demo_29,60,agentview,flat_stove_1,is_below_of,cookies_1
pick_up_the_black_bowl_on_the_wooden_cabinet_and_place_it_on_the_plate,demo_29,60,agentview,glazed_rim_porcelain_ramekin_1,is_on_top_of,flat_stove_1
pick_up_the_black_bowl_on_the_wooden_cabinet_and_place_it_on_the_plate,demo_29,60,agentview,flat_stove_1,is_below_of,glazed_rim_porcelain_ramekin_1
pick_up_the_black_bowl_on_the_wooden_cabinet_and_place_it_on_the_plate,demo_29,60,agentview,plate_1,is_on_top_of,flat_stove_1
pick_up_the_black_bowl_on_the_wooden_cabinet_and_place_it_on_the_plate,demo_29,60,agentview,flat_stove_1,is_below_of,plate_1
pick_up_the_black_bowl_on_the_wooden_cabinet_and_place_it_on_the_plate,demo_29,60,agentview,akita_black_bowl_1,is_behind,akita_black_bowl_2
pick_up_the_black_bowl_on_the_wooden_cabinet_and_place_it_on_the_plate,demo_29,60,agentview,akita_black_bowl_2,is_in_front_of,akita_black_bowl_1
pick_up_the_black_bowl_on_the_wooden_cabinet_and_place_it_on_the_plate,demo_29,60,agentview,akita_black_bowl_1,is_behind,cookies_1
pick_up_the_black_bowl_on_the_wooden_cabinet_and_place_it_on_the_plate,demo_29,60,agentview,cookies_1,is_in_front_of,akita_black_bowl_1
pick_up_the_black_bowl_on_the_wooden_cabinet_and_place_it_on_the_plate,demo_29,60,agentview,akita_black_bowl_1,is_behind,glazed_rim_porcelain_ramekin_1
pick_up_the_black_bowl_on_the_wooden_cabinet_and_place_it_on_the_plate,demo_29,60,agentview,glazed_rim_porcelain_ramekin_1,is_in_front_of,akita_black_bowl_1
pick_up_the_black_bowl_on_the_wooden_cabinet_and_place_it_on_the_plate,demo_29,60,agentview,akita_black_bowl_1,is_behind,plate_1
pick_up_the_black_bowl_on_the_wooden_cabinet_and_place_it_on_the_plate,demo_29,60,agentview,plate_1,is_in_front_of,akita_black_bowl_1
pick_up_the_black_bowl_on_the_wooden_cabinet_and_place_it_on_the_plate,demo_29,60,agentview,akita_black_bowl_2,is_left_of,cookies_1
pick_up_the_black_bowl_on_the_wooden_cabinet_and_place_it_on_the_plate,demo_29,60,agentview,cookies_1,is_right_of,akita_black_bowl_2
pick_up_the_black_bowl_on_the_wooden_cabinet_and_place_it_on_the_plate,demo_29,60,agentview,akita_black_bowl_2,is_left_of,glazed_rim_porcelain_ramekin_1
pick_up_the_black_bowl_on_the_wooden_cabinet_and_place_it_on_the_plate,demo_29,60,agentview,glazed_rim_porcelain_ramekin_1,is_right_of,akita_black_bowl_2
pick_up_the_black_bowl_on_the_wooden_cabinet_and_place_it_on_the_plate,demo_29,60,agentview,akita_black_bowl_2,is_left_of,plate_1
pick_up_the_black_bowl_on_the_wooden_cabinet_and_place_it_on_the_plate,demo_29,60,agentview,plate_1,is_right_of,akita_black_bowl_2
pick_up_the_black_bowl_on_the_wooden_cabinet_and_place_it_on_the_plate,demo_29,60,agentview,cookies_1,is_left_of,glazed_rim_porcelain_ramekin_1
pick_up_the_black_bowl_on_the_wooden_cabinet_and_place_it_on_the_plate,demo_29,60,agentview,glazed_rim_porcelain_ramekin_1,is_right_of,cookies_1
pick_up_the_black_bowl_on_the_wooden_cabinet_and_place_it_on_the_plate,demo_29,60,agentview,cookies_1,is_left_of,plate_1
pick_up_the_black_bowl_on_the_wooden_cabinet_and_place_it_on_the_plate,demo_29,60,agentview,plate_1,is_right_of,cookies_1
pick_up_the_black_bowl_on_the_wooden_cabinet_and_place_it_on_the_plate,demo_29,60,agentview,glazed_rim_porcelain_ramekin_1,is_left_of,plate_1
pick_up_the_black_bowl_on_the_wooden_cabinet_and_place_it_on_the_plate,demo_29,60,agentview,plate_1,is_right_of,glazed_rim_porcelain_ramekin_1
pick_up_the_black_bowl_on_the_wooden_cabinet_and_place_it_on_the_plate,demo_29,65,agentview,akita_black_bowl_1,is_on_top_of,wooden_cabinet_1
pick_up_the_black_bowl_on_the_wooden_cabinet_and_place_it_on_the_plate,demo_29,65,agentview,wooden_cabinet_1,is_below_of,akita_black_bowl_1
pick_up_the_black_bowl_on_the_wooden_cabinet_and_place_it_on_the_plate,demo_29,65,agentview,akita_black_bowl_2,is_on_top_of,plate_1
pick_up_the_black_bowl_on_the_wooden_cabinet_and_place_it_on_the_plate,demo_29,65,agentview,plate_1,is_below_of,akita_black_bowl_2
pick_up_the_black_bowl_on_the_wooden_cabinet_and_place_it_on_the_plate,demo_29,65,agentview,cookies_1,is_on_top_of,flat_stove_1
pick_up_the_black_bowl_on_the_wooden_cabinet_and_place_it_on_the_plate,demo_29,65,agentview,flat_stove_1,is_below_of,cookies_1
pick_up_the_black_bowl_on_the_wooden_cabinet_and_place_it_on_the_plate,demo_29,65,agentview,glazed_rim_porcelain_ramekin_1,is_on_top_of,flat_stove_1
pick_up_the_black_bowl_on_the_wooden_cabinet_and_place_it_on_the_plate,demo_29,65,agentview,flat_stove_1,is_below_of,glazed_rim_porcelain_ramekin_1
pick_up_the_black_bowl_on_the_wooden_cabinet_and_place_it_on_the_plate,demo_29,65,agentview,plate_1,is_on_top_of,flat_stove_1
pick_up_the_black_bowl_on_the_wooden_cabinet_and_place_it_on_the_plate,demo_29,65,agentview,flat_stove_1,is_below_of,plate_1
pick_up_the_black_bowl_on_the_wooden_cabinet_and_place_it_on_the_plate,demo_29,65,agentview,akita_black_bowl_1,is_behind,akita_black_bowl_2
pick_up_the_black_bowl_on_the_wooden_cabinet_and_place_it_on_the_plate,demo_29,65,agentview,akita_black_bowl_2,is_in_front_of,akita_black_bowl_1
pick_up_the_black_bowl_on_the_wooden_cabinet_and_place_it_on_the_plate,demo_29,65,agentview,akita_black_bowl_1,is_behind,cookies_1
pick_up_the_black_bowl_on_the_wooden_cabinet_and_place_it_on_the_plate,demo_29,65,agentview,cookies_1,is_in_front_of,akita_black_bowl_1
pick_up_the_black_bowl_on_the_wooden_cabinet_and_place_it_on_the_plate,demo_29,65,agentview,akita_black_bowl_1,is_behind,glazed_rim_porcelain_ramekin_1
pick_up_the_black_bowl_on_the_wooden_cabinet_and_place_it_on_the_plate,demo_29,65,agentview,glazed_rim_porcelain_ramekin_1,is_in_front_of,akita_black_bowl_1
pick_up_the_black_bowl_on_the_wooden_cabinet_and_place_it_on_the_plate,demo_29,65,agentview,akita_black_bowl_1,is_behind,plate_1
pick_up_the_black_bowl_on_the_wooden_cabinet_and_place_it_on_the_plate,demo_29,65,agentview,plate_1,is_in_front_of,akita_black_bowl_1
pick_up_the_black_bowl_on_the_wooden_cabinet_and_place_it_on_the_plate,demo_29,65,agentview,akita_black_bowl_2,is_left_of,cookies_1
pick_up_the_black_bowl_on_the_wooden_cabinet_and_place_it_on_the_plate,demo_29,65,agentview,cookies_1,is_right_of,akita_black_bowl_2
pick_up_the_black_bowl_on_the_wooden_cabinet_and_place_it_on_the_plate,demo_29,65,agentview,akita_black_bowl_2,is_behind,glazed_rim_porcelain_ramekin_1
pick_up_the_black_bowl_on_the_wooden_cabinet_and_place_it_on_the_plate,demo_29,65,agentview,glazed_rim_porcelain_ramekin_1,is_in_front_of,akita_black_bowl_2
pick_up_the_black_bowl_on_the_wooden_cabinet_and_place_it_on_the_plate,demo_29,65,agentview,akita_black_bowl_2,is_left_of,plate_1
pick_up_the_black_bowl_on_the_wooden_cabinet_and_place_it_on_the_plate,demo_29,65,agentview,plate_1,is_right_of,akita_black_bowl_2
pick_up_the_black_bowl_on_the_wooden_cabinet_and_place_it_on_the_plate,demo_29,65,agentview,cookies_1,is_right_of,glazed_rim_porcelain_ramekin_1
pick_up_the_black_bowl_on_the_wooden_cabinet_and_place_it_on_the_plate,demo_29,65,agentview,glazed_rim_porcelain_ramekin_1,is_left_of,cookies_1
pick_up_the_black_bowl_on_the_wooden_cabinet_and_place_it_on_the_plate,demo_29,65,agentview,cookies_1,is_behind,plate_1
pick_up_the_black_bowl_on_the_wooden_cabinet_and_place_it_on_the_plate,demo_29,65,agentview,plate_1,is_in_front_of,cookies_1
pick_up_the_black_bowl_on_the_wooden_cabinet_and_place_it_on_the_plate,demo_29,65,agentview,glazed_rim_porcelain_ramekin_1,is_behind,plate_1
pick_up_the_black_bowl_on_the_wooden_cabinet_and_place_it_on_the_plate,demo_29,65,agentview,plate_1,is_in_front_of,glazed_rim_porcelain_ramekin_1
pick_up_the_black_bowl_on_the_wooden_cabinet_and_place_it_on_the_plate,demo_29,65,agentview,wooden_cabinet_1,is_behind,akita_black_bowl_2
pick_up_the_black_bowl_on_the_wooden_cabinet_and_place_it_on_the_plate,demo_29,65,agentview,akita_black_bowl_2,is_in_front_of,wooden_cabinet_1
pick_up_the_black_bowl_on_the_wooden_cabinet_and_place_it_on_the_plate,demo_29,65,agentview,wooden_cabinet_1,is_behind,cookies_1
pick_up_the_black_bowl_on_the_wooden_cabinet_and_place_it_on_the_plate,demo_29,65,agentview,cookies_1,is_in_front_of,wooden_cabinet_1
pick_up_the_black_bowl_on_the_wooden_cabinet_and_place_it_on_the_plate,demo_29,65,agentview,wooden_cabinet_1,is_behind,glazed_rim_porcelain_ramekin_1
pick_up_the_black_bowl_on_the_wooden_cabinet_and_place_it_on_the_plate,demo_29,65,agentview,glazed_rim_porcelain_ramekin_1,is_in_front_of,wooden_cabinet_1
pick_up_the_black_bowl_on_the_wooden_cabinet_and_place_it_on_the_plate,demo_29,65,agentview,wooden_cabinet_1,is_behind,plate_1
pick_up_the_black_bowl_on_the_wooden_cabinet_and_place_it_on_the_plate,demo_29,65,agentview,plate_1,is_in_front_of,wooden_cabinet_1
pick_up_the_black_bowl_on_the_wooden_cabinet_and_place_it_on_the_plate,demo_29,70,agentview,akita_black_bowl_1,is_on_top_of,wooden_cabinet_1
pick_up_the_black_bowl_on_the_wooden_cabinet_and_place_it_on_the_plate,demo_29,70,agentview,wooden_cabinet_1,is_below_of,akita_black_bowl_1
pick_up_the_black_bowl_on_the_wooden_cabinet_and_place_it_on_the_plate,demo_29,70,agentview,akita_black_bowl_2,is_on_top_of,flat_stove_1
pick_up_the_black_bowl_on_the_wooden_cabinet_and_place_it_on_the_plate,demo_29,70,agentview,flat_stove_1,is_below_of,akita_black_bowl_2
pick_up_the_black_bowl_on_the_wooden_cabinet_and_place_it_on_the_plate,demo_29,70,agentview,cookies_1,is_on_top_of,flat_stove_1
pick_up_the_black_bowl_on_the_wooden_cabinet_and_place_it_on_the_plate,demo_29,70,agentview,flat_stove_1,is_below_of,cookies_1
pick_up_the_black_bowl_on_the_wooden_cabinet_and_place_it_on_the_plate,demo_29,70,agentview,glazed_rim_porcelain_ramekin_1,is_on_top_of,flat_stove_1
pick_up_the_black_bowl_on_the_wooden_cabinet_and_place_it_on_the_plate,demo_29,70,agentview,flat_stove_1,is_below_of,glazed_rim_porcelain_ramekin_1
pick_up_the_black_bowl_on_the_wooden_cabinet_and_place_it_on_the_plate,demo_29,70,agentview,plate_1,is_on_top_of,flat_stove_1
pick_up_the_black_bowl_on_the_wooden_cabinet_and_place_it_on_the_plate,demo_29,70,agentview,flat_stove_1,is_below_of,plate_1
pick_up_the_black_bowl_on_the_wooden_cabinet_and_place_it_on_the_plate,demo_29,70,agentview,akita_black_bowl_1,is_behind,akita_black_bowl_2
pick_up_the_black_bowl_on_the_wooden_cabinet_and_place_it_on_the_plate,demo_29,70,agentview,akita_black_bowl_2,is_in_front_of,akita_black_bowl_1
pick_up_the_black_bowl_on_the_wooden_cabinet_and_place_it_on_the_plate,demo_29,70,agentview,akita_black_bowl_1,is_behind,cookies_1
pick_up_the_black_bowl_on_the_wooden_cabinet_and_place_it_on_the_plate,demo_29,70,agentview,cookies_1,is_in_front_of,akita_black_bowl_1
pick_up_the_black_bowl_on_the_wooden_cabinet_and_place_it_on_the_plate,demo_29,70,agentview,akita_black_bowl_1,is_behind,glazed_rim_porcelain_ramekin_1
pick_up_the_black_bowl_on_the_wooden_cabinet_and_place_it_on_the_plate,demo_29,70,agentview,glazed_rim_porcelain_ramekin_1,is_in_front_of,akita_black_bowl_1
pick_up_the_black_bowl_on_the_wooden_cabinet_and_place_it_on_the_plate,demo_29,70,agentview,akita_black_bowl_1,is_behind,plate_1
pick_up_the_black_bowl_on_the_wooden_cabinet_and_place_it_on_the_plate,demo_29,70,agentview,plate_1,is_in_front_of,akita_black_bowl_1
pick_up_the_black_bowl_on_the_wooden_cabinet_and_place_it_on_the_plate,demo_29,70,agentview,akita_black_bowl_2,is_left_of,cookies_1
pick_up_the_black_bowl_on_the_wooden_cabinet_and_place_it_on_the_plate,demo_29,70,agentview,cookies_1,is_right_of,akita_black_bowl_2
pick_up_the_black_bowl_on_the_wooden_cabinet_and_place_it_on_the_plate,demo_29,70,agentview,akita_black_bowl_2,is_left_of,glazed_rim_porcelain_ramekin_1
pick_up_the_black_bowl_on_the_wooden_cabinet_and_place_it_on_the_plate,demo_29,70,agentview,glazed_rim_porcelain_ramekin_1,is_right_of,akita_black_bowl_2
pick_up_the_black_bowl_on_the_wooden_cabinet_and_place_it_on_the_plate,demo_29,70,agentview,akita_black_bowl_2,is_behind,plate_1
pick_up_the_black_bowl_on_the_wooden_cabinet_and_place_it_on_the_plate,demo_29,70,agentview,plate_1,is_in_front_of,akita_black_bowl_2
pick_up_the_black_bowl_on_the_wooden_cabinet_and_place_it_on_the_plate,demo_29,70,agentview,cookies_1,is_left_of,glazed_rim_porcelain_ramekin_1
pick_up_the_black_bowl_on_the_wooden_cabinet_and_place_it_on_the_plate,demo_29,70,agentview,glazed_rim_porcelain_ramekin_1,is_right_of,cookies_1
pick_up_the_black_bowl_on_the_wooden_cabinet_and_place_it_on_the_plate,demo_29,70,agentview,cookies_1,is_behind,plate_1
pick_up_the_black_bowl_on_the_wooden_cabinet_and_place_it_on_the_plate,demo_29,70,agentview,plate_1,is_in_front_of,cookies_1
pick_up_the_black_bowl_on_the_wooden_cabinet_and_place_it_on_the_plate,demo_29,70,agentview,glazed_rim_porcelain_ramekin_1,is_behind,plate_1
pick_up_the_black_bowl_on_the_wooden_cabinet_and_place_it_on_the_plate,demo_29,70,agentview,plate_1,is_in_front_of,glazed_rim_porcelain_ramekin_1
pick_up_the_black_bowl_on_the_wooden_cabinet_and_place_it_on_the_plate,demo_29,75,agentview,akita_black_bowl_1,is_on_top_of,wooden_cabinet_1
pick_up_the_black_bowl_on_the_wooden_cabinet_and_place_it_on_the_plate,demo_29,75,agentview,wooden_cabinet_1,is_below_of,akita_black_bowl_1
pick_up_the_black_bowl_on_the_wooden_cabinet_and_place_it_on_the_plate,demo_29,75,agentview,akita_black_bowl_1,is_behind,akita_black_bowl_2
pick_up_the_black_bowl_on_the_wooden_cabinet_and_place_it_on_the_plate,demo_29,75,agentview,akita_black_bowl_2,is_in_front_of,akita_black_bowl_1
pick_up_the_black_bowl_on_the_wooden_cabinet_and_place_it_on_the_plate,demo_29,75,agentview,akita_black_bowl_1,is_behind,cookies_1
pick_up_the_black_bowl_on_the_wooden_cabinet_and_place_it_on_the_plate,demo_29,75,agentview,cookies_1,is_in_front_of,akita_black_bowl_1
pick_up_the_black_bowl_on_the_wooden_cabinet_and_place_it_on_the_plate,demo_29,75,agentview,akita_black_bowl_1,is_behind,glazed_rim_porcelain_ramekin_1
pick_up_the_black_bowl_on_the_wooden_cabinet_and_place_it_on_the_plate,demo_29,75,agentview,glazed_rim_porcelain_ramekin_1,is_in_front_of,akita_black_bowl_1
pick_up_the_black_bowl_on_the_wooden_cabinet_and_place_it_on_the_plate,demo_29,75,agentview,akita_black_bowl_1,is_behind,plate_1
pick_up_the_black_bowl_on_the_wooden_cabinet_and_place_it_on_the_plate,demo_29,75,agentview,plate_1,is_in_front_of,akita_black_bowl_1
pick_up_the_black_bowl_on_the_wooden_cabinet_and_place_it_on_the_plate,demo_29,75,agentview,akita_black_bowl_1,is_behind,flat_stove_1
pick_up_the_black_bowl_on_the_wooden_cabinet_and_place_it_on_the_plate,demo_29,75,agentview,flat_stove_1,is_in_front_of,akita_black_bowl_1
pick_up_the_black_bowl_on_the_wooden_cabinet_and_place_it_on_the_plate,demo_29,75,agentview,akita_black_bowl_2,is_on_top_of,plate_1
pick_up_the_black_bowl_on_the_wooden_cabinet_and_place_it_on_the_plate,demo_29,75,agentview,plate_1,is_below_of,akita_black_bowl_2
pick_up_the_black_bowl_on_the_wooden_cabinet_and_place_it_on_the_plate,demo_29,75,agentview,akita_black_bowl_2,is_right_of,cookies_1
pick_up_the_black_bowl_on_the_wooden_cabinet_and_place_it_on_the_plate,demo_29,75,agentview,cookies_1,is_left_of,akita_black_bowl_2
pick_up_the_black_bowl_on_the_wooden_cabinet_and_place_it_on_the_plate,demo_29,75,agentview,akita_black_bowl_2,is_behind,glazed_rim_porcelain_ramekin_1
pick_up_the_black_bowl_on_the_wooden_cabinet_and_place_it_on_the_plate,demo_29,75,agentview,glazed_rim_porcelain_ramekin_1,is_in_front_of,akita_black_bowl_2
pick_up_the_black_bowl_on_the_wooden_cabinet_and_place_it_on_the_plate,demo_29,75,agentview,akita_black_bowl_2,is_right_of,plate_1
pick_up_the_black_bowl_on_the_wooden_cabinet_and_place_it_on_the_plate,demo_29,75,agentview,plate_1,is_left_of,akita_black_bowl_2
pick_up_the_black_bowl_on_the_wooden_cabinet_and_place_it_on_the_plate,demo_29,75,agentview,akita_black_bowl_2,is_behind,flat_stove_1
pick_up_the_black_bowl_on_the_wooden_cabinet_and_place_it_on_the_plate,demo_29,75,agentview,flat_stove_1,is_in_front_of,akita_black_bowl_2
pick_up_the_black_bowl_on_the_wooden_cabinet_and_place_it_on_the_plate,demo_29,75,agentview,cookies_1,is_on_top_of,plate_1
pick_up_the_black_bowl_on_the_wooden_cabinet_and_place_it_on_the_plate,demo_29,75,agentview,plate_1,is_below_of,cookies_1
pick_up_the_black_bowl_on_the_wooden_cabinet_and_place_it_on_the_plate,demo_29,75,agentview,cookies_1,is_left_of,glazed_rim_porcelain_ramekin_1
pick_up_the_black_bowl_on_the_wooden_cabinet_and_place_it_on_the_plate,demo_29,75,agentview,glazed_rim_porcelain_ramekin_1,is_right_of,cookies_1
pick_up_the_black_bowl_on_the_wooden_cabinet_and_place_it_on_the_plate,demo_29,75,agentview,cookies_1,is_behind,flat_stove_1
pick_up_the_black_bowl_on_the_wooden_cabinet_and_place_it_on_the_plate,demo_29,75,agentview,flat_stove_1,is_in_front_of,cookies_1
pick_up_the_black_bowl_on_the_wooden_cabinet_and_place_it_on_the_plate,demo_29,75,agentview,glazed_rim_porcelain_ramekin_1,is_on_top_of,plate_1
pick_up_the_black_bowl_on_the_wooden_cabinet_and_place_it_on_the_plate,demo_29,75,agentview,plate_1,is_below_of,glazed_rim_porcelain_ramekin_1
pick_up_the_black_bowl_on_the_wooden_cabinet_and_place_it_on_the_plate,demo_29,75,agentview,glazed_rim_porcelain_ramekin_1,is_right_of,plate_1
pick_up_the_black_bowl_on_the_wooden_cabinet_and_place_it_on_the_plate,demo_29,75,agentview,plate_1,is_left_of,glazed_rim_porcelain_ramekin_1
pick_up_the_black_bowl_on_the_wooden_cabinet_and_place_it_on_the_plate,demo_29,75,agentview,glazed_rim_porcelain_ramekin_1,is_behind,flat_stove_1
pick_up_the_black_bowl_on_the_wooden_cabinet_and_place_it_on_the_plate,demo_29,75,agentview,flat_stove_1,is_in_front_of,glazed_rim_porcelain_ramekin_1
pick_up_the_black_bowl_on_the_wooden_cabinet_and_place_it_on_the_plate,demo_29,75,agentview,plate_1,is_on_top_of,flat_stove_1
pick_up_the_black_bowl_on_the_wooden_cabinet_and_place_it_on_the_plate,demo_29,75,agentview,flat_stove_1,is_below_of,plate_1
pick_up_the_black_bowl_on_the_wooden_cabinet_and_place_it_on_the_plate,demo_29,80,agentview,akita_black_bowl_1,is_on_top_of,wooden_cabinet_1
pick_up_the_black_bowl_on_the_wooden_cabinet_and_place_it_on_the_plate,demo_29,80,agentview,wooden_cabinet_1,is_below_of,akita_black_bowl_1
pick_up_the_black_bowl_on_the_wooden_cabinet_and_place_it_on_the_plate,demo_29,80,agentview,akita_black_bowl_2,is_on_top_of,plate_1
pick_up_the_black_bowl_on_the_wooden_cabinet_and_place_it_on_the_plate,demo_29,80,agentview,plate_1,is_below_of,akita_black_bowl_2
pick_up_the_black_bowl_on_the_wooden_cabinet_and_place_it_on_the_plate,demo_29,80,agentview,cookies_1,is_on_top_of,flat_stove_1
pick_up_the_black_bowl_on_the_wooden_cabinet_and_place_it_on_the_plate,demo_29,80,agentview,flat_stove_1,is_below_of,cookies_1
pick_up_the_black_bowl_on_the_wooden_cabinet_and_place_it_on_the_plate,demo_29,80,agentview,glazed_rim_porcelain_ramekin_1,is_right_of,akita_black_bowl_1
pick_up_the_black_bowl_on_the_wooden_cabinet_and_place_it_on_the_plate,demo_29,80,agentview,akita_black_bowl_1,is_left_of,glazed_rim_porcelain_ramekin_1
pick_up_the_black_bowl_on_the_wooden_cabinet_and_place_it_on_the_plate,demo_29,80,agentview,glazed_rim_porcelain_ramekin_1,is_behind,akita_black_bowl_1
pick_up_the_black_bowl_on_the_wooden_cabinet_and_place_it_on_the_plate,demo_29,80,agentview,akita_black_bowl_1,is_in_front_of,glazed_rim_porcelain_ramekin_1
pick_up_the_black_bowl_on_the_wooden_cabinet_and_place_it_on_the_plate,demo_29,80,agentview,glazed_rim_porcelain_ramekin_1,is_right_of,wooden_cabinet_1
pick_up_the_black_bowl_on_the_wooden_cabinet_and_place_it_on_the_plate,demo_29,80,agentview,wooden_cabinet_1,is_left_of,glazed_rim_porcelain_ramekin_1
pick_up_the_black_bowl_on_the_wooden_cabinet_and_place_it_on_the_plate,demo_29,80,agentview,glazed_rim_porcelain_ramekin_1,is_behind,wooden_cabinet_1
pick_up_the_black_bowl_on_the_wooden_cabinet_and_place_it_on_the_plate,demo_29,80,agentview,wooden_cabinet_1,is_in_front_of,glazed_rim_porcelain_ramekin_1
pick_up_the_black_bowl_on_the_wooden_cabinet_and_place_it_on_the_plate,demo_29,80,agentview,glazed_rim_porcelain_ramekin_1,is_behind,akita_black_bowl_2
pick_up_the_black_bowl_on_the_wooden_cabinet_and_place_it_on_the_plate,demo_29,80,agentview,akita_black_bowl_2,is_in_front_of,glazed_rim_porcelain_ramekin_1
pick_up_the_black_bowl_on_the_wooden_cabinet_and_place_it_on_the_plate,demo_29,80,agentview,glazed_rim_porcelain_ramekin_1,is_right_of,plate_1
pick_up_the_black_bowl_on_the_wooden_cabinet_and_place_it_on_the_plate,demo_29,80,agentview,plate_1,is_left_of,glazed_rim_porcelain_ramekin_1
pick_up_the_black_bowl_on_the_wooden_cabinet_and_place_it_on_the_plate,demo_29,80,agentview,glazed_rim_porcelain_ramekin_1,is_behind,plate_1
pick_up_the_black_bowl_on_the_wooden_cabinet_and_place_it_on_the_plate,demo_29,80,agentview,plate_1,is_in_front_of,glazed_rim_porcelain_ramekin_1
pick_up_the_black_bowl_on_the_wooden_cabinet_and_place_it_on_the_plate,demo_29,80,agentview,glazed_rim_porcelain_ramekin_1,is_behind,cookies_1
pick_up_the_black_bowl_on_the_wooden_cabinet_and_place_it_on_the_plate,demo_29,80,agentview,cookies_1,is_in_front_of,glazed_rim_porcelain_ramekin_1
pick_up_the_black_bowl_on_the_wooden_cabinet_and_place_it_on_the_plate,demo_29,80,agentview,glazed_rim_porcelain_ramekin_1,is_right_of,flat_stove_1
pick_up_the_black_bowl_on_the_wooden_cabinet_and_place_it_on_the_plate,demo_29,80,agentview,flat_stove_1,is_left_of,glazed_rim_porcelain_ramekin_1
pick_up_the_black_bowl_on_the_wooden_cabinet_and_place_it_on_the_plate,demo_29,80,agentview,glazed_rim_porcelain_ramekin_1,is_behind,flat_stove_1
pick_up_the_black_bowl_on_the_wooden_cabinet_and_place_it_on_the_plate,demo_29,80,agentview,flat_stove_1,is_in_front_of,glazed_rim_porcelain_ramekin_1
pick_up_the_black_bowl_on_the_wooden_cabinet_and_place_it_on_the_plate,demo_29,80,agentview,akita_black_bowl_1,is_behind,akita_black_bowl_2
pick_up_the_black_bowl_on_the_wooden_cabinet_and_place_it_on_the_plate,demo_29,80,agentview,akita_black_bowl_2,is_in_front_of,akita_black_bowl_1
pick_up_the_black_bowl_on_the_wooden_cabinet_and_place_it_on_the_plate,demo_29,80,agentview,akita_black_bowl_1,is_behind,plate_1
pick_up_the_black_bowl_on_the_wooden_cabinet_and_place_it_on_the_plate,demo_29,80,agentview,plate_1,is_in_front_of,akita_black_bowl_1
pick_up_the_black_bowl_on_the_wooden_cabinet_and_place_it_on_the_plate,demo_29,80,agentview,akita_black_bowl_1,is_right_of,wooden_cabinet_1
pick_up_the_black_bowl_on_the_wooden_cabinet_and_place_it_on_the_plate,demo_29,80,agentview,wooden_cabinet_1,is_left_of,akita_black_bowl_1
pick_up_the_black_bowl_on_the_wooden_cabinet_and_place_it_on_the_plate,demo_29,80,agentview,akita_black_bowl_1,is_behind,cookies_1
pick_up_the_black_bowl_on_the_wooden_cabinet_and_place_it_on_the_plate,demo_29,80,agentview,cookies_1,is_in_front_of,akita_black_bowl_1
pick_up_the_black_bowl_on_the_wooden_cabinet_and_place_it_on_the_plate,demo_29,80,agentview,akita_black_bowl_1,is_right_of,flat_stove_1
pick_up_the_black_bowl_on_the_wooden_cabinet_and_place_it_on_the_plate,demo_29,80,agentview,flat_stove_1,is_left_of,akita_black_bowl_1
pick_up_the_black_bowl_on_the_wooden_cabinet_and_place_it_on_the_plate,demo_29,80,agentview,akita_black_bowl_2,is_right_of,wooden_cabinet_1
pick_up_the_black_bowl_on_the_wooden_cabinet_and_place_it_on_the_plate,demo_29,80,agentview,wooden_cabinet_1,is_left_of,akita_black_bowl_2
pick_up_the_black_bowl_on_the_wooden_cabinet_and_place_it_on_the_plate,demo_29,80,agentview,akita_black_bowl_2,is_in_front_of,wooden_cabinet_1
pick_up_the_black_bowl_on_the_wooden_cabinet_and_place_it_on_the_plate,demo_29,80,agentview,wooden_cabinet_1,is_behind,akita_black_bowl_2
pick_up_the_black_bowl_on_the_wooden_cabinet_and_place_it_on_the_plate,demo_29,80,agentview,akita_black_bowl_2,is_right_of,cookies_1
pick_up_the_black_bowl_on_the_wooden_cabinet_and_place_it_on_the_plate,demo_29,80,agentview,cookies_1,is_left_of,akita_black_bowl_2
pick_up_the_black_bowl_on_the_wooden_cabinet_and_place_it_on_the_plate,demo_29,80,agentview,akita_black_bowl_2,is_in_front_of,cookies_1
pick_up_the_black_bowl_on_the_wooden_cabinet_and_place_it_on_the_plate,demo_29,80,agentview,cookies_1,is_behind,akita_black_bowl_2
pick_up_the_black_bowl_on_the_wooden_cabinet_and_place_it_on_the_plate,demo_29,80,agentview,akita_black_bowl_2,is_right_of,flat_stove_1
pick_up_the_black_bowl_on_the_wooden_cabinet_and_place_it_on_the_plate,demo_29,80,agentview,flat_stove_1,is_left_of,akita_black_bowl_2
pick_up_the_black_bowl_on_the_wooden_cabinet_and_place_it_on_the_plate,demo_29,80,agentview,plate_1,is_right_of,wooden_cabinet_1
pick_up_the_black_bowl_on_the_wooden_cabinet_and_place_it_on_the_plate,demo_29,80,agentview,wooden_cabinet_1,is_left_of,plate_1
pick_up_the_black_bowl_on_the_wooden_cabinet_and_place_it_on_the_plate,demo_29,80,agentview,plate_1,is_in_front_of,wooden_cabinet_1
pick_up_the_black_bowl_on_the_wooden_cabinet_and_place_it_on_the_plate,demo_29,80,agentview,wooden_cabinet_1,is_behind,plate_1
pick_up_the_black_bowl_on_the_wooden_cabinet_and_place_it_on_the_plate,demo_29,80,agentview,plate_1,is_left_of,cookies_1
pick_up_the_black_bowl_on_the_wooden_cabinet_and_place_it_on_the_plate,demo_29,80,agentview,cookies_1,is_right_of,plate_1
pick_up_the_black_bowl_on_the_wooden_cabinet_and_place_it_on_the_plate,demo_29,80,agentview,plate_1,is_in_front_of,cookies_1
pick_up_the_black_bowl_on_the_wooden_cabinet_and_place_it_on_the_plate,demo_29,80,agentview,cookies_1,is_behind,plate_1
pick_up_the_black_bowl_on_the_wooden_cabinet_and_place_it_on_the_plate,demo_29,80,agentview,plate_1,is_right_of,flat_stove_1
pick_up_the_black_bowl_on_the_wooden_cabinet_and_place_it_on_the_plate,demo_29,80,agentview,flat_stove_1,is_left_of,plate_1
pick_up_the_black_bowl_on_the_wooden_cabinet_and_place_it_on_the_plate,demo_29,80,agentview,cookies_1,is_right_of,wooden_cabinet_1
pick_up_the_black_bowl_on_the_wooden_cabinet_and_place_it_on_the_plate,demo_29,80,agentview,wooden_cabinet_1,is_left_of,cookies_1
pick_up_the_black_bowl_on_the_wooden_cabinet_and_place_it_on_the_plate,demo_29,80,agentview,cookies_1,is_in_front_of,wooden_cabinet_1
pick_up_the_black_bowl_on_the_wooden_cabinet_and_place_it_on_the_plate,demo_29,80,agentview,wooden_cabinet_1,is_behind,cookies_1
pick_up_the_black_bowl_on_the_wooden_cabinet_and_place_it_on_the_plate,demo_29,85,agentview,akita_black_bowl_1,is_on_top_of,wooden_cabinet_1
pick_up_the_black_bowl_on_the_wooden_cabinet_and_place_it_on_the_plate,demo_29,85,agentview,wooden_cabinet_1,is_below_of,akita_black_bowl_1
pick_up_the_black_bowl_on_the_wooden_cabinet_and_place_it_on_the_plate,demo_29,85,agentview,akita_black_bowl_2,is_on_top_of,plate_1
pick_up_the_black_bowl_on_the_wooden_cabinet_and_place_it_on_the_plate,demo_29,85,agentview,plate_1,is_below_of,akita_black_bowl_2
pick_up_the_black_bowl_on_the_wooden_cabinet_and_place_it_on_the_plate,demo_29,85,agentview,cookies_1,is_on_top_of,flat_stove_1
pick_up_the_black_bowl_on_the_wooden_cabinet_and_place_it_on_the_plate,demo_29,85,agentview,flat_stove_1,is_below_of,cookies_1
pick_up_the_black_bowl_on_the_wooden_cabinet_and_place_it_on_the_plate,demo_29,85,agentview,glazed_rim_porcelain_ramekin_1,is_on_top_of,flat_stove_1
pick_up_the_black_bowl_on_the_wooden_cabinet_and_place_it_on_the_plate,demo_29,85,agentview,flat_stove_1,is_below_of,glazed_rim_porcelain_ramekin_1
pick_up_the_black_bowl_on_the_wooden_cabinet_and_place_it_on_the_plate,demo_29,85,agentview,plate_1,is_right_of,akita_black_bowl_1
pick_up_the_black_bowl_on_the_wooden_cabinet_and_place_it_on_the_plate,demo_29,85,agentview,akita_black_bowl_1,is_left_of,plate_1
pick_up_the_black_bowl_on_the_wooden_cabinet_and_place_it_on_the_plate,demo_29,85,agentview,plate_1,is_right_of,wooden_cabinet_1
pick_up_the_black_bowl_on_the_wooden_cabinet_and_place_it_on_the_plate,demo_29,85,agentview,wooden_cabinet_1,is_left_of,plate_1
pick_up_the_black_bowl_on_the_wooden_cabinet_and_place_it_on_the_plate,demo_29,85,agentview,plate_1,is_in_front_of,akita_black_bowl_1
pick_up_the_black_bowl_on_the_wooden_cabinet_and_place_it_on_the_plate,demo_29,85,agentview,akita_black_bowl_1,is_behind,plate_1
pick_up_the_black_bowl_on_the_wooden_cabinet_and_place_it_on_the_plate,demo_29,85,agentview,plate_1,is_in_front_of,wooden_cabinet_1
pick_up_the_black_bowl_on_the_wooden_cabinet_and_place_it_on_the_plate,demo_29,85,agentview,wooden_cabinet_1,is_behind,plate_1
pick_up_the_black_bowl_on_the_wooden_cabinet_and_place_it_on_the_plate,demo_29,85,agentview,akita_black_bowl_2,is_right_of,akita_black_bowl_1
pick_up_the_black_bowl_on_the_wooden_cabinet_and_place_it_on_the_plate,demo_29,85,agentview,akita_black_bowl_1,is_left_of,akita_black_bowl_2
pick_up_the_black_bowl_on_the_wooden_cabinet_and_place_it_on_the_plate,demo_29,85,agentview,akita_black_bowl_2,is_right_of,wooden_cabinet_1
pick_up_the_black_bowl_on_the_wooden_cabinet_and_place_it_on_the_plate,demo_29,85,agentview,wooden_cabinet_1,is_left_of,akita_black_bowl_2
pick_up_the_black_bowl_on_the_wooden_cabinet_and_place_it_on_the_plate,demo_29,85,agentview,akita_black_bowl_2,is_in_front_of,akita_black_bowl_1
pick_up_the_black_bowl_on_the_wooden_cabinet_and_place_it_on_the_plate,demo_29,85,agentview,akita_black_bowl_1,is_behind,akita_black_bowl_2
pick_up_the_black_bowl_on_the_wooden_cabinet_and_place_it_on_the_plate,demo_29,85,agentview,akita_black_bowl_2,is_in_front_of,wooden_cabinet_1
pick_up_the_black_bowl_on_the_wooden_cabinet_and_place_it_on_the_plate,demo_29,85,agentview,wooden_cabinet_1,is_behind,akita_black_bowl_2
pick_up_the_black_bowl_on_the_wooden_cabinet_and_place_it_on_the_plate,demo_29,85,agentview,cookies_1,is_right_of,akita_black_bowl_1
pick_up_the_black_bowl_on_the_wooden_cabinet_and_place_it_on_the_plate,demo_29,85,agentview,akita_black_bowl_1,is_left_of,cookies_1
pick_up_the_black_bowl_on_the_wooden_cabinet_and_place_it_on_the_plate,demo_29,85,agentview,cookies_1,is_right_of,wooden_cabinet_1
pick_up_the_black_bowl_on_the_wooden_cabinet_and_place_it_on_the_plate,demo_29,85,agentview,wooden_cabinet_1,is_left_of,cookies_1
pick_up_the_black_bowl_on_the_wooden_cabinet_and_place_it_on_the_plate,demo_29,85,agentview,cookies_1,is_right_of,akita_black_bowl_2
pick_up_the_black_bowl_on_the_wooden_cabinet_and_place_it_on_the_plate,demo_29,85,agentview,akita_black_bowl_2,is_left_of,cookies_1
pick_up_the_black_bowl_on_the_wooden_cabinet_and_place_it_on_the_plate,demo_29,85,agentview,cookies_1,is_in_front_of,akita_black_bowl_1
pick_up_the_black_bowl_on_the_wooden_cabinet_and_place_it_on_the_plate,demo_29,85,agentview,akita_black_bowl_1,is_behind,cookies_1
pick_up_the_black_bowl_on_the_wooden_cabinet_and_place_it_on_the_plate,demo_29,85,agentview,cookies_1,is_in_front_of,wooden_cabinet_1
pick_up_the_black_bowl_on_the_wooden_cabinet_and_place_it_on_the_plate,demo_29,85,agentview,wooden_cabinet_1,is_behind,cookies_1
pick_up_the_black_bowl_on_the_wooden_cabinet_and_place_it_on_the_plate,demo_29,85,agentview,cookies_1,is_behind,akita_black_bowl_2
pick_up_the_black_bowl_on_the_wooden_cabinet_and_place_it_on_the_plate,demo_29,85,agentview,akita_black_bowl_2,is_in_front_of,cookies_1
pick_up_the_black_bowl_on_the_wooden_cabinet_and_place_it_on_the_plate,demo_29,85,agentview,glazed_rim_porcelain_ramekin_1,is_right_of,akita_black_bowl_1
pick_up_the_black_bowl_on_the_wooden_cabinet_and_place_it_on_the_plate,demo_29,85,agentview,akita_black_bowl_1,is_left_of,glazed_rim_porcelain_ramekin_1
pick_up_the_black_bowl_on_the_wooden_cabinet_and_place_it_on_the_plate,demo_29,85,agentview,glazed_rim_porcelain_ramekin_1,is_right_of,wooden_cabinet_1
pick_up_the_black_bowl_on_the_wooden_cabinet_and_place_it_on_the_plate,demo_29,85,agentview,wooden_cabinet_1,is_left_of,glazed_rim_porcelain_ramekin_1
pick_up_the_black_bowl_on_the_wooden_cabinet_and_place_it_on_the_plate,demo_29,85,agentview,glazed_rim_porcelain_ramekin_1,is_right_of,akita_black_bowl_2
pick_up_the_black_bowl_on_the_wooden_cabinet_and_place_it_on_the_plate,demo_29,85,agentview,akita_black_bowl_2,is_left_of,glazed_rim_porcelain_ramekin_1
pick_up_the_black_bowl_on_the_wooden_cabinet_and_place_it_on_the_plate,demo_29,85,agentview,glazed_rim_porcelain_ramekin_1,is_right_of,plate_1
pick_up_the_black_bowl_on_the_wooden_cabinet_and_place_it_on_the_plate,demo_29,85,agentview,plate_1,is_left_of,glazed_rim_porcelain_ramekin_1
pick_up_the_black_bowl_on_the_wooden_cabinet_and_place_it_on_the_plate,demo_29,85,agentview,glazed_rim_porcelain_ramekin_1,is_in_front_of,akita_black_bowl_1
pick_up_the_black_bowl_on_the_wooden_cabinet_and_place_it_on_the_plate,demo_29,85,agentview,akita_black_bowl_1,is_behind,glazed_rim_porcelain_ramekin_1
pick_up_the_black_bowl_on_the_wooden_cabinet_and_place_it_on_the_plate,demo_29,85,agentview,glazed_rim_porcelain_ramekin_1,is_in_front_of,wooden_cabinet_1
pick_up_the_black_bowl_on_the_wooden_cabinet_and_place_it_on_the_plate,demo_29,85,agentview,wooden_cabinet_1,is_behind,glazed_rim_porcelain_ramekin_1
pick_up_the_black_bowl_on_the_wooden_cabinet_and_place_it_on_the_plate,demo_29,85,agentview,glazed_rim_porcelain_ramekin_1,is_behind,akita_black_bowl_2
pick_up_the_black_bowl_on_the_wooden_cabinet_and_place_it_on_the_plate,demo_29,85,agentview,akita_black_bowl_2,is_in_front_of,glazed_rim_porcelain_ramekin_1
pick_up_the_black_bowl_on_the_wooden_cabinet_and_place_it_on_the_plate,demo_29,85,agentview,glazed_rim_porcelain_ramekin_1,is_behind,plate_1
pick_up_the_black_bowl_on_the_wooden_cabinet_and_place_it_on_the_plate,demo_29,85,agentview,plate_1,is_in_front_of,glazed_rim_porcelain_ramekin_1
pick_up_the_black_bowl_on_the_wooden_cabinet_and_place_it_on_the_plate,demo_29,85,agentview,cookies_1,is_left_of,glazed_rim_porcelain_ramekin_1
pick_up_the_black_bowl_on_the_wooden_cabinet_and_place_it_on_the_plate,demo_29,85,agentview,glazed_rim_porcelain_ramekin_1,is_right_of,cookies_1
pick_up_the_black_bowl_on_the_wooden_cabinet_and_place_it_on_the_plate,demo_29,85,agentview,cookies_1,is_in_front_of,glazed_rim_porcelain_ramekin_1
pick_up_the_black_bowl_on_the_wooden_cabinet_and_place_it_on_the_plate,demo_29,85,agentview,glazed_rim_porcelain_ramekin_1,is_behind,cookies_1
pick_up_the_black_bowl_on_the_wooden_cabinet_and_place_it_on_the_plate,demo_29,90,agentview,akita_black_bowl_1,is_on_top_of,wooden_cabinet_1
pick_up_the_black_bowl_on_the_wooden_cabinet_and_place_it_on_the_plate,demo_29,90,agentview,wooden_cabinet_1,is_below_of,akita_black_bowl_1
pick_up_the_black_bowl_on_the_wooden_cabinet_and_place_it_on_the_plate,demo_29,90,agentview,akita_black_bowl_1,is_behind,akita_black_bowl_2
pick_up_the_black_bowl_on_the_wooden_cabinet_and_place_it_on_the_plate,demo_29,90,agentview,akita_black_bowl_2,is_in_front_of,akita_black_bowl_1
pick_up_the_black_bowl_on_the_wooden_cabinet_and_place_it_on_the_plate,demo_29,90,agentview,akita_black_bowl_1,is_behind,cookies_1
pick_up_the_black_bowl_on_the_wooden_cabinet_and_place_it_on_the_plate,demo_29,90,agentview,cookies_1,is_in_front_of,akita_black_bowl_1
pick_up_the_black_bowl_on_the_wooden_cabinet_and_place_it_on_the_plate,demo_29,90,agentview,akita_black_bowl_1,is_behind,glazed_rim_porcelain_ramekin_1
pick_up_the_black_bowl_on_the_wooden_cabinet_and_place_it_on_the_plate,demo_29,90,agentview,glazed_rim_porcelain_ramekin_1,is_in_front_of,akita_black_bowl_1
pick_up_the_black_bowl_on_the_wooden_cabinet_and_place_it_on_the_plate,demo_29,90,agentview,akita_black_bowl_1,is_behind,plate_1
pick_up_the_black_bowl_on_the_wooden_cabinet_and_place_it_on_the_plate,demo_29,90,agentview,plate_1,is_in_front_of,akita_black_bowl_1
pick_up_the_black_bowl_on_the_wooden_cabinet_and_place_it_on_the_plate,demo_29,90,agentview,akita_black_bowl_1,is_behind,flat_stove_1
pick_up_the_black_bowl_on_the_wooden_cabinet_and_place_it_on_the_plate,demo_29,90,agentview,flat_stove_1,is_in_front_of,akita_black_bowl_1
pick_up_the_black_bowl_on_the_wooden_cabinet_and_place_it_on_the_plate,demo_29,90,agentview,akita_black_bowl_2,is_on_top_of,flat_stove_1
pick_up_the_black_bowl_on_the_wooden_cabinet_and_place_it_on_the_plate,demo_29,90,agentview,flat_stove_1,is_below_of,akita_black_bowl_2
pick_up_the_black_bowl_on_the_wooden_cabinet_and_place_it_on_the_plate,demo_29,90,agentview,akita_black_bowl_2,is_right_of,cookies_1
pick_up_the_black_bowl_on_the_wooden_cabinet_and_place_it_on_the_plate,demo_29,90,agentview,cookies_1,is_left_of,akita_black_bowl_2
pick_up_the_black_bowl_on_the_wooden_cabinet_and_place_it_on_the_plate,demo_29,90,agentview,akita_black_bowl_2,is_right_of,glazed_rim_porcelain_ramekin_1
pick_up_the_black_bowl_on_the_wooden_cabinet_and_place_it_on_the_plate,demo_29,90,agentview,glazed_rim_porcelain_ramekin_1,is_left_of,akita_black_bowl_2
pick_up_the_black_bowl_on_the_wooden_cabinet_and_place_it_on_the_plate,demo_29,90,agentview,akita_black_bowl_2,is_right_of,plate_1
pick_up_the_black_bowl_on_the_wooden_cabinet_and_place_it_on_the_plate,demo_29,90,agentview,plate_1,is_left_of,akita_black_bowl_2
pick_up_the_black_bowl_on_the_wooden_cabinet_and_place_it_on_the_plate,demo_29,90,agentview,cookies_1,is_right_of,glazed_rim_porcelain_ramekin_1
pick_up_the_black_bowl_on_the_wooden_cabinet_and_place_it_on_the_plate,demo_29,90,agentview,glazed_rim_porcelain_ramekin_1,is_left_of,cookies_1
pick_up_the_black_bowl_on_the_wooden_cabinet_and_place_it_on_the_plate,demo_29,90,agentview,cookies_1,is_in_front_of,plate_1
pick_up_the_black_bowl_on_the_wooden_cabinet_and_place_it_on_the_plate,demo_29,90,agentview,plate_1,is_behind,cookies_1
pick_up_the_black_bowl_on_the_wooden_cabinet_and_place_it_on_the_plate,demo_29,90,agentview,glazed_rim_porcelain_ramekin_1,is_in_front_of,plate_1
pick_up_the_black_bowl_on_the_wooden_cabinet_and_place_it_on_the_plate,demo_29,90,agentview,plate_1,is_behind,glazed_rim_porcelain_ramekin_1
pick_up_the_black_bowl_on_the_wooden_cabinet_and_place_it_on_the_plate,demo_29,90,agentview,wooden_cabinet_1,is_behind,akita_black_bowl_2
pick_up_the_black_bowl_on_the_wooden_cabinet_and_place_it_on_the_plate,demo_29,90,agentview,akita_black_bowl_2,is_in_front_of,wooden_cabinet_1
pick_up_the_black_bowl_on_the_wooden_cabinet_and_place_it_on_the_plate,demo_29,90,agentview,wooden_cabinet_1,is_behind,cookies_1
pick_up_the_black_bowl_on_the_wooden_cabinet_and_place_it_on_the_plate,demo_29,90,agentview,cookies_1,is_in_front_of,wooden_cabinet_1
pick_up_the_black_bowl_on_the_wooden_cabinet_and_place_it_on_the_plate,demo_29,90,agentview,wooden_cabinet_1,is_behind,glazed_rim_porcelain_ramekin_1
pick_up_the_black_bowl_on_the_wooden_cabinet_and_place_it_on_the_plate,demo_29,90,agentview,glazed_rim_porcelain_ramekin_1,is_in_front_of,wooden_cabinet_1
pick_up_the_black_bowl_on_the_wooden_cabinet_and_place_it_on_the_plate,demo_29,90,agentview,wooden_cabinet_1,is_behind,plate_1
pick_up_the_black_bowl_on_the_wooden_cabinet_and_place_it_on_the_plate,demo_29,90,agentview,plate_1,is_in_front_of,wooden_cabinet_1
pick_up_the_black_bowl_on_the_wooden_cabinet_and_place_it_on_the_plate,demo_29,90,agentview,wooden_cabinet_1,is_behind,flat_stove_1
pick_up_the_black_bowl_on_the_wooden_cabinet_and_place_it_on_the_plate,demo_29,90,agentview,flat_stove_1,is_in_front_of,wooden_cabinet_1
pick_up_the_black_bowl_on_the_wooden_cabinet_and_place_it_on_the_plate,demo_29,95,agentview,akita_black_bowl_1,is_on_top_of,wooden_cabinet_1
pick_up_the_black_bowl_on_the_wooden_cabinet_and_place_it_on_the_plate,demo_29,95,agentview,wooden_cabinet_1,is_below_of,akita_black_bowl_1
pick_up_the_black_bowl_on_the_wooden_cabinet_and_place_it_on_the_plate,demo_29,95,agentview,akita_black_bowl_1,is_behind,akita_black_bowl_2
pick_up_the_black_bowl_on_the_wooden_cabinet_and_place_it_on_the_plate,demo_29,95,agentview,akita_black_bowl_2,is_in_front_of,akita_black_bowl_1
pick_up_the_black_bowl_on_the_wooden_cabinet_and_place_it_on_the_plate,demo_29,95,agentview,akita_black_bowl_1,is_behind,cookies_1
pick_up_the_black_bowl_on_the_wooden_cabinet_and_place_it_on_the_plate,demo_29,95,agentview,cookies_1,is_in_front_of,akita_black_bowl_1
pick_up_the_black_bowl_on_the_wooden_cabinet_and_place_it_on_the_plate,demo_29,95,agentview,akita_black_bowl_1,is_behind,glazed_rim_porcelain_ramekin_1
pick_up_the_black_bowl_on_the_wooden_cabinet_and_place_it_on_the_plate,demo_29,95,agentview,glazed_rim_porcelain_ramekin_1,is_in_front_of,akita_black_bowl_1
pick_up_the_black_bowl_on_the_wooden_cabinet_and_place_it_on_the_plate,demo_29,95,agentview,akita_black_bowl_1,is_behind,plate_1
pick_up_the_black_bowl_on_the_wooden_cabinet_and_place_it_on_the_plate,demo_29,95,agentview,plate_1,is_in_front_of,akita_black_bowl_1
pick_up_the_black_bowl_on_the_wooden_cabinet_and_place_it_on_the_plate,demo_29,95,agentview,akita_black_bowl_1,is_behind,flat_stove_1
pick_up_the_black_bowl_on_the_wooden_cabinet_and_place_it_on_the_plate,demo_29,95,agentview,flat_stove_1,is_in_front_of,akita_black_bowl_1
pick_up_the_black_bowl_on_the_wooden_cabinet_and_place_it_on_the_plate,demo_29,95,agentview,akita_black_bowl_2,is_on_top_of,flat_stove_1
pick_up_the_black_bowl_on_the_wooden_cabinet_and_place_it_on_the_plate,demo_29,95,agentview,flat_stove_1,is_below_of,akita_black_bowl_2
pick_up_the_black_bowl_on_the_wooden_cabinet_and_place_it_on_the_plate,demo_29,95,agentview,akita_black_bowl_2,is_right_of,cookies_1
pick_up_the_black_bowl_on_the_wooden_cabinet_and_place_it_on_the_plate,demo_29,95,agentview,cookies_1,is_left_of,akita_black_bowl_2
pick_up_the_black_bowl_on_the_wooden_cabinet_and_place_it_on_the_plate,demo_29,95,agentview,akita_black_bowl_2,is_right_of,glazed_rim_porcelain_ramekin_1
pick_up_the_black_bowl_on_the_wooden_cabinet_and_place_it_on_the_plate,demo_29,95,agentview,glazed_rim_porcelain_ramekin_1,is_left_of,akita_black_bowl_2
pick_up_the_black_bowl_on_the_wooden_cabinet_and_place_it_on_the_plate,demo_29,95,agentview,akita_black_bowl_2,is_behind,plate_1
pick_up_the_black_bowl_on_the_wooden_cabinet_and_place_it_on_the_plate,demo_29,95,agentview,plate_1,is_in_front_of,akita_black_bowl_2
pick_up_the_black_bowl_on_the_wooden_cabinet_and_place_it_on_the_plate,demo_29,95,agentview,akita_black_bowl_2,is_right_of,wooden_cabinet_1
pick_up_the_black_bowl_on_the_wooden_cabinet_and_place_it_on_the_plate,demo_29,95,agentview,wooden_cabinet_1,is_left_of,akita_black_bowl_2
pick_up_the_black_bowl_on_the_wooden_cabinet_and_place_it_on_the_plate,demo_29,95,agentview,cookies_1,is_on_top_of,flat_stove_1
pick_up_the_black_bowl_on_the_wooden_cabinet_and_place_it_on_the_plate,demo_29,95,agentview,flat_stove_1,is_below_of,cookies_1
pick_up_the_black_bowl_on_the_wooden_cabinet_and_place_it_on_the_plate,demo_29,95,agentview,cookies_1,is_left_of,glazed_rim_porcelain_ramekin_1
pick_up_the_black_bowl_on_the_wooden_cabinet_and_place_it_on_the_plate,demo_29,95,agentview,glazed_rim_porcelain_ramekin_1,is_right_of,cookies_1
pick_up_the_black_bowl_on_the_wooden_cabinet_and_place_it_on_the_plate,demo_29,95,agentview,cookies_1,is_behind,plate_1
pick_up_the_black_bowl_on_the_wooden_cabinet_and_place_it_on_the_plate,demo_29,95,agentview,plate_1,is_in_front_of,cookies_1
pick_up_the_black_bowl_on_the_wooden_cabinet_and_place_it_on_the_plate,demo_29,95,agentview,cookies_1,is_right_of,wooden_cabinet_1
pick_up_the_black_bowl_on_the_wooden_cabinet_and_place_it_on_the_plate,demo_29,95,agentview,wooden_cabinet_1,is_left_of,cookies_1
pick_up_the_black_bowl_on_the_wooden_cabinet_and_place_it_on_the_plate,demo_29,95,agentview,glazed_rim_porcelain_ramekin_1,is_on_top_of,flat_stove_1
pick_up_the_black_bowl_on_the_wooden_cabinet_and_place_it_on_the_plate,demo_29,95,agentview,flat_stove_1,is_below_of,glazed_rim_porcelain_ramekin_1
pick_up_the_black_bowl_on_the_wooden_cabinet_and_place_it_on_the_plate,demo_29,95,agentview,glazed_rim_porcelain_ramekin_1,is_behind,plate_1
pick_up_the_black_bowl_on_the_wooden_cabinet_and_place_it_on_the_plate,demo_29,95,agentview,plate_1,is_in_front_of,glazed_rim_porcelain_ramekin_1
pick_up_the_black_bowl_on_the_wooden_cabinet_and_place_it_on_the_plate,demo_29,95,agentview,glazed_rim_porcelain_ramekin_1,is_right_of,wooden_cabinet_1
pick_up_the_black_bowl_on_the_wooden_cabinet_and_place_it_on_the_plate,demo_29,95,agentview,wooden_cabinet_1,is_left_of,glazed_rim_porcelain_ramekin_1
pick_up_the_black_bowl_on_the_wooden_cabinet_and_place_it_on_the_plate,demo_29,95,agentview,plate_1,is_on_top_of,flat_stove_1
pick_up_the_black_bowl_on_the_wooden_cabinet_and_place_it_on_the_plate,demo_29,95,agentview,flat_stove_1,is_below_of,plate_1
pick_up_the_black_bowl_on_the_wooden_cabinet_and_place_it_on_the_plate,demo_29,95,agentview,plate_1,is_right_of,wooden_cabinet_1
pick_up_the_black_bowl_on_the_wooden_cabinet_and_place_it_on_the_plate,demo_29,95,agentview,wooden_cabinet_1,is_left_of,plate_1
pick_up_the_black_bowl_on_the_wooden_cabinet_and_place_it_on_the_plate,demo_29,100,agentview,akita_black_bowl_1,is_on_top_of,wooden_cabinet_1
pick_up_the_black_bowl_on_the_wooden_cabinet_and_place_it_on_the_plate,demo_29,100,agentview,wooden_cabinet_1,is_below_of,akita_black_bowl_1
pick_up_the_black_bowl_on_the_wooden_cabinet_and_place_it_on_the_plate,demo_29,100,agentview,akita_black_bowl_2,is_on_top_of,plate_1
pick_up_the_black_bowl_on_the_wooden_cabinet_and_place_it_on_the_plate,demo_29,100,agentview,plate_1,is_below_of,akita_black_bowl_2
pick_up_the_black_bowl_on_the_wooden_cabinet_and_place_it_on_the_plate,demo_29,100,agentview,cookies_1,is_on_top_of,flat_stove_1
pick_up_the_black_bowl_on_the_wooden_cabinet_and_place_it_on_the_plate,demo_29,100,agentview,flat_stove_1,is_below_of,cookies_1
pick_up_the_black_bowl_on_the_wooden_cabinet_and_place_it_on_the_plate,demo_29,100,agentview,glazed_rim_porcelain_ramekin_1,is_on_top_of,flat_stove_1
pick_up_the_black_bowl_on_the_wooden_cabinet_and_place_it_on_the_plate,demo_29,100,agentview,flat_stove_1,is_below_of,glazed_rim_porcelain_ramekin_1
pick_up_the_black_bowl_on_the_wooden_cabinet_and_place_it_on_the_plate,demo_29,100,agentview,plate_1,is_on_top_of,flat_stove_1
pick_up_the_black_bowl_on_the_wooden_cabinet_and_place_it_on_the_plate,demo_29,100,agentview,flat_stove_1,is_below_of,plate_1
pick_up_the_black_bowl_on_the_wooden_cabinet_and_place_it_on_the_plate,demo_29,100,agentview,akita_black_bowl_1,is_behind,akita_black_bowl_2
pick_up_the_black_bowl_on_the_wooden_cabinet_and_place_it_on_the_plate,demo_29,100,agentview,akita_black_bowl_2,is_in_front_of,akita_black_bowl_1
pick_up_the_black_bowl_on_the_wooden_cabinet_and_place_it_on_the_plate,demo_29,100,agentview,akita_black_bowl_1,is_behind,cookies_1
pick_up_the_black_bowl_on_the_wooden_cabinet_and_place_it_on_the_plate,demo_29,100,agentview,cookies_1,is_in_front_of,akita_black_bowl_1
pick_up_the_black_bowl_on_the_wooden_cabinet_and_place_it_on_the_plate,demo_29,100,agentview,akita_black_bowl_1,is_behind,glazed_rim_porcelain_ramekin_1
pick_up_the_black_bowl_on_the_wooden_cabinet_and_place_it_on_the_plate,demo_29,100,agentview,glazed_rim_porcelain_ramekin_1,is_in_front_of,akita_black_bowl_1
pick_up_the_black_bowl_on_the_wooden_cabinet_and_place_it_on_the_plate,demo_29,100,agentview,akita_black_bowl_1,is_behind,plate_1
pick_up_the_black_bowl_on_the_wooden_cabinet_and_place_it_on_the_plate,demo_29,100,agentview,plate_1,is_in_front_of,akita_black_bowl_1
pick_up_the_black_bowl_on_the_wooden_cabinet_and_place_it_on_the_plate,demo_29,100,agentview,akita_black_bowl_2,is_right_of,cookies_1
pick_up_the_black_bowl_on_the_wooden_cabinet_and_place_it_on_the_plate,demo_29,100,agentview,cookies_1,is_left_of,akita_black_bowl_2
pick_up_the_black_bowl_on_the_wooden_cabinet_and_place_it_on_the_plate,demo_29,100,agentview,akita_black_bowl_2,is_behind,glazed_rim_porcelain_ramekin_1
pick_up_the_black_bowl_on_the_wooden_cabinet_and_place_it_on_the_plate,demo_29,100,agentview,glazed_rim_porcelain_ramekin_1,is_in_front_of,akita_black_bowl_2
pick_up_the_black_bowl_on_the_wooden_cabinet_and_place_it_on_the_plate,demo_29,100,agentview,akita_black_bowl_2,is_right_of,plate_1
pick_up_the_black_bowl_on_the_wooden_cabinet_and_place_it_on_the_plate,demo_29,100,agentview,plate_1,is_left_of,akita_black_bowl_2
pick_up_the_black_bowl_on_the_wooden_cabinet_and_place_it_on_the_plate,demo_29,100,agentview,cookies_1,is_right_of,glazed_rim_porcelain_ramekin_1
pick_up_the_black_bowl_on_the_wooden_cabinet_and_place_it_on_the_plate,demo_29,100,agentview,glazed_rim_porcelain_ramekin_1,is_left_of,cookies_1
pick_up_the_black_bowl_on_the_wooden_cabinet_and_place_it_on_the_plate,demo_29,100,agentview,cookies_1,is_behind,plate_1
pick_up_the_black_bowl_on_the_wooden_cabinet_and_place_it_on_the_plate,demo_29,100,agentview,plate_1,is_in_front_of,cookies_1
pick_up_the_black_bowl_on_the_wooden_cabinet_and_place_it_on_the_plate,demo_29,100,agentview,glazed_rim_porcelain_ramekin_1,is_behind,plate_1
pick_up_the_black_bowl_on_the_wooden_cabinet_and_place_it_on_the_plate,demo_29,100,agentview,plate_1,is_in_front_of,glazed_rim_porcelain_ramekin_1
pick_up_the_black_bowl_on_the_wooden_cabinet_and_place_it_on_the_plate,demo_29,100,agentview,wooden_cabinet_1,is_behind,akita_black_bowl_2
pick_up_the_black_bowl_on_the_wooden_cabinet_and_place_it_on_the_plate,demo_29,100,agentview,akita_black_bowl_2,is_in_front_of,wooden_cabinet_1
pick_up_the_black_bowl_on_the_wooden_cabinet_and_place_it_on_the_plate,demo_29,100,agentview,wooden_cabinet_1,is_behind,cookies_1
pick_up_the_black_bowl_on_the_wooden_cabinet_and_place_it_on_the_plate,demo_29,100,agentview,cookies_1,is_in_front_of,wooden_cabinet_1
pick_up_the_black_bowl_on_the_wooden_cabinet_and_place_it_on_the_plate,demo_29,100,agentview,wooden_cabinet_1,is_behind,glazed_rim_porcelain_ramekin_1
pick_up_the_black_bowl_on_the_wooden_cabinet_and_place_it_on_the_plate,demo_29,100,agentview,glazed_rim_porcelain_ramekin_1,is_in_front_of,wooden_cabinet_1
pick_up_the_black_bowl_on_the_wooden_cabinet_and_place_it_on_the_plate,demo_29,100,agentview,wooden_cabinet_1,is_behind,plate_1
pick_up_the_black_bowl_on_the_wooden_cabinet_and_place_it_on_the_plate,demo_29,100,agentview,plate_1,is_in_front_of,wooden_cabinet_1
pick_up_the_black_bowl_on_the_wooden_cabinet_and_place_it_on_the_plate,demo_29,100,agentview,flat_stove_1,is_behind,akita_black_bowl_1
pick_up_the_black_bowl_on_the_wooden_cabinet_and_place_it_on_the_plate,demo_29,100,agentview,akita_black_bowl_1,is_in_front_of,flat_stove_1
pick_up_the_black_bowl_on_the_wooden_cabinet_and_place_it_on_the_plate,demo_29,105,agentview,akita_black_bowl_1,is_on_top_of,wooden_cabinet_1
pick_up_the_black_bowl_on_the_wooden_cabinet_and_place_it_on_the_plate,demo_29,105,agentview,wooden_cabinet_1,is_below_of,akita_black_bowl_1
pick_up_the_black_bowl_on_the_wooden_cabinet_and_place_it_on_the_plate,demo_29,105,agentview,akita_black_bowl_1,is_behind,akita_black_bowl_2
pick_up_the_black_bowl_on_the_wooden_cabinet_and_place_it_on_the_plate,demo_29,105,agentview,akita_black_bowl_2,is_in_front_of,akita_black_bowl_1
pick_up_the_black_bowl_on_the_wooden_cabinet_and_place_it_on_the_plate,demo_29,105,agentview,akita_black_bowl_1,is_behind,cookies_1
pick_up_the_black_bowl_on_the_wooden_cabinet_and_place_it_on_the_plate,demo_29,105,agentview,cookies_1,is_in_front_of,akita_black_bowl_1
pick_up_the_black_bowl_on_the_wooden_cabinet_and_place_it_on_the_plate,demo_29,105,agentview,akita_black_bowl_1,is_behind,glazed_rim_porcelain_ramekin_1
pick_up_the_black_bowl_on_the_wooden_cabinet_and_place_it_on_the_plate,demo_29,105,agentview,glazed_rim_porcelain_ramekin_1,is_in_front_of,akita_black_bowl_1
pick_up_the_black_bowl_on_the_wooden_cabinet_and_place_it_on_the_plate,demo_29,105,agentview,akita_black_bowl_1,is_behind,plate_1
pick_up_the_black_bowl_on_the_wooden_cabinet_and_place_it_on_the_plate,demo_29,105,agentview,plate_1,is_in_front_of,akita_black_bowl_1
pick_up_the_black_bowl_on_the_wooden_cabinet_and_place_it_on_the_plate,demo_29,105,agentview,akita_black_bowl_1,is_behind,flat_stove_1
pick_up_the_black_bowl_on_the_wooden_cabinet_and_place_it_on_the_plate,demo_29,105,agentview,flat_stove_1,is_in_front_of,akita_black_bowl_1
pick_up_the_black_bowl_on_the_wooden_cabinet_and_place_it_on_the_plate,demo_29,105,agentview,akita_black_bowl_2,is_on_top_of,plate_1
pick_up_the_black_bowl_on_the_wooden_cabinet_and_place_it_on_the_plate,demo_29,105,agentview,plate_1,is_below_of,akita_black_bowl_2
pick_up_the_black_bowl_on_the_wooden_cabinet_and_place_it_on_the_plate,demo_29,105,agentview,akita_black_bowl_2,is_right_of,cookies_1
pick_up_the_black_bowl_on_the_wooden_cabinet_and_place_it_on_the_plate,demo_29,105,agentview,cookies_1,is_left_of,akita_black_bowl_2
pick_up_the_black_bowl_on_the_wooden_cabinet_and_place_it_on_the_plate,demo_29,105,agentview,akita_black_bowl_2,is_right_of,glazed_rim_porcelain_ramekin_1
pick_up_the_black_bowl_on_the_wooden_cabinet_and_place_it_on_the_plate,demo_29,105,agentview,glazed_rim_porcelain_ramekin_1,is_left_of,akita_black_bowl_2
pick_up_the_black_bowl_on_the_wooden_cabinet_and_place_it_on_the_plate,demo_29,105,agentview,akita_black_bowl_2,is_behind,flat_stove_1
pick_up_the_black_bowl_on_the_wooden_cabinet_and_place_it_on_the_plate,demo_29,105,agentview,flat_stove_1,is_in_front_of,akita_black_bowl_2
pick_up_the_black_bowl_on_the_wooden_cabinet_and_place_it_on_the_plate,demo_29,105,agentview,cookies_1,is_on_top_of,plate_1
pick_up_the_black_bowl_on_the_wooden_cabinet_and_place_it_on_the_plate,demo_29,105,agentview,plate_1,is_below_of,cookies_1
pick_up_the_black_bowl_on_the_wooden_cabinet_and_place_it_on_the_plate,demo_29,105,agentview,cookies_1,is_right_of,glazed_rim_porcelain_ramekin_1
pick_up_the_black_bowl_on_the_wooden_cabinet_and_place_it_on_the_plate,demo_29,105,agentview,glazed_rim_porcelain_ramekin_1,is_left_of,cookies_1
pick_up_the_black_bowl_on_the_wooden_cabinet_and_place_it_on_the_plate,demo_29,105,agentview,cookies_1,is_behind,flat_stove_1
pick_up_the_black_bowl_on_the_wooden_cabinet_and_place_it_on_the_plate,demo_29,105,agentview,flat_stove_1,is_in_front_of,cookies_1
pick_up_the_black_bowl_on_the_wooden_cabinet_and_place_it_on_the_plate,demo_29,105,agentview,glazed_rim_porcelain_ramekin_1,is_on_top_of,plate_1
pick_up_the_black_bowl_on_the_wooden_cabinet_and_place_it_on_the_plate,demo_29,105,agentview,plate_1,is_below_of,glazed_rim_porcelain_ramekin_1
pick_up_the_black_bowl_on_the_wooden_cabinet_and_place_it_on_the_plate,demo_29,105,agentview,glazed_rim_porcelain_ramekin_1,is_behind,flat_stove_1
pick_up_the_black_bowl_on_the_wooden_cabinet_and_place_it_on_the_plate,demo_29,105,agentview,flat_stove_1,is_in_front_of,glazed_rim_porcelain_ramekin_1
pick_up_the_black_bowl_on_the_wooden_cabinet_and_place_it_on_the_plate,demo_29,105,agentview,plate_1,is_on_top_of,flat_stove_1
pick_up_the_black_bowl_on_the_wooden_cabinet_and_place_it_on_the_plate,demo_29,105,agentview,flat_stove_1,is_below_of,plate_1
pick_up_the_black_bowl_on_the_wooden_cabinet_and_place_it_on_the_plate,demo_29,105,agentview,plate_1,is_behind,wooden_cabinet_1
pick_up_the_black_bowl_on_the_wooden_cabinet_and_place_it_on_the_plate,demo_29,105,agentview,wooden_cabinet_1,is_in_front_of,plate_1
pick_up_the_black_bowl_on_the_wooden_cabinet_and_place_it_on_the_plate,demo_29,110,agentview,akita_black_bowl_1,is_on_top_of,wooden_cabinet_1
pick_up_the_black_bowl_on_the_wooden_cabinet_and_place_it_on_the_plate,demo_29,110,agentview,wooden_cabinet_1,is_below_of,akita_black_bowl_1
pick_up_the_black_bowl_on_the_wooden_cabinet_and_place_it_on_the_plate,demo_29,110,agentview,akita_black_bowl_2,is_on_top_of,plate_1
pick_up_the_black_bowl_on_the_wooden_cabinet_and_place_it_on_the_plate,demo_29,110,agentview,plate_1,is_below_of,akita_black_bowl_2
pick_up_the_black_bowl_on_the_wooden_cabinet_and_place_it_on_the_plate,demo_29,110,agentview,cookies_1,is_on_top_of,flat_stove_1
pick_up_the_black_bowl_on_the_wooden_cabinet_and_place_it_on_the_plate,demo_29,110,agentview,flat_stove_1,is_below_of,cookies_1
pick_up_the_black_bowl_on_the_wooden_cabinet_and_place_it_on_the_plate,demo_29,110,agentview,glazed_rim_porcelain_ramekin_1,is_on_top_of,flat_stove_1
pick_up_the_black_bowl_on_the_wooden_cabinet_and_place_it_on_the_plate,demo_29,110,agentview,flat_stove_1,is_below_of,glazed_rim_porcelain_ramekin_1
pick_up_the_black_bowl_on_the_wooden_cabinet_and_place_it_on_the_plate,demo_29,110,agentview,plate_1,is_on_top_of,flat_stove_1
pick_up_the_black_bowl_on_the_wooden_cabinet_and_place_it_on_the_plate,demo_29,110,agentview,flat_stove_1,is_below_of,plate_1
pick_up_the_black_bowl_on_the_wooden_cabinet_and_place_it_on_the_plate,demo_29,110,agentview,akita_black_bowl_1,is_behind,akita_black_bowl_2
pick_up_the_black_bowl_on_the_wooden_cabinet_and_place_it_on_the_plate,demo_29,110,agentview,akita_black_bowl_2,is_in_front_of,akita_black_bowl_1
pick_up_the_black_bowl_on_the_wooden_cabinet_and_place_it_on_the_plate,demo_29,110,agentview,akita_black_bowl_1,is_behind,cookies_1
pick_up_the_black_bowl_on_the_wooden_cabinet_and_place_it_on_the_plate,demo_29,110,agentview,cookies_1,is_in_front_of,akita_black_bowl_1
pick_up_the_black_bowl_on_the_wooden_cabinet_and_place_it_on_the_plate,demo_29,110,agentview,akita_black_bowl_1,is_behind,glazed_rim_porcelain_ramekin_1
pick_up_the_black_bowl_on_the_wooden_cabinet_and_place_it_on_the_plate,demo_29,110,agentview,glazed_rim_porcelain_ramekin_1,is_in_front_of,akita_black_bowl_1
pick_up_the_black_bowl_on_the_wooden_cabinet_and_place_it_on_the_plate,demo_29,110,agentview,akita_black_bowl_1,is_behind,plate_1
pick_up_the_black_bowl_on_the_wooden_cabinet_and_place_it_on_the_plate,demo_29,110,agentview,plate_1,is_in_front_of,akita_black_bowl_1
pick_up_the_black_bowl_on_the_wooden_cabinet_and_place_it_on_the_plate,demo_29,110,agentview,akita_black_bowl_2,is_left_of,cookies_1
pick_up_the_black_bowl_on_the_wooden_cabinet_and_place_it_on_the_plate,demo_29,110,agentview,cookies_1,is_right_of,akita_black_bowl_2
pick_up_the_black_bowl_on_the_wooden_cabinet_and_place_it_on_the_plate,demo_29,110,agentview,akita_black_bowl_2,is_left_of,glazed_rim_porcelain_ramekin_1
pick_up_the_black_bowl_on_the_wooden_cabinet_and_place_it_on_the_plate,demo_29,110,agentview,glazed_rim_porcelain_ramekin_1,is_right_of,akita_black_bowl_2
pick_up_the_black_bowl_on_the_wooden_cabinet_and_place_it_on_the_plate,demo_29,110,agentview,cookies_1,is_left_of,glazed_rim_porcelain_ramekin_1
pick_up_the_black_bowl_on_the_wooden_cabinet_and_place_it_on_the_plate,demo_29,110,agentview,glazed_rim_porcelain_ramekin_1,is_right_of,cookies_1
pick_up_the_black_bowl_on_the_wooden_cabinet_and_place_it_on_the_plate,demo_29,110,agentview,wooden_cabinet_1,is_behind,akita_black_bowl_2
pick_up_the_black_bowl_on_the_wooden_cabinet_and_place_it_on_the_plate,demo_29,110,agentview,akita_black_bowl_2,is_in_front_of,wooden_cabinet_1
pick_up_the_black_bowl_on_the_wooden_cabinet_and_place_it_on_the_plate,demo_29,110,agentview,wooden_cabinet_1,is_behind,cookies_1
pick_up_the_black_bowl_on_the_wooden_cabinet_and_place_it_on_the_plate,demo_29,110,agentview,cookies_1,is_in_front_of,wooden_cabinet_1
pick_up_the_black_bowl_on_the_wooden_cabinet_and_place_it_on_the_plate,demo_29,110,agentview,wooden_cabinet_1,is_behind,glazed_rim_porcelain_ramekin_1
pick_up_the_black_bowl_on_the_wooden_cabinet_and_place_it_on_the_plate,demo_29,110,agentview,glazed_rim_porcelain_ramekin_1,is_in_front_of,wooden_cabinet_1
pick_up_the_black_bowl_on_the_wooden_cabinet_and_place_it_on_the_plate,demo_29,110,agentview,wooden_cabinet_1,is_behind,plate_1
pick_up_the_black_bowl_on_the_wooden_cabinet_and_place_it_on_the_plate,demo_29,110,agentview,plate_1,is_in_front_of,wooden_cabinet_1
pick_up_the_black_bowl_on_the_wooden_cabinet_and_place_it_on_the_plate,demo_29,115,agentview,akita_black_bowl_1,is_on_top_of,wooden_cabinet_1
pick_up_the_black_bowl_on_the_wooden_cabinet_and_place_it_on_the_plate,demo_29,115,agentview,wooden_cabinet_1,is_below_of,akita_black_bowl_1
pick_up_the_black_bowl_on_the_wooden_cabinet_and_place_it_on_the_plate,demo_29,115,agentview,akita_black_bowl_2,is_on_top_of,plate_1
pick_up_the_black_bowl_on_the_wooden_cabinet_and_place_it_on_the_plate,demo_29,115,agentview,plate_1,is_below_of,akita_black_bowl_2
pick_up_the_black_bowl_on_the_wooden_cabinet_and_place_it_on_the_plate,demo_29,115,agentview,cookies_1,is_on_top_of,flat_stove_1
pick_up_the_black_bowl_on_the_wooden_cabinet_and_place_it_on_the_plate,demo_29,115,agentview,flat_stove_1,is_below_of,cookies_1
pick_up_the_black_bowl_on_the_wooden_cabinet_and_place_it_on_the_plate,demo_29,115,agentview,glazed_rim_porcelain_ramekin_1,is_on_top_of,flat_stove_1
pick_up_the_black_bowl_on_the_wooden_cabinet_and_place_it_on_the_plate,demo_29,115,agentview,flat_stove_1,is_below_of,glazed_rim_porcelain_ramekin_1
pick_up_the_black_bowl_on_the_wooden_cabinet_and_place_it_on_the_plate,demo_29,115,agentview,plate_1,is_on_top_of,flat_stove_1
pick_up_the_black_bowl_on_the_wooden_cabinet_and_place_it_on_the_plate,demo_29,115,agentview,flat_stove_1,is_below_of,plate_1
pick_up_the_black_bowl_on_the_wooden_cabinet_and_place_it_on_the_plate,demo_29,115,agentview,akita_black_bowl_1,is_behind,akita_black_bowl_2
pick_up_the_black_bowl_on_the_wooden_cabinet_and_place_it_on_the_plate,demo_29,115,agentview,akita_black_bowl_2,is_in_front_of,akita_black_bowl_1
pick_up_the_black_bowl_on_the_wooden_cabinet_and_place_it_on_the_plate,demo_29,115,agentview,akita_black_bowl_1,is_behind,cookies_1
pick_up_the_black_bowl_on_the_wooden_cabinet_and_place_it_on_the_plate,demo_29,115,agentview,cookies_1,is_in_front_of,akita_black_bowl_1
pick_up_the_black_bowl_on_the_wooden_cabinet_and_place_it_on_the_plate,demo_29,115,agentview,akita_black_bowl_1,is_behind,glazed_rim_porcelain_ramekin_1
pick_up_the_black_bowl_on_the_wooden_cabinet_and_place_it_on_the_plate,demo_29,115,agentview,glazed_rim_porcelain_ramekin_1,is_in_front_of,akita_black_bowl_1
pick_up_the_black_bowl_on_the_wooden_cabinet_and_place_it_on_the_plate,demo_29,115,agentview,akita_black_bowl_1,is_behind,plate_1
pick_up_the_black_bowl_on_the_wooden_cabinet_and_place_it_on_the_plate,demo_29,115,agentview,plate_1,is_in_front_of,akita_black_bowl_1
pick_up_the_black_bowl_on_the_wooden_cabinet_and_place_it_on_the_plate,demo_29,115,agentview,akita_black_bowl_2,is_right_of,akita_black_bowl_1
pick_up_the_black_bowl_on_the_wooden_cabinet_and_place_it_on_the_plate,demo_29,115,agentview,akita_black_bowl_1,is_left_of,akita_black_bowl_2
pick_up_the_black_bowl_on_the_wooden_cabinet_and_place_it_on_the_plate,demo_29,115,agentview,akita_black_bowl_2,is_behind,cookies_1
pick_up_the_black_bowl_on_the_wooden_cabinet_and_place_it_on_the_plate,demo_29,115,agentview,cookies_1,is_in_front_of,akita_black_bowl_2
pick_up_the_black_bowl_on_the_wooden_cabinet_and_place_it_on_the_plate,demo_29,115,agentview,akita_black_bowl_2,is_behind,glazed_rim_porcelain_ramekin_1
pick_up_the_black_bowl_on_the_wooden_cabinet_and_place_it_on_the_plate,demo_29,115,agentview,glazed_rim_porcelain_ramekin_1,is_in_front_of,akita_black_bowl_2
pick_up_the_black_bowl_on_the_wooden_cabinet_and_place_it_on_the_plate,demo_29,115,agentview,akita_black_bowl_2,is_right_of,glazed_rim_porcelain_ramekin_1
pick_up_the_black_bowl_on_the_wooden_cabinet_and_place_it_on_the_plate,demo_29,115,agentview,glazed_rim_porcelain_ramekin_1,is_left_of,akita_black_bowl_2
pick_up_the_black_bowl_on_the_wooden_cabinet_and_place_it_on_the_plate,demo_29,115,agentview,cookies_1,is_right_of,akita_black_bowl_1
pick_up_the_black_bowl_on_the_wooden_cabinet_and_place_it_on_the_plate,demo_29,115,agentview,akita_black_bowl_1,is_left_of,cookies_1
pick_up_the_black_bowl_on_the_wooden_cabinet_and_place_it_on_the_plate,demo_29,115,agentview,cookies_1,is_left_of,akita_black_bowl_2
pick_up_the_black_bowl_on_the_wooden_cabinet_and_place_it_on_the_plate,demo_29,115,agentview,akita_black_bowl_2,is_right_of,cookies_1
pick_up_the_black_bowl_on_the_wooden_cabinet_and_place_it_on_the_plate,demo_29,115,agentview,cookies_1,is_behind,glazed_rim_porcelain_ramekin_1
pick_up_the_black_bowl_on_the_wooden_cabinet_and_place_it_on_the_plate,demo_29,115,agentview,glazed_rim_porcelain_ramekin_1,is_in_front_of,cookies_1
pick_up_the_black_bowl_on_the_wooden_cabinet_and_place_it_on_the_plate,demo_29,115,agentview,cookies_1,is_right_of,plate_1
pick_up_the_black_bowl_on_the_wooden_cabinet_and_place_it_on_the_plate,demo_29,115,agentview,plate_1,is_left_of,cookies_1
pick_up_the_black_bowl_on_the_wooden_cabinet_and_place_it_on_the_plate,demo_29,115,agentview,glazed_rim_porcelain_ramekin_1,is_right_of,akita_black_bowl_1
pick_up_the_black_bowl_on_the_wooden_cabinet_and_place_it_on_the_plate,demo_29,115,agentview,akita_black_bowl_1,is_left_of,glazed_rim_porcelain_ramekin_1
pick_up_the_black_bowl_on_the_wooden_cabinet_and_place_it_on_the_plate,demo_29,115,agentview,glazed_rim_porcelain_ramekin_1,is_behind,plate_1
pick_up_the_black_bowl_on_the_wooden_cabinet_and_place_it_on_the_plate,demo_29,115,agentview,plate_1,is_in_front_of,glazed_rim_porcelain_ramekin_1
pick_up_the_black_bowl_on_the_wooden_cabinet_and_place_it_on_the_plate,demo_29,115,agentview,plate_1,is_right_of,akita_black_bowl_1
pick_up_the_black_bowl_on_the_wooden_cabinet_and_place_it_on_the_plate,demo_29,115,agentview,akita_black_bowl_1,is_left_of,plate_1
pick_up_the_black_bowl_on_the_wooden_cabinet_and_place_it_on_the_plate,demo_29,115,agentview,plate_1,is_left_of,akita_black_bowl_2
pick_up_the_black_bowl_on_the_wooden_cabinet_and_place_it_on_the_plate,demo_29,115,agentview,akita_black_bowl_2,is_right_of,plate_1
pick_up_the_black_bowl_on_the_wooden_cabinet_and_place_it_on_the_plate,demo_29,120,agentview,akita_black_bowl_1,is_on_top_of,wooden_cabinet_1
pick_up_the_black_bowl_on_the_wooden_cabinet_and_place_it_on_the_plate,demo_29,120,agentview,wooden_cabinet_1,is_below_of,akita_black_bowl_1
pick_up_the_black_bowl_on_the_wooden_cabinet_and_place_it_on_the_plate,demo_29,120,agentview,akita_black_bowl_2,is_on_top_of,flat_stove_1
pick_up_the_black_bowl_on_the_wooden_cabinet_and_place_it_on_the_plate,demo_29,120,agentview,flat_stove_1,is_below_of,akita_black_bowl_2
pick_up_the_black_bowl_on_the_wooden_cabinet_and_place_it_on_the_plate,demo_29,120,agentview,cookies_1,is_on_top_of,plate_1
pick_up_the_black_bowl_on_the_wooden_cabinet_and_place_it_on_the_plate,demo_29,120,agentview,plate_1,is_below_of,cookies_1
pick_up_the_black_bowl_on_the_wooden_cabinet_and_place_it_on_the_plate,demo_29,120,agentview,glazed_rim_porcelain_ramekin_1,is_on_top_of,flat_stove_1
pick_up_the_black_bowl_on_the_wooden_cabinet_and_place_it_on_the_plate,demo_29,120,agentview,flat_stove_1,is_below_of,glazed_rim_porcelain_ramekin_1
pick_up_the_black_bowl_on_the_wooden_cabinet_and_place_it_on_the_plate,demo_29,120,agentview,plate_1,is_on_top_of,flat_stove_1
pick_up_the_black_bowl_on_the_wooden_cabinet_and_place_it_on_the_plate,demo_29,120,agentview,flat_stove_1,is_below_of,plate_1
pick_up_the_black_bowl_on_the_wooden_cabinet_and_place_it_on_the_plate,demo_29,120,agentview,akita_black_bowl_1,is_behind,akita_black_bowl_2
pick_up_the_black_bowl_on_the_wooden_cabinet_and_place_it_on_the_plate,demo_29,120,agentview,akita_black_bowl_2,is_in_front_of,akita_black_bowl_1
pick_up_the_black_bowl_on_the_wooden_cabinet_and_place_it_on_the_plate,demo_29,120,agentview,akita_black_bowl_1,is_behind,glazed_rim_porcelain_ramekin_1
pick_up_the_black_bowl_on_the_wooden_cabinet_and_place_it_on_the_plate,demo_29,120,agentview,glazed_rim_porcelain_ramekin_1,is_in_front_of,akita_black_bowl_1
pick_up_the_black_bowl_on_the_wooden_cabinet_and_place_it_on_the_plate,demo_29,120,agentview,akita_black_bowl_1,is_behind,plate_1
pick_up_the_black_bowl_on_the_wooden_cabinet_and_place_it_on_the_plate,demo_29,120,agentview,plate_1,is_in_front_of,akita_black_bowl_1
pick_up_the_black_bowl_on_the_wooden_cabinet_and_place_it_on_the_plate,demo_29,120,agentview,akita_black_bowl_1,is_behind,cookies_1
pick_up_the_black_bowl_on_the_wooden_cabinet_and_place_it_on_the_plate,demo_29,120,agentview,cookies_1,is_in_front_of,akita_black_bowl_1
pick_up_the_black_bowl_on_the_wooden_cabinet_and_place_it_on_the_plate,demo_29,120,agentview,akita_black_bowl_2,is_right_of,akita_black_bowl_1
pick_up_the_black_bowl_on_the_wooden_cabinet_and_place_it_on_the_plate,demo_29,120,agentview,akita_black_bowl_1,is_left_of,akita_black_bowl_2
pick_up_the_black_bowl_on_the_wooden_cabinet_and_place_it_on_the_plate,demo_29,120,agentview,akita_black_bowl_2,is_behind,glazed_rim_porcelain_ramekin_1
pick_up_the_black_bowl_on_the_wooden_cabinet_and_place_it_on_the_plate,demo_29,120,agentview,glazed_rim_porcelain_ramekin_1,is_in_front_of,akita_black_bowl_2
pick_up_the_black_bowl_on_the_wooden_cabinet_and_place_it_on_the_plate,demo_29,120,agentview,akita_black_bowl_2,is_behind,plate_1
pick_up_the_black_bowl_on_the_wooden_cabinet_and_place_it_on_the_plate,demo_29,120,agentview,plate_1,is_in_front_of,akita_black_bowl_2
pick_up_the_black_bowl_on_the_wooden_cabinet_and_place_it_on_the_plate,demo_29,120,agentview,akita_black_bowl_2,is_behind,cookies_1
pick_up_the_black_bowl_on_the_wooden_cabinet_and_place_it_on_the_plate,demo_29,120,agentview,cookies_1,is_in_front_of,akita_black_bowl_2
pick_up_the_black_bowl_on_the_wooden_cabinet_and_place_it_on_the_plate,demo_29,120,agentview,glazed_rim_porcelain_ramekin_1,is_right_of,akita_black_bowl_1
pick_up_the_black_bowl_on_the_wooden_cabinet_and_place_it_on_the_plate,demo_29,120,agentview,akita_black_bowl_1,is_left_of,glazed_rim_porcelain_ramekin_1
pick_up_the_black_bowl_on_the_wooden_cabinet_and_place_it_on_the_plate,demo_29,120,agentview,glazed_rim_porcelain_ramekin_1,is_behind,plate_1
pick_up_the_black_bowl_on_the_wooden_cabinet_and_place_it_on_the_plate,demo_29,120,agentview,plate_1,is_in_front_of,glazed_rim_porcelain_ramekin_1
pick_up_the_black_bowl_on_the_wooden_cabinet_and_place_it_on_the_plate,demo_29,120,agentview,glazed_rim_porcelain_ramekin_1,is_behind,cookies_1
pick_up_the_black_bowl_on_the_wooden_cabinet_and_place_it_on_the_plate,demo_29,120,agentview,cookies_1,is_in_front_of,glazed_rim_porcelain_ramekin_1
pick_up_the_black_bowl_on_the_wooden_cabinet_and_place_it_on_the_plate,demo_29,120,agentview,plate_1,is_right_of,akita_black_bowl_1
pick_up_the_black_bowl_on_the_wooden_cabinet_and_place_it_on_the_plate,demo_29,120,agentview,akita_black_bowl_1,is_left_of,plate_1
pick_up_the_black_bowl_on_the_wooden_cabinet_and_place_it_on_the_plate,demo_29,120,agentview,plate_1,is_right_of,glazed_rim_porcelain_ramekin_1
pick_up_the_black_bowl_on_the_wooden_cabinet_and_place_it_on_the_plate,demo_29,120,agentview,glazed_rim_porcelain_ramekin_1,is_left_of,plate_1
pick_up_the_black_bowl_on_the_wooden_cabinet_and_place_it_on_the_plate,demo_29,120,agentview,cookies_1,is_right_of,akita_black_bowl_1
pick_up_the_black_bowl_on_the_wooden_cabinet_and_place_it_on_the_plate,demo_29,120,agentview,akita_black_bowl_1,is_left_of,cookies_1
pick_up_the_black_bowl_on_the_wooden_cabinet_and_place_it_on_the_plate,demo_29,120,agentview,cookies_1,is_right_of,glazed_rim_porcelain_ramekin_1
pick_up_the_black_bowl_on_the_wooden_cabinet_and_place_it_on_the_plate,demo_29,120,agentview,glazed_rim_porcelain_ramekin_1,is_left_of,cookies_1
pick_up_the_black_bowl_on_the_wooden_cabinet_and_place_it_on_the_plate,demo_3,0,agentview,akita_black_bowl_1,is_on_top_of,wooden_cabinet_1
pick_up_the_black_bowl_on_the_wooden_cabinet_and_place_it_on_the_plate,demo_3,0,agentview,wooden_cabinet_1,is_below_of,akita_black_bowl_1
pick_up_the_black_bowl_on_the_wooden_cabinet_and_place_it_on_the_plate,demo_3,0,agentview,akita_black_bowl_1,is_behind,akita_black_bowl_2
pick_up_the_black_bowl_on_the_wooden_cabinet_and_place_it_on_the_plate,demo_3,0,agentview,akita_black_bowl_2,is_in_front_of,akita_black_bowl_1
pick_up_the_black_bowl_on_the_wooden_cabinet_and_place_it_on_the_plate,demo_3,0,agentview,akita_black_bowl_1,is_behind,cookies_1
pick_up_the_black_bowl_on_the_wooden_cabinet_and_place_it_on_the_plate,demo_3,0,agentview,cookies_1,is_in_front_of,akita_black_bowl_1
pick_up_the_black_bowl_on_the_wooden_cabinet_and_place_it_on_the_plate,demo_3,0,agentview,akita_black_bowl_1,is_behind,glazed_rim_porcelain_ramekin_1
pick_up_the_black_bowl_on_the_wooden_cabinet_and_place_it_on_the_plate,demo_3,0,agentview,glazed_rim_porcelain_ramekin_1,is_in_front_of,akita_black_bowl_1
pick_up_the_black_bowl_on_the_wooden_cabinet_and_place_it_on_the_plate,demo_3,0,agentview,akita_black_bowl_1,is_behind,plate_1
pick_up_the_black_bowl_on_the_wooden_cabinet_and_place_it_on_the_plate,demo_3,0,agentview,plate_1,is_in_front_of,akita_black_bowl_1
pick_up_the_black_bowl_on_the_wooden_cabinet_and_place_it_on_the_plate,demo_3,0,agentview,akita_black_bowl_1,is_behind,flat_stove_1
pick_up_the_black_bowl_on_the_wooden_cabinet_and_place_it_on_the_plate,demo_3,0,agentview,flat_stove_1,is_in_front_of,akita_black_bowl_1
pick_up_the_black_bowl_on_the_wooden_cabinet_and_place_it_on_the_plate,demo_3,0,agentview,akita_black_bowl_2,is_left_of,glazed_rim_porcelain_ramekin_1
pick_up_the_black_bowl_on_the_wooden_cabinet_and_place_it_on_the_plate,demo_3,0,agentview,glazed_rim_porcelain_ramekin_1,is_right_of,akita_black_bowl_2
pick_up_the_black_bowl_on_the_wooden_cabinet_and_place_it_on_the_plate,demo_3,0,agentview,akita_black_bowl_2,is_left_of,plate_1
pick_up_the_black_bowl_on_the_wooden_cabinet_and_place_it_on_the_plate,demo_3,0,agentview,plate_1,is_right_of,akita_black_bowl_2
pick_up_the_black_bowl_on_the_wooden_cabinet_and_place_it_on_the_plate,demo_3,0,agentview,akita_black_bowl_2,is_in_front_of,wooden_cabinet_1
pick_up_the_black_bowl_on_the_wooden_cabinet_and_place_it_on_the_plate,demo_3,0,agentview,wooden_cabinet_1,is_behind,akita_black_bowl_2
pick_up_the_black_bowl_on_the_wooden_cabinet_and_place_it_on_the_plate,demo_3,0,agentview,akita_black_bowl_2,is_behind,cookies_1
pick_up_the_black_bowl_on_the_wooden_cabinet_and_place_it_on_the_plate,demo_3,0,agentview,cookies_1,is_in_front_of,akita_black_bowl_2
pick_up_the_black_bowl_on_the_wooden_cabinet_and_place_it_on_the_plate,demo_3,0,agentview,akita_black_bowl_2,is_left_of,flat_stove_1
pick_up_the_black_bowl_on_the_wooden_cabinet_and_place_it_on_the_plate,demo_3,0,agentview,flat_stove_1,is_right_of,akita_black_bowl_2
pick_up_the_black_bowl_on_the_wooden_cabinet_and_place_it_on_the_plate,demo_3,0,agentview,cookies_1,is_left_of,glazed_rim_porcelain_ramekin_1
pick_up_the_black_bowl_on_the_wooden_cabinet_and_place_it_on_the_plate,demo_3,0,agentview,glazed_rim_porcelain_ramekin_1,is_right_of,cookies_1
pick_up_the_black_bowl_on_the_wooden_cabinet_and_place_it_on_the_plate,demo_3,0,agentview,cookies_1,is_left_of,plate_1
pick_up_the_black_bowl_on_the_wooden_cabinet_and_place_it_on_the_plate,demo_3,0,agentview,plate_1,is_right_of,cookies_1
pick_up_the_black_bowl_on_the_wooden_cabinet_and_place_it_on_the_plate,demo_3,0,agentview,cookies_1,is_on_top_of,flat_stove_1
pick_up_the_black_bowl_on_the_wooden_cabinet_and_place_it_on_the_plate,demo_3,0,agentview,flat_stove_1,is_below_of,cookies_1
pick_up_the_black_bowl_on_the_wooden_cabinet_and_place_it_on_the_plate,demo_3,0,agentview,glazed_rim_porcelain_ramekin_1,is_left_of,plate_1
pick_up_the_black_bowl_on_the_wooden_cabinet_and_place_it_on_the_plate,demo_3,0,agentview,plate_1,is_right_of,glazed_rim_porcelain_ramekin_1
pick_up_the_black_bowl_on_the_wooden_cabinet_and_place_it_on_the_plate,demo_3,0,agentview,glazed_rim_porcelain_ramekin_1,is_on_top_of,flat_stove_1
pick_up_the_black_bowl_on_the_wooden_cabinet_and_place_it_on_the_plate,demo_3,0,agentview,flat_stove_1,is_below_of,glazed_rim_porcelain_ramekin_1
pick_up_the_black_bowl_on_the_wooden_cabinet_and_place_it_on_the_plate,demo_3,0,agentview,plate_1,is_on_top_of,flat_stove_1
pick_up_the_black_bowl_on_the_wooden_cabinet_and_place_it_on_the_plate,demo_3,0,agentview,flat_stove_1,is_below_of,plate_1
pick_up_the_black_bowl_on_the_wooden_cabinet_and_place_it_on_the_plate,demo_3,0,agentview,wooden_cabinet_1,is_behind,flat_stove_1
pick_up_the_black_bowl_on_the_wooden_cabinet_and_place_it_on_the_plate,demo_3,0,agentview,flat_stove_1,is_in_front_of,wooden_cabinet_1
pick_up_the_black_bowl_on_the_wooden_cabinet_and_place_it_on_the_plate,demo_3,5,agentview,akita_black_bowl_1,is_on_top_of,wooden_cabinet_1
pick_up_the_black_bowl_on_the_wooden_cabinet_and_place_it_on_the_plate,demo_3,5,agentview,wooden_cabinet_1,is_below_of,akita_black_bowl_1
pick_up_the_black_bowl_on_the_wooden_cabinet_and_place_it_on_the_plate,demo_3,5,agentview,akita_black_bowl_1,is_behind,akita_black_bowl_2
pick_up_the_black_bowl_on_the_wooden_cabinet_and_place_it_on_the_plate,demo_3,5,agentview,akita_black_bowl_2,is_in_front_of,akita_black_bowl_1
pick_up_the_black_bowl_on_the_wooden_cabinet_and_place_it_on_the_plate,demo_3,5,agentview,akita_black_bowl_1,is_behind,cookies_1
pick_up_the_black_bowl_on_the_wooden_cabinet_and_place_it_on_the_plate,demo_3,5,agentview,cookies_1,is_in_front_of,akita_black_bowl_1
pick_up_the_black_bowl_on_the_wooden_cabinet_and_place_it_on_the_plate,demo_3,5,agentview,akita_black_bowl_1,is_behind,glazed_rim_porcelain_ramekin_1
pick_up_the_black_bowl_on_the_wooden_cabinet_and_place_it_on_the_plate,demo_3,5,agentview,glazed_rim_porcelain_ramekin_1,is_in_front_of,akita_black_bowl_1
pick_up_the_black_bowl_on_the_wooden_cabinet_and_place_it_on_the_plate,demo_3,5,agentview,akita_black_bowl_1,is_behind,plate_1
pick_up_the_black_bowl_on_the_wooden_cabinet_and_place_it_on_the_plate,demo_3,5,agentview,plate_1,is_in_front_of,akita_black_bowl_1
pick_up_the_black_bowl_on_the_wooden_cabinet_and_place_it_on_the_plate,demo_3,5,agentview,akita_black_bowl_1,is_behind,flat_stove_1
pick_up_the_black_bowl_on_the_wooden_cabinet_and_place_it_on_the_plate,demo_3,5,agentview,flat_stove_1,is_in_front_of,akita_black_bowl_1
pick_up_the_black_bowl_on_the_wooden_cabinet_and_place_it_on_the_plate,demo_3,5,agentview,akita_black_bowl_2,is_left_of,cookies_1
pick_up_the_black_bowl_on_the_wooden_cabinet_and_place_it_on_the_plate,demo_3,5,agentview,cookies_1,is_right_of,akita_black_bowl_2
pick_up_the_black_bowl_on_the_wooden_cabinet_and_place_it_on_the_plate,demo_3,5,agentview,akita_black_bowl_2,is_left_of,glazed_rim_porcelain_ramekin_1
pick_up_the_black_bowl_on_the_wooden_cabinet_and_place_it_on_the_plate,demo_3,5,agentview,glazed_rim_porcelain_ramekin_1,is_right_of,akita_black_bowl_2
pick_up_the_black_bowl_on_the_wooden_cabinet_and_place_it_on_the_plate,demo_3,5,agentview,akita_black_bowl_2,is_left_of,plate_1
pick_up_the_black_bowl_on_the_wooden_cabinet_and_place_it_on_the_plate,demo_3,5,agentview,plate_1,is_right_of,akita_black_bowl_2
pick_up_the_black_bowl_on_the_wooden_cabinet_and_place_it_on_the_plate,demo_3,5,agentview,akita_black_bowl_2,is_in_front_of,wooden_cabinet_1
pick_up_the_black_bowl_on_the_wooden_cabinet_and_place_it_on_the_plate,demo_3,5,agentview,wooden_cabinet_1,is_behind,akita_black_bowl_2
pick_up_the_black_bowl_on_the_wooden_cabinet_and_place_it_on_the_plate,demo_3,5,agentview,akita_black_bowl_2,is_behind,flat_stove_1
pick_up_the_black_bowl_on_the_wooden_cabinet_and_place_it_on_the_plate,demo_3,5,agentview,flat_stove_1,is_in_front_of,akita_black_bowl_2
pick_up_the_black_bowl_on_the_wooden_cabinet_and_place_it_on_the_plate,demo_3,5,agentview,cookies_1,is_left_of,glazed_rim_porcelain_ramekin_1
pick_up_the_black_bowl_on_the_wooden_cabinet_and_place_it_on_the_plate,demo_3,5,agentview,glazed_rim_porcelain_ramekin_1,is_right_of,cookies_1
pick_up_the_black_bowl_on_the_wooden_cabinet_and_place_it_on_the_plate,demo_3,5,agentview,cookies_1,is_left_of,plate_1
pick_up_the_black_bowl_on_the_wooden_cabinet_and_place_it_on_the_plate,demo_3,5,agentview,plate_1,is_right_of,cookies_1
pick_up_the_black_bowl_on_the_wooden_cabinet_and_place_it_on_the_plate,demo_3,5,agentview,cookies_1,is_in_front_of,wooden_cabinet_1
pick_up_the_black_bowl_on_the_wooden_cabinet_and_place_it_on_the_plate,demo_3,5,agentview,wooden_cabinet_1,is_behind,cookies_1
pick_up_the_black_bowl_on_the_wooden_cabinet_and_place_it_on_the_plate,demo_3,5,agentview,cookies_1,is_in_front_of,flat_stove_1
pick_up_the_black_bowl_on_the_wooden_cabinet_and_place_it_on_the_plate,demo_3,5,agentview,flat_stove_1,is_behind,cookies_1
pick_up_the_black_bowl_on_the_wooden_cabinet_and_place_it_on_the_plate,demo_3,5,agentview,glazed_rim_porcelain_ramekin_1,is_left_of,plate_1
pick_up_the_black_bowl_on_the_wooden_cabinet_and_place_it_on_the_plate,demo_3,5,agentview,plate_1,is_right_of,glazed_rim_porcelain_ramekin_1
pick_up_the_black_bowl_on_the_wooden_cabinet_and_place_it_on_the_plate,demo_3,5,agentview,glazed_rim_porcelain_ramekin_1,is_in_front_of,wooden_cabinet_1
pick_up_the_black_bowl_on_the_wooden_cabinet_and_place_it_on_the_plate,demo_3,5,agentview,wooden_cabinet_1,is_behind,glazed_rim_porcelain_ramekin_1
pick_up_the_black_bowl_on_the_wooden_cabinet_and_place_it_on_the_plate,demo_3,5,agentview,glazed_rim_porcelain_ramekin_1,is_in_front_of,flat_stove_1
pick_up_the_black_bowl_on_the_wooden_cabinet_and_place_it_on_the_plate,demo_3,5,agentview,flat_stove_1,is_behind,glazed_rim_porcelain_ramekin_1
pick_up_the_black_bowl_on_the_wooden_cabinet_and_place_it_on_the_plate,demo_3,5,agentview,plate_1,is_on_top_of,flat_stove_1
pick_up_the_black_bowl_on_the_wooden_cabinet_and_place_it_on_the_plate,demo_3,5,agentview,flat_stove_1,is_below_of,plate_1
pick_up_the_black_bowl_on_the_wooden_cabinet_and_place_it_on_the_plate,demo_3,5,agentview,plate_1,is_in_front_of,wooden_cabinet_1
pick_up_the_black_bowl_on_the_wooden_cabinet_and_place_it_on_the_plate,demo_3,5,agentview,wooden_cabinet_1,is_behind,plate_1
pick_up_the_black_bowl_on_the_wooden_cabinet_and_place_it_on_the_plate,demo_3,10,agentview,akita_black_bowl_1,is_on_top_of,wooden_cabinet_1
pick_up_the_black_bowl_on_the_wooden_cabinet_and_place_it_on_the_plate,demo_3,10,agentview,wooden_cabinet_1,is_below_of,akita_black_bowl_1
pick_up_the_black_bowl_on_the_wooden_cabinet_and_place_it_on_the_plate,demo_3,10,agentview,akita_black_bowl_2,is_on_top_of,flat_stove_1
pick_up_the_black_bowl_on_the_wooden_cabinet_and_place_it_on_the_plate,demo_3,10,agentview,flat_stove_1,is_below_of,akita_black_bowl_2
pick_up_the_black_bowl_on_the_wooden_cabinet_and_place_it_on_the_plate,demo_3,10,agentview,cookies_1,is_on_top_of,flat_stove_1
pick_up_the_black_bowl_on_the_wooden_cabinet_and_place_it_on_the_plate,demo_3,10,agentview,flat_stove_1,is_below_of,cookies_1
pick_up_the_black_bowl_on_the_wooden_cabinet_and_place_it_on_the_plate,demo_3,10,agentview,glazed_rim_porcelain_ramekin_1,is_on_top_of,flat_stove_1
pick_up_the_black_bowl_on_the_wooden_cabinet_and_place_it_on_the_plate,demo_3,10,agentview,flat_stove_1,is_below_of,glazed_rim_porcelain_ramekin_1
pick_up_the_black_bowl_on_the_wooden_cabinet_and_place_it_on_the_plate,demo_3,10,agentview,plate_1,is_on_top_of,flat_stove_1
pick_up_the_black_bowl_on_the_wooden_cabinet_and_place_it_on_the_plate,demo_3,10,agentview,flat_stove_1,is_below_of,plate_1
pick_up_the_black_bowl_on_the_wooden_cabinet_and_place_it_on_the_plate,demo_3,10,agentview,akita_black_bowl_1,is_behind,akita_black_bowl_2
pick_up_the_black_bowl_on_the_wooden_cabinet_and_place_it_on_the_plate,demo_3,10,agentview,akita_black_bowl_2,is_in_front_of,akita_black_bowl_1
pick_up_the_black_bowl_on_the_wooden_cabinet_and_place_it_on_the_plate,demo_3,10,agentview,akita_black_bowl_1,is_behind,cookies_1
pick_up_the_black_bowl_on_the_wooden_cabinet_and_place_it_on_the_plate,demo_3,10,agentview,cookies_1,is_in_front_of,akita_black_bowl_1
pick_up_the_black_bowl_on_the_wooden_cabinet_and_place_it_on_the_plate,demo_3,10,agentview,akita_black_bowl_1,is_behind,glazed_rim_porcelain_ramekin_1
pick_up_the_black_bowl_on_the_wooden_cabinet_and_place_it_on_the_plate,demo_3,10,agentview,glazed_rim_porcelain_ramekin_1,is_in_front_of,akita_black_bowl_1
pick_up_the_black_bowl_on_the_wooden_cabinet_and_place_it_on_the_plate,demo_3,10,agentview,akita_black_bowl_1,is_behind,plate_1
pick_up_the_black_bowl_on_the_wooden_cabinet_and_place_it_on_the_plate,demo_3,10,agentview,plate_1,is_in_front_of,akita_black_bowl_1
pick_up_the_black_bowl_on_the_wooden_cabinet_and_place_it_on_the_plate,demo_3,10,agentview,akita_black_bowl_1,is_right_of,wooden_cabinet_1
pick_up_the_black_bowl_on_the_wooden_cabinet_and_place_it_on_the_plate,demo_3,10,agentview,wooden_cabinet_1,is_left_of,akita_black_bowl_1
pick_up_the_black_bowl_on_the_wooden_cabinet_and_place_it_on_the_plate,demo_3,10,agentview,akita_black_bowl_2,is_left_of,cookies_1
pick_up_the_black_bowl_on_the_wooden_cabinet_and_place_it_on_the_plate,demo_3,10,agentview,cookies_1,is_right_of,akita_black_bowl_2
pick_up_the_black_bowl_on_the_wooden_cabinet_and_place_it_on_the_plate,demo_3,10,agentview,akita_black_bowl_2,is_left_of,glazed_rim_porcelain_ramekin_1
pick_up_the_black_bowl_on_the_wooden_cabinet_and_place_it_on_the_plate,demo_3,10,agentview,glazed_rim_porcelain_ramekin_1,is_right_of,akita_black_bowl_2
pick_up_the_black_bowl_on_the_wooden_cabinet_and_place_it_on_the_plate,demo_3,10,agentview,akita_black_bowl_2,is_left_of,plate_1
pick_up_the_black_bowl_on_the_wooden_cabinet_and_place_it_on_the_plate,demo_3,10,agentview,plate_1,is_right_of,akita_black_bowl_2
pick_up_the_black_bowl_on_the_wooden_cabinet_and_place_it_on_the_plate,demo_3,10,agentview,cookies_1,is_left_of,glazed_rim_porcelain_ramekin_1
pick_up_the_black_bowl_on_the_wooden_cabinet_and_place_it_on_the_plate,demo_3,10,agentview,glazed_rim_porcelain_ramekin_1,is_right_of,cookies_1
pick_up_the_black_bowl_on_the_wooden_cabinet_and_place_it_on_the_plate,demo_3,10,agentview,cookies_1,is_left_of,plate_1
pick_up_the_black_bowl_on_the_wooden_cabinet_and_place_it_on_the_plate,demo_3,10,agentview,plate_1,is_right_of,cookies_1
pick_up_the_black_bowl_on_the_wooden_cabinet_and_place_it_on_the_plate,demo_3,10,agentview,glazed_rim_porcelain_ramekin_1,is_left_of,plate_1
pick_up_the_black_bowl_on_the_wooden_cabinet_and_place_it_on_the_plate,demo_3,10,agentview,plate_1,is_right_of,glazed_rim_porcelain_ramekin_1
pick_up_the_black_bowl_on_the_wooden_cabinet_and_place_it_on_the_plate,demo_3,10,agentview,akita_black_bowl_2,is_behind,wooden_cabinet_1
pick_up_the_black_bowl_on_the_wooden_cabinet_and_place_it_on_the_plate,demo_3,10,agentview,wooden_cabinet_1,is_in_front_of,akita_black_bowl_2
pick_up_the_black_bowl_on_the_wooden_cabinet_and_place_it_on_the_plate,demo_3,10,agentview,cookies_1,is_behind,wooden_cabinet_1
pick_up_the_black_bowl_on_the_wooden_cabinet_and_place_it_on_the_plate,demo_3,10,agentview,wooden_cabinet_1,is_in_front_of,cookies_1
pick_up_the_black_bowl_on_the_wooden_cabinet_and_place_it_on_the_plate,demo_3,10,agentview,glazed_rim_porcelain_ramekin_1,is_behind,wooden_cabinet_1
pick_up_the_black_bowl_on_the_wooden_cabinet_and_place_it_on_the_plate,demo_3,10,agentview,wooden_cabinet_1,is_in_front_of,glazed_rim_porcelain_ramekin_1
pick_up_the_black_bowl_on_the_wooden_cabinet_and_place_it_on_the_plate,demo_3,10,agentview,plate_1,is_behind,wooden_cabinet_1
pick_up_the_black_bowl_on_the_wooden_cabinet_and_place_it_on_the_plate,demo_3,10,agentview,wooden_cabinet_1,is_in_front_of,plate_1
pick_up_the_black_bowl_on_the_wooden_cabinet_and_place_it_on_the_plate,demo_3,15,agentview,akita_black_bowl_1,is_on_top_of,wooden_cabinet_1
pick_up_the_black_bowl_on_the_wooden_cabinet_and_place_it_on_the_plate,demo_3,15,agentview,wooden_cabinet_1,is_below_of,akita_black_bowl_1
pick_up_the_black_bowl_on_the_wooden_cabinet_and_place_it_on_the_plate,demo_3,15,agentview,akita_black_bowl_1,is_behind,akita_black_bowl_2
pick_up_the_black_bowl_on_the_wooden_cabinet_and_place_it_on_the_plate,demo_3,15,agentview,akita_black_bowl_2,is_in_front_of,akita_black_bowl_1
pick_up_the_black_bowl_on_the_wooden_cabinet_and_place_it_on_the_plate,demo_3,15,agentview,akita_black_bowl_1,is_behind,cookies_1
pick_up_the_black_bowl_on_the_wooden_cabinet_and_place_it_on_the_plate,demo_3,15,agentview,cookies_1,is_in_front_of,akita_black_bowl_1
pick_up_the_black_bowl_on_the_wooden_cabinet_and_place_it_on_the_plate,demo_3,15,agentview,akita_black_bowl_1,is_behind,glazed_rim_porcelain_ramekin_1
pick_up_the_black_bowl_on_the_wooden_cabinet_and_place_it_on_the_plate,demo_3,15,agentview,glazed_rim_porcelain_ramekin_1,is_in_front_of,akita_black_bowl_1
pick_up_the_black_bowl_on_the_wooden_cabinet_and_place_it_on_the_plate,demo_3,15,agentview,akita_black_bowl_1,is_behind,plate_1
pick_up_the_black_bowl_on_the_wooden_cabinet_and_place_it_on_the_plate,demo_3,15,agentview,plate_1,is_in_front_of,akita_black_bowl_1
pick_up_the_black_bowl_on_the_wooden_cabinet_and_place_it_on_the_plate,demo_3,15,agentview,akita_black_bowl_1,is_behind,flat_stove_1
pick_up_the_black_bowl_on_the_wooden_cabinet_and_place_it_on_the_plate,demo_3,15,agentview,flat_stove_1,is_in_front_of,akita_black_bowl_1
pick_up_the_black_bowl_on_the_wooden_cabinet_and_place_it_on_the_plate,demo_3,15,agentview,akita_black_bowl_2,is_left_of,cookies_1
pick_up_the_black_bowl_on_the_wooden_cabinet_and_place_it_on_the_plate,demo_3,15,agentview,cookies_1,is_right_of,akita_black_bowl_2
pick_up_the_black_bowl_on_the_wooden_cabinet_and_place_it_on_the_plate,demo_3,15,agentview,akita_black_bowl_2,is_left_of,glazed_rim_porcelain_ramekin_1
pick_up_the_black_bowl_on_the_wooden_cabinet_and_place_it_on_the_plate,demo_3,15,agentview,glazed_rim_porcelain_ramekin_1,is_right_of,akita_black_bowl_2
pick_up_the_black_bowl_on_the_wooden_cabinet_and_place_it_on_the_plate,demo_3,15,agentview,akita_black_bowl_2,is_left_of,plate_1
pick_up_the_black_bowl_on_the_wooden_cabinet_and_place_it_on_the_plate,demo_3,15,agentview,plate_1,is_right_of,akita_black_bowl_2
pick_up_the_black_bowl_on_the_wooden_cabinet_and_place_it_on_the_plate,demo_3,15,agentview,akita_black_bowl_2,is_in_front_of,wooden_cabinet_1
pick_up_the_black_bowl_on_the_wooden_cabinet_and_place_it_on_the_plate,demo_3,15,agentview,wooden_cabinet_1,is_behind,akita_black_bowl_2
pick_up_the_black_bowl_on_the_wooden_cabinet_and_place_it_on_the_plate,demo_3,15,agentview,akita_black_bowl_2,is_behind,flat_stove_1
pick_up_the_black_bowl_on_the_wooden_cabinet_and_place_it_on_the_plate,demo_3,15,agentview,flat_stove_1,is_in_front_of,akita_black_bowl_2
pick_up_the_black_bowl_on_the_wooden_cabinet_and_place_it_on_the_plate,demo_3,15,agentview,cookies_1,is_left_of,glazed_rim_porcelain_ramekin_1
pick_up_the_black_bowl_on_the_wooden_cabinet_and_place_it_on_the_plate,demo_3,15,agentview,glazed_rim_porcelain_ramekin_1,is_right_of,cookies_1
pick_up_the_black_bowl_on_the_wooden_cabinet_and_place_it_on_the_plate,demo_3,15,agentview,cookies_1,is_left_of,plate_1
pick_up_the_black_bowl_on_the_wooden_cabinet_and_place_it_on_the_plate,demo_3,15,agentview,plate_1,is_right_of,cookies_1
pick_up_the_black_bowl_on_the_wooden_cabinet_and_place_it_on_the_plate,demo_3,15,agentview,cookies_1,is_in_front_of,wooden_cabinet_1
pick_up_the_black_bowl_on_the_wooden_cabinet_and_place_it_on_the_plate,demo_3,15,agentview,wooden_cabinet_1,is_behind,cookies_1
pick_up_the_black_bowl_on_the_wooden_cabinet_and_place_it_on_the_plate,demo_3,15,agentview,cookies_1,is_behind,flat_stove_1
pick_up_the_black_bowl_on_the_wooden_cabinet_and_place_it_on_the_plate,demo_3,15,agentview,flat_stove_1,is_in_front_of,cookies_1
pick_up_the_black_bowl_on_the_wooden_cabinet_and_place_it_on_the_plate,demo_3,15,agentview,glazed_rim_porcelain_ramekin_1,is_left_of,plate_1
pick_up_the_black_bowl_on_the_wooden_cabinet_and_place_it_on_the_plate,demo_3,15,agentview,plate_1,is_right_of,glazed_rim_porcelain_ramekin_1
pick_up_the_black_bowl_on_the_wooden_cabinet_and_place_it_on_the_plate,demo_3,15,agentview,glazed_rim_porcelain_ramekin_1,is_in_front_of,wooden_cabinet_1
pick_up_the_black_bowl_on_the_wooden_cabinet_and_place_it_on_the_plate,demo_3,15,agentview,wooden_cabinet_1,is_behind,glazed_rim_porcelain_ramekin_1
pick_up_the_black_bowl_on_the_wooden_cabinet_and_place_it_on_the_plate,demo_3,15,agentview,glazed_rim_porcelain_ramekin_1,is_behind,flat_stove_1
pick_up_the_black_bowl_on_the_wooden_cabinet_and_place_it_on_the_plate,demo_3,15,agentview,flat_stove_1,is_in_front_of,glazed_rim_porcelain_ramekin_1
pick_up_the_black_bowl_on_the_wooden_cabinet_and_place_it_on_the_plate,demo_3,15,agentview,plate_1,is_on_top_of,flat_stove_1
pick_up_the_black_bowl_on_the_wooden_cabinet_and_place_it_on_the_plate,demo_3,15,agentview,flat_stove_1,is_below_of,plate_1
pick_up_the_black_bowl_on_the_wooden_cabinet_and_place_it_on_the_plate,demo_3,15,agentview,plate_1,is_in_front_of,wooden_cabinet_1
pick_up_the_black_bowl_on_the_wooden_cabinet_and_place_it_on_the_plate,demo_3,15,agentview,wooden_cabinet_1,is_behind,plate_1
pick_up_the_black_bowl_on_the_wooden_cabinet_and_place_it_on_the_plate,demo_3,15,agentview,wooden_cabinet_1,is_behind,flat_stove_1
pick_up_the_black_bowl_on_the_wooden_cabinet_and_place_it_on_the_plate,demo_3,15,agentview,flat_stove_1,is_in_front_of,wooden_cabinet_1
pick_up_the_black_bowl_on_the_wooden_cabinet_and_place_it_on_the_plate,demo_32,0,agentview,akita_black_bowl_1,is_on_top_of,wooden_cabinet_1
pick_up_the_black_bowl_on_the_wooden_cabinet_and_place_it_on_the_plate,demo_32,0,agentview,wooden_cabinet_1,is_below_of,akita_black_bowl_1
pick_up_the_black_bowl_on_the_wooden_cabinet_and_place_it_on_the_plate,demo_32,0,agentview,akita_black_bowl_1,is_behind,akita_black_bowl_2
pick_up_the_black_bowl_on_the_wooden_cabinet_and_place_it_on_the_plate,demo_32,0,agentview,akita_black_bowl_2,is_in_front_of,akita_black_bowl_1
pick_up_the_black_bowl_on_the_wooden_cabinet_and_place_it_on_the_plate,demo_32,0,agentview,akita_black_bowl_1,is_behind,cookies_1
pick_up_the_black_bowl_on_the_wooden_cabinet_and_place_it_on_the_plate,demo_32,0,agentview,cookies_1,is_in_front_of,akita_black_bowl_1
pick_up_the_black_bowl_on_the_wooden_cabinet_and_place_it_on_the_plate,demo_32,0,agentview,akita_black_bowl_1,is_behind,glazed_rim_porcelain_ramekin_1
pick_up_the_black_bowl_on_the_wooden_cabinet_and_place_it_on_the_plate,demo_32,0,agentview,glazed_rim_porcelain_ramekin_1,is_in_front_of,akita_black_bowl_1
pick_up_the_black_bowl_on_the_wooden_cabinet_and_place_it_on_the_plate,demo_32,0,agentview,akita_black_bowl_1,is_behind,plate_1
pick_up_the_black_bowl_on_the_wooden_cabinet_and_place_it_on_the_plate,demo_32,0,agentview,plate_1,is_in_front_of,akita_black_bowl_1
pick_up_the_black_bowl_on_the_wooden_cabinet_and_place_it_on_the_plate,demo_32,0,agentview,akita_black_bowl_1,is_behind,flat_stove_1
pick_up_the_black_bowl_on_the_wooden_cabinet_and_place_it_on_the_plate,demo_32,0,agentview,flat_stove_1,is_in_front_of,akita_black_bowl_1
pick_up_the_black_bowl_on_the_wooden_cabinet_and_place_it_on_the_plate,demo_32,0,agentview,akita_black_bowl_2,is_on_top_of,plate_1
pick_up_the_black_bowl_on_the_wooden_cabinet_and_place_it_on_the_plate,demo_32,0,agentview,plate_1,is_below_of,akita_black_bowl_2
pick_up_the_black_bowl_on_the_wooden_cabinet_and_place_it_on_the_plate,demo_32,0,agentview,akita_black_bowl_2,is_right_of,cookies_1
pick_up_the_black_bowl_on_the_wooden_cabinet_and_place_it_on_the_plate,demo_32,0,agentview,cookies_1,is_left_of,akita_black_bowl_2
pick_up_the_black_bowl_on_the_wooden_cabinet_and_place_it_on_the_plate,demo_32,0,agentview,akita_black_bowl_2,is_behind,glazed_rim_porcelain_ramekin_1
pick_up_the_black_bowl_on_the_wooden_cabinet_and_place_it_on_the_plate,demo_32,0,agentview,glazed_rim_porcelain_ramekin_1,is_in_front_of,akita_black_bowl_2
pick_up_the_black_bowl_on_the_wooden_cabinet_and_place_it_on_the_plate,demo_32,0,agentview,akita_black_bowl_2,is_right_of,plate_1
pick_up_the_black_bowl_on_the_wooden_cabinet_and_place_it_on_the_plate,demo_32,0,agentview,plate_1,is_left_of,akita_black_bowl_2
pick_up_the_black_bowl_on_the_wooden_cabinet_and_place_it_on_the_plate,demo_32,0,agentview,akita_black_bowl_2,is_behind,flat_stove_1
pick_up_the_black_bowl_on_the_wooden_cabinet_and_place_it_on_the_plate,demo_32,0,agentview,flat_stove_1,is_in_front_of,akita_black_bowl_2
pick_up_the_black_bowl_on_the_wooden_cabinet_and_place_it_on_the_plate,demo_32,0,agentview,cookies_1,is_on_top_of,plate_1
pick_up_the_black_bowl_on_the_wooden_cabinet_and_place_it_on_the_plate,demo_32,0,agentview,plate_1,is_below_of,cookies_1
pick_up_the_black_bowl_on_the_wooden_cabinet_and_place_it_on_the_plate,demo_32,0,agentview,cookies_1,is_left_of,glazed_rim_porcelain_ramekin_1
pick_up_the_black_bowl_on_the_wooden_cabinet_and_place_it_on_the_plate,demo_32,0,agentview,glazed_rim_porcelain_ramekin_1,is_right_of,cookies_1
pick_up_the_black_bowl_on_the_wooden_cabinet_and_place_it_on_the_plate,demo_32,0,agentview,cookies_1,is_behind,flat_stove_1
pick_up_the_black_bowl_on_the_wooden_cabinet_and_place_it_on_the_plate,demo_32,0,agentview,flat_stove_1,is_in_front_of,cookies_1
pick_up_the_black_bowl_on_the_wooden_cabinet_and_place_it_on_the_plate,demo_32,0,agentview,glazed_rim_porcelain_ramekin_1,is_on_top_of,plate_1
pick_up_the_black_bowl_on_the_wooden_cabinet_and_place_it_on_the_plate,demo_32,0,agentview,plate_1,is_below_of,glazed_rim_porcelain_ramekin_1
pick_up_the_black_bowl_on_the_wooden_cabinet_and_place_it_on_the_plate,demo_32,0,agentview,glazed_rim_porcelain_ramekin_1,is_behind,flat_stove_1
pick_up_the_black_bowl_on_the_wooden_cabinet_and_place_it_on_the_plate,demo_32,0,agentview,flat_stove_1,is_in_front_of,glazed_rim_porcelain_ramekin_1
pick_up_the_black_bowl_on_the_wooden_cabinet_and_place_it_on_the_plate,demo_32,0,agentview,plate_1,is_on_top_of,flat_stove_1
pick_up_the_black_bowl_on_the_wooden_cabinet_and_place_it_on_the_plate,demo_32,0,agentview,flat_stove_1,is_below_of,plate_1
pick_up_the_black_bowl_on_the_wooden_cabinet_and_place_it_on_the_plate,demo_32,0,agentview,wooden_cabinet_1,is_behind,akita_black_bowl_2
pick_up_the_black_bowl_on_the_wooden_cabinet_and_place_it_on_the_plate,demo_32,0,agentview,akita_black_bowl_2,is_in_front_of,wooden_cabinet_1
pick_up_the_black_bowl_on_the_wooden_cabinet_and_place_it_on_the_plate,demo_32,0,agentview,wooden_cabinet_1,is_behind,cookies_1
pick_up_the_black_bowl_on_the_wooden_cabinet_and_place_it_on_the_plate,demo_32,0,agentview,cookies_1,is_in_front_of,wooden_cabinet_1
pick_up_the_black_bowl_on_the_wooden_cabinet_and_place_it_on_the_plate,demo_32,0,agentview,wooden_cabinet_1,is_behind,glazed_rim_porcelain_ramekin_1
pick_up_the_black_bowl_on_the_wooden_cabinet_and_place_it_on_the_plate,demo_32,0,agentview,glazed_rim_porcelain_ramekin_1,is_in_front_of,wooden_cabinet_1
pick_up_the_black_bowl_on_the_wooden_cabinet_and_place_it_on_the_plate,demo_32,0,agentview,wooden_cabinet_1,is_behind,plate_1
pick_up_the_black_bowl_on_the_wooden_cabinet_and_place_it_on_the_plate,demo_32,0,agentview,plate_1,is_in_front_of,wooden_cabinet_1
pick_up_the_black_bowl_on_the_wooden_cabinet_and_place_it_on_the_plate,demo_32,0,agentview,wooden_cabinet_1,is_left_of,flat_stove_1
pick_up_the_black_bowl_on_the_wooden_cabinet_and_place_it_on_the_plate,demo_32,0,agentview,flat_stove_1,is_right_of,wooden_cabinet_1
pick_up_the_black_bowl_on_the_wooden_cabinet_and_place_it_on_the_plate,demo_32,5,agentview,akita_black_bowl_1,is_on_top_of,wooden_cabinet_1
pick_up_the_black_bowl_on_the_wooden_cabinet_and_place_it_on_the_plate,demo_32,5,agentview,wooden_cabinet_1,is_below_of,akita_black_bowl_1
pick_up_the_black_bowl_on_the_wooden_cabinet_and_place_it_on_the_plate,demo_32,5,agentview,akita_black_bowl_2,is_on_top_of,wooden_cabinet_1
pick_up_the_black_bowl_on_the_wooden_cabinet_and_place_it_on_the_plate,demo_32,5,agentview,wooden_cabinet_1,is_below_of,akita_black_bowl_2
pick_up_the_black_bowl_on_the_wooden_cabinet_and_place_it_on_the_plate,demo_32,5,agentview,cookies_1,is_on_top_of,wooden_cabinet_1
pick_up_the_black_bowl_on_the_wooden_cabinet_and_place_it_on_the_plate,demo_32,5,agentview,wooden_cabinet_1,is_below_of,cookies_1
pick_up_the_black_bowl_on_the_wooden_cabinet_and_place_it_on_the_plate,demo_32,5,agentview,glazed_rim_porcelain_ramekin_1,is_on_top_of,wooden_cabinet_1
pick_up_the_black_bowl_on_the_wooden_cabinet_and_place_it_on_the_plate,demo_32,5,agentview,wooden_cabinet_1,is_below_of,glazed_rim_porcelain_ramekin_1
pick_up_the_black_bowl_on_the_wooden_cabinet_and_place_it_on_the_plate,demo_32,5,agentview,plate_1,is_on_top_of,flat_stove_1
pick_up_the_black_bowl_on_the_wooden_cabinet_and_place_it_on_the_plate,demo_32,5,agentview,flat_stove_1,is_below_of,plate_1
pick_up_the_black_bowl_on_the_wooden_cabinet_and_place_it_on_the_plate,demo_32,5,agentview,akita_black_bowl_1,is_behind,akita_black_bowl_2
pick_up_the_black_bowl_on_the_wooden_cabinet_and_place_it_on_the_plate,demo_32,5,agentview,akita_black_bowl_2,is_in_front_of,akita_black_bowl_1
pick_up_the_black_bowl_on_the_wooden_cabinet_and_place_it_on_the_plate,demo_32,5,agentview,akita_black_bowl_1,is_behind,cookies_1
pick_up_the_black_bowl_on_the_wooden_cabinet_and_place_it_on_the_plate,demo_32,5,agentview,cookies_1,is_in_front_of,akita_black_bowl_1
pick_up_the_black_bowl_on_the_wooden_cabinet_and_place_it_on_the_plate,demo_32,5,agentview,akita_black_bowl_1,is_behind,glazed_rim_porcelain_ramekin_1
pick_up_the_black_bowl_on_the_wooden_cabinet_and_place_it_on_the_plate,demo_32,5,agentview,glazed_rim_porcelain_ramekin_1,is_in_front_of,akita_black_bowl_1
pick_up_the_black_bowl_on_the_wooden_cabinet_and_place_it_on_the_plate,demo_32,5,agentview,akita_black_bowl_1,is_behind,plate_1
pick_up_the_black_bowl_on_the_wooden_cabinet_and_place_it_on_the_plate,demo_32,5,agentview,plate_1,is_in_front_of,akita_black_bowl_1
pick_up_the_black_bowl_on_the_wooden_cabinet_and_place_it_on_the_plate,demo_32,5,agentview,akita_black_bowl_2,is_behind,cookies_1
pick_up_the_black_bowl_on_the_wooden_cabinet_and_place_it_on_the_plate,demo_32,5,agentview,cookies_1,is_in_front_of,akita_black_bowl_2
pick_up_the_black_bowl_on_the_wooden_cabinet_and_place_it_on_the_plate,demo_32,5,agentview,akita_black_bowl_2,is_left_of,glazed_rim_porcelain_ramekin_1
pick_up_the_black_bowl_on_the_wooden_cabinet_and_place_it_on_the_plate,demo_32,5,agentview,glazed_rim_porcelain_ramekin_1,is_right_of,akita_black_bowl_2
pick_up_the_black_bowl_on_the_wooden_cabinet_and_place_it_on_the_plate,demo_32,5,agentview,akita_black_bowl_2,is_behind,plate_1
pick_up_the_black_bowl_on_the_wooden_cabinet_and_place_it_on_the_plate,demo_32,5,agentview,plate_1,is_in_front_of,akita_black_bowl_2
pick_up_the_black_bowl_on_the_wooden_cabinet_and_place_it_on_the_plate,demo_32,5,agentview,cookies_1,is_left_of,glazed_rim_porcelain_ramekin_1
pick_up_the_black_bowl_on_the_wooden_cabinet_and_place_it_on_the_plate,demo_32,5,agentview,glazed_rim_porcelain_ramekin_1,is_right_of,cookies_1
pick_up_the_black_bowl_on_the_wooden_cabinet_and_place_it_on_the_plate,demo_32,5,agentview,cookies_1,is_behind,plate_1
pick_up_the_black_bowl_on_the_wooden_cabinet_and_place_it_on_the_plate,demo_32,5,agentview,plate_1,is_in_front_of,cookies_1
pick_up_the_black_bowl_on_the_wooden_cabinet_and_place_it_on_the_plate,demo_32,5,agentview,glazed_rim_porcelain_ramekin_1,is_behind,plate_1
pick_up_the_black_bowl_on_the_wooden_cabinet_and_place_it_on_the_plate,demo_32,5,agentview,plate_1,is_in_front_of,glazed_rim_porcelain_ramekin_1
pick_up_the_black_bowl_on_the_wooden_cabinet_and_place_it_on_the_plate,demo_32,10,agentview,akita_black_bowl_1,is_on_top_of,wooden_cabinet_1
pick_up_the_black_bowl_on_the_wooden_cabinet_and_place_it_on_the_plate,demo_32,10,agentview,wooden_cabinet_1,is_below_of,akita_black_bowl_1
pick_up_the_black_bowl_on_the_wooden_cabinet_and_place_it_on_the_plate,demo_32,10,agentview,akita_black_bowl_2,is_on_top_of,flat_stove_1
pick_up_the_black_bowl_on_the_wooden_cabinet_and_place_it_on_the_plate,demo_32,10,agentview,flat_stove_1,is_below_of,akita_black_bowl_2
pick_up_the_black_bowl_on_the_wooden_cabinet_and_place_it_on_the_plate,demo_32,10,agentview,cookies_1,is_on_top_of,akita_black_bowl_2
pick_up_the_black_bowl_on_the_wooden_cabinet_and_place_it_on_the_plate,demo_32,10,agentview,akita_black_bowl_2,is_below_of,cookies_1
pick_up_the_black_bowl_on_the_wooden_cabinet_and_place_it_on_the_plate,demo_32,10,agentview,glazed_rim_porcelain_ramekin_1,is_on_top_of,flat_stove_1
pick_up_the_black_bowl_on_the_wooden_cabinet_and_place_it_on_the_plate,demo_32,10,agentview,flat_stove_1,is_below_of,glazed_rim_porcelain_ramekin_1
pick_up_the_black_bowl_on_the_wooden_cabinet_and_place_it_on_the_plate,demo_32,10,agentview,plate_1,is_on_top_of,flat_stove_1
pick_up_the_black_bowl_on_the_wooden_cabinet_and_place_it_on_the_plate,demo_32,10,agentview,flat_stove_1,is_below_of,plate_1
pick_up_the_black_bowl_on_the_wooden_cabinet_and_place_it_on_the_plate,demo_32,10,agentview,akita_black_bowl_1,is_behind,akita_black_bowl_2
pick_up_the_black_bowl_on_the_wooden_cabinet_and_place_it_on_the_plate,demo_32,10,agentview,akita_black_bowl_2,is_in_front_of,akita_black_bowl_1
pick_up_the_black_bowl_on_the_wooden_cabinet_and_place_it_on_the_plate,demo_32,10,agentview,akita_black_bowl_1,is_behind,cookies_1
pick_up_the_black_bowl_on_the_wooden_cabinet_and_place_it_on_the_plate,demo_32,10,agentview,cookies_1,is_in_front_of,akita_black_bowl_1
pick_up_the_black_bowl_on_the_wooden_cabinet_and_place_it_on_the_plate,demo_32,10,agentview,akita_black_bowl_1,is_behind,glazed_rim_porcelain_ramekin_1
pick_up_the_black_bowl_on_the_wooden_cabinet_and_place_it_on_the_plate,demo_32,10,agentview,glazed_rim_porcelain_ramekin_1,is_in_front_of,akita_black_bowl_1
pick_up_the_black_bowl_on_the_wooden_cabinet_and_place_it_on_the_plate,demo_32,10,agentview,akita_black_bowl_1,is_behind,plate_1
pick_up_the_black_bowl_on_the_wooden_cabinet_and_place_it_on_the_plate,demo_32,10,agentview,plate_1,is_in_front_of,akita_black_bowl_1
pick_up_the_black_bowl_on_the_wooden_cabinet_and_place_it_on_the_plate,demo_32,10,agentview,akita_black_bowl_1,is_right_of,wooden_cabinet_1
pick_up_the_black_bowl_on_the_wooden_cabinet_and_place_it_on_the_plate,demo_32,10,agentview,wooden_cabinet_1,is_left_of,akita_black_bowl_1
pick_up_the_black_bowl_on_the_wooden_cabinet_and_place_it_on_the_plate,demo_32,10,agentview,akita_black_bowl_2,is_right_of,akita_black_bowl_1
pick_up_the_black_bowl_on_the_wooden_cabinet_and_place_it_on_the_plate,demo_32,10,agentview,akita_black_bowl_1,is_left_of,akita_black_bowl_2
pick_up_the_black_bowl_on_the_wooden_cabinet_and_place_it_on_the_plate,demo_32,10,agentview,akita_black_bowl_2,is_behind,glazed_rim_porcelain_ramekin_1
pick_up_the_black_bowl_on_the_wooden_cabinet_and_place_it_on_the_plate,demo_32,10,agentview,glazed_rim_porcelain_ramekin_1,is_in_front_of,akita_black_bowl_2
pick_up_the_black_bowl_on_the_wooden_cabinet_and_place_it_on_the_plate,demo_32,10,agentview,akita_black_bowl_2,is_behind,plate_1
pick_up_the_black_bowl_on_the_wooden_cabinet_and_place_it_on_the_plate,demo_32,10,agentview,plate_1,is_in_front_of,akita_black_bowl_2
pick_up_the_black_bowl_on_the_wooden_cabinet_and_place_it_on_the_plate,demo_32,10,agentview,akita_black_bowl_2,is_right_of,wooden_cabinet_1
pick_up_the_black_bowl_on_the_wooden_cabinet_and_place_it_on_the_plate,demo_32,10,agentview,wooden_cabinet_1,is_left_of,akita_black_bowl_2
pick_up_the_black_bowl_on_the_wooden_cabinet_and_place_it_on_the_plate,demo_32,10,agentview,cookies_1,is_right_of,akita_black_bowl_1
pick_up_the_black_bowl_on_the_wooden_cabinet_and_place_it_on_the_plate,demo_32,10,agentview,akita_black_bowl_1,is_left_of,cookies_1
pick_up_the_black_bowl_on_the_wooden_cabinet_and_place_it_on_the_plate,demo_32,10,agentview,cookies_1,is_behind,glazed_rim_porcelain_ramekin_1
pick_up_the_black_bowl_on_the_wooden_cabinet_and_place_it_on_the_plate,demo_32,10,agentview,glazed_rim_porcelain_ramekin_1,is_in_front_of,cookies_1
pick_up_the_black_bowl_on_the_wooden_cabinet_and_place_it_on_the_plate,demo_32,10,agentview,cookies_1,is_behind,plate_1
pick_up_the_black_bowl_on_the_wooden_cabinet_and_place_it_on_the_plate,demo_32,10,agentview,plate_1,is_in_front_of,cookies_1
pick_up_the_black_bowl_on_the_wooden_cabinet_and_place_it_on_the_plate,demo_32,10,agentview,cookies_1,is_right_of,wooden_cabinet_1
pick_up_the_black_bowl_on_the_wooden_cabinet_and_place_it_on_the_plate,demo_32,10,agentview,wooden_cabinet_1,is_left_of,cookies_1
pick_up_the_black_bowl_on_the_wooden_cabinet_and_place_it_on_the_plate,demo_32,10,agentview,glazed_rim_porcelain_ramekin_1,is_right_of,akita_black_bowl_1
pick_up_the_black_bowl_on_the_wooden_cabinet_and_place_it_on_the_plate,demo_32,10,agentview,akita_black_bowl_1,is_left_of,glazed_rim_porcelain_ramekin_1
pick_up_the_black_bowl_on_the_wooden_cabinet_and_place_it_on_the_plate,demo_32,10,agentview,glazed_rim_porcelain_ramekin_1,is_right_of,akita_black_bowl_2
pick_up_the_black_bowl_on_the_wooden_cabinet_and_place_it_on_the_plate,demo_32,10,agentview,akita_black_bowl_2,is_left_of,glazed_rim_porcelain_ramekin_1
pick_up_the_black_bowl_on_the_wooden_cabinet_and_place_it_on_the_plate,demo_32,10,agentview,glazed_rim_porcelain_ramekin_1,is_right_of,cookies_1
pick_up_the_black_bowl_on_the_wooden_cabinet_and_place_it_on_the_plate,demo_32,10,agentview,cookies_1,is_left_of,glazed_rim_porcelain_ramekin_1
pick_up_the_black_bowl_on_the_wooden_cabinet_and_place_it_on_the_plate,demo_32,10,agentview,glazed_rim_porcelain_ramekin_1,is_behind,plate_1
pick_up_the_black_bowl_on_the_wooden_cabinet_and_place_it_on_the_plate,demo_32,10,agentview,plate_1,is_in_front_of,glazed_rim_porcelain_ramekin_1
pick_up_the_black_bowl_on_the_wooden_cabinet_and_place_it_on_the_plate,demo_32,10,agentview,glazed_rim_porcelain_ramekin_1,is_right_of,wooden_cabinet_1
pick_up_the_black_bowl_on_the_wooden_cabinet_and_place_it_on_the_plate,demo_32,10,agentview,wooden_cabinet_1,is_left_of,glazed_rim_porcelain_ramekin_1
pick_up_the_black_bowl_on_the_wooden_cabinet_and_place_it_on_the_plate,demo_32,10,agentview,plate_1,is_right_of,akita_black_bowl_1
pick_up_the_black_bowl_on_the_wooden_cabinet_and_place_it_on_the_plate,demo_32,10,agentview,akita_black_bowl_1,is_left_of,plate_1
pick_up_the_black_bowl_on_the_wooden_cabinet_and_place_it_on_the_plate,demo_32,10,agentview,plate_1,is_right_of,akita_black_bowl_2
pick_up_the_black_bowl_on_the_wooden_cabinet_and_place_it_on_the_plate,demo_32,10,agentview,akita_black_bowl_2,is_left_of,plate_1
pick_up_the_black_bowl_on_the_wooden_cabinet_and_place_it_on_the_plate,demo_32,10,agentview,plate_1,is_right_of,cookies_1
pick_up_the_black_bowl_on_the_wooden_cabinet_and_place_it_on_the_plate,demo_32,10,agentview,cookies_1,is_left_of,plate_1
pick_up_the_black_bowl_on_the_wooden_cabinet_and_place_it_on_the_plate,demo_32,10,agentview,plate_1,is_right_of,wooden_cabinet_1
pick_up_the_black_bowl_on_the_wooden_cabinet_and_place_it_on_the_plate,demo_32,10,agentview,wooden_cabinet_1,is_left_of,plate_1
pick_up_the_black_bowl_on_the_wooden_cabinet_and_place_it_on_the_plate,demo_32,15,agentview,akita_black_bowl_1,is_on_top_of,wooden_cabinet_1
pick_up_the_black_bowl_on_the_wooden_cabinet_and_place_it_on_the_plate,demo_32,15,agentview,wooden_cabinet_1,is_below_of,akita_black_bowl_1
pick_up_the_black_bowl_on_the_wooden_cabinet_and_place_it_on_the_plate,demo_32,15,agentview,akita_black_bowl_2,is_on_top_of,plate_1
pick_up_the_black_bowl_on_the_wooden_cabinet_and_place_it_on_the_plate,demo_32,15,agentview,plate_1,is_below_of,akita_black_bowl_2
pick_up_the_black_bowl_on_the_wooden_cabinet_and_place_it_on_the_plate,demo_32,15,agentview,cookies_1,is_on_top_of,flat_stove_1
pick_up_the_black_bowl_on_the_wooden_cabinet_and_place_it_on_the_plate,demo_32,15,agentview,flat_stove_1,is_below_of,cookies_1
pick_up_the_black_bowl_on_the_wooden_cabinet_and_place_it_on_the_plate,demo_32,15,agentview,glazed_rim_porcelain_ramekin_1,is_left_of,akita_black_bowl_1
pick_up_the_black_bowl_on_the_wooden_cabinet_and_place_it_on_the_plate,demo_32,15,agentview,akita_black_bowl_1,is_right_of,glazed_rim_porcelain_ramekin_1
pick_up_the_black_bowl_on_the_wooden_cabinet_and_place_it_on_the_plate,demo_32,15,agentview,glazed_rim_porcelain_ramekin_1,is_left_of,akita_black_bowl_2
pick_up_the_black_bowl_on_the_wooden_cabinet_and_place_it_on_the_plate,demo_32,15,agentview,akita_black_bowl_2,is_right_of,glazed_rim_porcelain_ramekin_1
pick_up_the_black_bowl_on_the_wooden_cabinet_and_place_it_on_the_plate,demo_32,15,agentview,glazed_rim_porcelain_ramekin_1,is_left_of,cookies_1
pick_up_the_black_bowl_on_the_wooden_cabinet_and_place_it_on_the_plate,demo_32,15,agentview,cookies_1,is_right_of,glazed_rim_porcelain_ramekin_1
pick_up_the_black_bowl_on_the_wooden_cabinet_and_place_it_on_the_plate,demo_32,15,agentview,glazed_rim_porcelain_ramekin_1,is_behind,plate_1
pick_up_the_black_bowl_on_the_wooden_cabinet_and_place_it_on_the_plate,demo_32,15,agentview,plate_1,is_in_front_of,glazed_rim_porcelain_ramekin_1
pick_up_the_black_bowl_on_the_wooden_cabinet_and_place_it_on_the_plate,demo_32,15,agentview,akita_black_bowl_1,is_behind,akita_black_bowl_2
pick_up_the_black_bowl_on_the_wooden_cabinet_and_place_it_on_the_plate,demo_32,15,agentview,akita_black_bowl_2,is_in_front_of,akita_black_bowl_1
pick_up_the_black_bowl_on_the_wooden_cabinet_and_place_it_on_the_plate,demo_32,15,agentview,akita_black_bowl_1,is_behind,plate_1
pick_up_the_black_bowl_on_the_wooden_cabinet_and_place_it_on_the_plate,demo_32,15,agentview,plate_1,is_in_front_of,akita_black_bowl_1
pick_up_the_black_bowl_on_the_wooden_cabinet_and_place_it_on_the_plate,demo_32,15,agentview,akita_black_bowl_1,is_behind,cookies_1
pick_up_the_black_bowl_on_the_wooden_cabinet_and_place_it_on_the_plate,demo_32,15,agentview,cookies_1,is_in_front_of,akita_black_bowl_1
pick_up_the_black_bowl_on_the_wooden_cabinet_and_place_it_on_the_plate,demo_32,15,agentview,akita_black_bowl_2,is_behind,cookies_1
pick_up_the_black_bowl_on_the_wooden_cabinet_and_place_it_on_the_plate,demo_32,15,agentview,cookies_1,is_in_front_of,akita_black_bowl_2
pick_up_the_black_bowl_on_the_wooden_cabinet_and_place_it_on_the_plate,demo_32,15,agentview,plate_1,is_behind,cookies_1
pick_up_the_black_bowl_on_the_wooden_cabinet_and_place_it_on_the_plate,demo_32,15,agentview,cookies_1,is_in_front_of,plate_1
pick_up_the_black_bowl_on_the_wooden_cabinet_and_place_it_on_the_plate,demo_32,15,agentview,wooden_cabinet_1,is_behind,akita_black_bowl_2
pick_up_the_black_bowl_on_the_wooden_cabinet_and_place_it_on_the_plate,demo_32,15,agentview,akita_black_bowl_2,is_in_front_of,wooden_cabinet_1
pick_up_the_black_bowl_on_the_wooden_cabinet_and_place_it_on_the_plate,demo_32,15,agentview,wooden_cabinet_1,is_behind,plate_1
pick_up_the_black_bowl_on_the_wooden_cabinet_and_place_it_on_the_plate,demo_32,15,agentview,plate_1,is_in_front_of,wooden_cabinet_1
pick_up_the_black_bowl_on_the_wooden_cabinet_and_place_it_on_the_plate,demo_32,15,agentview,wooden_cabinet_1,is_behind,cookies_1
pick_up_the_black_bowl_on_the_wooden_cabinet_and_place_it_on_the_plate,demo_32,15,agentview,cookies_1,is_in_front_of,wooden_cabinet_1
pick_up_the_black_bowl_on_the_wooden_cabinet_and_place_it_on_the_plate,demo_32,15,agentview,flat_stove_1,is_left_of,wooden_cabinet_1
pick_up_the_black_bowl_on_the_wooden_cabinet_and_place_it_on_the_plate,demo_32,15,agentview,wooden_cabinet_1,is_right_of,flat_stove_1
pick_up_the_black_bowl_on_the_wooden_cabinet_and_place_it_on_the_plate,demo_32,15,agentview,flat_stove_1,is_left_of,glazed_rim_porcelain_ramekin_1
pick_up_the_black_bowl_on_the_wooden_cabinet_and_place_it_on_the_plate,demo_32,15,agentview,glazed_rim_porcelain_ramekin_1,is_right_of,flat_stove_1
pick_up_the_black_bowl_on_the_wooden_cabinet_and_place_it_on_the_plate,demo_32,15,agentview,flat_stove_1,is_left_of,akita_black_bowl_1
pick_up_the_black_bowl_on_the_wooden_cabinet_and_place_it_on_the_plate,demo_32,15,agentview,akita_black_bowl_1,is_right_of,flat_stove_1
pick_up_the_black_bowl_on_the_wooden_cabinet_and_place_it_on_the_plate,demo_32,15,agentview,flat_stove_1,is_left_of,akita_black_bowl_2
pick_up_the_black_bowl_on_the_wooden_cabinet_and_place_it_on_the_plate,demo_32,15,agentview,akita_black_bowl_2,is_right_of,flat_stove_1
pick_up_the_black_bowl_on_the_wooden_cabinet_and_place_it_on_the_plate,demo_32,15,agentview,flat_stove_1,is_behind,plate_1
pick_up_the_black_bowl_on_the_wooden_cabinet_and_place_it_on_the_plate,demo_32,15,agentview,plate_1,is_in_front_of,flat_stove_1
pick_up_the_black_bowl_on_the_wooden_cabinet_and_place_it_on_the_plate,demo_32,20,agentview,akita_black_bowl_1,is_on_top_of,wooden_cabinet_1
pick_up_the_black_bowl_on_the_wooden_cabinet_and_place_it_on_the_plate,demo_32,20,agentview,wooden_cabinet_1,is_below_of,akita_black_bowl_1
pick_up_the_black_bowl_on_the_wooden_cabinet_and_place_it_on_the_plate,demo_32,20,agentview,akita_black_bowl_1,is_behind,akita_black_bowl_2
pick_up_the_black_bowl_on_the_wooden_cabinet_and_place_it_on_the_plate,demo_32,20,agentview,akita_black_bowl_2,is_in_front_of,akita_black_bowl_1
pick_up_the_black_bowl_on_the_wooden_cabinet_and_place_it_on_the_plate,demo_32,20,agentview,akita_black_bowl_1,is_behind,cookies_1
pick_up_the_black_bowl_on_the_wooden_cabinet_and_place_it_on_the_plate,demo_32,20,agentview,cookies_1,is_in_front_of,akita_black_bowl_1
pick_up_the_black_bowl_on_the_wooden_cabinet_and_place_it_on_the_plate,demo_32,20,agentview,akita_black_bowl_1,is_behind,glazed_rim_porcelain_ramekin_1
pick_up_the_black_bowl_on_the_wooden_cabinet_and_place_it_on_the_plate,demo_32,20,agentview,glazed_rim_porcelain_ramekin_1,is_in_front_of,akita_black_bowl_1
pick_up_the_black_bowl_on_the_wooden_cabinet_and_place_it_on_the_plate,demo_32,20,agentview,akita_black_bowl_1,is_behind,plate_1
pick_up_the_black_bowl_on_the_wooden_cabinet_and_place_it_on_the_plate,demo_32,20,agentview,plate_1,is_in_front_of,akita_black_bowl_1
pick_up_the_black_bowl_on_the_wooden_cabinet_and_place_it_on_the_plate,demo_32,20,agentview,akita_black_bowl_1,is_behind,flat_stove_1
pick_up_the_black_bowl_on_the_wooden_cabinet_and_place_it_on_the_plate,demo_32,20,agentview,flat_stove_1,is_in_front_of,akita_black_bowl_1
pick_up_the_black_bowl_on_the_wooden_cabinet_and_place_it_on_the_plate,demo_32,20,agentview,akita_black_bowl_2,is_left_of,cookies_1
pick_up_the_black_bowl_on_the_wooden_cabinet_and_place_it_on_the_plate,demo_32,20,agentview,cookies_1,is_right_of,akita_black_bowl_2
pick_up_the_black_bowl_on_the_wooden_cabinet_and_place_it_on_the_plate,demo_32,20,agentview,akita_black_bowl_2,is_left_of,glazed_rim_porcelain_ramekin_1
pick_up_the_black_bowl_on_the_wooden_cabinet_and_place_it_on_the_plate,demo_32,20,agentview,glazed_rim_porcelain_ramekin_1,is_right_of,akita_black_bowl_2
pick_up_the_black_bowl_on_the_wooden_cabinet_and_place_it_on_the_plate,demo_32,20,agentview,akita_black_bowl_2,is_left_of,plate_1
pick_up_the_black_bowl_on_the_wooden_cabinet_and_place_it_on_the_plate,demo_32,20,agentview,plate_1,is_right_of,akita_black_bowl_2
pick_up_the_black_bowl_on_the_wooden_cabinet_and_place_it_on_the_plate,demo_32,20,agentview,akita_black_bowl_2,is_in_front_of,wooden_cabinet_1
pick_up_the_black_bowl_on_the_wooden_cabinet_and_place_it_on_the_plate,demo_32,20,agentview,wooden_cabinet_1,is_behind,akita_black_bowl_2
pick_up_the_black_bowl_on_the_wooden_cabinet_and_place_it_on_the_plate,demo_32,20,agentview,akita_black_bowl_2,is_behind,flat_stove_1
pick_up_the_black_bowl_on_the_wooden_cabinet_and_place_it_on_the_plate,demo_32,20,agentview,flat_stove_1,is_in_front_of,akita_black_bowl_2
pick_up_the_black_bowl_on_the_wooden_cabinet_and_place_it_on_the_plate,demo_32,20,agentview,cookies_1,is_left_of,glazed_rim_porcelain_ramekin_1
pick_up_the_black_bowl_on_the_wooden_cabinet_and_place_it_on_the_plate,demo_32,20,agentview,glazed_rim_porcelain_ramekin_1,is_right_of,cookies_1
pick_up_the_black_bowl_on_the_wooden_cabinet_and_place_it_on_the_plate,demo_32,20,agentview,cookies_1,is_left_of,plate_1
pick_up_the_black_bowl_on_the_wooden_cabinet_and_place_it_on_the_plate,demo_32,20,agentview,plate_1,is_right_of,cookies_1
pick_up_the_black_bowl_on_the_wooden_cabinet_and_place_it_on_the_plate,demo_32,20,agentview,cookies_1,is_in_front_of,wooden_cabinet_1
pick_up_the_black_bowl_on_the_wooden_cabinet_and_place_it_on_the_plate,demo_32,20,agentview,wooden_cabinet_1,is_behind,cookies_1
pick_up_the_black_bowl_on_the_wooden_cabinet_and_place_it_on_the_plate,demo_32,20,agentview,cookies_1,is_behind,flat_stove_1
pick_up_the_black_bowl_on_the_wooden_cabinet_and_place_it_on_the_plate,demo_32,20,agentview,flat_stove_1,is_in_front_of,cookies_1
pick_up_the_black_bowl_on_the_wooden_cabinet_and_place_it_on_the_plate,demo_32,20,agentview,glazed_rim_porcelain_ramekin_1,is_left_of,plate_1
pick_up_the_black_bowl_on_the_wooden_cabinet_and_place_it_on_the_plate,demo_32,20,agentview,plate_1,is_right_of,glazed_rim_porcelain_ramekin_1
pick_up_the_black_bowl_on_the_wooden_cabinet_and_place_it_on_the_plate,demo_32,20,agentview,glazed_rim_porcelain_ramekin_1,is_in_front_of,wooden_cabinet_1
pick_up_the_black_bowl_on_the_wooden_cabinet_and_place_it_on_the_plate,demo_32,20,agentview,wooden_cabinet_1,is_behind,glazed_rim_porcelain_ramekin_1
pick_up_the_black_bowl_on_the_wooden_cabinet_and_place_it_on_the_plate,demo_32,20,agentview,glazed_rim_porcelain_ramekin_1,is_behind,flat_stove_1
pick_up_the_black_bowl_on_the_wooden_cabinet_and_place_it_on_the_plate,demo_32,20,agentview,flat_stove_1,is_in_front_of,glazed_rim_porcelain_ramekin_1
pick_up_the_black_bowl_on_the_wooden_cabinet_and_place_it_on_the_plate,demo_32,20,agentview,plate_1,is_in_front_of,wooden_cabinet_1
pick_up_the_black_bowl_on_the_wooden_cabinet_and_place_it_on_the_plate,demo_32,20,agentview,wooden_cabinet_1,is_behind,plate_1
pick_up_the_black_bowl_on_the_wooden_cabinet_and_place_it_on_the_plate,demo_32,20,agentview,plate_1,is_behind,flat_stove_1
pick_up_the_black_bowl_on_the_wooden_cabinet_and_place_it_on_the_plate,demo_32,20,agentview,flat_stove_1,is_in_front_of,plate_1
pick_up_the_black_bowl_on_the_wooden_cabinet_and_place_it_on_the_plate,demo_32,25,agentview,akita_black_bowl_1,is_on_top_of,wooden_cabinet_1
pick_up_the_black_bowl_on_the_wooden_cabinet_and_place_it_on_the_plate,demo_32,25,agentview,wooden_cabinet_1,is_below_of,akita_black_bowl_1
pick_up_the_black_bowl_on_the_wooden_cabinet_and_place_it_on_the_plate,demo_32,25,agentview,akita_black_bowl_2,is_on_top_of,flat_stove_1
pick_up_the_black_bowl_on_the_wooden_cabinet_and_place_it_on_the_plate,demo_32,25,agentview,flat_stove_1,is_below_of,akita_black_bowl_2
pick_up_the_black_bowl_on_the_wooden_cabinet_and_place_it_on_the_plate,demo_32,25,agentview,cookies_1,is_on_top_of,wooden_cabinet_1
pick_up_the_black_bowl_on_the_wooden_cabinet_and_place_it_on_the_plate,demo_32,25,agentview,wooden_cabinet_1,is_below_of,cookies_1
pick_up_the_black_bowl_on_the_wooden_cabinet_and_place_it_on_the_plate,demo_32,25,agentview,glazed_rim_porcelain_ramekin_1,is_on_top_of,wooden_cabinet_1
pick_up_the_black_bowl_on_the_wooden_cabinet_and_place_it_on_the_plate,demo_32,25,agentview,wooden_cabinet_1,is_below_of,glazed_rim_porcelain_ramekin_1
pick_up_the_black_bowl_on_the_wooden_cabinet_and_place_it_on_the_plate,demo_32,25,agentview,plate_1,is_on_top_of,flat_stove_1
pick_up_the_black_bowl_on_the_wooden_cabinet_and_place_it_on_the_plate,demo_32,25,agentview,flat_stove_1,is_below_of,plate_1
pick_up_the_black_bowl_on_the_wooden_cabinet_and_place_it_on_the_plate,demo_32,25,agentview,akita_black_bowl_1,is_behind,akita_black_bowl_2
pick_up_the_black_bowl_on_the_wooden_cabinet_and_place_it_on_the_plate,demo_32,25,agentview,akita_black_bowl_2,is_in_front_of,akita_black_bowl_1
pick_up_the_black_bowl_on_the_wooden_cabinet_and_place_it_on_the_plate,demo_32,25,agentview,akita_black_bowl_1,is_behind,plate_1
pick_up_the_black_bowl_on_the_wooden_cabinet_and_place_it_on_the_plate,demo_32,25,agentview,plate_1,is_in_front_of,akita_black_bowl_1
pick_up_the_black_bowl_on_the_wooden_cabinet_and_place_it_on_the_plate,demo_32,25,agentview,akita_black_bowl_1,is_behind,cookies_1
pick_up_the_black_bowl_on_the_wooden_cabinet_and_place_it_on_the_plate,demo_32,25,agentview,cookies_1,is_in_front_of,akita_black_bowl_1
pick_up_the_black_bowl_on_the_wooden_cabinet_and_place_it_on_the_plate,demo_32,25,agentview,akita_black_bowl_1,is_behind,glazed_rim_porcelain_ramekin_1
pick_up_the_black_bowl_on_the_wooden_cabinet_and_place_it_on_the_plate,demo_32,25,agentview,glazed_rim_porcelain_ramekin_1,is_in_front_of,akita_black_bowl_1
pick_up_the_black_bowl_on_the_wooden_cabinet_and_place_it_on_the_plate,demo_32,25,agentview,akita_black_bowl_2,is_right_of,akita_black_bowl_1
pick_up_the_black_bowl_on_the_wooden_cabinet_and_place_it_on_the_plate,demo_32,25,agentview,akita_black_bowl_1,is_left_of,akita_black_bowl_2
pick_up_the_black_bowl_on_the_wooden_cabinet_and_place_it_on_the_plate,demo_32,25,agentview,akita_black_bowl_2,is_behind,cookies_1
pick_up_the_black_bowl_on_the_wooden_cabinet_and_place_it_on_the_plate,demo_32,25,agentview,cookies_1,is_in_front_of,akita_black_bowl_2
pick_up_the_black_bowl_on_the_wooden_cabinet_and_place_it_on_the_plate,demo_32,25,agentview,akita_black_bowl_2,is_behind,glazed_rim_porcelain_ramekin_1
pick_up_the_black_bowl_on_the_wooden_cabinet_and_place_it_on_the_plate,demo_32,25,agentview,glazed_rim_porcelain_ramekin_1,is_in_front_of,akita_black_bowl_2
pick_up_the_black_bowl_on_the_wooden_cabinet_and_place_it_on_the_plate,demo_32,25,agentview,plate_1,is_right_of,akita_black_bowl_1
pick_up_the_black_bowl_on_the_wooden_cabinet_and_place_it_on_the_plate,demo_32,25,agentview,akita_black_bowl_1,is_left_of,plate_1
pick_up_the_black_bowl_on_the_wooden_cabinet_and_place_it_on_the_plate,demo_32,25,agentview,plate_1,is_behind,cookies_1
pick_up_the_black_bowl_on_the_wooden_cabinet_and_place_it_on_the_plate,demo_32,25,agentview,cookies_1,is_in_front_of,plate_1
pick_up_the_black_bowl_on_the_wooden_cabinet_and_place_it_on_the_plate,demo_32,25,agentview,plate_1,is_right_of,glazed_rim_porcelain_ramekin_1
pick_up_the_black_bowl_on_the_wooden_cabinet_and_place_it_on_the_plate,demo_32,25,agentview,glazed_rim_porcelain_ramekin_1,is_left_of,plate_1
pick_up_the_black_bowl_on_the_wooden_cabinet_and_place_it_on_the_plate,demo_32,25,agentview,cookies_1,is_right_of,akita_black_bowl_1
pick_up_the_black_bowl_on_the_wooden_cabinet_and_place_it_on_the_plate,demo_32,25,agentview,akita_black_bowl_1,is_left_of,cookies_1
pick_up_the_black_bowl_on_the_wooden_cabinet_and_place_it_on_the_plate,demo_32,25,agentview,cookies_1,is_left_of,akita_black_bowl_2
pick_up_the_black_bowl_on_the_wooden_cabinet_and_place_it_on_the_plate,demo_32,25,agentview,akita_black_bowl_2,is_right_of,cookies_1
pick_up_the_black_bowl_on_the_wooden_cabinet_and_place_it_on_the_plate,demo_32,25,agentview,cookies_1,is_left_of,plate_1
pick_up_the_black_bowl_on_the_wooden_cabinet_and_place_it_on_the_plate,demo_32,25,agentview,plate_1,is_right_of,cookies_1
pick_up_the_black_bowl_on_the_wooden_cabinet_and_place_it_on_the_plate,demo_32,25,agentview,cookies_1,is_left_of,glazed_rim_porcelain_ramekin_1
pick_up_the_black_bowl_on_the_wooden_cabinet_and_place_it_on_the_plate,demo_32,25,agentview,glazed_rim_porcelain_ramekin_1,is_right_of,cookies_1
pick_up_the_black_bowl_on_the_wooden_cabinet_and_place_it_on_the_plate,demo_32,25,agentview,glazed_rim_porcelain_ramekin_1,is_right_of,akita_black_bowl_1
pick_up_the_black_bowl_on_the_wooden_cabinet_and_place_it_on_the_plate,demo_32,25,agentview,akita_black_bowl_1,is_left_of,glazed_rim_porcelain_ramekin_1
pick_up_the_black_bowl_on_the_wooden_cabinet_and_place_it_on_the_plate,demo_32,25,agentview,glazed_rim_porcelain_ramekin_1,is_left_of,akita_black_bowl_2
pick_up_the_black_bowl_on_the_wooden_cabinet_and_place_it_on_the_plate,demo_32,25,agentview,akita_black_bowl_2,is_right_of,glazed_rim_porcelain_ramekin_1
pick_up_the_black_bowl_on_the_wooden_cabinet_and_place_it_on_the_plate,demo_32,30,agentview,akita_black_bowl_1,is_on_top_of,wooden_cabinet_1
pick_up_the_black_bowl_on_the_wooden_cabinet_and_place_it_on_the_plate,demo_32,30,agentview,wooden_cabinet_1,is_below_of,akita_black_bowl_1
pick_up_the_black_bowl_on_the_wooden_cabinet_and_place_it_on_the_plate,demo_32,30,agentview,akita_black_bowl_2,is_on_top_of,flat_stove_1
pick_up_the_black_bowl_on_the_wooden_cabinet_and_place_it_on_the_plate,demo_32,30,agentview,flat_stove_1,is_below_of,akita_black_bowl_2
pick_up_the_black_bowl_on_the_wooden_cabinet_and_place_it_on_the_plate,demo_32,30,agentview,cookies_1,is_on_top_of,flat_stove_1
pick_up_the_black_bowl_on_the_wooden_cabinet_and_place_it_on_the_plate,demo_32,30,agentview,flat_stove_1,is_below_of,cookies_1
pick_up_the_black_bowl_on_the_wooden_cabinet_and_place_it_on_the_plate,demo_32,30,agentview,glazed_rim_porcelain_ramekin_1,is_on_top_of,flat_stove_1
pick_up_the_black_bowl_on_the_wooden_cabinet_and_place_it_on_the_plate,demo_32,30,agentview,flat_stove_1,is_below_of,glazed_rim_porcelain_ramekin_1
pick_up_the_black_bowl_on_the_wooden_cabinet_and_place_it_on_the_plate,demo_32,30,agentview,plate_1,is_on_top_of,flat_stove_1
pick_up_the_black_bowl_on_the_wooden_cabinet_and_place_it_on_the_plate,demo_32,30,agentview,flat_stove_1,is_below_of,plate_1
pick_up_the_black_bowl_on_the_wooden_cabinet_and_place_it_on_the_plate,demo_32,30,agentview,akita_black_bowl_1,is_behind,akita_black_bowl_2
pick_up_the_black_bowl_on_the_wooden_cabinet_and_place_it_on_the_plate,demo_32,30,agentview,akita_black_bowl_2,is_in_front_of,akita_black_bowl_1
pick_up_the_black_bowl_on_the_wooden_cabinet_and_place_it_on_the_plate,demo_32,30,agentview,akita_black_bowl_1,is_behind,cookies_1
pick_up_the_black_bowl_on_the_wooden_cabinet_and_place_it_on_the_plate,demo_32,30,agentview,cookies_1,is_in_front_of,akita_black_bowl_1
pick_up_the_black_bowl_on_the_wooden_cabinet_and_place_it_on_the_plate,demo_32,30,agentview,akita_black_bowl_1,is_behind,glazed_rim_porcelain_ramekin_1
pick_up_the_black_bowl_on_the_wooden_cabinet_and_place_it_on_the_plate,demo_32,30,agentview,glazed_rim_porcelain_ramekin_1,is_in_front_of,akita_black_bowl_1
pick_up_the_black_bowl_on_the_wooden_cabinet_and_place_it_on_the_plate,demo_32,30,agentview,akita_black_bowl_1,is_behind,plate_1
pick_up_the_black_bowl_on_the_wooden_cabinet_and_place_it_on_the_plate,demo_32,30,agentview,plate_1,is_in_front_of,akita_black_bowl_1
pick_up_the_black_bowl_on_the_wooden_cabinet_and_place_it_on_the_plate,demo_32,30,agentview,akita_black_bowl_2,is_left_of,cookies_1
pick_up_the_black_bowl_on_the_wooden_cabinet_and_place_it_on_the_plate,demo_32,30,agentview,cookies_1,is_right_of,akita_black_bowl_2
pick_up_the_black_bowl_on_the_wooden_cabinet_and_place_it_on_the_plate,demo_32,30,agentview,akita_black_bowl_2,is_left_of,glazed_rim_porcelain_ramekin_1
pick_up_the_black_bowl_on_the_wooden_cabinet_and_place_it_on_the_plate,demo_32,30,agentview,glazed_rim_porcelain_ramekin_1,is_right_of,akita_black_bowl_2
pick_up_the_black_bowl_on_the_wooden_cabinet_and_place_it_on_the_plate,demo_32,30,agentview,akita_black_bowl_2,is_left_of,plate_1
pick_up_the_black_bowl_on_the_wooden_cabinet_and_place_it_on_the_plate,demo_32,30,agentview,plate_1,is_right_of,akita_black_bowl_2
pick_up_the_black_bowl_on_the_wooden_cabinet_and_place_it_on_the_plate,demo_32,30,agentview,cookies_1,is_left_of,glazed_rim_porcelain_ramekin_1
pick_up_the_black_bowl_on_the_wooden_cabinet_and_place_it_on_the_plate,demo_32,30,agentview,glazed_rim_porcelain_ramekin_1,is_right_of,cookies_1
pick_up_the_black_bowl_on_the_wooden_cabinet_and_place_it_on_the_plate,demo_32,30,agentview,cookies_1,is_left_of,plate_1
pick_up_the_black_bowl_on_the_wooden_cabinet_and_place_it_on_the_plate,demo_32,30,agentview,plate_1,is_right_of,cookies_1
pick_up_the_black_bowl_on_the_wooden_cabinet_and_place_it_on_the_plate,demo_32,30,agentview,glazed_rim_porcelain_ramekin_1,is_left_of,plate_1
pick_up_the_black_bowl_on_the_wooden_cabinet_and_place_it_on_the_plate,demo_32,30,agentview,plate_1,is_right_of,glazed_rim_porcelain_ramekin_1
pick_up_the_black_bowl_on_the_wooden_cabinet_and_place_it_on_the_plate,demo_32,35,agentview,akita_black_bowl_1,is_on_top_of,wooden_cabinet_1
pick_up_the_black_bowl_on_the_wooden_cabinet_and_place_it_on_the_plate,demo_32,35,agentview,wooden_cabinet_1,is_below_of,akita_black_bowl_1
pick_up_the_black_bowl_on_the_wooden_cabinet_and_place_it_on_the_plate,demo_32,35,agentview,akita_black_bowl_1,is_behind,akita_black_bowl_2
pick_up_the_black_bowl_on_the_wooden_cabinet_and_place_it_on_the_plate,demo_32,35,agentview,akita_black_bowl_2,is_in_front_of,akita_black_bowl_1
pick_up_the_black_bowl_on_the_wooden_cabinet_and_place_it_on_the_plate,demo_32,35,agentview,akita_black_bowl_1,is_behind,cookies_1
pick_up_the_black_bowl_on_the_wooden_cabinet_and_place_it_on_the_plate,demo_32,35,agentview,cookies_1,is_in_front_of,akita_black_bowl_1
pick_up_the_black_bowl_on_the_wooden_cabinet_and_place_it_on_the_plate,demo_32,35,agentview,akita_black_bowl_1,is_behind,glazed_rim_porcelain_ramekin_1
pick_up_the_black_bowl_on_the_wooden_cabinet_and_place_it_on_the_plate,demo_32,35,agentview,glazed_rim_porcelain_ramekin_1,is_in_front_of,akita_black_bowl_1
pick_up_the_black_bowl_on_the_wooden_cabinet_and_place_it_on_the_plate,demo_32,35,agentview,akita_black_bowl_1,is_behind,plate_1
pick_up_the_black_bowl_on_the_wooden_cabinet_and_place_it_on_the_plate,demo_32,35,agentview,plate_1,is_in_front_of,akita_black_bowl_1
pick_up_the_black_bowl_on_the_wooden_cabinet_and_place_it_on_the_plate,demo_32,35,agentview,akita_black_bowl_1,is_behind,flat_stove_1
pick_up_the_black_bowl_on_the_wooden_cabinet_and_place_it_on_the_plate,demo_32,35,agentview,flat_stove_1,is_in_front_of,akita_black_bowl_1
pick_up_the_black_bowl_on_the_wooden_cabinet_and_place_it_on_the_plate,demo_32,35,agentview,akita_black_bowl_2,is_on_top_of,plate_1
pick_up_the_black_bowl_on_the_wooden_cabinet_and_place_it_on_the_plate,demo_32,35,agentview,plate_1,is_below_of,akita_black_bowl_2
pick_up_the_black_bowl_on_the_wooden_cabinet_and_place_it_on_the_plate,demo_32,35,agentview,akita_black_bowl_2,is_left_of,cookies_1
pick_up_the_black_bowl_on_the_wooden_cabinet_and_place_it_on_the_plate,demo_32,35,agentview,cookies_1,is_right_of,akita_black_bowl_2
pick_up_the_black_bowl_on_the_wooden_cabinet_and_place_it_on_the_plate,demo_32,35,agentview,akita_black_bowl_2,is_left_of,glazed_rim_porcelain_ramekin_1
pick_up_the_black_bowl_on_the_wooden_cabinet_and_place_it_on_the_plate,demo_32,35,agentview,glazed_rim_porcelain_ramekin_1,is_right_of,akita_black_bowl_2
pick_up_the_black_bowl_on_the_wooden_cabinet_and_place_it_on_the_plate,demo_32,35,agentview,akita_black_bowl_2,is_left_of,flat_stove_1
pick_up_the_black_bowl_on_the_wooden_cabinet_and_place_it_on_the_plate,demo_32,35,agentview,flat_stove_1,is_right_of,akita_black_bowl_2
pick_up_the_black_bowl_on_the_wooden_cabinet_and_place_it_on_the_plate,demo_32,35,agentview,cookies_1,is_left_of,glazed_rim_porcelain_ramekin_1
pick_up_the_black_bowl_on_the_wooden_cabinet_and_place_it_on_the_plate,demo_32,35,agentview,glazed_rim_porcelain_ramekin_1,is_right_of,cookies_1
pick_up_the_black_bowl_on_the_wooden_cabinet_and_place_it_on_the_plate,demo_32,35,agentview,cookies_1,is_in_front_of,flat_stove_1
pick_up_the_black_bowl_on_the_wooden_cabinet_and_place_it_on_the_plate,demo_32,35,agentview,flat_stove_1,is_behind,cookies_1
pick_up_the_black_bowl_on_the_wooden_cabinet_and_place_it_on_the_plate,demo_32,35,agentview,glazed_rim_porcelain_ramekin_1,is_in_front_of,flat_stove_1
pick_up_the_black_bowl_on_the_wooden_cabinet_and_place_it_on_the_plate,demo_32,35,agentview,flat_stove_1,is_behind,glazed_rim_porcelain_ramekin_1
pick_up_the_black_bowl_on_the_wooden_cabinet_and_place_it_on_the_plate,demo_32,35,agentview,plate_1,is_on_top_of,flat_stove_1
pick_up_the_black_bowl_on_the_wooden_cabinet_and_place_it_on_the_plate,demo_32,35,agentview,flat_stove_1,is_below_of,plate_1
pick_up_the_black_bowl_on_the_wooden_cabinet_and_place_it_on_the_plate,demo_32,40,agentview,akita_black_bowl_1,is_on_top_of,wooden_cabinet_1
pick_up_the_black_bowl_on_the_wooden_cabinet_and_place_it_on_the_plate,demo_32,40,agentview,wooden_cabinet_1,is_below_of,akita_black_bowl_1
pick_up_the_black_bowl_on_the_wooden_cabinet_and_place_it_on_the_plate,demo_32,40,agentview,akita_black_bowl_1,is_behind,akita_black_bowl_2
pick_up_the_black_bowl_on_the_wooden_cabinet_and_place_it_on_the_plate,demo_32,40,agentview,akita_black_bowl_2,is_in_front_of,akita_black_bowl_1
pick_up_the_black_bowl_on_the_wooden_cabinet_and_place_it_on_the_plate,demo_32,40,agentview,akita_black_bowl_1,is_behind,cookies_1
pick_up_the_black_bowl_on_the_wooden_cabinet_and_place_it_on_the_plate,demo_32,40,agentview,cookies_1,is_in_front_of,akita_black_bowl_1
pick_up_the_black_bowl_on_the_wooden_cabinet_and_place_it_on_the_plate,demo_32,40,agentview,akita_black_bowl_1,is_behind,glazed_rim_porcelain_ramekin_1
pick_up_the_black_bowl_on_the_wooden_cabinet_and_place_it_on_the_plate,demo_32,40,agentview,glazed_rim_porcelain_ramekin_1,is_in_front_of,akita_black_bowl_1
pick_up_the_black_bowl_on_the_wooden_cabinet_and_place_it_on_the_plate,demo_32,40,agentview,akita_black_bowl_1,is_behind,plate_1
pick_up_the_black_bowl_on_the_wooden_cabinet_and_place_it_on_the_plate,demo_32,40,agentview,plate_1,is_in_front_of,akita_black_bowl_1
pick_up_the_black_bowl_on_the_wooden_cabinet_and_place_it_on_the_plate,demo_32,40,agentview,akita_black_bowl_1,is_behind,flat_stove_1
pick_up_the_black_bowl_on_the_wooden_cabinet_and_place_it_on_the_plate,demo_32,40,agentview,flat_stove_1,is_in_front_of,akita_black_bowl_1
pick_up_the_black_bowl_on_the_wooden_cabinet_and_place_it_on_the_plate,demo_32,40,agentview,akita_black_bowl_2,is_on_top_of,plate_1
pick_up_the_black_bowl_on_the_wooden_cabinet_and_place_it_on_the_plate,demo_32,40,agentview,plate_1,is_below_of,akita_black_bowl_2
pick_up_the_black_bowl_on_the_wooden_cabinet_and_place_it_on_the_plate,demo_32,40,agentview,akita_black_bowl_2,is_behind,cookies_1
pick_up_the_black_bowl_on_the_wooden_cabinet_and_place_it_on_the_plate,demo_32,40,agentview,cookies_1,is_in_front_of,akita_black_bowl_2
pick_up_the_black_bowl_on_the_wooden_cabinet_and_place_it_on_the_plate,demo_32,40,agentview,akita_black_bowl_2,is_right_of,glazed_rim_porcelain_ramekin_1
pick_up_the_black_bowl_on_the_wooden_cabinet_and_place_it_on_the_plate,demo_32,40,agentview,glazed_rim_porcelain_ramekin_1,is_left_of,akita_black_bowl_2
pick_up_the_black_bowl_on_the_wooden_cabinet_and_place_it_on_the_plate,demo_32,40,agentview,akita_black_bowl_2,is_behind,flat_stove_1
pick_up_the_black_bowl_on_the_wooden_cabinet_and_place_it_on_the_plate,demo_32,40,agentview,flat_stove_1,is_in_front_of,akita_black_bowl_2
pick_up_the_black_bowl_on_the_wooden_cabinet_and_place_it_on_the_plate,demo_32,40,agentview,cookies_1,is_right_of,glazed_rim_porcelain_ramekin_1
pick_up_the_black_bowl_on_the_wooden_cabinet_and_place_it_on_the_plate,demo_32,40,agentview,glazed_rim_porcelain_ramekin_1,is_left_of,cookies_1
pick_up_the_black_bowl_on_the_wooden_cabinet_and_place_it_on_the_plate,demo_32,40,agentview,cookies_1,is_behind,plate_1
pick_up_the_black_bowl_on_the_wooden_cabinet_and_place_it_on_the_plate,demo_32,40,agentview,plate_1,is_in_front_of,cookies_1
pick_up_the_black_bowl_on_the_wooden_cabinet_and_place_it_on_the_plate,demo_32,40,agentview,cookies_1,is_behind,flat_stove_1
pick_up_the_black_bowl_on_the_wooden_cabinet_and_place_it_on_the_plate,demo_32,40,agentview,flat_stove_1,is_in_front_of,cookies_1
pick_up_the_black_bowl_on_the_wooden_cabinet_and_place_it_on_the_plate,demo_32,40,agentview,glazed_rim_porcelain_ramekin_1,is_behind,plate_1
pick_up_the_black_bowl_on_the_wooden_cabinet_and_place_it_on_the_plate,demo_32,40,agentview,plate_1,is_in_front_of,glazed_rim_porcelain_ramekin_1
pick_up_the_black_bowl_on_the_wooden_cabinet_and_place_it_on_the_plate,demo_32,40,agentview,glazed_rim_porcelain_ramekin_1,is_behind,flat_stove_1
pick_up_the_black_bowl_on_the_wooden_cabinet_and_place_it_on_the_plate,demo_32,40,agentview,flat_stove_1,is_in_front_of,glazed_rim_porcelain_ramekin_1
pick_up_the_black_bowl_on_the_wooden_cabinet_and_place_it_on_the_plate,demo_32,40,agentview,plate_1,is_on_top_of,flat_stove_1
pick_up_the_black_bowl_on_the_wooden_cabinet_and_place_it_on_the_plate,demo_32,40,agentview,flat_stove_1,is_below_of,plate_1
pick_up_the_black_bowl_on_the_wooden_cabinet_and_place_it_on_the_plate,demo_32,45,agentview,akita_black_bowl_1,is_on_top_of,wooden_cabinet_1
pick_up_the_black_bowl_on_the_wooden_cabinet_and_place_it_on_the_plate,demo_32,45,agentview,wooden_cabinet_1,is_below_of,akita_black_bowl_1
pick_up_the_black_bowl_on_the_wooden_cabinet_and_place_it_on_the_plate,demo_32,45,agentview,akita_black_bowl_2,is_on_top_of,flat_stove_1
pick_up_the_black_bowl_on_the_wooden_cabinet_and_place_it_on_the_plate,demo_32,45,agentview,flat_stove_1,is_below_of,akita_black_bowl_2
pick_up_the_black_bowl_on_the_wooden_cabinet_and_place_it_on_the_plate,demo_32,45,agentview,cookies_1,is_on_top_of,plate_1
pick_up_the_black_bowl_on_the_wooden_cabinet_and_place_it_on_the_plate,demo_32,45,agentview,plate_1,is_below_of,cookies_1
pick_up_the_black_bowl_on_the_wooden_cabinet_and_place_it_on_the_plate,demo_32,45,agentview,glazed_rim_porcelain_ramekin_1,is_on_top_of,wooden_cabinet_1
pick_up_the_black_bowl_on_the_wooden_cabinet_and_place_it_on_the_plate,demo_32,45,agentview,wooden_cabinet_1,is_below_of,glazed_rim_porcelain_ramekin_1
pick_up_the_black_bowl_on_the_wooden_cabinet_and_place_it_on_the_plate,demo_32,45,agentview,akita_black_bowl_1,is_behind,akita_black_bowl_2
pick_up_the_black_bowl_on_the_wooden_cabinet_and_place_it_on_the_plate,demo_32,45,agentview,akita_black_bowl_2,is_in_front_of,akita_black_bowl_1
pick_up_the_black_bowl_on_the_wooden_cabinet_and_place_it_on_the_plate,demo_32,45,agentview,akita_black_bowl_1,is_behind,cookies_1
pick_up_the_black_bowl_on_the_wooden_cabinet_and_place_it_on_the_plate,demo_32,45,agentview,cookies_1,is_in_front_of,akita_black_bowl_1
pick_up_the_black_bowl_on_the_wooden_cabinet_and_place_it_on_the_plate,demo_32,45,agentview,akita_black_bowl_1,is_behind,plate_1
pick_up_the_black_bowl_on_the_wooden_cabinet_and_place_it_on_the_plate,demo_32,45,agentview,plate_1,is_in_front_of,akita_black_bowl_1
pick_up_the_black_bowl_on_the_wooden_cabinet_and_place_it_on_the_plate,demo_32,45,agentview,akita_black_bowl_1,is_behind,glazed_rim_porcelain_ramekin_1
pick_up_the_black_bowl_on_the_wooden_cabinet_and_place_it_on_the_plate,demo_32,45,agentview,glazed_rim_porcelain_ramekin_1,is_in_front_of,akita_black_bowl_1
pick_up_the_black_bowl_on_the_wooden_cabinet_and_place_it_on_the_plate,demo_32,45,agentview,akita_black_bowl_2,is_right_of,akita_black_bowl_1
pick_up_the_black_bowl_on_the_wooden_cabinet_and_place_it_on_the_plate,demo_32,45,agentview,akita_black_bowl_1,is_left_of,akita_black_bowl_2
pick_up_the_black_bowl_on_the_wooden_cabinet_and_place_it_on_the_plate,demo_32,45,agentview,akita_black_bowl_2,is_behind,cookies_1
pick_up_the_black_bowl_on_the_wooden_cabinet_and_place_it_on_the_plate,demo_32,45,agentview,cookies_1,is_in_front_of,akita_black_bowl_2
pick_up_the_black_bowl_on_the_wooden_cabinet_and_place_it_on_the_plate,demo_32,45,agentview,akita_black_bowl_2,is_behind,plate_1
pick_up_the_black_bowl_on_the_wooden_cabinet_and_place_it_on_the_plate,demo_32,45,agentview,plate_1,is_in_front_of,akita_black_bowl_2
pick_up_the_black_bowl_on_the_wooden_cabinet_and_place_it_on_the_plate,demo_32,45,agentview,akita_black_bowl_2,is_right_of,glazed_rim_porcelain_ramekin_1
pick_up_the_black_bowl_on_the_wooden_cabinet_and_place_it_on_the_plate,demo_32,45,agentview,glazed_rim_porcelain_ramekin_1,is_left_of,akita_black_bowl_2
pick_up_the_black_bowl_on_the_wooden_cabinet_and_place_it_on_the_plate,demo_32,45,agentview,cookies_1,is_right_of,glazed_rim_porcelain_ramekin_1
pick_up_the_black_bowl_on_the_wooden_cabinet_and_place_it_on_the_plate,demo_32,45,agentview,glazed_rim_porcelain_ramekin_1,is_left_of,cookies_1
pick_up_the_black_bowl_on_the_wooden_cabinet_and_place_it_on_the_plate,demo_32,45,agentview,cookies_1,is_behind,glazed_rim_porcelain_ramekin_1
pick_up_the_black_bowl_on_the_wooden_cabinet_and_place_it_on_the_plate,demo_32,45,agentview,glazed_rim_porcelain_ramekin_1,is_in_front_of,cookies_1
pick_up_the_black_bowl_on_the_wooden_cabinet_and_place_it_on_the_plate,demo_32,45,agentview,plate_1,is_right_of,glazed_rim_porcelain_ramekin_1
pick_up_the_black_bowl_on_the_wooden_cabinet_and_place_it_on_the_plate,demo_32,45,agentview,glazed_rim_porcelain_ramekin_1,is_left_of,plate_1
pick_up_the_black_bowl_on_the_wooden_cabinet_and_place_it_on_the_plate,demo_32,45,agentview,plate_1,is_behind,glazed_rim_porcelain_ramekin_1
pick_up_the_black_bowl_on_the_wooden_cabinet_and_place_it_on_the_plate,demo_32,45,agentview,glazed_rim_porcelain_ramekin_1,is_in_front_of,plate_1
pick_up_the_black_bowl_on_the_wooden_cabinet_and_place_it_on_the_plate,demo_32,45,agentview,wooden_cabinet_1,is_behind,flat_stove_1
pick_up_the_black_bowl_on_the_wooden_cabinet_and_place_it_on_the_plate,demo_32,45,agentview,flat_stove_1,is_in_front_of,wooden_cabinet_1
pick_up_the_black_bowl_on_the_wooden_cabinet_and_place_it_on_the_plate,demo_32,50,agentview,akita_black_bowl_1,is_on_top_of,wooden_cabinet_1
pick_up_the_black_bowl_on_the_wooden_cabinet_and_place_it_on_the_plate,demo_32,50,agentview,wooden_cabinet_1,is_below_of,akita_black_bowl_1
pick_up_the_black_bowl_on_the_wooden_cabinet_and_place_it_on_the_plate,demo_32,50,agentview,akita_black_bowl_1,is_behind,akita_black_bowl_2
pick_up_the_black_bowl_on_the_wooden_cabinet_and_place_it_on_the_plate,demo_32,50,agentview,akita_black_bowl_2,is_in_front_of,akita_black_bowl_1
pick_up_the_black_bowl_on_the_wooden_cabinet_and_place_it_on_the_plate,demo_32,50,agentview,akita_black_bowl_1,is_behind,cookies_1
pick_up_the_black_bowl_on_the_wooden_cabinet_and_place_it_on_the_plate,demo_32,50,agentview,cookies_1,is_in_front_of,akita_black_bowl_1
pick_up_the_black_bowl_on_the_wooden_cabinet_and_place_it_on_the_plate,demo_32,50,agentview,akita_black_bowl_1,is_behind,glazed_rim_porcelain_ramekin_1
pick_up_the_black_bowl_on_the_wooden_cabinet_and_place_it_on_the_plate,demo_32,50,agentview,glazed_rim_porcelain_ramekin_1,is_in_front_of,akita_black_bowl_1
pick_up_the_black_bowl_on_the_wooden_cabinet_and_place_it_on_the_plate,demo_32,50,agentview,akita_black_bowl_1,is_behind,plate_1
pick_up_the_black_bowl_on_the_wooden_cabinet_and_place_it_on_the_plate,demo_32,50,agentview,plate_1,is_in_front_of,akita_black_bowl_1
pick_up_the_black_bowl_on_the_wooden_cabinet_and_place_it_on_the_plate,demo_32,50,agentview,akita_black_bowl_1,is_behind,flat_stove_1
pick_up_the_black_bowl_on_the_wooden_cabinet_and_place_it_on_the_plate,demo_32,50,agentview,flat_stove_1,is_in_front_of,akita_black_bowl_1
pick_up_the_black_bowl_on_the_wooden_cabinet_and_place_it_on_the_plate,demo_32,50,agentview,akita_black_bowl_2,is_on_top_of,flat_stove_1
pick_up_the_black_bowl_on_the_wooden_cabinet_and_place_it_on_the_plate,demo_32,50,agentview,flat_stove_1,is_below_of,akita_black_bowl_2
pick_up_the_black_bowl_on_the_wooden_cabinet_and_place_it_on_the_plate,demo_32,50,agentview,akita_black_bowl_2,is_left_of,cookies_1
pick_up_the_black_bowl_on_the_wooden_cabinet_and_place_it_on_the_plate,demo_32,50,agentview,cookies_1,is_right_of,akita_black_bowl_2
pick_up_the_black_bowl_on_the_wooden_cabinet_and_place_it_on_the_plate,demo_32,50,agentview,akita_black_bowl_2,is_left_of,glazed_rim_porcelain_ramekin_1
pick_up_the_black_bowl_on_the_wooden_cabinet_and_place_it_on_the_plate,demo_32,50,agentview,glazed_rim_porcelain_ramekin_1,is_right_of,akita_black_bowl_2
pick_up_the_black_bowl_on_the_wooden_cabinet_and_place_it_on_the_plate,demo_32,50,agentview,akita_black_bowl_2,is_left_of,plate_1
pick_up_the_black_bowl_on_the_wooden_cabinet_and_place_it_on_the_plate,demo_32,50,agentview,plate_1,is_right_of,akita_black_bowl_2
pick_up_the_black_bowl_on_the_wooden_cabinet_and_place_it_on_the_plate,demo_32,50,agentview,cookies_1,is_left_of,glazed_rim_porcelain_ramekin_1
pick_up_the_black_bowl_on_the_wooden_cabinet_and_place_it_on_the_plate,demo_32,50,agentview,glazed_rim_porcelain_ramekin_1,is_right_of,cookies_1
pick_up_the_black_bowl_on_the_wooden_cabinet_and_place_it_on_the_plate,demo_32,50,agentview,cookies_1,is_left_of,plate_1
pick_up_the_black_bowl_on_the_wooden_cabinet_and_place_it_on_the_plate,demo_32,50,agentview,plate_1,is_right_of,cookies_1
pick_up_the_black_bowl_on_the_wooden_cabinet_and_place_it_on_the_plate,demo_32,50,agentview,glazed_rim_porcelain_ramekin_1,is_left_of,plate_1
pick_up_the_black_bowl_on_the_wooden_cabinet_and_place_it_on_the_plate,demo_32,50,agentview,plate_1,is_right_of,glazed_rim_porcelain_ramekin_1
pick_up_the_black_bowl_on_the_wooden_cabinet_and_place_it_on_the_plate,demo_32,50,agentview,wooden_cabinet_1,is_behind,akita_black_bowl_2
pick_up_the_black_bowl_on_the_wooden_cabinet_and_place_it_on_the_plate,demo_32,50,agentview,akita_black_bowl_2,is_in_front_of,wooden_cabinet_1
pick_up_the_black_bowl_on_the_wooden_cabinet_and_place_it_on_the_plate,demo_32,50,agentview,wooden_cabinet_1,is_behind,cookies_1
pick_up_the_black_bowl_on_the_wooden_cabinet_and_place_it_on_the_plate,demo_32,50,agentview,cookies_1,is_in_front_of,wooden_cabinet_1
pick_up_the_black_bowl_on_the_wooden_cabinet_and_place_it_on_the_plate,demo_32,50,agentview,wooden_cabinet_1,is_behind,glazed_rim_porcelain_ramekin_1
pick_up_the_black_bowl_on_the_wooden_cabinet_and_place_it_on_the_plate,demo_32,50,agentview,glazed_rim_porcelain_ramekin_1,is_in_front_of,wooden_cabinet_1
pick_up_the_black_bowl_on_the_wooden_cabinet_and_place_it_on_the_plate,demo_32,50,agentview,wooden_cabinet_1,is_behind,plate_1
pick_up_the_black_bowl_on_the_wooden_cabinet_and_place_it_on_the_plate,demo_32,50,agentview,plate_1,is_in_front_of,wooden_cabinet_1
pick_up_the_black_bowl_on_the_wooden_cabinet_and_place_it_on_the_plate,demo_32,50,agentview,wooden_cabinet_1,is_behind,flat_stove_1
pick_up_the_black_bowl_on_the_wooden_cabinet_and_place_it_on_the_plate,demo_32,50,agentview,flat_stove_1,is_in_front_of,wooden_cabinet_1
pick_up_the_black_bowl_on_the_wooden_cabinet_and_place_it_on_the_plate,demo_32,55,agentview,akita_black_bowl_1,is_on_top_of,wooden_cabinet_1
pick_up_the_black_bowl_on_the_wooden_cabinet_and_place_it_on_the_plate,demo_32,55,agentview,wooden_cabinet_1,is_below_of,akita_black_bowl_1
pick_up_the_black_bowl_on_the_wooden_cabinet_and_place_it_on_the_plate,demo_32,55,agentview,akita_black_bowl_1,is_behind,akita_black_bowl_2
pick_up_the_black_bowl_on_the_wooden_cabinet_and_place_it_on_the_plate,demo_32,55,agentview,akita_black_bowl_2,is_in_front_of,akita_black_bowl_1
pick_up_the_black_bowl_on_the_wooden_cabinet_and_place_it_on_the_plate,demo_32,55,agentview,akita_black_bowl_1,is_behind,cookies_1
pick_up_the_black_bowl_on_the_wooden_cabinet_and_place_it_on_the_plate,demo_32,55,agentview,cookies_1,is_in_front_of,akita_black_bowl_1
pick_up_the_black_bowl_on_the_wooden_cabinet_and_place_it_on_the_plate,demo_32,55,agentview,akita_black_bowl_1,is_behind,glazed_rim_porcelain_ramekin_1
pick_up_the_black_bowl_on_the_wooden_cabinet_and_place_it_on_the_plate,demo_32,55,agentview,glazed_rim_porcelain_ramekin_1,is_in_front_of,akita_black_bowl_1
pick_up_the_black_bowl_on_the_wooden_cabinet_and_place_it_on_the_plate,demo_32,55,agentview,akita_black_bowl_1,is_behind,plate_1
pick_up_the_black_bowl_on_the_wooden_cabinet_and_place_it_on_the_plate,demo_32,55,agentview,plate_1,is_in_front_of,akita_black_bowl_1
pick_up_the_black_bowl_on_the_wooden_cabinet_and_place_it_on_the_plate,demo_32,55,agentview,akita_black_bowl_1,is_behind,flat_stove_1
pick_up_the_black_bowl_on_the_wooden_cabinet_and_place_it_on_the_plate,demo_32,55,agentview,flat_stove_1,is_in_front_of,akita_black_bowl_1
pick_up_the_black_bowl_on_the_wooden_cabinet_and_place_it_on_the_plate,demo_32,55,agentview,akita_black_bowl_2,is_on_top_of,plate_1
pick_up_the_black_bowl_on_the_wooden_cabinet_and_place_it_on_the_plate,demo_32,55,agentview,plate_1,is_below_of,akita_black_bowl_2
pick_up_the_black_bowl_on_the_wooden_cabinet_and_place_it_on_the_plate,demo_32,55,agentview,akita_black_bowl_2,is_behind,cookies_1
pick_up_the_black_bowl_on_the_wooden_cabinet_and_place_it_on_the_plate,demo_32,55,agentview,cookies_1,is_in_front_of,akita_black_bowl_2
pick_up_the_black_bowl_on_the_wooden_cabinet_and_place_it_on_the_plate,demo_32,55,agentview,akita_black_bowl_2,is_right_of,glazed_rim_porcelain_ramekin_1
pick_up_the_black_bowl_on_the_wooden_cabinet_and_place_it_on_the_plate,demo_32,55,agentview,glazed_rim_porcelain_ramekin_1,is_left_of,akita_black_bowl_2
pick_up_the_black_bowl_on_the_wooden_cabinet_and_place_it_on_the_plate,demo_32,55,agentview,akita_black_bowl_2,is_behind,flat_stove_1
pick_up_the_black_bowl_on_the_wooden_cabinet_and_place_it_on_the_plate,demo_32,55,agentview,flat_stove_1,is_in_front_of,akita_black_bowl_2
pick_up_the_black_bowl_on_the_wooden_cabinet_and_place_it_on_the_plate,demo_32,55,agentview,cookies_1,is_on_top_of,plate_1
pick_up_the_black_bowl_on_the_wooden_cabinet_and_place_it_on_the_plate,demo_32,55,agentview,plate_1,is_below_of,cookies_1
pick_up_the_black_bowl_on_the_wooden_cabinet_and_place_it_on_the_plate,demo_32,55,agentview,cookies_1,is_right_of,glazed_rim_porcelain_ramekin_1
pick_up_the_black_bowl_on_the_wooden_cabinet_and_place_it_on_the_plate,demo_32,55,agentview,glazed_rim_porcelain_ramekin_1,is_left_of,cookies_1
pick_up_the_black_bowl_on_the_wooden_cabinet_and_place_it_on_the_plate,demo_32,55,agentview,cookies_1,is_behind,flat_stove_1
pick_up_the_black_bowl_on_the_wooden_cabinet_and_place_it_on_the_plate,demo_32,55,agentview,flat_stove_1,is_in_front_of,cookies_1
pick_up_the_black_bowl_on_the_wooden_cabinet_and_place_it_on_the_plate,demo_32,55,agentview,glazed_rim_porcelain_ramekin_1,is_on_top_of,plate_1
pick_up_the_black_bowl_on_the_wooden_cabinet_and_place_it_on_the_plate,demo_32,55,agentview,plate_1,is_below_of,glazed_rim_porcelain_ramekin_1
pick_up_the_black_bowl_on_the_wooden_cabinet_and_place_it_on_the_plate,demo_32,55,agentview,glazed_rim_porcelain_ramekin_1,is_behind,flat_stove_1
pick_up_the_black_bowl_on_the_wooden_cabinet_and_place_it_on_the_plate,demo_32,55,agentview,flat_stove_1,is_in_front_of,glazed_rim_porcelain_ramekin_1
pick_up_the_black_bowl_on_the_wooden_cabinet_and_place_it_on_the_plate,demo_32,55,agentview,plate_1,is_on_top_of,flat_stove_1
pick_up_the_black_bowl_on_the_wooden_cabinet_and_place_it_on_the_plate,demo_32,55,agentview,flat_stove_1,is_below_of,plate_1
pick_up_the_black_bowl_on_the_wooden_cabinet_and_place_it_on_the_plate,demo_32,55,agentview,wooden_cabinet_1,is_behind,akita_black_bowl_2
pick_up_the_black_bowl_on_the_wooden_cabinet_and_place_it_on_the_plate,demo_32,55,agentview,akita_black_bowl_2,is_in_front_of,wooden_cabinet_1
pick_up_the_black_bowl_on_the_wooden_cabinet_and_place_it_on_the_plate,demo_32,55,agentview,wooden_cabinet_1,is_behind,cookies_1
pick_up_the_black_bowl_on_the_wooden_cabinet_and_place_it_on_the_plate,demo_32,55,agentview,cookies_1,is_in_front_of,wooden_cabinet_1
pick_up_the_black_bowl_on_the_wooden_cabinet_and_place_it_on_the_plate,demo_32,55,agentview,wooden_cabinet_1,is_behind,glazed_rim_porcelain_ramekin_1
pick_up_the_black_bowl_on_the_wooden_cabinet_and_place_it_on_the_plate,demo_32,55,agentview,glazed_rim_porcelain_ramekin_1,is_in_front_of,wooden_cabinet_1
pick_up_the_black_bowl_on_the_wooden_cabinet_and_place_it_on_the_plate,demo_32,55,agentview,wooden_cabinet_1,is_behind,plate_1
pick_up_the_black_bowl_on_the_wooden_cabinet_and_place_it_on_the_plate,demo_32,55,agentview,plate_1,is_in_front_of,wooden_cabinet_1
pick_up_the_black_bowl_on_the_wooden_cabinet_and_place_it_on_the_plate,demo_32,55,agentview,wooden_cabinet_1,is_left_of,flat_stove_1
pick_up_the_black_bowl_on_the_wooden_cabinet_and_place_it_on_the_plate,demo_32,55,agentview,flat_stove_1,is_right_of,wooden_cabinet_1
pick_up_the_black_bowl_on_the_wooden_cabinet_and_place_it_on_the_plate,demo_32,60,agentview,akita_black_bowl_1,is_on_top_of,wooden_cabinet_1
pick_up_the_black_bowl_on_the_wooden_cabinet_and_place_it_on_the_plate,demo_32,60,agentview,wooden_cabinet_1,is_below_of,akita_black_bowl_1
pick_up_the_black_bowl_on_the_wooden_cabinet_and_place_it_on_the_plate,demo_32,60,agentview,akita_black_bowl_2,is_on_top_of,plate_1
pick_up_the_black_bowl_on_the_wooden_cabinet_and_place_it_on_the_plate,demo_32,60,agentview,plate_1,is_below_of,akita_black_bowl_2
pick_up_the_black_bowl_on_the_wooden_cabinet_and_place_it_on_the_plate,demo_32,60,agentview,cookies_1,is_on_top_of,flat_stove_1
pick_up_the_black_bowl_on_the_wooden_cabinet_and_place_it_on_the_plate,demo_32,60,agentview,flat_stove_1,is_below_of,cookies_1
pick_up_the_black_bowl_on_the_wooden_cabinet_and_place_it_on_the_plate,demo_32,60,agentview,glazed_rim_porcelain_ramekin_1,is_on_top_of,flat_stove_1
pick_up_the_black_bowl_on_the_wooden_cabinet_and_place_it_on_the_plate,demo_32,60,agentview,flat_stove_1,is_below_of,glazed_rim_porcelain_ramekin_1
pick_up_the_black_bowl_on_the_wooden_cabinet_and_place_it_on_the_plate,demo_32,60,agentview,plate_1,is_right_of,akita_black_bowl_1
pick_up_the_black_bowl_on_the_wooden_cabinet_and_place_it_on_the_plate,demo_32,60,agentview,akita_black_bowl_1,is_left_of,plate_1
pick_up_the_black_bowl_on_the_wooden_cabinet_and_place_it_on_the_plate,demo_32,60,agentview,plate_1,is_behind,cookies_1
pick_up_the_black_bowl_on_the_wooden_cabinet_and_place_it_on_the_plate,demo_32,60,agentview,cookies_1,is_in_front_of,plate_1
pick_up_the_black_bowl_on_the_wooden_cabinet_and_place_it_on_the_plate,demo_32,60,agentview,plate_1,is_behind,glazed_rim_porcelain_ramekin_1
pick_up_the_black_bowl_on_the_wooden_cabinet_and_place_it_on_the_plate,demo_32,60,agentview,glazed_rim_porcelain_ramekin_1,is_in_front_of,plate_1
pick_up_the_black_bowl_on_the_wooden_cabinet_and_place_it_on_the_plate,demo_32,60,agentview,akita_black_bowl_1,is_behind,cookies_1
pick_up_the_black_bowl_on_the_wooden_cabinet_and_place_it_on_the_plate,demo_32,60,agentview,cookies_1,is_in_front_of,akita_black_bowl_1
pick_up_the_black_bowl_on_the_wooden_cabinet_and_place_it_on_the_plate,demo_32,60,agentview,akita_black_bowl_1,is_behind,glazed_rim_porcelain_ramekin_1
pick_up_the_black_bowl_on_the_wooden_cabinet_and_place_it_on_the_plate,demo_32,60,agentview,glazed_rim_porcelain_ramekin_1,is_in_front_of,akita_black_bowl_1
pick_up_the_black_bowl_on_the_wooden_cabinet_and_place_it_on_the_plate,demo_32,60,agentview,wooden_cabinet_1,is_behind,cookies_1
pick_up_the_black_bowl_on_the_wooden_cabinet_and_place_it_on_the_plate,demo_32,60,agentview,cookies_1,is_in_front_of,wooden_cabinet_1
pick_up_the_black_bowl_on_the_wooden_cabinet_and_place_it_on_the_plate,demo_32,60,agentview,wooden_cabinet_1,is_behind,glazed_rim_porcelain_ramekin_1
pick_up_the_black_bowl_on_the_wooden_cabinet_and_place_it_on_the_plate,demo_32,60,agentview,glazed_rim_porcelain_ramekin_1,is_in_front_of,wooden_cabinet_1
pick_up_the_black_bowl_on_the_wooden_cabinet_and_place_it_on_the_plate,demo_32,60,agentview,wooden_cabinet_1,is_left_of,plate_1
pick_up_the_black_bowl_on_the_wooden_cabinet_and_place_it_on_the_plate,demo_32,60,agentview,plate_1,is_right_of,wooden_cabinet_1
pick_up_the_black_bowl_on_the_wooden_cabinet_and_place_it_on_the_plate,demo_32,60,agentview,flat_stove_1,is_in_front_of,wooden_cabinet_1
pick_up_the_black_bowl_on_the_wooden_cabinet_and_place_it_on_the_plate,demo_32,60,agentview,wooden_cabinet_1,is_behind,flat_stove_1
pick_up_the_black_bowl_on_the_wooden_cabinet_and_place_it_on_the_plate,demo_32,60,agentview,flat_stove_1,is_in_front_of,akita_black_bowl_1
pick_up_the_black_bowl_on_the_wooden_cabinet_and_place_it_on_the_plate,demo_32,60,agentview,akita_black_bowl_1,is_behind,flat_stove_1
pick_up_the_black_bowl_on_the_wooden_cabinet_and_place_it_on_the_plate,demo_32,60,agentview,flat_stove_1,is_right_of,akita_black_bowl_1
pick_up_the_black_bowl_on_the_wooden_cabinet_and_place_it_on_the_plate,demo_32,60,agentview,akita_black_bowl_1,is_left_of,flat_stove_1
pick_up_the_black_bowl_on_the_wooden_cabinet_and_place_it_on_the_plate,demo_32,65,agentview,akita_black_bowl_1,is_on_top_of,wooden_cabinet_1
pick_up_the_black_bowl_on_the_wooden_cabinet_and_place_it_on_the_plate,demo_32,65,agentview,wooden_cabinet_1,is_below_of,akita_black_bowl_1
pick_up_the_black_bowl_on_the_wooden_cabinet_and_place_it_on_the_plate,demo_32,65,agentview,akita_black_bowl_1,is_behind,akita_black_bowl_2
pick_up_the_black_bowl_on_the_wooden_cabinet_and_place_it_on_the_plate,demo_32,65,agentview,akita_black_bowl_2,is_in_front_of,akita_black_bowl_1
pick_up_the_black_bowl_on_the_wooden_cabinet_and_place_it_on_the_plate,demo_32,65,agentview,akita_black_bowl_1,is_behind,cookies_1
pick_up_the_black_bowl_on_the_wooden_cabinet_and_place_it_on_the_plate,demo_32,65,agentview,cookies_1,is_in_front_of,akita_black_bowl_1
pick_up_the_black_bowl_on_the_wooden_cabinet_and_place_it_on_the_plate,demo_32,65,agentview,akita_black_bowl_1,is_behind,glazed_rim_porcelain_ramekin_1
pick_up_the_black_bowl_on_the_wooden_cabinet_and_place_it_on_the_plate,demo_32,65,agentview,glazed_rim_porcelain_ramekin_1,is_in_front_of,akita_black_bowl_1
pick_up_the_black_bowl_on_the_wooden_cabinet_and_place_it_on_the_plate,demo_32,65,agentview,akita_black_bowl_1,is_behind,plate_1
pick_up_the_black_bowl_on_the_wooden_cabinet_and_place_it_on_the_plate,demo_32,65,agentview,plate_1,is_in_front_of,akita_black_bowl_1
pick_up_the_black_bowl_on_the_wooden_cabinet_and_place_it_on_the_plate,demo_32,65,agentview,akita_black_bowl_1,is_behind,flat_stove_1
pick_up_the_black_bowl_on_the_wooden_cabinet_and_place_it_on_the_plate,demo_32,65,agentview,flat_stove_1,is_in_front_of,akita_black_bowl_1
pick_up_the_black_bowl_on_the_wooden_cabinet_and_place_it_on_the_plate,demo_32,65,agentview,akita_black_bowl_2,is_left_of,cookies_1
pick_up_the_black_bowl_on_the_wooden_cabinet_and_place_it_on_the_plate,demo_32,65,agentview,cookies_1,is_right_of,akita_black_bowl_2
pick_up_the_black_bowl_on_the_wooden_cabinet_and_place_it_on_the_plate,demo_32,65,agentview,akita_black_bowl_2,is_in_front_of,glazed_rim_porcelain_ramekin_1
pick_up_the_black_bowl_on_the_wooden_cabinet_and_place_it_on_the_plate,demo_32,65,agentview,glazed_rim_porcelain_ramekin_1,is_behind,akita_black_bowl_2
pick_up_the_black_bowl_on_the_wooden_cabinet_and_place_it_on_the_plate,demo_32,65,agentview,akita_black_bowl_2,is_in_front_of,plate_1
pick_up_the_black_bowl_on_the_wooden_cabinet_and_place_it_on_the_plate,demo_32,65,agentview,plate_1,is_behind,akita_black_bowl_2
pick_up_the_black_bowl_on_the_wooden_cabinet_and_place_it_on_the_plate,demo_32,65,agentview,akita_black_bowl_2,is_left_of,flat_stove_1
pick_up_the_black_bowl_on_the_wooden_cabinet_and_place_it_on_the_plate,demo_32,65,agentview,flat_stove_1,is_right_of,akita_black_bowl_2
pick_up_the_black_bowl_on_the_wooden_cabinet_and_place_it_on_the_plate,demo_32,65,agentview,cookies_1,is_behind,glazed_rim_porcelain_ramekin_1
pick_up_the_black_bowl_on_the_wooden_cabinet_and_place_it_on_the_plate,demo_32,65,agentview,glazed_rim_porcelain_ramekin_1,is_in_front_of,cookies_1
pick_up_the_black_bowl_on_the_wooden_cabinet_and_place_it_on_the_plate,demo_32,65,agentview,cookies_1,is_in_front_of,plate_1
pick_up_the_black_bowl_on_the_wooden_cabinet_and_place_it_on_the_plate,demo_32,65,agentview,plate_1,is_behind,cookies_1
pick_up_the_black_bowl_on_the_wooden_cabinet_and_place_it_on_the_plate,demo_32,65,agentview,cookies_1,is_left_of,flat_stove_1
pick_up_the_black_bowl_on_the_wooden_cabinet_and_place_it_on_the_plate,demo_32,65,agentview,flat_stove_1,is_right_of,cookies_1
pick_up_the_black_bowl_on_the_wooden_cabinet_and_place_it_on_the_plate,demo_32,65,agentview,glazed_rim_porcelain_ramekin_1,is_left_of,plate_1
pick_up_the_black_bowl_on_the_wooden_cabinet_and_place_it_on_the_plate,demo_32,65,agentview,plate_1,is_right_of,glazed_rim_porcelain_ramekin_1
pick_up_the_black_bowl_on_the_wooden_cabinet_and_place_it_on_the_plate,demo_32,65,agentview,glazed_rim_porcelain_ramekin_1,is_in_front_of,flat_stove_1
pick_up_the_black_bowl_on_the_wooden_cabinet_and_place_it_on_the_plate,demo_32,65,agentview,flat_stove_1,is_behind,glazed_rim_porcelain_ramekin_1
pick_up_the_black_bowl_on_the_wooden_cabinet_and_place_it_on_the_plate,demo_32,65,agentview,plate_1,is_on_top_of,flat_stove_1
pick_up_the_black_bowl_on_the_wooden_cabinet_and_place_it_on_the_plate,demo_32,65,agentview,flat_stove_1,is_below_of,plate_1
pick_up_the_black_bowl_on_the_wooden_cabinet_and_place_it_on_the_plate,demo_32,70,agentview,akita_black_bowl_1,is_on_top_of,wooden_cabinet_1
pick_up_the_black_bowl_on_the_wooden_cabinet_and_place_it_on_the_plate,demo_32,70,agentview,wooden_cabinet_1,is_below_of,akita_black_bowl_1
pick_up_the_black_bowl_on_the_wooden_cabinet_and_place_it_on_the_plate,demo_32,70,agentview,akita_black_bowl_2,is_on_top_of,plate_1
pick_up_the_black_bowl_on_the_wooden_cabinet_and_place_it_on_the_plate,demo_32,70,agentview,plate_1,is_below_of,akita_black_bowl_2
pick_up_the_black_bowl_on_the_wooden_cabinet_and_place_it_on_the_plate,demo_32,70,agentview,cookies_1,is_on_top_of,wooden_cabinet_1
pick_up_the_black_bowl_on_the_wooden_cabinet_and_place_it_on_the_plate,demo_32,70,agentview,wooden_cabinet_1,is_below_of,cookies_1
pick_up_the_black_bowl_on_the_wooden_cabinet_and_place_it_on_the_plate,demo_32,70,agentview,glazed_rim_porcelain_ramekin_1,is_on_top_of,wooden_cabinet_1
pick_up_the_black_bowl_on_the_wooden_cabinet_and_place_it_on_the_plate,demo_32,70,agentview,wooden_cabinet_1,is_below_of,glazed_rim_porcelain_ramekin_1
pick_up_the_black_bowl_on_the_wooden_cabinet_and_place_it_on_the_plate,demo_32,70,agentview,plate_1,is_on_top_of,flat_stove_1
pick_up_the_black_bowl_on_the_wooden_cabinet_and_place_it_on_the_plate,demo_32,70,agentview,flat_stove_1,is_below_of,plate_1
pick_up_the_black_bowl_on_the_wooden_cabinet_and_place_it_on_the_plate,demo_32,70,agentview,akita_black_bowl_1,is_behind,akita_black_bowl_2
pick_up_the_black_bowl_on_the_wooden_cabinet_and_place_it_on_the_plate,demo_32,70,agentview,akita_black_bowl_2,is_in_front_of,akita_black_bowl_1
pick_up_the_black_bowl_on_the_wooden_cabinet_and_place_it_on_the_plate,demo_32,70,agentview,akita_black_bowl_1,is_behind,cookies_1
pick_up_the_black_bowl_on_the_wooden_cabinet_and_place_it_on_the_plate,demo_32,70,agentview,cookies_1,is_in_front_of,akita_black_bowl_1
pick_up_the_black_bowl_on_the_wooden_cabinet_and_place_it_on_the_plate,demo_32,70,agentview,akita_black_bowl_1,is_behind,glazed_rim_porcelain_ramekin_1
pick_up_the_black_bowl_on_the_wooden_cabinet_and_place_it_on_the_plate,demo_32,70,agentview,glazed_rim_porcelain_ramekin_1,is_in_front_of,akita_black_bowl_1
pick_up_the_black_bowl_on_the_wooden_cabinet_and_place_it_on_the_plate,demo_32,70,agentview,akita_black_bowl_1,is_behind,plate_1
pick_up_the_black_bowl_on_the_wooden_cabinet_and_place_it_on_the_plate,demo_32,70,agentview,plate_1,is_in_front_of,akita_black_bowl_1
pick_up_the_black_bowl_on_the_wooden_cabinet_and_place_it_on_the_plate,demo_32,70,agentview,akita_black_bowl_2,is_right_of,cookies_1
pick_up_the_black_bowl_on_the_wooden_cabinet_and_place_it_on_the_plate,demo_32,70,agentview,cookies_1,is_left_of,akita_black_bowl_2
pick_up_the_black_bowl_on_the_wooden_cabinet_and_place_it_on_the_plate,demo_32,70,agentview,akita_black_bowl_2,is_right_of,glazed_rim_porcelain_ramekin_1
pick_up_the_black_bowl_on_the_wooden_cabinet_and_place_it_on_the_plate,demo_32,70,agentview,glazed_rim_porcelain_ramekin_1,is_left_of,akita_black_bowl_2
pick_up_the_black_bowl_on_the_wooden_cabinet_and_place_it_on_the_plate,demo_32,70,agentview,cookies_1,is_right_of,glazed_rim_porcelain_ramekin_1
pick_up_the_black_bowl_on_the_wooden_cabinet_and_place_it_on_the_plate,demo_32,70,agentview,glazed_rim_porcelain_ramekin_1,is_left_of,cookies_1
pick_up_the_black_bowl_on_the_wooden_cabinet_and_place_it_on_the_plate,demo_32,70,agentview,akita_black_bowl_2,is_behind,flat_stove_1
pick_up_the_black_bowl_on_the_wooden_cabinet_and_place_it_on_the_plate,demo_32,70,agentview,flat_stove_1,is_in_front_of,akita_black_bowl_2
pick_up_the_black_bowl_on_the_wooden_cabinet_and_place_it_on_the_plate,demo_32,70,agentview,cookies_1,is_behind,plate_1
pick_up_the_black_bowl_on_the_wooden_cabinet_and_place_it_on_the_plate,demo_32,70,agentview,plate_1,is_in_front_of,cookies_1
pick_up_the_black_bowl_on_the_wooden_cabinet_and_place_it_on_the_plate,demo_32,70,agentview,cookies_1,is_behind,flat_stove_1
pick_up_the_black_bowl_on_the_wooden_cabinet_and_place_it_on_the_plate,demo_32,70,agentview,flat_stove_1,is_in_front_of,cookies_1
pick_up_the_black_bowl_on_the_wooden_cabinet_and_place_it_on_the_plate,demo_32,70,agentview,glazed_rim_porcelain_ramekin_1,is_behind,plate_1
pick_up_the_black_bowl_on_the_wooden_cabinet_and_place_it_on_the_plate,demo_32,70,agentview,plate_1,is_in_front_of,glazed_rim_porcelain_ramekin_1
pick_up_the_black_bowl_on_the_wooden_cabinet_and_place_it_on_the_plate,demo_32,70,agentview,glazed_rim_porcelain_ramekin_1,is_behind,flat_stove_1
pick_up_the_black_bowl_on_the_wooden_cabinet_and_place_it_on_the_plate,demo_32,70,agentview,flat_stove_1,is_in_front_of,glazed_rim_porcelain_ramekin_1
pick_up_the_black_bowl_on_the_wooden_cabinet_and_place_it_on_the_plate,demo_32,75,agentview,akita_black_bowl_1,is_on_top_of,wooden_cabinet_1
pick_up_the_black_bowl_on_the_wooden_cabinet_and_place_it_on_the_plate,demo_32,75,agentview,wooden_cabinet_1,is_below_of,akita_black_bowl_1
pick_up_the_black_bowl_on_the_wooden_cabinet_and_place_it_on_the_plate,demo_32,75,agentview,akita_black_bowl_1,is_behind,akita_black_bowl_2
pick_up_the_black_bowl_on_the_wooden_cabinet_and_place_it_on_the_plate,demo_32,75,agentview,akita_black_bowl_2,is_in_front_of,akita_black_bowl_1
pick_up_the_black_bowl_on_the_wooden_cabinet_and_place_it_on_the_plate,demo_32,75,agentview,akita_black_bowl_1,is_behind,cookies_1
pick_up_the_black_bowl_on_the_wooden_cabinet_and_place_it_on_the_plate,demo_32,75,agentview,cookies_1,is_in_front_of,akita_black_bowl_1
pick_up_the_black_bowl_on_the_wooden_cabinet_and_place_it_on_the_plate,demo_32,75,agentview,akita_black_bowl_1,is_behind,glazed_rim_porcelain_ramekin_1
pick_up_the_black_bowl_on_the_wooden_cabinet_and_place_it_on_the_plate,demo_32,75,agentview,glazed_rim_porcelain_ramekin_1,is_in_front_of,akita_black_bowl_1
pick_up_the_black_bowl_on_the_wooden_cabinet_and_place_it_on_the_plate,demo_32,75,agentview,akita_black_bowl_1,is_behind,plate_1
pick_up_the_black_bowl_on_the_wooden_cabinet_and_place_it_on_the_plate,demo_32,75,agentview,plate_1,is_in_front_of,akita_black_bowl_1
pick_up_the_black_bowl_on_the_wooden_cabinet_and_place_it_on_the_plate,demo_32,75,agentview,akita_black_bowl_1,is_behind,flat_stove_1
pick_up_the_black_bowl_on_the_wooden_cabinet_and_place_it_on_the_plate,demo_32,75,agentview,flat_stove_1,is_in_front_of,akita_black_bowl_1
pick_up_the_black_bowl_on_the_wooden_cabinet_and_place_it_on_the_plate,demo_32,75,agentview,akita_black_bowl_2,is_left_of,cookies_1
pick_up_the_black_bowl_on_the_wooden_cabinet_and_place_it_on_the_plate,demo_32,75,agentview,cookies_1,is_right_of,akita_black_bowl_2
pick_up_the_black_bowl_on_the_wooden_cabinet_and_place_it_on_the_plate,demo_32,75,agentview,akita_black_bowl_2,is_left_of,glazed_rim_porcelain_ramekin_1
pick_up_the_black_bowl_on_the_wooden_cabinet_and_place_it_on_the_plate,demo_32,75,agentview,glazed_rim_porcelain_ramekin_1,is_right_of,akita_black_bowl_2
pick_up_the_black_bowl_on_the_wooden_cabinet_and_place_it_on_the_plate,demo_32,75,agentview,akita_black_bowl_2,is_left_of,plate_1
pick_up_the_black_bowl_on_the_wooden_cabinet_and_place_it_on_the_plate,demo_32,75,agentview,plate_1,is_right_of,akita_black_bowl_2
pick_up_the_black_bowl_on_the_wooden_cabinet_and_place_it_on_the_plate,demo_32,75,agentview,akita_black_bowl_2,is_in_front_of,wooden_cabinet_1
pick_up_the_black_bowl_on_the_wooden_cabinet_and_place_it_on_the_plate,demo_32,75,agentview,wooden_cabinet_1,is_behind,akita_black_bowl_2
pick_up_the_black_bowl_on_the_wooden_cabinet_and_place_it_on_the_plate,demo_32,75,agentview,akita_black_bowl_2,is_behind,flat_stove_1
pick_up_the_black_bowl_on_the_wooden_cabinet_and_place_it_on_the_plate,demo_32,75,agentview,flat_stove_1,is_in_front_of,akita_black_bowl_2
pick_up_the_black_bowl_on_the_wooden_cabinet_and_place_it_on_the_plate,demo_32,75,agentview,cookies_1,is_left_of,glazed_rim_porcelain_ramekin_1
pick_up_the_black_bowl_on_the_wooden_cabinet_and_place_it_on_the_plate,demo_32,75,agentview,glazed_rim_porcelain_ramekin_1,is_right_of,cookies_1
pick_up_the_black_bowl_on_the_wooden_cabinet_and_place_it_on_the_plate,demo_32,75,agentview,cookies_1,is_left_of,plate_1
pick_up_the_black_bowl_on_the_wooden_cabinet_and_place_it_on_the_plate,demo_32,75,agentview,plate_1,is_right_of,cookies_1
pick_up_the_black_bowl_on_the_wooden_cabinet_and_place_it_on_the_plate,demo_32,75,agentview,cookies_1,is_in_front_of,wooden_cabinet_1
pick_up_the_black_bowl_on_the_wooden_cabinet_and_place_it_on_the_plate,demo_32,75,agentview,wooden_cabinet_1,is_behind,cookies_1
pick_up_the_black_bowl_on_the_wooden_cabinet_and_place_it_on_the_plate,demo_32,75,agentview,cookies_1,is_behind,flat_stove_1
pick_up_the_black_bowl_on_the_wooden_cabinet_and_place_it_on_the_plate,demo_32,75,agentview,flat_stove_1,is_in_front_of,cookies_1
pick_up_the_black_bowl_on_the_wooden_cabinet_and_place_it_on_the_plate,demo_32,75,agentview,glazed_rim_porcelain_ramekin_1,is_left_of,plate_1
pick_up_the_black_bowl_on_the_wooden_cabinet_and_place_it_on_the_plate,demo_32,75,agentview,plate_1,is_right_of,glazed_rim_porcelain_ramekin_1
pick_up_the_black_bowl_on_the_wooden_cabinet_and_place_it_on_the_plate,demo_32,75,agentview,glazed_rim_porcelain_ramekin_1,is_in_front_of,wooden_cabinet_1
pick_up_the_black_bowl_on_the_wooden_cabinet_and_place_it_on_the_plate,demo_32,75,agentview,wooden_cabinet_1,is_behind,glazed_rim_porcelain_ramekin_1
pick_up_the_black_bowl_on_the_wooden_cabinet_and_place_it_on_the_plate,demo_32,75,agentview,glazed_rim_porcelain_ramekin_1,is_behind,flat_stove_1
pick_up_the_black_bowl_on_the_wooden_cabinet_and_place_it_on_the_plate,demo_32,75,agentview,flat_stove_1,is_in_front_of,glazed_rim_porcelain_ramekin_1
pick_up_the_black_bowl_on_the_wooden_cabinet_and_place_it_on_the_plate,demo_32,75,agentview,plate_1,is_in_front_of,wooden_cabinet_1
pick_up_the_black_bowl_on_the_wooden_cabinet_and_place_it_on_the_plate,demo_32,75,agentview,wooden_cabinet_1,is_behind,plate_1
pick_up_the_black_bowl_on_the_wooden_cabinet_and_place_it_on_the_plate,demo_32,75,agentview,plate_1,is_behind,flat_stove_1
pick_up_the_black_bowl_on_the_wooden_cabinet_and_place_it_on_the_plate,demo_32,75,agentview,flat_stove_1,is_in_front_of,plate_1
pick_up_the_black_bowl_on_the_wooden_cabinet_and_place_it_on_the_plate,demo_32,80,agentview,akita_black_bowl_1,is_on_top_of,wooden_cabinet_1
pick_up_the_black_bowl_on_the_wooden_cabinet_and_place_it_on_the_plate,demo_32,80,agentview,wooden_cabinet_1,is_below_of,akita_black_bowl_1
pick_up_the_black_bowl_on_the_wooden_cabinet_and_place_it_on_the_plate,demo_32,80,agentview,akita_black_bowl_2,is_on_top_of,plate_1
pick_up_the_black_bowl_on_the_wooden_cabinet_and_place_it_on_the_plate,demo_32,80,agentview,plate_1,is_below_of,akita_black_bowl_2
pick_up_the_black_bowl_on_the_wooden_cabinet_and_place_it_on_the_plate,demo_32,80,agentview,cookies_1,is_on_top_of,flat_stove_1
pick_up_the_black_bowl_on_the_wooden_cabinet_and_place_it_on_the_plate,demo_32,80,agentview,flat_stove_1,is_below_of,cookies_1
pick_up_the_black_bowl_on_the_wooden_cabinet_and_place_it_on_the_plate,demo_32,80,agentview,glazed_rim_porcelain_ramekin_1,is_on_top_of,flat_stove_1
pick_up_the_black_bowl_on_the_wooden_cabinet_and_place_it_on_the_plate,demo_32,80,agentview,flat_stove_1,is_below_of,glazed_rim_porcelain_ramekin_1
pick_up_the_black_bowl_on_the_wooden_cabinet_and_place_it_on_the_plate,demo_32,80,agentview,plate_1,is_right_of,akita_black_bowl_1
pick_up_the_black_bowl_on_the_wooden_cabinet_and_place_it_on_the_plate,demo_32,80,agentview,akita_black_bowl_1,is_left_of,plate_1
pick_up_the_black_bowl_on_the_wooden_cabinet_and_place_it_on_the_plate,demo_32,80,agentview,plate_1,is_right_of,wooden_cabinet_1
pick_up_the_black_bowl_on_the_wooden_cabinet_and_place_it_on_the_plate,demo_32,80,agentview,wooden_cabinet_1,is_left_of,plate_1
pick_up_the_black_bowl_on_the_wooden_cabinet_and_place_it_on_the_plate,demo_32,80,agentview,plate_1,is_right_of,glazed_rim_porcelain_ramekin_1
pick_up_the_black_bowl_on_the_wooden_cabinet_and_place_it_on_the_plate,demo_32,80,agentview,glazed_rim_porcelain_ramekin_1,is_left_of,plate_1
pick_up_the_black_bowl_on_the_wooden_cabinet_and_place_it_on_the_plate,demo_32,80,agentview,plate_1,is_behind,cookies_1
pick_up_the_black_bowl_on_the_wooden_cabinet_and_place_it_on_the_plate,demo_32,80,agentview,cookies_1,is_in_front_of,plate_1
pick_up_the_black_bowl_on_the_wooden_cabinet_and_place_it_on_the_plate,demo_32,80,agentview,akita_black_bowl_1,is_behind,glazed_rim_porcelain_ramekin_1
pick_up_the_black_bowl_on_the_wooden_cabinet_and_place_it_on_the_plate,demo_32,80,agentview,glazed_rim_porcelain_ramekin_1,is_in_front_of,akita_black_bowl_1
pick_up_the_black_bowl_on_the_wooden_cabinet_and_place_it_on_the_plate,demo_32,80,agentview,akita_black_bowl_1,is_behind,cookies_1
pick_up_the_black_bowl_on_the_wooden_cabinet_and_place_it_on_the_plate,demo_32,80,agentview,cookies_1,is_in_front_of,akita_black_bowl_1
pick_up_the_black_bowl_on_the_wooden_cabinet_and_place_it_on_the_plate,demo_32,80,agentview,wooden_cabinet_1,is_behind,glazed_rim_porcelain_ramekin_1
pick_up_the_black_bowl_on_the_wooden_cabinet_and_place_it_on_the_plate,demo_32,80,agentview,glazed_rim_porcelain_ramekin_1,is_in_front_of,wooden_cabinet_1
pick_up_the_black_bowl_on_the_wooden_cabinet_and_place_it_on_the_plate,demo_32,80,agentview,wooden_cabinet_1,is_behind,cookies_1
pick_up_the_black_bowl_on_the_wooden_cabinet_and_place_it_on_the_plate,demo_32,80,agentview,cookies_1,is_in_front_of,wooden_cabinet_1
pick_up_the_black_bowl_on_the_wooden_cabinet_and_place_it_on_the_plate,demo_32,80,agentview,akita_black_bowl_2,is_right_of,akita_black_bowl_1
pick_up_the_black_bowl_on_the_wooden_cabinet_and_place_it_on_the_plate,demo_32,80,agentview,akita_black_bowl_1,is_left_of,akita_black_bowl_2
pick_up_the_black_bowl_on_the_wooden_cabinet_and_place_it_on_the_plate,demo_32,80,agentview,akita_black_bowl_2,is_right_of,wooden_cabinet_1
pick_up_the_black_bowl_on_the_wooden_cabinet_and_place_it_on_the_plate,demo_32,80,agentview,wooden_cabinet_1,is_left_of,akita_black_bowl_2
pick_up_the_black_bowl_on_the_wooden_cabinet_and_place_it_on_the_plate,demo_32,80,agentview,akita_black_bowl_2,is_right_of,glazed_rim_porcelain_ramekin_1
pick_up_the_black_bowl_on_the_wooden_cabinet_and_place_it_on_the_plate,demo_32,80,agentview,glazed_rim_porcelain_ramekin_1,is_left_of,akita_black_bowl_2
pick_up_the_black_bowl_on_the_wooden_cabinet_and_place_it_on_the_plate,demo_32,80,agentview,akita_black_bowl_2,is_behind,cookies_1
pick_up_the_black_bowl_on_the_wooden_cabinet_and_place_it_on_the_plate,demo_32,80,agentview,cookies_1,is_in_front_of,akita_black_bowl_2
pick_up_the_black_bowl_on_the_wooden_cabinet_and_place_it_on_the_plate,demo_32,85,agentview,akita_black_bowl_1,is_on_top_of,wooden_cabinet_1
pick_up_the_black_bowl_on_the_wooden_cabinet_and_place_it_on_the_plate,demo_32,85,agentview,wooden_cabinet_1,is_below_of,akita_black_bowl_1
pick_up_the_black_bowl_on_the_wooden_cabinet_and_place_it_on_the_plate,demo_32,85,agentview,akita_black_bowl_1,is_behind,akita_black_bowl_2
pick_up_the_black_bowl_on_the_wooden_cabinet_and_place_it_on_the_plate,demo_32,85,agentview,akita_black_bowl_2,is_in_front_of,akita_black_bowl_1
pick_up_the_black_bowl_on_the_wooden_cabinet_and_place_it_on_the_plate,demo_32,85,agentview,akita_black_bowl_1,is_behind,cookies_1
pick_up_the_black_bowl_on_the_wooden_cabinet_and_place_it_on_the_plate,demo_32,85,agentview,cookies_1,is_in_front_of,akita_black_bowl_1
pick_up_the_black_bowl_on_the_wooden_cabinet_and_place_it_on_the_plate,demo_32,85,agentview,akita_black_bowl_1,is_behind,glazed_rim_porcelain_ramekin_1
pick_up_the_black_bowl_on_the_wooden_cabinet_and_place_it_on_the_plate,demo_32,85,agentview,glazed_rim_porcelain_ramekin_1,is_in_front_of,akita_black_bowl_1
pick_up_the_black_bowl_on_the_wooden_cabinet_and_place_it_on_the_plate,demo_32,85,agentview,akita_black_bowl_1,is_behind,plate_1
pick_up_the_black_bowl_on_the_wooden_cabinet_and_place_it_on_the_plate,demo_32,85,agentview,plate_1,is_in_front_of,akita_black_bowl_1
pick_up_the_black_bowl_on_the_wooden_cabinet_and_place_it_on_the_plate,demo_32,85,agentview,akita_black_bowl_1,is_behind,flat_stove_1
pick_up_the_black_bowl_on_the_wooden_cabinet_and_place_it_on_the_plate,demo_32,85,agentview,flat_stove_1,is_in_front_of,akita_black_bowl_1
pick_up_the_black_bowl_on_the_wooden_cabinet_and_place_it_on_the_plate,demo_32,85,agentview,akita_black_bowl_2,is_on_top_of,plate_1
pick_up_the_black_bowl_on_the_wooden_cabinet_and_place_it_on_the_plate,demo_32,85,agentview,plate_1,is_below_of,akita_black_bowl_2
pick_up_the_black_bowl_on_the_wooden_cabinet_and_place_it_on_the_plate,demo_32,85,agentview,akita_black_bowl_2,is_right_of,cookies_1
pick_up_the_black_bowl_on_the_wooden_cabinet_and_place_it_on_the_plate,demo_32,85,agentview,cookies_1,is_left_of,akita_black_bowl_2
pick_up_the_black_bowl_on_the_wooden_cabinet_and_place_it_on_the_plate,demo_32,85,agentview,akita_black_bowl_2,is_behind,glazed_rim_porcelain_ramekin_1
pick_up_the_black_bowl_on_the_wooden_cabinet_and_place_it_on_the_plate,demo_32,85,agentview,glazed_rim_porcelain_ramekin_1,is_in_front_of,akita_black_bowl_2
pick_up_the_black_bowl_on_the_wooden_cabinet_and_place_it_on_the_plate,demo_32,85,agentview,akita_black_bowl_2,is_right_of,plate_1
pick_up_the_black_bowl_on_the_wooden_cabinet_and_place_it_on_the_plate,demo_32,85,agentview,plate_1,is_left_of,akita_black_bowl_2
pick_up_the_black_bowl_on_the_wooden_cabinet_and_place_it_on_the_plate,demo_32,85,agentview,akita_black_bowl_2,is_behind,flat_stove_1
pick_up_the_black_bowl_on_the_wooden_cabinet_and_place_it_on_the_plate,demo_32,85,agentview,flat_stove_1,is_in_front_of,akita_black_bowl_2
pick_up_the_black_bowl_on_the_wooden_cabinet_and_place_it_on_the_plate,demo_32,85,agentview,cookies_1,is_on_top_of,plate_1
pick_up_the_black_bowl_on_the_wooden_cabinet_and_place_it_on_the_plate,demo_32,85,agentview,plate_1,is_below_of,cookies_1
pick_up_the_black_bowl_on_the_wooden_cabinet_and_place_it_on_the_plate,demo_32,85,agentview,cookies_1,is_left_of,glazed_rim_porcelain_ramekin_1
pick_up_the_black_bowl_on_the_wooden_cabinet_and_place_it_on_the_plate,demo_32,85,agentview,glazed_rim_porcelain_ramekin_1,is_right_of,cookies_1
pick_up_the_black_bowl_on_the_wooden_cabinet_and_place_it_on_the_plate,demo_32,85,agentview,cookies_1,is_behind,flat_stove_1
pick_up_the_black_bowl_on_the_wooden_cabinet_and_place_it_on_the_plate,demo_32,85,agentview,flat_stove_1,is_in_front_of,cookies_1
pick_up_the_black_bowl_on_the_wooden_cabinet_and_place_it_on_the_plate,demo_32,85,agentview,glazed_rim_porcelain_ramekin_1,is_on_top_of,plate_1
pick_up_the_black_bowl_on_the_wooden_cabinet_and_place_it_on_the_plate,demo_32,85,agentview,plate_1,is_below_of,glazed_rim_porcelain_ramekin_1
pick_up_the_black_bowl_on_the_wooden_cabinet_and_place_it_on_the_plate,demo_32,85,agentview,glazed_rim_porcelain_ramekin_1,is_behind,flat_stove_1
pick_up_the_black_bowl_on_the_wooden_cabinet_and_place_it_on_the_plate,demo_32,85,agentview,flat_stove_1,is_in_front_of,glazed_rim_porcelain_ramekin_1
pick_up_the_black_bowl_on_the_wooden_cabinet_and_place_it_on_the_plate,demo_32,85,agentview,plate_1,is_on_top_of,flat_stove_1
pick_up_the_black_bowl_on_the_wooden_cabinet_and_place_it_on_the_plate,demo_32,85,agentview,flat_stove_1,is_below_of,plate_1
pick_up_the_black_bowl_on_the_wooden_cabinet_and_place_it_on_the_plate,demo_32,85,agentview,wooden_cabinet_1,is_behind,akita_black_bowl_2
pick_up_the_black_bowl_on_the_wooden_cabinet_and_place_it_on_the_plate,demo_32,85,agentview,akita_black_bowl_2,is_in_front_of,wooden_cabinet_1
pick_up_the_black_bowl_on_the_wooden_cabinet_and_place_it_on_the_plate,demo_32,85,agentview,wooden_cabinet_1,is_behind,cookies_1
pick_up_the_black_bowl_on_the_wooden_cabinet_and_place_it_on_the_plate,demo_32,85,agentview,cookies_1,is_in_front_of,wooden_cabinet_1
pick_up_the_black_bowl_on_the_wooden_cabinet_and_place_it_on_the_plate,demo_32,85,agentview,wooden_cabinet_1,is_behind,glazed_rim_porcelain_ramekin_1
pick_up_the_black_bowl_on_the_wooden_cabinet_and_place_it_on_the_plate,demo_32,85,agentview,glazed_rim_porcelain_ramekin_1,is_in_front_of,wooden_cabinet_1
pick_up_the_black_bowl_on_the_wooden_cabinet_and_place_it_on_the_plate,demo_32,85,agentview,wooden_cabinet_1,is_behind,plate_1
pick_up_the_black_bowl_on_the_wooden_cabinet_and_place_it_on_the_plate,demo_32,85,agentview,plate_1,is_in_front_of,wooden_cabinet_1
pick_up_the_black_bowl_on_the_wooden_cabinet_and_place_it_on_the_plate,demo_32,85,agentview,wooden_cabinet_1,is_left_of,flat_stove_1
pick_up_the_black_bowl_on_the_wooden_cabinet_and_place_it_on_the_plate,demo_32,85,agentview,flat_stove_1,is_right_of,wooden_cabinet_1
pick_up_the_black_bowl_on_the_wooden_cabinet_and_place_it_on_the_plate,demo_32,90,agentview,akita_black_bowl_1,is_on_top_of,wooden_cabinet_1
pick_up_the_black_bowl_on_the_wooden_cabinet_and_place_it_on_the_plate,demo_32,90,agentview,wooden_cabinet_1,is_below_of,akita_black_bowl_1
pick_up_the_black_bowl_on_the_wooden_cabinet_and_place_it_on_the_plate,demo_32,90,agentview,akita_black_bowl_1,is_behind,akita_black_bowl_2
pick_up_the_black_bowl_on_the_wooden_cabinet_and_place_it_on_the_plate,demo_32,90,agentview,akita_black_bowl_2,is_in_front_of,akita_black_bowl_1
pick_up_the_black_bowl_on_the_wooden_cabinet_and_place_it_on_the_plate,demo_32,90,agentview,akita_black_bowl_1,is_behind,cookies_1
pick_up_the_black_bowl_on_the_wooden_cabinet_and_place_it_on_the_plate,demo_32,90,agentview,cookies_1,is_in_front_of,akita_black_bowl_1
pick_up_the_black_bowl_on_the_wooden_cabinet_and_place_it_on_the_plate,demo_32,90,agentview,akita_black_bowl_1,is_behind,glazed_rim_porcelain_ramekin_1
pick_up_the_black_bowl_on_the_wooden_cabinet_and_place_it_on_the_plate,demo_32,90,agentview,glazed_rim_porcelain_ramekin_1,is_in_front_of,akita_black_bowl_1
pick_up_the_black_bowl_on_the_wooden_cabinet_and_place_it_on_the_plate,demo_32,90,agentview,akita_black_bowl_1,is_behind,plate_1
pick_up_the_black_bowl_on_the_wooden_cabinet_and_place_it_on_the_plate,demo_32,90,agentview,plate_1,is_in_front_of,akita_black_bowl_1
pick_up_the_black_bowl_on_the_wooden_cabinet_and_place_it_on_the_plate,demo_32,90,agentview,akita_black_bowl_1,is_behind,flat_stove_1
pick_up_the_black_bowl_on_the_wooden_cabinet_and_place_it_on_the_plate,demo_32,90,agentview,flat_stove_1,is_in_front_of,akita_black_bowl_1
pick_up_the_black_bowl_on_the_wooden_cabinet_and_place_it_on_the_plate,demo_32,90,agentview,akita_black_bowl_2,is_left_of,cookies_1
pick_up_the_black_bowl_on_the_wooden_cabinet_and_place_it_on_the_plate,demo_32,90,agentview,cookies_1,is_right_of,akita_black_bowl_2
pick_up_the_black_bowl_on_the_wooden_cabinet_and_place_it_on_the_plate,demo_32,90,agentview,akita_black_bowl_2,is_left_of,glazed_rim_porcelain_ramekin_1
pick_up_the_black_bowl_on_the_wooden_cabinet_and_place_it_on_the_plate,demo_32,90,agentview,glazed_rim_porcelain_ramekin_1,is_right_of,akita_black_bowl_2
pick_up_the_black_bowl_on_the_wooden_cabinet_and_place_it_on_the_plate,demo_32,90,agentview,akita_black_bowl_2,is_left_of,plate_1
pick_up_the_black_bowl_on_the_wooden_cabinet_and_place_it_on_the_plate,demo_32,90,agentview,plate_1,is_right_of,akita_black_bowl_2
pick_up_the_black_bowl_on_the_wooden_cabinet_and_place_it_on_the_plate,demo_32,90,agentview,akita_black_bowl_2,is_in_front_of,wooden_cabinet_1
pick_up_the_black_bowl_on_the_wooden_cabinet_and_place_it_on_the_plate,demo_32,90,agentview,wooden_cabinet_1,is_behind,akita_black_bowl_2
pick_up_the_black_bowl_on_the_wooden_cabinet_and_place_it_on_the_plate,demo_32,90,agentview,akita_black_bowl_2,is_behind,flat_stove_1
pick_up_the_black_bowl_on_the_wooden_cabinet_and_place_it_on_the_plate,demo_32,90,agentview,flat_stove_1,is_in_front_of,akita_black_bowl_2
pick_up_the_black_bowl_on_the_wooden_cabinet_and_place_it_on_the_plate,demo_32,90,agentview,cookies_1,is_left_of,glazed_rim_porcelain_ramekin_1
pick_up_the_black_bowl_on_the_wooden_cabinet_and_place_it_on_the_plate,demo_32,90,agentview,glazed_rim_porcelain_ramekin_1,is_right_of,cookies_1
pick_up_the_black_bowl_on_the_wooden_cabinet_and_place_it_on_the_plate,demo_32,90,agentview,cookies_1,is_left_of,plate_1
pick_up_the_black_bowl_on_the_wooden_cabinet_and_place_it_on_the_plate,demo_32,90,agentview,plate_1,is_right_of,cookies_1
pick_up_the_black_bowl_on_the_wooden_cabinet_and_place_it_on_the_plate,demo_32,90,agentview,cookies_1,is_in_front_of,wooden_cabinet_1
pick_up_the_black_bowl_on_the_wooden_cabinet_and_place_it_on_the_plate,demo_32,90,agentview,wooden_cabinet_1,is_behind,cookies_1
pick_up_the_black_bowl_on_the_wooden_cabinet_and_place_it_on_the_plate,demo_32,90,agentview,cookies_1,is_behind,flat_stove_1
pick_up_the_black_bowl_on_the_wooden_cabinet_and_place_it_on_the_plate,demo_32,90,agentview,flat_stove_1,is_in_front_of,cookies_1
pick_up_the_black_bowl_on_the_wooden_cabinet_and_place_it_on_the_plate,demo_32,90,agentview,glazed_rim_porcelain_ramekin_1,is_left_of,plate_1
pick_up_the_black_bowl_on_the_wooden_cabinet_and_place_it_on_the_plate,demo_32,90,agentview,plate_1,is_right_of,glazed_rim_porcelain_ramekin_1
pick_up_the_black_bowl_on_the_wooden_cabinet_and_place_it_on_the_plate,demo_32,90,agentview,glazed_rim_porcelain_ramekin_1,is_in_front_of,wooden_cabinet_1
pick_up_the_black_bowl_on_the_wooden_cabinet_and_place_it_on_the_plate,demo_32,90,agentview,wooden_cabinet_1,is_behind,glazed_rim_porcelain_ramekin_1
pick_up_the_black_bowl_on_the_wooden_cabinet_and_place_it_on_the_plate,demo_32,90,agentview,glazed_rim_porcelain_ramekin_1,is_behind,flat_stove_1
pick_up_the_black_bowl_on_the_wooden_cabinet_and_place_it_on_the_plate,demo_32,90,agentview,flat_stove_1,is_in_front_of,glazed_rim_porcelain_ramekin_1
pick_up_the_black_bowl_on_the_wooden_cabinet_and_place_it_on_the_plate,demo_32,90,agentview,plate_1,is_on_top_of,flat_stove_1
pick_up_the_black_bowl_on_the_wooden_cabinet_and_place_it_on_the_plate,demo_32,90,agentview,flat_stove_1,is_below_of,plate_1
pick_up_the_black_bowl_on_the_wooden_cabinet_and_place_it_on_the_plate,demo_32,90,agentview,plate_1,is_in_front_of,wooden_cabinet_1
pick_up_the_black_bowl_on_the_wooden_cabinet_and_place_it_on_the_plate,demo_32,90,agentview,wooden_cabinet_1,is_behind,plate_1
pick_up_the_black_bowl_on_the_wooden_cabinet_and_place_it_on_the_plate,demo_32,95,agentview,akita_black_bowl_1,is_on_top_of,wooden_cabinet_1
pick_up_the_black_bowl_on_the_wooden_cabinet_and_place_it_on_the_plate,demo_32,95,agentview,wooden_cabinet_1,is_below_of,akita_black_bowl_1
pick_up_the_black_bowl_on_the_wooden_cabinet_and_place_it_on_the_plate,demo_32,95,agentview,akita_black_bowl_1,is_behind,akita_black_bowl_2
pick_up_the_black_bowl_on_the_wooden_cabinet_and_place_it_on_the_plate,demo_32,95,agentview,akita_black_bowl_2,is_in_front_of,akita_black_bowl_1
pick_up_the_black_bowl_on_the_wooden_cabinet_and_place_it_on_the_plate,demo_32,95,agentview,akita_black_bowl_1,is_behind,cookies_1
pick_up_the_black_bowl_on_the_wooden_cabinet_and_place_it_on_the_plate,demo_32,95,agentview,cookies_1,is_in_front_of,akita_black_bowl_1
pick_up_the_black_bowl_on_the_wooden_cabinet_and_place_it_on_the_plate,demo_32,95,agentview,akita_black_bowl_1,is_behind,glazed_rim_porcelain_ramekin_1
pick_up_the_black_bowl_on_the_wooden_cabinet_and_place_it_on_the_plate,demo_32,95,agentview,glazed_rim_porcelain_ramekin_1,is_in_front_of,akita_black_bowl_1
pick_up_the_black_bowl_on_the_wooden_cabinet_and_place_it_on_the_plate,demo_32,95,agentview,akita_black_bowl_1,is_behind,plate_1
pick_up_the_black_bowl_on_the_wooden_cabinet_and_place_it_on_the_plate,demo_32,95,agentview,plate_1,is_in_front_of,akita_black_bowl_1
pick_up_the_black_bowl_on_the_wooden_cabinet_and_place_it_on_the_plate,demo_32,95,agentview,akita_black_bowl_1,is_behind,flat_stove_1
pick_up_the_black_bowl_on_the_wooden_cabinet_and_place_it_on_the_plate,demo_32,95,agentview,flat_stove_1,is_in_front_of,akita_black_bowl_1
pick_up_the_black_bowl_on_the_wooden_cabinet_and_place_it_on_the_plate,demo_32,95,agentview,akita_black_bowl_2,is_on_top_of,flat_stove_1
pick_up_the_black_bowl_on_the_wooden_cabinet_and_place_it_on_the_plate,demo_32,95,agentview,flat_stove_1,is_below_of,akita_black_bowl_2
pick_up_the_black_bowl_on_the_wooden_cabinet_and_place_it_on_the_plate,demo_32,95,agentview,akita_black_bowl_2,is_right_of,cookies_1
pick_up_the_black_bowl_on_the_wooden_cabinet_and_place_it_on_the_plate,demo_32,95,agentview,cookies_1,is_left_of,akita_black_bowl_2
pick_up_the_black_bowl_on_the_wooden_cabinet_and_place_it_on_the_plate,demo_32,95,agentview,akita_black_bowl_2,is_behind,glazed_rim_porcelain_ramekin_1
pick_up_the_black_bowl_on_the_wooden_cabinet_and_place_it_on_the_plate,demo_32,95,agentview,glazed_rim_porcelain_ramekin_1,is_in_front_of,akita_black_bowl_2
pick_up_the_black_bowl_on_the_wooden_cabinet_and_place_it_on_the_plate,demo_32,95,agentview,akita_black_bowl_2,is_right_of,plate_1
pick_up_the_black_bowl_on_the_wooden_cabinet_and_place_it_on_the_plate,demo_32,95,agentview,plate_1,is_left_of,akita_black_bowl_2
pick_up_the_black_bowl_on_the_wooden_cabinet_and_place_it_on_the_plate,demo_32,95,agentview,akita_black_bowl_2,is_right_of,wooden_cabinet_1
pick_up_the_black_bowl_on_the_wooden_cabinet_and_place_it_on_the_plate,demo_32,95,agentview,wooden_cabinet_1,is_left_of,akita_black_bowl_2
pick_up_the_black_bowl_on_the_wooden_cabinet_and_place_it_on_the_plate,demo_32,95,agentview,cookies_1,is_on_top_of,flat_stove_1
pick_up_the_black_bowl_on_the_wooden_cabinet_and_place_it_on_the_plate,demo_32,95,agentview,flat_stove_1,is_below_of,cookies_1
pick_up_the_black_bowl_on_the_wooden_cabinet_and_place_it_on_the_plate,demo_32,95,agentview,cookies_1,is_behind,glazed_rim_porcelain_ramekin_1
pick_up_the_black_bowl_on_the_wooden_cabinet_and_place_it_on_the_plate,demo_32,95,agentview,glazed_rim_porcelain_ramekin_1,is_in_front_of,cookies_1
pick_up_the_black_bowl_on_the_wooden_cabinet_and_place_it_on_the_plate,demo_32,95,agentview,cookies_1,is_left_of,plate_1
pick_up_the_black_bowl_on_the_wooden_cabinet_and_place_it_on_the_plate,demo_32,95,agentview,plate_1,is_right_of,cookies_1
pick_up_the_black_bowl_on_the_wooden_cabinet_and_place_it_on_the_plate,demo_32,95,agentview,cookies_1,is_right_of,wooden_cabinet_1
pick_up_the_black_bowl_on_the_wooden_cabinet_and_place_it_on_the_plate,demo_32,95,agentview,wooden_cabinet_1,is_left_of,cookies_1
pick_up_the_black_bowl_on_the_wooden_cabinet_and_place_it_on_the_plate,demo_32,95,agentview,glazed_rim_porcelain_ramekin_1,is_on_top_of,flat_stove_1
pick_up_the_black_bowl_on_the_wooden_cabinet_and_place_it_on_the_plate,demo_32,95,agentview,flat_stove_1,is_below_of,glazed_rim_porcelain_ramekin_1
pick_up_the_black_bowl_on_the_wooden_cabinet_and_place_it_on_the_plate,demo_32,95,agentview,glazed_rim_porcelain_ramekin_1,is_left_of,plate_1
pick_up_the_black_bowl_on_the_wooden_cabinet_and_place_it_on_the_plate,demo_32,95,agentview,plate_1,is_right_of,glazed_rim_porcelain_ramekin_1
pick_up_the_black_bowl_on_the_wooden_cabinet_and_place_it_on_the_plate,demo_32,95,agentview,glazed_rim_porcelain_ramekin_1,is_right_of,wooden_cabinet_1
pick_up_the_black_bowl_on_the_wooden_cabinet_and_place_it_on_the_plate,demo_32,95,agentview,wooden_cabinet_1,is_left_of,glazed_rim_porcelain_ramekin_1
pick_up_the_black_bowl_on_the_wooden_cabinet_and_place_it_on_the_plate,demo_32,95,agentview,plate_1,is_on_top_of,flat_stove_1
pick_up_the_black_bowl_on_the_wooden_cabinet_and_place_it_on_the_plate,demo_32,95,agentview,flat_stove_1,is_below_of,plate_1
pick_up_the_black_bowl_on_the_wooden_cabinet_and_place_it_on_the_plate,demo_32,95,agentview,plate_1,is_right_of,wooden_cabinet_1
pick_up_the_black_bowl_on_the_wooden_cabinet_and_place_it_on_the_plate,demo_32,95,agentview,wooden_cabinet_1,is_left_of,plate_1
pick_up_the_black_bowl_on_the_wooden_cabinet_and_place_it_on_the_plate,demo_32,95,agentview,wooden_cabinet_1,is_behind,flat_stove_1
pick_up_the_black_bowl_on_the_wooden_cabinet_and_place_it_on_the_plate,demo_32,95,agentview,flat_stove_1,is_in_front_of,wooden_cabinet_1
pick_up_the_black_bowl_on_the_wooden_cabinet_and_place_it_on_the_plate,demo_32,100,agentview,akita_black_bowl_1,is_on_top_of,wooden_cabinet_1
pick_up_the_black_bowl_on_the_wooden_cabinet_and_place_it_on_the_plate,demo_32,100,agentview,wooden_cabinet_1,is_below_of,akita_black_bowl_1
pick_up_the_black_bowl_on_the_wooden_cabinet_and_place_it_on_the_plate,demo_32,100,agentview,akita_black_bowl_1,is_behind,akita_black_bowl_2
pick_up_the_black_bowl_on_the_wooden_cabinet_and_place_it_on_the_plate,demo_32,100,agentview,akita_black_bowl_2,is_in_front_of,akita_black_bowl_1
pick_up_the_black_bowl_on_the_wooden_cabinet_and_place_it_on_the_plate,demo_32,100,agentview,akita_black_bowl_1,is_behind,cookies_1
pick_up_the_black_bowl_on_the_wooden_cabinet_and_place_it_on_the_plate,demo_32,100,agentview,cookies_1,is_in_front_of,akita_black_bowl_1
pick_up_the_black_bowl_on_the_wooden_cabinet_and_place_it_on_the_plate,demo_32,100,agentview,akita_black_bowl_1,is_behind,glazed_rim_porcelain_ramekin_1
pick_up_the_black_bowl_on_the_wooden_cabinet_and_place_it_on_the_plate,demo_32,100,agentview,glazed_rim_porcelain_ramekin_1,is_in_front_of,akita_black_bowl_1
pick_up_the_black_bowl_on_the_wooden_cabinet_and_place_it_on_the_plate,demo_32,100,agentview,akita_black_bowl_1,is_behind,plate_1
pick_up_the_black_bowl_on_the_wooden_cabinet_and_place_it_on_the_plate,demo_32,100,agentview,plate_1,is_in_front_of,akita_black_bowl_1
pick_up_the_black_bowl_on_the_wooden_cabinet_and_place_it_on_the_plate,demo_32,100,agentview,akita_black_bowl_1,is_behind,flat_stove_1
pick_up_the_black_bowl_on_the_wooden_cabinet_and_place_it_on_the_plate,demo_32,100,agentview,flat_stove_1,is_in_front_of,akita_black_bowl_1
pick_up_the_black_bowl_on_the_wooden_cabinet_and_place_it_on_the_plate,demo_32,100,agentview,akita_black_bowl_2,is_right_of,cookies_1
pick_up_the_black_bowl_on_the_wooden_cabinet_and_place_it_on_the_plate,demo_32,100,agentview,cookies_1,is_left_of,akita_black_bowl_2
pick_up_the_black_bowl_on_the_wooden_cabinet_and_place_it_on_the_plate,demo_32,100,agentview,akita_black_bowl_2,is_right_of,glazed_rim_porcelain_ramekin_1
pick_up_the_black_bowl_on_the_wooden_cabinet_and_place_it_on_the_plate,demo_32,100,agentview,glazed_rim_porcelain_ramekin_1,is_left_of,akita_black_bowl_2
pick_up_the_black_bowl_on_the_wooden_cabinet_and_place_it_on_the_plate,demo_32,100,agentview,akita_black_bowl_2,is_right_of,plate_1
pick_up_the_black_bowl_on_the_wooden_cabinet_and_place_it_on_the_plate,demo_32,100,agentview,plate_1,is_left_of,akita_black_bowl_2
pick_up_the_black_bowl_on_the_wooden_cabinet_and_place_it_on_the_plate,demo_32,100,agentview,akita_black_bowl_2,is_behind,flat_stove_1
pick_up_the_black_bowl_on_the_wooden_cabinet_and_place_it_on_the_plate,demo_32,100,agentview,flat_stove_1,is_in_front_of,akita_black_bowl_2
pick_up_the_black_bowl_on_the_wooden_cabinet_and_place_it_on_the_plate,demo_32,100,agentview,cookies_1,is_right_of,glazed_rim_porcelain_ramekin_1
pick_up_the_black_bowl_on_the_wooden_cabinet_and_place_it_on_the_plate,demo_32,100,agentview,glazed_rim_porcelain_ramekin_1,is_left_of,cookies_1
pick_up_the_black_bowl_on_the_wooden_cabinet_and_place_it_on_the_plate,demo_32,100,agentview,cookies_1,is_right_of,plate_1
pick_up_the_black_bowl_on_the_wooden_cabinet_and_place_it_on_the_plate,demo_32,100,agentview,plate_1,is_left_of,cookies_1
pick_up_the_black_bowl_on_the_wooden_cabinet_and_place_it_on_the_plate,demo_32,100,agentview,cookies_1,is_behind,flat_stove_1
pick_up_the_black_bowl_on_the_wooden_cabinet_and_place_it_on_the_plate,demo_32,100,agentview,flat_stove_1,is_in_front_of,cookies_1
pick_up_the_black_bowl_on_the_wooden_cabinet_and_place_it_on_the_plate,demo_32,100,agentview,glazed_rim_porcelain_ramekin_1,is_right_of,plate_1
pick_up_the_black_bowl_on_the_wooden_cabinet_and_place_it_on_the_plate,demo_32,100,agentview,plate_1,is_left_of,glazed_rim_porcelain_ramekin_1
pick_up_the_black_bowl_on_the_wooden_cabinet_and_place_it_on_the_plate,demo_32,100,agentview,glazed_rim_porcelain_ramekin_1,is_behind,flat_stove_1
pick_up_the_black_bowl_on_the_wooden_cabinet_and_place_it_on_the_plate,demo_32,100,agentview,flat_stove_1,is_in_front_of,glazed_rim_porcelain_ramekin_1
pick_up_the_black_bowl_on_the_wooden_cabinet_and_place_it_on_the_plate,demo_32,100,agentview,plate_1,is_on_top_of,flat_stove_1
pick_up_the_black_bowl_on_the_wooden_cabinet_and_place_it_on_the_plate,demo_32,100,agentview,flat_stove_1,is_below_of,plate_1
pick_up_the_black_bowl_on_the_wooden_cabinet_and_place_it_on_the_plate,demo_32,105,agentview,akita_black_bowl_1,is_on_top_of,wooden_cabinet_1
pick_up_the_black_bowl_on_the_wooden_cabinet_and_place_it_on_the_plate,demo_32,105,agentview,wooden_cabinet_1,is_below_of,akita_black_bowl_1
pick_up_the_black_bowl_on_the_wooden_cabinet_and_place_it_on_the_plate,demo_32,105,agentview,akita_black_bowl_2,is_on_top_of,plate_1
pick_up_the_black_bowl_on_the_wooden_cabinet_and_place_it_on_the_plate,demo_32,105,agentview,plate_1,is_below_of,akita_black_bowl_2
pick_up_the_black_bowl_on_the_wooden_cabinet_and_place_it_on_the_plate,demo_32,105,agentview,cookies_1,is_on_top_of,flat_stove_1
pick_up_the_black_bowl_on_the_wooden_cabinet_and_place_it_on_the_plate,demo_32,105,agentview,flat_stove_1,is_below_of,cookies_1
pick_up_the_black_bowl_on_the_wooden_cabinet_and_place_it_on_the_plate,demo_32,105,agentview,glazed_rim_porcelain_ramekin_1,is_on_top_of,flat_stove_1
pick_up_the_black_bowl_on_the_wooden_cabinet_and_place_it_on_the_plate,demo_32,105,agentview,flat_stove_1,is_below_of,glazed_rim_porcelain_ramekin_1
pick_up_the_black_bowl_on_the_wooden_cabinet_and_place_it_on_the_plate,demo_32,105,agentview,plate_1,is_on_top_of,flat_stove_1
pick_up_the_black_bowl_on_the_wooden_cabinet_and_place_it_on_the_plate,demo_32,105,agentview,flat_stove_1,is_below_of,plate_1
pick_up_the_black_bowl_on_the_wooden_cabinet_and_place_it_on_the_plate,demo_32,105,agentview,akita_black_bowl_1,is_behind,akita_black_bowl_2
pick_up_the_black_bowl_on_the_wooden_cabinet_and_place_it_on_the_plate,demo_32,105,agentview,akita_black_bowl_2,is_in_front_of,akita_black_bowl_1
pick_up_the_black_bowl_on_the_wooden_cabinet_and_place_it_on_the_plate,demo_32,105,agentview,akita_black_bowl_1,is_behind,cookies_1
pick_up_the_black_bowl_on_the_wooden_cabinet_and_place_it_on_the_plate,demo_32,105,agentview,cookies_1,is_in_front_of,akita_black_bowl_1
pick_up_the_black_bowl_on_the_wooden_cabinet_and_place_it_on_the_plate,demo_32,105,agentview,akita_black_bowl_1,is_behind,glazed_rim_porcelain_ramekin_1
pick_up_the_black_bowl_on_the_wooden_cabinet_and_place_it_on_the_plate,demo_32,105,agentview,glazed_rim_porcelain_ramekin_1,is_in_front_of,akita_black_bowl_1
pick_up_the_black_bowl_on_the_wooden_cabinet_and_place_it_on_the_plate,demo_32,105,agentview,akita_black_bowl_1,is_behind,plate_1
pick_up_the_black_bowl_on_the_wooden_cabinet_and_place_it_on_the_plate,demo_32,105,agentview,plate_1,is_in_front_of,akita_black_bowl_1
pick_up_the_black_bowl_on_the_wooden_cabinet_and_place_it_on_the_plate,demo_32,105,agentview,akita_black_bowl_2,is_right_of,cookies_1
pick_up_the_black_bowl_on_the_wooden_cabinet_and_place_it_on_the_plate,demo_32,105,agentview,cookies_1,is_left_of,akita_black_bowl_2
pick_up_the_black_bowl_on_the_wooden_cabinet_and_place_it_on_the_plate,demo_32,105,agentview,akita_black_bowl_2,is_right_of,glazed_rim_porcelain_ramekin_1
pick_up_the_black_bowl_on_the_wooden_cabinet_and_place_it_on_the_plate,demo_32,105,agentview,glazed_rim_porcelain_ramekin_1,is_left_of,akita_black_bowl_2
pick_up_the_black_bowl_on_the_wooden_cabinet_and_place_it_on_the_plate,demo_32,105,agentview,cookies_1,is_left_of,plate_1
pick_up_the_black_bowl_on_the_wooden_cabinet_and_place_it_on_the_plate,demo_32,105,agentview,plate_1,is_right_of,cookies_1
pick_up_the_black_bowl_on_the_wooden_cabinet_and_place_it_on_the_plate,demo_32,105,agentview,glazed_rim_porcelain_ramekin_1,is_left_of,plate_1
pick_up_the_black_bowl_on_the_wooden_cabinet_and_place_it_on_the_plate,demo_32,105,agentview,plate_1,is_right_of,glazed_rim_porcelain_ramekin_1
pick_up_the_black_bowl_on_the_wooden_cabinet_and_place_it_on_the_plate,demo_32,105,agentview,wooden_cabinet_1,is_behind,akita_black_bowl_2
pick_up_the_black_bowl_on_the_wooden_cabinet_and_place_it_on_the_plate,demo_32,105,agentview,akita_black_bowl_2,is_in_front_of,wooden_cabinet_1
pick_up_the_black_bowl_on_the_wooden_cabinet_and_place_it_on_the_plate,demo_32,105,agentview,wooden_cabinet_1,is_behind,cookies_1
pick_up_the_black_bowl_on_the_wooden_cabinet_and_place_it_on_the_plate,demo_32,105,agentview,cookies_1,is_in_front_of,wooden_cabinet_1
pick_up_the_black_bowl_on_the_wooden_cabinet_and_place_it_on_the_plate,demo_32,105,agentview,wooden_cabinet_1,is_behind,glazed_rim_porcelain_ramekin_1
pick_up_the_black_bowl_on_the_wooden_cabinet_and_place_it_on_the_plate,demo_32,105,agentview,glazed_rim_porcelain_ramekin_1,is_in_front_of,wooden_cabinet_1
pick_up_the_black_bowl_on_the_wooden_cabinet_and_place_it_on_the_plate,demo_32,105,agentview,wooden_cabinet_1,is_behind,plate_1
pick_up_the_black_bowl_on_the_wooden_cabinet_and_place_it_on_the_plate,demo_32,105,agentview,plate_1,is_in_front_of,wooden_cabinet_1
pick_up_the_black_bowl_on_the_wooden_cabinet_and_place_it_on_the_plate,demo_32,110,agentview,akita_black_bowl_1,is_on_top_of,wooden_cabinet_1
pick_up_the_black_bowl_on_the_wooden_cabinet_and_place_it_on_the_plate,demo_32,110,agentview,wooden_cabinet_1,is_below_of,akita_black_bowl_1
pick_up_the_black_bowl_on_the_wooden_cabinet_and_place_it_on_the_plate,demo_32,110,agentview,akita_black_bowl_2,is_on_top_of,flat_stove_1
pick_up_the_black_bowl_on_the_wooden_cabinet_and_place_it_on_the_plate,demo_32,110,agentview,flat_stove_1,is_below_of,akita_black_bowl_2
pick_up_the_black_bowl_on_the_wooden_cabinet_and_place_it_on_the_plate,demo_32,110,agentview,cookies_1,is_on_top_of,flat_stove_1
pick_up_the_black_bowl_on_the_wooden_cabinet_and_place_it_on_the_plate,demo_32,110,agentview,flat_stove_1,is_below_of,cookies_1
pick_up_the_black_bowl_on_the_wooden_cabinet_and_place_it_on_the_plate,demo_32,110,agentview,glazed_rim_porcelain_ramekin_1,is_on_top_of,flat_stove_1
pick_up_the_black_bowl_on_the_wooden_cabinet_and_place_it_on_the_plate,demo_32,110,agentview,flat_stove_1,is_below_of,glazed_rim_porcelain_ramekin_1
pick_up_the_black_bowl_on_the_wooden_cabinet_and_place_it_on_the_plate,demo_32,110,agentview,plate_1,is_on_top_of,flat_stove_1
pick_up_the_black_bowl_on_the_wooden_cabinet_and_place_it_on_the_plate,demo_32,110,agentview,flat_stove_1,is_below_of,plate_1
pick_up_the_black_bowl_on_the_wooden_cabinet_and_place_it_on_the_plate,demo_32,110,agentview,akita_black_bowl_1,is_behind,akita_black_bowl_2
pick_up_the_black_bowl_on_the_wooden_cabinet_and_place_it_on_the_plate,demo_32,110,agentview,akita_black_bowl_2,is_in_front_of,akita_black_bowl_1
pick_up_the_black_bowl_on_the_wooden_cabinet_and_place_it_on_the_plate,demo_32,110,agentview,akita_black_bowl_1,is_behind,cookies_1
pick_up_the_black_bowl_on_the_wooden_cabinet_and_place_it_on_the_plate,demo_32,110,agentview,cookies_1,is_in_front_of,akita_black_bowl_1
pick_up_the_black_bowl_on_the_wooden_cabinet_and_place_it_on_the_plate,demo_32,110,agentview,akita_black_bowl_1,is_behind,glazed_rim_porcelain_ramekin_1
pick_up_the_black_bowl_on_the_wooden_cabinet_and_place_it_on_the_plate,demo_32,110,agentview,glazed_rim_porcelain_ramekin_1,is_in_front_of,akita_black_bowl_1
pick_up_the_black_bowl_on_the_wooden_cabinet_and_place_it_on_the_plate,demo_32,110,agentview,akita_black_bowl_1,is_behind,plate_1
pick_up_the_black_bowl_on_the_wooden_cabinet_and_place_it_on_the_plate,demo_32,110,agentview,plate_1,is_in_front_of,akita_black_bowl_1
pick_up_the_black_bowl_on_the_wooden_cabinet_and_place_it_on_the_plate,demo_32,110,agentview,akita_black_bowl_2,is_left_of,cookies_1
pick_up_the_black_bowl_on_the_wooden_cabinet_and_place_it_on_the_plate,demo_32,110,agentview,cookies_1,is_right_of,akita_black_bowl_2
pick_up_the_black_bowl_on_the_wooden_cabinet_and_place_it_on_the_plate,demo_32,110,agentview,akita_black_bowl_2,is_left_of,glazed_rim_porcelain_ramekin_1
pick_up_the_black_bowl_on_the_wooden_cabinet_and_place_it_on_the_plate,demo_32,110,agentview,glazed_rim_porcelain_ramekin_1,is_right_of,akita_black_bowl_2
pick_up_the_black_bowl_on_the_wooden_cabinet_and_place_it_on_the_plate,demo_32,110,agentview,akita_black_bowl_2,is_in_front_of,plate_1
pick_up_the_black_bowl_on_the_wooden_cabinet_and_place_it_on_the_plate,demo_32,110,agentview,plate_1,is_behind,akita_black_bowl_2
pick_up_the_black_bowl_on_the_wooden_cabinet_and_place_it_on_the_plate,demo_32,110,agentview,cookies_1,is_left_of,glazed_rim_porcelain_ramekin_1
pick_up_the_black_bowl_on_the_wooden_cabinet_and_place_it_on_the_plate,demo_32,110,agentview,glazed_rim_porcelain_ramekin_1,is_right_of,cookies_1
pick_up_the_black_bowl_on_the_wooden_cabinet_and_place_it_on_the_plate,demo_32,110,agentview,cookies_1,is_in_front_of,plate_1
pick_up_the_black_bowl_on_the_wooden_cabinet_and_place_it_on_the_plate,demo_32,110,agentview,plate_1,is_behind,cookies_1
pick_up_the_black_bowl_on_the_wooden_cabinet_and_place_it_on_the_plate,demo_32,110,agentview,glazed_rim_porcelain_ramekin_1,is_in_front_of,plate_1
pick_up_the_black_bowl_on_the_wooden_cabinet_and_place_it_on_the_plate,demo_32,110,agentview,plate_1,is_behind,glazed_rim_porcelain_ramekin_1
pick_up_the_black_bowl_on_the_wooden_cabinet_and_place_it_on_the_plate,demo_32,115,agentview,akita_black_bowl_1,is_on_top_of,wooden_cabinet_1
pick_up_the_black_bowl_on_the_wooden_cabinet_and_place_it_on_the_plate,demo_32,115,agentview,wooden_cabinet_1,is_below_of,akita_black_bowl_1
pick_up_the_black_bowl_on_the_wooden_cabinet_and_place_it_on_the_plate,demo_32,115,agentview,akita_black_bowl_2,is_on_top_of,plate_1
pick_up_the_black_bowl_on_the_wooden_cabinet_and_place_it_on_the_plate,demo_32,115,agentview,plate_1,is_below_of,akita_black_bowl_2
pick_up_the_black_bowl_on_the_wooden_cabinet_and_place_it_on_the_plate,demo_32,115,agentview,cookies_1,is_on_top_of,wooden_cabinet_1
pick_up_the_black_bowl_on_the_wooden_cabinet_and_place_it_on_the_plate,demo_32,115,agentview,wooden_cabinet_1,is_below_of,cookies_1
pick_up_the_black_bowl_on_the_wooden_cabinet_and_place_it_on_the_plate,demo_32,115,agentview,glazed_rim_porcelain_ramekin_1,is_on_top_of,wooden_cabinet_1
pick_up_the_black_bowl_on_the_wooden_cabinet_and_place_it_on_the_plate,demo_32,115,agentview,wooden_cabinet_1,is_below_of,glazed_rim_porcelain_ramekin_1
pick_up_the_black_bowl_on_the_wooden_cabinet_and_place_it_on_the_plate,demo_32,115,agentview,plate_1,is_on_top_of,flat_stove_1
pick_up_the_black_bowl_on_the_wooden_cabinet_and_place_it_on_the_plate,demo_32,115,agentview,flat_stove_1,is_below_of,plate_1
pick_up_the_black_bowl_on_the_wooden_cabinet_and_place_it_on_the_plate,demo_32,115,agentview,akita_black_bowl_1,is_behind,akita_black_bowl_2
pick_up_the_black_bowl_on_the_wooden_cabinet_and_place_it_on_the_plate,demo_32,115,agentview,akita_black_bowl_2,is_in_front_of,akita_black_bowl_1
pick_up_the_black_bowl_on_the_wooden_cabinet_and_place_it_on_the_plate,demo_32,115,agentview,akita_black_bowl_1,is_behind,cookies_1
pick_up_the_black_bowl_on_the_wooden_cabinet_and_place_it_on_the_plate,demo_32,115,agentview,cookies_1,is_in_front_of,akita_black_bowl_1
pick_up_the_black_bowl_on_the_wooden_cabinet_and_place_it_on_the_plate,demo_32,115,agentview,akita_black_bowl_1,is_behind,glazed_rim_porcelain_ramekin_1
pick_up_the_black_bowl_on_the_wooden_cabinet_and_place_it_on_the_plate,demo_32,115,agentview,glazed_rim_porcelain_ramekin_1,is_in_front_of,akita_black_bowl_1
pick_up_the_black_bowl_on_the_wooden_cabinet_and_place_it_on_the_plate,demo_32,115,agentview,akita_black_bowl_1,is_behind,plate_1
pick_up_the_black_bowl_on_the_wooden_cabinet_and_place_it_on_the_plate,demo_32,115,agentview,plate_1,is_in_front_of,akita_black_bowl_1
pick_up_the_black_bowl_on_the_wooden_cabinet_and_place_it_on_the_plate,demo_32,115,agentview,akita_black_bowl_2,is_right_of,cookies_1
pick_up_the_black_bowl_on_the_wooden_cabinet_and_place_it_on_the_plate,demo_32,115,agentview,cookies_1,is_left_of,akita_black_bowl_2
pick_up_the_black_bowl_on_the_wooden_cabinet_and_place_it_on_the_plate,demo_32,115,agentview,akita_black_bowl_2,is_right_of,glazed_rim_porcelain_ramekin_1
pick_up_the_black_bowl_on_the_wooden_cabinet_and_place_it_on_the_plate,demo_32,115,agentview,glazed_rim_porcelain_ramekin_1,is_left_of,akita_black_bowl_2
pick_up_the_black_bowl_on_the_wooden_cabinet_and_place_it_on_the_plate,demo_32,115,agentview,akita_black_bowl_2,is_behind,plate_1
pick_up_the_black_bowl_on_the_wooden_cabinet_and_place_it_on_the_plate,demo_32,115,agentview,plate_1,is_in_front_of,akita_black_bowl_2
pick_up_the_black_bowl_on_the_wooden_cabinet_and_place_it_on_the_plate,demo_32,115,agentview,cookies_1,is_right_of,glazed_rim_porcelain_ramekin_1
pick_up_the_black_bowl_on_the_wooden_cabinet_and_place_it_on_the_plate,demo_32,115,agentview,glazed_rim_porcelain_ramekin_1,is_left_of,cookies_1
pick_up_the_black_bowl_on_the_wooden_cabinet_and_place_it_on_the_plate,demo_32,115,agentview,cookies_1,is_behind,plate_1
pick_up_the_black_bowl_on_the_wooden_cabinet_and_place_it_on_the_plate,demo_32,115,agentview,plate_1,is_in_front_of,cookies_1
pick_up_the_black_bowl_on_the_wooden_cabinet_and_place_it_on_the_plate,demo_32,115,agentview,glazed_rim_porcelain_ramekin_1,is_behind,plate_1
pick_up_the_black_bowl_on_the_wooden_cabinet_and_place_it_on_the_plate,demo_32,115,agentview,plate_1,is_in_front_of,glazed_rim_porcelain_ramekin_1
pick_up_the_black_bowl_on_the_wooden_cabinet_and_place_it_on_the_plate,demo_32,120,agentview,akita_black_bowl_1,is_on_top_of,wooden_cabinet_1
pick_up_the_black_bowl_on_the_wooden_cabinet_and_place_it_on_the_plate,demo_32,120,agentview,wooden_cabinet_1,is_below_of,akita_black_bowl_1
pick_up_the_black_bowl_on_the_wooden_cabinet_and_place_it_on_the_plate,demo_32,120,agentview,akita_black_bowl_2,is_on_top_of,plate_1
pick_up_the_black_bowl_on_the_wooden_cabinet_and_place_it_on_the_plate,demo_32,120,agentview,plate_1,is_below_of,akita_black_bowl_2
pick_up_the_black_bowl_on_the_wooden_cabinet_and_place_it_on_the_plate,demo_32,120,agentview,cookies_1,is_on_top_of,wooden_cabinet_1
pick_up_the_black_bowl_on_the_wooden_cabinet_and_place_it_on_the_plate,demo_32,120,agentview,wooden_cabinet_1,is_below_of,cookies_1
pick_up_the_black_bowl_on_the_wooden_cabinet_and_place_it_on_the_plate,demo_32,120,agentview,glazed_rim_porcelain_ramekin_1,is_on_top_of,wooden_cabinet_1
pick_up_the_black_bowl_on_the_wooden_cabinet_and_place_it_on_the_plate,demo_32,120,agentview,wooden_cabinet_1,is_below_of,glazed_rim_porcelain_ramekin_1
pick_up_the_black_bowl_on_the_wooden_cabinet_and_place_it_on_the_plate,demo_32,120,agentview,plate_1,is_on_top_of,flat_stove_1
pick_up_the_black_bowl_on_the_wooden_cabinet_and_place_it_on_the_plate,demo_32,120,agentview,flat_stove_1,is_below_of,plate_1
pick_up_the_black_bowl_on_the_wooden_cabinet_and_place_it_on_the_plate,demo_32,120,agentview,akita_black_bowl_1,is_behind,akita_black_bowl_2
pick_up_the_black_bowl_on_the_wooden_cabinet_and_place_it_on_the_plate,demo_32,120,agentview,akita_black_bowl_2,is_in_front_of,akita_black_bowl_1
pick_up_the_black_bowl_on_the_wooden_cabinet_and_place_it_on_the_plate,demo_32,120,agentview,akita_black_bowl_1,is_behind,cookies_1
pick_up_the_black_bowl_on_the_wooden_cabinet_and_place_it_on_the_plate,demo_32,120,agentview,cookies_1,is_in_front_of,akita_black_bowl_1
pick_up_the_black_bowl_on_the_wooden_cabinet_and_place_it_on_the_plate,demo_32,120,agentview,akita_black_bowl_1,is_behind,glazed_rim_porcelain_ramekin_1
pick_up_the_black_bowl_on_the_wooden_cabinet_and_place_it_on_the_plate,demo_32,120,agentview,glazed_rim_porcelain_ramekin_1,is_in_front_of,akita_black_bowl_1
pick_up_the_black_bowl_on_the_wooden_cabinet_and_place_it_on_the_plate,demo_32,120,agentview,akita_black_bowl_1,is_behind,plate_1
pick_up_the_black_bowl_on_the_wooden_cabinet_and_place_it_on_the_plate,demo_32,120,agentview,plate_1,is_in_front_of,akita_black_bowl_1
pick_up_the_black_bowl_on_the_wooden_cabinet_and_place_it_on_the_plate,demo_32,120,agentview,akita_black_bowl_2,is_behind,cookies_1
pick_up_the_black_bowl_on_the_wooden_cabinet_and_place_it_on_the_plate,demo_32,120,agentview,cookies_1,is_in_front_of,akita_black_bowl_2
pick_up_the_black_bowl_on_the_wooden_cabinet_and_place_it_on_the_plate,demo_32,120,agentview,akita_black_bowl_2,is_right_of,glazed_rim_porcelain_ramekin_1
pick_up_the_black_bowl_on_the_wooden_cabinet_and_place_it_on_the_plate,demo_32,120,agentview,glazed_rim_porcelain_ramekin_1,is_left_of,akita_black_bowl_2
pick_up_the_black_bowl_on_the_wooden_cabinet_and_place_it_on_the_plate,demo_32,120,agentview,akita_black_bowl_2,is_behind,plate_1
pick_up_the_black_bowl_on_the_wooden_cabinet_and_place_it_on_the_plate,demo_32,120,agentview,plate_1,is_in_front_of,akita_black_bowl_2
pick_up_the_black_bowl_on_the_wooden_cabinet_and_place_it_on_the_plate,demo_32,120,agentview,cookies_1,is_right_of,glazed_rim_porcelain_ramekin_1
pick_up_the_black_bowl_on_the_wooden_cabinet_and_place_it_on_the_plate,demo_32,120,agentview,glazed_rim_porcelain_ramekin_1,is_left_of,cookies_1
pick_up_the_black_bowl_on_the_wooden_cabinet_and_place_it_on_the_plate,demo_32,120,agentview,cookies_1,is_behind,plate_1
pick_up_the_black_bowl_on_the_wooden_cabinet_and_place_it_on_the_plate,demo_32,120,agentview,plate_1,is_in_front_of,cookies_1
pick_up_the_black_bowl_on_the_wooden_cabinet_and_place_it_on_the_plate,demo_32,120,agentview,glazed_rim_porcelain_ramekin_1,is_behind,plate_1
pick_up_the_black_bowl_on_the_wooden_cabinet_and_place_it_on_the_plate,demo_32,120,agentview,plate_1,is_in_front_of,glazed_rim_porcelain_ramekin_1
pick_up_the_black_bowl_on_the_wooden_cabinet_and_place_it_on_the_plate,demo_32,125,agentview,akita_black_bowl_1,is_on_top_of,wooden_cabinet_1
pick_up_the_black_bowl_on_the_wooden_cabinet_and_place_it_on_the_plate,demo_32,125,agentview,wooden_cabinet_1,is_below_of,akita_black_bowl_1
pick_up_the_black_bowl_on_the_wooden_cabinet_and_place_it_on_the_plate,demo_32,125,agentview,akita_black_bowl_1,is_behind,akita_black_bowl_2
pick_up_the_black_bowl_on_the_wooden_cabinet_and_place_it_on_the_plate,demo_32,125,agentview,akita_black_bowl_2,is_in_front_of,akita_black_bowl_1
pick_up_the_black_bowl_on_the_wooden_cabinet_and_place_it_on_the_plate,demo_32,125,agentview,akita_black_bowl_1,is_behind,cookies_1
pick_up_the_black_bowl_on_the_wooden_cabinet_and_place_it_on_the_plate,demo_32,125,agentview,cookies_1,is_in_front_of,akita_black_bowl_1
pick_up_the_black_bowl_on_the_wooden_cabinet_and_place_it_on_the_plate,demo_32,125,agentview,akita_black_bowl_1,is_behind,glazed_rim_porcelain_ramekin_1
pick_up_the_black_bowl_on_the_wooden_cabinet_and_place_it_on_the_plate,demo_32,125,agentview,glazed_rim_porcelain_ramekin_1,is_in_front_of,akita_black_bowl_1
pick_up_the_black_bowl_on_the_wooden_cabinet_and_place_it_on_the_plate,demo_32,125,agentview,akita_black_bowl_1,is_behind,plate_1
pick_up_the_black_bowl_on_the_wooden_cabinet_and_place_it_on_the_plate,demo_32,125,agentview,plate_1,is_in_front_of,akita_black_bowl_1
pick_up_the_black_bowl_on_the_wooden_cabinet_and_place_it_on_the_plate,demo_32,125,agentview,akita_black_bowl_1,is_behind,flat_stove_1
pick_up_the_black_bowl_on_the_wooden_cabinet_and_place_it_on_the_plate,demo_32,125,agentview,flat_stove_1,is_in_front_of,akita_black_bowl_1
pick_up_the_black_bowl_on_the_wooden_cabinet_and_place_it_on_the_plate,demo_32,125,agentview,akita_black_bowl_2,is_on_top_of,wooden_cabinet_1
pick_up_the_black_bowl_on_the_wooden_cabinet_and_place_it_on_the_plate,demo_32,125,agentview,wooden_cabinet_1,is_below_of,akita_black_bowl_2
pick_up_the_black_bowl_on_the_wooden_cabinet_and_place_it_on_the_plate,demo_32,125,agentview,akita_black_bowl_2,is_right_of,cookies_1
pick_up_the_black_bowl_on_the_wooden_cabinet_and_place_it_on_the_plate,demo_32,125,agentview,cookies_1,is_left_of,akita_black_bowl_2
pick_up_the_black_bowl_on_the_wooden_cabinet_and_place_it_on_the_plate,demo_32,125,agentview,akita_black_bowl_2,is_behind,glazed_rim_porcelain_ramekin_1
pick_up_the_black_bowl_on_the_wooden_cabinet_and_place_it_on_the_plate,demo_32,125,agentview,glazed_rim_porcelain_ramekin_1,is_in_front_of,akita_black_bowl_2
pick_up_the_black_bowl_on_the_wooden_cabinet_and_place_it_on_the_plate,demo_32,125,agentview,akita_black_bowl_2,is_behind,plate_1
pick_up_the_black_bowl_on_the_wooden_cabinet_and_place_it_on_the_plate,demo_32,125,agentview,plate_1,is_in_front_of,akita_black_bowl_2
pick_up_the_black_bowl_on_the_wooden_cabinet_and_place_it_on_the_plate,demo_32,125,agentview,akita_black_bowl_2,is_behind,flat_stove_1
pick_up_the_black_bowl_on_the_wooden_cabinet_and_place_it_on_the_plate,demo_32,125,agentview,flat_stove_1,is_in_front_of,akita_black_bowl_2
pick_up_the_black_bowl_on_the_wooden_cabinet_and_place_it_on_the_plate,demo_32,125,agentview,cookies_1,is_on_top_of,wooden_cabinet_1
pick_up_the_black_bowl_on_the_wooden_cabinet_and_place_it_on_the_plate,demo_32,125,agentview,wooden_cabinet_1,is_below_of,cookies_1
pick_up_the_black_bowl_on_the_wooden_cabinet_and_place_it_on_the_plate,demo_32,125,agentview,cookies_1,is_left_of,glazed_rim_porcelain_ramekin_1
pick_up_the_black_bowl_on_the_wooden_cabinet_and_place_it_on_the_plate,demo_32,125,agentview,glazed_rim_porcelain_ramekin_1,is_right_of,cookies_1
pick_up_the_black_bowl_on_the_wooden_cabinet_and_place_it_on_the_plate,demo_32,125,agentview,cookies_1,is_behind,plate_1
pick_up_the_black_bowl_on_the_wooden_cabinet_and_place_it_on_the_plate,demo_32,125,agentview,plate_1,is_in_front_of,cookies_1
pick_up_the_black_bowl_on_the_wooden_cabinet_and_place_it_on_the_plate,demo_32,125,agentview,cookies_1,is_behind,flat_stove_1
pick_up_the_black_bowl_on_the_wooden_cabinet_and_place_it_on_the_plate,demo_32,125,agentview,flat_stove_1,is_in_front_of,cookies_1
pick_up_the_black_bowl_on_the_wooden_cabinet_and_place_it_on_the_plate,demo_32,125,agentview,glazed_rim_porcelain_ramekin_1,is_on_top_of,wooden_cabinet_1
pick_up_the_black_bowl_on_the_wooden_cabinet_and_place_it_on_the_plate,demo_32,125,agentview,wooden_cabinet_1,is_below_of,glazed_rim_porcelain_ramekin_1
pick_up_the_black_bowl_on_the_wooden_cabinet_and_place_it_on_the_plate,demo_32,125,agentview,glazed_rim_porcelain_ramekin_1,is_behind,plate_1
pick_up_the_black_bowl_on_the_wooden_cabinet_and_place_it_on_the_plate,demo_32,125,agentview,plate_1,is_in_front_of,glazed_rim_porcelain_ramekin_1
pick_up_the_black_bowl_on_the_wooden_cabinet_and_place_it_on_the_plate,demo_32,125,agentview,glazed_rim_porcelain_ramekin_1,is_behind,flat_stove_1
pick_up_the_black_bowl_on_the_wooden_cabinet_and_place_it_on_the_plate,demo_32,125,agentview,flat_stove_1,is_in_front_of,glazed_rim_porcelain_ramekin_1
pick_up_the_black_bowl_on_the_wooden_cabinet_and_place_it_on_the_plate,demo_32,125,agentview,plate_1,is_on_top_of,flat_stove_1
pick_up_the_black_bowl_on_the_wooden_cabinet_and_place_it_on_the_plate,demo_32,125,agentview,flat_stove_1,is_below_of,plate_1
