task,demo,frame,camera,objectA,relation,objectB
place-the-black-bowl-from-the-left-to-the-top-of-the-stove,episode_0,0,wrist,black_stove,is_behind,white_plate
place-the-black-bowl-from-the-left-to-the-top-of-the-stove,episode_0,0,wrist,black_stove,is_behind,cookie
place-the-black-bowl-from-the-left-to-the-top-of-the-stove,episode_0,0,wrist,white_plate,is_in_front_of,black_stove
place-the-black-bowl-from-the-left-to-the-top-of-the-stove,episode_0,0,wrist,white_plate,is_left_of,cookie
place-the-black-bowl-from-the-left-to-the-top-of-the-stove,episode_0,0,wrist,cookie,is_in_front_of,black_stove
place-the-black-bowl-from-the-left-to-the-top-of-the-stove,episode_0,0,wrist,cookie,is_right_of,white_plate
place-the-black-bowl-from-the-left-to-the-top-of-the-stove,episode_0,30,wrist,cookie,is_on_top_of,black_stove
place-the-black-bowl-from-the-left-to-the-top-of-the-stove,episode_0,30,wrist,black_stove,is_below_of,cookie
place-the-black-bowl-from-the-left-to-the-top-of-the-stove,episode_0,30,wrist,white_plate,is_on_top_of,black_stove
place-the-black-bowl-from-the-left-to-the-top-of-the-stove,episode_0,30,wrist,black_stove,is_below_of,white_plate
place-the-black-bowl-from-the-left-to-the-top-of-the-stove,episode_0,30,wrist,cookie,is_behind,white_plate
place-the-black-bowl-from-the-left-to-the-top-of-the-stove,episode_0,30,wrist,white_plate,is_in_front_of,cookie
place-the-black-bowl-from-the-left-to-the-top-of-the-stove,episode_0,60,wrist,black_bowl,is_on_top_of,black_stove
place-the-black-bowl-from-the-left-to-the-top-of-the-stove,episode_0,60,wrist,black_stove,is_below_of,black_bowl
place-the-black-bowl-from-the-left-to-the-top-of-the-stove,episode_0,60,wrist,black_bowl,is_behind,cookie
place-the-black-bowl-from-the-left-to-the-top-of-the-stove,episode_0,60,wrist,cookie,is_in_front_of,black_bowl
place-the-black-bowl-from-the-left-to-the-top-of-the-stove,episode_0,60,wrist,black_bowl,is_left_of,white_plate
place-the-black-bowl-from-the-left-to-the-top-of-the-stove,episode_0,60,wrist,white_plate,is_right_of,black_bowl
place-the-black-bowl-from-the-left-to-the-top-of-the-stove,episode_0,60,wrist,black_stove,is_behind,cookie
place-the-black-bowl-from-the-left-to-the-top-of-the-stove,episode_0,60,wrist,cookie,is_in_front_of,black_stove
place-the-black-bowl-from-the-left-to-the-top-of-the-stove,episode_0,60,wrist,black_stove,is_left_of,white_plate
place-the-black-bowl-from-the-left-to-the-top-of-the-stove,episode_0,60,wrist,white_plate,is_right_of,black_stove
place-the-black-bowl-from-the-left-to-the-top-of-the-stove,episode_0,60,wrist,cookie,is_left_of,white_plate
place-the-black-bowl-from-the-left-to-the-top-of-the-stove,episode_0,60,wrist,white_plate,is_right_of,cookie
place-the-black-bowl-from-the-left-to-the-top-of-the-stove,episode_0,90,wrist,cookie,is_on_top_of,black_stove
place-the-black-bowl-from-the-left-to-the-top-of-the-stove,episode_0,90,wrist,black_stove,is_below_of,cookie
place-the-black-bowl-from-the-left-to-the-top-of-the-stove,episode_0,90,wrist,white_plate,is_on_top_of,black_stove
place-the-black-bowl-from-the-left-to-the-top-of-the-stove,episode_0,90,wrist,black_stove,is_below_of,white_plate
place-the-black-bowl-from-the-left-to-the-top-of-the-stove,episode_0,90,wrist,cookie,is_behind,white_plate
place-the-black-bowl-from-the-left-to-the-top-of-the-stove,episode_0,90,wrist,white_plate,is_in_front_of,cookie
place-the-black-bowl-from-the-left-to-the-top-of-the-stove,episode_0,120,wrist,cookie,is_on_top_of,black_stove
place-the-black-bowl-from-the-left-to-the-top-of-the-stove,episode_0,120,wrist,black_stove,is_below_of,cookie
place-the-black-bowl-from-the-left-to-the-top-of-the-stove,episode_0,120,wrist,cookie,is_left_of,red_drawer
place-the-black-bowl-from-the-left-to-the-top-of-the-stove,episode_0,120,wrist,red_drawer,is_right_of,cookie
place-the-black-bowl-from-the-left-to-the-top-of-the-stove,episode_0,120,wrist,black_stove,is_left_of,red_drawer
place-the-black-bowl-from-the-left-to-the-top-of-the-stove,episode_0,120,wrist,red_drawer,is_right_of,black_stove
place-the-black-bowl-from-the-left-to-the-top-of-the-stove,episode_0,150,wrist,black_bowl,is_behind,red_drawer
place-the-black-bowl-from-the-left-to-the-top-of-the-stove,episode_0,150,wrist,red_drawer,is_in_front_of,black_bowl
place-the-black-bowl-from-the-left-to-the-top-of-the-stove,episode_0,180,wrist,black_bowl,is_behind,red_drawer
place-the-black-bowl-from-the-left-to-the-top-of-the-stove,episode_0,180,wrist,red_drawer,is_in_front_of,black_bowl
place-the-black-bowl-from-the-left-to-the-top-of-the-stove,episode_0,210,wrist,black_bowl,is_behind,white_plate
place-the-black-bowl-from-the-left-to-the-top-of-the-stove,episode_0,210,wrist,white_plate,is_in_front_of,black_bowl
place-the-black-bowl-from-the-left-to-the-top-of-the-stove,episode_0,240,wrist,black_bowl,is_in_front_of,red_drawer
place-the-black-bowl-from-the-left-to-the-top-of-the-stove,episode_0,240,wrist,red_drawer,is_behind,black_bowl
place-the-black-bowl-from-the-left-to-the-top-of-the-stove,episode_0,270,wrist,black_bowl,is_on_top_of,black_stove
place-the-black-bowl-from-the-left-to-the-top-of-the-stove,episode_0,270,wrist,black_stove,is_below_of,black_bowl
place-the-black-bowl-from-the-left-to-the-top-of-the-stove,episode_0,300,wrist,black_bowl,is_on_top_of,black_stove
place-the-black-bowl-from-the-left-to-the-top-of-the-stove,episode_0,300,wrist,black_stove,is_below_of,black_bowl
place-the-black-bowl-from-the-left-to-the-top-of-the-stove,episode_0,330,wrist,black_bowl,is_on_top_of,black_stove
place-the-black-bowl-from-the-left-to-the-top-of-the-stove,episode_0,330,wrist,black_stove,is_below_of,black_bowl
place-the-black-bowl-from-the-left-to-the-top-of-the-stove,episode_0,360,wrist,black_bowl,is_left_of,cookie
place-the-black-bowl-from-the-left-to-the-top-of-the-stove,episode_0,360,wrist,black_bowl,is_left_of,white_plate
place-the-black-bowl-from-the-left-to-the-top-of-the-stove,episode_0,360,wrist,black_bowl,is_on_top_of,black_stove
place-the-black-bowl-from-the-left-to-the-top-of-the-stove,episode_0,360,wrist,cookie,is_right_of,black_bowl
place-the-black-bowl-from-the-left-to-the-top-of-the-stove,episode_0,360,wrist,cookie,is_behind,black_stove
place-the-black-bowl-from-the-left-to-the-top-of-the-stove,episode_0,360,wrist,cookie,is_behind,white_plate
place-the-black-bowl-from-the-left-to-the-top-of-the-stove,episode_0,360,wrist,black_stove,is_below_of,black_bowl
place-the-black-bowl-from-the-left-to-the-top-of-the-stove,episode_0,360,wrist,black_stove,is_in_front_of,cookie
place-the-black-bowl-from-the-left-to-the-top-of-the-stove,episode_0,360,wrist,black_stove,is_left_of,white_plate
place-the-black-bowl-from-the-left-to-the-top-of-the-stove,episode_0,360,wrist,white_plate,is_right_of,black_bowl
place-the-black-bowl-from-the-left-to-the-top-of-the-stove,episode_0,360,wrist,white_plate,is_in_front_of,cookie
place-the-black-bowl-from-the-left-to-the-top-of-the-stove,episode_0,360,wrist,white_plate,is_right_of,black_stove
place-the-black-bowl-from-the-left-to-the-top-of-the-stove,episode_0,390,wrist,black_bowl,is_in_front_of,cookie
place-the-black-bowl-from-the-left-to-the-top-of-the-stove,episode_0,390,wrist,cookie,is_behind,black_bowl
place-the-black-bowl-from-the-left-to-the-top-of-the-stove,episode_0,390,wrist,black_bowl,is_in_front_of,white_plate
place-the-black-bowl-from-the-left-to-the-top-of-the-stove,episode_0,390,wrist,white_plate,is_behind,black_bowl
place-the-black-bowl-from-the-left-to-the-top-of-the-stove,episode_0,390,wrist,cookie,is_behind,white_plate
place-the-black-bowl-from-the-left-to-the-top-of-the-stove,episode_0,390,wrist,white_plate,is_in_front_of,cookie
place-the-black-bowl-from-the-left-to-the-top-of-the-stove,episode_0,420,wrist,cookie,is_on_top_of,black_stove
place-the-black-bowl-from-the-left-to-the-top-of-the-stove,episode_0,420,wrist,black_stove,is_below_of,cookie
place-the-black-bowl-from-the-left-to-the-top-of-the-stove,episode_0,450,wrist,cookie,is_on_top_of,black_stove
place-the-black-bowl-from-the-left-to-the-top-of-the-stove,episode_0,450,wrist,black_stove,is_below_of,cookie
place-the-black-bowl-from-the-left-to-the-top-of-the-stove,episode_1,0,wrist,cookie,is_on_top_of,black_stove
place-the-black-bowl-from-the-left-to-the-top-of-the-stove,episode_1,0,wrist,black_stove,is_below_of,cookie
place-the-black-bowl-from-the-left-to-the-top-of-the-stove,episode_1,30,wrist,cookie,is_on_top_of,black_stove
place-the-black-bowl-from-the-left-to-the-top-of-the-stove,episode_1,30,wrist,black_stove,is_below_of,cookie
place-the-black-bowl-from-the-left-to-the-top-of-the-stove,episode_1,60,wrist,cookie,is_on_top_of,black_stove
place-the-black-bowl-from-the-left-to-the-top-of-the-stove,episode_1,60,wrist,black_stove,is_below_of,cookie
place-the-black-bowl-from-the-left-to-the-top-of-the-stove,episode_1,90,wrist,cookie,is_on_top_of,black_stove
place-the-black-bowl-from-the-left-to-the-top-of-the-stove,episode_1,90,wrist,black_stove,is_below_of,cookie
place-the-black-bowl-from-the-left-to-the-top-of-the-stove,episode_1,120,wrist,red_drawer,is_right_of,black_stove
place-the-black-bowl-from-the-left-to-the-top-of-the-stove,episode_1,120,wrist,black_stove,is_left_of,red_drawer
place-the-black-bowl-from-the-left-to-the-top-of-the-stove,episode_1,150,wrist,black_bowl,is_behind,red_drawer
place-the-black-bowl-from-the-left-to-the-top-of-the-stove,episode_1,150,wrist,red_drawer,is_in_front_of,black_bowl
place-the-black-bowl-from-the-left-to-the-top-of-the-stove,episode_1,180,wrist,black_bowl,is_in_front_of,black_stove
place-the-black-bowl-from-the-left-to-the-top-of-the-stove,episode_1,180,wrist,black_stove,is_behind,black_bowl
place-the-black-bowl-from-the-left-to-the-top-of-the-stove,episode_1,270,wrist,black_bowl,is_on_top_of,red_drawer
place-the-black-bowl-from-the-left-to-the-top-of-the-stove,episode_1,270,wrist,red_drawer,is_below_of,black_bowl
place-the-black-bowl-from-the-left-to-the-top-of-the-stove,episode_1,300,wrist,black_bowl,is_in_front_of,black_stove
place-the-black-bowl-from-the-left-to-the-top-of-the-stove,episode_1,300,wrist,black_stove,is_behind,black_bowl
place-the-black-bowl-from-the-left-to-the-top-of-the-stove,episode_1,330,wrist,black_bowl,is_on_top_of,black_stove
place-the-black-bowl-from-the-left-to-the-top-of-the-stove,episode_1,330,wrist,black_stove,is_below_of,black_bowl
place-the-black-bowl-from-the-left-to-the-top-of-the-stove,episode_1,360,wrist,black_bowl,is_on_top_of,black_stove
place-the-black-bowl-from-the-left-to-the-top-of-the-stove,episode_1,360,wrist,black_stove,is_below_of,black_bowl
place-the-black-bowl-from-the-left-to-the-top-of-the-stove,episode_1,390,wrist,black_bowl,is_on_top_of,black_stove
place-the-black-bowl-from-the-left-to-the-top-of-the-stove,episode_1,390,wrist,black_stove,is_below_of,black_bowl
place-the-black-bowl-from-the-left-to-the-top-of-the-stove,episode_1,420,wrist,black_bowl,is_on_top_of,black_stove
place-the-black-bowl-from-the-left-to-the-top-of-the-stove,episode_1,420,wrist,black_stove,is_below_of,black_bowl
place-the-black-bowl-from-the-left-to-the-top-of-the-stove,episode_1,450,wrist,black_bowl,is_left_of,cookie
place-the-black-bowl-from-the-left-to-the-top-of-the-stove,episode_1,450,wrist,black_bowl,is_left_of,white_plate
place-the-black-bowl-from-the-left-to-the-top-of-the-stove,episode_1,450,wrist,cookie,is_right_of,black_bowl
place-the-black-bowl-from-the-left-to-the-top-of-the-stove,episode_1,450,wrist,cookie,is_left_of,white_plate
place-the-black-bowl-from-the-left-to-the-top-of-the-stove,episode_1,450,wrist,white_plate,is_right_of,black_bowl
place-the-black-bowl-from-the-left-to-the-top-of-the-stove,episode_1,450,wrist,white_plate,is_right_of,cookie
place-the-black-bowl-from-the-left-to-the-top-of-the-stove,episode_1,480,wrist,black_bowl,is_in_front_of,red_drawer
place-the-black-bowl-from-the-left-to-the-top-of-the-stove,episode_1,480,wrist,red_drawer,is_behind,black_bowl
place-the-black-bowl-from-the-left-to-the-top-of-the-stove,episode_1,480,wrist,black_bowl,is_left_of,black_stove
place-the-black-bowl-from-the-left-to-the-top-of-the-stove,episode_1,480,wrist,black_stove,is_right_of,black_bowl
place-the-black-bowl-from-the-left-to-the-top-of-the-stove,episode_1,480,wrist,black_bowl,is_left_of,cookie
place-the-black-bowl-from-the-left-to-the-top-of-the-stove,episode_1,480,wrist,cookie,is_right_of,black_bowl
place-the-black-bowl-from-the-left-to-the-top-of-the-stove,episode_1,480,wrist,black_bowl,is_left_of,white_plate
place-the-black-bowl-from-the-left-to-the-top-of-the-stove,episode_1,480,wrist,white_plate,is_right_of,black_bowl
place-the-black-bowl-from-the-left-to-the-top-of-the-stove,episode_1,480,wrist,red_drawer,is_behind,black_stove
place-the-black-bowl-from-the-left-to-the-top-of-the-stove,episode_1,480,wrist,black_stove,is_in_front_of,red_drawer
place-the-black-bowl-from-the-left-to-the-top-of-the-stove,episode_1,480,wrist,red_drawer,is_behind,cookie
place-the-black-bowl-from-the-left-to-the-top-of-the-stove,episode_1,480,wrist,cookie,is_in_front_of,red_drawer
place-the-black-bowl-from-the-left-to-the-top-of-the-stove,episode_1,480,wrist,red_drawer,is_behind,white_plate
place-the-black-bowl-from-the-left-to-the-top-of-the-stove,episode_1,480,wrist,white_plate,is_in_front_of,red_drawer
place-the-black-bowl-from-the-left-to-the-top-of-the-stove,episode_1,480,wrist,black_stove,is_behind,cookie
place-the-black-bowl-from-the-left-to-the-top-of-the-stove,episode_1,480,wrist,cookie,is_in_front_of,black_stove
place-the-black-bowl-from-the-left-to-the-top-of-the-stove,episode_1,480,wrist,black_stove,is_behind,white_plate
place-the-black-bowl-from-the-left-to-the-top-of-the-stove,episode_1,480,wrist,white_plate,is_in_front_of,black_stove
place-the-black-bowl-from-the-left-to-the-top-of-the-stove,episode_1,480,wrist,cookie,is_on_top_of,white_plate
place-the-black-bowl-from-the-left-to-the-top-of-the-stove,episode_1,480,wrist,white_plate,is_below_of,cookie
place-the-black-bowl-from-the-left-to-the-top-of-the-stove,episode_1,510,wrist,black_bowl,is_in_front_of,cookie
place-the-black-bowl-from-the-left-to-the-top-of-the-stove,episode_1,510,wrist,cookie,is_behind,black_bowl
place-the-black-bowl-from-the-left-to-the-top-of-the-stove,episode_1,510,wrist,black_bowl,is_on_top_of,black_stove
place-the-black-bowl-from-the-left-to-the-top-of-the-stove,episode_1,510,wrist,black_stove,is_below_of,black_bowl
place-the-black-bowl-from-the-left-to-the-top-of-the-stove,episode_1,510,wrist,cookie,is_on_top_of,black_stove
place-the-black-bowl-from-the-left-to-the-top-of-the-stove,episode_1,510,wrist,black_stove,is_below_of,cookie
place-the-black-bowl-from-the-left-to-the-top-of-the-stove,episode_1,540,wrist,black_bowl,is_on_top_of,black_stove
place-the-black-bowl-from-the-left-to-the-top-of-the-stove,episode_1,540,wrist,black_stove,is_below_of,black_bowl
place-the-black-bowl-from-the-left-to-the-top-of-the-stove,episode_1,540,wrist,black_bowl,is_left_of,cookie
place-the-black-bowl-from-the-left-to-the-top-of-the-stove,episode_1,540,wrist,cookie,is_right_of,black_bowl
place-the-black-bowl-from-the-left-to-the-top-of-the-stove,episode_1,540,wrist,black_bowl,is_left_of,white_plate
place-the-black-bowl-from-the-left-to-the-top-of-the-stove,episode_1,540,wrist,white_plate,is_right_of,black_bowl
place-the-black-bowl-from-the-left-to-the-top-of-the-stove,episode_1,540,wrist,black_stove,is_left_of,cookie
place-the-black-bowl-from-the-left-to-the-top-of-the-stove,episode_1,540,wrist,cookie,is_right_of,black_stove
place-the-black-bowl-from-the-left-to-the-top-of-the-stove,episode_1,540,wrist,black_stove,is_left_of,white_plate
place-the-black-bowl-from-the-left-to-the-top-of-the-stove,episode_1,540,wrist,white_plate,is_right_of,black_stove
place-the-black-bowl-from-the-left-to-the-top-of-the-stove,episode_1,540,wrist,cookie,is_on_top_of,white_plate
place-the-black-bowl-from-the-left-to-the-top-of-the-stove,episode_1,540,wrist,white_plate,contains,cookie
place-the-black-bowl-from-the-left-to-the-top-of-the-stove,episode_1,570,wrist,black_bowl,is_on_top_of,black_stove
place-the-black-bowl-from-the-left-to-the-top-of-the-stove,episode_1,570,wrist,black_stove,is_below_of,black_bowl
place-the-black-bowl-from-the-left-to-the-top-of-the-stove,episode_1,570,wrist,black_bowl,is_left_of,cookie
place-the-black-bowl-from-the-left-to-the-top-of-the-stove,episode_1,570,wrist,cookie,is_right_of,black_bowl
place-the-black-bowl-from-the-left-to-the-top-of-the-stove,episode_1,570,wrist,black_bowl,is_left_of,white_plate
place-the-black-bowl-from-the-left-to-the-top-of-the-stove,episode_1,570,wrist,white_plate,is_right_of,black_bowl
place-the-black-bowl-from-the-left-to-the-top-of-the-stove,episode_1,570,wrist,black_stove,is_left_of,cookie
place-the-black-bowl-from-the-left-to-the-top-of-the-stove,episode_1,570,wrist,cookie,is_right_of,black_stove
place-the-black-bowl-from-the-left-to-the-top-of-the-stove,episode_1,570,wrist,black_stove,is_left_of,white_plate
place-the-black-bowl-from-the-left-to-the-top-of-the-stove,episode_1,570,wrist,white_plate,is_right_of,black_stove
place-the-black-bowl-from-the-left-to-the-top-of-the-stove,episode_1,570,wrist,cookie,is_on_top_of,white_plate
place-the-black-bowl-from-the-left-to-the-top-of-the-stove,episode_1,570,wrist,white_plate,is_below_of,cookie
place-the-black-bowl-from-the-left-to-the-top-of-the-stove,episode_1,600,wrist,black_bowl,is_on_top_of,black_stove
place-the-black-bowl-from-the-left-to-the-top-of-the-stove,episode_1,600,wrist,black_stove,is_below_of,black_bowl
place-the-black-bowl-from-the-left-to-the-top-of-the-stove,episode_1,600,wrist,black_bowl,is_in_front_of,cookie
place-the-black-bowl-from-the-left-to-the-top-of-the-stove,episode_1,600,wrist,cookie,is_behind,black_bowl
place-the-black-bowl-from-the-left-to-the-top-of-the-stove,episode_1,600,wrist,black_bowl,is_on_top_of,white_plate
place-the-black-bowl-from-the-left-to-the-top-of-the-stove,episode_1,600,wrist,white_plate,is_below_of,black_bowl
place-the-black-bowl-from-the-left-to-the-top-of-the-stove,episode_1,600,wrist,black_stove,is_behind,cookie
place-the-black-bowl-from-the-left-to-the-top-of-the-stove,episode_1,600,wrist,cookie,is_in_front_of,black_stove
place-the-black-bowl-from-the-left-to-the-top-of-the-stove,episode_1,600,wrist,black_stove,is_below_of,white_plate
place-the-black-bowl-from-the-left-to-the-top-of-the-stove,episode_1,600,wrist,white_plate,is_on_top_of,black_stove
place-the-black-bowl-from-the-left-to-the-top-of-the-stove,episode_1,600,wrist,cookie,is_behind,white_plate
place-the-black-bowl-from-the-left-to-the-top-of-the-stove,episode_1,600,wrist,white_plate,is_in_front_of,cookie
place-the-black-bowl-from-the-left-to-the-top-of-the-stove,episode_2,0,wrist,white_plate,is_on_top_of,black_stove
place-the-black-bowl-from-the-left-to-the-top-of-the-stove,episode_2,0,wrist,black_stove,is_below_of,white_plate
place-the-black-bowl-from-the-left-to-the-top-of-the-stove,episode_2,30,wrist,black_stove,is_behind,white_plate
place-the-black-bowl-from-the-left-to-the-top-of-the-stove,episode_2,30,wrist,white_plate,is_in_front_of,black_stove
place-the-black-bowl-from-the-left-to-the-top-of-the-stove,episode_2,90,wrist,red_drawer,is_right_of,black_stove
place-the-black-bowl-from-the-left-to-the-top-of-the-stove,episode_2,90,wrist,black_stove,is_left_of,red_drawer
place-the-black-bowl-from-the-left-to-the-top-of-the-stove,episode_2,120,wrist,black_bowl,is_behind,red_drawer
place-the-black-bowl-from-the-left-to-the-top-of-the-stove,episode_2,120,wrist,red_drawer,is_in_front_of,black_bowl
place-the-black-bowl-from-the-left-to-the-top-of-the-stove,episode_2,120,wrist,black_bowl,is_behind,cookie
place-the-black-bowl-from-the-left-to-the-top-of-the-stove,episode_2,120,wrist,cookie,is_in_front_of,black_bowl
place-the-black-bowl-from-the-left-to-the-top-of-the-stove,episode_2,120,wrist,red_drawer,contains,cookie
place-the-black-bowl-from-the-left-to-the-top-of-the-stove,episode_2,120,wrist,cookie,is_inside,red_drawer
place-the-black-bowl-from-the-left-to-the-top-of-the-stove,episode_2,150,wrist,black_bowl,is_behind,white_plate
place-the-black-bowl-from-the-left-to-the-top-of-the-stove,episode_2,150,wrist,white_plate,is_in_front_of,black_bowl
place-the-black-bowl-from-the-left-to-the-top-of-the-stove,episode_2,210,wrist,black_bowl,is_in_front_of,black_stove
place-the-black-bowl-from-the-left-to-the-top-of-the-stove,episode_2,210,wrist,black_stove,is_behind,black_bowl
place-the-black-bowl-from-the-left-to-the-top-of-the-stove,episode_2,240,wrist,black_bowl,is_in_front_of,black_stove
place-the-black-bowl-from-the-left-to-the-top-of-the-stove,episode_2,240,wrist,black_stove,is_behind,black_bowl
place-the-black-bowl-from-the-left-to-the-top-of-the-stove,episode_2,270,wrist,black_bowl,is_on_top_of,black_stove
place-the-black-bowl-from-the-left-to-the-top-of-the-stove,episode_2,270,wrist,black_stove,is_below_of,black_bowl
place-the-black-bowl-from-the-left-to-the-top-of-the-stove,episode_2,300,wrist,black_bowl,is_on_top_of,black_stove
place-the-black-bowl-from-the-left-to-the-top-of-the-stove,episode_2,300,wrist,black_stove,is_below_of,black_bowl
place-the-black-bowl-from-the-left-to-the-top-of-the-stove,episode_2,330,wrist,black_bowl,is_on_top_of,black_stove
place-the-black-bowl-from-the-left-to-the-top-of-the-stove,episode_2,330,wrist,black_stove,is_below_of,black_bowl
place-the-black-bowl-from-the-left-to-the-top-of-the-stove,episode_2,360,wrist,black_bowl,is_on_top_of,black_stove
place-the-black-bowl-from-the-left-to-the-top-of-the-stove,episode_2,360,wrist,black_stove,is_below_of,black_bowl
place-the-black-bowl-from-the-left-to-the-top-of-the-stove,episode_2,390,wrist,black_bowl,is_on_top_of,black_stove
place-the-black-bowl-from-the-left-to-the-top-of-the-stove,episode_2,390,wrist,black_stove,is_below_of,black_bowl
place-the-black-bowl-from-the-left-to-the-top-of-the-stove,episode_2,420,wrist,black_bowl,is_on_top_of,black_stove
place-the-black-bowl-from-the-left-to-the-top-of-the-stove,episode_2,420,wrist,black_stove,is_below_of,black_bowl
place-the-black-bowl-from-the-left-to-the-top-of-the-stove,episode_3,0,wrist,black_bowl,is_left_of,white_plate
place-the-black-bowl-from-the-left-to-the-top-of-the-stove,episode_3,0,wrist,white_plate,is_right_of,black_bowl
place-the-black-bowl-from-the-left-to-the-top-of-the-stove,episode_3,0,wrist,black_bowl,is_left_of,black_stove
place-the-black-bowl-from-the-left-to-the-top-of-the-stove,episode_3,0,wrist,black_stove,is_right_of,black_bowl
place-the-black-bowl-from-the-left-to-the-top-of-the-stove,episode_3,0,wrist,white_plate,is_on_top_of,black_stove
place-the-black-bowl-from-the-left-to-the-top-of-the-stove,episode_3,0,wrist,black_stove,is_below_of,white_plate
place-the-black-bowl-from-the-left-to-the-top-of-the-stove,episode_3,30,wrist,white_plate,is_on_top_of,black_stove
place-the-black-bowl-from-the-left-to-the-top-of-the-stove,episode_3,30,wrist,black_stove,is_below_of,white_plate
place-the-black-bowl-from-the-left-to-the-top-of-the-stove,episode_3,60,wrist,black_bowl,is_in_front_of,red_drawer
place-the-black-bowl-from-the-left-to-the-top-of-the-stove,episode_3,60,wrist,red_drawer,is_behind,black_bowl
place-the-black-bowl-from-the-left-to-the-top-of-the-stove,episode_3,90,wrist,black_bowl,is_behind,red_drawer
place-the-black-bowl-from-the-left-to-the-top-of-the-stove,episode_3,90,wrist,red_drawer,is_in_front_of,black_bowl
place-the-black-bowl-from-the-left-to-the-top-of-the-stove,episode_3,120,wrist,black_bowl,is_behind,white_plate
place-the-black-bowl-from-the-left-to-the-top-of-the-stove,episode_3,120,wrist,white_plate,is_in_front_of,black_bowl
place-the-black-bowl-from-the-left-to-the-top-of-the-stove,episode_3,150,wrist,black_bowl,is_behind,red_drawer
place-the-black-bowl-from-the-left-to-the-top-of-the-stove,episode_3,150,wrist,red_drawer,is_in_front_of,black_bowl
place-the-black-bowl-from-the-left-to-the-top-of-the-stove,episode_3,180,wrist,black_bowl,is_in_front_of,black_stove
place-the-black-bowl-from-the-left-to-the-top-of-the-stove,episode_3,180,wrist,black_stove,is_behind,black_bowl
place-the-black-bowl-from-the-left-to-the-top-of-the-stove,episode_3,210,wrist,black_bowl,is_on_top_of,black_stove
place-the-black-bowl-from-the-left-to-the-top-of-the-stove,episode_3,210,wrist,black_stove,is_below_of,black_bowl
place-the-black-bowl-from-the-left-to-the-top-of-the-stove,episode_3,240,wrist,black_bowl,is_on_top_of,black_stove
place-the-black-bowl-from-the-left-to-the-top-of-the-stove,episode_3,240,wrist,black_stove,is_below_of,black_bowl
place-the-black-bowl-from-the-left-to-the-top-of-the-stove,episode_3,270,wrist,black_bowl,is_on_top_of,black_stove
place-the-black-bowl-from-the-left-to-the-top-of-the-stove,episode_3,270,wrist,black_stove,is_below_of,black_bowl
place-the-black-bowl-from-the-left-to-the-top-of-the-stove,episode_3,300,wrist,black_bowl,is_in_front_of,black_stove
place-the-black-bowl-from-the-left-to-the-top-of-the-stove,episode_3,300,wrist,black_stove,is_behind,black_bowl
place-the-black-bowl-from-the-left-to-the-top-of-the-stove,episode_3,300,wrist,black_bowl,is_in_front_of,white_plate
place-the-black-bowl-from-the-left-to-the-top-of-the-stove,episode_3,300,wrist,white_plate,is_behind,black_bowl
place-the-black-bowl-from-the-left-to-the-top-of-the-stove,episode_3,300,wrist,white_plate,is_on_top_of,black_stove
place-the-black-bowl-from-the-left-to-the-top-of-the-stove,episode_3,300,wrist,black_stove,is_below_of,white_plate
place-the-black-bowl-from-the-left-to-the-top-of-the-stove,episode_3,330,wrist,black_bowl,is_in_front_of,black_stove
place-the-black-bowl-from-the-left-to-the-top-of-the-stove,episode_3,330,wrist,black_stove,is_behind,black_bowl
place-the-black-bowl-from-the-left-to-the-top-of-the-stove,episode_4,0,wrist,white_plate,is_on_top_of,black_stove
place-the-black-bowl-from-the-left-to-the-top-of-the-stove,episode_4,0,wrist,black_stove,is_below_of,white_plate
place-the-black-bowl-from-the-left-to-the-top-of-the-stove,episode_4,30,wrist,white_plate,is_on_top_of,black_stove
place-the-black-bowl-from-the-left-to-the-top-of-the-stove,episode_4,30,wrist,black_stove,is_below_of,white_plate
place-the-black-bowl-from-the-left-to-the-top-of-the-stove,episode_4,60,wrist,black_bowl,is_left_of,red_drawer
place-the-black-bowl-from-the-left-to-the-top-of-the-stove,episode_4,60,wrist,red_drawer,is_right_of,black_bowl
place-the-black-bowl-from-the-left-to-the-top-of-the-stove,episode_4,60,wrist,black_bowl,is_left_of,black_stove
place-the-black-bowl-from-the-left-to-the-top-of-the-stove,episode_4,60,wrist,black_stove,is_right_of,black_bowl
place-the-black-bowl-from-the-left-to-the-top-of-the-stove,episode_4,60,wrist,black_bowl,is_left_of,white_plate
place-the-black-bowl-from-the-left-to-the-top-of-the-stove,episode_4,60,wrist,white_plate,is_right_of,black_bowl
place-the-black-bowl-from-the-left-to-the-top-of-the-stove,episode_4,60,wrist,red_drawer,is_behind,black_stove
place-the-black-bowl-from-the-left-to-the-top-of-the-stove,episode_4,60,wrist,black_stove,is_in_front_of,red_drawer
place-the-black-bowl-from-the-left-to-the-top-of-the-stove,episode_4,60,wrist,red_drawer,is_behind,white_plate
place-the-black-bowl-from-the-left-to-the-top-of-the-stove,episode_4,60,wrist,white_plate,is_in_front_of,red_drawer
place-the-black-bowl-from-the-left-to-the-top-of-the-stove,episode_4,60,wrist,black_stove,is_behind,white_plate
place-the-black-bowl-from-the-left-to-the-top-of-the-stove,episode_4,60,wrist,white_plate,is_in_front_of,black_stove
place-the-black-bowl-from-the-left-to-the-top-of-the-stove,episode_4,90,wrist,black_bowl,is_behind,black_stove
place-the-black-bowl-from-the-left-to-the-top-of-the-stove,episode_4,90,wrist,black_stove,is_in_front_of,black_bowl
place-the-black-bowl-from-the-left-to-the-top-of-the-stove,episode_4,120,wrist,black_bowl,is_behind,black_stove
place-the-black-bowl-from-the-left-to-the-top-of-the-stove,episode_4,120,wrist,black_stove,is_in_front_of,black_bowl
place-the-black-bowl-from-the-left-to-the-top-of-the-stove,episode_4,150,wrist,black_bowl,is_in_front_of,white_plate
place-the-black-bowl-from-the-left-to-the-top-of-the-stove,episode_4,150,wrist,white_plate,is_behind,black_bowl
place-the-black-bowl-from-the-left-to-the-top-of-the-stove,episode_4,180,wrist,black_bowl,is_in_front_of,black_stove
place-the-black-bowl-from-the-left-to-the-top-of-the-stove,episode_4,180,wrist,black_stove,is_behind,black_bowl
place-the-black-bowl-from-the-left-to-the-top-of-the-stove,episode_4,210,wrist,black_bowl,is_in_front_of,black_stove
place-the-black-bowl-from-the-left-to-the-top-of-the-stove,episode_4,210,wrist,black_stove,is_behind,black_bowl
place-the-black-bowl-from-the-left-to-the-top-of-the-stove,episode_4,240,wrist,black_bowl,is_in_front_of,black_stove
place-the-black-bowl-from-the-left-to-the-top-of-the-stove,episode_4,240,wrist,black_stove,is_behind,black_bowl
place-the-black-bowl-from-the-left-to-the-top-of-the-stove,episode_4,270,wrist,black_bowl,is_on_top_of,black_stove
place-the-black-bowl-from-the-left-to-the-top-of-the-stove,episode_4,270,wrist,black_stove,is_below_of,black_bowl
place-the-black-bowl-from-the-left-to-the-top-of-the-stove,episode_4,300,wrist,black_bowl,is_on_top_of,black_stove
place-the-black-bowl-from-the-left-to-the-top-of-the-stove,episode_4,300,wrist,black_stove,is_below_of,black_bowl
place-the-black-bowl-from-the-left-to-the-top-of-the-stove,episode_4,330,wrist,black_bowl,is_on_top_of,black_stove
place-the-black-bowl-from-the-left-to-the-top-of-the-stove,episode_4,330,wrist,black_stove,is_below_of,black_bowl
place-the-black-bowl-from-the-left-to-the-top-of-the-stove,episode_4,360,wrist,black_bowl,is_in_front_of,black_stove
place-the-black-bowl-from-the-left-to-the-top-of-the-stove,episode_4,360,wrist,black_stove,is_behind,black_bowl
place-the-black-bowl-from-the-left-to-the-top-of-the-stove,episode_4,390,wrist,black_bowl,is_on_top_of,black_stove
place-the-black-bowl-from-the-left-to-the-top-of-the-stove,episode_4,390,wrist,black_stove,is_below_of,black_bowl
place-the-black-bowl-from-the-left-to-the-top-of-the-stove,episode_4,390,wrist,black_bowl,is_behind,white_plate
place-the-black-bowl-from-the-left-to-the-top-of-the-stove,episode_4,390,wrist,white_plate,is_in_front_of,black_bowl
place-the-black-bowl-from-the-left-to-the-top-of-the-stove,episode_4,390,wrist,black_stove,is_behind,white_plate
place-the-black-bowl-from-the-left-to-the-top-of-the-stove,episode_4,390,wrist,white_plate,is_in_front_of,black_stove
place-the-black-bowl-from-the-left-to-the-top-of-the-stove,episode_4,420,wrist,black_bowl,is_left_of,white_plate
place-the-black-bowl-from-the-left-to-the-top-of-the-stove,episode_4,420,wrist,white_plate,is_right_of,black_bowl
place-the-black-bowl-from-the-left-to-the-top-of-the-stove,episode_4,420,wrist,black_bowl,is_on_top_of,black_stove
place-the-black-bowl-from-the-left-to-the-top-of-the-stove,episode_4,420,wrist,black_stove,is_below_of,black_bowl
place-the-black-bowl-from-the-left-to-the-top-of-the-stove,episode_4,420,wrist,white_plate,is_on_top_of,black_stove
place-the-black-bowl-from-the-left-to-the-top-of-the-stove,episode_4,420,wrist,black_stove,is_below_of,white_plate
place-the-black-bowl-from-the-left-to-the-top-of-the-stove,episode_5,0,wrist,black_bowl,is_in_front_of,black_stove
place-the-black-bowl-from-the-left-to-the-top-of-the-stove,episode_5,0,wrist,black_stove,is_behind,black_bowl
place-the-black-bowl-from-the-left-to-the-top-of-the-stove,episode_5,30,wrist,black_bowl,is_on_top_of,black_stove
place-the-black-bowl-from-the-left-to-the-top-of-the-stove,episode_5,30,wrist,black_stove,is_below_of,black_bowl
place-the-black-bowl-from-the-left-to-the-top-of-the-stove,episode_5,60,wrist,black_bowl,is_left_of,black_stove
place-the-black-bowl-from-the-left-to-the-top-of-the-stove,episode_5,60,wrist,black_stove,is_right_of,black_bowl
place-the-black-bowl-from-the-left-to-the-top-of-the-stove,episode_5,90,wrist,black_bowl,is_left_of,red_drawer
place-the-black-bowl-from-the-left-to-the-top-of-the-stove,episode_5,90,wrist,red_drawer,is_right_of,black_bowl
place-the-black-bowl-from-the-left-to-the-top-of-the-stove,episode_5,90,wrist,black_bowl,is_left_of,black_stove
place-the-black-bowl-from-the-left-to-the-top-of-the-stove,episode_5,90,wrist,black_stove,is_right_of,black_bowl
place-the-black-bowl-from-the-left-to-the-top-of-the-stove,episode_5,90,wrist,black_bowl,is_left_of,white_plate
place-the-black-bowl-from-the-left-to-the-top-of-the-stove,episode_5,90,wrist,white_plate,is_right_of,black_bowl
place-the-black-bowl-from-the-left-to-the-top-of-the-stove,episode_5,90,wrist,red_drawer,is_behind,black_stove
place-the-black-bowl-from-the-left-to-the-top-of-the-stove,episode_5,90,wrist,black_stove,is_in_front_of,red_drawer
place-the-black-bowl-from-the-left-to-the-top-of-the-stove,episode_5,90,wrist,red_drawer,is_behind,white_plate
place-the-black-bowl-from-the-left-to-the-top-of-the-stove,episode_5,90,wrist,white_plate,is_in_front_of,red_drawer
place-the-black-bowl-from-the-left-to-the-top-of-the-stove,episode_5,90,wrist,black_stove,is_behind,white_plate
place-the-black-bowl-from-the-left-to-the-top-of-the-stove,episode_5,90,wrist,white_plate,is_in_front_of,black_stove
place-the-black-bowl-from-the-left-to-the-top-of-the-stove,episode_5,120,wrist,black_bowl,is_behind,red_drawer
place-the-black-bowl-from-the-left-to-the-top-of-the-stove,episode_5,120,wrist,red_drawer,is_in_front_of,black_bowl
place-the-black-bowl-from-the-left-to-the-top-of-the-stove,episode_5,150,wrist,black_bowl,is_behind,white_plate
place-the-black-bowl-from-the-left-to-the-top-of-the-stove,episode_5,150,wrist,white_plate,is_in_front_of,black_bowl
place-the-black-bowl-from-the-left-to-the-top-of-the-stove,episode_5,180,wrist,black_bowl,is_behind,white_plate
place-the-black-bowl-from-the-left-to-the-top-of-the-stove,episode_5,180,wrist,white_plate,is_in_front_of,black_bowl
place-the-black-bowl-from-the-left-to-the-top-of-the-stove,episode_5,210,wrist,black_bowl,is_in_front_of,red_drawer
place-the-black-bowl-from-the-left-to-the-top-of-the-stove,episode_5,210,wrist,red_drawer,is_behind,black_bowl
place-the-black-bowl-from-the-left-to-the-top-of-the-stove,episode_5,240,wrist,black_bowl,is_on_top_of,black_stove
place-the-black-bowl-from-the-left-to-the-top-of-the-stove,episode_5,240,wrist,black_stove,is_below_of,black_bowl
place-the-black-bowl-from-the-left-to-the-top-of-the-stove,episode_5,270,wrist,black_bowl,is_on_top_of,black_stove
place-the-black-bowl-from-the-left-to-the-top-of-the-stove,episode_5,270,wrist,black_stove,is_below_of,black_bowl
place-the-black-bowl-from-the-left-to-the-top-of-the-stove,episode_5,300,wrist,black_bowl,is_on_top_of,black_stove
place-the-black-bowl-from-the-left-to-the-top-of-the-stove,episode_5,300,wrist,black_stove,is_below_of,black_bowl
place-the-black-bowl-from-the-left-to-the-top-of-the-stove,episode_5,330,wrist,black_bowl,is_on_top_of,black_stove
place-the-black-bowl-from-the-left-to-the-top-of-the-stove,episode_5,330,wrist,black_stove,is_below_of,black_bowl
place-the-black-bowl-from-the-left-to-the-top-of-the-stove,episode_5,360,wrist,black_bowl,is_on_top_of,black_stove
place-the-black-bowl-from-the-left-to-the-top-of-the-stove,episode_5,360,wrist,black_stove,is_below_of,black_bowl
place-the-black-bowl-from-the-left-to-the-top-of-the-stove,episode_5,390,wrist,black_bowl,is_left_of,white_plate
place-the-black-bowl-from-the-left-to-the-top-of-the-stove,episode_5,390,wrist,black_bowl,is_in_front_of,black_stove
place-the-black-bowl-from-the-left-to-the-top-of-the-stove,episode_5,390,wrist,white_plate,is_right_of,black_bowl
place-the-black-bowl-from-the-left-to-the-top-of-the-stove,episode_5,390,wrist,white_plate,is_in_front_of,black_stove
place-the-black-bowl-from-the-left-to-the-top-of-the-stove,episode_5,390,wrist,black_stove,is_behind,black_bowl
place-the-black-bowl-from-the-left-to-the-top-of-the-stove,episode_5,390,wrist,black_stove,is_behind,white_plate
place-the-black-bowl-from-the-left-to-the-top-of-the-stove,episode_5,420,wrist,black_bowl,is_in_front_of,white_plate
place-the-black-bowl-from-the-left-to-the-top-of-the-stove,episode_5,420,wrist,white_plate,is_behind,black_bowl
place-the-black-bowl-from-the-left-to-the-top-of-the-stove,episode_6,0,wrist,black_bowl,is_on_top_of,black_stove
place-the-black-bowl-from-the-left-to-the-top-of-the-stove,episode_6,0,wrist,black_stove,is_below_of,black_bowl
place-the-black-bowl-from-the-left-to-the-top-of-the-stove,episode_6,0,wrist,black_bowl,is_left_of,white_plate
place-the-black-bowl-from-the-left-to-the-top-of-the-stove,episode_6,0,wrist,white_plate,is_right_of,black_bowl
place-the-black-bowl-from-the-left-to-the-top-of-the-stove,episode_6,0,wrist,black_stove,is_left_of,white_plate
place-the-black-bowl-from-the-left-to-the-top-of-the-stove,episode_6,0,wrist,white_plate,is_right_of,black_stove
place-the-black-bowl-from-the-left-to-the-top-of-the-stove,episode_6,30,wrist,black_bowl,is_left_of,white_plate
place-the-black-bowl-from-the-left-to-the-top-of-the-stove,episode_6,30,wrist,white_plate,is_right_of,black_bowl
place-the-black-bowl-from-the-left-to-the-top-of-the-stove,episode_6,30,wrist,black_bowl,is_left_of,black_stove
place-the-black-bowl-from-the-left-to-the-top-of-the-stove,episode_6,30,wrist,black_stove,is_right_of,black_bowl
place-the-black-bowl-from-the-left-to-the-top-of-the-stove,episode_6,30,wrist,white_plate,is_left_of,black_stove
place-the-black-bowl-from-the-left-to-the-top-of-the-stove,episode_6,30,wrist,black_stove,is_right_of,white_plate
place-the-black-bowl-from-the-left-to-the-top-of-the-stove,episode_6,60,wrist,black_stove,contains,white_plate
place-the-black-bowl-from-the-left-to-the-top-of-the-stove,episode_6,60,wrist,white_plate,is_inside,black_stove
place-the-black-bowl-from-the-left-to-the-top-of-the-stove,episode_6,90,wrist,black_bowl,is_in_front_of,red_drawer
place-the-black-bowl-from-the-left-to-the-top-of-the-stove,episode_6,90,wrist,red_drawer,is_behind,black_bowl
place-the-black-bowl-from-the-left-to-the-top-of-the-stove,episode_6,90,wrist,black_bowl,is_on_top_of,black_stove
place-the-black-bowl-from-the-left-to-the-top-of-the-stove,episode_6,90,wrist,black_stove,is_below_of,black_bowl
place-the-black-bowl-from-the-left-to-the-top-of-the-stove,episode_6,90,wrist,red_drawer,is_behind,black_stove
place-the-black-bowl-from-the-left-to-the-top-of-the-stove,episode_6,90,wrist,black_stove,is_in_front_of,red_drawer
place-the-black-bowl-from-the-left-to-the-top-of-the-stove,episode_6,120,wrist,black_bowl,is_behind,cookie
place-the-black-bowl-from-the-left-to-the-top-of-the-stove,episode_6,120,wrist,black_bowl,is_behind,red_drawer
place-the-black-bowl-from-the-left-to-the-top-of-the-stove,episode_6,120,wrist,cookie,is_in_front_of,black_bowl
place-the-black-bowl-from-the-left-to-the-top-of-the-stove,episode_6,120,wrist,cookie,is_right_of,red_drawer
place-the-black-bowl-from-the-left-to-the-top-of-the-stove,episode_6,120,wrist,red_drawer,is_in_front_of,black_bowl
place-the-black-bowl-from-the-left-to-the-top-of-the-stove,episode_6,120,wrist,red_drawer,is_left_of,cookie
place-the-black-bowl-from-the-left-to-the-top-of-the-stove,episode_6,150,wrist,black_bowl,is_behind,red_drawer
place-the-black-bowl-from-the-left-to-the-top-of-the-stove,episode_6,150,wrist,red_drawer,is_in_front_of,black_bowl
place-the-black-bowl-from-the-left-to-the-top-of-the-stove,episode_6,150,wrist,black_bowl,is_left_of,cookie
place-the-black-bowl-from-the-left-to-the-top-of-the-stove,episode_6,150,wrist,cookie,is_right_of,black_bowl
place-the-black-bowl-from-the-left-to-the-top-of-the-stove,episode_6,150,wrist,black_bowl,is_left_of,white_plate
place-the-black-bowl-from-the-left-to-the-top-of-the-stove,episode_6,150,wrist,white_plate,is_right_of,black_bowl
place-the-black-bowl-from-the-left-to-the-top-of-the-stove,episode_6,150,wrist,red_drawer,is_left_of,cookie
place-the-black-bowl-from-the-left-to-the-top-of-the-stove,episode_6,150,wrist,cookie,is_right_of,red_drawer
place-the-black-bowl-from-the-left-to-the-top-of-the-stove,episode_6,150,wrist,red_drawer,is_left_of,white_plate
place-the-black-bowl-from-the-left-to-the-top-of-the-stove,episode_6,150,wrist,white_plate,is_right_of,red_drawer
place-the-black-bowl-from-the-left-to-the-top-of-the-stove,episode_6,150,wrist,cookie,is_on_top_of,white_plate
place-the-black-bowl-from-the-left-to-the-top-of-the-stove,episode_6,150,wrist,white_plate,contains,cookie
place-the-black-bowl-from-the-left-to-the-top-of-the-stove,episode_6,180,wrist,black_bowl,is_in_front_of,black_stove
place-the-black-bowl-from-the-left-to-the-top-of-the-stove,episode_6,180,wrist,black_stove,is_behind,black_bowl
place-the-black-bowl-from-the-left-to-the-top-of-the-stove,episode_6,210,wrist,black_bowl,is_on_top_of,red_drawer
place-the-black-bowl-from-the-left-to-the-top-of-the-stove,episode_6,210,wrist,red_drawer,is_below_of,black_bowl
place-the-black-bowl-from-the-left-to-the-top-of-the-stove,episode_6,240,wrist,black_bowl,is_on_top_of,black_stove
place-the-black-bowl-from-the-left-to-the-top-of-the-stove,episode_6,240,wrist,black_stove,is_below_of,black_bowl
place-the-black-bowl-from-the-left-to-the-top-of-the-stove,episode_6,270,wrist,black_bowl,is_on_top_of,black_stove
place-the-black-bowl-from-the-left-to-the-top-of-the-stove,episode_6,270,wrist,black_stove,is_below_of,black_bowl
place-the-black-bowl-from-the-left-to-the-top-of-the-stove,episode_6,300,wrist,black_bowl,is_on_top_of,black_stove
place-the-black-bowl-from-the-left-to-the-top-of-the-stove,episode_6,300,wrist,black_stove,is_below_of,black_bowl
place-the-black-bowl-from-the-left-to-the-top-of-the-stove,episode_6,330,wrist,black_bowl,is_on_top_of,black_stove
place-the-black-bowl-from-the-left-to-the-top-of-the-stove,episode_6,330,wrist,black_stove,is_below_of,black_bowl
place-the-black-bowl-from-the-left-to-the-top-of-the-stove,episode_6,360,wrist,black_bowl,is_on_top_of,black_stove
place-the-black-bowl-from-the-left-to-the-top-of-the-stove,episode_6,360,wrist,black_stove,is_below_of,black_bowl
place-the-black-bowl-from-the-left-to-the-top-of-the-stove,episode_6,390,wrist,black_bowl,is_on_top_of,black_stove
place-the-black-bowl-from-the-left-to-the-top-of-the-stove,episode_6,390,wrist,black_stove,is_below_of,black_bowl
place-the-black-bowl-from-the-left-to-the-top-of-the-stove,episode_7,0,wrist,black_bowl,is_in_front_of,black_stove
place-the-black-bowl-from-the-left-to-the-top-of-the-stove,episode_7,0,wrist,black_stove,is_behind,black_bowl
place-the-black-bowl-from-the-left-to-the-top-of-the-stove,episode_7,30,wrist,black_bowl,is_on_top_of,black_stove
place-the-black-bowl-from-the-left-to-the-top-of-the-stove,episode_7,30,wrist,black_stove,is_below_of,black_bowl
place-the-black-bowl-from-the-left-to-the-top-of-the-stove,episode_7,90,wrist,black_bowl,is_in_front_of,black_stove
place-the-black-bowl-from-the-left-to-the-top-of-the-stove,episode_7,90,wrist,black_stove,is_behind,black_bowl
place-the-black-bowl-from-the-left-to-the-top-of-the-stove,episode_7,150,wrist,black_bowl,is_behind,red_drawer
place-the-black-bowl-from-the-left-to-the-top-of-the-stove,episode_7,150,wrist,black_bowl,is_behind,black_stove
place-the-black-bowl-from-the-left-to-the-top-of-the-stove,episode_7,150,wrist,red_drawer,is_in_front_of,black_bowl
place-the-black-bowl-from-the-left-to-the-top-of-the-stove,episode_7,150,wrist,red_drawer,is_right_of,black_stove
place-the-black-bowl-from-the-left-to-the-top-of-the-stove,episode_7,150,wrist,black_stove,is_in_front_of,black_bowl
place-the-black-bowl-from-the-left-to-the-top-of-the-stove,episode_7,150,wrist,black_stove,is_left_of,red_drawer
place-the-black-bowl-from-the-left-to-the-top-of-the-stove,episode_7,180,wrist,black_bowl,is_behind,red_drawer
place-the-black-bowl-from-the-left-to-the-top-of-the-stove,episode_7,180,wrist,red_drawer,is_in_front_of,black_bowl
place-the-black-bowl-from-the-left-to-the-top-of-the-stove,episode_7,210,wrist,black_bowl,is_behind,white_plate
place-the-black-bowl-from-the-left-to-the-top-of-the-stove,episode_7,210,wrist,white_plate,is_in_front_of,black_bowl
place-the-black-bowl-from-the-left-to-the-top-of-the-stove,episode_7,270,wrist,black_bowl,is_behind,black_stove
place-the-black-bowl-from-the-left-to-the-top-of-the-stove,episode_7,270,wrist,black_stove,is_in_front_of,black_bowl
place-the-black-bowl-from-the-left-to-the-top-of-the-stove,episode_7,300,wrist,black_bowl,is_on_top_of,black_stove
place-the-black-bowl-from-the-left-to-the-top-of-the-stove,episode_7,300,wrist,black_stove,is_below_of,black_bowl
place-the-black-bowl-from-the-left-to-the-top-of-the-stove,episode_7,330,wrist,black_bowl,is_on_top_of,black_stove
place-the-black-bowl-from-the-left-to-the-top-of-the-stove,episode_7,330,wrist,black_stove,is_below_of,black_bowl
place-the-black-bowl-from-the-left-to-the-top-of-the-stove,episode_7,360,wrist,black_bowl,is_on_top_of,black_stove
place-the-black-bowl-from-the-left-to-the-top-of-the-stove,episode_7,360,wrist,black_stove,is_below_of,black_bowl
place-the-black-bowl-from-the-left-to-the-top-of-the-stove,episode_7,390,wrist,black_bowl,is_on_top_of,black_stove
place-the-black-bowl-from-the-left-to-the-top-of-the-stove,episode_7,390,wrist,black_stove,is_below_of,black_bowl
place-the-black-bowl-from-the-left-to-the-top-of-the-stove,episode_7,420,wrist,black_bowl,is_below_of,black_stove
place-the-black-bowl-from-the-left-to-the-top-of-the-stove,episode_7,420,wrist,black_stove,is_on_top_of,black_bowl
place-the-black-bowl-from-the-left-to-the-top-of-the-stove,episode_7,450,wrist,black_bowl,is_in_front_of,black_stove
place-the-black-bowl-from-the-left-to-the-top-of-the-stove,episode_7,450,wrist,black_stove,is_behind,black_bowl
place-the-black-bowl-from-the-left-to-the-top-of-the-stove,episode_7,480,wrist,black_bowl,is_on_top_of,black_stove
place-the-black-bowl-from-the-left-to-the-top-of-the-stove,episode_7,480,wrist,black_stove,is_below_of,black_bowl
place-the-black-bowl-from-the-left-to-the-top-of-the-stove,episode_8,30,wrist,cookie,is_on_top_of,black_stove
place-the-black-bowl-from-the-left-to-the-top-of-the-stove,episode_8,30,wrist,black_stove,is_below_of,cookie
place-the-black-bowl-from-the-left-to-the-top-of-the-stove,episode_8,60,wrist,cookie,is_in_front_of,black_stove
place-the-black-bowl-from-the-left-to-the-top-of-the-stove,episode_8,60,wrist,black_stove,is_behind,cookie
place-the-black-bowl-from-the-left-to-the-top-of-the-stove,episode_8,90,wrist,red_drawer,is_right_of,black_stove
place-the-black-bowl-from-the-left-to-the-top-of-the-stove,episode_8,90,wrist,black_stove,is_left_of,red_drawer
place-the-black-bowl-from-the-left-to-the-top-of-the-stove,episode_8,120,wrist,black_bowl,is_behind,white_plate
place-the-black-bowl-from-the-left-to-the-top-of-the-stove,episode_8,120,wrist,white_plate,is_in_front_of,black_bowl
place-the-black-bowl-from-the-left-to-the-top-of-the-stove,episode_8,150,wrist,black_bowl,is_in_front_of,white_plate
place-the-black-bowl-from-the-left-to-the-top-of-the-stove,episode_8,150,wrist,white_plate,is_behind,black_bowl
place-the-black-bowl-from-the-left-to-the-top-of-the-stove,episode_8,150,wrist,black_bowl,is_in_front_of,black_stove
place-the-black-bowl-from-the-left-to-the-top-of-the-stove,episode_8,150,wrist,black_stove,is_behind,black_bowl
place-the-black-bowl-from-the-left-to-the-top-of-the-stove,episode_8,150,wrist,black_bowl,is_in_front_of,red_drawer
place-the-black-bowl-from-the-left-to-the-top-of-the-stove,episode_8,150,wrist,red_drawer,is_behind,black_bowl
place-the-black-bowl-from-the-left-to-the-top-of-the-stove,episode_8,150,wrist,black_bowl,is_in_front_of,cookie
place-the-black-bowl-from-the-left-to-the-top-of-the-stove,episode_8,150,wrist,cookie,is_behind,black_bowl
place-the-black-bowl-from-the-left-to-the-top-of-the-stove,episode_8,150,wrist,white_plate,is_left_of,black_stove
place-the-black-bowl-from-the-left-to-the-top-of-the-stove,episode_8,150,wrist,black_stove,is_right_of,white_plate
place-the-black-bowl-from-the-left-to-the-top-of-the-stove,episode_8,150,wrist,white_plate,is_in_front_of,red_drawer
place-the-black-bowl-from-the-left-to-the-top-of-the-stove,episode_8,150,wrist,red_drawer,is_behind,white_plate
place-the-black-bowl-from-the-left-to-the-top-of-the-stove,episode_8,150,wrist,white_plate,is_left_of,cookie
place-the-black-bowl-from-the-left-to-the-top-of-the-stove,episode_8,150,wrist,cookie,is_right_of,white_plate
place-the-black-bowl-from-the-left-to-the-top-of-the-stove,episode_8,150,wrist,black_stove,is_in_front_of,red_drawer
place-the-black-bowl-from-the-left-to-the-top-of-the-stove,episode_8,150,wrist,red_drawer,is_behind,black_stove
place-the-black-bowl-from-the-left-to-the-top-of-the-stove,episode_8,150,wrist,black_stove,is_left_of,cookie
place-the-black-bowl-from-the-left-to-the-top-of-the-stove,episode_8,150,wrist,cookie,is_right_of,black_stove
place-the-black-bowl-from-the-left-to-the-top-of-the-stove,episode_8,150,wrist,red_drawer,is_left_of,cookie
place-the-black-bowl-from-the-left-to-the-top-of-the-stove,episode_8,150,wrist,cookie,is_right_of,red_drawer
place-the-black-bowl-from-the-left-to-the-top-of-the-stove,episode_8,180,wrist,black_bowl,is_in_front_of,black_stove
place-the-black-bowl-from-the-left-to-the-top-of-the-stove,episode_8,180,wrist,black_stove,is_behind,black_bowl
place-the-black-bowl-from-the-left-to-the-top-of-the-stove,episode_8,210,wrist,black_bowl,is_on_top_of,black_stove
place-the-black-bowl-from-the-left-to-the-top-of-the-stove,episode_8,210,wrist,black_stove,is_below_of,black_bowl
place-the-black-bowl-from-the-left-to-the-top-of-the-stove,episode_8,240,wrist,black_bowl,is_on_top_of,black_stove
place-the-black-bowl-from-the-left-to-the-top-of-the-stove,episode_8,240,wrist,black_stove,is_below_of,black_bowl
place-the-black-bowl-from-the-left-to-the-top-of-the-stove,episode_8,270,wrist,black_bowl,is_on_top_of,black_stove
place-the-black-bowl-from-the-left-to-the-top-of-the-stove,episode_8,270,wrist,black_stove,is_below_of,black_bowl
place-the-black-bowl-from-the-left-to-the-top-of-the-stove,episode_8,300,wrist,black_bowl,is_on_top_of,black_stove
place-the-black-bowl-from-the-left-to-the-top-of-the-stove,episode_8,300,wrist,black_stove,is_below_of,black_bowl
place-the-black-bowl-from-the-left-to-the-top-of-the-stove,episode_8,300,wrist,black_bowl,is_behind,cookie
place-the-black-bowl-from-the-left-to-the-top-of-the-stove,episode_8,300,wrist,cookie,is_in_front_of,black_bowl
place-the-black-bowl-from-the-left-to-the-top-of-the-stove,episode_8,300,wrist,black_stove,is_behind,cookie
place-the-black-bowl-from-the-left-to-the-top-of-the-stove,episode_8,300,wrist,cookie,is_in_front_of,black_stove
place-the-black-bowl-from-the-left-to-the-top-of-the-stove,episode_8,330,wrist,black_bowl,is_on_top_of,black_stove
place-the-black-bowl-from-the-left-to-the-top-of-the-stove,episode_8,330,wrist,black_stove,is_below_of,black_bowl
place-the-black-bowl-from-the-left-to-the-top-of-the-stove,episode_8,360,wrist,black_bowl,is_on_top_of,black_stove
place-the-black-bowl-from-the-left-to-the-top-of-the-stove,episode_8,360,wrist,black_stove,is_below_of,black_bowl
place-the-black-bowl-from-the-left-to-the-top-of-the-stove,episode_8,360,wrist,black_bowl,is_behind,cookie
place-the-black-bowl-from-the-left-to-the-top-of-the-stove,episode_8,360,wrist,cookie,is_in_front_of,black_bowl
place-the-black-bowl-from-the-left-to-the-top-of-the-stove,episode_8,360,wrist,black_stove,is_behind,cookie
place-the-black-bowl-from-the-left-to-the-top-of-the-stove,episode_8,360,wrist,cookie,is_in_front_of,black_stove
place-the-black-bowl-from-the-left-to-the-top-of-the-stove,episode_9,0,wrist,cookie,is_on_top_of,black_stove
place-the-black-bowl-from-the-left-to-the-top-of-the-stove,episode_9,0,wrist,black_stove,is_below_of,cookie
place-the-black-bowl-from-the-left-to-the-top-of-the-stove,episode_9,30,wrist,black_bowl,is_behind,cookie
place-the-black-bowl-from-the-left-to-the-top-of-the-stove,episode_9,30,wrist,cookie,is_in_front_of,black_bowl
place-the-black-bowl-from-the-left-to-the-top-of-the-stove,episode_9,60,wrist,cookie,is_on_top_of,black_stove
place-the-black-bowl-from-the-left-to-the-top-of-the-stove,episode_9,60,wrist,black_stove,is_below_of,cookie
place-the-black-bowl-from-the-left-to-the-top-of-the-stove,episode_9,90,wrist,black_stove,is_behind,red_drawer
place-the-black-bowl-from-the-left-to-the-top-of-the-stove,episode_9,90,wrist,red_drawer,is_in_front_of,black_stove
place-the-black-bowl-from-the-left-to-the-top-of-the-stove,episode_9,120,wrist,black_bowl,is_behind,black_stove
place-the-black-bowl-from-the-left-to-the-top-of-the-stove,episode_9,120,wrist,black_stove,is_in_front_of,black_bowl
place-the-black-bowl-from-the-left-to-the-top-of-the-stove,episode_9,180,wrist,black_bowl,is_in_front_of,black_stove
place-the-black-bowl-from-the-left-to-the-top-of-the-stove,episode_9,180,wrist,black_stove,is_behind,black_bowl
place-the-black-bowl-from-the-left-to-the-top-of-the-stove,episode_9,180,wrist,black_bowl,is_in_front_of,red_drawer
place-the-black-bowl-from-the-left-to-the-top-of-the-stove,episode_9,180,wrist,red_drawer,is_behind,black_bowl
place-the-black-bowl-from-the-left-to-the-top-of-the-stove,episode_9,180,wrist,black_bowl,is_in_front_of,cookie
place-the-black-bowl-from-the-left-to-the-top-of-the-stove,episode_9,180,wrist,cookie,is_behind,black_bowl
place-the-black-bowl-from-the-left-to-the-top-of-the-stove,episode_9,180,wrist,black_bowl,is_in_front_of,white_plate
place-the-black-bowl-from-the-left-to-the-top-of-the-stove,episode_9,180,wrist,white_plate,is_behind,black_bowl
place-the-black-bowl-from-the-left-to-the-top-of-the-stove,episode_9,180,wrist,black_stove,is_behind,red_drawer
place-the-black-bowl-from-the-left-to-the-top-of-the-stove,episode_9,180,wrist,red_drawer,is_in_front_of,black_stove
place-the-black-bowl-from-the-left-to-the-top-of-the-stove,episode_9,180,wrist,black_stove,is_behind,cookie
place-the-black-bowl-from-the-left-to-the-top-of-the-stove,episode_9,180,wrist,cookie,is_in_front_of,black_stove
place-the-black-bowl-from-the-left-to-the-top-of-the-stove,episode_9,180,wrist,black_stove,is_behind,white_plate
place-the-black-bowl-from-the-left-to-the-top-of-the-stove,episode_9,180,wrist,white_plate,is_in_front_of,black_stove
place-the-black-bowl-from-the-left-to-the-top-of-the-stove,episode_9,180,wrist,red_drawer,is_in_front_of,cookie
place-the-black-bowl-from-the-left-to-the-top-of-the-stove,episode_9,180,wrist,cookie,is_behind,red_drawer
place-the-black-bowl-from-the-left-to-the-top-of-the-stove,episode_9,180,wrist,red_drawer,is_in_front_of,white_plate
place-the-black-bowl-from-the-left-to-the-top-of-the-stove,episode_9,180,wrist,white_plate,is_behind,red_drawer
place-the-black-bowl-from-the-left-to-the-top-of-the-stove,episode_9,180,wrist,cookie,is_left_of,white_plate
place-the-black-bowl-from-the-left-to-the-top-of-the-stove,episode_9,180,wrist,white_plate,is_right_of,cookie
place-the-black-bowl-from-the-left-to-the-top-of-the-stove,episode_9,210,wrist,black_bowl,is_behind,black_stove
place-the-black-bowl-from-the-left-to-the-top-of-the-stove,episode_9,210,wrist,black_stove,is_in_front_of,black_bowl
place-the-black-bowl-from-the-left-to-the-top-of-the-stove,episode_9,240,wrist,black_bowl,is_on_top_of,black_stove
place-the-black-bowl-from-the-left-to-the-top-of-the-stove,episode_9,240,wrist,black_stove,is_below_of,black_bowl
place-the-black-bowl-from-the-left-to-the-top-of-the-stove,episode_9,270,wrist,black_bowl,is_on_top_of,black_stove
place-the-black-bowl-from-the-left-to-the-top-of-the-stove,episode_9,270,wrist,black_stove,is_below_of,black_bowl
place-the-black-bowl-from-the-left-to-the-top-of-the-stove,episode_9,300,wrist,black_bowl,is_on_top_of,black_stove
place-the-black-bowl-from-the-left-to-the-top-of-the-stove,episode_9,300,wrist,black_stove,is_below_of,black_bowl
place-the-black-bowl-from-the-left-to-the-top-of-the-stove,episode_9,330,wrist,black_bowl,is_on_top_of,black_stove
place-the-black-bowl-from-the-left-to-the-top-of-the-stove,episode_9,330,wrist,black_stove,is_below_of,black_bowl
place-the-black-bowl-from-the-left-to-the-top-of-the-stove,episode_9,360,wrist,black_bowl,is_in_front_of,cookie
place-the-black-bowl-from-the-left-to-the-top-of-the-stove,episode_9,360,wrist,cookie,is_behind,black_bowl
place-the-black-bowl-from-the-left-to-the-top-of-the-stove,episode_10,0,wrist,black_bowl,is_in_front_of,cookie
place-the-black-bowl-from-the-left-to-the-top-of-the-stove,episode_10,0,wrist,cookie,is_behind,black_bowl
place-the-black-bowl-from-the-left-to-the-top-of-the-stove,episode_10,30,wrist,black_bowl,is_in_front_of,black_stove
place-the-black-bowl-from-the-left-to-the-top-of-the-stove,episode_10,30,wrist,black_stove,is_behind,black_bowl
place-the-black-bowl-from-the-left-to-the-top-of-the-stove,episode_10,60,wrist,cookie,is_on_top_of,black_stove
place-the-black-bowl-from-the-left-to-the-top-of-the-stove,episode_10,60,wrist,black_stove,is_below_of,cookie
place-the-black-bowl-from-the-left-to-the-top-of-the-stove,episode_10,90,wrist,black_bowl,is_in_front_of,red_drawer
place-the-black-bowl-from-the-left-to-the-top-of-the-stove,episode_10,90,wrist,red_drawer,is_behind,black_bowl
place-the-black-bowl-from-the-left-to-the-top-of-the-stove,episode_10,90,wrist,black_bowl,is_on_top_of,black_stove
place-the-black-bowl-from-the-left-to-the-top-of-the-stove,episode_10,90,wrist,black_stove,is_below_of,black_bowl
place-the-black-bowl-from-the-left-to-the-top-of-the-stove,episode_10,90,wrist,black_bowl,is_left_of,cookie
place-the-black-bowl-from-the-left-to-the-top-of-the-stove,episode_10,90,wrist,cookie,is_right_of,black_bowl
place-the-black-bowl-from-the-left-to-the-top-of-the-stove,episode_10,90,wrist,red_drawer,is_behind,black_stove
place-the-black-bowl-from-the-left-to-the-top-of-the-stove,episode_10,90,wrist,black_stove,is_in_front_of,red_drawer
place-the-black-bowl-from-the-left-to-the-top-of-the-stove,episode_10,90,wrist,red_drawer,is_behind,cookie
place-the-black-bowl-from-the-left-to-the-top-of-the-stove,episode_10,90,wrist,cookie,is_in_front_of,red_drawer
place-the-black-bowl-from-the-left-to-the-top-of-the-stove,episode_10,90,wrist,black_stove,is_left_of,cookie
place-the-black-bowl-from-the-left-to-the-top-of-the-stove,episode_10,90,wrist,cookie,is_right_of,black_stove
place-the-black-bowl-from-the-left-to-the-top-of-the-stove,episode_10,120,wrist,red_drawer,is_behind,black_bowl
place-the-black-bowl-from-the-left-to-the-top-of-the-stove,episode_10,120,wrist,black_bowl,is_in_front_of,red_drawer
place-the-black-bowl-from-the-left-to-the-top-of-the-stove,episode_10,150,wrist,black_bowl,is_left_of,red_drawer
place-the-black-bowl-from-the-left-to-the-top-of-the-stove,episode_10,150,wrist,red_drawer,is_right_of,black_bowl
place-the-black-bowl-from-the-left-to-the-top-of-the-stove,episode_10,150,wrist,black_bowl,is_left_of,black_stove
place-the-black-bowl-from-the-left-to-the-top-of-the-stove,episode_10,150,wrist,black_stove,is_right_of,black_bowl
place-the-black-bowl-from-the-left-to-the-top-of-the-stove,episode_10,150,wrist,red_drawer,is_in_front_of,black_stove
place-the-black-bowl-from-the-left-to-the-top-of-the-stove,episode_10,150,wrist,black_stove,is_behind,red_drawer
place-the-black-bowl-from-the-left-to-the-top-of-the-stove,episode_10,180,wrist,black_bowl,is_on_top_of,white_plate
place-the-black-bowl-from-the-left-to-the-top-of-the-stove,episode_10,180,wrist,white_plate,is_below_of,black_bowl
place-the-black-bowl-from-the-left-to-the-top-of-the-stove,episode_10,210,wrist,black_bowl,is_on_top_of,white_plate
place-the-black-bowl-from-the-left-to-the-top-of-the-stove,episode_10,210,wrist,white_plate,is_below_of,black_bowl
place-the-black-bowl-from-the-left-to-the-top-of-the-stove,episode_10,240,wrist,black_bowl,is_behind,red_drawer
place-the-black-bowl-from-the-left-to-the-top-of-the-stove,episode_10,240,wrist,red_drawer,is_in_front_of,black_bowl
place-the-black-bowl-from-the-left-to-the-top-of-the-stove,episode_10,270,wrist,black_bowl,is_in_front_of,black_stove
place-the-black-bowl-from-the-left-to-the-top-of-the-stove,episode_10,270,wrist,black_stove,is_behind,black_bowl
place-the-black-bowl-from-the-left-to-the-top-of-the-stove,episode_10,300,wrist,black_bowl,is_on_top_of,black_stove
place-the-black-bowl-from-the-left-to-the-top-of-the-stove,episode_10,300,wrist,black_stove,is_below_of,black_bowl
place-the-black-bowl-from-the-left-to-the-top-of-the-stove,episode_10,330,wrist,black_bowl,is_on_top_of,black_stove
place-the-black-bowl-from-the-left-to-the-top-of-the-stove,episode_10,330,wrist,black_stove,is_below_of,black_bowl
place-the-black-bowl-from-the-left-to-the-top-of-the-stove,episode_10,360,wrist,black_bowl,is_on_top_of,black_stove
place-the-black-bowl-from-the-left-to-the-top-of-the-stove,episode_10,360,wrist,black_stove,is_below_of,black_bowl
place-the-black-bowl-from-the-left-to-the-top-of-the-stove,episode_10,390,wrist,black_bowl,is_in_front_of,cookie
place-the-black-bowl-from-the-left-to-the-top-of-the-stove,episode_10,390,wrist,black_bowl,is_on_top_of,black_stove
place-the-black-bowl-from-the-left-to-the-top-of-the-stove,episode_10,390,wrist,cookie,is_behind,black_bowl
place-the-black-bowl-from-the-left-to-the-top-of-the-stove,episode_10,390,wrist,cookie,is_on_top_of,black_stove
place-the-black-bowl-from-the-left-to-the-top-of-the-stove,episode_10,390,wrist,black_stove,is_below_of,black_bowl
place-the-black-bowl-from-the-left-to-the-top-of-the-stove,episode_10,390,wrist,black_stove,is_below_of,cookie
place-the-black-bowl-from-the-left-to-the-top-of-the-stove,episode_10,420,wrist,black_bowl,is_in_front_of,white_plate
place-the-black-bowl-from-the-left-to-the-top-of-the-stove,episode_10,420,wrist,white_plate,is_behind,black_bowl
place-the-black-bowl-from-the-left-to-the-top-of-the-stove,episode_10,450,wrist,black_bowl,is_in_front_of,cookie
place-the-black-bowl-from-the-left-to-the-top-of-the-stove,episode_10,450,wrist,cookie,is_behind,black_bowl
place-the-black-bowl-from-the-left-to-the-top-of-the-stove,episode_10,450,wrist,black_bowl,is_on_top_of,black_stove
place-the-black-bowl-from-the-left-to-the-top-of-the-stove,episode_10,450,wrist,black_stove,is_below_of,black_bowl
place-the-black-bowl-from-the-left-to-the-top-of-the-stove,episode_10,450,wrist,cookie,is_on_top_of,black_stove
place-the-black-bowl-from-the-left-to-the-top-of-the-stove,episode_10,450,wrist,black_stove,is_below_of,cookie
place-the-black-bowl-from-the-left-to-the-top-of-the-stove,episode_11,30,wrist,black_bowl,is_in_front_of,black_stove
place-the-black-bowl-from-the-left-to-the-top-of-the-stove,episode_11,30,wrist,black_stove,is_behind,black_bowl
place-the-black-bowl-from-the-left-to-the-top-of-the-stove,episode_11,60,wrist,black_bowl,is_in_front_of,black_stove
place-the-black-bowl-from-the-left-to-the-top-of-the-stove,episode_11,60,wrist,black_stove,is_behind,black_bowl
place-the-black-bowl-from-the-left-to-the-top-of-the-stove,episode_11,120,wrist,black_bowl,is_in_front_of,black_stove
place-the-black-bowl-from-the-left-to-the-top-of-the-stove,episode_11,120,wrist,black_stove,is_behind,black_bowl
place-the-black-bowl-from-the-left-to-the-top-of-the-stove,episode_11,150,wrist,black_bowl,is_behind,red_drawer
place-the-black-bowl-from-the-left-to-the-top-of-the-stove,episode_11,150,wrist,red_drawer,is_in_front_of,black_bowl
place-the-black-bowl-from-the-left-to-the-top-of-the-stove,episode_11,180,wrist,black_bowl,is_behind,white_plate
place-the-black-bowl-from-the-left-to-the-top-of-the-stove,episode_11,180,wrist,white_plate,is_in_front_of,black_bowl
place-the-black-bowl-from-the-left-to-the-top-of-the-stove,episode_11,210,wrist,black_bowl,is_in_front_of,black_stove
place-the-black-bowl-from-the-left-to-the-top-of-the-stove,episode_11,210,wrist,black_stove,is_behind,black_bowl
place-the-black-bowl-from-the-left-to-the-top-of-the-stove,episode_11,240,wrist,black_bowl,is_in_front_of,red_drawer
place-the-black-bowl-from-the-left-to-the-top-of-the-stove,episode_11,240,wrist,red_drawer,is_behind,black_bowl
place-the-black-bowl-from-the-left-to-the-top-of-the-stove,episode_11,270,wrist,black_bowl,is_in_front_of,black_stove
place-the-black-bowl-from-the-left-to-the-top-of-the-stove,episode_11,270,wrist,black_stove,is_behind,black_bowl
place-the-black-bowl-from-the-left-to-the-top-of-the-stove,episode_11,300,wrist,black_bowl,is_on_top_of,black_stove
place-the-black-bowl-from-the-left-to-the-top-of-the-stove,episode_11,300,wrist,black_stove,is_below_of,black_bowl
place-the-black-bowl-from-the-left-to-the-top-of-the-stove,episode_11,330,wrist,black_bowl,is_on_top_of,black_stove
place-the-black-bowl-from-the-left-to-the-top-of-the-stove,episode_11,330,wrist,black_stove,is_below_of,black_bowl
place-the-black-bowl-from-the-left-to-the-top-of-the-stove,episode_11,360,wrist,black_bowl,is_on_top_of,black_stove
place-the-black-bowl-from-the-left-to-the-top-of-the-stove,episode_11,360,wrist,black_stove,is_below_of,black_bowl
place-the-black-bowl-from-the-left-to-the-top-of-the-stove,episode_11,390,wrist,black_bowl,is_on_top_of,black_stove
place-the-black-bowl-from-the-left-to-the-top-of-the-stove,episode_11,390,wrist,black_stove,is_below_of,black_bowl
place-the-black-bowl-from-the-left-to-the-top-of-the-stove,episode_11,420,wrist,black_bowl,is_in_front_of,black_stove
place-the-black-bowl-from-the-left-to-the-top-of-the-stove,episode_11,420,wrist,black_stove,is_behind,black_bowl
place-the-black-bowl-from-the-left-to-the-top-of-the-stove,episode_11,450,wrist,black_bowl,is_in_front_of,black_stove
place-the-black-bowl-from-the-left-to-the-top-of-the-stove,episode_11,450,wrist,black_stove,is_behind,black_bowl
place-the-black-bowl-from-the-left-to-the-top-of-the-stove,episode_12,90,wrist,black_bowl,is_in_front_of,red_drawer
place-the-black-bowl-from-the-left-to-the-top-of-the-stove,episode_12,90,wrist,red_drawer,is_behind,black_bowl
place-the-black-bowl-from-the-left-to-the-top-of-the-stove,episode_12,90,wrist,black_bowl,is_on_top_of,black_stove
place-the-black-bowl-from-the-left-to-the-top-of-the-stove,episode_12,90,wrist,black_stove,is_below_of,black_bowl
place-the-black-bowl-from-the-left-to-the-top-of-the-stove,episode_12,90,wrist,red_drawer,is_behind,black_stove
place-the-black-bowl-from-the-left-to-the-top-of-the-stove,episode_12,90,wrist,black_stove,is_in_front_of,red_drawer
place-the-black-bowl-from-the-left-to-the-top-of-the-stove,episode_12,120,wrist,black_bowl,is_behind,red_drawer
place-the-black-bowl-from-the-left-to-the-top-of-the-stove,episode_12,120,wrist,red_drawer,is_in_front_of,black_bowl
place-the-black-bowl-from-the-left-to-the-top-of-the-stove,episode_12,150,wrist,black_bowl,is_behind,white_plate
place-the-black-bowl-from-the-left-to-the-top-of-the-stove,episode_12,150,wrist,white_plate,is_in_front_of,black_bowl
place-the-black-bowl-from-the-left-to-the-top-of-the-stove,episode_12,180,wrist,black_bowl,is_behind,red_drawer
place-the-black-bowl-from-the-left-to-the-top-of-the-stove,episode_12,180,wrist,red_drawer,is_in_front_of,black_bowl
place-the-black-bowl-from-the-left-to-the-top-of-the-stove,episode_12,210,wrist,black_bowl,is_on_top_of,black_stove
place-the-black-bowl-from-the-left-to-the-top-of-the-stove,episode_12,210,wrist,black_stove,is_below_of,black_bowl
place-the-black-bowl-from-the-left-to-the-top-of-the-stove,episode_12,240,wrist,black_bowl,is_in_front_of,black_stove
place-the-black-bowl-from-the-left-to-the-top-of-the-stove,episode_12,240,wrist,black_stove,is_behind,black_bowl
place-the-black-bowl-from-the-left-to-the-top-of-the-stove,episode_12,270,wrist,black_bowl,is_on_top_of,black_stove
place-the-black-bowl-from-the-left-to-the-top-of-the-stove,episode_12,270,wrist,black_stove,is_below_of,black_bowl
place-the-black-bowl-from-the-left-to-the-top-of-the-stove,episode_12,300,wrist,black_bowl,is_on_top_of,black_stove
place-the-black-bowl-from-the-left-to-the-top-of-the-stove,episode_12,300,wrist,black_stove,is_below_of,black_bowl
place-the-black-bowl-from-the-left-to-the-top-of-the-stove,episode_12,330,wrist,black_bowl,is_in_front_of,black_stove
place-the-black-bowl-from-the-left-to-the-top-of-the-stove,episode_12,330,wrist,black_stove,is_behind,black_bowl
place-the-black-bowl-from-the-left-to-the-top-of-the-stove,episode_12,360,wrist,black_bowl,is_on_top_of,black_stove
place-the-black-bowl-from-the-left-to-the-top-of-the-stove,episode_12,360,wrist,black_stove,is_below_of,black_bowl
place-the-black-bowl-from-the-left-to-the-top-of-the-stove,episode_13,0,wrist,black_bowl,is_in_front_of,black_stove
place-the-black-bowl-from-the-left-to-the-top-of-the-stove,episode_13,0,wrist,black_stove,is_behind,black_bowl
place-the-black-bowl-from-the-left-to-the-top-of-the-stove,episode_13,30,wrist,black_bowl,is_in_front_of,black_stove
place-the-black-bowl-from-the-left-to-the-top-of-the-stove,episode_13,30,wrist,black_stove,is_behind,black_bowl
place-the-black-bowl-from-the-left-to-the-top-of-the-stove,episode_13,60,wrist,black_bowl,is_in_front_of,black_stove
place-the-black-bowl-from-the-left-to-the-top-of-the-stove,episode_13,60,wrist,black_stove,is_behind,black_bowl
place-the-black-bowl-from-the-left-to-the-top-of-the-stove,episode_13,90,wrist,black_bowl,is_in_front_of,cookie
place-the-black-bowl-from-the-left-to-the-top-of-the-stove,episode_13,90,wrist,black_bowl,is_left_of,red_drawer
place-the-black-bowl-from-the-left-to-the-top-of-the-stove,episode_13,90,wrist,black_bowl,is_on_top_of,black_stove
place-the-black-bowl-from-the-left-to-the-top-of-the-stove,episode_13,90,wrist,red_drawer,is_right_of,black_bowl
place-the-black-bowl-from-the-left-to-the-top-of-the-stove,episode_13,90,wrist,red_drawer,is_right_of,black_stove
place-the-black-bowl-from-the-left-to-the-top-of-the-stove,episode_13,90,wrist,red_drawer,is_behind,cookie
place-the-black-bowl-from-the-left-to-the-top-of-the-stove,episode_13,90,wrist,black_stove,is_below_of,black_bowl
place-the-black-bowl-from-the-left-to-the-top-of-the-stove,episode_13,90,wrist,black_stove,is_left_of,red_drawer
place-the-black-bowl-from-the-left-to-the-top-of-the-stove,episode_13,90,wrist,black_stove,is_in_front_of,cookie
place-the-black-bowl-from-the-left-to-the-top-of-the-stove,episode_13,90,wrist,cookie,is_behind,black_bowl
place-the-black-bowl-from-the-left-to-the-top-of-the-stove,episode_13,90,wrist,cookie,is_left_of,red_drawer
place-the-black-bowl-from-the-left-to-the-top-of-the-stove,episode_13,90,wrist,cookie,is_behind,black_stove
place-the-black-bowl-from-the-left-to-the-top-of-the-stove,episode_13,120,wrist,cookie,is_in_front_of,black_bowl
place-the-black-bowl-from-the-left-to-the-top-of-the-stove,episode_13,120,wrist,black_bowl,is_behind,cookie
place-the-black-bowl-from-the-left-to-the-top-of-the-stove,episode_13,150,wrist,black_bowl,is_behind,cookie
place-the-black-bowl-from-the-left-to-the-top-of-the-stove,episode_13,150,wrist,cookie,is_in_front_of,black_bowl
place-the-black-bowl-from-the-left-to-the-top-of-the-stove,episode_13,180,wrist,black_bowl,is_in_front_of,white_plate
place-the-black-bowl-from-the-left-to-the-top-of-the-stove,episode_13,180,wrist,white_plate,is_behind,black_bowl
place-the-black-bowl-from-the-left-to-the-top-of-the-stove,episode_13,180,wrist,black_bowl,is_in_front_of,black_stove
place-the-black-bowl-from-the-left-to-the-top-of-the-stove,episode_13,180,wrist,black_stove,is_behind,black_bowl
place-the-black-bowl-from-the-left-to-the-top-of-the-stove,episode_13,180,wrist,black_bowl,is_in_front_of,red_drawer
place-the-black-bowl-from-the-left-to-the-top-of-the-stove,episode_13,180,wrist,red_drawer,is_behind,black_bowl
place-the-black-bowl-from-the-left-to-the-top-of-the-stove,episode_13,180,wrist,black_bowl,is_in_front_of,cookie
place-the-black-bowl-from-the-left-to-the-top-of-the-stove,episode_13,180,wrist,cookie,is_behind,black_bowl
place-the-black-bowl-from-the-left-to-the-top-of-the-stove,episode_13,180,wrist,white_plate,is_left_of,black_stove
place-the-black-bowl-from-the-left-to-the-top-of-the-stove,episode_13,180,wrist,black_stove,is_right_of,white_plate
place-the-black-bowl-from-the-left-to-the-top-of-the-stove,episode_13,180,wrist,white_plate,is_left_of,red_drawer
place-the-black-bowl-from-the-left-to-the-top-of-the-stove,episode_13,180,wrist,red_drawer,is_right_of,white_plate
place-the-black-bowl-from-the-left-to-the-top-of-the-stove,episode_13,180,wrist,white_plate,is_left_of,cookie
place-the-black-bowl-from-the-left-to-the-top-of-the-stove,episode_13,180,wrist,cookie,is_right_of,white_plate
place-the-black-bowl-from-the-left-to-the-top-of-the-stove,episode_13,180,wrist,black_stove,is_left_of,red_drawer
place-the-black-bowl-from-the-left-to-the-top-of-the-stove,episode_13,180,wrist,red_drawer,is_right_of,black_stove
place-the-black-bowl-from-the-left-to-the-top-of-the-stove,episode_13,180,wrist,black_stove,is_left_of,cookie
place-the-black-bowl-from-the-left-to-the-top-of-the-stove,episode_13,180,wrist,cookie,is_right_of,black_stove
place-the-black-bowl-from-the-left-to-the-top-of-the-stove,episode_13,180,wrist,red_drawer,is_left_of,cookie
place-the-black-bowl-from-the-left-to-the-top-of-the-stove,episode_13,180,wrist,cookie,is_right_of,red_drawer
place-the-black-bowl-from-the-left-to-the-top-of-the-stove,episode_13,210,wrist,black_bowl,is_on_top_of,black_stove
place-the-black-bowl-from-the-left-to-the-top-of-the-stove,episode_13,210,wrist,black_stove,is_below_of,black_bowl
place-the-black-bowl-from-the-left-to-the-top-of-the-stove,episode_13,210,wrist,black_bowl,is_in_front_of,cookie
place-the-black-bowl-from-the-left-to-the-top-of-the-stove,episode_13,210,wrist,cookie,is_behind,black_bowl
place-the-black-bowl-from-the-left-to-the-top-of-the-stove,episode_13,210,wrist,black_bowl,is_in_front_of,white_plate
place-the-black-bowl-from-the-left-to-the-top-of-the-stove,episode_13,210,wrist,white_plate,is_behind,black_bowl
place-the-black-bowl-from-the-left-to-the-top-of-the-stove,episode_13,210,wrist,black_stove,is_in_front_of,cookie
place-the-black-bowl-from-the-left-to-the-top-of-the-stove,episode_13,210,wrist,cookie,is_behind,black_stove
place-the-black-bowl-from-the-left-to-the-top-of-the-stove,episode_13,210,wrist,black_stove,is_in_front_of,white_plate
place-the-black-bowl-from-the-left-to-the-top-of-the-stove,episode_13,210,wrist,white_plate,is_behind,black_stove
place-the-black-bowl-from-the-left-to-the-top-of-the-stove,episode_13,210,wrist,cookie,is_on_top_of,white_plate
place-the-black-bowl-from-the-left-to-the-top-of-the-stove,episode_13,210,wrist,white_plate,is_below_of,cookie
place-the-black-bowl-from-the-left-to-the-top-of-the-stove,episode_13,240,wrist,black_bowl,is_on_top_of,black_stove
place-the-black-bowl-from-the-left-to-the-top-of-the-stove,episode_13,240,wrist,black_stove,is_below_of,black_bowl
place-the-black-bowl-from-the-left-to-the-top-of-the-stove,episode_13,270,wrist,black_bowl,is_on_top_of,black_stove
place-the-black-bowl-from-the-left-to-the-top-of-the-stove,episode_13,270,wrist,black_stove,is_below_of,black_bowl
place-the-black-bowl-from-the-left-to-the-top-of-the-stove,episode_13,300,wrist,black_bowl,is_on_top_of,black_stove
place-the-black-bowl-from-the-left-to-the-top-of-the-stove,episode_13,300,wrist,black_stove,is_below_of,black_bowl
place-the-black-bowl-from-the-left-to-the-top-of-the-stove,episode_13,330,wrist,black_bowl,is_in_front_of,black_stove
place-the-black-bowl-from-the-left-to-the-top-of-the-stove,episode_13,330,wrist,black_stove,is_behind,black_bowl
place-the-black-bowl-from-the-left-to-the-top-of-the-stove,episode_13,360,wrist,black_bowl,is_on_top_of,black_stove
place-the-black-bowl-from-the-left-to-the-top-of-the-stove,episode_13,360,wrist,black_stove,is_below_of,black_bowl
place-the-black-bowl-from-the-left-to-the-top-of-the-stove,episode_13,390,wrist,black_bowl,is_on_top_of,black_stove
place-the-black-bowl-from-the-left-to-the-top-of-the-stove,episode_13,390,wrist,black_stove,is_below_of,black_bowl
place-the-black-bowl-from-the-left-to-the-top-of-the-stove,episode_13,420,wrist,black_bowl,is_on_top_of,black_stove
place-the-black-bowl-from-the-left-to-the-top-of-the-stove,episode_13,420,wrist,black_stove,is_below_of,black_bowl
place-the-black-bowl-from-the-left-to-the-top-of-the-stove,episode_13,450,wrist,black_bowl,is_on_top_of,black_stove
place-the-black-bowl-from-the-left-to-the-top-of-the-stove,episode_13,450,wrist,black_stove,is_below_of,black_bowl
place-the-black-bowl-from-the-left-to-the-top-of-the-stove,episode_14,0,wrist,black_bowl,is_in_front_of,black_stove
place-the-black-bowl-from-the-left-to-the-top-of-the-stove,episode_14,0,wrist,black_stove,is_behind,black_bowl
place-the-black-bowl-from-the-left-to-the-top-of-the-stove,episode_14,30,wrist,black_bowl,is_on_top_of,black_stove
place-the-black-bowl-from-the-left-to-the-top-of-the-stove,episode_14,30,wrist,black_stove,is_below_of,black_bowl
place-the-black-bowl-from-the-left-to-the-top-of-the-stove,episode_14,60,wrist,black_bowl,is_on_top_of,black_stove
place-the-black-bowl-from-the-left-to-the-top-of-the-stove,episode_14,60,wrist,black_stove,is_below_of,black_bowl
place-the-black-bowl-from-the-left-to-the-top-of-the-stove,episode_14,90,wrist,black_bowl,is_on_top_of,black_stove
place-the-black-bowl-from-the-left-to-the-top-of-the-stove,episode_14,90,wrist,black_stove,is_below_of,black_bowl
place-the-black-bowl-from-the-left-to-the-top-of-the-stove,episode_14,120,wrist,black_bowl,is_in_front_of,red_drawer
place-the-black-bowl-from-the-left-to-the-top-of-the-stove,episode_14,120,wrist,red_drawer,is_behind,black_bowl
place-the-black-bowl-from-the-left-to-the-top-of-the-stove,episode_14,150,wrist,black_bowl,is_behind,red_drawer
place-the-black-bowl-from-the-left-to-the-top-of-the-stove,episode_14,150,wrist,red_drawer,is_in_front_of,black_bowl
place-the-black-bowl-from-the-left-to-the-top-of-the-stove,episode_14,210,wrist,black_bowl,is_behind,red_drawer
place-the-black-bowl-from-the-left-to-the-top-of-the-stove,episode_14,210,wrist,red_drawer,is_in_front_of,black_bowl
place-the-black-bowl-from-the-left-to-the-top-of-the-stove,episode_14,240,wrist,black_bowl,is_on_top_of,black_stove
place-the-black-bowl-from-the-left-to-the-top-of-the-stove,episode_14,240,wrist,black_stove,is_below_of,black_bowl
place-the-black-bowl-from-the-left-to-the-top-of-the-stove,episode_14,270,wrist,black_bowl,is_in_front_of,black_stove
place-the-black-bowl-from-the-left-to-the-top-of-the-stove,episode_14,270,wrist,black_stove,is_behind,black_bowl
place-the-black-bowl-from-the-left-to-the-top-of-the-stove,episode_14,300,wrist,black_bowl,is_on_top_of,black_stove
place-the-black-bowl-from-the-left-to-the-top-of-the-stove,episode_14,300,wrist,black_stove,is_below_of,black_bowl
place-the-black-bowl-from-the-left-to-the-top-of-the-stove,episode_14,330,wrist,black_bowl,is_on_top_of,black_stove
place-the-black-bowl-from-the-left-to-the-top-of-the-stove,episode_14,330,wrist,black_stove,is_below_of,black_bowl
place-the-black-bowl-from-the-left-to-the-top-of-the-stove,episode_14,360,wrist,black_bowl,is_on_top_of,black_stove
place-the-black-bowl-from-the-left-to-the-top-of-the-stove,episode_14,360,wrist,black_stove,is_below_of,black_bowl
place-the-black-bowl-from-the-left-to-the-top-of-the-stove,episode_14,390,wrist,black_bowl,is_on_top_of,black_stove
place-the-black-bowl-from-the-left-to-the-top-of-the-stove,episode_14,390,wrist,black_stove,is_below_of,black_bowl
place-the-black-bowl-from-the-left-to-the-top-of-the-stove,episode_15,0,wrist,cookie,is_on_top_of,black_stove
place-the-black-bowl-from-the-left-to-the-top-of-the-stove,episode_15,0,wrist,black_stove,is_below_of,cookie
place-the-black-bowl-from-the-left-to-the-top-of-the-stove,episode_15,30,wrist,black_bowl,is_left_of,cookie
place-the-black-bowl-from-the-left-to-the-top-of-the-stove,episode_15,30,wrist,cookie,is_right_of,black_bowl
place-the-black-bowl-from-the-left-to-the-top-of-the-stove,episode_15,60,wrist,cookie,is_on_top_of,black_stove
place-the-black-bowl-from-the-left-to-the-top-of-the-stove,episode_15,60,wrist,black_stove,is_below_of,cookie
place-the-black-bowl-from-the-left-to-the-top-of-the-stove,episode_15,90,wrist,black_bowl,is_left_of,cookie
place-the-black-bowl-from-the-left-to-the-top-of-the-stove,episode_15,90,wrist,cookie,is_right_of,black_bowl
place-the-black-bowl-from-the-left-to-the-top-of-the-stove,episode_15,120,wrist,black_bowl,is_left_of,red_drawer
place-the-black-bowl-from-the-left-to-the-top-of-the-stove,episode_15,120,wrist,red_drawer,is_right_of,black_bowl
place-the-black-bowl-from-the-left-to-the-top-of-the-stove,episode_15,120,wrist,black_bowl,is_on_top_of,black_stove
place-the-black-bowl-from-the-left-to-the-top-of-the-stove,episode_15,120,wrist,black_stove,is_below_of,black_bowl
place-the-black-bowl-from-the-left-to-the-top-of-the-stove,episode_15,120,wrist,red_drawer,is_behind,black_stove
place-the-black-bowl-from-the-left-to-the-top-of-the-stove,episode_15,120,wrist,black_stove,is_in_front_of,red_drawer
place-the-black-bowl-from-the-left-to-the-top-of-the-stove,episode_15,150,wrist,black_bowl,is_behind,red_drawer
place-the-black-bowl-from-the-left-to-the-top-of-the-stove,episode_15,150,wrist,black_bowl,is_behind,white_plate
place-the-black-bowl-from-the-left-to-the-top-of-the-stove,episode_15,150,wrist,red_drawer,is_in_front_of,black_bowl
place-the-black-bowl-from-the-left-to-the-top-of-the-stove,episode_15,150,wrist,red_drawer,is_left_of,white_plate
place-the-black-bowl-from-the-left-to-the-top-of-the-stove,episode_15,150,wrist,white_plate,is_in_front_of,black_bowl
place-the-black-bowl-from-the-left-to-the-top-of-the-stove,episode_15,150,wrist,white_plate,is_right_of,red_drawer
place-the-black-bowl-from-the-left-to-the-top-of-the-stove,episode_15,180,wrist,black_bowl,is_behind,white_plate
place-the-black-bowl-from-the-left-to-the-top-of-the-stove,episode_15,180,wrist,white_plate,is_in_front_of,black_bowl
place-the-black-bowl-from-the-left-to-the-top-of-the-stove,episode_15,210,wrist,black_bowl,is_in_front_of,red_drawer
place-the-black-bowl-from-the-left-to-the-top-of-the-stove,episode_15,210,wrist,red_drawer,is_behind,black_bowl
place-the-black-bowl-from-the-left-to-the-top-of-the-stove,episode_15,240,wrist,black_bowl,is_in_front_of,black_stove
place-the-black-bowl-from-the-left-to-the-top-of-the-stove,episode_15,240,wrist,black_stove,is_behind,black_bowl
place-the-black-bowl-from-the-left-to-the-top-of-the-stove,episode_15,240,wrist,black_bowl,is_left_of,red_drawer
place-the-black-bowl-from-the-left-to-the-top-of-the-stove,episode_15,240,wrist,red_drawer,is_right_of,black_bowl
place-the-black-bowl-from-the-left-to-the-top-of-the-stove,episode_15,240,wrist,black_stove,is_left_of,red_drawer
place-the-black-bowl-from-the-left-to-the-top-of-the-stove,episode_15,240,wrist,red_drawer,is_right_of,black_stove
place-the-black-bowl-from-the-left-to-the-top-of-the-stove,episode_15,270,wrist,black_bowl,is_on_top_of,black_stove
place-the-black-bowl-from-the-left-to-the-top-of-the-stove,episode_15,270,wrist,black_stove,is_below_of,black_bowl
place-the-black-bowl-from-the-left-to-the-top-of-the-stove,episode_15,300,wrist,black_bowl,is_on_top_of,black_stove
place-the-black-bowl-from-the-left-to-the-top-of-the-stove,episode_15,300,wrist,black_stove,is_below_of,black_bowl
place-the-black-bowl-from-the-left-to-the-top-of-the-stove,episode_15,330,wrist,black_bowl,is_on_top_of,black_stove
place-the-black-bowl-from-the-left-to-the-top-of-the-stove,episode_15,330,wrist,black_stove,is_below_of,black_bowl
place-the-black-bowl-from-the-left-to-the-top-of-the-stove,episode_15,360,wrist,black_bowl,is_in_front_of,black_stove
place-the-black-bowl-from-the-left-to-the-top-of-the-stove,episode_15,360,wrist,black_stove,is_behind,black_bowl
place-the-black-bowl-from-the-left-to-the-top-of-the-stove,episode_15,390,wrist,black_stove,contains,cookie
place-the-black-bowl-from-the-left-to-the-top-of-the-stove,episode_15,390,wrist,cookie,is_inside,black_stove
place-the-black-bowl-from-the-left-to-the-top-of-the-stove,episode_15,420,wrist,black_bowl,is_in_front_of,cookie
place-the-black-bowl-from-the-left-to-the-top-of-the-stove,episode_15,420,wrist,cookie,is_behind,black_bowl
place-the-black-bowl-from-the-left-to-the-top-of-the-stove,episode_16,0,wrist,black_stove,is_behind,black_bowl
place-the-black-bowl-from-the-left-to-the-top-of-the-stove,episode_16,0,wrist,black_bowl,is_in_front_of,black_stove
place-the-black-bowl-from-the-left-to-the-top-of-the-stove,episode_16,30,wrist,black_stove,is_behind,black_bowl
place-the-black-bowl-from-the-left-to-the-top-of-the-stove,episode_16,30,wrist,black_bowl,is_in_front_of,black_stove
place-the-black-bowl-from-the-left-to-the-top-of-the-stove,episode_16,90,wrist,black_stove,is_behind,black_bowl
place-the-black-bowl-from-the-left-to-the-top-of-the-stove,episode_16,90,wrist,black_bowl,is_in_front_of,black_stove
place-the-black-bowl-from-the-left-to-the-top-of-the-stove,episode_16,120,wrist,red_drawer,is_right_of,black_stove
place-the-black-bowl-from-the-left-to-the-top-of-the-stove,episode_16,120,wrist,black_stove,is_left_of,red_drawer
place-the-black-bowl-from-the-left-to-the-top-of-the-stove,episode_16,150,wrist,black_bowl,is_behind,red_drawer
place-the-black-bowl-from-the-left-to-the-top-of-the-stove,episode_16,150,wrist,red_drawer,is_in_front_of,black_bowl
place-the-black-bowl-from-the-left-to-the-top-of-the-stove,episode_16,150,wrist,black_bowl,is_behind,black_stove
place-the-black-bowl-from-the-left-to-the-top-of-the-stove,episode_16,150,wrist,black_stove,is_in_front_of,black_bowl
place-the-black-bowl-from-the-left-to-the-top-of-the-stove,episode_16,150,wrist,black_bowl,is_behind,cookie
place-the-black-bowl-from-the-left-to-the-top-of-the-stove,episode_16,150,wrist,cookie,is_in_front_of,black_bowl
place-the-black-bowl-from-the-left-to-the-top-of-the-stove,episode_16,150,wrist,black_bowl,is_behind,white_plate
place-the-black-bowl-from-the-left-to-the-top-of-the-stove,episode_16,150,wrist,white_plate,is_in_front_of,black_bowl
place-the-black-bowl-from-the-left-to-the-top-of-the-stove,episode_16,150,wrist,red_drawer,is_left_of,black_stove
place-the-black-bowl-from-the-left-to-the-top-of-the-stove,episode_16,150,wrist,black_stove,is_right_of,red_drawer
place-the-black-bowl-from-the-left-to-the-top-of-the-stove,episode_16,150,wrist,red_drawer,is_left_of,cookie
place-the-black-bowl-from-the-left-to-the-top-of-the-stove,episode_16,150,wrist,cookie,is_right_of,red_drawer
place-the-black-bowl-from-the-left-to-the-top-of-the-stove,episode_16,150,wrist,red_drawer,is_left_of,white_plate
place-the-black-bowl-from-the-left-to-the-top-of-the-stove,episode_16,150,wrist,white_plate,is_right_of,red_drawer
place-the-black-bowl-from-the-left-to-the-top-of-the-stove,episode_16,150,wrist,black_stove,is_left_of,cookie
place-the-black-bowl-from-the-left-to-the-top-of-the-stove,episode_16,150,wrist,cookie,is_right_of,black_stove
place-the-black-bowl-from-the-left-to-the-top-of-the-stove,episode_16,150,wrist,black_stove,is_left_of,white_plate
place-the-black-bowl-from-the-left-to-the-top-of-the-stove,episode_16,150,wrist,white_plate,is_right_of,black_stove
place-the-black-bowl-from-the-left-to-the-top-of-the-stove,episode_16,150,wrist,cookie,is_left_of,white_plate
place-the-black-bowl-from-the-left-to-the-top-of-the-stove,episode_16,150,wrist,white_plate,is_right_of,cookie
place-the-black-bowl-from-the-left-to-the-top-of-the-stove,episode_16,180,wrist,black_bowl,is_in_front_of,black_stove
place-the-black-bowl-from-the-left-to-the-top-of-the-stove,episode_16,180,wrist,black_stove,is_behind,black_bowl
place-the-black-bowl-from-the-left-to-the-top-of-the-stove,episode_16,180,wrist,black_bowl,is_in_front_of,red_drawer
place-the-black-bowl-from-the-left-to-the-top-of-the-stove,episode_16,180,wrist,red_drawer,is_behind,black_bowl
place-the-black-bowl-from-the-left-to-the-top-of-the-stove,episode_16,180,wrist,black_bowl,is_in_front_of,cookie
place-the-black-bowl-from-the-left-to-the-top-of-the-stove,episode_16,180,wrist,cookie,is_behind,black_bowl
place-the-black-bowl-from-the-left-to-the-top-of-the-stove,episode_16,180,wrist,black_bowl,is_in_front_of,white_plate
place-the-black-bowl-from-the-left-to-the-top-of-the-stove,episode_16,180,wrist,white_plate,is_behind,black_bowl
place-the-black-bowl-from-the-left-to-the-top-of-the-stove,episode_16,180,wrist,black_stove,is_behind,red_drawer
place-the-black-bowl-from-the-left-to-the-top-of-the-stove,episode_16,180,wrist,red_drawer,is_in_front_of,black_stove
place-the-black-bowl-from-the-left-to-the-top-of-the-stove,episode_16,180,wrist,black_stove,is_behind,cookie
place-the-black-bowl-from-the-left-to-the-top-of-the-stove,episode_16,180,wrist,cookie,is_in_front_of,black_stove
place-the-black-bowl-from-the-left-to-the-top-of-the-stove,episode_16,180,wrist,black_stove,is_behind,white_plate
place-the-black-bowl-from-the-left-to-the-top-of-the-stove,episode_16,180,wrist,white_plate,is_in_front_of,black_stove
place-the-black-bowl-from-the-left-to-the-top-of-the-stove,episode_16,180,wrist,red_drawer,is_behind,cookie
place-the-black-bowl-from-the-left-to-the-top-of-the-stove,episode_16,180,wrist,cookie,is_in_front_of,red_drawer
place-the-black-bowl-from-the-left-to-the-top-of-the-stove,episode_16,180,wrist,red_drawer,is_behind,white_plate
place-the-black-bowl-from-the-left-to-the-top-of-the-stove,episode_16,180,wrist,white_plate,is_in_front_of,red_drawer
place-the-black-bowl-from-the-left-to-the-top-of-the-stove,episode_16,180,wrist,cookie,is_in_front_of,white_plate
place-the-black-bowl-from-the-left-to-the-top-of-the-stove,episode_16,180,wrist,white_plate,is_behind,cookie
place-the-black-bowl-from-the-left-to-the-top-of-the-stove,episode_16,210,wrist,black_bowl,is_in_front_of,black_stove
place-the-black-bowl-from-the-left-to-the-top-of-the-stove,episode_16,210,wrist,black_stove,is_behind,black_bowl
place-the-black-bowl-from-the-left-to-the-top-of-the-stove,episode_16,240,wrist,black_bowl,is_on_top_of,black_stove
place-the-black-bowl-from-the-left-to-the-top-of-the-stove,episode_16,240,wrist,black_stove,is_below_of,black_bowl
place-the-black-bowl-from-the-left-to-the-top-of-the-stove,episode_16,270,wrist,black_bowl,is_on_top_of,black_stove
place-the-black-bowl-from-the-left-to-the-top-of-the-stove,episode_16,270,wrist,black_stove,is_below_of,black_bowl
place-the-black-bowl-from-the-left-to-the-top-of-the-stove,episode_16,300,wrist,black_bowl,is_in_front_of,black_stove
place-the-black-bowl-from-the-left-to-the-top-of-the-stove,episode_16,300,wrist,black_stove,is_behind,black_bowl
place-the-black-bowl-from-the-left-to-the-top-of-the-stove,episode_16,330,wrist,black_stove,is_behind,black_bowl
place-the-black-bowl-from-the-left-to-the-top-of-the-stove,episode_16,330,wrist,black_bowl,is_in_front_of,black_stove
place-the-black-bowl-from-the-left-to-the-top-of-the-stove,episode_16,360,wrist,black_bowl,is_on_top_of,black_stove
place-the-black-bowl-from-the-left-to-the-top-of-the-stove,episode_16,360,wrist,black_stove,is_below_of,black_bowl
place-the-black-bowl-from-the-left-to-the-top-of-the-stove,episode_16,390,wrist,black_bowl,is_on_top_of,black_stove
place-the-black-bowl-from-the-left-to-the-top-of-the-stove,episode_16,390,wrist,black_stove,is_below_of,black_bowl
place-the-black-bowl-from-the-left-to-the-top-of-the-stove,episode_17,0,wrist,black_stove,is_behind,black_bowl
place-the-black-bowl-from-the-left-to-the-top-of-the-stove,episode_17,0,wrist,black_bowl,is_in_front_of,black_stove
place-the-black-bowl-from-the-left-to-the-top-of-the-stove,episode_17,30,wrist,black_bowl,is_left_of,black_stove
place-the-black-bowl-from-the-left-to-the-top-of-the-stove,episode_17,30,wrist,black_stove,is_right_of,black_bowl
place-the-black-bowl-from-the-left-to-the-top-of-the-stove,episode_17,60,wrist,black_stove,is_behind,black_bowl
place-the-black-bowl-from-the-left-to-the-top-of-the-stove,episode_17,60,wrist,black_bowl,is_in_front_of,black_stove
place-the-black-bowl-from-the-left-to-the-top-of-the-stove,episode_17,90,wrist,black_bowl,is_left_of,red_drawer
place-the-black-bowl-from-the-left-to-the-top-of-the-stove,episode_17,90,wrist,red_drawer,is_right_of,black_bowl
place-the-black-bowl-from-the-left-to-the-top-of-the-stove,episode_17,120,wrist,black_bowl,is_behind,red_drawer
place-the-black-bowl-from-the-left-to-the-top-of-the-stove,episode_17,120,wrist,red_drawer,is_in_front_of,black_bowl
place-the-black-bowl-from-the-left-to-the-top-of-the-stove,episode_17,150,wrist,black_bowl,is_in_front_of,black_stove
place-the-black-bowl-from-the-left-to-the-top-of-the-stove,episode_17,150,wrist,black_stove,is_behind,black_bowl
place-the-black-bowl-from-the-left-to-the-top-of-the-stove,episode_17,180,wrist,black_bowl,is_on_top_of,black_stove
place-the-black-bowl-from-the-left-to-the-top-of-the-stove,episode_17,180,wrist,black_stove,is_below_of,black_bowl
place-the-black-bowl-from-the-left-to-the-top-of-the-stove,episode_17,210,wrist,black_bowl,is_behind,black_stove
place-the-black-bowl-from-the-left-to-the-top-of-the-stove,episode_17,210,wrist,black_stove,is_in_front_of,black_bowl
place-the-black-bowl-from-the-left-to-the-top-of-the-stove,episode_17,210,wrist,black_bowl,is_behind,red_drawer
place-the-black-bowl-from-the-left-to-the-top-of-the-stove,episode_17,210,wrist,red_drawer,is_in_front_of,black_bowl
place-the-black-bowl-from-the-left-to-the-top-of-the-stove,episode_17,210,wrist,black_stove,is_left_of,red_drawer
place-the-black-bowl-from-the-left-to-the-top-of-the-stove,episode_17,210,wrist,red_drawer,is_right_of,black_stove
place-the-black-bowl-from-the-left-to-the-top-of-the-stove,episode_17,240,wrist,black_bowl,is_in_front_of,black_stove
place-the-black-bowl-from-the-left-to-the-top-of-the-stove,episode_17,240,wrist,black_stove,is_behind,black_bowl
place-the-black-bowl-from-the-left-to-the-top-of-the-stove,episode_17,270,wrist,black_bowl,is_on_top_of,black_stove
place-the-black-bowl-from-the-left-to-the-top-of-the-stove,episode_17,270,wrist,black_stove,is_below_of,black_bowl
place-the-black-bowl-from-the-left-to-the-top-of-the-stove,episode_17,300,wrist,black_bowl,is_on_top_of,black_stove
place-the-black-bowl-from-the-left-to-the-top-of-the-stove,episode_17,300,wrist,black_stove,is_below_of,black_bowl
place-the-black-bowl-from-the-left-to-the-top-of-the-stove,episode_17,330,wrist,black_stove,is_behind,black_bowl
place-the-black-bowl-from-the-left-to-the-top-of-the-stove,episode_17,330,wrist,black_bowl,is_in_front_of,black_stove
place-the-black-bowl-from-the-left-to-the-top-of-the-stove,episode_17,360,wrist,black_bowl,is_in_front_of,black_stove
place-the-black-bowl-from-the-left-to-the-top-of-the-stove,episode_17,360,wrist,black_stove,is_behind,black_bowl
place-the-black-bowl-from-the-left-to-the-top-of-the-stove,episode_17,390,wrist,black_bowl,is_on_top_of,black_stove
place-the-black-bowl-from-the-left-to-the-top-of-the-stove,episode_17,390,wrist,black_stove,is_below_of,black_bowl
place-the-black-bowl-from-the-left-to-the-top-of-the-stove,episode_18,0,wrist,black_bowl,is_on_top_of,black_stove
place-the-black-bowl-from-the-left-to-the-top-of-the-stove,episode_18,0,wrist,black_stove,is_below_of,black_bowl
place-the-black-bowl-from-the-left-to-the-top-of-the-stove,episode_18,0,wrist,black_bowl,is_left_of,cookie
place-the-black-bowl-from-the-left-to-the-top-of-the-stove,episode_18,0,wrist,cookie,is_right_of,black_bowl
place-the-black-bowl-from-the-left-to-the-top-of-the-stove,episode_18,0,wrist,black_bowl,is_left_of,white_plate
place-the-black-bowl-from-the-left-to-the-top-of-the-stove,episode_18,0,wrist,white_plate,is_right_of,black_bowl
place-the-black-bowl-from-the-left-to-the-top-of-the-stove,episode_18,0,wrist,black_stove,is_left_of,cookie
place-the-black-bowl-from-the-left-to-the-top-of-the-stove,episode_18,0,wrist,cookie,is_right_of,black_stove
place-the-black-bowl-from-the-left-to-the-top-of-the-stove,episode_18,0,wrist,black_stove,is_left_of,white_plate
place-the-black-bowl-from-the-left-to-the-top-of-the-stove,episode_18,0,wrist,white_plate,is_right_of,black_stove
place-the-black-bowl-from-the-left-to-the-top-of-the-stove,episode_18,0,wrist,cookie,is_in_front_of,white_plate
place-the-black-bowl-from-the-left-to-the-top-of-the-stove,episode_18,0,wrist,white_plate,is_behind,cookie
place-the-black-bowl-from-the-left-to-the-top-of-the-stove,episode_18,30,wrist,black_bowl,is_left_of,white_plate
place-the-black-bowl-from-the-left-to-the-top-of-the-stove,episode_18,30,wrist,white_plate,is_right_of,black_bowl
place-the-black-bowl-from-the-left-to-the-top-of-the-stove,episode_18,30,wrist,black_bowl,is_left_of,black_stove
place-the-black-bowl-from-the-left-to-the-top-of-the-stove,episode_18,30,wrist,black_stove,is_right_of,black_bowl
place-the-black-bowl-from-the-left-to-the-top-of-the-stove,episode_18,30,wrist,white_plate,is_on_top_of,black_stove
place-the-black-bowl-from-the-left-to-the-top-of-the-stove,episode_18,30,wrist,black_stove,is_below_of,white_plate
place-the-black-bowl-from-the-left-to-the-top-of-the-stove,episode_18,60,wrist,white_plate,is_on_top_of,black_stove
place-the-black-bowl-from-the-left-to-the-top-of-the-stove,episode_18,60,wrist,black_stove,is_below_of,white_plate
place-the-black-bowl-from-the-left-to-the-top-of-the-stove,episode_18,60,wrist,cookie,is_on_top_of,black_stove
place-the-black-bowl-from-the-left-to-the-top-of-the-stove,episode_18,60,wrist,black_stove,is_below_of,cookie
place-the-black-bowl-from-the-left-to-the-top-of-the-stove,episode_18,60,wrist,white_plate,is_behind,cookie
place-the-black-bowl-from-the-left-to-the-top-of-the-stove,episode_18,60,wrist,cookie,is_in_front_of,white_plate
place-the-black-bowl-from-the-left-to-the-top-of-the-stove,episode_18,90,wrist,black_bowl,is_in_front_of,red_drawer
place-the-black-bowl-from-the-left-to-the-top-of-the-stove,episode_18,90,wrist,red_drawer,is_behind,black_bowl
place-the-black-bowl-from-the-left-to-the-top-of-the-stove,episode_18,90,wrist,black_bowl,is_on_top_of,black_stove
place-the-black-bowl-from-the-left-to-the-top-of-the-stove,episode_18,90,wrist,black_stove,is_below_of,black_bowl
place-the-black-bowl-from-the-left-to-the-top-of-the-stove,episode_18,90,wrist,red_drawer,is_behind,black_stove
place-the-black-bowl-from-the-left-to-the-top-of-the-stove,episode_18,90,wrist,black_stove,is_in_front_of,red_drawer
place-the-black-bowl-from-the-left-to-the-top-of-the-stove,episode_18,120,wrist,black_bowl,is_behind,red_drawer
place-the-black-bowl-from-the-left-to-the-top-of-the-stove,episode_18,120,wrist,red_drawer,is_in_front_of,black_bowl
place-the-black-bowl-from-the-left-to-the-top-of-the-stove,episode_18,150,wrist,black_bowl,is_behind,red_drawer
place-the-black-bowl-from-the-left-to-the-top-of-the-stove,episode_18,150,wrist,red_drawer,is_in_front_of,black_bowl
place-the-black-bowl-from-the-left-to-the-top-of-the-stove,episode_18,180,wrist,black_bowl,is_behind,red_drawer
place-the-black-bowl-from-the-left-to-the-top-of-the-stove,episode_18,180,wrist,red_drawer,is_in_front_of,black_bowl
place-the-black-bowl-from-the-left-to-the-top-of-the-stove,episode_18,210,wrist,black_bowl,is_in_front_of,black_stove
place-the-black-bowl-from-the-left-to-the-top-of-the-stove,episode_18,210,wrist,black_stove,is_behind,black_bowl
place-the-black-bowl-from-the-left-to-the-top-of-the-stove,episode_18,210,wrist,black_bowl,is_left_of,red_drawer
place-the-black-bowl-from-the-left-to-the-top-of-the-stove,episode_18,210,wrist,red_drawer,is_right_of,black_bowl
place-the-black-bowl-from-the-left-to-the-top-of-the-stove,episode_18,210,wrist,black_stove,is_left_of,red_drawer
place-the-black-bowl-from-the-left-to-the-top-of-the-stove,episode_18,210,wrist,red_drawer,is_right_of,black_stove
place-the-black-bowl-from-the-left-to-the-top-of-the-stove,episode_18,240,wrist,black_bowl,is_on_top_of,black_stove
place-the-black-bowl-from-the-left-to-the-top-of-the-stove,episode_18,240,wrist,black_stove,is_below_of,black_bowl
place-the-black-bowl-from-the-left-to-the-top-of-the-stove,episode_18,270,wrist,black_bowl,is_on_top_of,black_stove
place-the-black-bowl-from-the-left-to-the-top-of-the-stove,episode_18,270,wrist,black_stove,is_below_of,black_bowl
place-the-black-bowl-from-the-left-to-the-top-of-the-stove,episode_18,300,wrist,black_bowl,is_on_top_of,black_stove
place-the-black-bowl-from-the-left-to-the-top-of-the-stove,episode_18,300,wrist,black_stove,is_below_of,black_bowl
place-the-black-bowl-from-the-left-to-the-top-of-the-stove,episode_18,330,wrist,black_bowl,is_on_top_of,black_stove
place-the-black-bowl-from-the-left-to-the-top-of-the-stove,episode_18,330,wrist,black_stove,is_below_of,black_bowl
place-the-black-bowl-from-the-left-to-the-top-of-the-stove,episode_18,360,wrist,black_stove,is_behind,cookie
place-the-black-bowl-from-the-left-to-the-top-of-the-stove,episode_18,360,wrist,black_stove,is_behind,white_plate
place-the-black-bowl-from-the-left-to-the-top-of-the-stove,episode_18,360,wrist,cookie,is_in_front_of,black_stove
place-the-black-bowl-from-the-left-to-the-top-of-the-stove,episode_18,360,wrist,cookie,is_left_of,white_plate
place-the-black-bowl-from-the-left-to-the-top-of-the-stove,episode_18,360,wrist,white_plate,is_in_front_of,black_stove
place-the-black-bowl-from-the-left-to-the-top-of-the-stove,episode_18,360,wrist,white_plate,is_right_of,cookie
place-the-black-bowl-from-the-left-to-the-top-of-the-stove,episode_18,390,wrist,black_bowl,is_behind,cookie
place-the-black-bowl-from-the-left-to-the-top-of-the-stove,episode_18,390,wrist,black_bowl,is_behind,white_plate
place-the-black-bowl-from-the-left-to-the-top-of-the-stove,episode_18,390,wrist,cookie,is_in_front_of,black_bowl
place-the-black-bowl-from-the-left-to-the-top-of-the-stove,episode_18,390,wrist,cookie,is_in_front_of,white_plate
place-the-black-bowl-from-the-left-to-the-top-of-the-stove,episode_18,390,wrist,white_plate,is_in_front_of,black_bowl
place-the-black-bowl-from-the-left-to-the-top-of-the-stove,episode_18,390,wrist,white_plate,is_behind,cookie
place-the-black-bowl-from-the-left-to-the-top-of-the-stove,episode_18,420,wrist,black_bowl,is_behind,white_plate
place-the-black-bowl-from-the-left-to-the-top-of-the-stove,episode_18,420,wrist,white_plate,is_in_front_of,black_bowl
place-the-black-bowl-from-the-left-to-the-top-of-the-stove,episode_19,0,wrist,black_bowl,is_on_top_of,black_stove
place-the-black-bowl-from-the-left-to-the-top-of-the-stove,episode_19,0,wrist,black_stove,is_below_of,black_bowl
place-the-black-bowl-from-the-left-to-the-top-of-the-stove,episode_19,0,wrist,black_bowl,is_left_of,white_plate
place-the-black-bowl-from-the-left-to-the-top-of-the-stove,episode_19,0,wrist,white_plate,is_right_of,black_bowl
place-the-black-bowl-from-the-left-to-the-top-of-the-stove,episode_19,0,wrist,black_stove,is_left_of,white_plate
place-the-black-bowl-from-the-left-to-the-top-of-the-stove,episode_19,0,wrist,white_plate,is_right_of,black_stove
place-the-black-bowl-from-the-left-to-the-top-of-the-stove,episode_19,30,wrist,white_plate,is_on_top_of,black_stove
place-the-black-bowl-from-the-left-to-the-top-of-the-stove,episode_19,30,wrist,black_stove,is_below_of,white_plate
place-the-black-bowl-from-the-left-to-the-top-of-the-stove,episode_19,60,wrist,black_bowl,is_on_top_of,black_stove
place-the-black-bowl-from-the-left-to-the-top-of-the-stove,episode_19,60,wrist,black_stove,is_below_of,black_bowl
place-the-black-bowl-from-the-left-to-the-top-of-the-stove,episode_19,120,wrist,black_bowl,is_on_top_of,black_stove
place-the-black-bowl-from-the-left-to-the-top-of-the-stove,episode_19,120,wrist,black_stove,is_below_of,black_bowl
place-the-black-bowl-from-the-left-to-the-top-of-the-stove,episode_19,120,wrist,black_bowl,is_left_of,red_drawer
place-the-black-bowl-from-the-left-to-the-top-of-the-stove,episode_19,120,wrist,red_drawer,is_right_of,black_bowl
place-the-black-bowl-from-the-left-to-the-top-of-the-stove,episode_19,120,wrist,black_stove,is_left_of,red_drawer
place-the-black-bowl-from-the-left-to-the-top-of-the-stove,episode_19,120,wrist,red_drawer,is_right_of,black_stove
place-the-black-bowl-from-the-left-to-the-top-of-the-stove,episode_19,150,wrist,black_bowl,is_behind,red_drawer
place-the-black-bowl-from-the-left-to-the-top-of-the-stove,episode_19,150,wrist,red_drawer,is_in_front_of,black_bowl
place-the-black-bowl-from-the-left-to-the-top-of-the-stove,episode_19,180,wrist,black_bowl,is_right_of,cookie
place-the-black-bowl-from-the-left-to-the-top-of-the-stove,episode_19,180,wrist,cookie,is_left_of,black_bowl
place-the-black-bowl-from-the-left-to-the-top-of-the-stove,episode_19,210,wrist,black_bowl,is_in_front_of,cookie
place-the-black-bowl-from-the-left-to-the-top-of-the-stove,episode_19,210,wrist,cookie,is_behind,black_bowl
place-the-black-bowl-from-the-left-to-the-top-of-the-stove,episode_19,240,wrist,black_bowl,is_in_front_of,red_drawer
place-the-black-bowl-from-the-left-to-the-top-of-the-stove,episode_19,240,wrist,red_drawer,is_behind,black_bowl
place-the-black-bowl-from-the-left-to-the-top-of-the-stove,episode_19,270,wrist,black_bowl,is_on_top_of,black_stove
place-the-black-bowl-from-the-left-to-the-top-of-the-stove,episode_19,270,wrist,black_stove,is_below_of,black_bowl
place-the-black-bowl-from-the-left-to-the-top-of-the-stove,episode_19,300,wrist,black_bowl,is_on_top_of,black_stove
place-the-black-bowl-from-the-left-to-the-top-of-the-stove,episode_19,300,wrist,black_stove,is_below_of,black_bowl
place-the-black-bowl-from-the-left-to-the-top-of-the-stove,episode_19,330,wrist,black_bowl,is_on_top_of,black_stove
place-the-black-bowl-from-the-left-to-the-top-of-the-stove,episode_19,330,wrist,black_stove,is_below_of,black_bowl
place-the-black-bowl-from-the-left-to-the-top-of-the-stove,episode_19,360,wrist,black_bowl,is_on_top_of,black_stove
place-the-black-bowl-from-the-left-to-the-top-of-the-stove,episode_19,360,wrist,black_stove,is_below_of,black_bowl
place-the-black-bowl-from-the-left-to-the-top-of-the-stove,episode_19,390,wrist,black_bowl,is_on_top_of,black_stove
place-the-black-bowl-from-the-left-to-the-top-of-the-stove,episode_19,390,wrist,black_stove,is_below_of,black_bowl
place-the-black-bowl-from-the-left-to-the-top-of-the-stove,episode_19,390,wrist,black_bowl,is_left_of,white_plate
place-the-black-bowl-from-the-left-to-the-top-of-the-stove,episode_19,390,wrist,white_plate,is_right_of,black_bowl
place-the-black-bowl-from-the-left-to-the-top-of-the-stove,episode_19,390,wrist,black_stove,is_left_of,white_plate
place-the-black-bowl-from-the-left-to-the-top-of-the-stove,episode_19,390,wrist,white_plate,is_right_of,black_stove
place-the-black-bowl-from-the-left-to-the-top-of-the-stove,episode_19,420,wrist,black_bowl,is_on_top_of,black_stove
place-the-black-bowl-from-the-left-to-the-top-of-the-stove,episode_19,420,wrist,black_stove,is_below_of,black_bowl
place-the-black-bowl-from-the-left-to-the-top-of-the-stove,episode_19,420,wrist,black_bowl,is_left_of,white_plate
place-the-black-bowl-from-the-left-to-the-top-of-the-stove,episode_19,420,wrist,white_plate,is_right_of,black_bowl
place-the-black-bowl-from-the-left-to-the-top-of-the-stove,episode_19,420,wrist,black_stove,is_left_of,white_plate
place-the-black-bowl-from-the-left-to-the-top-of-the-stove,episode_19,420,wrist,white_plate,is_right_of,black_stove
place-the-black-bowl-from-the-left-to-the-top-of-the-stove,episode_20,0,wrist,cookie,is_on_top_of,black_stove
place-the-black-bowl-from-the-left-to-the-top-of-the-stove,episode_20,0,wrist,black_stove,is_below_of,cookie
place-the-black-bowl-from-the-left-to-the-top-of-the-stove,episode_20,30,wrist,cookie,is_on_top_of,black_stove
place-the-black-bowl-from-the-left-to-the-top-of-the-stove,episode_20,30,wrist,black_stove,is_below_of,cookie
place-the-black-bowl-from-the-left-to-the-top-of-the-stove,episode_20,60,wrist,cookie,is_on_top_of,black_stove
place-the-black-bowl-from-the-left-to-the-top-of-the-stove,episode_20,60,wrist,black_stove,is_below_of,cookie
place-the-black-bowl-from-the-left-to-the-top-of-the-stove,episode_20,90,wrist,cookie,is_on_top_of,black_stove
place-the-black-bowl-from-the-left-to-the-top-of-the-stove,episode_20,90,wrist,black_stove,is_below_of,cookie
place-the-black-bowl-from-the-left-to-the-top-of-the-stove,episode_20,120,wrist,black_bowl,is_behind,red_drawer
place-the-black-bowl-from-the-left-to-the-top-of-the-stove,episode_20,120,wrist,red_drawer,is_in_front_of,black_bowl
place-the-black-bowl-from-the-left-to-the-top-of-the-stove,episode_20,150,wrist,black_bowl,is_behind,red_drawer
place-the-black-bowl-from-the-left-to-the-top-of-the-stove,episode_20,150,wrist,red_drawer,is_in_front_of,black_bowl
place-the-black-bowl-from-the-left-to-the-top-of-the-stove,episode_20,180,wrist,black_bowl,is_in_front_of,black_stove
place-the-black-bowl-from-the-left-to-the-top-of-the-stove,episode_20,180,wrist,black_stove,is_behind,black_bowl
place-the-black-bowl-from-the-left-to-the-top-of-the-stove,episode_20,210,wrist,black_bowl,is_behind,red_drawer
place-the-black-bowl-from-the-left-to-the-top-of-the-stove,episode_20,210,wrist,red_drawer,is_in_front_of,black_bowl
place-the-black-bowl-from-the-left-to-the-top-of-the-stove,episode_20,240,wrist,black_bowl,is_in_front_of,black_stove
place-the-black-bowl-from-the-left-to-the-top-of-the-stove,episode_20,240,wrist,black_stove,is_behind,black_bowl
place-the-black-bowl-from-the-left-to-the-top-of-the-stove,episode_20,270,wrist,black_bowl,is_on_top_of,black_stove
place-the-black-bowl-from-the-left-to-the-top-of-the-stove,episode_20,270,wrist,black_stove,is_below_of,black_bowl
place-the-black-bowl-from-the-left-to-the-top-of-the-stove,episode_20,300,wrist,black_bowl,is_on_top_of,black_stove
place-the-black-bowl-from-the-left-to-the-top-of-the-stove,episode_20,300,wrist,black_stove,is_below_of,black_bowl
place-the-black-bowl-from-the-left-to-the-top-of-the-stove,episode_20,300,wrist,black_bowl,is_behind,cookie
place-the-black-bowl-from-the-left-to-the-top-of-the-stove,episode_20,300,wrist,cookie,is_in_front_of,black_bowl
place-the-black-bowl-from-the-left-to-the-top-of-the-stove,episode_20,300,wrist,black_stove,is_behind,cookie
place-the-black-bowl-from-the-left-to-the-top-of-the-stove,episode_20,300,wrist,cookie,is_in_front_of,black_stove
place-the-black-bowl-from-the-left-to-the-top-of-the-stove,episode_20,330,wrist,black_bowl,is_in_front_of,black_stove
place-the-black-bowl-from-the-left-to-the-top-of-the-stove,episode_20,330,wrist,black_stove,is_behind,black_bowl
place-the-black-bowl-from-the-left-to-the-top-of-the-stove,episode_20,360,wrist,black_bowl,is_on_top_of,black_stove
place-the-black-bowl-from-the-left-to-the-top-of-the-stove,episode_20,360,wrist,black_stove,is_below_of,black_bowl
place-the-black-bowl-from-the-left-to-the-top-of-the-stove,episode_20,390,wrist,black_bowl,is_on_top_of,black_stove
place-the-black-bowl-from-the-left-to-the-top-of-the-stove,episode_20,390,wrist,black_stove,is_below_of,black_bowl
place-the-black-bowl-from-the-left-to-the-top-of-the-stove,episode_21,0,wrist,white_plate,is_on_top_of,black_stove
place-the-black-bowl-from-the-left-to-the-top-of-the-stove,episode_21,0,wrist,black_stove,is_below_of,white_plate
place-the-black-bowl-from-the-left-to-the-top-of-the-stove,episode_21,30,wrist,black_stove,contains,white_plate
place-the-black-bowl-from-the-left-to-the-top-of-the-stove,episode_21,30,wrist,white_plate,is_inside,black_stove
place-the-black-bowl-from-the-left-to-the-top-of-the-stove,episode_21,60,wrist,white_plate,is_on_top_of,black_stove
place-the-black-bowl-from-the-left-to-the-top-of-the-stove,episode_21,60,wrist,black_stove,is_below_of,white_plate
place-the-black-bowl-from-the-left-to-the-top-of-the-stove,episode_21,90,wrist,black_bowl,is_on_top_of,black_stove
place-the-black-bowl-from-the-left-to-the-top-of-the-stove,episode_21,90,wrist,black_stove,is_below_of,black_bowl
place-the-black-bowl-from-the-left-to-the-top-of-the-stove,episode_21,90,wrist,black_bowl,is_left_of,white_plate
place-the-black-bowl-from-the-left-to-the-top-of-the-stove,episode_21,90,wrist,white_plate,is_right_of,black_bowl
place-the-black-bowl-from-the-left-to-the-top-of-the-stove,episode_21,90,wrist,black_stove,is_left_of,white_plate
place-the-black-bowl-from-the-left-to-the-top-of-the-stove,episode_21,90,wrist,white_plate,is_right_of,black_stove
place-the-black-bowl-from-the-left-to-the-top-of-the-stove,episode_21,120,wrist,black_bowl,is_on_top_of,black_stove
place-the-black-bowl-from-the-left-to-the-top-of-the-stove,episode_21,120,wrist,black_stove,is_below_of,black_bowl
place-the-black-bowl-from-the-left-to-the-top-of-the-stove,episode_21,150,wrist,red_drawer,is_behind,black_bowl
place-the-black-bowl-from-the-left-to-the-top-of-the-stove,episode_21,150,wrist,black_bowl,is_in_front_of,red_drawer
place-the-black-bowl-from-the-left-to-the-top-of-the-stove,episode_21,180,wrist,black_bowl,is_behind,red_drawer
place-the-black-bowl-from-the-left-to-the-top-of-the-stove,episode_21,180,wrist,red_drawer,is_in_front_of,black_bowl
place-the-black-bowl-from-the-left-to-the-top-of-the-stove,episode_21,210,wrist,black_bowl,is_behind,white_plate
place-the-black-bowl-from-the-left-to-the-top-of-the-stove,episode_21,210,wrist,white_plate,is_in_front_of,black_bowl
place-the-black-bowl-from-the-left-to-the-top-of-the-stove,episode_21,240,wrist,black_bowl,is_in_front_of,black_stove
place-the-black-bowl-from-the-left-to-the-top-of-the-stove,episode_21,240,wrist,black_stove,is_behind,black_bowl
place-the-black-bowl-from-the-left-to-the-top-of-the-stove,episode_21,270,wrist,black_bowl,is_on_top_of,black_stove
place-the-black-bowl-from-the-left-to-the-top-of-the-stove,episode_21,270,wrist,black_stove,is_below_of,black_bowl
place-the-black-bowl-from-the-left-to-the-top-of-the-stove,episode_21,300,wrist,black_bowl,is_on_top_of,black_stove
place-the-black-bowl-from-the-left-to-the-top-of-the-stove,episode_21,300,wrist,black_stove,is_below_of,black_bowl
place-the-black-bowl-from-the-left-to-the-top-of-the-stove,episode_21,330,wrist,black_bowl,is_on_top_of,black_stove
place-the-black-bowl-from-the-left-to-the-top-of-the-stove,episode_21,330,wrist,black_stove,is_below_of,black_bowl
place-the-black-bowl-from-the-left-to-the-top-of-the-stove,episode_21,360,wrist,black_bowl,is_on_top_of,black_stove
place-the-black-bowl-from-the-left-to-the-top-of-the-stove,episode_21,360,wrist,black_stove,is_below_of,black_bowl
place-the-black-bowl-from-the-left-to-the-top-of-the-stove,episode_21,390,wrist,black_stove,is_behind,white_plate
place-the-black-bowl-from-the-left-to-the-top-of-the-stove,episode_21,390,wrist,white_plate,is_in_front_of,black_stove
place-the-black-bowl-from-the-left-to-the-top-of-the-stove,episode_21,420,wrist,black_bowl,is_in_front_of,black_stove
place-the-black-bowl-from-the-left-to-the-top-of-the-stove,episode_21,420,wrist,black_stove,is_behind,black_bowl
place-the-black-bowl-from-the-left-to-the-top-of-the-stove,episode_21,450,wrist,black_stove,is_behind,white_plate
place-the-black-bowl-from-the-left-to-the-top-of-the-stove,episode_21,450,wrist,white_plate,is_in_front_of,black_stove
place-the-black-bowl-from-the-left-to-the-top-of-the-stove,episode_22,0,wrist,black_bowl,is_left_of,black_stove
place-the-black-bowl-from-the-left-to-the-top-of-the-stove,episode_22,0,wrist,black_stove,is_right_of,black_bowl
place-the-black-bowl-from-the-left-to-the-top-of-the-stove,episode_22,30,wrist,black_bowl,is_inside,red_drawer
place-the-black-bowl-from-the-left-to-the-top-of-the-stove,episode_22,30,wrist,red_drawer,contains,black_bowl
place-the-black-bowl-from-the-left-to-the-top-of-the-stove,episode_22,60,wrist,black_bowl,is_on_top_of,black_stove
place-the-black-bowl-from-the-left-to-the-top-of-the-stove,episode_22,60,wrist,black_stove,is_below_of,black_bowl
place-the-black-bowl-from-the-left-to-the-top-of-the-stove,episode_22,90,wrist,black_bowl,is_left_of,red_drawer
place-the-black-bowl-from-the-left-to-the-top-of-the-stove,episode_22,90,wrist,red_drawer,is_right_of,black_bowl
place-the-black-bowl-from-the-left-to-the-top-of-the-stove,episode_22,90,wrist,black_bowl,is_in_front_of,black_stove
place-the-black-bowl-from-the-left-to-the-top-of-the-stove,episode_22,90,wrist,black_stove,is_behind,black_bowl
place-the-black-bowl-from-the-left-to-the-top-of-the-stove,episode_22,90,wrist,red_drawer,is_behind,black_bowl
place-the-black-bowl-from-the-left-to-the-top-of-the-stove,episode_22,90,wrist,black_bowl,is_in_front_of,red_drawer
place-the-black-bowl-from-the-left-to-the-top-of-the-stove,episode_22,90,wrist,red_drawer,is_right_of,black_stove
place-the-black-bowl-from-the-left-to-the-top-of-the-stove,episode_22,90,wrist,black_stove,is_left_of,red_drawer
place-the-black-bowl-from-the-left-to-the-top-of-the-stove,episode_22,120,wrist,black_bowl,is_behind,red_drawer
place-the-black-bowl-from-the-left-to-the-top-of-the-stove,episode_22,120,wrist,red_drawer,is_in_front_of,black_bowl
place-the-black-bowl-from-the-left-to-the-top-of-the-stove,episode_22,150,wrist,black_bowl,is_behind,white_plate
place-the-black-bowl-from-the-left-to-the-top-of-the-stove,episode_22,150,wrist,white_plate,is_in_front_of,black_bowl
place-the-black-bowl-from-the-left-to-the-top-of-the-stove,episode_22,180,wrist,black_bowl,is_behind,red_drawer
place-the-black-bowl-from-the-left-to-the-top-of-the-stove,episode_22,180,wrist,red_drawer,is_in_front_of,black_bowl
place-the-black-bowl-from-the-left-to-the-top-of-the-stove,episode_22,210,wrist,black_bowl,is_in_front_of,red_drawer
place-the-black-bowl-from-the-left-to-the-top-of-the-stove,episode_22,210,wrist,red_drawer,is_behind,black_bowl
place-the-black-bowl-from-the-left-to-the-top-of-the-stove,episode_22,240,wrist,black_bowl,is_right_of,white_plate
place-the-black-bowl-from-the-left-to-the-top-of-the-stove,episode_22,240,wrist,white_plate,is_left_of,black_bowl
place-the-black-bowl-from-the-left-to-the-top-of-the-stove,episode_22,270,wrist,black_bowl,is_on_top_of,black_stove
place-the-black-bowl-from-the-left-to-the-top-of-the-stove,episode_22,270,wrist,black_stove,is_below_of,black_bowl
place-the-black-bowl-from-the-left-to-the-top-of-the-stove,episode_22,300,wrist,black_bowl,is_on_top_of,black_stove
place-the-black-bowl-from-the-left-to-the-top-of-the-stove,episode_22,300,wrist,black_stove,is_below_of,black_bowl
place-the-black-bowl-from-the-left-to-the-top-of-the-stove,episode_22,330,wrist,black_bowl,is_on_top_of,black_stove
place-the-black-bowl-from-the-left-to-the-top-of-the-stove,episode_22,330,wrist,black_stove,is_below_of,black_bowl
place-the-black-bowl-from-the-left-to-the-top-of-the-stove,episode_22,360,wrist,black_bowl,is_in_front_of,black_stove
place-the-black-bowl-from-the-left-to-the-top-of-the-stove,episode_22,360,wrist,black_stove,is_behind,black_bowl
place-the-black-bowl-from-the-left-to-the-top-of-the-stove,episode_22,390,wrist,black_bowl,is_on_top_of,black_stove
place-the-black-bowl-from-the-left-to-the-top-of-the-stove,episode_22,390,wrist,black_stove,is_below_of,black_bowl
place-the-black-bowl-from-the-left-to-the-top-of-the-stove,episode_23,0,wrist,cookie,is_inside,red_drawer
place-the-black-bowl-from-the-left-to-the-top-of-the-stove,episode_23,0,wrist,red_drawer,contains,cookie
place-the-black-bowl-from-the-left-to-the-top-of-the-stove,episode_23,30,wrist,cookie,is_inside,red_drawer
place-the-black-bowl-from-the-left-to-the-top-of-the-stove,episode_23,30,wrist,red_drawer,contains,cookie
place-the-black-bowl-from-the-left-to-the-top-of-the-stove,episode_23,60,wrist,cookie,is_inside,red_drawer
place-the-black-bowl-from-the-left-to-the-top-of-the-stove,episode_23,60,wrist,red_drawer,contains,cookie
place-the-black-bowl-from-the-left-to-the-top-of-the-stove,episode_23,90,wrist,cookie,is_in_front_of,white_plate
place-the-black-bowl-from-the-left-to-the-top-of-the-stove,episode_23,90,wrist,white_plate,is_behind,cookie
place-the-black-bowl-from-the-left-to-the-top-of-the-stove,episode_23,120,wrist,cookie,is_inside,red_drawer
place-the-black-bowl-from-the-left-to-the-top-of-the-stove,episode_23,120,wrist,red_drawer,contains,cookie
place-the-black-bowl-from-the-left-to-the-top-of-the-stove,episode_23,150,wrist,black_bowl,is_in_front_of,black_stove
place-the-black-bowl-from-the-left-to-the-top-of-the-stove,episode_23,150,wrist,black_stove,is_behind,black_bowl
place-the-black-bowl-from-the-left-to-the-top-of-the-stove,episode_23,180,wrist,black_bowl,is_behind,red_drawer
place-the-black-bowl-from-the-left-to-the-top-of-the-stove,episode_23,180,wrist,red_drawer,is_in_front_of,black_bowl
place-the-black-bowl-from-the-left-to-the-top-of-the-stove,episode_23,210,wrist,black_bowl,is_behind,white_plate
place-the-black-bowl-from-the-left-to-the-top-of-the-stove,episode_23,210,wrist,white_plate,is_in_front_of,black_bowl
place-the-black-bowl-from-the-left-to-the-top-of-the-stove,episode_23,240,wrist,black_bowl,is_behind,red_drawer
place-the-black-bowl-from-the-left-to-the-top-of-the-stove,episode_23,240,wrist,red_drawer,is_in_front_of,black_bowl
place-the-black-bowl-from-the-left-to-the-top-of-the-stove,episode_23,270,wrist,black_bowl,is_in_front_of,black_stove
place-the-black-bowl-from-the-left-to-the-top-of-the-stove,episode_23,270,wrist,black_stove,is_behind,black_bowl
place-the-black-bowl-from-the-left-to-the-top-of-the-stove,episode_23,300,wrist,black_bowl,is_on_top_of,black_stove
place-the-black-bowl-from-the-left-to-the-top-of-the-stove,episode_23,300,wrist,black_stove,is_below_of,black_bowl
place-the-black-bowl-from-the-left-to-the-top-of-the-stove,episode_23,330,wrist,black_bowl,is_on_top_of,black_stove
place-the-black-bowl-from-the-left-to-the-top-of-the-stove,episode_23,330,wrist,black_stove,is_below_of,black_bowl
place-the-black-bowl-from-the-left-to-the-top-of-the-stove,episode_23,360,wrist,cookie,is_on_top_of,black_stove
place-the-black-bowl-from-the-left-to-the-top-of-the-stove,episode_23,360,wrist,black_stove,is_below_of,cookie
place-the-black-bowl-from-the-left-to-the-top-of-the-stove,episode_23,390,wrist,cookie,is_in_front_of,black_stove
place-the-black-bowl-from-the-left-to-the-top-of-the-stove,episode_23,390,wrist,black_stove,is_behind,cookie
place-the-black-bowl-from-the-left-to-the-top-of-the-stove,episode_23,420,wrist,black_stove,is_behind,black_bowl
place-the-black-bowl-from-the-left-to-the-top-of-the-stove,episode_23,420,wrist,black_bowl,is_in_front_of,black_stove
place-the-black-bowl-from-the-left-to-the-top-of-the-stove,episode_24,0,wrist,black_stove,is_behind,black_bowl
place-the-black-bowl-from-the-left-to-the-top-of-the-stove,episode_24,0,wrist,black_bowl,is_in_front_of,black_stove
place-the-black-bowl-from-the-left-to-the-top-of-the-stove,episode_24,30,wrist,black_bowl,is_in_front_of,black_stove
place-the-black-bowl-from-the-left-to-the-top-of-the-stove,episode_24,30,wrist,black_stove,is_behind,black_bowl
place-the-black-bowl-from-the-left-to-the-top-of-the-stove,episode_24,60,wrist,black_bowl,is_on_top_of,black_stove
place-the-black-bowl-from-the-left-to-the-top-of-the-stove,episode_24,60,wrist,black_stove,is_below_of,black_bowl
place-the-black-bowl-from-the-left-to-the-top-of-the-stove,episode_24,90,wrist,black_bowl,is_on_top_of,black_stove
place-the-black-bowl-from-the-left-to-the-top-of-the-stove,episode_24,90,wrist,black_stove,is_below_of,black_bowl
place-the-black-bowl-from-the-left-to-the-top-of-the-stove,episode_24,120,wrist,red_drawer,is_right_of,black_stove
place-the-black-bowl-from-the-left-to-the-top-of-the-stove,episode_24,120,wrist,black_stove,is_left_of,red_drawer
place-the-black-bowl-from-the-left-to-the-top-of-the-stove,episode_24,150,wrist,black_bowl,is_behind,white_plate
place-the-black-bowl-from-the-left-to-the-top-of-the-stove,episode_24,150,wrist,white_plate,is_in_front_of,black_bowl
place-the-black-bowl-from-the-left-to-the-top-of-the-stove,episode_24,150,wrist,black_bowl,is_behind,black_stove
place-the-black-bowl-from-the-left-to-the-top-of-the-stove,episode_24,150,wrist,black_stove,is_in_front_of,black_bowl
place-the-black-bowl-from-the-left-to-the-top-of-the-stove,episode_24,150,wrist,white_plate,is_left_of,black_stove
place-the-black-bowl-from-the-left-to-the-top-of-the-stove,episode_24,150,wrist,black_stove,is_right_of,white_plate
place-the-black-bowl-from-the-left-to-the-top-of-the-stove,episode_24,180,wrist,black_bowl,is_on_top_of,black_stove
place-the-black-bowl-from-the-left-to-the-top-of-the-stove,episode_24,180,wrist,black_stove,is_below_of,black_bowl
place-the-black-bowl-from-the-left-to-the-top-of-the-stove,episode_24,210,wrist,black_bowl,is_behind,white_plate
place-the-black-bowl-from-the-left-to-the-top-of-the-stove,episode_24,210,wrist,white_plate,is_in_front_of,black_bowl
place-the-black-bowl-from-the-left-to-the-top-of-the-stove,episode_24,240,wrist,black_bowl,is_in_front_of,red_drawer
place-the-black-bowl-from-the-left-to-the-top-of-the-stove,episode_24,240,wrist,red_drawer,is_behind,black_bowl
place-the-black-bowl-from-the-left-to-the-top-of-the-stove,episode_24,270,wrist,black_bowl,is_on_top_of,black_stove
place-the-black-bowl-from-the-left-to-the-top-of-the-stove,episode_24,270,wrist,black_stove,is_below_of,black_bowl
place-the-black-bowl-from-the-left-to-the-top-of-the-stove,episode_24,300,wrist,black_bowl,is_on_top_of,black_stove
place-the-black-bowl-from-the-left-to-the-top-of-the-stove,episode_24,300,wrist,black_stove,is_below_of,black_bowl
place-the-black-bowl-from-the-left-to-the-top-of-the-stove,episode_24,330,wrist,black_bowl,is_on_top_of,black_stove
place-the-black-bowl-from-the-left-to-the-top-of-the-stove,episode_24,330,wrist,black_stove,is_below_of,black_bowl
place-the-black-bowl-from-the-left-to-the-top-of-the-stove,episode_24,360,wrist,black_bowl,is_on_top_of,black_stove
place-the-black-bowl-from-the-left-to-the-top-of-the-stove,episode_24,360,wrist,black_stove,is_below_of,black_bowl
place-the-black-bowl-from-the-left-to-the-top-of-the-stove,episode_24,390,wrist,black_bowl,is_on_top_of,black_stove
place-the-black-bowl-from-the-left-to-the-top-of-the-stove,episode_24,390,wrist,black_stove,is_below_of,black_bowl
place-the-black-bowl-from-the-left-to-the-top-of-the-stove,episode_24,420,wrist,black_bowl,is_on_top_of,black_stove
place-the-black-bowl-from-the-left-to-the-top-of-the-stove,episode_24,420,wrist,black_stove,is_below_of,black_bowl
place-the-black-bowl-from-the-left-to-the-top-of-the-stove,episode_25,0,wrist,black_bowl,is_on_top_of,black_stove
place-the-black-bowl-from-the-left-to-the-top-of-the-stove,episode_25,0,wrist,black_stove,is_below_of,black_bowl
place-the-black-bowl-from-the-left-to-the-top-of-the-stove,episode_25,30,wrist,black_bowl,is_on_top_of,black_stove
place-the-black-bowl-from-the-left-to-the-top-of-the-stove,episode_25,30,wrist,black_stove,is_below_of,black_bowl
place-the-black-bowl-from-the-left-to-the-top-of-the-stove,episode_25,60,wrist,black_bowl,is_on_top_of,black_stove
place-the-black-bowl-from-the-left-to-the-top-of-the-stove,episode_25,60,wrist,black_stove,is_below_of,black_bowl
place-the-black-bowl-from-the-left-to-the-top-of-the-stove,episode_25,90,wrist,black_bowl,is_in_front_of,red_drawer
place-the-black-bowl-from-the-left-to-the-top-of-the-stove,episode_25,90,wrist,red_drawer,is_behind,black_bowl
place-the-black-bowl-from-the-left-to-the-top-of-the-stove,episode_25,90,wrist,black_bowl,is_on_top_of,black_stove
place-the-black-bowl-from-the-left-to-the-top-of-the-stove,episode_25,90,wrist,black_stove,is_below_of,black_bowl
place-the-black-bowl-from-the-left-to-the-top-of-the-stove,episode_25,90,wrist,red_drawer,is_behind,black_stove
place-the-black-bowl-from-the-left-to-the-top-of-the-stove,episode_25,90,wrist,black_stove,is_in_front_of,red_drawer
place-the-black-bowl-from-the-left-to-the-top-of-the-stove,episode_25,120,wrist,cookie,is_behind,red_drawer
place-the-black-bowl-from-the-left-to-the-top-of-the-stove,episode_25,120,wrist,red_drawer,is_in_front_of,cookie
place-the-black-bowl-from-the-left-to-the-top-of-the-stove,episode_25,150,wrist,black_bowl,is_behind,cookie
place-the-black-bowl-from-the-left-to-the-top-of-the-stove,episode_25,150,wrist,black_bowl,is_behind,white_plate
place-the-black-bowl-from-the-left-to-the-top-of-the-stove,episode_25,150,wrist,cookie,is_in_front_of,black_bowl
place-the-black-bowl-from-the-left-to-the-top-of-the-stove,episode_25,150,wrist,cookie,is_on_top_of,white_plate
place-the-black-bowl-from-the-left-to-the-top-of-the-stove,episode_25,150,wrist,white_plate,is_in_front_of,black_bowl
place-the-black-bowl-from-the-left-to-the-top-of-the-stove,episode_25,150,wrist,white_plate,is_below_of,cookie
place-the-black-bowl-from-the-left-to-the-top-of-the-stove,episode_25,180,wrist,black_bowl,is_on_top_of,white_plate
place-the-black-bowl-from-the-left-to-the-top-of-the-stove,episode_25,180,wrist,white_plate,is_below_of,black_bowl
place-the-black-bowl-from-the-left-to-the-top-of-the-stove,episode_25,210,wrist,black_bowl,is_behind,red_drawer
place-the-black-bowl-from-the-left-to-the-top-of-the-stove,episode_25,210,wrist,red_drawer,is_in_front_of,black_bowl
place-the-black-bowl-from-the-left-to-the-top-of-the-stove,episode_25,240,wrist,black_bowl,is_behind,black_stove
place-the-black-bowl-from-the-left-to-the-top-of-the-stove,episode_25,240,wrist,black_stove,is_in_front_of,black_bowl
place-the-black-bowl-from-the-left-to-the-top-of-the-stove,episode_25,270,wrist,black_bowl,is_on_top_of,black_stove
place-the-black-bowl-from-the-left-to-the-top-of-the-stove,episode_25,270,wrist,black_stove,is_below_of,black_bowl
place-the-black-bowl-from-the-left-to-the-top-of-the-stove,episode_25,300,wrist,black_bowl,is_below_of,black_stove
place-the-black-bowl-from-the-left-to-the-top-of-the-stove,episode_25,300,wrist,black_stove,is_on_top_of,black_bowl
place-the-black-bowl-from-the-left-to-the-top-of-the-stove,episode_25,330,wrist,black_bowl,is_on_top_of,black_stove
place-the-black-bowl-from-the-left-to-the-top-of-the-stove,episode_25,330,wrist,black_stove,is_below_of,black_bowl
place-the-black-bowl-from-the-left-to-the-top-of-the-stove,episode_25,360,wrist,black_bowl,is_in_front_of,black_stove
place-the-black-bowl-from-the-left-to-the-top-of-the-stove,episode_25,360,wrist,black_stove,is_behind,black_bowl
place-the-black-bowl-from-the-left-to-the-top-of-the-stove,episode_25,390,wrist,black_bowl,is_in_front_of,black_stove
place-the-black-bowl-from-the-left-to-the-top-of-the-stove,episode_25,390,wrist,black_stove,is_behind,black_bowl
place-the-black-bowl-from-the-left-to-the-top-of-the-stove,episode_25,420,wrist,black_bowl,is_in_front_of,black_stove
place-the-black-bowl-from-the-left-to-the-top-of-the-stove,episode_25,420,wrist,black_stove,is_behind,black_bowl
place-the-black-bowl-from-the-left-to-the-top-of-the-stove,episode_26,0,wrist,black_bowl,is_on_top_of,black_stove
place-the-black-bowl-from-the-left-to-the-top-of-the-stove,episode_26,0,wrist,black_stove,is_below_of,black_bowl
place-the-black-bowl-from-the-left-to-the-top-of-the-stove,episode_26,30,wrist,black_bowl,is_in_front_of,black_stove
place-the-black-bowl-from-the-left-to-the-top-of-the-stove,episode_26,30,wrist,black_stove,is_behind,black_bowl
place-the-black-bowl-from-the-left-to-the-top-of-the-stove,episode_26,60,wrist,black_bowl,is_in_front_of,black_stove
place-the-black-bowl-from-the-left-to-the-top-of-the-stove,episode_26,60,wrist,black_stove,is_behind,black_bowl
place-the-black-bowl-from-the-left-to-the-top-of-the-stove,episode_26,90,wrist,black_bowl,is_in_front_of,black_stove
place-the-black-bowl-from-the-left-to-the-top-of-the-stove,episode_26,90,wrist,black_stove,is_behind,black_bowl
place-the-black-bowl-from-the-left-to-the-top-of-the-stove,episode_26,120,wrist,black_bowl,is_behind,red_drawer
place-the-black-bowl-from-the-left-to-the-top-of-the-stove,episode_26,120,wrist,red_drawer,is_in_front_of,black_bowl
place-the-black-bowl-from-the-left-to-the-top-of-the-stove,episode_26,210,wrist,black_bowl,is_in_front_of,red_drawer
place-the-black-bowl-from-the-left-to-the-top-of-the-stove,episode_26,210,wrist,red_drawer,is_behind,black_bowl
place-the-black-bowl-from-the-left-to-the-top-of-the-stove,episode_26,210,wrist,black_bowl,is_in_front_of,black_stove
place-the-black-bowl-from-the-left-to-the-top-of-the-stove,episode_26,210,wrist,black_stove,is_behind,black_bowl
place-the-black-bowl-from-the-left-to-the-top-of-the-stove,episode_26,210,wrist,red_drawer,is_right_of,black_stove
place-the-black-bowl-from-the-left-to-the-top-of-the-stove,episode_26,210,wrist,black_stove,is_left_of,red_drawer
place-the-black-bowl-from-the-left-to-the-top-of-the-stove,episode_26,240,wrist,black_bowl,is_in_front_of,black_stove
place-the-black-bowl-from-the-left-to-the-top-of-the-stove,episode_26,240,wrist,black_stove,is_behind,black_bowl
place-the-black-bowl-from-the-left-to-the-top-of-the-stove,episode_26,270,wrist,black_bowl,is_on_top_of,black_stove
place-the-black-bowl-from-the-left-to-the-top-of-the-stove,episode_26,270,wrist,black_stove,is_below_of,black_bowl
place-the-black-bowl-from-the-left-to-the-top-of-the-stove,episode_26,300,wrist,black_bowl,is_on_top_of,black_stove
place-the-black-bowl-from-the-left-to-the-top-of-the-stove,episode_26,300,wrist,black_stove,is_below_of,black_bowl
place-the-black-bowl-from-the-left-to-the-top-of-the-stove,episode_26,330,wrist,black_bowl,is_on_top_of,black_stove
place-the-black-bowl-from-the-left-to-the-top-of-the-stove,episode_26,330,wrist,black_stove,is_below_of,black_bowl
place-the-black-bowl-from-the-left-to-the-top-of-the-stove,episode_26,360,wrist,black_bowl,is_in_front_of,black_stove
place-the-black-bowl-from-the-left-to-the-top-of-the-stove,episode_26,360,wrist,black_stove,is_behind,black_bowl
place-the-black-bowl-from-the-left-to-the-top-of-the-stove,episode_26,390,wrist,black_bowl,is_in_front_of,red_drawer
place-the-black-bowl-from-the-left-to-the-top-of-the-stove,episode_26,390,wrist,red_drawer,is_behind,black_bowl
place-the-black-bowl-from-the-left-to-the-top-of-the-stove,episode_26,420,wrist,black_bowl,is_in_front_of,black_stove
place-the-black-bowl-from-the-left-to-the-top-of-the-stove,episode_26,420,wrist,black_stove,is_behind,black_bowl
place-the-black-bowl-from-the-left-to-the-top-of-the-stove,episode_27,0,wrist,black_stove,contains,cookie
place-the-black-bowl-from-the-left-to-the-top-of-the-stove,episode_27,0,wrist,cookie,is_inside,black_stove
place-the-black-bowl-from-the-left-to-the-top-of-the-stove,episode_27,30,wrist,cookie,is_on_top_of,black_stove
place-the-black-bowl-from-the-left-to-the-top-of-the-stove,episode_27,30,wrist,black_stove,is_below_of,cookie
place-the-black-bowl-from-the-left-to-the-top-of-the-stove,episode_27,90,wrist,black_stove,is_behind,cookie
place-the-black-bowl-from-the-left-to-the-top-of-the-stove,episode_27,90,wrist,cookie,is_in_front_of,black_stove
place-the-black-bowl-from-the-left-to-the-top-of-the-stove,episode_27,120,wrist,black_stove,contains,cookie
place-the-black-bowl-from-the-left-to-the-top-of-the-stove,episode_27,120,wrist,cookie,is_inside,black_stove
place-the-black-bowl-from-the-left-to-the-top-of-the-stove,episode_27,150,wrist,black_stove,is_behind,cookie
place-the-black-bowl-from-the-left-to-the-top-of-the-stove,episode_27,150,wrist,cookie,is_in_front_of,black_stove
place-the-black-bowl-from-the-left-to-the-top-of-the-stove,episode_27,180,wrist,black_stove,is_behind,cookie
place-the-black-bowl-from-the-left-to-the-top-of-the-stove,episode_27,180,wrist,cookie,is_in_front_of,black_stove
place-the-black-bowl-from-the-left-to-the-top-of-the-stove,episode_27,210,wrist,black_bowl,is_left_of,red_drawer
place-the-black-bowl-from-the-left-to-the-top-of-the-stove,episode_27,210,wrist,red_drawer,is_right_of,black_bowl
place-the-black-bowl-from-the-left-to-the-top-of-the-stove,episode_27,240,wrist,black_bowl,is_behind,red_drawer
place-the-black-bowl-from-the-left-to-the-top-of-the-stove,episode_27,240,wrist,red_drawer,is_in_front_of,black_bowl
place-the-black-bowl-from-the-left-to-the-top-of-the-stove,episode_27,270,wrist,black_bowl,is_behind,white_plate
place-the-black-bowl-from-the-left-to-the-top-of-the-stove,episode_27,270,wrist,white_plate,is_in_front_of,black_bowl
place-the-black-bowl-from-the-left-to-the-top-of-the-stove,episode_27,300,wrist,black_bowl,is_behind,red_drawer
place-the-black-bowl-from-the-left-to-the-top-of-the-stove,episode_27,300,wrist,red_drawer,is_in_front_of,black_bowl
place-the-black-bowl-from-the-left-to-the-top-of-the-stove,episode_27,330,wrist,black_bowl,is_on_top_of,black_stove
place-the-black-bowl-from-the-left-to-the-top-of-the-stove,episode_27,330,wrist,black_stove,is_below_of,black_bowl
place-the-black-bowl-from-the-left-to-the-top-of-the-stove,episode_27,360,wrist,black_bowl,is_right_of,black_stove
place-the-black-bowl-from-the-left-to-the-top-of-the-stove,episode_27,360,wrist,black_stove,is_left_of,black_bowl
place-the-black-bowl-from-the-left-to-the-top-of-the-stove,episode_27,390,wrist,black_bowl,is_on_top_of,black_stove
place-the-black-bowl-from-the-left-to-the-top-of-the-stove,episode_27,390,wrist,black_stove,is_below_of,black_bowl
place-the-black-bowl-from-the-left-to-the-top-of-the-stove,episode_27,420,wrist,black_bowl,is_on_top_of,black_stove
place-the-black-bowl-from-the-left-to-the-top-of-the-stove,episode_27,420,wrist,black_stove,is_below_of,black_bowl
place-the-black-bowl-from-the-left-to-the-top-of-the-stove,episode_27,450,wrist,black_bowl,is_behind,cookie
place-the-black-bowl-from-the-left-to-the-top-of-the-stove,episode_27,450,wrist,cookie,is_in_front_of,black_bowl
place-the-black-bowl-from-the-left-to-the-top-of-the-stove,episode_27,480,wrist,cookie,is_in_front_of,black_stove
place-the-black-bowl-from-the-left-to-the-top-of-the-stove,episode_27,480,wrist,black_stove,is_behind,cookie
place-the-black-bowl-from-the-left-to-the-top-of-the-stove,episode_27,510,wrist,cookie,is_on_top_of,black_stove
place-the-black-bowl-from-the-left-to-the-top-of-the-stove,episode_27,510,wrist,black_stove,is_below_of,cookie
place-the-black-bowl-from-the-left-to-the-top-of-the-stove,episode_28,0,wrist,cookie,is_left_of,white_plate
place-the-black-bowl-from-the-left-to-the-top-of-the-stove,episode_28,0,wrist,white_plate,is_right_of,cookie
place-the-black-bowl-from-the-left-to-the-top-of-the-stove,episode_28,30,wrist,cookie,is_in_front_of,white_plate
place-the-black-bowl-from-the-left-to-the-top-of-the-stove,episode_28,30,wrist,white_plate,is_behind,cookie
place-the-black-bowl-from-the-left-to-the-top-of-the-stove,episode_28,60,wrist,cookie,is_left_of,white_plate
place-the-black-bowl-from-the-left-to-the-top-of-the-stove,episode_28,60,wrist,white_plate,is_right_of,cookie
place-the-black-bowl-from-the-left-to-the-top-of-the-stove,episode_28,90,wrist,cookie,is_in_front_of,white_plate
place-the-black-bowl-from-the-left-to-the-top-of-the-stove,episode_28,90,wrist,white_plate,is_behind,cookie
place-the-black-bowl-from-the-left-to-the-top-of-the-stove,episode_28,120,wrist,cookie,is_in_front_of,white_plate
place-the-black-bowl-from-the-left-to-the-top-of-the-stove,episode_28,120,wrist,white_plate,is_behind,cookie
place-the-black-bowl-from-the-left-to-the-top-of-the-stove,episode_28,150,wrist,black_bowl,is_behind,red_drawer
place-the-black-bowl-from-the-left-to-the-top-of-the-stove,episode_28,150,wrist,black_bowl,is_behind,white_plate
place-the-black-bowl-from-the-left-to-the-top-of-the-stove,episode_28,150,wrist,red_drawer,is_in_front_of,black_bowl
place-the-black-bowl-from-the-left-to-the-top-of-the-stove,episode_28,150,wrist,red_drawer,is_right_of,white_plate
place-the-black-bowl-from-the-left-to-the-top-of-the-stove,episode_28,150,wrist,white_plate,is_in_front_of,black_bowl
place-the-black-bowl-from-the-left-to-the-top-of-the-stove,episode_28,150,wrist,white_plate,is_left_of,red_drawer
place-the-black-bowl-from-the-left-to-the-top-of-the-stove,episode_28,180,wrist,black_bowl,is_behind,red_drawer
place-the-black-bowl-from-the-left-to-the-top-of-the-stove,episode_28,180,wrist,red_drawer,is_in_front_of,black_bowl
place-the-black-bowl-from-the-left-to-the-top-of-the-stove,episode_28,210,wrist,black_bowl,is_behind,white_plate
place-the-black-bowl-from-the-left-to-the-top-of-the-stove,episode_28,210,wrist,white_plate,is_in_front_of,black_bowl
place-the-black-bowl-from-the-left-to-the-top-of-the-stove,episode_28,240,wrist,black_bowl,is_in_front_of,black_stove
place-the-black-bowl-from-the-left-to-the-top-of-the-stove,episode_28,240,wrist,black_stove,is_behind,black_bowl
place-the-black-bowl-from-the-left-to-the-top-of-the-stove,episode_28,270,wrist,black_bowl,is_behind,red_drawer
place-the-black-bowl-from-the-left-to-the-top-of-the-stove,episode_28,270,wrist,red_drawer,is_in_front_of,black_bowl
place-the-black-bowl-from-the-left-to-the-top-of-the-stove,episode_28,300,wrist,black_bowl,is_behind,red_drawer
place-the-black-bowl-from-the-left-to-the-top-of-the-stove,episode_28,300,wrist,red_drawer,is_in_front_of,black_bowl
place-the-black-bowl-from-the-left-to-the-top-of-the-stove,episode_28,300,wrist,black_bowl,is_in_front_of,black_stove
place-the-black-bowl-from-the-left-to-the-top-of-the-stove,episode_28,300,wrist,black_stove,is_behind,black_bowl
place-the-black-bowl-from-the-left-to-the-top-of-the-stove,episode_28,300,wrist,red_drawer,is_in_front_of,black_stove
place-the-black-bowl-from-the-left-to-the-top-of-the-stove,episode_28,300,wrist,black_stove,is_behind,red_drawer
place-the-black-bowl-from-the-left-to-the-top-of-the-stove,episode_28,330,wrist,black_bowl,is_on_top_of,black_stove
place-the-black-bowl-from-the-left-to-the-top-of-the-stove,episode_28,330,wrist,black_stove,is_below_of,black_bowl
place-the-black-bowl-from-the-left-to-the-top-of-the-stove,episode_28,360,wrist,black_bowl,is_right_of,red_drawer
place-the-black-bowl-from-the-left-to-the-top-of-the-stove,episode_28,360,wrist,black_bowl,is_right_of,cookie
place-the-black-bowl-from-the-left-to-the-top-of-the-stove,episode_28,360,wrist,black_bowl,is_in_front_of,black_stove
place-the-black-bowl-from-the-left-to-the-top-of-the-stove,episode_28,360,wrist,red_drawer,is_left_of,black_bowl
place-the-black-bowl-from-the-left-to-the-top-of-the-stove,episode_28,360,wrist,red_drawer,is_right_of,cookie
place-the-black-bowl-from-the-left-to-the-top-of-the-stove,episode_28,360,wrist,red_drawer,is_in_front_of,black_stove
place-the-black-bowl-from-the-left-to-the-top-of-the-stove,episode_28,360,wrist,black_stove,is_behind,black_bowl
place-the-black-bowl-from-the-left-to-the-top-of-the-stove,episode_28,360,wrist,black_stove,is_behind,red_drawer
place-the-black-bowl-from-the-left-to-the-top-of-the-stove,episode_28,360,wrist,black_stove,is_behind,cookie
place-the-black-bowl-from-the-left-to-the-top-of-the-stove,episode_28,360,wrist,cookie,is_left_of,black_bowl
place-the-black-bowl-from-the-left-to-the-top-of-the-stove,episode_28,360,wrist,cookie,is_left_of,red_drawer
place-the-black-bowl-from-the-left-to-the-top-of-the-stove,episode_28,360,wrist,cookie,is_in_front_of,black_stove
place-the-black-bowl-from-the-left-to-the-top-of-the-stove,episode_28,390,wrist,cookie,is_left_of,white_plate
place-the-black-bowl-from-the-left-to-the-top-of-the-stove,episode_28,390,wrist,cookie,is_in_front_of,red_drawer
place-the-black-bowl-from-the-left-to-the-top-of-the-stove,episode_28,390,wrist,white_plate,is_right_of,cookie
place-the-black-bowl-from-the-left-to-the-top-of-the-stove,episode_28,390,wrist,white_plate,is_in_front_of,red_drawer
place-the-black-bowl-from-the-left-to-the-top-of-the-stove,episode_28,390,wrist,red_drawer,is_behind,cookie
place-the-black-bowl-from-the-left-to-the-top-of-the-stove,episode_28,390,wrist,red_drawer,is_behind,white_plate
place-the-black-bowl-from-the-left-to-the-top-of-the-stove,episode_28,420,wrist,cookie,is_in_front_of,white_plate
place-the-black-bowl-from-the-left-to-the-top-of-the-stove,episode_28,420,wrist,white_plate,is_behind,cookie
place-the-black-bowl-from-the-left-to-the-top-of-the-stove,episode_28,450,wrist,cookie,is_in_front_of,white_plate
place-the-black-bowl-from-the-left-to-the-top-of-the-stove,episode_28,450,wrist,white_plate,is_behind,cookie
place-the-black-bowl-from-the-left-to-the-top-of-the-stove,episode_28,480,wrist,cookie,is_in_front_of,white_plate
place-the-black-bowl-from-the-left-to-the-top-of-the-stove,episode_28,480,wrist,white_plate,is_behind,cookie
place-the-black-bowl-from-the-left-to-the-top-of-the-stove,episode_29,0,wrist,cookie,is_behind,white_plate
place-the-black-bowl-from-the-left-to-the-top-of-the-stove,episode_29,0,wrist,white_plate,is_in_front_of,cookie
place-the-black-bowl-from-the-left-to-the-top-of-the-stove,episode_29,30,wrist,cookie,is_on_top_of,white_plate
place-the-black-bowl-from-the-left-to-the-top-of-the-stove,episode_29,30,wrist,white_plate,is_below_of,cookie
place-the-black-bowl-from-the-left-to-the-top-of-the-stove,episode_29,60,wrist,cookie,is_behind,red_drawer
place-the-black-bowl-from-the-left-to-the-top-of-the-stove,episode_29,60,wrist,red_drawer,is_in_front_of,cookie
place-the-black-bowl-from-the-left-to-the-top-of-the-stove,episode_29,90,wrist,black_bowl,is_behind,red_drawer
place-the-black-bowl-from-the-left-to-the-top-of-the-stove,episode_29,90,wrist,red_drawer,is_in_front_of,black_bowl
place-the-black-bowl-from-the-left-to-the-top-of-the-stove,episode_29,90,wrist,black_bowl,is_behind,cookie
place-the-black-bowl-from-the-left-to-the-top-of-the-stove,episode_29,90,wrist,cookie,is_in_front_of,black_bowl
place-the-black-bowl-from-the-left-to-the-top-of-the-stove,episode_29,90,wrist,red_drawer,is_right_of,cookie
place-the-black-bowl-from-the-left-to-the-top-of-the-stove,episode_29,90,wrist,cookie,is_left_of,red_drawer
place-the-black-bowl-from-the-left-to-the-top-of-the-stove,episode_29,120,wrist,black_bowl,is_behind,red_drawer
place-the-black-bowl-from-the-left-to-the-top-of-the-stove,episode_29,120,wrist,red_drawer,is_in_front_of,black_bowl
place-the-black-bowl-from-the-left-to-the-top-of-the-stove,episode_29,150,wrist,black_bowl,is_behind,red_drawer
place-the-black-bowl-from-the-left-to-the-top-of-the-stove,episode_29,150,wrist,red_drawer,is_in_front_of,black_bowl
place-the-black-bowl-from-the-left-to-the-top-of-the-stove,episode_29,180,wrist,black_bowl,is_in_front_of,black_stove
place-the-black-bowl-from-the-left-to-the-top-of-the-stove,episode_29,180,wrist,black_stove,is_behind,black_bowl
place-the-black-bowl-from-the-left-to-the-top-of-the-stove,episode_29,180,wrist,black_bowl,is_behind,red_drawer
place-the-black-bowl-from-the-left-to-the-top-of-the-stove,episode_29,180,wrist,red_drawer,is_in_front_of,black_bowl
place-the-black-bowl-from-the-left-to-the-top-of-the-stove,episode_29,180,wrist,black_stove,is_behind,red_drawer
place-the-black-bowl-from-the-left-to-the-top-of-the-stove,episode_29,180,wrist,red_drawer,is_in_front_of,black_stove
place-the-black-bowl-from-the-left-to-the-top-of-the-stove,episode_29,210,wrist,black_bowl,is_on_top_of,black_stove
place-the-black-bowl-from-the-left-to-the-top-of-the-stove,episode_29,210,wrist,black_stove,is_below_of,black_bowl
place-the-black-bowl-from-the-left-to-the-top-of-the-stove,episode_29,240,wrist,cookie,is_left_of,red_drawer
place-the-black-bowl-from-the-left-to-the-top-of-the-stove,episode_29,240,wrist,red_drawer,is_right_of,cookie
place-the-black-bowl-from-the-left-to-the-top-of-the-stove,episode_29,270,wrist,cookie,is_left_of,white_plate
place-the-black-bowl-from-the-left-to-the-top-of-the-stove,episode_29,270,wrist,white_plate,is_right_of,cookie
place-the-black-bowl-from-the-left-to-the-top-of-the-stove,episode_29,300,wrist,cookie,is_behind,white_plate
place-the-black-bowl-from-the-left-to-the-top-of-the-stove,episode_29,300,wrist,white_plate,is_in_front_of,cookie
place-the-black-bowl-from-the-left-to-the-top-of-the-stove,episode_30,0,wrist,cookie,is_in_front_of,white_plate
place-the-black-bowl-from-the-left-to-the-top-of-the-stove,episode_30,0,wrist,white_plate,is_behind,cookie
place-the-black-bowl-from-the-left-to-the-top-of-the-stove,episode_30,30,wrist,cookie,is_in_front_of,white_plate
place-the-black-bowl-from-the-left-to-the-top-of-the-stove,episode_30,30,wrist,white_plate,is_behind,cookie
place-the-black-bowl-from-the-left-to-the-top-of-the-stove,episode_30,60,wrist,cookie,is_in_front_of,white_plate
place-the-black-bowl-from-the-left-to-the-top-of-the-stove,episode_30,60,wrist,white_plate,is_behind,cookie
place-the-black-bowl-from-the-left-to-the-top-of-the-stove,episode_30,90,wrist,red_drawer,is_behind,white_plate
place-the-black-bowl-from-the-left-to-the-top-of-the-stove,episode_30,90,wrist,red_drawer,is_behind,cookie
place-the-black-bowl-from-the-left-to-the-top-of-the-stove,episode_30,90,wrist,white_plate,is_in_front_of,red_drawer
place-the-black-bowl-from-the-left-to-the-top-of-the-stove,episode_30,90,wrist,white_plate,is_right_of,cookie
place-the-black-bowl-from-the-left-to-the-top-of-the-stove,episode_30,90,wrist,cookie,is_in_front_of,red_drawer
place-the-black-bowl-from-the-left-to-the-top-of-the-stove,episode_30,90,wrist,cookie,is_left_of,white_plate
place-the-black-bowl-from-the-left-to-the-top-of-the-stove,episode_30,120,wrist,black_bowl,is_behind,red_drawer
place-the-black-bowl-from-the-left-to-the-top-of-the-stove,episode_30,120,wrist,red_drawer,is_in_front_of,black_bowl
place-the-black-bowl-from-the-left-to-the-top-of-the-stove,episode_30,150,wrist,black_bowl,is_in_front_of,red_drawer
place-the-black-bowl-from-the-left-to-the-top-of-the-stove,episode_30,150,wrist,red_drawer,is_behind,black_bowl
place-the-black-bowl-from-the-left-to-the-top-of-the-stove,episode_30,180,wrist,black_bowl,is_behind,red_drawer
place-the-black-bowl-from-the-left-to-the-top-of-the-stove,episode_30,180,wrist,red_drawer,is_in_front_of,black_bowl
place-the-black-bowl-from-the-left-to-the-top-of-the-stove,episode_30,210,wrist,black_bowl,is_in_front_of,black_stove
place-the-black-bowl-from-the-left-to-the-top-of-the-stove,episode_30,210,wrist,black_stove,is_behind,black_bowl
place-the-black-bowl-from-the-left-to-the-top-of-the-stove,episode_30,210,wrist,black_bowl,is_right_of,red_drawer
place-the-black-bowl-from-the-left-to-the-top-of-the-stove,episode_30,210,wrist,red_drawer,is_left_of,black_bowl
place-the-black-bowl-from-the-left-to-the-top-of-the-stove,episode_30,210,wrist,red_drawer,is_in_front_of,black_stove
place-the-black-bowl-from-the-left-to-the-top-of-the-stove,episode_30,210,wrist,black_stove,is_behind,red_drawer
place-the-black-bowl-from-the-left-to-the-top-of-the-stove,episode_30,240,wrist,black_bowl,is_on_top_of,black_stove
place-the-black-bowl-from-the-left-to-the-top-of-the-stove,episode_30,240,wrist,black_stove,is_below_of,black_bowl
place-the-black-bowl-from-the-left-to-the-top-of-the-stove,episode_30,270,wrist,black_bowl,is_right_of,red_drawer
place-the-black-bowl-from-the-left-to-the-top-of-the-stove,episode_30,270,wrist,red_drawer,is_left_of,black_bowl
place-the-black-bowl-from-the-left-to-the-top-of-the-stove,episode_30,300,wrist,red_drawer,is_behind,white_plate
place-the-black-bowl-from-the-left-to-the-top-of-the-stove,episode_30,300,wrist,white_plate,is_in_front_of,red_drawer
place-the-black-bowl-from-the-left-to-the-top-of-the-stove,episode_30,330,wrist,white_plate,is_behind,cookie
place-the-black-bowl-from-the-left-to-the-top-of-the-stove,episode_30,330,wrist,cookie,is_in_front_of,white_plate
place-the-black-bowl-from-the-left-to-the-top-of-the-stove,episode_30,360,wrist,white_plate,is_behind,cookie
place-the-black-bowl-from-the-left-to-the-top-of-the-stove,episode_30,360,wrist,cookie,is_in_front_of,white_plate
place-the-black-bowl-from-the-left-to-the-top-of-the-stove,episode_31,60,wrist,red_drawer,is_behind,white_plate
place-the-black-bowl-from-the-left-to-the-top-of-the-stove,episode_31,60,wrist,white_plate,is_in_front_of,red_drawer
place-the-black-bowl-from-the-left-to-the-top-of-the-stove,episode_31,90,wrist,black_bowl,is_behind,red_drawer
place-the-black-bowl-from-the-left-to-the-top-of-the-stove,episode_31,90,wrist,red_drawer,is_in_front_of,black_bowl
place-the-black-bowl-from-the-left-to-the-top-of-the-stove,episode_31,120,wrist,black_bowl,is_behind,red_drawer
place-the-black-bowl-from-the-left-to-the-top-of-the-stove,episode_31,120,wrist,red_drawer,is_in_front_of,black_bowl
place-the-black-bowl-from-the-left-to-the-top-of-the-stove,episode_31,150,wrist,black_bowl,is_behind,white_plate
place-the-black-bowl-from-the-left-to-the-top-of-the-stove,episode_31,150,wrist,white_plate,is_in_front_of,black_bowl
place-the-black-bowl-from-the-left-to-the-top-of-the-stove,episode_31,180,wrist,black_bowl,is_in_front_of,red_drawer
place-the-black-bowl-from-the-left-to-the-top-of-the-stove,episode_31,180,wrist,red_drawer,is_behind,black_bowl
place-the-black-bowl-from-the-left-to-the-top-of-the-stove,episode_31,210,wrist,black_bowl,is_behind,red_drawer
place-the-black-bowl-from-the-left-to-the-top-of-the-stove,episode_31,210,wrist,red_drawer,is_in_front_of,black_bowl
place-the-black-bowl-from-the-left-to-the-top-of-the-stove,episode_31,240,wrist,black_bowl,is_on_top_of,black_stove
place-the-black-bowl-from-the-left-to-the-top-of-the-stove,episode_31,240,wrist,black_stove,is_below_of,black_bowl
place-the-black-bowl-from-the-left-to-the-top-of-the-stove,episode_31,270,wrist,black_bowl,is_on_top_of,black_stove
place-the-black-bowl-from-the-left-to-the-top-of-the-stove,episode_31,270,wrist,black_stove,is_below_of,black_bowl
place-the-black-bowl-from-the-left-to-the-top-of-the-stove,episode_31,300,wrist,red_drawer,is_behind,black_bowl
place-the-black-bowl-from-the-left-to-the-top-of-the-stove,episode_31,300,wrist,black_bowl,is_in_front_of,red_drawer
place-the-black-bowl-from-the-left-to-the-top-of-the-stove,episode_31,330,wrist,red_drawer,is_behind,black_bowl
place-the-black-bowl-from-the-left-to-the-top-of-the-stove,episode_31,330,wrist,black_bowl,is_in_front_of,red_drawer
place-the-black-bowl-from-the-left-to-the-top-of-the-stove,episode_32,0,wrist,black_bowl,is_behind,cookie
place-the-black-bowl-from-the-left-to-the-top-of-the-stove,episode_32,0,wrist,cookie,is_in_front_of,black_bowl
place-the-black-bowl-from-the-left-to-the-top-of-the-stove,episode_32,30,wrist,black_bowl,is_behind,cookie
place-the-black-bowl-from-the-left-to-the-top-of-the-stove,episode_32,30,wrist,cookie,is_in_front_of,black_bowl
place-the-black-bowl-from-the-left-to-the-top-of-the-stove,episode_32,60,wrist,black_bowl,is_behind,cookie
place-the-black-bowl-from-the-left-to-the-top-of-the-stove,episode_32,60,wrist,cookie,is_in_front_of,black_bowl
place-the-black-bowl-from-the-left-to-the-top-of-the-stove,episode_32,90,wrist,black_bowl,is_left_of,cookie
place-the-black-bowl-from-the-left-to-the-top-of-the-stove,episode_32,90,wrist,cookie,is_right_of,black_bowl
place-the-black-bowl-from-the-left-to-the-top-of-the-stove,episode_32,120,wrist,black_bowl,is_left_of,red_drawer
place-the-black-bowl-from-the-left-to-the-top-of-the-stove,episode_32,120,wrist,black_bowl,is_left_of,cookie
place-the-black-bowl-from-the-left-to-the-top-of-the-stove,episode_32,120,wrist,red_drawer,is_right_of,black_bowl
place-the-black-bowl-from-the-left-to-the-top-of-the-stove,episode_32,120,wrist,red_drawer,is_behind,cookie
place-the-black-bowl-from-the-left-to-the-top-of-the-stove,episode_32,120,wrist,cookie,is_right_of,black_bowl
place-the-black-bowl-from-the-left-to-the-top-of-the-stove,episode_32,120,wrist,cookie,is_in_front_of,red_drawer
place-the-black-bowl-from-the-left-to-the-top-of-the-stove,episode_32,150,wrist,black_bowl,is_behind,red_drawer
place-the-black-bowl-from-the-left-to-the-top-of-the-stove,episode_32,150,wrist,red_drawer,is_in_front_of,black_bowl
place-the-black-bowl-from-the-left-to-the-top-of-the-stove,episode_32,180,wrist,black_bowl,is_behind,red_drawer
place-the-black-bowl-from-the-left-to-the-top-of-the-stove,episode_32,180,wrist,red_drawer,is_in_front_of,black_bowl
place-the-black-bowl-from-the-left-to-the-top-of-the-stove,episode_32,210,wrist,black_bowl,is_on_top_of,red_drawer
place-the-black-bowl-from-the-left-to-the-top-of-the-stove,episode_32,210,wrist,red_drawer,is_below_of,black_bowl
place-the-black-bowl-from-the-left-to-the-top-of-the-stove,episode_32,240,wrist,black_bowl,is_behind,red_drawer
place-the-black-bowl-from-the-left-to-the-top-of-the-stove,episode_32,240,wrist,red_drawer,is_in_front_of,black_bowl
place-the-black-bowl-from-the-left-to-the-top-of-the-stove,episode_32,270,wrist,black_bowl,is_in_front_of,black_stove
place-the-black-bowl-from-the-left-to-the-top-of-the-stove,episode_32,270,wrist,black_stove,is_behind,black_bowl
place-the-black-bowl-from-the-left-to-the-top-of-the-stove,episode_32,270,wrist,black_bowl,is_right_of,red_drawer
place-the-black-bowl-from-the-left-to-the-top-of-the-stove,episode_32,270,wrist,red_drawer,is_left_of,black_bowl
place-the-black-bowl-from-the-left-to-the-top-of-the-stove,episode_32,270,wrist,black_stove,is_behind,red_drawer
place-the-black-bowl-from-the-left-to-the-top-of-the-stove,episode_32,270,wrist,red_drawer,is_in_front_of,black_stove
place-the-black-bowl-from-the-left-to-the-top-of-the-stove,episode_32,300,wrist,black_bowl,is_on_top_of,black_stove
place-the-black-bowl-from-the-left-to-the-top-of-the-stove,episode_32,300,wrist,black_stove,is_below_of,black_bowl
place-the-black-bowl-from-the-left-to-the-top-of-the-stove,episode_32,330,wrist,black_bowl,is_behind,white_plate
place-the-black-bowl-from-the-left-to-the-top-of-the-stove,episode_32,330,wrist,white_plate,is_in_front_of,black_bowl
place-the-black-bowl-from-the-left-to-the-top-of-the-stove,episode_32,330,wrist,black_bowl,is_on_top_of,black_stove
place-the-black-bowl-from-the-left-to-the-top-of-the-stove,episode_32,330,wrist,black_stove,is_below_of,black_bowl
place-the-black-bowl-from-the-left-to-the-top-of-the-stove,episode_32,330,wrist,white_plate,is_on_top_of,black_stove
place-the-black-bowl-from-the-left-to-the-top-of-the-stove,episode_32,330,wrist,black_stove,is_below_of,white_plate
place-the-black-bowl-from-the-left-to-the-top-of-the-stove,episode_32,360,wrist,black_bowl,is_in_front_of,red_drawer
place-the-black-bowl-from-the-left-to-the-top-of-the-stove,episode_32,360,wrist,red_drawer,is_behind,black_bowl
place-the-black-bowl-from-the-left-to-the-top-of-the-stove,episode_32,390,wrist,black_bowl,is_left_of,cookie
place-the-black-bowl-from-the-left-to-the-top-of-the-stove,episode_32,390,wrist,cookie,is_right_of,black_bowl
place-the-black-bowl-from-the-left-to-the-top-of-the-stove,episode_32,420,wrist,black_bowl,is_behind,cookie
place-the-black-bowl-from-the-left-to-the-top-of-the-stove,episode_32,420,wrist,cookie,is_in_front_of,black_bowl
place-the-black-bowl-from-the-left-to-the-top-of-the-stove,episode_33,0,wrist,black_bowl,is_behind,cookie
place-the-black-bowl-from-the-left-to-the-top-of-the-stove,episode_33,0,wrist,cookie,is_in_front_of,black_bowl
place-the-black-bowl-from-the-left-to-the-top-of-the-stove,episode_33,30,wrist,black_bowl,is_behind,cookie
place-the-black-bowl-from-the-left-to-the-top-of-the-stove,episode_33,30,wrist,cookie,is_in_front_of,black_bowl
place-the-black-bowl-from-the-left-to-the-top-of-the-stove,episode_33,60,wrist,black_bowl,is_behind,cookie
place-the-black-bowl-from-the-left-to-the-top-of-the-stove,episode_33,60,wrist,cookie,is_in_front_of,black_bowl
place-the-black-bowl-from-the-left-to-the-top-of-the-stove,episode_33,90,wrist,black_bowl,is_behind,white_plate
place-the-black-bowl-from-the-left-to-the-top-of-the-stove,episode_33,90,wrist,white_plate,is_in_front_of,black_bowl
place-the-black-bowl-from-the-left-to-the-top-of-the-stove,episode_33,120,wrist,red_drawer,is_right_of,black_bowl
place-the-black-bowl-from-the-left-to-the-top-of-the-stove,episode_33,120,wrist,black_bowl,is_left_of,red_drawer
place-the-black-bowl-from-the-left-to-the-top-of-the-stove,episode_33,150,wrist,black_bowl,is_behind,red_drawer
place-the-black-bowl-from-the-left-to-the-top-of-the-stove,episode_33,150,wrist,red_drawer,is_in_front_of,black_bowl
place-the-black-bowl-from-the-left-to-the-top-of-the-stove,episode_33,180,wrist,black_bowl,is_on_top_of,red_drawer
place-the-black-bowl-from-the-left-to-the-top-of-the-stove,episode_33,180,wrist,red_drawer,is_below_of,black_bowl
place-the-black-bowl-from-the-left-to-the-top-of-the-stove,episode_33,210,wrist,black_bowl,is_on_top_of,red_drawer
place-the-black-bowl-from-the-left-to-the-top-of-the-stove,episode_33,210,wrist,red_drawer,is_below_of,black_bowl
place-the-black-bowl-from-the-left-to-the-top-of-the-stove,episode_33,240,wrist,black_bowl,is_in_front_of,black_stove
place-the-black-bowl-from-the-left-to-the-top-of-the-stove,episode_33,240,wrist,black_stove,is_behind,black_bowl
place-the-black-bowl-from-the-left-to-the-top-of-the-stove,episode_33,240,wrist,black_bowl,is_right_of,red_drawer
place-the-black-bowl-from-the-left-to-the-top-of-the-stove,episode_33,240,wrist,red_drawer,is_left_of,black_bowl
place-the-black-bowl-from-the-left-to-the-top-of-the-stove,episode_33,240,wrist,red_drawer,is_in_front_of,black_stove
place-the-black-bowl-from-the-left-to-the-top-of-the-stove,episode_33,240,wrist,black_stove,is_behind,red_drawer
place-the-black-bowl-from-the-left-to-the-top-of-the-stove,episode_33,270,wrist,black_bowl,is_on_top_of,black_stove
place-the-black-bowl-from-the-left-to-the-top-of-the-stove,episode_33,270,wrist,black_stove,is_below_of,black_bowl
place-the-black-bowl-from-the-left-to-the-top-of-the-stove,episode_33,300,wrist,black_bowl,is_on_top_of,black_stove
place-the-black-bowl-from-the-left-to-the-top-of-the-stove,episode_33,300,wrist,black_stove,is_below_of,black_bowl
place-the-black-bowl-from-the-left-to-the-top-of-the-stove,episode_33,330,wrist,black_bowl,is_on_top_of,black_stove
place-the-black-bowl-from-the-left-to-the-top-of-the-stove,episode_33,330,wrist,black_stove,is_below_of,black_bowl
place-the-black-bowl-from-the-left-to-the-top-of-the-stove,episode_33,360,wrist,black_bowl,is_left_of,red_drawer
place-the-black-bowl-from-the-left-to-the-top-of-the-stove,episode_33,360,wrist,red_drawer,is_right_of,black_bowl
place-the-black-bowl-from-the-left-to-the-top-of-the-stove,episode_33,390,wrist,black_bowl,is_left_of,red_drawer
place-the-black-bowl-from-the-left-to-the-top-of-the-stove,episode_33,390,wrist,red_drawer,is_right_of,black_bowl
place-the-black-bowl-from-the-left-to-the-top-of-the-stove,episode_33,390,wrist,black_bowl,is_left_of,cookie
place-the-black-bowl-from-the-left-to-the-top-of-the-stove,episode_33,390,wrist,cookie,is_right_of,black_bowl
place-the-black-bowl-from-the-left-to-the-top-of-the-stove,episode_33,390,wrist,red_drawer,is_behind,cookie
place-the-black-bowl-from-the-left-to-the-top-of-the-stove,episode_33,390,wrist,cookie,is_in_front_of,red_drawer
place-the-black-bowl-from-the-left-to-the-top-of-the-stove,episode_33,420,wrist,black_bowl,is_behind,white_plate
place-the-black-bowl-from-the-left-to-the-top-of-the-stove,episode_33,420,wrist,white_plate,is_in_front_of,black_bowl
place-the-black-bowl-from-the-left-to-the-top-of-the-stove,episode_34,90,wrist,red_drawer,is_behind,black_bowl
place-the-black-bowl-from-the-left-to-the-top-of-the-stove,episode_34,90,wrist,black_bowl,is_in_front_of,red_drawer
place-the-black-bowl-from-the-left-to-the-top-of-the-stove,episode_34,120,wrist,black_bowl,is_behind,red_drawer
place-the-black-bowl-from-the-left-to-the-top-of-the-stove,episode_34,120,wrist,red_drawer,is_in_front_of,black_bowl
place-the-black-bowl-from-the-left-to-the-top-of-the-stove,episode_34,150,wrist,black_bowl,is_on_top_of,red_drawer
place-the-black-bowl-from-the-left-to-the-top-of-the-stove,episode_34,150,wrist,red_drawer,is_below_of,black_bowl
place-the-black-bowl-from-the-left-to-the-top-of-the-stove,episode_34,180,wrist,black_bowl,is_behind,red_drawer
place-the-black-bowl-from-the-left-to-the-top-of-the-stove,episode_34,180,wrist,red_drawer,is_in_front_of,black_bowl
place-the-black-bowl-from-the-left-to-the-top-of-the-stove,episode_34,210,wrist,black_bowl,is_in_front_of,black_stove
place-the-black-bowl-from-the-left-to-the-top-of-the-stove,episode_34,210,wrist,black_stove,is_behind,black_bowl
place-the-black-bowl-from-the-left-to-the-top-of-the-stove,episode_34,240,wrist,black_bowl,is_on_top_of,black_stove
place-the-black-bowl-from-the-left-to-the-top-of-the-stove,episode_34,240,wrist,black_stove,is_below_of,black_bowl
place-the-black-bowl-from-the-left-to-the-top-of-the-stove,episode_34,270,wrist,black_bowl,is_on_top_of,black_stove
place-the-black-bowl-from-the-left-to-the-top-of-the-stove,episode_34,270,wrist,black_stove,is_below_of,black_bowl
place-the-black-bowl-from-the-left-to-the-top-of-the-stove,episode_34,300,wrist,red_drawer,is_behind,black_bowl
place-the-black-bowl-from-the-left-to-the-top-of-the-stove,episode_34,300,wrist,black_bowl,is_in_front_of,red_drawer
place-the-black-bowl-from-the-left-to-the-top-of-the-stove,episode_35,90,wrist,red_drawer,is_behind,black_bowl
place-the-black-bowl-from-the-left-to-the-top-of-the-stove,episode_35,90,wrist,black_bowl,is_in_front_of,red_drawer
place-the-black-bowl-from-the-left-to-the-top-of-the-stove,episode_35,120,wrist,black_bowl,is_behind,red_drawer
place-the-black-bowl-from-the-left-to-the-top-of-the-stove,episode_35,120,wrist,red_drawer,is_in_front_of,black_bowl
place-the-black-bowl-from-the-left-to-the-top-of-the-stove,episode_35,150,wrist,black_bowl,is_on_top_of,black_stove
place-the-black-bowl-from-the-left-to-the-top-of-the-stove,episode_35,150,wrist,black_stove,is_below_of,black_bowl
place-the-black-bowl-from-the-left-to-the-top-of-the-stove,episode_35,180,wrist,black_bowl,is_on_top_of,red_drawer
place-the-black-bowl-from-the-left-to-the-top-of-the-stove,episode_35,180,wrist,red_drawer,is_below_of,black_bowl
place-the-black-bowl-from-the-left-to-the-top-of-the-stove,episode_35,210,wrist,black_bowl,is_in_front_of,black_stove
place-the-black-bowl-from-the-left-to-the-top-of-the-stove,episode_35,210,wrist,black_stove,is_behind,black_bowl
place-the-black-bowl-from-the-left-to-the-top-of-the-stove,episode_35,210,wrist,black_bowl,is_right_of,red_drawer
place-the-black-bowl-from-the-left-to-the-top-of-the-stove,episode_35,210,wrist,red_drawer,is_left_of,black_bowl
place-the-black-bowl-from-the-left-to-the-top-of-the-stove,episode_35,210,wrist,black_stove,is_right_of,red_drawer
place-the-black-bowl-from-the-left-to-the-top-of-the-stove,episode_35,210,wrist,red_drawer,is_left_of,black_stove
place-the-black-bowl-from-the-left-to-the-top-of-the-stove,episode_35,240,wrist,black_bowl,is_on_top_of,black_stove
place-the-black-bowl-from-the-left-to-the-top-of-the-stove,episode_35,240,wrist,black_stove,is_below_of,black_bowl
place-the-black-bowl-from-the-left-to-the-top-of-the-stove,episode_35,300,wrist,red_drawer,is_behind,black_bowl
place-the-black-bowl-from-the-left-to-the-top-of-the-stove,episode_35,300,wrist,black_bowl,is_in_front_of,red_drawer
place-the-black-bowl-from-the-left-to-the-top-of-the-stove,episode_36,0,wrist,black_bowl,is_behind,white_plate
place-the-black-bowl-from-the-left-to-the-top-of-the-stove,episode_36,0,wrist,white_plate,is_in_front_of,black_bowl
place-the-black-bowl-from-the-left-to-the-top-of-the-stove,episode_36,30,wrist,black_bowl,is_behind,white_plate
place-the-black-bowl-from-the-left-to-the-top-of-the-stove,episode_36,30,wrist,white_plate,is_in_front_of,black_bowl
place-the-black-bowl-from-the-left-to-the-top-of-the-stove,episode_36,60,wrist,black_bowl,is_behind,black_stove
place-the-black-bowl-from-the-left-to-the-top-of-the-stove,episode_36,60,wrist,black_stove,is_in_front_of,black_bowl
place-the-black-bowl-from-the-left-to-the-top-of-the-stove,episode_36,90,wrist,black_bowl,is_left_of,red_drawer
place-the-black-bowl-from-the-left-to-the-top-of-the-stove,episode_36,90,wrist,red_drawer,is_right_of,black_bowl
place-the-black-bowl-from-the-left-to-the-top-of-the-stove,episode_36,120,wrist,black_bowl,is_behind,red_drawer
place-the-black-bowl-from-the-left-to-the-top-of-the-stove,episode_36,120,wrist,red_drawer,is_in_front_of,black_bowl
place-the-black-bowl-from-the-left-to-the-top-of-the-stove,episode_36,150,wrist,black_bowl,is_on_top_of,black_stove
place-the-black-bowl-from-the-left-to-the-top-of-the-stove,episode_36,150,wrist,black_stove,is_below_of,black_bowl
place-the-black-bowl-from-the-left-to-the-top-of-the-stove,episode_36,180,wrist,black_bowl,is_behind,red_drawer
place-the-black-bowl-from-the-left-to-the-top-of-the-stove,episode_36,180,wrist,red_drawer,is_in_front_of,black_bowl
place-the-black-bowl-from-the-left-to-the-top-of-the-stove,episode_36,210,wrist,black_bowl,is_on_top_of,black_stove
place-the-black-bowl-from-the-left-to-the-top-of-the-stove,episode_36,210,wrist,black_stove,is_below_of,black_bowl
place-the-black-bowl-from-the-left-to-the-top-of-the-stove,episode_36,270,wrist,black_bowl,is_in_front_of,red_drawer
place-the-black-bowl-from-the-left-to-the-top-of-the-stove,episode_36,270,wrist,red_drawer,is_behind,black_bowl
place-the-black-bowl-from-the-left-to-the-top-of-the-stove,episode_36,300,wrist,black_bowl,is_behind,white_plate
place-the-black-bowl-from-the-left-to-the-top-of-the-stove,episode_36,300,wrist,white_plate,is_in_front_of,black_bowl
place-the-black-bowl-from-the-left-to-the-top-of-the-stove,episode_36,330,wrist,black_bowl,is_behind,white_plate
place-the-black-bowl-from-the-left-to-the-top-of-the-stove,episode_36,330,wrist,white_plate,is_in_front_of,black_bowl
place-the-black-bowl-from-the-left-to-the-top-of-the-stove,episode_37,0,wrist,black_bowl,is_in_front_of,cookie
place-the-black-bowl-from-the-left-to-the-top-of-the-stove,episode_37,0,wrist,cookie,is_behind,black_bowl
place-the-black-bowl-from-the-left-to-the-top-of-the-stove,episode_37,30,wrist,black_bowl,is_in_front_of,cookie
place-the-black-bowl-from-the-left-to-the-top-of-the-stove,episode_37,30,wrist,cookie,is_behind,black_bowl
place-the-black-bowl-from-the-left-to-the-top-of-the-stove,episode_37,60,wrist,black_bowl,is_in_front_of,cookie
place-the-black-bowl-from-the-left-to-the-top-of-the-stove,episode_37,60,wrist,cookie,is_behind,black_bowl
place-the-black-bowl-from-the-left-to-the-top-of-the-stove,episode_37,90,wrist,cookie,is_left_of,red_drawer
place-the-black-bowl-from-the-left-to-the-top-of-the-stove,episode_37,90,wrist,red_drawer,is_right_of,cookie
place-the-black-bowl-from-the-left-to-the-top-of-the-stove,episode_37,120,wrist,black_bowl,is_right_of,red_drawer
place-the-black-bowl-from-the-left-to-the-top-of-the-stove,episode_37,120,wrist,black_bowl,is_right_of,cookie
place-the-black-bowl-from-the-left-to-the-top-of-the-stove,episode_37,120,wrist,black_bowl,is_right_of,white_plate
place-the-black-bowl-from-the-left-to-the-top-of-the-stove,episode_37,120,wrist,red_drawer,is_left_of,black_bowl
place-the-black-bowl-from-the-left-to-the-top-of-the-stove,episode_37,120,wrist,red_drawer,is_right_of,cookie
place-the-black-bowl-from-the-left-to-the-top-of-the-stove,episode_37,120,wrist,red_drawer,is_right_of,white_plate
place-the-black-bowl-from-the-left-to-the-top-of-the-stove,episode_37,120,wrist,cookie,is_left_of,black_bowl
place-the-black-bowl-from-the-left-to-the-top-of-the-stove,episode_37,120,wrist,cookie,is_left_of,red_drawer
place-the-black-bowl-from-the-left-to-the-top-of-the-stove,episode_37,120,wrist,cookie,is_on_top_of,white_plate
place-the-black-bowl-from-the-left-to-the-top-of-the-stove,episode_37,120,wrist,white_plate,is_left_of,black_bowl
place-the-black-bowl-from-the-left-to-the-top-of-the-stove,episode_37,120,wrist,white_plate,is_left_of,red_drawer
place-the-black-bowl-from-the-left-to-the-top-of-the-stove,episode_37,120,wrist,white_plate,is_below_of,cookie
place-the-black-bowl-from-the-left-to-the-top-of-the-stove,episode_37,150,wrist,black_bowl,is_behind,red_drawer
place-the-black-bowl-from-the-left-to-the-top-of-the-stove,episode_37,150,wrist,red_drawer,is_in_front_of,black_bowl
place-the-black-bowl-from-the-left-to-the-top-of-the-stove,episode_37,180,wrist,black_bowl,is_behind,red_drawer
place-the-black-bowl-from-the-left-to-the-top-of-the-stove,episode_37,180,wrist,red_drawer,is_in_front_of,black_bowl
place-the-black-bowl-from-the-left-to-the-top-of-the-stove,episode_37,210,wrist,black_bowl,is_on_top_of,red_drawer
place-the-black-bowl-from-the-left-to-the-top-of-the-stove,episode_37,210,wrist,red_drawer,is_below_of,black_bowl
place-the-black-bowl-from-the-left-to-the-top-of-the-stove,episode_37,240,wrist,black_bowl,is_on_top_of,red_drawer
place-the-black-bowl-from-the-left-to-the-top-of-the-stove,episode_37,240,wrist,red_drawer,is_below_of,black_bowl
place-the-black-bowl-from-the-left-to-the-top-of-the-stove,episode_37,270,wrist,black_bowl,is_behind,red_drawer
place-the-black-bowl-from-the-left-to-the-top-of-the-stove,episode_37,270,wrist,red_drawer,is_in_front_of,black_bowl
place-the-black-bowl-from-the-left-to-the-top-of-the-stove,episode_37,270,wrist,black_bowl,is_behind,cookie
place-the-black-bowl-from-the-left-to-the-top-of-the-stove,episode_37,270,wrist,cookie,is_in_front_of,black_bowl
place-the-black-bowl-from-the-left-to-the-top-of-the-stove,episode_37,270,wrist,red_drawer,is_right_of,cookie
place-the-black-bowl-from-the-left-to-the-top-of-the-stove,episode_37,270,wrist,cookie,is_left_of,red_drawer
place-the-black-bowl-from-the-left-to-the-top-of-the-stove,episode_37,300,wrist,black_bowl,is_on_top_of,black_stove
place-the-black-bowl-from-the-left-to-the-top-of-the-stove,episode_37,300,wrist,black_stove,is_below_of,black_bowl
place-the-black-bowl-from-the-left-to-the-top-of-the-stove,episode_37,330,wrist,black_bowl,is_on_top_of,black_stove
place-the-black-bowl-from-the-left-to-the-top-of-the-stove,episode_37,330,wrist,black_stove,is_below_of,black_bowl
place-the-black-bowl-from-the-left-to-the-top-of-the-stove,episode_37,360,wrist,cookie,is_left_of,red_drawer
place-the-black-bowl-from-the-left-to-the-top-of-the-stove,episode_37,360,wrist,red_drawer,is_right_of,cookie
place-the-black-bowl-from-the-left-to-the-top-of-the-stove,episode_37,390,wrist,black_bowl,is_in_front_of,cookie
place-the-black-bowl-from-the-left-to-the-top-of-the-stove,episode_37,390,wrist,cookie,is_behind,black_bowl
place-the-black-bowl-from-the-left-to-the-top-of-the-stove,episode_37,420,wrist,black_bowl,is_in_front_of,cookie
place-the-black-bowl-from-the-left-to-the-top-of-the-stove,episode_37,420,wrist,cookie,is_behind,black_bowl
place-the-black-bowl-from-the-left-to-the-top-of-the-stove,episode_38,0,wrist,cookie,is_behind,black_bowl
place-the-black-bowl-from-the-left-to-the-top-of-the-stove,episode_38,0,wrist,black_bowl,is_in_front_of,cookie
place-the-black-bowl-from-the-left-to-the-top-of-the-stove,episode_38,30,wrist,cookie,is_behind,black_bowl
place-the-black-bowl-from-the-left-to-the-top-of-the-stove,episode_38,30,wrist,black_bowl,is_in_front_of,cookie
place-the-black-bowl-from-the-left-to-the-top-of-the-stove,episode_38,60,wrist,cookie,is_behind,black_bowl
place-the-black-bowl-from-the-left-to-the-top-of-the-stove,episode_38,60,wrist,black_bowl,is_in_front_of,cookie
place-the-black-bowl-from-the-left-to-the-top-of-the-stove,episode_38,90,wrist,cookie,is_behind,black_bowl
place-the-black-bowl-from-the-left-to-the-top-of-the-stove,episode_38,90,wrist,black_bowl,is_in_front_of,cookie
place-the-black-bowl-from-the-left-to-the-top-of-the-stove,episode_38,120,wrist,cookie,is_in_front_of,white_plate
place-the-black-bowl-from-the-left-to-the-top-of-the-stove,episode_38,120,wrist,white_plate,is_behind,cookie
place-the-black-bowl-from-the-left-to-the-top-of-the-stove,episode_38,150,wrist,black_bowl,is_in_front_of,cookie
place-the-black-bowl-from-the-left-to-the-top-of-the-stove,episode_38,150,wrist,cookie,is_behind,black_bowl
place-the-black-bowl-from-the-left-to-the-top-of-the-stove,episode_38,150,wrist,black_bowl,is_in_front_of,red_drawer
place-the-black-bowl-from-the-left-to-the-top-of-the-stove,episode_38,150,wrist,red_drawer,is_behind,black_bowl
place-the-black-bowl-from-the-left-to-the-top-of-the-stove,episode_38,150,wrist,cookie,is_in_front_of,red_drawer
place-the-black-bowl-from-the-left-to-the-top-of-the-stove,episode_38,150,wrist,red_drawer,is_behind,cookie
place-the-black-bowl-from-the-left-to-the-top-of-the-stove,episode_38,180,wrist,black_bowl,is_behind,red_drawer
place-the-black-bowl-from-the-left-to-the-top-of-the-stove,episode_38,180,wrist,red_drawer,is_in_front_of,black_bowl
place-the-black-bowl-from-the-left-to-the-top-of-the-stove,episode_38,180,wrist,black_bowl,is_right_of,white_plate
place-the-black-bowl-from-the-left-to-the-top-of-the-stove,episode_38,180,wrist,white_plate,is_left_of,black_bowl
place-the-black-bowl-from-the-left-to-the-top-of-the-stove,episode_38,180,wrist,red_drawer,is_right_of,white_plate
place-the-black-bowl-from-the-left-to-the-top-of-the-stove,episode_38,180,wrist,white_plate,is_left_of,red_drawer
place-the-black-bowl-from-the-left-to-the-top-of-the-stove,episode_38,210,wrist,black_bowl,is_behind,red_drawer
place-the-black-bowl-from-the-left-to-the-top-of-the-stove,episode_38,210,wrist,red_drawer,is_in_front_of,black_bowl
place-the-black-bowl-from-the-left-to-the-top-of-the-stove,episode_38,240,wrist,black_bowl,is_behind,red_drawer
place-the-black-bowl-from-the-left-to-the-top-of-the-stove,episode_38,240,wrist,red_drawer,is_in_front_of,black_bowl
place-the-black-bowl-from-the-left-to-the-top-of-the-stove,episode_38,240,wrist,black_bowl,is_in_front_of,black_stove
place-the-black-bowl-from-the-left-to-the-top-of-the-stove,episode_38,240,wrist,black_stove,is_behind,black_bowl
place-the-black-bowl-from-the-left-to-the-top-of-the-stove,episode_38,240,wrist,red_drawer,is_in_front_of,black_stove
place-the-black-bowl-from-the-left-to-the-top-of-the-stove,episode_38,240,wrist,black_stove,is_behind,red_drawer
place-the-black-bowl-from-the-left-to-the-top-of-the-stove,episode_38,270,wrist,black_bowl,is_on_top_of,black_stove
place-the-black-bowl-from-the-left-to-the-top-of-the-stove,episode_38,270,wrist,black_stove,is_below_of,black_bowl
place-the-black-bowl-from-the-left-to-the-top-of-the-stove,episode_38,300,wrist,black_bowl,is_on_top_of,black_stove
place-the-black-bowl-from-the-left-to-the-top-of-the-stove,episode_38,300,wrist,black_stove,is_below_of,black_bowl
place-the-black-bowl-from-the-left-to-the-top-of-the-stove,episode_38,330,wrist,black_bowl,is_in_front_of,white_plate
place-the-black-bowl-from-the-left-to-the-top-of-the-stove,episode_38,330,wrist,black_bowl,is_in_front_of,red_drawer
place-the-black-bowl-from-the-left-to-the-top-of-the-stove,episode_38,330,wrist,white_plate,is_behind,black_bowl
place-the-black-bowl-from-the-left-to-the-top-of-the-stove,episode_38,330,wrist,white_plate,is_left_of,red_drawer
place-the-black-bowl-from-the-left-to-the-top-of-the-stove,episode_38,330,wrist,red_drawer,is_behind,black_bowl
place-the-black-bowl-from-the-left-to-the-top-of-the-stove,episode_38,330,wrist,red_drawer,is_right_of,white_plate
place-the-black-bowl-from-the-left-to-the-top-of-the-stove,episode_38,360,wrist,black_bowl,is_in_front_of,cookie
place-the-black-bowl-from-the-left-to-the-top-of-the-stove,episode_38,360,wrist,cookie,is_behind,black_bowl
place-the-black-bowl-from-the-left-to-the-top-of-the-stove,episode_38,390,wrist,black_bowl,is_in_front_of,cookie
place-the-black-bowl-from-the-left-to-the-top-of-the-stove,episode_38,390,wrist,cookie,is_behind,black_bowl
place-the-black-bowl-from-the-left-to-the-top-of-the-stove,episode_38,420,wrist,black_bowl,is_in_front_of,cookie
place-the-black-bowl-from-the-left-to-the-top-of-the-stove,episode_38,420,wrist,cookie,is_behind,black_bowl
place-the-black-bowl-from-the-left-to-the-top-of-the-stove,episode_39,0,wrist,black_bowl,is_behind,cookie
place-the-black-bowl-from-the-left-to-the-top-of-the-stove,episode_39,0,wrist,cookie,is_in_front_of,black_bowl
place-the-black-bowl-from-the-left-to-the-top-of-the-stove,episode_39,30,wrist,cookie,is_in_front_of,black_bowl
place-the-black-bowl-from-the-left-to-the-top-of-the-stove,episode_39,30,wrist,black_bowl,is_behind,cookie
place-the-black-bowl-from-the-left-to-the-top-of-the-stove,episode_39,60,wrist,cookie,is_in_front_of,black_bowl
place-the-black-bowl-from-the-left-to-the-top-of-the-stove,episode_39,60,wrist,black_bowl,is_behind,cookie
place-the-black-bowl-from-the-left-to-the-top-of-the-stove,episode_39,90,wrist,black_bowl,is_behind,cookie
place-the-black-bowl-from-the-left-to-the-top-of-the-stove,episode_39,90,wrist,cookie,is_in_front_of,black_bowl
place-the-black-bowl-from-the-left-to-the-top-of-the-stove,episode_39,120,wrist,black_bowl,is_behind,cookie
place-the-black-bowl-from-the-left-to-the-top-of-the-stove,episode_39,120,wrist,cookie,is_in_front_of,black_bowl
place-the-black-bowl-from-the-left-to-the-top-of-the-stove,episode_39,180,wrist,black_bowl,is_behind,red_drawer
place-the-black-bowl-from-the-left-to-the-top-of-the-stove,episode_39,180,wrist,black_bowl,is_behind,black_stove
place-the-black-bowl-from-the-left-to-the-top-of-the-stove,episode_39,180,wrist,red_drawer,is_in_front_of,black_bowl
place-the-black-bowl-from-the-left-to-the-top-of-the-stove,episode_39,180,wrist,red_drawer,is_right_of,black_stove
place-the-black-bowl-from-the-left-to-the-top-of-the-stove,episode_39,180,wrist,black_stove,is_in_front_of,black_bowl
place-the-black-bowl-from-the-left-to-the-top-of-the-stove,episode_39,180,wrist,black_stove,is_left_of,red_drawer
place-the-black-bowl-from-the-left-to-the-top-of-the-stove,episode_39,210,wrist,black_bowl,is_behind,red_drawer
place-the-black-bowl-from-the-left-to-the-top-of-the-stove,episode_39,210,wrist,red_drawer,is_in_front_of,black_bowl
place-the-black-bowl-from-the-left-to-the-top-of-the-stove,episode_39,240,wrist,black_bowl,is_in_front_of,red_drawer
place-the-black-bowl-from-the-left-to-the-top-of-the-stove,episode_39,240,wrist,red_drawer,is_behind,black_bowl
place-the-black-bowl-from-the-left-to-the-top-of-the-stove,episode_39,270,wrist,black_bowl,is_in_front_of,black_stove
place-the-black-bowl-from-the-left-to-the-top-of-the-stove,episode_39,270,wrist,black_stove,is_behind,black_bowl
place-the-black-bowl-from-the-left-to-the-top-of-the-stove,episode_39,270,wrist,black_bowl,is_on_top_of,red_drawer
place-the-black-bowl-from-the-left-to-the-top-of-the-stove,episode_39,270,wrist,red_drawer,is_below_of,black_bowl
place-the-black-bowl-from-the-left-to-the-top-of-the-stove,episode_39,270,wrist,black_stove,is_behind,red_drawer
place-the-black-bowl-from-the-left-to-the-top-of-the-stove,episode_39,270,wrist,red_drawer,is_in_front_of,black_stove
place-the-black-bowl-from-the-left-to-the-top-of-the-stove,episode_39,300,wrist,black_bowl,is_on_top_of,black_stove
place-the-black-bowl-from-the-left-to-the-top-of-the-stove,episode_39,300,wrist,black_stove,is_below_of,black_bowl
place-the-black-bowl-from-the-left-to-the-top-of-the-stove,episode_39,330,wrist,black_bowl,is_in_front_of,black_stove
place-the-black-bowl-from-the-left-to-the-top-of-the-stove,episode_39,330,wrist,black_stove,is_behind,black_bowl
place-the-black-bowl-from-the-left-to-the-top-of-the-stove,episode_39,360,wrist,black_bowl,is_left_of,red_drawer
place-the-black-bowl-from-the-left-to-the-top-of-the-stove,episode_39,360,wrist,red_drawer,is_right_of,black_bowl
place-the-black-bowl-from-the-left-to-the-top-of-the-stove,episode_39,360,wrist,black_bowl,is_behind,cookie
place-the-black-bowl-from-the-left-to-the-top-of-the-stove,episode_39,360,wrist,cookie,is_in_front_of,black_bowl
place-the-black-bowl-from-the-left-to-the-top-of-the-stove,episode_39,360,wrist,red_drawer,is_behind,cookie
place-the-black-bowl-from-the-left-to-the-top-of-the-stove,episode_39,360,wrist,cookie,is_in_front_of,red_drawer
place-the-black-bowl-from-the-left-to-the-top-of-the-stove,episode_39,390,wrist,black_bowl,is_behind,cookie
place-the-black-bowl-from-the-left-to-the-top-of-the-stove,episode_39,390,wrist,cookie,is_in_front_of,black_bowl
place-the-black-bowl-from-the-left-to-the-top-of-the-stove,episode_39,420,wrist,black_bowl,is_behind,cookie
place-the-black-bowl-from-the-left-to-the-top-of-the-stove,episode_39,420,wrist,cookie,is_in_front_of,black_bowl
place-the-black-bowl-from-the-left-to-the-top-of-the-stove,episode_40,0,wrist,black_bowl,is_behind,white_plate
place-the-black-bowl-from-the-left-to-the-top-of-the-stove,episode_40,0,wrist,white_plate,is_in_front_of,black_bowl
place-the-black-bowl-from-the-left-to-the-top-of-the-stove,episode_40,30,wrist,black_bowl,is_behind,white_plate
place-the-black-bowl-from-the-left-to-the-top-of-the-stove,episode_40,30,wrist,white_plate,is_in_front_of,black_bowl
place-the-black-bowl-from-the-left-to-the-top-of-the-stove,episode_40,60,wrist,black_bowl,is_behind,white_plate
place-the-black-bowl-from-the-left-to-the-top-of-the-stove,episode_40,60,wrist,white_plate,is_in_front_of,black_bowl
place-the-black-bowl-from-the-left-to-the-top-of-the-stove,episode_40,90,wrist,black_bowl,is_behind,red_drawer
place-the-black-bowl-from-the-left-to-the-top-of-the-stove,episode_40,90,wrist,red_drawer,is_in_front_of,black_bowl
place-the-black-bowl-from-the-left-to-the-top-of-the-stove,episode_40,120,wrist,black_bowl,is_in_front_of,red_drawer
place-the-black-bowl-from-the-left-to-the-top-of-the-stove,episode_40,120,wrist,red_drawer,is_behind,black_bowl
place-the-black-bowl-from-the-left-to-the-top-of-the-stove,episode_40,150,wrist,black_bowl,is_in_front_of,red_drawer
place-the-black-bowl-from-the-left-to-the-top-of-the-stove,episode_40,150,wrist,red_drawer,is_behind,black_bowl
place-the-black-bowl-from-the-left-to-the-top-of-the-stove,episode_40,180,wrist,black_bowl,is_behind,red_drawer
place-the-black-bowl-from-the-left-to-the-top-of-the-stove,episode_40,180,wrist,red_drawer,is_in_front_of,black_bowl
place-the-black-bowl-from-the-left-to-the-top-of-the-stove,episode_40,210,wrist,black_bowl,is_on_top_of,black_stove
place-the-black-bowl-from-the-left-to-the-top-of-the-stove,episode_40,210,wrist,black_stove,is_below_of,black_bowl
place-the-black-bowl-from-the-left-to-the-top-of-the-stove,episode_40,240,wrist,black_bowl,is_in_front_of,black_stove
place-the-black-bowl-from-the-left-to-the-top-of-the-stove,episode_40,240,wrist,black_stove,is_behind,black_bowl
place-the-black-bowl-from-the-left-to-the-top-of-the-stove,episode_40,270,wrist,red_drawer,is_right_of,black_bowl
place-the-black-bowl-from-the-left-to-the-top-of-the-stove,episode_40,270,wrist,black_bowl,is_left_of,red_drawer
place-the-black-bowl-from-the-left-to-the-top-of-the-stove,episode_40,300,wrist,black_bowl,is_left_of,red_drawer
place-the-black-bowl-from-the-left-to-the-top-of-the-stove,episode_40,300,wrist,red_drawer,is_right_of,black_bowl
place-the-black-bowl-from-the-left-to-the-top-of-the-stove,episode_40,330,wrist,black_bowl,is_behind,white_plate
place-the-black-bowl-from-the-left-to-the-top-of-the-stove,episode_40,330,wrist,white_plate,is_in_front_of,black_bowl
place-the-black-bowl-from-the-left-to-the-top-of-the-stove,episode_40,360,wrist,black_bowl,is_behind,white_plate
place-the-black-bowl-from-the-left-to-the-top-of-the-stove,episode_40,360,wrist,white_plate,is_in_front_of,black_bowl
place-the-black-bowl-from-the-left-to-the-top-of-the-stove,episode_41,90,wrist,black_bowl,is_behind,red_drawer
place-the-black-bowl-from-the-left-to-the-top-of-the-stove,episode_41,90,wrist,red_drawer,is_in_front_of,black_bowl
place-the-black-bowl-from-the-left-to-the-top-of-the-stove,episode_41,120,wrist,black_bowl,is_behind,white_plate
place-the-black-bowl-from-the-left-to-the-top-of-the-stove,episode_41,120,wrist,white_plate,is_in_front_of,black_bowl
place-the-black-bowl-from-the-left-to-the-top-of-the-stove,episode_41,150,wrist,black_bowl,is_behind,red_drawer
place-the-black-bowl-from-the-left-to-the-top-of-the-stove,episode_41,150,wrist,red_drawer,is_in_front_of,black_bowl
place-the-black-bowl-from-the-left-to-the-top-of-the-stove,episode_41,180,wrist,black_bowl,is_on_top_of,black_stove
place-the-black-bowl-from-the-left-to-the-top-of-the-stove,episode_41,180,wrist,black_stove,is_below_of,black_bowl
place-the-black-bowl-from-the-left-to-the-top-of-the-stove,episode_41,210,wrist,black_bowl,is_on_top_of,black_stove
place-the-black-bowl-from-the-left-to-the-top-of-the-stove,episode_41,210,wrist,black_stove,is_below_of,black_bowl
place-the-black-bowl-from-the-left-to-the-top-of-the-stove,episode_41,240,wrist,black_bowl,is_behind,red_drawer
place-the-black-bowl-from-the-left-to-the-top-of-the-stove,episode_41,240,wrist,red_drawer,is_in_front_of,black_bowl
place-the-black-bowl-from-the-left-to-the-top-of-the-stove,episode_42,90,wrist,black_bowl,is_left_of,red_drawer
place-the-black-bowl-from-the-left-to-the-top-of-the-stove,episode_42,90,wrist,red_drawer,is_right_of,black_bowl
place-the-black-bowl-from-the-left-to-the-top-of-the-stove,episode_42,120,wrist,black_bowl,is_behind,red_drawer
place-the-black-bowl-from-the-left-to-the-top-of-the-stove,episode_42,120,wrist,red_drawer,is_in_front_of,black_bowl
place-the-black-bowl-from-the-left-to-the-top-of-the-stove,episode_42,150,wrist,black_bowl,is_in_front_of,black_stove
place-the-black-bowl-from-the-left-to-the-top-of-the-stove,episode_42,150,wrist,black_stove,is_behind,black_bowl
place-the-black-bowl-from-the-left-to-the-top-of-the-stove,episode_42,180,wrist,black_bowl,is_behind,red_drawer
place-the-black-bowl-from-the-left-to-the-top-of-the-stove,episode_42,180,wrist,red_drawer,is_in_front_of,black_bowl
place-the-black-bowl-from-the-left-to-the-top-of-the-stove,episode_42,180,wrist,black_bowl,is_in_front_of,black_stove
place-the-black-bowl-from-the-left-to-the-top-of-the-stove,episode_42,180,wrist,black_stove,is_behind,black_bowl
place-the-black-bowl-from-the-left-to-the-top-of-the-stove,episode_42,180,wrist,red_drawer,is_in_front_of,black_stove
place-the-black-bowl-from-the-left-to-the-top-of-the-stove,episode_42,180,wrist,black_stove,is_behind,red_drawer
place-the-black-bowl-from-the-left-to-the-top-of-the-stove,episode_42,210,wrist,black_bowl,is_in_front_of,black_stove
place-the-black-bowl-from-the-left-to-the-top-of-the-stove,episode_42,210,wrist,black_stove,is_behind,black_bowl
place-the-black-bowl-from-the-left-to-the-top-of-the-stove,episode_42,240,wrist,black_bowl,is_on_top_of,black_stove
place-the-black-bowl-from-the-left-to-the-top-of-the-stove,episode_42,240,wrist,black_stove,is_below_of,black_bowl
place-the-black-bowl-from-the-left-to-the-top-of-the-stove,episode_42,270,wrist,black_bowl,is_behind,red_drawer
place-the-black-bowl-from-the-left-to-the-top-of-the-stove,episode_42,270,wrist,black_bowl,is_behind,black_stove
place-the-black-bowl-from-the-left-to-the-top-of-the-stove,episode_42,270,wrist,black_bowl,is_behind,cookie
place-the-black-bowl-from-the-left-to-the-top-of-the-stove,episode_42,270,wrist,black_bowl,is_behind,white_plate
place-the-black-bowl-from-the-left-to-the-top-of-the-stove,episode_42,270,wrist,red_drawer,is_in_front_of,black_bowl
place-the-black-bowl-from-the-left-to-the-top-of-the-stove,episode_42,270,wrist,red_drawer,is_in_front_of,black_stove
place-the-black-bowl-from-the-left-to-the-top-of-the-stove,episode_42,270,wrist,red_drawer,is_in_front_of,cookie
place-the-black-bowl-from-the-left-to-the-top-of-the-stove,episode_42,270,wrist,red_drawer,is_in_front_of,white_plate
place-the-black-bowl-from-the-left-to-the-top-of-the-stove,episode_42,270,wrist,black_stove,is_in_front_of,black_bowl
place-the-black-bowl-from-the-left-to-the-top-of-the-stove,episode_42,270,wrist,black_stove,is_behind,red_drawer
place-the-black-bowl-from-the-left-to-the-top-of-the-stove,episode_42,270,wrist,black_stove,is_behind,cookie
place-the-black-bowl-from-the-left-to-the-top-of-the-stove,episode_42,270,wrist,black_stove,is_behind,white_plate
place-the-black-bowl-from-the-left-to-the-top-of-the-stove,episode_42,270,wrist,cookie,is_in_front_of,black_bowl
place-the-black-bowl-from-the-left-to-the-top-of-the-stove,episode_42,270,wrist,cookie,is_behind,red_drawer
place-the-black-bowl-from-the-left-to-the-top-of-the-stove,episode_42,270,wrist,cookie,is_in_front_of,black_stove
place-the-black-bowl-from-the-left-to-the-top-of-the-stove,episode_42,270,wrist,cookie,is_inside,white_plate
place-the-black-bowl-from-the-left-to-the-top-of-the-stove,episode_42,270,wrist,white_plate,is_in_front_of,black_bowl
place-the-black-bowl-from-the-left-to-the-top-of-the-stove,episode_42,270,wrist,white_plate,is_behind,red_drawer
place-the-black-bowl-from-the-left-to-the-top-of-the-stove,episode_42,270,wrist,white_plate,is_in_front_of,black_stove
place-the-black-bowl-from-the-left-to-the-top-of-the-stove,episode_42,270,wrist,white_plate,contains,cookie
place-the-black-bowl-from-the-left-to-the-top-of-the-stove,episode_42,300,wrist,red_drawer,is_behind,black_bowl
place-the-black-bowl-from-the-left-to-the-top-of-the-stove,episode_42,300,wrist,black_bowl,is_in_front_of,red_drawer
place-the-black-bowl-from-the-left-to-the-top-of-the-stove,episode_43,210,wrist,black_bowl,is_behind,red_drawer
place-the-black-bowl-from-the-left-to-the-top-of-the-stove,episode_43,210,wrist,red_drawer,is_in_front_of,black_bowl
place-the-black-bowl-from-the-left-to-the-top-of-the-stove,episode_43,240,wrist,black_bowl,is_behind,red_drawer
place-the-black-bowl-from-the-left-to-the-top-of-the-stove,episode_43,240,wrist,red_drawer,is_in_front_of,black_bowl
place-the-black-bowl-from-the-left-to-the-top-of-the-stove,episode_43,270,wrist,black_bowl,is_behind,white_plate
place-the-black-bowl-from-the-left-to-the-top-of-the-stove,episode_43,270,wrist,white_plate,is_in_front_of,black_bowl
place-the-black-bowl-from-the-left-to-the-top-of-the-stove,episode_43,300,wrist,black_bowl,is_in_front_of,red_drawer
place-the-black-bowl-from-the-left-to-the-top-of-the-stove,episode_43,300,wrist,red_drawer,is_behind,black_bowl
place-the-black-bowl-from-the-left-to-the-top-of-the-stove,episode_43,300,wrist,black_bowl,is_in_front_of,black_stove
place-the-black-bowl-from-the-left-to-the-top-of-the-stove,episode_43,300,wrist,black_stove,is_behind,black_bowl
place-the-black-bowl-from-the-left-to-the-top-of-the-stove,episode_43,300,wrist,red_drawer,is_left_of,black_stove
place-the-black-bowl-from-the-left-to-the-top-of-the-stove,episode_43,300,wrist,black_stove,is_right_of,red_drawer
place-the-black-bowl-from-the-left-to-the-top-of-the-stove,episode_43,330,wrist,black_bowl,is_on_top_of,black_stove
place-the-black-bowl-from-the-left-to-the-top-of-the-stove,episode_43,330,wrist,black_stove,is_below_of,black_bowl
place-the-black-bowl-from-the-left-to-the-top-of-the-stove,episode_43,360,wrist,black_bowl,is_on_top_of,black_stove
place-the-black-bowl-from-the-left-to-the-top-of-the-stove,episode_43,360,wrist,black_stove,is_below_of,black_bowl
place-the-black-bowl-from-the-left-to-the-top-of-the-stove,episode_43,390,wrist,red_drawer,is_in_front_of,black_bowl
place-the-black-bowl-from-the-left-to-the-top-of-the-stove,episode_43,390,wrist,black_bowl,is_behind,red_drawer
place-the-black-bowl-from-the-left-to-the-top-of-the-stove,episode_43,420,wrist,red_drawer,is_behind,white_plate
place-the-black-bowl-from-the-left-to-the-top-of-the-stove,episode_43,420,wrist,white_plate,is_in_front_of,red_drawer
place-the-black-bowl-from-the-left-to-the-top-of-the-stove,episode_44,0,wrist,black_bowl,is_behind,red_drawer
place-the-black-bowl-from-the-left-to-the-top-of-the-stove,episode_44,0,wrist,red_drawer,is_in_front_of,black_bowl
place-the-black-bowl-from-the-left-to-the-top-of-the-stove,episode_44,0,wrist,black_bowl,is_behind,black_stove
place-the-black-bowl-from-the-left-to-the-top-of-the-stove,episode_44,0,wrist,black_stove,is_in_front_of,black_bowl
place-the-black-bowl-from-the-left-to-the-top-of-the-stove,episode_44,0,wrist,black_bowl,is_behind,cookie
place-the-black-bowl-from-the-left-to-the-top-of-the-stove,episode_44,0,wrist,cookie,is_in_front_of,black_bowl
place-the-black-bowl-from-the-left-to-the-top-of-the-stove,episode_44,0,wrist,black_bowl,is_behind,white_plate
place-the-black-bowl-from-the-left-to-the-top-of-the-stove,episode_44,0,wrist,white_plate,is_in_front_of,black_bowl
place-the-black-bowl-from-the-left-to-the-top-of-the-stove,episode_44,0,wrist,red_drawer,is_left_of,black_stove
place-the-black-bowl-from-the-left-to-the-top-of-the-stove,episode_44,0,wrist,black_stove,is_right_of,red_drawer
place-the-black-bowl-from-the-left-to-the-top-of-the-stove,episode_44,0,wrist,red_drawer,is_left_of,cookie
place-the-black-bowl-from-the-left-to-the-top-of-the-stove,episode_44,0,wrist,cookie,is_right_of,red_drawer
place-the-black-bowl-from-the-left-to-the-top-of-the-stove,episode_44,0,wrist,red_drawer,is_left_of,white_plate
place-the-black-bowl-from-the-left-to-the-top-of-the-stove,episode_44,0,wrist,white_plate,is_right_of,red_drawer
place-the-black-bowl-from-the-left-to-the-top-of-the-stove,episode_44,0,wrist,black_stove,is_right_of,cookie
place-the-black-bowl-from-the-left-to-the-top-of-the-stove,episode_44,0,wrist,cookie,is_left_of,black_stove
place-the-black-bowl-from-the-left-to-the-top-of-the-stove,episode_44,0,wrist,black_stove,is_right_of,white_plate
place-the-black-bowl-from-the-left-to-the-top-of-the-stove,episode_44,0,wrist,white_plate,is_left_of,black_stove
place-the-black-bowl-from-the-left-to-the-top-of-the-stove,episode_44,0,wrist,cookie,is_on_top_of,white_plate
place-the-black-bowl-from-the-left-to-the-top-of-the-stove,episode_44,0,wrist,white_plate,is_below_of,cookie
place-the-black-bowl-from-the-left-to-the-top-of-the-stove,episode_44,30,wrist,black_bowl,is_behind,red_drawer
place-the-black-bowl-from-the-left-to-the-top-of-the-stove,episode_44,30,wrist,red_drawer,is_in_front_of,black_bowl
place-the-black-bowl-from-the-left-to-the-top-of-the-stove,episode_44,90,wrist,black_bowl,is_behind,white_plate
place-the-black-bowl-from-the-left-to-the-top-of-the-stove,episode_44,90,wrist,white_plate,is_in_front_of,black_bowl
place-the-black-bowl-from-the-left-to-the-top-of-the-stove,episode_44,120,wrist,black_bowl,is_behind,white_plate
place-the-black-bowl-from-the-left-to-the-top-of-the-stove,episode_44,120,wrist,white_plate,is_in_front_of,black_bowl
place-the-black-bowl-from-the-left-to-the-top-of-the-stove,episode_44,150,wrist,black_bowl,is_behind,red_drawer
place-the-black-bowl-from-the-left-to-the-top-of-the-stove,episode_44,150,wrist,red_drawer,is_in_front_of,black_bowl
place-the-black-bowl-from-the-left-to-the-top-of-the-stove,episode_44,180,wrist,black_bowl,is_in_front_of,black_stove
place-the-black-bowl-from-the-left-to-the-top-of-the-stove,episode_44,180,wrist,black_stove,is_behind,black_bowl
place-the-black-bowl-from-the-left-to-the-top-of-the-stove,episode_44,210,wrist,black_bowl,is_in_front_of,red_drawer
place-the-black-bowl-from-the-left-to-the-top-of-the-stove,episode_44,210,wrist,red_drawer,is_behind,black_bowl
place-the-black-bowl-from-the-left-to-the-top-of-the-stove,episode_44,240,wrist,black_bowl,is_in_front_of,black_stove
place-the-black-bowl-from-the-left-to-the-top-of-the-stove,episode_44,240,wrist,black_stove,is_behind,black_bowl
place-the-black-bowl-from-the-left-to-the-top-of-the-stove,episode_44,240,wrist,black_bowl,is_right_of,red_drawer
place-the-black-bowl-from-the-left-to-the-top-of-the-stove,episode_44,240,wrist,red_drawer,is_left_of,black_bowl
place-the-black-bowl-from-the-left-to-the-top-of-the-stove,episode_44,240,wrist,black_stove,is_right_of,red_drawer
place-the-black-bowl-from-the-left-to-the-top-of-the-stove,episode_44,240,wrist,red_drawer,is_left_of,black_stove
place-the-black-bowl-from-the-left-to-the-top-of-the-stove,episode_44,270,wrist,black_bowl,is_on_top_of,black_stove
place-the-black-bowl-from-the-left-to-the-top-of-the-stove,episode_44,270,wrist,black_stove,is_below_of,black_bowl
place-the-black-bowl-from-the-left-to-the-top-of-the-stove,episode_44,270,wrist,black_bowl,is_behind,red_drawer
place-the-black-bowl-from-the-left-to-the-top-of-the-stove,episode_44,270,wrist,red_drawer,is_in_front_of,black_bowl
place-the-black-bowl-from-the-left-to-the-top-of-the-stove,episode_44,270,wrist,black_stove,is_behind,red_drawer
place-the-black-bowl-from-the-left-to-the-top-of-the-stove,episode_44,270,wrist,red_drawer,is_in_front_of,black_stove
place-the-black-bowl-from-the-left-to-the-top-of-the-stove,episode_44,300,wrist,black_bowl,is_left_of,red_drawer
place-the-black-bowl-from-the-left-to-the-top-of-the-stove,episode_44,300,wrist,red_drawer,is_right_of,black_bowl
place-the-black-bowl-from-the-left-to-the-top-of-the-stove,episode_44,360,wrist,black_bowl,is_behind,white_plate
place-the-black-bowl-from-the-left-to-the-top-of-the-stove,episode_44,360,wrist,white_plate,is_in_front_of,black_bowl
place-the-black-bowl-from-the-left-to-the-top-of-the-stove,episode_45,30,wrist,black_bowl,is_behind,white_plate
place-the-black-bowl-from-the-left-to-the-top-of-the-stove,episode_45,30,wrist,white_plate,is_in_front_of,black_bowl
place-the-black-bowl-from-the-left-to-the-top-of-the-stove,episode_45,60,wrist,black_bowl,is_behind,white_plate
place-the-black-bowl-from-the-left-to-the-top-of-the-stove,episode_45,60,wrist,white_plate,is_in_front_of,black_bowl
place-the-black-bowl-from-the-left-to-the-top-of-the-stove,episode_45,90,wrist,black_bowl,is_left_of,red_drawer
place-the-black-bowl-from-the-left-to-the-top-of-the-stove,episode_45,90,wrist,red_drawer,is_right_of,black_bowl
place-the-black-bowl-from-the-left-to-the-top-of-the-stove,episode_45,120,wrist,black_bowl,is_behind,white_plate
place-the-black-bowl-from-the-left-to-the-top-of-the-stove,episode_45,120,wrist,white_plate,is_in_front_of,black_bowl
place-the-black-bowl-from-the-left-to-the-top-of-the-stove,episode_45,150,wrist,black_bowl,is_in_front_of,red_drawer
place-the-black-bowl-from-the-left-to-the-top-of-the-stove,episode_45,150,wrist,red_drawer,is_behind,black_bowl
place-the-black-bowl-from-the-left-to-the-top-of-the-stove,episode_45,180,wrist,black_bowl,is_behind,red_drawer
place-the-black-bowl-from-the-left-to-the-top-of-the-stove,episode_45,180,wrist,red_drawer,is_in_front_of,black_bowl
place-the-black-bowl-from-the-left-to-the-top-of-the-stove,episode_45,180,wrist,black_bowl,is_in_front_of,black_stove
place-the-black-bowl-from-the-left-to-the-top-of-the-stove,episode_45,180,wrist,black_stove,is_behind,black_bowl
place-the-black-bowl-from-the-left-to-the-top-of-the-stove,episode_45,180,wrist,red_drawer,is_in_front_of,black_stove
place-the-black-bowl-from-the-left-to-the-top-of-the-stove,episode_45,180,wrist,black_stove,is_behind,red_drawer
place-the-black-bowl-from-the-left-to-the-top-of-the-stove,episode_45,210,wrist,black_bowl,is_on_top_of,black_stove
place-the-black-bowl-from-the-left-to-the-top-of-the-stove,episode_45,210,wrist,black_stove,is_below_of,black_bowl
place-the-black-bowl-from-the-left-to-the-top-of-the-stove,episode_45,240,wrist,black_stove,is_behind,black_bowl
place-the-black-bowl-from-the-left-to-the-top-of-the-stove,episode_45,240,wrist,black_bowl,is_in_front_of,black_stove
place-the-black-bowl-from-the-left-to-the-top-of-the-stove,episode_45,270,wrist,black_bowl,is_in_front_of,red_drawer
place-the-black-bowl-from-the-left-to-the-top-of-the-stove,episode_45,270,wrist,red_drawer,is_behind,black_bowl
place-the-black-bowl-from-the-left-to-the-top-of-the-stove,episode_45,300,wrist,black_bowl,is_in_front_of,white_plate
place-the-black-bowl-from-the-left-to-the-top-of-the-stove,episode_45,300,wrist,white_plate,is_behind,black_bowl
place-the-black-bowl-from-the-left-to-the-top-of-the-stove,episode_45,330,wrist,black_bowl,is_in_front_of,black_stove
place-the-black-bowl-from-the-left-to-the-top-of-the-stove,episode_45,330,wrist,black_stove,is_behind,black_bowl
place-the-black-bowl-from-the-left-to-the-top-of-the-stove,episode_46,90,wrist,red_drawer,is_behind,red_drawer
place-the-black-bowl-from-the-left-to-the-top-of-the-stove,episode_46,120,wrist,black_bowl,is_behind,red_drawer
place-the-black-bowl-from-the-left-to-the-top-of-the-stove,episode_46,120,wrist,red_drawer,is_in_front_of,black_bowl
place-the-black-bowl-from-the-left-to-the-top-of-the-stove,episode_46,150,wrist,black_bowl,is_in_front_of,red_drawer
place-the-black-bowl-from-the-left-to-the-top-of-the-stove,episode_46,150,wrist,red_drawer,is_behind,black_bowl
place-the-black-bowl-from-the-left-to-the-top-of-the-stove,episode_46,180,wrist,black_bowl,is_in_front_of,red_drawer
place-the-black-bowl-from-the-left-to-the-top-of-the-stove,episode_46,180,wrist,red_drawer,is_behind,black_bowl
place-the-black-bowl-from-the-left-to-the-top-of-the-stove,episode_46,180,wrist,black_bowl,is_in_front_of,black_stove
place-the-black-bowl-from-the-left-to-the-top-of-the-stove,episode_46,180,wrist,black_stove,is_behind,black_bowl
place-the-black-bowl-from-the-left-to-the-top-of-the-stove,episode_46,180,wrist,black_bowl,is_in_front_of,cookie
place-the-black-bowl-from-the-left-to-the-top-of-the-stove,episode_46,180,wrist,cookie,is_behind,black_bowl
place-the-black-bowl-from-the-left-to-the-top-of-the-stove,episode_46,180,wrist,black_bowl,is_in_front_of,white_plate
place-the-black-bowl-from-the-left-to-the-top-of-the-stove,episode_46,180,wrist,white_plate,is_behind,black_bowl
place-the-black-bowl-from-the-left-to-the-top-of-the-stove,episode_46,180,wrist,red_drawer,is_left_of,black_stove
place-the-black-bowl-from-the-left-to-the-top-of-the-stove,episode_46,180,wrist,black_stove,is_right_of,red_drawer
place-the-black-bowl-from-the-left-to-the-top-of-the-stove,episode_46,180,wrist,red_drawer,is_left_of,cookie
place-the-black-bowl-from-the-left-to-the-top-of-the-stove,episode_46,180,wrist,cookie,is_right_of,red_drawer
place-the-black-bowl-from-the-left-to-the-top-of-the-stove,episode_46,180,wrist,red_drawer,is_left_of,white_plate
place-the-black-bowl-from-the-left-to-the-top-of-the-stove,episode_46,180,wrist,white_plate,is_right_of,red_drawer
place-the-black-bowl-from-the-left-to-the-top-of-the-stove,episode_46,180,wrist,black_stove,is_behind,cookie
place-the-black-bowl-from-the-left-to-the-top-of-the-stove,episode_46,180,wrist,cookie,is_in_front_of,black_stove
place-the-black-bowl-from-the-left-to-the-top-of-the-stove,episode_46,180,wrist,black_stove,is_behind,white_plate
place-the-black-bowl-from-the-left-to-the-top-of-the-stove,episode_46,180,wrist,white_plate,is_in_front_of,black_stove
place-the-black-bowl-from-the-left-to-the-top-of-the-stove,episode_46,180,wrist,cookie,is_on_top_of,white_plate
place-the-black-bowl-from-the-left-to-the-top-of-the-stove,episode_46,180,wrist,white_plate,is_below_of,cookie
place-the-black-bowl-from-the-left-to-the-top-of-the-stove,episode_46,210,wrist,black_bowl,is_in_front_of,red_drawer
place-the-black-bowl-from-the-left-to-the-top-of-the-stove,episode_46,210,wrist,red_drawer,is_behind,black_bowl
place-the-black-bowl-from-the-left-to-the-top-of-the-stove,episode_46,240,wrist,black_bowl,is_on_top_of,black_stove
place-the-black-bowl-from-the-left-to-the-top-of-the-stove,episode_46,240,wrist,black_stove,is_below_of,black_bowl
place-the-black-bowl-from-the-left-to-the-top-of-the-stove,episode_46,270,wrist,black_bowl,is_on_top_of,black_stove
place-the-black-bowl-from-the-left-to-the-top-of-the-stove,episode_46,270,wrist,black_stove,is_below_of,black_bowl
place-the-black-bowl-from-the-left-to-the-top-of-the-stove,episode_46,300,wrist,black_bowl,is_right_of,red_drawer
place-the-black-bowl-from-the-left-to-the-top-of-the-stove,episode_46,300,wrist,black_bowl,is_in_front_of,black_stove
place-the-black-bowl-from-the-left-to-the-top-of-the-stove,episode_46,300,wrist,red_drawer,is_left_of,black_bowl
place-the-black-bowl-from-the-left-to-the-top-of-the-stove,episode_46,300,wrist,red_drawer,is_in_front_of,black_stove
place-the-black-bowl-from-the-left-to-the-top-of-the-stove,episode_46,300,wrist,black_stove,is_behind,black_bowl
place-the-black-bowl-from-the-left-to-the-top-of-the-stove,episode_46,300,wrist,black_stove,is_behind,red_drawer
place-the-black-bowl-from-the-left-to-the-top-of-the-stove,episode_46,330,wrist,red_drawer,is_behind,black_bowl
place-the-black-bowl-from-the-left-to-the-top-of-the-stove,episode_46,330,wrist,black_bowl,is_in_front_of,red_drawer
place-the-black-bowl-from-the-left-to-the-top-of-the-stove,episode_46,330,wrist,red_drawer,is_behind,black_stove
place-the-black-bowl-from-the-left-to-the-top-of-the-stove,episode_46,330,wrist,black_stove,is_in_front_of,red_drawer
place-the-black-bowl-from-the-left-to-the-top-of-the-stove,episode_46,330,wrist,red_drawer,is_behind,cookie
place-the-black-bowl-from-the-left-to-the-top-of-the-stove,episode_46,330,wrist,cookie,is_in_front_of,red_drawer
place-the-black-bowl-from-the-left-to-the-top-of-the-stove,episode_46,330,wrist,red_drawer,is_behind,white_plate
place-the-black-bowl-from-the-left-to-the-top-of-the-stove,episode_46,330,wrist,white_plate,is_in_front_of,red_drawer
place-the-black-bowl-from-the-left-to-the-top-of-the-stove,episode_46,330,wrist,black_bowl,is_left_of,black_stove
place-the-black-bowl-from-the-left-to-the-top-of-the-stove,episode_46,330,wrist,black_stove,is_right_of,black_bowl
place-the-black-bowl-from-the-left-to-the-top-of-the-stove,episode_46,330,wrist,black_bowl,is_left_of,cookie
place-the-black-bowl-from-the-left-to-the-top-of-the-stove,episode_46,330,wrist,cookie,is_right_of,black_bowl
place-the-black-bowl-from-the-left-to-the-top-of-the-stove,episode_46,330,wrist,black_bowl,is_left_of,white_plate
place-the-black-bowl-from-the-left-to-the-top-of-the-stove,episode_46,330,wrist,white_plate,is_right_of,black_bowl
place-the-black-bowl-from-the-left-to-the-top-of-the-stove,episode_46,330,wrist,black_stove,is_behind,cookie
place-the-black-bowl-from-the-left-to-the-top-of-the-stove,episode_46,330,wrist,cookie,is_in_front_of,black_stove
place-the-black-bowl-from-the-left-to-the-top-of-the-stove,episode_46,330,wrist,black_stove,is_behind,white_plate
place-the-black-bowl-from-the-left-to-the-top-of-the-stove,episode_46,330,wrist,white_plate,is_in_front_of,black_stove
place-the-black-bowl-from-the-left-to-the-top-of-the-stove,episode_46,330,wrist,cookie,is_on_top_of,white_plate
place-the-black-bowl-from-the-left-to-the-top-of-the-stove,episode_46,330,wrist,white_plate,is_below_of,cookie
place-the-black-bowl-from-the-left-to-the-top-of-the-stove,episode_47,0,wrist,black_bowl,is_behind,cookie
place-the-black-bowl-from-the-left-to-the-top-of-the-stove,episode_47,0,wrist,cookie,is_in_front_of,black_bowl
place-the-black-bowl-from-the-left-to-the-top-of-the-stove,episode_47,30,wrist,black_bowl,is_behind,cookie
place-the-black-bowl-from-the-left-to-the-top-of-the-stove,episode_47,30,wrist,cookie,is_in_front_of,black_bowl
place-the-black-bowl-from-the-left-to-the-top-of-the-stove,episode_47,60,wrist,cookie,is_in_front_of,black_bowl
place-the-black-bowl-from-the-left-to-the-top-of-the-stove,episode_47,60,wrist,black_bowl,is_behind,cookie
place-the-black-bowl-from-the-left-to-the-top-of-the-stove,episode_47,90,wrist,black_bowl,is_behind,cookie
place-the-black-bowl-from-the-left-to-the-top-of-the-stove,episode_47,90,wrist,cookie,is_in_front_of,black_bowl
place-the-black-bowl-from-the-left-to-the-top-of-the-stove,episode_47,120,wrist,black_bowl,is_behind,cookie
place-the-black-bowl-from-the-left-to-the-top-of-the-stove,episode_47,120,wrist,cookie,is_in_front_of,black_bowl
place-the-black-bowl-from-the-left-to-the-top-of-the-stove,episode_47,150,wrist,black_bowl,is_left_of,red_drawer
place-the-black-bowl-from-the-left-to-the-top-of-the-stove,episode_47,150,wrist,red_drawer,is_right_of,black_bowl
place-the-black-bowl-from-the-left-to-the-top-of-the-stove,episode_47,180,wrist,black_bowl,is_right_of,red_drawer
place-the-black-bowl-from-the-left-to-the-top-of-the-stove,episode_47,180,wrist,red_drawer,is_left_of,black_bowl
place-the-black-bowl-from-the-left-to-the-top-of-the-stove,episode_47,210,wrist,black_bowl,is_behind,red_drawer
place-the-black-bowl-from-the-left-to-the-top-of-the-stove,episode_47,210,wrist,red_drawer,is_in_front_of,black_bowl
place-the-black-bowl-from-the-left-to-the-top-of-the-stove,episode_47,240,wrist,black_bowl,is_on_top_of,red_drawer
place-the-black-bowl-from-the-left-to-the-top-of-the-stove,episode_47,240,wrist,red_drawer,is_below_of,black_bowl
place-the-black-bowl-from-the-left-to-the-top-of-the-stove,episode_47,270,wrist,black_bowl,is_in_front_of,black_stove
place-the-black-bowl-from-the-left-to-the-top-of-the-stove,episode_47,270,wrist,black_stove,is_behind,black_bowl
place-the-black-bowl-from-the-left-to-the-top-of-the-stove,episode_47,270,wrist,black_bowl,is_right_of,red_drawer
place-the-black-bowl-from-the-left-to-the-top-of-the-stove,episode_47,270,wrist,red_drawer,is_left_of,black_bowl
place-the-black-bowl-from-the-left-to-the-top-of-the-stove,episode_47,270,wrist,black_stove,is_right_of,red_drawer
place-the-black-bowl-from-the-left-to-the-top-of-the-stove,episode_47,270,wrist,red_drawer,is_left_of,black_stove
place-the-black-bowl-from-the-left-to-the-top-of-the-stove,episode_47,300,wrist,black_bowl,is_on_top_of,black_stove
place-the-black-bowl-from-the-left-to-the-top-of-the-stove,episode_47,300,wrist,black_stove,is_below_of,black_bowl
place-the-black-bowl-from-the-left-to-the-top-of-the-stove,episode_47,330,wrist,red_drawer,is_behind,black_stove
place-the-black-bowl-from-the-left-to-the-top-of-the-stove,episode_47,330,wrist,black_stove,is_in_front_of,red_drawer
place-the-black-bowl-from-the-left-to-the-top-of-the-stove,episode_47,360,wrist,black_bowl,is_left_of,red_drawer
place-the-black-bowl-from-the-left-to-the-top-of-the-stove,episode_47,360,wrist,red_drawer,is_right_of,black_bowl
place-the-black-bowl-from-the-left-to-the-top-of-the-stove,episode_47,390,wrist,black_bowl,is_behind,cookie
place-the-black-bowl-from-the-left-to-the-top-of-the-stove,episode_47,390,wrist,black_bowl,is_behind,white_plate
place-the-black-bowl-from-the-left-to-the-top-of-the-stove,episode_47,390,wrist,cookie,is_in_front_of,black_bowl
place-the-black-bowl-from-the-left-to-the-top-of-the-stove,episode_47,390,wrist,cookie,is_on_top_of,white_plate
place-the-black-bowl-from-the-left-to-the-top-of-the-stove,episode_47,390,wrist,white_plate,is_in_front_of,black_bowl
place-the-black-bowl-from-the-left-to-the-top-of-the-stove,episode_47,390,wrist,white_plate,is_below_of,cookie
place-the-black-bowl-from-the-left-to-the-top-of-the-stove,episode_47,420,wrist,black_bowl,is_behind,cookie
place-the-black-bowl-from-the-left-to-the-top-of-the-stove,episode_47,420,wrist,black_bowl,is_behind,white_plate
place-the-black-bowl-from-the-left-to-the-top-of-the-stove,episode_47,420,wrist,cookie,is_in_front_of,black_bowl
place-the-black-bowl-from-the-left-to-the-top-of-the-stove,episode_47,420,wrist,cookie,is_on_top_of,white_plate
place-the-black-bowl-from-the-left-to-the-top-of-the-stove,episode_47,420,wrist,white_plate,is_in_front_of,black_bowl
place-the-black-bowl-from-the-left-to-the-top-of-the-stove,episode_47,420,wrist,white_plate,is_below_of,cookie
place-the-black-bowl-from-the-left-to-the-top-of-the-stove,episode_48,0,wrist,black_bowl,is_behind,white_plate
place-the-black-bowl-from-the-left-to-the-top-of-the-stove,episode_48,0,wrist,white_plate,is_in_front_of,black_bowl
place-the-black-bowl-from-the-left-to-the-top-of-the-stove,episode_48,30,wrist,black_bowl,is_behind,white_plate
place-the-black-bowl-from-the-left-to-the-top-of-the-stove,episode_48,30,wrist,white_plate,is_in_front_of,black_bowl
place-the-black-bowl-from-the-left-to-the-top-of-the-stove,episode_48,60,wrist,black_bowl,is_behind,white_plate
place-the-black-bowl-from-the-left-to-the-top-of-the-stove,episode_48,60,wrist,white_plate,is_in_front_of,black_bowl
place-the-black-bowl-from-the-left-to-the-top-of-the-stove,episode_48,90,wrist,black_bowl,is_left_of,red_drawer
place-the-black-bowl-from-the-left-to-the-top-of-the-stove,episode_48,90,wrist,red_drawer,is_right_of,black_bowl
place-the-black-bowl-from-the-left-to-the-top-of-the-stove,episode_48,120,wrist,red_drawer,is_right_of,black_bowl
place-the-black-bowl-from-the-left-to-the-top-of-the-stove,episode_48,120,wrist,black_bowl,is_left_of,red_drawer
place-the-black-bowl-from-the-left-to-the-top-of-the-stove,episode_48,150,wrist,black_bowl,is_behind,red_drawer
place-the-black-bowl-from-the-left-to-the-top-of-the-stove,episode_48,150,wrist,red_drawer,is_in_front_of,black_bowl
place-the-black-bowl-from-the-left-to-the-top-of-the-stove,episode_48,180,wrist,black_bowl,is_in_front_of,red_drawer
place-the-black-bowl-from-the-left-to-the-top-of-the-stove,episode_48,180,wrist,red_drawer,is_behind,black_bowl
place-the-black-bowl-from-the-left-to-the-top-of-the-stove,episode_48,180,wrist,black_bowl,is_in_front_of,black_stove
place-the-black-bowl-from-the-left-to-the-top-of-the-stove,episode_48,180,wrist,black_stove,is_behind,black_bowl
place-the-black-bowl-from-the-left-to-the-top-of-the-stove,episode_48,180,wrist,black_bowl,is_in_front_of,cookie
place-the-black-bowl-from-the-left-to-the-top-of-the-stove,episode_48,180,wrist,cookie,is_behind,black_bowl
place-the-black-bowl-from-the-left-to-the-top-of-the-stove,episode_48,180,wrist,black_bowl,is_in_front_of,white_plate
place-the-black-bowl-from-the-left-to-the-top-of-the-stove,episode_48,180,wrist,white_plate,is_behind,black_bowl
place-the-black-bowl-from-the-left-to-the-top-of-the-stove,episode_48,180,wrist,red_drawer,is_behind,black_stove
place-the-black-bowl-from-the-left-to-the-top-of-the-stove,episode_48,180,wrist,black_stove,is_in_front_of,red_drawer
place-the-black-bowl-from-the-left-to-the-top-of-the-stove,episode_48,180,wrist,red_drawer,is_behind,cookie
place-the-black-bowl-from-the-left-to-the-top-of-the-stove,episode_48,180,wrist,cookie,is_in_front_of,red_drawer
place-the-black-bowl-from-the-left-to-the-top-of-the-stove,episode_48,180,wrist,red_drawer,is_behind,white_plate
place-the-black-bowl-from-the-left-to-the-top-of-the-stove,episode_48,180,wrist,white_plate,is_in_front_of,red_drawer
place-the-black-bowl-from-the-left-to-the-top-of-the-stove,episode_48,180,wrist,black_stove,is_behind,cookie
place-the-black-bowl-from-the-left-to-the-top-of-the-stove,episode_48,180,wrist,cookie,is_in_front_of,black_stove
place-the-black-bowl-from-the-left-to-the-top-of-the-stove,episode_48,180,wrist,black_stove,is_behind,white_plate
place-the-black-bowl-from-the-left-to-the-top-of-the-stove,episode_48,180,wrist,white_plate,is_in_front_of,black_stove
place-the-black-bowl-from-the-left-to-the-top-of-the-stove,episode_48,180,wrist,cookie,is_in_front_of,white_plate
place-the-black-bowl-from-the-left-to-the-top-of-the-stove,episode_48,180,wrist,white_plate,is_behind,cookie
place-the-black-bowl-from-the-left-to-the-top-of-the-stove,episode_48,210,wrist,black_bowl,is_behind,red_drawer
place-the-black-bowl-from-the-left-to-the-top-of-the-stove,episode_48,210,wrist,red_drawer,is_in_front_of,black_bowl
place-the-black-bowl-from-the-left-to-the-top-of-the-stove,episode_48,240,wrist,black_bowl,is_on_top_of,black_stove
place-the-black-bowl-from-the-left-to-the-top-of-the-stove,episode_48,240,wrist,black_stove,is_below_of,black_bowl
place-the-black-bowl-from-the-left-to-the-top-of-the-stove,episode_48,270,wrist,black_bowl,is_behind,black_stove
place-the-black-bowl-from-the-left-to-the-top-of-the-stove,episode_48,270,wrist,black_stove,is_in_front_of,black_bowl
place-the-black-bowl-from-the-left-to-the-top-of-the-stove,episode_48,300,wrist,black_bowl,is_on_top_of,black_stove
place-the-black-bowl-from-the-left-to-the-top-of-the-stove,episode_48,300,wrist,black_stove,is_below_of,black_bowl
place-the-black-bowl-from-the-left-to-the-top-of-the-stove,episode_48,330,wrist,black_bowl,is_on_top_of,black_stove
place-the-black-bowl-from-the-left-to-the-top-of-the-stove,episode_48,330,wrist,black_stove,is_below_of,black_bowl
place-the-black-bowl-from-the-left-to-the-top-of-the-stove,episode_48,360,wrist,black_bowl,is_left_of,red_drawer
place-the-black-bowl-from-the-left-to-the-top-of-the-stove,episode_48,360,wrist,red_drawer,is_right_of,black_bowl
place-the-black-bowl-from-the-left-to-the-top-of-the-stove,episode_48,390,wrist,black_bowl,is_behind,white_plate
place-the-black-bowl-from-the-left-to-the-top-of-the-stove,episode_48,390,wrist,white_plate,is_in_front_of,black_bowl
place-the-black-bowl-from-the-left-to-the-top-of-the-stove,episode_48,420,wrist,black_bowl,is_behind,white_plate
place-the-black-bowl-from-the-left-to-the-top-of-the-stove,episode_48,420,wrist,white_plate,is_in_front_of,black_bowl
place-the-black-bowl-from-the-left-to-the-top-of-the-stove,episode_48,450,wrist,black_bowl,is_behind,white_plate
place-the-black-bowl-from-the-left-to-the-top-of-the-stove,episode_48,450,wrist,white_plate,is_in_front_of,black_bowl
place-the-black-bowl-from-the-left-to-the-top-of-the-stove,episode_48,480,wrist,black_bowl,is_behind,white_plate
place-the-black-bowl-from-the-left-to-the-top-of-the-stove,episode_48,480,wrist,white_plate,is_in_front_of,black_bowl
place-the-black-bowl-from-the-left-to-the-top-of-the-stove,episode_49,0,wrist,black_bowl,is_behind,black_stove
place-the-black-bowl-from-the-left-to-the-top-of-the-stove,episode_49,0,wrist,black_stove,is_in_front_of,black_bowl
place-the-black-bowl-from-the-left-to-the-top-of-the-stove,episode_49,30,wrist,black_bowl,is_behind,white_plate
place-the-black-bowl-from-the-left-to-the-top-of-the-stove,episode_49,30,wrist,white_plate,is_in_front_of,black_bowl
place-the-black-bowl-from-the-left-to-the-top-of-the-stove,episode_49,60,wrist,black_bowl,is_behind,white_plate
place-the-black-bowl-from-the-left-to-the-top-of-the-stove,episode_49,60,wrist,white_plate,is_in_front_of,black_bowl
place-the-black-bowl-from-the-left-to-the-top-of-the-stove,episode_49,90,wrist,black_bowl,is_behind,white_plate
place-the-black-bowl-from-the-left-to-the-top-of-the-stove,episode_49,90,wrist,white_plate,is_in_front_of,black_bowl
place-the-black-bowl-from-the-left-to-the-top-of-the-stove,episode_49,120,wrist,black_bowl,is_in_front_of,red_drawer
place-the-black-bowl-from-the-left-to-the-top-of-the-stove,episode_49,120,wrist,red_drawer,is_behind,black_bowl
place-the-black-bowl-from-the-left-to-the-top-of-the-stove,episode_49,150,wrist,red_drawer,is_right_of,black_bowl
place-the-black-bowl-from-the-left-to-the-top-of-the-stove,episode_49,150,wrist,black_bowl,is_left_of,red_drawer
place-the-black-bowl-from-the-left-to-the-top-of-the-stove,episode_49,180,wrist,black_bowl,is_behind,red_drawer
place-the-black-bowl-from-the-left-to-the-top-of-the-stove,episode_49,180,wrist,red_drawer,is_in_front_of,black_bowl
place-the-black-bowl-from-the-left-to-the-top-of-the-stove,episode_49,210,wrist,black_bowl,is_behind,red_drawer
place-the-black-bowl-from-the-left-to-the-top-of-the-stove,episode_49,210,wrist,red_drawer,is_in_front_of,black_bowl
place-the-black-bowl-from-the-left-to-the-top-of-the-stove,episode_49,240,wrist,black_bowl,is_in_front_of,red_drawer
place-the-black-bowl-from-the-left-to-the-top-of-the-stove,episode_49,240,wrist,red_drawer,is_behind,black_bowl
place-the-black-bowl-from-the-left-to-the-top-of-the-stove,episode_49,270,wrist,black_bowl,is_in_front_of,black_stove
place-the-black-bowl-from-the-left-to-the-top-of-the-stove,episode_49,270,wrist,black_stove,is_behind,black_bowl
place-the-black-bowl-from-the-left-to-the-top-of-the-stove,episode_49,270,wrist,black_bowl,is_right_of,red_drawer
place-the-black-bowl-from-the-left-to-the-top-of-the-stove,episode_49,270,wrist,red_drawer,is_left_of,black_bowl
place-the-black-bowl-from-the-left-to-the-top-of-the-stove,episode_49,270,wrist,black_stove,is_behind,red_drawer
place-the-black-bowl-from-the-left-to-the-top-of-the-stove,episode_49,270,wrist,red_drawer,is_in_front_of,black_stove
place-the-black-bowl-from-the-left-to-the-top-of-the-stove,episode_49,300,wrist,black_bowl,is_on_top_of,black_stove
place-the-black-bowl-from-the-left-to-the-top-of-the-stove,episode_49,300,wrist,black_stove,is_below_of,black_bowl
place-the-black-bowl-from-the-left-to-the-top-of-the-stove,episode_49,360,wrist,black_bowl,is_left_of,red_drawer
place-the-black-bowl-from-the-left-to-the-top-of-the-stove,episode_49,360,wrist,red_drawer,is_right_of,black_bowl
place-the-black-bowl-from-the-left-to-the-top-of-the-stove,episode_49,360,wrist,black_bowl,is_behind,white_plate
place-the-black-bowl-from-the-left-to-the-top-of-the-stove,episode_49,360,wrist,white_plate,is_in_front_of,black_bowl
place-the-black-bowl-from-the-left-to-the-top-of-the-stove,episode_49,360,wrist,red_drawer,is_behind,white_plate
place-the-black-bowl-from-the-left-to-the-top-of-the-stove,episode_49,360,wrist,white_plate,is_in_front_of,red_drawer
place-the-black-bowl-from-the-left-to-the-top-of-the-stove,episode_49,390,wrist,black_bowl,is_behind,white_plate
place-the-black-bowl-from-the-left-to-the-top-of-the-stove,episode_49,390,wrist,white_plate,is_in_front_of,black_bowl
place-the-black-bowl-from-the-left-to-the-top-of-the-stove,episode_49,420,wrist,black_bowl,is_behind,red_drawer
place-the-black-bowl-from-the-left-to-the-top-of-the-stove,episode_49,420,wrist,red_drawer,is_in_front_of,black_bowl
place-the-black-bowl-from-the-left-to-the-top-of-the-stove,episode_49,450,wrist,black_bowl,is_behind,black_stove
place-the-black-bowl-from-the-left-to-the-top-of-the-stove,episode_49,450,wrist,black_stove,is_in_front_of,black_bowl
place-the-black-bowl-from-the-left-to-the-top-of-the-stove,episode_50,0,wrist,black_bowl,is_behind,white_plate
place-the-black-bowl-from-the-left-to-the-top-of-the-stove,episode_50,0,wrist,white_plate,is_in_front_of,black_bowl
place-the-black-bowl-from-the-left-to-the-top-of-the-stove,episode_50,30,wrist,black_bowl,is_behind,red_drawer
place-the-black-bowl-from-the-left-to-the-top-of-the-stove,episode_50,30,wrist,red_drawer,is_in_front_of,black_bowl
place-the-black-bowl-from-the-left-to-the-top-of-the-stove,episode_50,60,wrist,black_bowl,is_behind,red_drawer
place-the-black-bowl-from-the-left-to-the-top-of-the-stove,episode_50,60,wrist,red_drawer,is_in_front_of,black_bowl
place-the-black-bowl-from-the-left-to-the-top-of-the-stove,episode_50,90,wrist,black_bowl,is_left_of,red_drawer
place-the-black-bowl-from-the-left-to-the-top-of-the-stove,episode_50,90,wrist,red_drawer,is_right_of,black_bowl
place-the-black-bowl-from-the-left-to-the-top-of-the-stove,episode_50,90,wrist,black_bowl,is_in_front_of,black_stove
place-the-black-bowl-from-the-left-to-the-top-of-the-stove,episode_50,90,wrist,black_stove,is_behind,black_bowl
place-the-black-bowl-from-the-left-to-the-top-of-the-stove,episode_50,90,wrist,red_drawer,is_in_front_of,black_stove
place-the-black-bowl-from-the-left-to-the-top-of-the-stove,episode_50,90,wrist,black_stove,is_behind,red_drawer
place-the-black-bowl-from-the-left-to-the-top-of-the-stove,episode_50,120,wrist,black_bowl,is_behind,red_drawer
place-the-black-bowl-from-the-left-to-the-top-of-the-stove,episode_50,120,wrist,red_drawer,is_in_front_of,black_bowl
place-the-black-bowl-from-the-left-to-the-top-of-the-stove,episode_50,150,wrist,black_bowl,is_in_front_of,black_stove
place-the-black-bowl-from-the-left-to-the-top-of-the-stove,episode_50,150,wrist,black_stove,is_behind,black_bowl
place-the-black-bowl-from-the-left-to-the-top-of-the-stove,episode_50,180,wrist,black_bowl,is_in_front_of,black_stove
place-the-black-bowl-from-the-left-to-the-top-of-the-stove,episode_50,180,wrist,black_stove,is_behind,black_bowl
place-the-black-bowl-from-the-left-to-the-top-of-the-stove,episode_50,180,wrist,black_bowl,is_in_front_of,red_drawer
place-the-black-bowl-from-the-left-to-the-top-of-the-stove,episode_50,180,wrist,red_drawer,is_behind,black_bowl
place-the-black-bowl-from-the-left-to-the-top-of-the-stove,episode_50,180,wrist,black_stove,is_behind,red_drawer
place-the-black-bowl-from-the-left-to-the-top-of-the-stove,episode_50,180,wrist,red_drawer,is_in_front_of,black_stove
place-the-black-bowl-from-the-left-to-the-top-of-the-stove,episode_50,210,wrist,black_bowl,is_on_top_of,black_stove
place-the-black-bowl-from-the-left-to-the-top-of-the-stove,episode_50,210,wrist,black_stove,is_below_of,black_bowl
place-the-black-bowl-from-the-left-to-the-top-of-the-stove,episode_50,240,wrist,black_bowl,is_in_front_of,black_stove
place-the-black-bowl-from-the-left-to-the-top-of-the-stove,episode_50,240,wrist,black_stove,is_behind,black_bowl
place-the-black-bowl-from-the-left-to-the-top-of-the-stove,episode_50,270,wrist,black_bowl,is_behind,white_plate
place-the-black-bowl-from-the-left-to-the-top-of-the-stove,episode_50,270,wrist,white_plate,is_in_front_of,black_bowl
place-the-black-bowl-from-the-left-to-the-top-of-the-stove,episode_50,300,wrist,black_bowl,is_behind,white_plate
place-the-black-bowl-from-the-left-to-the-top-of-the-stove,episode_50,300,wrist,white_plate,is_in_front_of,black_bowl
place-the-black-bowl-from-the-left-to-the-top-of-the-stove,episode_50,330,wrist,black_bowl,is_behind,white_plate
place-the-black-bowl-from-the-left-to-the-top-of-the-stove,episode_50,330,wrist,white_plate,is_in_front_of,black_bowl
place-the-black-bowl-from-the-left-to-the-top-of-the-stove,episode_50,360,wrist,black_bowl,is_behind,white_plate
place-the-black-bowl-from-the-left-to-the-top-of-the-stove,episode_50,360,wrist,white_plate,is_in_front_of,black_bowl
place-the-black-bowl-from-the-left-to-the-top-of-the-stove,episode_50,390,wrist,black_bowl,is_behind,white_plate
place-the-black-bowl-from-the-left-to-the-top-of-the-stove,episode_50,390,wrist,white_plate,is_in_front_of,black_bowl
place-the-black-bowl-from-the-left-to-the-top-of-the-stove,episode_51,30,wrist,black_bowl,is_behind,white_plate
place-the-black-bowl-from-the-left-to-the-top-of-the-stove,episode_51,30,wrist,white_plate,is_in_front_of,black_bowl
place-the-black-bowl-from-the-left-to-the-top-of-the-stove,episode_51,60,wrist,black_bowl,is_behind,white_plate
place-the-black-bowl-from-the-left-to-the-top-of-the-stove,episode_51,60,wrist,white_plate,is_in_front_of,black_bowl
place-the-black-bowl-from-the-left-to-the-top-of-the-stove,episode_51,90,wrist,black_bowl,is_behind,white_plate
place-the-black-bowl-from-the-left-to-the-top-of-the-stove,episode_51,90,wrist,white_plate,is_in_front_of,black_bowl
place-the-black-bowl-from-the-left-to-the-top-of-the-stove,episode_51,120,wrist,black_bowl,is_in_front_of,red_drawer
place-the-black-bowl-from-the-left-to-the-top-of-the-stove,episode_51,120,wrist,red_drawer,is_behind,black_bowl
place-the-black-bowl-from-the-left-to-the-top-of-the-stove,episode_51,150,wrist,black_bowl,is_behind,red_drawer
place-the-black-bowl-from-the-left-to-the-top-of-the-stove,episode_51,150,wrist,red_drawer,is_in_front_of,black_bowl
place-the-black-bowl-from-the-left-to-the-top-of-the-stove,episode_51,180,wrist,black_bowl,is_on_top_of,red_drawer
place-the-black-bowl-from-the-left-to-the-top-of-the-stove,episode_51,180,wrist,red_drawer,is_below_of,black_bowl
place-the-black-bowl-from-the-left-to-the-top-of-the-stove,episode_51,210,wrist,black_bowl,is_behind,red_drawer
place-the-black-bowl-from-the-left-to-the-top-of-the-stove,episode_51,210,wrist,red_drawer,is_in_front_of,black_bowl
place-the-black-bowl-from-the-left-to-the-top-of-the-stove,episode_51,240,wrist,black_bowl,is_in_front_of,black_stove
place-the-black-bowl-from-the-left-to-the-top-of-the-stove,episode_51,240,wrist,black_stove,is_behind,black_bowl
place-the-black-bowl-from-the-left-to-the-top-of-the-stove,episode_51,240,wrist,black_bowl,is_right_of,red_drawer
place-the-black-bowl-from-the-left-to-the-top-of-the-stove,episode_51,240,wrist,red_drawer,is_left_of,black_bowl
place-the-black-bowl-from-the-left-to-the-top-of-the-stove,episode_51,240,wrist,red_drawer,is_in_front_of,black_stove
place-the-black-bowl-from-the-left-to-the-top-of-the-stove,episode_51,240,wrist,black_stove,is_behind,red_drawer
place-the-black-bowl-from-the-left-to-the-top-of-the-stove,episode_51,270,wrist,black_bowl,is_on_top_of,black_stove
place-the-black-bowl-from-the-left-to-the-top-of-the-stove,episode_51,270,wrist,black_stove,is_below_of,black_bowl
place-the-black-bowl-from-the-left-to-the-top-of-the-stove,episode_51,300,wrist,black_bowl,is_on_top_of,black_stove
place-the-black-bowl-from-the-left-to-the-top-of-the-stove,episode_51,300,wrist,black_stove,is_below_of,black_bowl
place-the-black-bowl-from-the-left-to-the-top-of-the-stove,episode_51,330,wrist,black_stove,is_behind,red_drawer
place-the-black-bowl-from-the-left-to-the-top-of-the-stove,episode_51,330,wrist,red_drawer,is_in_front_of,black_stove
place-the-black-bowl-from-the-left-to-the-top-of-the-stove,episode_51,360,wrist,black_bowl,is_in_front_of,red_drawer
place-the-black-bowl-from-the-left-to-the-top-of-the-stove,episode_51,360,wrist,red_drawer,is_behind,black_bowl
place-the-black-bowl-from-the-left-to-the-top-of-the-stove,episode_51,390,wrist,black_bowl,is_behind,white_plate
place-the-black-bowl-from-the-left-to-the-top-of-the-stove,episode_51,390,wrist,white_plate,is_in_front_of,black_bowl
place-the-black-bowl-from-the-left-to-the-top-of-the-stove,episode_51,420,wrist,black_bowl,is_behind,white_plate
place-the-black-bowl-from-the-left-to-the-top-of-the-stove,episode_51,420,wrist,white_plate,is_in_front_of,black_bowl
place-the-black-bowl-from-the-left-to-the-top-of-the-stove,episode_51,450,wrist,black_bowl,is_behind,white_plate
place-the-black-bowl-from-the-left-to-the-top-of-the-stove,episode_51,450,wrist,white_plate,is_in_front_of,black_bowl
place-the-black-bowl-from-the-left-to-the-top-of-the-stove,episode_52,0,wrist,black_bowl,is_behind,white_plate
place-the-black-bowl-from-the-left-to-the-top-of-the-stove,episode_52,0,wrist,white_plate,is_in_front_of,black_bowl
place-the-black-bowl-from-the-left-to-the-top-of-the-stove,episode_52,30,wrist,black_bowl,is_behind,red_drawer
place-the-black-bowl-from-the-left-to-the-top-of-the-stove,episode_52,30,wrist,red_drawer,is_in_front_of,black_bowl
place-the-black-bowl-from-the-left-to-the-top-of-the-stove,episode_52,30,wrist,black_bowl,is_behind,black_stove
place-the-black-bowl-from-the-left-to-the-top-of-the-stove,episode_52,30,wrist,black_stove,is_in_front_of,black_bowl
place-the-black-bowl-from-the-left-to-the-top-of-the-stove,episode_52,30,wrist,black_bowl,is_behind,cookie
place-the-black-bowl-from-the-left-to-the-top-of-the-stove,episode_52,30,wrist,cookie,is_in_front_of,black_bowl
place-the-black-bowl-from-the-left-to-the-top-of-the-stove,episode_52,30,wrist,black_bowl,is_behind,white_plate
place-the-black-bowl-from-the-left-to-the-top-of-the-stove,episode_52,30,wrist,white_plate,is_in_front_of,black_bowl
place-the-black-bowl-from-the-left-to-the-top-of-the-stove,episode_52,30,wrist,red_drawer,is_in_front_of,black_stove
place-the-black-bowl-from-the-left-to-the-top-of-the-stove,episode_52,30,wrist,black_stove,is_behind,red_drawer
place-the-black-bowl-from-the-left-to-the-top-of-the-stove,episode_52,30,wrist,red_drawer,is_in_front_of,cookie
place-the-black-bowl-from-the-left-to-the-top-of-the-stove,episode_52,30,wrist,cookie,is_behind,red_drawer
place-the-black-bowl-from-the-left-to-the-top-of-the-stove,episode_52,30,wrist,red_drawer,is_in_front_of,white_plate
place-the-black-bowl-from-the-left-to-the-top-of-the-stove,episode_52,30,wrist,white_plate,is_behind,red_drawer
place-the-black-bowl-from-the-left-to-the-top-of-the-stove,episode_52,30,wrist,black_stove,is_in_front_of,cookie
place-the-black-bowl-from-the-left-to-the-top-of-the-stove,episode_52,30,wrist,cookie,is_behind,black_stove
place-the-black-bowl-from-the-left-to-the-top-of-the-stove,episode_52,30,wrist,black_stove,is_in_front_of,white_plate
place-the-black-bowl-from-the-left-to-the-top-of-the-stove,episode_52,30,wrist,white_plate,is_behind,black_stove
place-the-black-bowl-from-the-left-to-the-top-of-the-stove,episode_52,30,wrist,cookie,is_in_front_of,white_plate
place-the-black-bowl-from-the-left-to-the-top-of-the-stove,episode_52,30,wrist,white_plate,is_behind,cookie
place-the-black-bowl-from-the-left-to-the-top-of-the-stove,episode_52,60,wrist,black_bowl,is_behind,red_drawer
place-the-black-bowl-from-the-left-to-the-top-of-the-stove,episode_52,60,wrist,red_drawer,is_in_front_of,black_bowl
place-the-black-bowl-from-the-left-to-the-top-of-the-stove,episode_52,60,wrist,black_bowl,is_behind,black_stove
place-the-black-bowl-from-the-left-to-the-top-of-the-stove,episode_52,60,wrist,black_stove,is_in_front_of,black_bowl
place-the-black-bowl-from-the-left-to-the-top-of-the-stove,episode_52,60,wrist,black_bowl,is_behind,cookie
place-the-black-bowl-from-the-left-to-the-top-of-the-stove,episode_52,60,wrist,cookie,is_in_front_of,black_bowl
place-the-black-bowl-from-the-left-to-the-top-of-the-stove,episode_52,60,wrist,black_bowl,is_behind,white_plate
place-the-black-bowl-from-the-left-to-the-top-of-the-stove,episode_52,60,wrist,white_plate,is_in_front_of,black_bowl
place-the-black-bowl-from-the-left-to-the-top-of-the-stove,episode_52,60,wrist,red_drawer,is_left_of,black_stove
place-the-black-bowl-from-the-left-to-the-top-of-the-stove,episode_52,60,wrist,black_stove,is_right_of,red_drawer
place-the-black-bowl-from-the-left-to-the-top-of-the-stove,episode_52,60,wrist,red_drawer,is_left_of,cookie
place-the-black-bowl-from-the-left-to-the-top-of-the-stove,episode_52,60,wrist,cookie,is_right_of,red_drawer
place-the-black-bowl-from-the-left-to-the-top-of-the-stove,episode_52,60,wrist,red_drawer,is_left_of,white_plate
place-the-black-bowl-from-the-left-to-the-top-of-the-stove,episode_52,60,wrist,white_plate,is_right_of,red_drawer
place-the-black-bowl-from-the-left-to-the-top-of-the-stove,episode_52,60,wrist,black_stove,is_right_of,cookie
place-the-black-bowl-from-the-left-to-the-top-of-the-stove,episode_52,60,wrist,cookie,is_left_of,black_stove
place-the-black-bowl-from-the-left-to-the-top-of-the-stove,episode_52,60,wrist,black_stove,is_right_of,white_plate
place-the-black-bowl-from-the-left-to-the-top-of-the-stove,episode_52,60,wrist,white_plate,is_left_of,black_stove
place-the-black-bowl-from-the-left-to-the-top-of-the-stove,episode_52,60,wrist,cookie,is_on_top_of,white_plate
place-the-black-bowl-from-the-left-to-the-top-of-the-stove,episode_52,60,wrist,white_plate,is_below_of,cookie
place-the-black-bowl-from-the-left-to-the-top-of-the-stove,episode_52,90,wrist,black_bowl,is_behind,red_drawer
place-the-black-bowl-from-the-left-to-the-top-of-the-stove,episode_52,90,wrist,red_drawer,is_in_front_of,black_bowl
place-the-black-bowl-from-the-left-to-the-top-of-the-stove,episode_52,90,wrist,black_bowl,is_behind,black_stove
place-the-black-bowl-from-the-left-to-the-top-of-the-stove,episode_52,90,wrist,black_stove,is_in_front_of,black_bowl
place-the-black-bowl-from-the-left-to-the-top-of-the-stove,episode_52,90,wrist,black_bowl,is_behind,cookie
place-the-black-bowl-from-the-left-to-the-top-of-the-stove,episode_52,90,wrist,cookie,is_in_front_of,black_bowl
place-the-black-bowl-from-the-left-to-the-top-of-the-stove,episode_52,90,wrist,black_bowl,is_behind,white_plate
place-the-black-bowl-from-the-left-to-the-top-of-the-stove,episode_52,90,wrist,white_plate,is_in_front_of,black_bowl
place-the-black-bowl-from-the-left-to-the-top-of-the-stove,episode_52,90,wrist,red_drawer,is_left_of,black_stove
place-the-black-bowl-from-the-left-to-the-top-of-the-stove,episode_52,90,wrist,black_stove,is_right_of,red_drawer
place-the-black-bowl-from-the-left-to-the-top-of-the-stove,episode_52,90,wrist,red_drawer,is_left_of,cookie
place-the-black-bowl-from-the-left-to-the-top-of-the-stove,episode_52,90,wrist,cookie,is_right_of,red_drawer
place-the-black-bowl-from-the-left-to-the-top-of-the-stove,episode_52,90,wrist,red_drawer,is_left_of,white_plate
place-the-black-bowl-from-the-left-to-the-top-of-the-stove,episode_52,90,wrist,white_plate,is_right_of,red_drawer
place-the-black-bowl-from-the-left-to-the-top-of-the-stove,episode_52,90,wrist,black_stove,is_behind,cookie
place-the-black-bowl-from-the-left-to-the-top-of-the-stove,episode_52,90,wrist,cookie,is_in_front_of,black_stove
place-the-black-bowl-from-the-left-to-the-top-of-the-stove,episode_52,90,wrist,black_stove,is_behind,white_plate
place-the-black-bowl-from-the-left-to-the-top-of-the-stove,episode_52,90,wrist,white_plate,is_in_front_of,black_stove
place-the-black-bowl-from-the-left-to-the-top-of-the-stove,episode_52,90,wrist,cookie,is_on_top_of,white_plate
place-the-black-bowl-from-the-left-to-the-top-of-the-stove,episode_52,90,wrist,white_plate,is_below_of,cookie
place-the-black-bowl-from-the-left-to-the-top-of-the-stove,episode_52,120,wrist,black_bowl,is_behind,white_plate
place-the-black-bowl-from-the-left-to-the-top-of-the-stove,episode_52,120,wrist,white_plate,is_in_front_of,black_bowl
place-the-black-bowl-from-the-left-to-the-top-of-the-stove,episode_52,150,wrist,black_bowl,is_behind,white_plate
place-the-black-bowl-from-the-left-to-the-top-of-the-stove,episode_52,150,wrist,white_plate,is_in_front_of,black_bowl
place-the-black-bowl-from-the-left-to-the-top-of-the-stove,episode_52,180,wrist,black_bowl,is_left_of,red_drawer
place-the-black-bowl-from-the-left-to-the-top-of-the-stove,episode_52,180,wrist,red_drawer,is_right_of,black_bowl
place-the-black-bowl-from-the-left-to-the-top-of-the-stove,episode_52,210,wrist,black_bowl,is_behind,white_plate
place-the-black-bowl-from-the-left-to-the-top-of-the-stove,episode_52,210,wrist,white_plate,is_in_front_of,black_bowl
place-the-black-bowl-from-the-left-to-the-top-of-the-stove,episode_52,240,wrist,black_bowl,is_in_front_of,red_drawer
place-the-black-bowl-from-the-left-to-the-top-of-the-stove,episode_52,240,wrist,red_drawer,is_behind,black_bowl
place-the-black-bowl-from-the-left-to-the-top-of-the-stove,episode_52,270,wrist,black_bowl,is_below_of,black_stove
place-the-black-bowl-from-the-left-to-the-top-of-the-stove,episode_52,270,wrist,black_stove,is_on_top_of,black_bowl
place-the-black-bowl-from-the-left-to-the-top-of-the-stove,episode_52,300,wrist,black_bowl,is_on_top_of,black_stove
place-the-black-bowl-from-the-left-to-the-top-of-the-stove,episode_52,300,wrist,black_stove,is_below_of,black_bowl
place-the-black-bowl-from-the-left-to-the-top-of-the-stove,episode_52,330,wrist,black_bowl,is_left_of,red_drawer
place-the-black-bowl-from-the-left-to-the-top-of-the-stove,episode_52,330,wrist,red_drawer,is_right_of,black_bowl
place-the-black-bowl-from-the-left-to-the-top-of-the-stove,episode_52,360,wrist,black_bowl,is_behind,white_plate
place-the-black-bowl-from-the-left-to-the-top-of-the-stove,episode_52,360,wrist,white_plate,is_in_front_of,black_bowl
place-the-black-bowl-from-the-left-to-the-top-of-the-stove,episode_52,390,wrist,black_bowl,is_behind,white_plate
place-the-black-bowl-from-the-left-to-the-top-of-the-stove,episode_52,390,wrist,white_plate,is_in_front_of,black_bowl
