[2026-07-22 00:56:24] Run started: sg_format_ablation_2026_07_22_00_56_24
[2026-07-22 00:56:24] Manifest written: C:\Users\hassa\OneDrive\Desktop\EmbodimentSemantic\vla_benchmarking\ablation_outputs\sg_format_ablation_2026_07_22_00_56_24\ablation_manifest.json
[2026-07-22 00:56:24] Formats: standard, legacy_scene_graph, triplet_published, triplet_human, triplet_human_bar, triplet_human_shared_subject, natural_separate, natural_compact, natural_compact_current, natural_compact_no_label, natural_compact_context_first
[2026-07-22 00:56:24] Tasks: [0, 1, 2, 3, 4, 5, 6, 7, 8, 9]
[2026-07-22 00:56:24] Episodes per task/format: 4
[2026-07-22 00:56:24] Estimated prompt rows per format: 40
[2026-07-22 00:56:24] [1/11] START standard -> C:\Users\hassa\OneDrive\Desktop\EmbodimentSemantic\vla_benchmarking\ablation_outputs\sg_format_ablation_2026_07_22_00_56_24\standard
[2026-07-22 00:56:29] PROGRESS format=standard [1/11] format_est=0.0% overall_est=0.0% prompt_rows=0/40
[2026-07-22 00:57:29] PROGRESS format=standard [1/11] format_est=0.0% overall_est=0.0% prompt_rows=0/40
[2026-07-22 00:57:39] PROGRESS format=standard [1/11] format_est=2.5% overall_est=0.2% prompt_rows=1/40
[2026-07-22 00:58:19] PROGRESS format=standard [1/11] format_est=22.5% overall_est=2.0% prompt_rows=9/40
[2026-07-22 00:58:24] PROGRESS format=standard [1/11] format_est=27.5% overall_est=2.5% prompt_rows=11/40
[2026-07-22 00:59:09] PROGRESS format=standard [1/11] format_est=52.5% overall_est=4.8% prompt_rows=21/40
[2026-07-22 00:59:55] PROGRESS format=standard [1/11] format_est=65.0% overall_est=5.9% prompt_rows=26/40
[2026-07-22 01:00:00] PROGRESS format=standard [1/11] format_est=77.5% overall_est=7.0% prompt_rows=31/40
[2026-07-22 01:00:40] PROGRESS format=standard [1/11] format_est=100.0% overall_est=9.1% prompt_rows=41/40
[2026-07-22 01:01:25] PROGRESS format=standard [1/11] format_est=100.0% overall_est=9.1% prompt_rows=51/40
[2026-07-22 01:02:20] PROGRESS format=standard [1/11] format_est=100.0% overall_est=9.1% prompt_rows=56/40
[2026-07-22 01:02:25] PROGRESS format=standard [1/11] format_est=100.0% overall_est=9.1% prompt_rows=61/40
[2026-07-22 01:03:10] PROGRESS format=standard [1/11] format_est=100.0% overall_est=9.1% prompt_rows=66/40
[2026-07-22 01:03:15] PROGRESS format=standard [1/11] format_est=100.0% overall_est=9.1% prompt_rows=71/40
[2026-07-22 01:04:05] PROGRESS format=standard [1/11] format_est=100.0% overall_est=9.1% prompt_rows=77/40
[2026-07-22 01:04:10] PROGRESS format=standard [1/11] format_est=100.0% overall_est=9.1% prompt_rows=81/40
[2026-07-22 01:04:55] PROGRESS format=standard [1/11] format_est=100.0% overall_est=9.1% prompt_rows=82/40
[2026-07-22 01:05:00] PROGRESS format=standard [1/11] format_est=100.0% overall_est=9.1% prompt_rows=91/40
[2026-07-22 01:05:50] PROGRESS format=standard [1/11] format_est=100.0% overall_est=9.1% prompt_rows=99/40
[2026-07-22 01:05:55] PROGRESS format=standard [1/11] format_est=100.0% overall_est=9.1% prompt_rows=101/40
[2026-07-22 01:06:40] PROGRESS format=standard [1/11] format_est=100.0% overall_est=9.1% prompt_rows=110/40
[2026-07-22 01:06:45] PROGRESS format=standard [1/11] format_est=100.0% overall_est=9.1% prompt_rows=111/40
[2026-07-22 01:07:31] PROGRESS format=standard [1/11] format_est=100.0% overall_est=9.1% prompt_rows=114/40
[2026-07-22 01:07:36] PROGRESS format=standard [1/11] format_est=100.0% overall_est=9.1% prompt_rows=121/40
[2026-07-22 01:08:26] PROGRESS format=standard [1/11] format_est=100.0% overall_est=9.1% prompt_rows=131/40
[2026-07-22 01:09:16] PROGRESS format=standard [1/11] format_est=100.0% overall_est=9.1% prompt_rows=137/40
[2026-07-22 01:09:21] PROGRESS format=standard [1/11] format_est=100.0% overall_est=9.1% prompt_rows=141/40
[2026-07-22 01:10:11] PROGRESS format=standard [1/11] format_est=100.0% overall_est=9.1% prompt_rows=151/40
[2026-07-22 01:11:01] PROGRESS format=standard [1/11] format_est=100.0% overall_est=9.1% prompt_rows=156/40
[2026-07-22 01:11:06] PROGRESS format=standard [1/11] format_est=100.0% overall_est=9.1% prompt_rows=161/40
[2026-07-22 01:11:51] PROGRESS format=standard [1/11] format_est=100.0% overall_est=9.1% prompt_rows=171/40
[2026-07-22 01:12:41] PROGRESS format=standard [1/11] format_est=100.0% overall_est=9.1% prompt_rows=175/40
[2026-07-22 01:12:46] PROGRESS format=standard [1/11] format_est=100.0% overall_est=9.1% prompt_rows=181/40
[2026-07-22 01:13:36] PROGRESS format=standard [1/11] format_est=100.0% overall_est=9.1% prompt_rows=191/40
[2026-07-22 01:14:21] PROGRESS format=standard [1/11] format_est=100.0% overall_est=9.1% prompt_rows=201/40
[2026-07-22 01:15:06] PROGRESS format=standard [1/11] format_est=100.0% overall_est=9.1% prompt_rows=211/40
[2026-07-22 01:15:52] PROGRESS format=standard [1/11] format_est=100.0% overall_est=9.1% prompt_rows=213/40
[2026-07-22 01:15:57] PROGRESS format=standard [1/11] format_est=100.0% overall_est=9.1% prompt_rows=221/40
[2026-07-22 01:16:42] PROGRESS format=standard [1/11] format_est=100.0% overall_est=9.1% prompt_rows=229/40
[2026-07-22 01:16:47] PROGRESS format=standard [1/11] format_est=100.0% overall_est=9.1% prompt_rows=231/40
[2026-07-22 01:17:37] PROGRESS format=standard [1/11] format_est=100.0% overall_est=9.1% prompt_rows=237/40
[2026-07-22 01:17:42] PROGRESS format=standard [1/11] format_est=100.0% overall_est=9.1% prompt_rows=241/40
[2026-07-22 01:18:37] PROGRESS format=standard [1/11] format_est=100.0% overall_est=9.1% prompt_rows=251/40
[2026-07-22 01:19:37] PROGRESS format=standard [1/11] format_est=100.0% overall_est=9.1% prompt_rows=251/40
[2026-07-22 01:19:42] PROGRESS format=standard [1/11] format_est=100.0% overall_est=9.1% prompt_rows=254/40
[2026-07-22 01:19:47] PROGRESS format=standard [1/11] format_est=100.0% overall_est=9.1% prompt_rows=261/40
[2026-07-22 01:20:32] PROGRESS format=standard [1/11] format_est=100.0% overall_est=9.1% prompt_rows=271/40
[2026-07-22 01:21:18] PROGRESS format=standard [1/11] format_est=100.0% overall_est=9.1% prompt_rows=280/40
[2026-07-22 01:21:23] PROGRESS format=standard [1/11] format_est=100.0% overall_est=9.1% prompt_rows=281/40
[2026-07-22 01:22:08] PROGRESS format=standard [1/11] format_est=100.0% overall_est=9.1% prompt_rows=291/40
[2026-07-22 01:22:53] PROGRESS format=standard [1/11] format_est=100.0% overall_est=9.1% prompt_rows=292/40
[2026-07-22 01:22:58] PROGRESS format=standard [1/11] format_est=100.0% overall_est=9.1% prompt_rows=301/40
[2026-07-22 01:23:43] PROGRESS format=standard [1/11] format_est=100.0% overall_est=9.1% prompt_rows=311/40
[2026-07-22 01:24:28] PROGRESS format=standard [1/11] format_est=100.0% overall_est=9.1% prompt_rows=316/40
[2026-07-22 01:24:33] PROGRESS format=standard [1/11] format_est=100.0% overall_est=9.1% prompt_rows=321/40
[2026-07-22 01:25:18] PROGRESS format=standard [1/11] format_est=100.0% overall_est=9.1% prompt_rows=331/40
[2026-07-22 01:26:13] PROGRESS format=standard [1/11] format_est=100.0% overall_est=9.1% prompt_rows=341/40
[2026-07-22 01:27:08] PROGRESS format=standard [1/11] format_est=100.0% overall_est=9.1% prompt_rows=351/40
[2026-07-22 01:27:59] PROGRESS format=standard [1/11] format_est=100.0% overall_est=9.1% prompt_rows=355/40
[2026-07-22 01:28:04] PROGRESS format=standard [1/11] format_est=100.0% overall_est=9.1% prompt_rows=361/40
[2026-07-22 01:28:44] PROGRESS format=standard [1/11] format_est=100.0% overall_est=9.1% prompt_rows=364/40
[2026-07-22 01:28:49] PROGRESS format=standard [1/11] format_est=100.0% overall_est=9.1% prompt_rows=371/40
[2026-07-22 01:29:34] PROGRESS format=standard [1/11] format_est=100.0% overall_est=9.1% prompt_rows=372/40
[2026-07-22 01:29:39] PROGRESS format=standard [1/11] format_est=100.0% overall_est=9.1% prompt_rows=381/40
[2026-07-22 01:30:29] PROGRESS format=standard [1/11] format_est=100.0% overall_est=9.1% prompt_rows=391/40
[2026-07-22 01:31:19] PROGRESS format=standard [1/11] format_est=100.0% overall_est=9.1% prompt_rows=401/40
[2026-07-22 01:32:04] PROGRESS format=standard [1/11] format_est=100.0% overall_est=9.1% prompt_rows=411/40
[2026-07-22 01:32:50] PROGRESS format=standard [1/11] format_est=100.0% overall_est=9.1% prompt_rows=419/40
[2026-07-22 01:32:55] PROGRESS format=standard [1/11] format_est=100.0% overall_est=9.1% prompt_rows=421/40
[2026-07-22 01:33:45] PROGRESS format=standard [1/11] format_est=100.0% overall_est=9.1% prompt_rows=431/40
[2026-07-22 01:34:35] PROGRESS format=standard [1/11] format_est=100.0% overall_est=9.1% prompt_rows=435/40
[2026-07-22 01:34:40] PROGRESS format=standard [1/11] format_est=100.0% overall_est=9.1% prompt_rows=441/40
[2026-07-22 01:35:25] PROGRESS format=standard [1/11] format_est=100.0% overall_est=9.1% prompt_rows=443/40
[2026-07-22 01:35:30] PROGRESS format=standard [1/11] format_est=100.0% overall_est=9.1% prompt_rows=451/40
[2026-07-22 01:36:15] PROGRESS format=standard [1/11] format_est=100.0% overall_est=9.1% prompt_rows=456/40
[2026-07-22 01:36:20] PROGRESS format=standard [1/11] format_est=100.0% overall_est=9.1% prompt_rows=461/40
[2026-07-22 01:37:06] PROGRESS format=standard [1/11] format_est=100.0% overall_est=9.1% prompt_rows=467/40
[2026-07-22 01:37:11] PROGRESS format=standard [1/11] format_est=100.0% overall_est=9.1% prompt_rows=471/40
[2026-07-22 01:37:56] PROGRESS format=standard [1/11] format_est=100.0% overall_est=9.1% prompt_rows=481/40
[2026-07-22 01:38:36] PROGRESS format=standard [1/11] format_est=100.0% overall_est=9.1% prompt_rows=483/40
[2026-07-22 01:38:41] PROGRESS format=standard [1/11] format_est=100.0% overall_est=9.1% prompt_rows=491/40
[2026-07-22 01:39:21] PROGRESS format=standard [1/11] format_est=100.0% overall_est=9.1% prompt_rows=501/40
[2026-07-22 01:40:06] PROGRESS format=standard [1/11] format_est=100.0% overall_est=9.1% prompt_rows=511/40
[2026-07-22 01:40:56] PROGRESS format=standard [1/11] format_est=100.0% overall_est=9.1% prompt_rows=521/40
[2026-07-22 01:41:47] PROGRESS format=standard [1/11] format_est=100.0% overall_est=9.1% prompt_rows=531/40
[2026-07-22 01:42:37] PROGRESS format=standard [1/11] format_est=100.0% overall_est=9.1% prompt_rows=541/40
[2026-07-22 01:43:27] PROGRESS format=standard [1/11] format_est=100.0% overall_est=9.1% prompt_rows=551/40
[2026-07-22 01:44:12] PROGRESS format=standard [1/11] format_est=100.0% overall_est=9.1% prompt_rows=560/40
[2026-07-22 01:44:17] PROGRESS format=standard [1/11] format_est=100.0% overall_est=9.1% prompt_rows=561/40
[2026-07-22 01:45:02] PROGRESS format=standard [1/11] format_est=100.0% overall_est=9.1% prompt_rows=571/40
[2026-07-22 01:45:52] PROGRESS format=standard [1/11] format_est=100.0% overall_est=9.1% prompt_rows=581/40
[2026-07-22 01:46:47] PROGRESS format=standard [1/11] format_est=100.0% overall_est=9.1% prompt_rows=591/40
[2026-07-22 01:47:33] PROGRESS format=standard [1/11] format_est=100.0% overall_est=9.1% prompt_rows=592/40
[2026-07-22 01:47:38] PROGRESS format=standard [1/11] format_est=100.0% overall_est=9.1% prompt_rows=601/40
[2026-07-22 01:48:18] PROGRESS format=standard [1/11] format_est=100.0% overall_est=9.1% prompt_rows=607/40
[2026-07-22 01:48:23] PROGRESS format=standard [1/11] format_est=100.0% overall_est=9.1% prompt_rows=611/40
[2026-07-22 01:49:08] PROGRESS format=standard [1/11] format_est=100.0% overall_est=9.1% prompt_rows=619/40
[2026-07-22 01:49:13] PROGRESS format=standard [1/11] format_est=100.0% overall_est=9.1% prompt_rows=621/40
[2026-07-22 01:49:58] PROGRESS format=standard [1/11] format_est=100.0% overall_est=9.1% prompt_rows=631/40
[2026-07-22 01:50:48] PROGRESS format=standard [1/11] format_est=100.0% overall_est=9.1% prompt_rows=641/40
[2026-07-22 01:51:33] PROGRESS format=standard [1/11] format_est=100.0% overall_est=9.1% prompt_rows=646/40
[2026-07-22 01:51:38] PROGRESS format=standard [1/11] format_est=100.0% overall_est=9.1% prompt_rows=651/40
[2026-07-22 01:52:28] PROGRESS format=standard [1/11] format_est=100.0% overall_est=9.1% prompt_rows=660/40
[2026-07-22 01:52:33] PROGRESS format=standard [1/11] format_est=100.0% overall_est=9.1% prompt_rows=661/40
[2026-07-22 01:53:19] PROGRESS format=standard [1/11] format_est=100.0% overall_est=9.1% prompt_rows=671/40
[2026-07-22 01:54:09] PROGRESS format=standard [1/11] format_est=100.0% overall_est=9.1% prompt_rows=677/40
[2026-07-22 01:54:14] PROGRESS format=standard [1/11] format_est=100.0% overall_est=9.1% prompt_rows=681/40
[2026-07-22 01:54:59] PROGRESS format=standard [1/11] format_est=100.0% overall_est=9.1% prompt_rows=690/40
[2026-07-22 01:55:04] PROGRESS format=standard [1/11] format_est=100.0% overall_est=9.1% prompt_rows=691/40
[2026-07-22 01:55:54] PROGRESS format=standard [1/11] format_est=100.0% overall_est=9.1% prompt_rows=701/40
[2026-07-22 01:56:44] PROGRESS format=standard [1/11] format_est=100.0% overall_est=9.1% prompt_rows=711/40
[2026-07-22 01:57:34] PROGRESS format=standard [1/11] format_est=100.0% overall_est=9.1% prompt_rows=715/40
[2026-07-22 01:57:39] PROGRESS format=standard [1/11] format_est=100.0% overall_est=9.1% prompt_rows=721/40
[2026-07-22 01:58:20] PROGRESS format=standard [1/11] format_est=100.0% overall_est=9.1% prompt_rows=731/40
[2026-07-22 01:59:05] PROGRESS format=standard [1/11] format_est=100.0% overall_est=9.1% prompt_rows=741/40
[2026-07-22 01:59:45] PROGRESS format=standard [1/11] format_est=100.0% overall_est=9.1% prompt_rows=747/40
[2026-07-22 01:59:50] PROGRESS format=standard [1/11] format_est=100.0% overall_est=9.1% prompt_rows=751/40
[2026-07-22 02:00:30] PROGRESS format=standard [1/11] format_est=100.0% overall_est=9.1% prompt_rows=761/40
[2026-07-22 02:01:15] PROGRESS format=standard [1/11] format_est=100.0% overall_est=9.1% prompt_rows=771/40
[2026-07-22 02:01:55] PROGRESS format=standard [1/11] format_est=100.0% overall_est=9.1% prompt_rows=777/40
[2026-07-22 02:02:00] PROGRESS format=standard [1/11] format_est=100.0% overall_est=9.1% prompt_rows=781/40
[2026-07-22 02:02:50] PROGRESS format=standard [1/11] format_est=100.0% overall_est=9.1% prompt_rows=791/40
[2026-07-22 02:03:41] PROGRESS format=standard [1/11] format_est=100.0% overall_est=9.1% prompt_rows=799/40
[2026-07-22 02:03:46] PROGRESS format=standard [1/11] format_est=100.0% overall_est=9.1% prompt_rows=801/40
[2026-07-22 02:04:36] PROGRESS format=standard [1/11] format_est=100.0% overall_est=9.1% prompt_rows=802/40
[2026-07-22 02:04:41] PROGRESS format=standard [1/11] format_est=100.0% overall_est=9.1% prompt_rows=811/40
[2026-07-22 02:05:36] PROGRESS format=standard [1/11] format_est=100.0% overall_est=9.1% prompt_rows=820/40
[2026-07-22 02:05:41] PROGRESS format=standard [1/11] format_est=100.0% overall_est=9.1% prompt_rows=821/40
[2026-07-22 02:06:26] PROGRESS format=standard [1/11] format_est=100.0% overall_est=9.1% prompt_rows=829/40
[2026-07-22 02:06:31] PROGRESS format=standard [1/11] format_est=100.0% overall_est=9.1% prompt_rows=831/40
[2026-07-22 02:07:21] PROGRESS format=standard [1/11] format_est=100.0% overall_est=9.1% prompt_rows=839/40
[2026-07-22 02:07:26] PROGRESS format=standard [1/11] format_est=100.0% overall_est=9.1% prompt_rows=840/40
[2026-07-22 02:07:31] PROGRESS format=standard [1/11] format_est=100.0% overall_est=9.1% prompt_rows=841/40
[2026-07-22 02:08:21] PROGRESS format=standard [1/11] format_est=100.0% overall_est=9.1% prompt_rows=851/40
[2026-07-22 02:09:17] PROGRESS format=standard [1/11] format_est=100.0% overall_est=9.1% prompt_rows=861/40
[2026-07-22 02:10:12] PROGRESS format=standard [1/11] format_est=100.0% overall_est=9.1% prompt_rows=871/40
[2026-07-22 02:11:07] PROGRESS format=standard [1/11] format_est=100.0% overall_est=9.1% prompt_rows=878/40
[2026-07-22 02:11:12] PROGRESS format=standard [1/11] format_est=100.0% overall_est=9.1% prompt_rows=881/40
[2026-07-22 02:12:02] PROGRESS format=standard [1/11] format_est=100.0% overall_est=9.1% prompt_rows=890/40
[2026-07-22 02:12:07] PROGRESS format=standard [1/11] format_est=100.0% overall_est=9.1% prompt_rows=891/40
[2026-07-22 02:13:02] PROGRESS format=standard [1/11] format_est=100.0% overall_est=9.1% prompt_rows=893/40
[2026-07-22 02:13:07] PROGRESS format=standard [1/11] format_est=100.0% overall_est=9.1% prompt_rows=901/40
[2026-07-22 02:14:03] PROGRESS format=standard [1/11] format_est=100.0% overall_est=9.1% prompt_rows=904/40
[2026-07-22 02:14:08] PROGRESS format=standard [1/11] format_est=100.0% overall_est=9.1% prompt_rows=911/40
[2026-07-22 02:15:08] PROGRESS format=standard [1/11] format_est=100.0% overall_est=9.1% prompt_rows=911/40
[2026-07-22 02:15:13] PROGRESS format=standard [1/11] format_est=100.0% overall_est=9.1% prompt_rows=921/40
[2026-07-22 02:16:13] PROGRESS format=standard [1/11] format_est=100.0% overall_est=9.1% prompt_rows=921/40
[2026-07-22 02:16:18] PROGRESS format=standard [1/11] format_est=100.0% overall_est=9.1% prompt_rows=923/40
[2026-07-22 02:16:23] PROGRESS format=standard [1/11] format_est=100.0% overall_est=9.1% prompt_rows=931/40
[2026-07-22 02:17:13] PROGRESS format=standard [1/11] format_est=100.0% overall_est=9.1% prompt_rows=941/40
[2026-07-22 02:18:14] PROGRESS format=standard [1/11] format_est=100.0% overall_est=9.1% prompt_rows=951/40
[2026-07-22 02:19:14] PROGRESS format=standard [1/11] format_est=100.0% overall_est=9.1% prompt_rows=951/40
[2026-07-22 02:19:24] PROGRESS format=standard [1/11] format_est=100.0% overall_est=9.1% prompt_rows=961/40
[2026-07-22 02:20:24] PROGRESS format=standard [1/11] format_est=100.0% overall_est=9.1% prompt_rows=961/40
[2026-07-22 02:20:29] PROGRESS format=standard [1/11] format_est=100.0% overall_est=9.1% prompt_rows=967/40
[2026-07-22 02:20:34] PROGRESS format=standard [1/11] format_est=100.0% overall_est=9.1% prompt_rows=971/40
[2026-07-22 02:21:34] PROGRESS format=standard [1/11] format_est=100.0% overall_est=9.1% prompt_rows=971/40
[2026-07-22 02:21:44] PROGRESS format=standard [1/11] format_est=100.0% overall_est=9.1% prompt_rows=981/40
[2026-07-22 02:22:45] PROGRESS format=standard [1/11] format_est=100.0% overall_est=9.1% prompt_rows=981/40
[2026-07-22 02:22:50] PROGRESS format=standard [1/11] format_est=100.0% overall_est=9.1% prompt_rows=991/40
[2026-07-22 02:23:50] PROGRESS format=standard [1/11] format_est=100.0% overall_est=9.1% prompt_rows=991/40
[2026-07-22 02:23:55] PROGRESS format=standard [1/11] format_est=100.0% overall_est=9.1% prompt_rows=1001/40
[2026-07-22 02:24:55] PROGRESS format=standard [1/11] format_est=100.0% overall_est=9.1% prompt_rows=1008/40
[2026-07-22 02:25:00] PROGRESS format=standard [1/11] format_est=100.0% overall_est=9.1% prompt_rows=1011/40
[2026-07-22 02:26:00] PROGRESS format=standard [1/11] format_est=100.0% overall_est=9.1% prompt_rows=1013/40
[2026-07-22 02:26:05] PROGRESS format=standard [1/11] format_est=100.0% overall_est=9.1% prompt_rows=1021/40
[2026-07-22 02:27:01] PROGRESS format=standard [1/11] format_est=100.0% overall_est=9.1% prompt_rows=1031/40
[2026-07-22 02:27:56] PROGRESS format=standard [1/11] format_est=100.0% overall_est=9.1% prompt_rows=1037/40
[2026-07-22 02:28:01] PROGRESS format=standard [1/11] format_est=100.0% overall_est=9.1% prompt_rows=1041/40
[2026-07-22 02:28:51] PROGRESS format=standard [1/11] format_est=100.0% overall_est=9.1% prompt_rows=1051/40
[2026-07-22 02:29:41] PROGRESS format=standard [1/11] format_est=100.0% overall_est=9.1% prompt_rows=1061/40
[2026-07-22 02:30:31] PROGRESS format=standard [1/11] format_est=100.0% overall_est=9.1% prompt_rows=1070/40
[2026-07-22 02:30:37] PROGRESS format=standard [1/11] format_est=100.0% overall_est=9.1% prompt_rows=1071/40
[2026-07-22 02:31:22] PROGRESS format=standard [1/11] format_est=100.0% overall_est=9.1% prompt_rows=1081/40
[2026-07-22 02:32:17] PROGRESS format=standard [1/11] format_est=100.0% overall_est=9.1% prompt_rows=1086/40
[2026-07-22 02:32:22] PROGRESS format=standard [1/11] format_est=100.0% overall_est=9.1% prompt_rows=1091/40
[2026-07-22 02:33:12] PROGRESS format=standard [1/11] format_est=100.0% overall_est=9.1% prompt_rows=1101/40
[2026-07-22 02:34:02] PROGRESS format=standard [1/11] format_est=100.0% overall_est=9.1% prompt_rows=1111/40
[2026-07-22 02:34:52] PROGRESS format=standard [1/11] format_est=100.0% overall_est=9.1% prompt_rows=1120/40
[2026-07-22 02:35:02] PROGRESS format=standard [1/11] format_est=100.0% overall_est=9.1% prompt_rows=1121/40
[2026-07-22 02:35:48] PROGRESS format=standard [1/11] format_est=100.0% overall_est=9.1% prompt_rows=1131/40
[2026-07-22 02:36:38] PROGRESS format=standard [1/11] format_est=100.0% overall_est=9.1% prompt_rows=1141/40
[2026-07-22 02:37:23] PROGRESS format=standard [1/11] format_est=100.0% overall_est=9.1% prompt_rows=1151/40
[2026-07-22 02:38:08] PROGRESS format=standard [1/11] format_est=100.0% overall_est=9.1% prompt_rows=1161/40
[2026-07-22 02:38:53] PROGRESS format=standard [1/11] format_est=100.0% overall_est=9.1% prompt_rows=1162/40
[2026-07-22 02:38:58] PROGRESS format=standard [1/11] format_est=100.0% overall_est=9.1% prompt_rows=1171/40
[2026-07-22 02:39:48] PROGRESS format=standard [1/11] format_est=100.0% overall_est=9.1% prompt_rows=1181/40
[2026-07-22 02:40:43] PROGRESS format=standard [1/11] format_est=100.0% overall_est=9.1% prompt_rows=1191/40
[2026-07-22 02:41:44] PROGRESS format=standard [1/11] format_est=100.0% overall_est=9.1% prompt_rows=1201/40
[2026-07-22 02:42:44] PROGRESS format=standard [1/11] format_est=100.0% overall_est=9.1% prompt_rows=1201/40
[2026-07-22 02:42:49] PROGRESS format=standard [1/11] format_est=100.0% overall_est=9.1% prompt_rows=1211/40
[2026-07-22 02:43:39] PROGRESS format=standard [1/11] format_est=100.0% overall_est=9.1% prompt_rows=1221/40
[2026-07-22 02:44:29] PROGRESS format=standard [1/11] format_est=100.0% overall_est=9.1% prompt_rows=1231/40
[2026-07-22 02:45:15] PROGRESS format=standard [1/11] format_est=100.0% overall_est=9.1% prompt_rows=1237/40
[2026-07-22 02:45:20] PROGRESS format=standard [1/11] format_est=100.0% overall_est=9.1% prompt_rows=1241/40
[2026-07-22 02:46:05] PROGRESS format=standard [1/11] format_est=100.0% overall_est=9.1% prompt_rows=1251/40
[2026-07-22 02:47:05] PROGRESS format=standard [1/11] format_est=100.0% overall_est=9.1% prompt_rows=1260/40
[2026-07-22 02:47:10] PROGRESS format=standard [1/11] format_est=100.0% overall_est=9.1% prompt_rows=1261/40
[2026-07-22 02:48:05] PROGRESS format=standard [1/11] format_est=100.0% overall_est=9.1% prompt_rows=1271/40
[2026-07-22 02:49:05] PROGRESS format=standard [1/11] format_est=100.0% overall_est=9.1% prompt_rows=1274/40
[2026-07-22 02:49:10] PROGRESS format=standard [1/11] format_est=100.0% overall_est=9.1% prompt_rows=1281/40
[2026-07-22 02:50:01] PROGRESS format=standard [1/11] format_est=100.0% overall_est=9.1% prompt_rows=1291/40
[2026-07-22 02:50:46] PROGRESS format=standard [1/11] format_est=100.0% overall_est=9.1% prompt_rows=1301/40
[2026-07-22 02:51:36] PROGRESS format=standard [1/11] format_est=100.0% overall_est=9.1% prompt_rows=1311/40
[2026-07-22 02:52:26] PROGRESS format=standard [1/11] format_est=100.0% overall_est=9.1% prompt_rows=1321/40
[2026-07-22 02:53:21] PROGRESS format=standard [1/11] format_est=100.0% overall_est=9.1% prompt_rows=1331/40
[2026-07-22 02:54:17] PROGRESS format=standard [1/11] format_est=100.0% overall_est=9.1% prompt_rows=1341/40
[2026-07-22 02:55:07] PROGRESS format=standard [1/11] format_est=100.0% overall_est=9.1% prompt_rows=1348/40
[2026-07-22 02:55:12] PROGRESS format=standard [1/11] format_est=100.0% overall_est=9.1% prompt_rows=1351/40
[2026-07-22 02:55:57] PROGRESS format=standard [1/11] format_est=100.0% overall_est=9.1% prompt_rows=1361/40
[2026-07-22 02:56:47] PROGRESS format=standard [1/11] format_est=100.0% overall_est=9.1% prompt_rows=1371/40
[2026-07-22 02:57:32] PROGRESS format=standard [1/11] format_est=100.0% overall_est=9.1% prompt_rows=1381/40
[2026-07-22 02:58:18] PROGRESS format=standard [1/11] format_est=100.0% overall_est=9.1% prompt_rows=1383/40
[2026-07-22 02:58:23] PROGRESS format=standard [1/11] format_est=100.0% overall_est=9.1% prompt_rows=1391/40
[2026-07-22 02:59:13] PROGRESS format=standard [1/11] format_est=100.0% overall_est=9.1% prompt_rows=1394/40
[2026-07-22 02:59:18] PROGRESS format=standard [1/11] format_est=100.0% overall_est=9.1% prompt_rows=1400/40
[2026-07-22 02:59:23] PROGRESS format=standard [1/11] format_est=100.0% overall_est=9.1% prompt_rows=1401/40
[2026-07-22 03:00:23] PROGRESS format=standard [1/11] format_est=100.0% overall_est=9.1% prompt_rows=1411/40
[2026-07-22 03:01:23] PROGRESS format=standard [1/11] format_est=100.0% overall_est=9.1% prompt_rows=1415/40
[2026-07-22 03:01:28] PROGRESS format=standard [1/11] format_est=100.0% overall_est=9.1% prompt_rows=1421/40
[2026-07-22 03:02:09] PROGRESS format=standard [1/11] format_est=100.0% overall_est=9.1% prompt_rows=1422/40
[2026-07-22 03:02:14] PROGRESS format=standard [1/11] format_est=100.0% overall_est=9.1% prompt_rows=1431/40
[2026-07-22 03:02:54] PROGRESS format=standard [1/11] format_est=100.0% overall_est=9.1% prompt_rows=1440/40
[2026-07-22 03:02:59] PROGRESS format=standard [1/11] format_est=100.0% overall_est=9.1% prompt_rows=1441/40
[2026-07-22 03:03:44] PROGRESS format=standard [1/11] format_est=100.0% overall_est=9.1% prompt_rows=1451/40
[2026-07-22 03:04:14] PROGRESS format=standard [1/11] format_est=100.0% overall_est=9.1% prompt_rows=1461/40
[2026-07-22 03:04:44] PROGRESS format=standard [1/11] format_est=100.0% overall_est=9.1% prompt_rows=1465/40
[2026-07-22 03:04:49] PROGRESS format=standard [1/11] format_est=100.0% overall_est=9.1% prompt_rows=1471/40
[2026-07-22 03:05:19] PROGRESS format=standard [1/11] format_est=100.0% overall_est=9.1% prompt_rows=1481/40
[2026-07-22 03:05:55] PROGRESS format=standard [1/11] format_est=100.0% overall_est=9.1% prompt_rows=1491/40
[2026-07-22 03:06:30] PROGRESS format=standard [1/11] format_est=100.0% overall_est=9.1% prompt_rows=1501/40
[2026-07-22 03:07:05] PROGRESS format=standard [1/11] format_est=100.0% overall_est=9.1% prompt_rows=1511/40
[2026-07-22 03:07:40] PROGRESS format=standard [1/11] format_est=100.0% overall_est=9.1% prompt_rows=1520/40
[2026-07-22 03:07:45] PROGRESS format=standard [1/11] format_est=100.0% overall_est=9.1% prompt_rows=1521/40
[2026-07-22 03:08:20] PROGRESS format=standard [1/11] format_est=100.0% overall_est=9.1% prompt_rows=1531/40
[2026-07-22 03:09:00] PROGRESS format=standard [1/11] format_est=100.0% overall_est=9.1% prompt_rows=1541/40
[2026-07-22 03:09:40] PROGRESS format=standard [1/11] format_est=100.0% overall_est=9.1% prompt_rows=1551/40
[2026-07-22 03:10:21] PROGRESS format=standard [1/11] format_est=100.0% overall_est=9.1% prompt_rows=1561/40
[2026-07-22 03:11:01] PROGRESS format=standard [1/11] format_est=100.0% overall_est=9.1% prompt_rows=1571/40
[2026-07-22 03:11:41] PROGRESS format=standard [1/11] format_est=100.0% overall_est=9.1% prompt_rows=1581/40
[2026-07-22 03:12:21] PROGRESS format=standard [1/11] format_est=100.0% overall_est=9.1% prompt_rows=1591/40
[2026-07-22 03:13:01] PROGRESS format=standard [1/11] format_est=100.0% overall_est=9.1% prompt_rows=1601/40
[2026-07-22 03:13:41] PROGRESS format=standard [1/11] format_est=100.0% overall_est=9.1% prompt_rows=1611/40
[2026-07-22 03:14:21] PROGRESS format=standard [1/11] format_est=100.0% overall_est=9.1% prompt_rows=1621/40
[2026-07-22 03:15:01] PROGRESS format=standard [1/11] format_est=100.0% overall_est=9.1% prompt_rows=1631/40
[2026-07-22 03:15:42] PROGRESS format=standard [1/11] format_est=100.0% overall_est=9.1% prompt_rows=1641/40
[2026-07-22 03:16:22] PROGRESS format=standard [1/11] format_est=100.0% overall_est=9.1% prompt_rows=1651/40
[2026-07-22 03:17:02] PROGRESS format=standard [1/11] format_est=100.0% overall_est=9.1% prompt_rows=1661/40
[2026-07-22 03:17:42] PROGRESS format=standard [1/11] format_est=100.0% overall_est=9.1% prompt_rows=1671/40
[2026-07-22 03:18:22] PROGRESS format=standard [1/11] format_est=100.0% overall_est=9.1% prompt_rows=1680/40
[2026-07-22 03:18:27] PROGRESS format=standard [1/11] format_est=100.0% overall_est=9.1% prompt_rows=1681/40
[2026-07-22 03:19:07] PROGRESS format=standard [1/11] format_est=100.0% overall_est=9.1% prompt_rows=1691/40
[2026-07-22 03:19:48] PROGRESS format=standard [1/11] format_est=100.0% overall_est=9.1% prompt_rows=1701/40
[2026-07-22 03:20:28] PROGRESS format=standard [1/11] format_est=100.0% overall_est=9.1% prompt_rows=1711/40
[2026-07-22 03:21:08] PROGRESS format=standard [1/11] format_est=100.0% overall_est=9.1% prompt_rows=1721/40
[2026-07-22 03:21:48] PROGRESS format=standard [1/11] format_est=100.0% overall_est=9.1% prompt_rows=1731/40
[2026-07-22 03:22:28] PROGRESS format=standard [1/11] format_est=100.0% overall_est=9.1% prompt_rows=1741/40
[2026-07-22 03:23:08] PROGRESS format=standard [1/11] format_est=100.0% overall_est=9.1% prompt_rows=1751/40
[2026-07-22 03:23:49] PROGRESS format=standard [1/11] format_est=100.0% overall_est=9.1% prompt_rows=1761/40
[2026-07-22 03:24:29] PROGRESS format=standard [1/11] format_est=100.0% overall_est=9.1% prompt_rows=1771/40
[2026-07-22 03:25:09] PROGRESS format=standard [1/11] format_est=100.0% overall_est=9.1% prompt_rows=1781/40
[2026-07-22 03:25:49] PROGRESS format=standard [1/11] format_est=100.0% overall_est=9.1% prompt_rows=1791/40
[2026-07-22 03:26:29] PROGRESS format=standard [1/11] format_est=100.0% overall_est=9.1% prompt_rows=1801/40
[2026-07-22 03:27:09] PROGRESS format=standard [1/11] format_est=100.0% overall_est=9.1% prompt_rows=1810/40
[2026-07-22 03:27:14] PROGRESS format=standard [1/11] format_est=100.0% overall_est=9.1% prompt_rows=1811/40
[2026-07-22 03:27:49] PROGRESS format=standard [1/11] format_est=100.0% overall_est=9.1% prompt_rows=1820/40
[2026-07-22 03:27:54] PROGRESS format=standard [1/11] format_est=100.0% overall_est=9.1% prompt_rows=1821/40
[2026-07-22 03:28:30] PROGRESS format=standard [1/11] format_est=100.0% overall_est=9.1% prompt_rows=1828/40
[2026-07-22 03:28:35] PROGRESS format=standard [1/11] format_est=100.0% overall_est=9.1% prompt_rows=1831/40
[2026-07-22 03:29:10] PROGRESS format=standard [1/11] format_est=100.0% overall_est=9.1% prompt_rows=1839/40
[2026-07-22 03:29:15] PROGRESS format=standard [1/11] format_est=100.0% overall_est=9.1% prompt_rows=1841/40
[2026-07-22 03:29:50] PROGRESS format=standard [1/11] format_est=100.0% overall_est=9.1% prompt_rows=1850/40
[2026-07-22 03:29:55] PROGRESS format=standard [1/11] format_est=100.0% overall_est=9.1% prompt_rows=1851/40
[2026-07-22 03:30:30] PROGRESS format=standard [1/11] format_est=100.0% overall_est=9.1% prompt_rows=1858/40
[2026-07-22 03:30:35] PROGRESS format=standard [1/11] format_est=100.0% overall_est=9.1% prompt_rows=1861/40
[2026-07-22 03:31:10] PROGRESS format=standard [1/11] format_est=100.0% overall_est=9.1% prompt_rows=1867/40
[2026-07-22 03:31:15] PROGRESS format=standard [1/11] format_est=100.0% overall_est=9.1% prompt_rows=1871/40
[2026-07-22 03:31:50] PROGRESS format=standard [1/11] format_est=100.0% overall_est=9.1% prompt_rows=1876/40
[2026-07-22 03:31:55] PROGRESS format=standard [1/11] format_est=100.0% overall_est=9.1% prompt_rows=1881/40
[2026-07-22 03:32:31] PROGRESS format=standard [1/11] format_est=100.0% overall_est=9.1% prompt_rows=1885/40
[2026-07-22 03:32:36] PROGRESS format=standard [1/11] format_est=100.0% overall_est=9.1% prompt_rows=1891/40
[2026-07-22 03:33:11] PROGRESS format=standard [1/11] format_est=100.0% overall_est=9.1% prompt_rows=1895/40
[2026-07-22 03:33:16] PROGRESS format=standard [1/11] format_est=100.0% overall_est=9.1% prompt_rows=1901/40
[2026-07-22 03:33:51] PROGRESS format=standard [1/11] format_est=100.0% overall_est=9.1% prompt_rows=1904/40
[2026-07-22 03:33:56] PROGRESS format=standard [1/11] format_est=100.0% overall_est=9.1% prompt_rows=1911/40
[2026-07-22 03:34:31] PROGRESS format=standard [1/11] format_est=100.0% overall_est=9.1% prompt_rows=1912/40
[2026-07-22 03:34:36] PROGRESS format=standard [1/11] format_est=100.0% overall_est=9.1% prompt_rows=1921/40
[2026-07-22 03:35:16] PROGRESS format=standard [1/11] format_est=100.0% overall_est=9.1% prompt_rows=1931/40
[2026-07-22 03:35:56] PROGRESS format=standard [1/11] format_est=100.0% overall_est=9.1% prompt_rows=1941/40
[2026-07-22 03:36:37] PROGRESS format=standard [1/11] format_est=100.0% overall_est=9.1% prompt_rows=1951/40
[2026-07-22 03:37:17] PROGRESS format=standard [1/11] format_est=100.0% overall_est=9.1% prompt_rows=1960/40
[2026-07-22 03:37:22] PROGRESS format=standard [1/11] format_est=100.0% overall_est=9.1% prompt_rows=1961/40
[2026-07-22 03:37:57] PROGRESS format=standard [1/11] format_est=100.0% overall_est=9.1% prompt_rows=1965/40
[2026-07-22 03:38:02] PROGRESS format=standard [1/11] format_est=100.0% overall_est=9.1% prompt_rows=1971/40
[2026-07-22 03:38:37] PROGRESS format=standard [1/11] format_est=100.0% overall_est=9.1% prompt_rows=1977/40
[2026-07-22 03:38:42] PROGRESS format=standard [1/11] format_est=100.0% overall_est=9.1% prompt_rows=1981/40
[2026-07-22 03:39:17] PROGRESS format=standard [1/11] format_est=100.0% overall_est=9.1% prompt_rows=1987/40
[2026-07-22 03:39:22] PROGRESS format=standard [1/11] format_est=100.0% overall_est=9.1% prompt_rows=1991/40
[2026-07-22 03:39:57] PROGRESS format=standard [1/11] format_est=100.0% overall_est=9.1% prompt_rows=1999/40
[2026-07-22 03:40:02] PROGRESS format=standard [1/11] format_est=100.0% overall_est=9.1% prompt_rows=2001/40
[2026-07-22 03:40:37] PROGRESS format=standard [1/11] format_est=100.0% overall_est=9.1% prompt_rows=2008/40
[2026-07-22 03:40:42] PROGRESS format=standard [1/11] format_est=100.0% overall_est=9.1% prompt_rows=2011/40
[2026-07-22 03:41:18] PROGRESS format=standard [1/11] format_est=100.0% overall_est=9.1% prompt_rows=2019/40
[2026-07-22 03:41:23] PROGRESS format=standard [1/11] format_est=100.0% overall_est=9.1% prompt_rows=2021/40
[2026-07-22 03:41:58] PROGRESS format=standard [1/11] format_est=100.0% overall_est=9.1% prompt_rows=2029/40
[2026-07-22 03:42:03] PROGRESS format=standard [1/11] format_est=100.0% overall_est=9.1% prompt_rows=2031/40
[2026-07-22 03:42:38] PROGRESS format=standard [1/11] format_est=100.0% overall_est=9.1% prompt_rows=2040/40
[2026-07-22 03:42:43] PROGRESS format=standard [1/11] format_est=100.0% overall_est=9.1% prompt_rows=2041/40
[2026-07-22 03:43:18] PROGRESS format=standard [1/11] format_est=100.0% overall_est=9.1% prompt_rows=2050/40
[2026-07-22 03:43:23] PROGRESS format=standard [1/11] format_est=100.0% overall_est=9.1% prompt_rows=2051/40
[2026-07-22 03:43:58] PROGRESS format=standard [1/11] format_est=100.0% overall_est=9.1% prompt_rows=2055/40
[2026-07-22 03:44:03] PROGRESS format=standard [1/11] format_est=100.0% overall_est=9.1% prompt_rows=2061/40
[2026-07-22 03:44:38] PROGRESS format=standard [1/11] format_est=100.0% overall_est=9.1% prompt_rows=2064/40
[2026-07-22 03:44:43] PROGRESS format=standard [1/11] format_est=100.0% overall_est=9.1% prompt_rows=2071/40
[2026-07-22 03:45:19] PROGRESS format=standard [1/11] format_est=100.0% overall_est=9.1% prompt_rows=2072/40
[2026-07-22 03:45:24] PROGRESS format=standard [1/11] format_est=100.0% overall_est=9.1% prompt_rows=2081/40
[2026-07-22 03:45:59] PROGRESS format=standard [1/11] format_est=100.0% overall_est=9.1% prompt_rows=2085/40
[2026-07-22 03:46:04] PROGRESS format=standard [1/11] format_est=100.0% overall_est=9.1% prompt_rows=2091/40
[2026-07-22 03:46:44] PROGRESS format=standard [1/11] format_est=100.0% overall_est=9.1% prompt_rows=2101/40
[2026-07-22 03:47:24] PROGRESS format=standard [1/11] format_est=100.0% overall_est=9.1% prompt_rows=2111/40
[2026-07-22 03:48:04] PROGRESS format=standard [1/11] format_est=100.0% overall_est=9.1% prompt_rows=2121/40
[2026-07-22 03:48:40] PROGRESS format=standard [1/11] format_est=100.0% overall_est=9.1% prompt_rows=2123/40
[2026-07-22 03:48:45] PROGRESS format=standard [1/11] format_est=100.0% overall_est=9.1% prompt_rows=2131/40
[2026-07-22 03:49:20] PROGRESS format=standard [1/11] format_est=100.0% overall_est=9.1% prompt_rows=2134/40
[2026-07-22 03:49:25] PROGRESS format=standard [1/11] format_est=100.0% overall_est=9.1% prompt_rows=2141/40
[2026-07-22 03:50:05] PROGRESS format=standard [1/11] format_est=100.0% overall_est=9.1% prompt_rows=2151/40
[2026-07-22 03:50:45] PROGRESS format=standard [1/11] format_est=100.0% overall_est=9.1% prompt_rows=2161/40
[2026-07-22 03:51:25] PROGRESS format=standard [1/11] format_est=100.0% overall_est=9.1% prompt_rows=2171/40
[2026-07-22 03:52:05] PROGRESS format=standard [1/11] format_est=100.0% overall_est=9.1% prompt_rows=2181/40
[2026-07-22 03:52:46] PROGRESS format=standard [1/11] format_est=100.0% overall_est=9.1% prompt_rows=2191/40
[2026-07-22 03:53:26] PROGRESS format=standard [1/11] format_est=100.0% overall_est=9.1% prompt_rows=2201/40
[2026-07-22 03:54:01] PROGRESS format=standard [1/11] format_est=100.0% overall_est=9.1% prompt_rows=2203/40
[2026-07-22 03:54:06] PROGRESS format=standard [1/11] format_est=100.0% overall_est=9.1% prompt_rows=2211/40
[2026-07-22 03:54:41] PROGRESS format=standard [1/11] format_est=100.0% overall_est=9.1% prompt_rows=2212/40
[2026-07-22 03:54:46] PROGRESS format=standard [1/11] format_est=100.0% overall_est=9.1% prompt_rows=2221/40
[2026-07-22 03:55:21] PROGRESS format=standard [1/11] format_est=100.0% overall_est=9.1% prompt_rows=2224/40
[2026-07-22 03:55:26] PROGRESS format=standard [1/11] format_est=100.0% overall_est=9.1% prompt_rows=2231/40
[2026-07-22 03:56:02] PROGRESS format=standard [1/11] format_est=100.0% overall_est=9.1% prompt_rows=2237/40
[2026-07-22 03:56:07] PROGRESS format=standard [1/11] format_est=100.0% overall_est=9.1% prompt_rows=2240/40
[2026-07-22 03:56:12] PROGRESS format=standard [1/11] format_est=100.0% overall_est=9.1% prompt_rows=2241/40
[2026-07-22 03:56:52] PROGRESS format=standard [1/11] format_est=100.0% overall_est=9.1% prompt_rows=2251/40
[2026-07-22 03:57:32] PROGRESS format=standard [1/11] format_est=100.0% overall_est=9.1% prompt_rows=2261/40
[2026-07-22 03:58:12] PROGRESS format=standard [1/11] format_est=100.0% overall_est=9.1% prompt_rows=2271/40
[2026-07-22 03:58:52] PROGRESS format=standard [1/11] format_est=100.0% overall_est=9.1% prompt_rows=2281/40
[2026-07-22 03:59:32] PROGRESS format=standard [1/11] format_est=100.0% overall_est=9.1% prompt_rows=2291/40
[2026-07-22 04:00:08] PROGRESS format=standard [1/11] format_est=100.0% overall_est=9.1% prompt_rows=2292/40
[2026-07-22 04:00:13] PROGRESS format=standard [1/11] format_est=100.0% overall_est=9.1% prompt_rows=2301/40
[2026-07-22 04:00:48] PROGRESS format=standard [1/11] format_est=100.0% overall_est=9.1% prompt_rows=2305/40
[2026-07-22 04:00:53] PROGRESS format=standard [1/11] format_est=100.0% overall_est=9.1% prompt_rows=2311/40
[2026-07-22 04:01:28] PROGRESS format=standard [1/11] format_est=100.0% overall_est=9.1% prompt_rows=2315/40
[2026-07-22 04:01:33] PROGRESS format=standard [1/11] format_est=100.0% overall_est=9.1% prompt_rows=2321/40
[2026-07-22 04:02:08] PROGRESS format=standard [1/11] format_est=100.0% overall_est=9.1% prompt_rows=2325/40
[2026-07-22 04:02:13] PROGRESS format=standard [1/11] format_est=100.0% overall_est=9.1% prompt_rows=2331/40
[2026-07-22 04:02:48] PROGRESS format=standard [1/11] format_est=100.0% overall_est=9.1% prompt_rows=2338/40
[2026-07-22 04:02:53] PROGRESS format=standard [1/11] format_est=100.0% overall_est=9.1% prompt_rows=2341/40
[2026-07-22 04:03:29] PROGRESS format=standard [1/11] format_est=100.0% overall_est=9.1% prompt_rows=2351/40
[2026-07-22 04:04:09] PROGRESS format=standard [1/11] format_est=100.0% overall_est=9.1% prompt_rows=2361/40
[2026-07-22 04:04:49] PROGRESS format=standard [1/11] format_est=100.0% overall_est=9.1% prompt_rows=2371/40
[2026-07-22 04:05:29] PROGRESS format=standard [1/11] format_est=100.0% overall_est=9.1% prompt_rows=2381/40
[2026-07-22 04:06:09] PROGRESS format=standard [1/11] format_est=100.0% overall_est=9.1% prompt_rows=2391/40
[2026-07-22 04:06:49] PROGRESS format=standard [1/11] format_est=100.0% overall_est=9.1% prompt_rows=2401/40
[2026-07-22 04:07:30] PROGRESS format=standard [1/11] format_est=100.0% overall_est=9.1% prompt_rows=2411/40
[2026-07-22 04:08:10] PROGRESS format=standard [1/11] format_est=100.0% overall_est=9.1% prompt_rows=2420/40
[2026-07-22 04:08:15] PROGRESS format=standard [1/11] format_est=100.0% overall_est=9.1% prompt_rows=2421/40
[2026-07-22 04:08:50] PROGRESS format=standard [1/11] format_est=100.0% overall_est=9.1% prompt_rows=2425/40
[2026-07-22 04:08:55] PROGRESS format=standard [1/11] format_est=100.0% overall_est=9.1% prompt_rows=2431/40
[2026-07-22 04:09:30] PROGRESS format=standard [1/11] format_est=100.0% overall_est=9.1% prompt_rows=2436/40
[2026-07-22 04:09:35] PROGRESS format=standard [1/11] format_est=100.0% overall_est=9.1% prompt_rows=2441/40
[2026-07-22 04:10:10] PROGRESS format=standard [1/11] format_est=100.0% overall_est=9.1% prompt_rows=2446/40
[2026-07-22 04:10:15] PROGRESS format=standard [1/11] format_est=100.0% overall_est=9.1% prompt_rows=2451/40
[2026-07-22 04:10:51] PROGRESS format=standard [1/11] format_est=100.0% overall_est=9.1% prompt_rows=2460/40
[2026-07-22 04:10:56] PROGRESS format=standard [1/11] format_est=100.0% overall_est=9.1% prompt_rows=2461/40
[2026-07-22 04:11:31] PROGRESS format=standard [1/11] format_est=100.0% overall_est=9.1% prompt_rows=2471/40
[2026-07-22 04:12:11] PROGRESS format=standard [1/11] format_est=100.0% overall_est=9.1% prompt_rows=2481/40
[2026-07-22 04:12:51] PROGRESS format=standard [1/11] format_est=100.0% overall_est=9.1% prompt_rows=2491/40
[2026-07-22 04:13:31] PROGRESS format=standard [1/11] format_est=100.0% overall_est=9.1% prompt_rows=2501/40
[2026-07-22 04:14:11] PROGRESS format=standard [1/11] format_est=100.0% overall_est=9.1% prompt_rows=2511/40
[2026-07-22 04:14:52] PROGRESS format=standard [1/11] format_est=100.0% overall_est=9.1% prompt_rows=2520/40
[2026-07-22 04:14:57] PROGRESS format=standard [1/11] format_est=100.0% overall_est=9.1% prompt_rows=2521/40
[2026-07-22 04:15:32] PROGRESS format=standard [1/11] format_est=100.0% overall_est=9.1% prompt_rows=2531/40
[2026-07-22 04:16:12] PROGRESS format=standard [1/11] format_est=100.0% overall_est=9.1% prompt_rows=2541/40
[2026-07-22 04:16:52] PROGRESS format=standard [1/11] format_est=100.0% overall_est=9.1% prompt_rows=2551/40
[2026-07-22 04:17:32] PROGRESS format=standard [1/11] format_est=100.0% overall_est=9.1% prompt_rows=2561/40
[2026-07-22 04:18:12] PROGRESS format=standard [1/11] format_est=100.0% overall_est=9.1% prompt_rows=2571/40
[2026-07-22 04:18:53] PROGRESS format=standard [1/11] format_est=100.0% overall_est=9.1% prompt_rows=2581/40
[2026-07-22 04:19:33] PROGRESS format=standard [1/11] format_est=100.0% overall_est=9.1% prompt_rows=2591/40
[2026-07-22 04:20:13] PROGRESS format=standard [1/11] format_est=100.0% overall_est=9.1% prompt_rows=2601/40
[2026-07-22 04:20:53] PROGRESS format=standard [1/11] format_est=100.0% overall_est=9.1% prompt_rows=2611/40
[2026-07-22 04:21:33] PROGRESS format=standard [1/11] format_est=100.0% overall_est=9.1% prompt_rows=2621/40
[2026-07-22 04:22:14] PROGRESS format=standard [1/11] format_est=100.0% overall_est=9.1% prompt_rows=2631/40
[2026-07-22 04:22:54] PROGRESS format=standard [1/11] format_est=100.0% overall_est=9.1% prompt_rows=2641/40
[2026-07-22 04:23:34] PROGRESS format=standard [1/11] format_est=100.0% overall_est=9.1% prompt_rows=2651/40
[2026-07-22 04:24:09] PROGRESS format=standard [1/11] format_est=100.0% overall_est=9.1% prompt_rows=2654/40
[2026-07-22 04:24:14] PROGRESS format=standard [1/11] format_est=100.0% overall_est=9.1% prompt_rows=2661/40
[2026-07-22 04:24:49] PROGRESS format=standard [1/11] format_est=100.0% overall_est=9.1% prompt_rows=2667/40
[2026-07-22 04:24:54] PROGRESS format=standard [1/11] format_est=100.0% overall_est=9.1% prompt_rows=2671/40
[2026-07-22 04:25:30] PROGRESS format=standard [1/11] format_est=100.0% overall_est=9.1% prompt_rows=2679/40
[2026-07-22 04:25:35] PROGRESS format=standard [1/11] format_est=100.0% overall_est=9.1% prompt_rows=2681/40
[2026-07-22 04:26:10] PROGRESS format=standard [1/11] format_est=100.0% overall_est=9.1% prompt_rows=2690/40
[2026-07-22 04:26:15] PROGRESS format=standard [1/11] format_est=100.0% overall_est=9.1% prompt_rows=2691/40
[2026-07-22 04:26:50] PROGRESS format=standard [1/11] format_est=100.0% overall_est=9.1% prompt_rows=2701/40
[2026-07-22 04:27:30] PROGRESS format=standard [1/11] format_est=100.0% overall_est=9.1% prompt_rows=2711/40
[2026-07-22 04:28:10] PROGRESS format=standard [1/11] format_est=100.0% overall_est=9.1% prompt_rows=2721/40
[2026-07-22 04:28:50] PROGRESS format=standard [1/11] format_est=100.0% overall_est=9.1% prompt_rows=2731/40
[2026-07-22 04:29:31] PROGRESS format=standard [1/11] format_est=100.0% overall_est=9.1% prompt_rows=2741/40
[2026-07-22 04:30:11] PROGRESS format=standard [1/11] format_est=100.0% overall_est=9.1% prompt_rows=2751/40
[2026-07-22 04:30:51] PROGRESS format=standard [1/11] format_est=100.0% overall_est=9.1% prompt_rows=2761/40
[2026-07-22 04:31:31] PROGRESS format=standard [1/11] format_est=100.0% overall_est=9.1% prompt_rows=2771/40
[2026-07-22 04:32:11] PROGRESS format=standard [1/11] format_est=100.0% overall_est=9.1% prompt_rows=2781/40
[2026-07-22 04:32:52] PROGRESS format=standard [1/11] format_est=100.0% overall_est=9.1% prompt_rows=2791/40
[2026-07-22 04:33:32] PROGRESS format=standard [1/11] format_est=100.0% overall_est=9.1% prompt_rows=2800/40
[2026-07-22 04:33:37] PROGRESS format=standard [1/11] format_est=100.0% overall_est=9.1% prompt_rows=2801/40
[2026-07-22 04:34:12] PROGRESS format=standard [1/11] format_est=100.0% overall_est=9.1% prompt_rows=2803/40
[2026-07-22 04:34:17] PROGRESS format=standard [1/11] format_est=100.0% overall_est=9.1% prompt_rows=2811/40
[2026-07-22 04:34:52] PROGRESS format=standard [1/11] format_est=100.0% overall_est=9.1% prompt_rows=2812/40
[2026-07-22 04:34:57] PROGRESS format=standard [1/11] format_est=100.0% overall_est=9.1% prompt_rows=2821/40
[2026-07-22 04:35:37] PROGRESS format=standard [1/11] format_est=100.0% overall_est=9.1% prompt_rows=2831/40
[2026-07-22 04:36:13] PROGRESS format=standard [1/11] format_est=100.0% overall_est=9.1% prompt_rows=2833/40
[2026-07-22 04:36:18] PROGRESS format=standard [1/11] format_est=100.0% overall_est=9.1% prompt_rows=2841/40
[2026-07-22 04:36:53] PROGRESS format=standard [1/11] format_est=100.0% overall_est=9.1% prompt_rows=2845/40
[2026-07-22 04:36:58] PROGRESS format=standard [1/11] format_est=100.0% overall_est=9.1% prompt_rows=2851/40
[2026-07-22 04:37:33] PROGRESS format=standard [1/11] format_est=100.0% overall_est=9.1% prompt_rows=2859/40
[2026-07-22 04:37:38] PROGRESS format=standard [1/11] format_est=100.0% overall_est=9.1% prompt_rows=2861/40
[2026-07-22 04:38:13] PROGRESS format=standard [1/11] format_est=100.0% overall_est=9.1% prompt_rows=2870/40
[2026-07-22 04:38:18] PROGRESS format=standard [1/11] format_est=100.0% overall_est=9.1% prompt_rows=2871/40
[2026-07-22 04:38:54] PROGRESS format=standard [1/11] format_est=100.0% overall_est=9.1% prompt_rows=2881/40
[2026-07-22 04:39:34] PROGRESS format=standard [1/11] format_est=100.0% overall_est=9.1% prompt_rows=2891/40
[2026-07-22 04:40:14] PROGRESS format=standard [1/11] format_est=100.0% overall_est=9.1% prompt_rows=2900/40
[2026-07-22 04:40:19] PROGRESS format=standard [1/11] format_est=100.0% overall_est=9.1% prompt_rows=2901/40
[2026-07-22 04:40:54] PROGRESS format=standard [1/11] format_est=100.0% overall_est=9.1% prompt_rows=2911/40
[2026-07-22 04:41:34] PROGRESS format=standard [1/11] format_est=100.0% overall_est=9.1% prompt_rows=2921/40
[2026-07-22 04:42:14] PROGRESS format=standard [1/11] format_est=100.0% overall_est=9.1% prompt_rows=2931/40
[2026-07-22 04:42:55] PROGRESS format=standard [1/11] format_est=100.0% overall_est=9.1% prompt_rows=2941/40
[2026-07-22 04:43:35] PROGRESS format=standard [1/11] format_est=100.0% overall_est=9.1% prompt_rows=2951/40
[2026-07-22 04:44:15] PROGRESS format=standard [1/11] format_est=100.0% overall_est=9.1% prompt_rows=2961/40
[2026-07-22 04:44:55] PROGRESS format=standard [1/11] format_est=100.0% overall_est=9.1% prompt_rows=2971/40
[2026-07-22 04:45:35] PROGRESS format=standard [1/11] format_est=100.0% overall_est=9.1% prompt_rows=2981/40
[2026-07-22 04:46:16] PROGRESS format=standard [1/11] format_est=100.0% overall_est=9.1% prompt_rows=2991/40
[2026-07-22 04:46:56] PROGRESS format=standard [1/11] format_est=100.0% overall_est=9.1% prompt_rows=3001/40
[2026-07-22 04:47:36] PROGRESS format=standard [1/11] format_est=100.0% overall_est=9.1% prompt_rows=3011/40
[2026-07-22 04:48:16] PROGRESS format=standard [1/11] format_est=100.0% overall_est=9.1% prompt_rows=3021/40
[2026-07-22 04:48:51] PROGRESS format=standard [1/11] format_est=100.0% overall_est=9.1% prompt_rows=3022/40
[2026-07-22 04:48:56] PROGRESS format=standard [1/11] format_est=100.0% overall_est=9.1% prompt_rows=3031/40
[2026-07-22 04:49:32] PROGRESS format=standard [1/11] format_est=100.0% overall_est=9.1% prompt_rows=3033/40
[2026-07-22 04:49:37] PROGRESS format=standard [1/11] format_est=100.0% overall_est=9.1% prompt_rows=3041/40
[2026-07-22 04:50:17] PROGRESS format=standard [1/11] format_est=100.0% overall_est=9.1% prompt_rows=3051/40
[2026-07-22 04:50:57] PROGRESS format=standard [1/11] format_est=100.0% overall_est=9.1% prompt_rows=3061/40
[2026-07-22 04:51:37] PROGRESS format=standard [1/11] format_est=100.0% overall_est=9.1% prompt_rows=3071/40
[2026-07-22 04:52:17] PROGRESS format=standard [1/11] format_est=100.0% overall_est=9.1% prompt_rows=3080/40
[2026-07-22 04:52:22] PROGRESS format=standard [1/11] format_est=100.0% overall_est=9.1% prompt_rows=3081/40
[2026-07-22 04:53:03] PROGRESS format=standard [1/11] format_est=100.0% overall_est=9.1% prompt_rows=3091/40
[2026-07-22 04:53:43] PROGRESS format=standard [1/11] format_est=100.0% overall_est=9.1% prompt_rows=3101/40
[2026-07-22 04:54:23] PROGRESS format=standard [1/11] format_est=100.0% overall_est=9.1% prompt_rows=3111/40
[2026-07-22 04:55:03] PROGRESS format=standard [1/11] format_est=100.0% overall_est=9.1% prompt_rows=3121/40
[2026-07-22 04:55:43] PROGRESS format=standard [1/11] format_est=100.0% overall_est=9.1% prompt_rows=3131/40
[2026-07-22 04:56:24] PROGRESS format=standard [1/11] format_est=100.0% overall_est=9.1% prompt_rows=3141/40
[2026-07-22 04:57:04] PROGRESS format=standard [1/11] format_est=100.0% overall_est=9.1% prompt_rows=3144/40
[2026-07-22 04:57:09] PROGRESS format=standard [1/11] format_est=100.0% overall_est=9.1% prompt_rows=3151/40
[2026-07-22 04:57:44] PROGRESS format=standard [1/11] format_est=100.0% overall_est=9.1% prompt_rows=3154/40
[2026-07-22 04:57:49] PROGRESS format=standard [1/11] format_est=100.0% overall_est=9.1% prompt_rows=3161/40
[2026-07-22 04:58:24] PROGRESS format=standard [1/11] format_est=100.0% overall_est=9.1% prompt_rows=3163/40
[2026-07-22 04:58:29] PROGRESS format=standard [1/11] format_est=100.0% overall_est=9.1% prompt_rows=3171/40
[2026-07-22 04:59:05] PROGRESS format=standard [1/11] format_est=100.0% overall_est=9.1% prompt_rows=3173/40
[2026-07-22 04:59:10] PROGRESS format=standard [1/11] format_est=100.0% overall_est=9.1% prompt_rows=3181/40
[2026-07-22 04:59:45] PROGRESS format=standard [1/11] format_est=100.0% overall_est=9.1% prompt_rows=3183/40
[2026-07-22 04:59:50] PROGRESS format=standard [1/11] format_est=100.0% overall_est=9.1% prompt_rows=3191/40
[2026-07-22 05:00:25] PROGRESS format=standard [1/11] format_est=100.0% overall_est=9.1% prompt_rows=3197/40
[2026-07-22 05:00:30] PROGRESS format=standard [1/11] format_est=100.0% overall_est=9.1% prompt_rows=3201/40
[2026-07-22 05:01:05] PROGRESS format=standard [1/11] format_est=100.0% overall_est=9.1% prompt_rows=3209/40
[2026-07-22 05:01:10] PROGRESS format=standard [1/11] format_est=100.0% overall_est=9.1% prompt_rows=3211/40
[2026-07-22 05:01:45] PROGRESS format=standard [1/11] format_est=100.0% overall_est=9.1% prompt_rows=3219/40
[2026-07-22 05:01:50] PROGRESS format=standard [1/11] format_est=100.0% overall_est=9.1% prompt_rows=3221/40
[2026-07-22 05:02:26] PROGRESS format=standard [1/11] format_est=100.0% overall_est=9.1% prompt_rows=3231/40
[2026-07-22 05:03:06] PROGRESS format=standard [1/11] format_est=100.0% overall_est=9.1% prompt_rows=3241/40
[2026-07-22 05:03:46] PROGRESS format=standard [1/11] format_est=100.0% overall_est=9.1% prompt_rows=3251/40
[2026-07-22 05:04:26] PROGRESS format=standard [1/11] format_est=100.0% overall_est=9.1% prompt_rows=3261/40
[2026-07-22 05:05:06] PROGRESS format=standard [1/11] format_est=100.0% overall_est=9.1% prompt_rows=3271/40
[2026-07-22 05:05:47] PROGRESS format=standard [1/11] format_est=100.0% overall_est=9.1% prompt_rows=3281/40
[2026-07-22 05:06:27] PROGRESS format=standard [1/11] format_est=100.0% overall_est=9.1% prompt_rows=3291/40
[2026-07-22 05:07:07] PROGRESS format=standard [1/11] format_est=100.0% overall_est=9.1% prompt_rows=3301/40
[2026-07-22 05:07:47] PROGRESS format=standard [1/11] format_est=100.0% overall_est=9.1% prompt_rows=3311/40
[2026-07-22 05:08:28] PROGRESS format=standard [1/11] format_est=100.0% overall_est=9.1% prompt_rows=3321/40
[2026-07-22 05:09:08] PROGRESS format=standard [1/11] format_est=100.0% overall_est=9.1% prompt_rows=3331/40
[2026-07-22 05:09:48] PROGRESS format=standard [1/11] format_est=100.0% overall_est=9.1% prompt_rows=3341/40
[2026-07-22 05:10:23] PROGRESS format=standard [1/11] format_est=100.0% overall_est=9.1% prompt_rows=3343/40
[2026-07-22 05:10:28] PROGRESS format=standard [1/11] format_est=100.0% overall_est=9.1% prompt_rows=3351/40
[2026-07-22 05:11:08] PROGRESS format=standard [1/11] format_est=100.0% overall_est=9.1% prompt_rows=3360/40
[2026-07-22 05:11:13] PROGRESS format=standard [1/11] format_est=100.0% overall_est=9.1% prompt_rows=3361/40
[2026-07-22 05:11:54] PROGRESS format=standard [1/11] format_est=100.0% overall_est=9.1% prompt_rows=3370/40
[2026-07-22 05:11:59] PROGRESS format=standard [1/11] format_est=100.0% overall_est=9.1% prompt_rows=3371/40
[2026-07-22 05:12:34] PROGRESS format=standard [1/11] format_est=100.0% overall_est=9.1% prompt_rows=3374/40
[2026-07-22 05:12:39] PROGRESS format=standard [1/11] format_est=100.0% overall_est=9.1% prompt_rows=3381/40
[2026-07-22 05:13:14] PROGRESS format=standard [1/11] format_est=100.0% overall_est=9.1% prompt_rows=3386/40
[2026-07-22 05:13:19] PROGRESS format=standard [1/11] format_est=100.0% overall_est=9.1% prompt_rows=3391/40
[2026-07-22 05:13:59] PROGRESS format=standard [1/11] format_est=100.0% overall_est=9.1% prompt_rows=3401/40
[2026-07-22 05:14:35] PROGRESS format=standard [1/11] format_est=100.0% overall_est=9.1% prompt_rows=3402/40
[2026-07-22 05:14:40] PROGRESS format=standard [1/11] format_est=100.0% overall_est=9.1% prompt_rows=3411/40
[2026-07-22 05:15:20] PROGRESS format=standard [1/11] format_est=100.0% overall_est=9.1% prompt_rows=3421/40
[2026-07-22 05:16:00] PROGRESS format=standard [1/11] format_est=100.0% overall_est=9.1% prompt_rows=3431/40
[2026-07-22 05:16:40] PROGRESS format=standard [1/11] format_est=100.0% overall_est=9.1% prompt_rows=3441/40
[2026-07-22 05:17:20] PROGRESS format=standard [1/11] format_est=100.0% overall_est=9.1% prompt_rows=3451/40
[2026-07-22 05:18:01] PROGRESS format=standard [1/11] format_est=100.0% overall_est=9.1% prompt_rows=3461/40
[2026-07-22 05:18:41] PROGRESS format=standard [1/11] format_est=100.0% overall_est=9.1% prompt_rows=3471/40
[2026-07-22 05:19:21] PROGRESS format=standard [1/11] format_est=100.0% overall_est=9.1% prompt_rows=3481/40
[2026-07-22 05:20:01] PROGRESS format=standard [1/11] format_est=100.0% overall_est=9.1% prompt_rows=3491/40
[2026-07-22 05:20:42] PROGRESS format=standard [1/11] format_est=100.0% overall_est=9.1% prompt_rows=3501/40
[2026-07-22 05:21:22] PROGRESS format=standard [1/11] format_est=100.0% overall_est=9.1% prompt_rows=3511/40
[2026-07-22 05:22:02] PROGRESS format=standard [1/11] format_est=100.0% overall_est=9.1% prompt_rows=3521/40
[2026-07-22 05:22:42] PROGRESS format=standard [1/11] format_est=100.0% overall_est=9.1% prompt_rows=3529/40
[2026-07-22 05:22:47] PROGRESS format=standard [1/11] format_est=100.0% overall_est=9.1% prompt_rows=3531/40
[2026-07-22 05:23:22] PROGRESS format=standard [1/11] format_est=100.0% overall_est=9.1% prompt_rows=3536/40
[2026-07-22 05:23:27] PROGRESS format=standard [1/11] format_est=100.0% overall_est=9.1% prompt_rows=3541/40
[2026-07-22 05:24:03] PROGRESS format=standard [1/11] format_est=100.0% overall_est=9.1% prompt_rows=3544/40
[2026-07-22 05:24:08] PROGRESS format=standard [1/11] format_est=100.0% overall_est=9.1% prompt_rows=3551/40
[2026-07-22 05:24:43] PROGRESS format=standard [1/11] format_est=100.0% overall_est=9.1% prompt_rows=3554/40
[2026-07-22 05:24:48] PROGRESS format=standard [1/11] format_est=100.0% overall_est=9.1% prompt_rows=3561/40
[2026-07-22 05:25:23] PROGRESS format=standard [1/11] format_est=100.0% overall_est=9.1% prompt_rows=3566/40
[2026-07-22 05:25:28] PROGRESS format=standard [1/11] format_est=100.0% overall_est=9.1% prompt_rows=3571/40
[2026-07-22 05:26:03] PROGRESS format=standard [1/11] format_est=100.0% overall_est=9.1% prompt_rows=3576/40
[2026-07-22 05:26:08] PROGRESS format=standard [1/11] format_est=100.0% overall_est=9.1% prompt_rows=3581/40
[2026-07-22 05:26:44] PROGRESS format=standard [1/11] format_est=100.0% overall_est=9.1% prompt_rows=3587/40
[2026-07-22 05:26:49] PROGRESS format=standard [1/11] format_est=100.0% overall_est=9.1% prompt_rows=3591/40
[2026-07-22 05:27:24] PROGRESS format=standard [1/11] format_est=100.0% overall_est=9.1% prompt_rows=3597/40
[2026-07-22 05:27:29] PROGRESS format=standard [1/11] format_est=100.0% overall_est=9.1% prompt_rows=3601/40
[2026-07-22 05:28:04] PROGRESS format=standard [1/11] format_est=100.0% overall_est=9.1% prompt_rows=3609/40
[2026-07-22 05:28:09] PROGRESS format=standard [1/11] format_est=100.0% overall_est=9.1% prompt_rows=3611/40
[2026-07-22 05:28:44] PROGRESS format=standard [1/11] format_est=100.0% overall_est=9.1% prompt_rows=3620/40
[2026-07-22 05:28:49] PROGRESS format=standard [1/11] format_est=100.0% overall_est=9.1% prompt_rows=3621/40
[2026-07-22 05:29:25] PROGRESS format=standard [1/11] format_est=100.0% overall_est=9.1% prompt_rows=3630/40
[2026-07-22 05:29:30] PROGRESS format=standard [1/11] format_est=100.0% overall_est=9.1% prompt_rows=3631/40
[2026-07-22 05:30:05] PROGRESS format=standard [1/11] format_est=100.0% overall_est=9.1% prompt_rows=3638/40
[2026-07-22 05:30:10] PROGRESS format=standard [1/11] format_est=100.0% overall_est=9.1% prompt_rows=3641/40
[2026-07-22 05:30:50] PROGRESS format=standard [1/11] format_est=100.0% overall_est=9.1% prompt_rows=3651/40
[2026-07-22 05:31:30] PROGRESS format=standard [1/11] format_est=100.0% overall_est=9.1% prompt_rows=3661/40
[2026-07-22 05:32:05] PROGRESS format=standard [1/11] format_est=100.0% overall_est=9.1% prompt_rows=3662/40
[2026-07-22 05:32:11] PROGRESS format=standard [1/11] format_est=100.0% overall_est=9.1% prompt_rows=3671/40
[2026-07-22 05:32:51] PROGRESS format=standard [1/11] format_est=100.0% overall_est=9.1% prompt_rows=3681/40
[2026-07-22 05:33:31] PROGRESS format=standard [1/11] format_est=100.0% overall_est=9.1% prompt_rows=3691/40
[2026-07-22 05:34:16] PROGRESS format=standard [1/11] format_est=100.0% overall_est=9.1% prompt_rows=3696/40
[2026-07-22 05:34:21] PROGRESS format=standard [1/11] format_est=100.0% overall_est=9.1% prompt_rows=3701/40
[2026-07-22 05:35:02] PROGRESS format=standard [1/11] format_est=100.0% overall_est=9.1% prompt_rows=3711/40
[2026-07-22 05:35:42] PROGRESS format=standard [1/11] format_est=100.0% overall_est=9.1% prompt_rows=3712/40
[2026-07-22 05:35:47] PROGRESS format=standard [1/11] format_est=100.0% overall_est=9.1% prompt_rows=3721/40
[2026-07-22 05:36:27] PROGRESS format=standard [1/11] format_est=100.0% overall_est=9.1% prompt_rows=3731/40
[2026-07-22 05:37:07] PROGRESS format=standard [1/11] format_est=100.0% overall_est=9.1% prompt_rows=3741/40
[2026-07-22 05:37:47] PROGRESS format=standard [1/11] format_est=100.0% overall_est=9.1% prompt_rows=3751/40
[2026-07-22 05:38:28] PROGRESS format=standard [1/11] format_est=100.0% overall_est=9.1% prompt_rows=3761/40
[2026-07-22 05:39:13] PROGRESS format=standard [1/11] format_est=100.0% overall_est=9.1% prompt_rows=3771/40
[2026-07-22 05:39:53] PROGRESS format=standard [1/11] format_est=100.0% overall_est=9.1% prompt_rows=3781/40
[2026-07-22 05:40:33] PROGRESS format=standard [1/11] format_est=100.0% overall_est=9.1% prompt_rows=3791/40
[2026-07-22 05:41:14] PROGRESS format=standard [1/11] format_est=100.0% overall_est=9.1% prompt_rows=3801/40
[2026-07-22 05:41:54] PROGRESS format=standard [1/11] format_est=100.0% overall_est=9.1% prompt_rows=3802/40
[2026-07-22 05:41:59] PROGRESS format=standard [1/11] format_est=100.0% overall_est=9.1% prompt_rows=3811/40
[2026-07-22 05:42:34] PROGRESS format=standard [1/11] format_est=100.0% overall_est=9.1% prompt_rows=3814/40
[2026-07-22 05:42:39] PROGRESS format=standard [1/11] format_est=100.0% overall_est=9.1% prompt_rows=3821/40
[2026-07-22 05:43:14] PROGRESS format=standard [1/11] format_est=100.0% overall_est=9.1% prompt_rows=3824/40
[2026-07-22 05:43:19] PROGRESS format=standard [1/11] format_est=100.0% overall_est=9.1% prompt_rows=3831/40
[2026-07-22 05:43:55] PROGRESS format=standard [1/11] format_est=100.0% overall_est=9.1% prompt_rows=3835/40
[2026-07-22 05:44:00] PROGRESS format=standard [1/11] format_est=100.0% overall_est=9.1% prompt_rows=3841/40
[2026-07-22 05:44:35] PROGRESS format=standard [1/11] format_est=100.0% overall_est=9.1% prompt_rows=3846/40
[2026-07-22 05:44:40] PROGRESS format=standard [1/11] format_est=100.0% overall_est=9.1% prompt_rows=3851/40
[2026-07-22 05:45:15] PROGRESS format=standard [1/11] format_est=100.0% overall_est=9.1% prompt_rows=3855/40
[2026-07-22 05:45:20] PROGRESS format=standard [1/11] format_est=100.0% overall_est=9.1% prompt_rows=3861/40
[2026-07-22 05:45:55] PROGRESS format=standard [1/11] format_est=100.0% overall_est=9.1% prompt_rows=3864/40
[2026-07-22 05:46:00] PROGRESS format=standard [1/11] format_est=100.0% overall_est=9.1% prompt_rows=3871/40
[2026-07-22 05:46:36] PROGRESS format=standard [1/11] format_est=100.0% overall_est=9.1% prompt_rows=3874/40
[2026-07-22 05:46:41] PROGRESS format=standard [1/11] format_est=100.0% overall_est=9.1% prompt_rows=3881/40
[2026-07-22 05:47:16] PROGRESS format=standard [1/11] format_est=100.0% overall_est=9.1% prompt_rows=3886/40
[2026-07-22 05:47:21] PROGRESS format=standard [1/11] format_est=100.0% overall_est=9.1% prompt_rows=3891/40
[2026-07-22 05:47:56] PROGRESS format=standard [1/11] format_est=100.0% overall_est=9.1% prompt_rows=3897/40
[2026-07-22 05:48:01] PROGRESS format=standard [1/11] format_est=100.0% overall_est=9.1% prompt_rows=3901/40
[2026-07-22 05:48:36] PROGRESS format=standard [1/11] format_est=100.0% overall_est=9.1% prompt_rows=3907/40
[2026-07-22 05:48:41] PROGRESS format=standard [1/11] format_est=100.0% overall_est=9.1% prompt_rows=3911/40
[2026-07-22 05:49:17] PROGRESS format=standard [1/11] format_est=100.0% overall_est=9.1% prompt_rows=3919/40
[2026-07-22 05:49:22] PROGRESS format=standard [1/11] format_est=100.0% overall_est=9.1% prompt_rows=3921/40
[2026-07-22 05:50:02] PROGRESS format=standard [1/11] format_est=100.0% overall_est=9.1% prompt_rows=3931/40
[2026-07-22 05:50:42] PROGRESS format=standard [1/11] format_est=100.0% overall_est=9.1% prompt_rows=3941/40
[2026-07-22 05:51:27] PROGRESS format=standard [1/11] format_est=100.0% overall_est=9.1% prompt_rows=3951/40
[2026-07-22 05:52:08] PROGRESS format=standard [1/11] format_est=100.0% overall_est=9.1% prompt_rows=3960/40
[2026-07-22 05:52:13] PROGRESS format=standard [1/11] format_est=100.0% overall_est=9.1% prompt_rows=3961/40
[2026-07-22 05:52:48] PROGRESS format=standard [1/11] format_est=100.0% overall_est=9.1% prompt_rows=3971/40
[2026-07-22 05:53:28] PROGRESS format=standard [1/11] format_est=100.0% overall_est=9.1% prompt_rows=3981/40
[2026-07-22 05:54:08] PROGRESS format=standard [1/11] format_est=100.0% overall_est=9.1% prompt_rows=3991/40
[2026-07-22 05:54:48] PROGRESS format=standard [1/11] format_est=100.0% overall_est=9.1% prompt_rows=4001/40
[2026-07-22 05:55:29] PROGRESS format=standard [1/11] format_est=100.0% overall_est=9.1% prompt_rows=4011/40
[2026-07-22 05:56:09] PROGRESS format=standard [1/11] format_est=100.0% overall_est=9.1% prompt_rows=4021/40
[2026-07-22 05:56:49] PROGRESS format=standard [1/11] format_est=100.0% overall_est=9.1% prompt_rows=4031/40
[2026-07-22 05:57:29] PROGRESS format=standard [1/11] format_est=100.0% overall_est=9.1% prompt_rows=4041/40
[2026-07-22 05:58:09] PROGRESS format=standard [1/11] format_est=100.0% overall_est=9.1% prompt_rows=4051/40
[2026-07-22 05:58:50] PROGRESS format=standard [1/11] format_est=100.0% overall_est=9.1% prompt_rows=4061/40
[2026-07-22 05:59:30] PROGRESS format=standard [1/11] format_est=100.0% overall_est=9.1% prompt_rows=4071/40
[2026-07-22 06:00:10] PROGRESS format=standard [1/11] format_est=100.0% overall_est=9.1% prompt_rows=4081/40
[2026-07-22 06:00:50] PROGRESS format=standard [1/11] format_est=100.0% overall_est=9.1% prompt_rows=4091/40
[2026-07-22 06:01:31] PROGRESS format=standard [1/11] format_est=100.0% overall_est=9.1% prompt_rows=4101/40
[2026-07-22 06:02:11] PROGRESS format=standard [1/11] format_est=100.0% overall_est=9.1% prompt_rows=4111/40
[2026-07-22 06:02:46] PROGRESS format=standard [1/11] format_est=100.0% overall_est=9.1% prompt_rows=4114/40
[2026-07-22 06:02:51] PROGRESS format=standard [1/11] format_est=100.0% overall_est=9.1% prompt_rows=4121/40
[2026-07-22 06:03:26] PROGRESS format=standard [1/11] format_est=100.0% overall_est=9.1% prompt_rows=4123/40
[2026-07-22 06:03:32] PROGRESS format=standard [1/11] format_est=100.0% overall_est=9.1% prompt_rows=4131/40
[2026-07-22 06:04:12] PROGRESS format=standard [1/11] format_est=100.0% overall_est=9.1% prompt_rows=4141/40
[2026-07-22 06:04:47] PROGRESS format=standard [1/11] format_est=100.0% overall_est=9.1% prompt_rows=4143/40
[2026-07-22 06:04:52] PROGRESS format=standard [1/11] format_est=100.0% overall_est=9.1% prompt_rows=4151/40
[2026-07-22 06:05:27] PROGRESS format=standard [1/11] format_est=100.0% overall_est=9.1% prompt_rows=4152/40
[2026-07-22 06:05:32] PROGRESS format=standard [1/11] format_est=100.0% overall_est=9.1% prompt_rows=4161/40
[2026-07-22 06:06:08] PROGRESS format=standard [1/11] format_est=100.0% overall_est=9.1% prompt_rows=4162/40
[2026-07-22 06:06:13] PROGRESS format=standard [1/11] format_est=100.0% overall_est=9.1% prompt_rows=4171/40
[2026-07-22 06:06:53] PROGRESS format=standard [1/11] format_est=100.0% overall_est=9.1% prompt_rows=4181/40
[2026-07-22 06:07:33] PROGRESS format=standard [1/11] format_est=100.0% overall_est=9.1% prompt_rows=4191/40
[2026-07-22 06:08:13] PROGRESS format=standard [1/11] format_est=100.0% overall_est=9.1% prompt_rows=4201/40
[2026-07-22 06:08:54] PROGRESS format=standard [1/11] format_est=100.0% overall_est=9.1% prompt_rows=4211/40
[2026-07-22 06:09:34] PROGRESS format=standard [1/11] format_est=100.0% overall_est=9.1% prompt_rows=4221/40
[2026-07-22 06:10:14] PROGRESS format=standard [1/11] format_est=100.0% overall_est=9.1% prompt_rows=4230/40
[2026-07-22 06:10:19] PROGRESS format=standard [1/11] format_est=100.0% overall_est=9.1% prompt_rows=4231/40
[2026-07-22 06:10:54] PROGRESS format=standard [1/11] format_est=100.0% overall_est=9.1% prompt_rows=4241/40
[2026-07-22 06:11:35] PROGRESS format=standard [1/11] format_est=100.0% overall_est=9.1% prompt_rows=4251/40
[2026-07-22 06:12:15] PROGRESS format=standard [1/11] format_est=100.0% overall_est=9.1% prompt_rows=4261/40
[2026-07-22 06:12:55] PROGRESS format=standard [1/11] format_est=100.0% overall_est=9.1% prompt_rows=4271/40
[2026-07-22 06:13:35] PROGRESS format=standard [1/11] format_est=100.0% overall_est=9.1% prompt_rows=4281/40
[2026-07-22 06:14:15] PROGRESS format=standard [1/11] format_est=100.0% overall_est=9.1% prompt_rows=4291/40
[2026-07-22 06:14:56] PROGRESS format=standard [1/11] format_est=100.0% overall_est=9.1% prompt_rows=4301/40
[2026-07-22 06:15:36] PROGRESS format=standard [1/11] format_est=100.0% overall_est=9.1% prompt_rows=4311/40
[2026-07-22 06:16:16] PROGRESS format=standard [1/11] format_est=100.0% overall_est=9.1% prompt_rows=4321/40
[2026-07-22 06:16:56] PROGRESS format=standard [1/11] format_est=100.0% overall_est=9.1% prompt_rows=4331/40
[2026-07-22 06:17:36] PROGRESS format=standard [1/11] format_est=100.0% overall_est=9.1% prompt_rows=4341/40
[2026-07-22 06:18:17] PROGRESS format=standard [1/11] format_est=100.0% overall_est=9.1% prompt_rows=4351/40
[2026-07-22 06:18:57] PROGRESS format=standard [1/11] format_est=100.0% overall_est=9.1% prompt_rows=4361/40
[2026-07-22 06:19:37] PROGRESS format=standard [1/11] format_est=100.0% overall_est=9.1% prompt_rows=4371/40
[2026-07-22 06:20:17] PROGRESS format=standard [1/11] format_est=100.0% overall_est=9.1% prompt_rows=4381/40
[2026-07-22 06:20:58] PROGRESS format=standard [1/11] format_est=100.0% overall_est=9.1% prompt_rows=4391/40
[2026-07-22 06:21:38] PROGRESS format=standard [1/11] format_est=100.0% overall_est=9.1% prompt_rows=4397/40
[2026-07-22 06:21:43] PROGRESS format=standard [1/11] format_est=100.0% overall_est=9.1% prompt_rows=4401/40
[2026-07-22 06:22:18] PROGRESS format=standard [1/11] format_est=100.0% overall_est=9.1% prompt_rows=4411/40
[2026-07-22 06:22:58] PROGRESS format=standard [1/11] format_est=100.0% overall_est=9.1% prompt_rows=4421/40
[2026-07-22 06:23:39] PROGRESS format=standard [1/11] format_est=100.0% overall_est=9.1% prompt_rows=4431/40
[2026-07-22 06:24:19] PROGRESS format=standard [1/11] format_est=100.0% overall_est=9.1% prompt_rows=4441/40
[2026-07-22 06:24:59] PROGRESS format=standard [1/11] format_est=100.0% overall_est=9.1% prompt_rows=4443/40
[2026-07-22 06:25:04] PROGRESS format=standard [1/11] format_est=100.0% overall_est=9.1% prompt_rows=4451/40
[2026-07-22 06:25:44] PROGRESS format=standard [1/11] format_est=100.0% overall_est=9.1% prompt_rows=4461/40
[2026-07-22 06:26:25] PROGRESS format=standard [1/11] format_est=100.0% overall_est=9.1% prompt_rows=4471/40
[2026-07-22 06:27:05] PROGRESS format=standard [1/11] format_est=100.0% overall_est=9.1% prompt_rows=4480/40
[2026-07-22 06:27:15] PROGRESS format=standard [1/11] format_est=100.0% overall_est=9.1% prompt_rows=4481/40
[2026-07-22 06:27:55] PROGRESS format=standard [1/11] format_est=100.0% overall_est=9.1% prompt_rows=4491/40
[2026-07-22 06:28:36] PROGRESS format=standard [1/11] format_est=100.0% overall_est=9.1% prompt_rows=4501/40
[2026-07-22 06:29:16] PROGRESS format=standard [1/11] format_est=100.0% overall_est=9.1% prompt_rows=4511/40
[2026-07-22 06:29:56] PROGRESS format=standard [1/11] format_est=100.0% overall_est=9.1% prompt_rows=4521/40
[2026-07-22 06:30:36] PROGRESS format=standard [1/11] format_est=100.0% overall_est=9.1% prompt_rows=4523/40
[2026-07-22 06:30:41] PROGRESS format=standard [1/11] format_est=100.0% overall_est=9.1% prompt_rows=4531/40
[2026-07-22 06:31:22] PROGRESS format=standard [1/11] format_est=100.0% overall_est=9.1% prompt_rows=4541/40
[2026-07-22 06:32:02] PROGRESS format=standard [1/11] format_est=100.0% overall_est=9.1% prompt_rows=4551/40
[2026-07-22 06:32:42] PROGRESS format=standard [1/11] format_est=100.0% overall_est=9.1% prompt_rows=4561/40
[2026-07-22 06:33:22] PROGRESS format=standard [1/11] format_est=100.0% overall_est=9.1% prompt_rows=4571/40
[2026-07-22 06:34:03] PROGRESS format=standard [1/11] format_est=100.0% overall_est=9.1% prompt_rows=4581/40
[2026-07-22 06:34:43] PROGRESS format=standard [1/11] format_est=100.0% overall_est=9.1% prompt_rows=4591/40
[2026-07-22 06:35:23] PROGRESS format=standard [1/11] format_est=100.0% overall_est=9.1% prompt_rows=4601/40
[2026-07-22 06:36:03] PROGRESS format=standard [1/11] format_est=100.0% overall_est=9.1% prompt_rows=4611/40
[2026-07-22 06:36:44] PROGRESS format=standard [1/11] format_est=100.0% overall_est=9.1% prompt_rows=4621/40
[2026-07-22 06:37:24] PROGRESS format=standard [1/11] format_est=100.0% overall_est=9.1% prompt_rows=4631/40
[2026-07-22 06:38:04] PROGRESS format=standard [1/11] format_est=100.0% overall_est=9.1% prompt_rows=4641/40
[2026-07-22 06:38:44] PROGRESS format=standard [1/11] format_est=100.0% overall_est=9.1% prompt_rows=4651/40
[2026-07-22 06:39:25] PROGRESS format=standard [1/11] format_est=100.0% overall_est=9.1% prompt_rows=4661/40
[2026-07-22 06:40:05] PROGRESS format=standard [1/11] format_est=100.0% overall_est=9.1% prompt_rows=4671/40
[2026-07-22 06:40:45] PROGRESS format=standard [1/11] format_est=100.0% overall_est=9.1% prompt_rows=4681/40
[2026-07-22 06:41:25] PROGRESS format=standard [1/11] format_est=100.0% overall_est=9.1% prompt_rows=4691/40
[2026-07-22 06:42:06] PROGRESS format=standard [1/11] format_est=100.0% overall_est=9.1% prompt_rows=4701/40
[2026-07-22 06:42:46] PROGRESS format=standard [1/11] format_est=100.0% overall_est=9.1% prompt_rows=4711/40
[2026-07-22 06:43:26] PROGRESS format=standard [1/11] format_est=100.0% overall_est=9.1% prompt_rows=4721/40
[2026-07-22 06:44:06] PROGRESS format=standard [1/11] format_est=100.0% overall_est=9.1% prompt_rows=4731/40
[2026-07-22 06:44:42] PROGRESS format=standard [1/11] format_est=100.0% overall_est=9.1% prompt_rows=4734/40
[2026-07-22 06:44:47] PROGRESS format=standard [1/11] format_est=100.0% overall_est=9.1% prompt_rows=4741/40
[2026-07-22 06:45:22] PROGRESS format=standard [1/11] format_est=100.0% overall_est=9.1% prompt_rows=4746/40
[2026-07-22 06:45:27] PROGRESS format=standard [1/11] format_est=100.0% overall_est=9.1% prompt_rows=4751/40
[2026-07-22 06:46:02] PROGRESS format=standard [1/11] format_est=100.0% overall_est=9.1% prompt_rows=4757/40
[2026-07-22 06:46:07] PROGRESS format=standard [1/11] format_est=100.0% overall_est=9.1% prompt_rows=4761/40
[2026-07-22 06:46:48] PROGRESS format=standard [1/11] format_est=100.0% overall_est=9.1% prompt_rows=4771/40
[2026-07-22 06:47:28] PROGRESS format=standard [1/11] format_est=100.0% overall_est=9.1% prompt_rows=4781/40
[2026-07-22 06:48:08] PROGRESS format=standard [1/11] format_est=100.0% overall_est=9.1% prompt_rows=4791/40
[2026-07-22 06:48:48] PROGRESS format=standard [1/11] format_est=100.0% overall_est=9.1% prompt_rows=4801/40
[2026-07-22 06:49:29] PROGRESS format=standard [1/11] format_est=100.0% overall_est=9.1% prompt_rows=4811/40
[2026-07-22 06:50:09] PROGRESS format=standard [1/11] format_est=100.0% overall_est=9.1% prompt_rows=4821/40
[2026-07-22 06:50:44] PROGRESS format=standard [1/11] format_est=100.0% overall_est=9.1% prompt_rows=4822/40
[2026-07-22 06:50:49] PROGRESS format=standard [1/11] format_est=100.0% overall_est=9.1% prompt_rows=4831/40
[2026-07-22 06:51:24] PROGRESS format=standard [1/11] format_est=100.0% overall_est=9.1% prompt_rows=4833/40
[2026-07-22 06:51:29] PROGRESS format=standard [1/11] format_est=100.0% overall_est=9.1% prompt_rows=4841/40
[2026-07-22 06:52:10] PROGRESS format=standard [1/11] format_est=100.0% overall_est=9.1% prompt_rows=4851/40
[2026-07-22 06:52:50] PROGRESS format=standard [1/11] format_est=100.0% overall_est=9.1% prompt_rows=4861/40
[2026-07-22 06:53:25] PROGRESS format=standard [1/11] format_est=100.0% overall_est=9.1% prompt_rows=4862/40
[2026-07-22 06:53:30] PROGRESS format=standard [1/11] format_est=100.0% overall_est=9.1% prompt_rows=4871/40
[2026-07-22 06:54:11] PROGRESS format=standard [1/11] format_est=100.0% overall_est=9.1% prompt_rows=4881/40
[2026-07-22 06:54:51] PROGRESS format=standard [1/11] format_est=100.0% overall_est=9.1% prompt_rows=4891/40
[2026-07-22 06:55:31] PROGRESS format=standard [1/11] format_est=100.0% overall_est=9.1% prompt_rows=4901/40
[2026-07-22 06:56:11] PROGRESS format=standard [1/11] format_est=100.0% overall_est=9.1% prompt_rows=4911/40
[2026-07-22 06:56:52] PROGRESS format=standard [1/11] format_est=100.0% overall_est=9.1% prompt_rows=4918/40
[2026-07-22 06:56:57] PROGRESS format=standard [1/11] format_est=100.0% overall_est=9.1% prompt_rows=4921/40
[2026-07-22 06:57:32] PROGRESS format=standard [1/11] format_est=100.0% overall_est=9.1% prompt_rows=4931/40
[2026-07-22 06:58:12] PROGRESS format=standard [1/11] format_est=100.0% overall_est=9.1% prompt_rows=4941/40
[2026-07-22 06:58:52] PROGRESS format=standard [1/11] format_est=100.0% overall_est=9.1% prompt_rows=4951/40
[2026-07-22 06:59:33] PROGRESS format=standard [1/11] format_est=100.0% overall_est=9.1% prompt_rows=4961/40
[2026-07-22 07:00:13] PROGRESS format=standard [1/11] format_est=100.0% overall_est=9.1% prompt_rows=4971/40
[2026-07-22 07:00:53] PROGRESS format=standard [1/11] format_est=100.0% overall_est=9.1% prompt_rows=4981/40
[2026-07-22 07:01:34] PROGRESS format=standard [1/11] format_est=100.0% overall_est=9.1% prompt_rows=4991/40
[2026-07-22 07:02:14] PROGRESS format=standard [1/11] format_est=100.0% overall_est=9.1% prompt_rows=5001/40
[2026-07-22 07:02:54] PROGRESS format=standard [1/11] format_est=100.0% overall_est=9.1% prompt_rows=5011/40
[2026-07-22 07:03:34] PROGRESS format=standard [1/11] format_est=100.0% overall_est=9.1% prompt_rows=5021/40
[2026-07-22 07:04:15] PROGRESS format=standard [1/11] format_est=100.0% overall_est=9.1% prompt_rows=5031/40
[2026-07-22 07:04:55] PROGRESS format=standard [1/11] format_est=100.0% overall_est=9.1% prompt_rows=5040/40
[2026-07-22 07:05:00] PROGRESS format=standard [1/11] format_est=100.0% overall_est=9.1% prompt_rows=5041/40
[2026-07-22 07:05:35] PROGRESS format=standard [1/11] format_est=100.0% overall_est=9.1% prompt_rows=5044/40
[2026-07-22 07:05:40] PROGRESS format=standard [1/11] format_est=100.0% overall_est=9.1% prompt_rows=5051/40
[2026-07-22 07:06:16] PROGRESS format=standard [1/11] format_est=100.0% overall_est=9.1% prompt_rows=5056/40
[2026-07-22 07:06:21] PROGRESS format=standard [1/11] format_est=100.0% overall_est=9.1% prompt_rows=5061/40
[2026-07-22 07:06:56] PROGRESS format=standard [1/11] format_est=100.0% overall_est=9.1% prompt_rows=5066/40
[2026-07-22 07:07:01] PROGRESS format=standard [1/11] format_est=100.0% overall_est=9.1% prompt_rows=5071/40
[2026-07-22 07:07:36] PROGRESS format=standard [1/11] format_est=100.0% overall_est=9.1% prompt_rows=5076/40
[2026-07-22 07:07:41] PROGRESS format=standard [1/11] format_est=100.0% overall_est=9.1% prompt_rows=5081/40
[2026-07-22 07:08:16] PROGRESS format=standard [1/11] format_est=100.0% overall_est=9.1% prompt_rows=5084/40
[2026-07-22 07:08:22] PROGRESS format=standard [1/11] format_est=100.0% overall_est=9.1% prompt_rows=5091/40
[2026-07-22 07:08:57] PROGRESS format=standard [1/11] format_est=100.0% overall_est=9.1% prompt_rows=5093/40
[2026-07-22 07:09:02] PROGRESS format=standard [1/11] format_est=100.0% overall_est=9.1% prompt_rows=5101/40
[2026-07-22 07:09:37] PROGRESS format=standard [1/11] format_est=100.0% overall_est=9.1% prompt_rows=5104/40
[2026-07-22 07:09:42] PROGRESS format=standard [1/11] format_est=100.0% overall_est=9.1% prompt_rows=5111/40
[2026-07-22 07:10:22] PROGRESS format=standard [1/11] format_est=100.0% overall_est=9.1% prompt_rows=5121/40
[2026-07-22 07:11:03] PROGRESS format=standard [1/11] format_est=100.0% overall_est=9.1% prompt_rows=5131/40
[2026-07-22 07:11:43] PROGRESS format=standard [1/11] format_est=100.0% overall_est=9.1% prompt_rows=5141/40
[2026-07-22 07:12:23] PROGRESS format=standard [1/11] format_est=100.0% overall_est=9.1% prompt_rows=5151/40
[2026-07-22 07:13:04] PROGRESS format=standard [1/11] format_est=100.0% overall_est=9.1% prompt_rows=5161/40
[2026-07-22 07:13:44] PROGRESS format=standard [1/11] format_est=100.0% overall_est=9.1% prompt_rows=5167/40
[2026-07-22 07:13:49] PROGRESS format=standard [1/11] format_est=100.0% overall_est=9.1% prompt_rows=5171/40
[2026-07-22 07:14:29] PROGRESS format=standard [1/11] format_est=100.0% overall_est=9.1% prompt_rows=5181/40
[2026-07-22 07:15:04] PROGRESS format=standard [1/11] format_est=100.0% overall_est=9.1% prompt_rows=5182/40
[2026-07-22 07:15:09] PROGRESS format=standard [1/11] format_est=100.0% overall_est=9.1% prompt_rows=5191/40
[2026-07-22 07:15:45] PROGRESS format=standard [1/11] format_est=100.0% overall_est=9.1% prompt_rows=5195/40
[2026-07-22 07:15:50] PROGRESS format=standard [1/11] format_est=100.0% overall_est=9.1% prompt_rows=5201/40
[2026-07-22 07:16:30] PROGRESS format=standard [1/11] format_est=100.0% overall_est=9.1% prompt_rows=5211/40
[2026-07-22 07:17:10] PROGRESS format=standard [1/11] format_est=100.0% overall_est=9.1% prompt_rows=5221/40
[2026-07-22 07:17:51] PROGRESS format=standard [1/11] format_est=100.0% overall_est=9.1% prompt_rows=5231/40
[2026-07-22 07:18:31] PROGRESS format=standard [1/11] format_est=100.0% overall_est=9.1% prompt_rows=5241/40
[2026-07-22 07:19:11] PROGRESS format=standard [1/11] format_est=100.0% overall_est=9.1% prompt_rows=5251/40
[2026-07-22 07:19:51] PROGRESS format=standard [1/11] format_est=100.0% overall_est=9.1% prompt_rows=5261/40
[2026-07-22 07:20:32] PROGRESS format=standard [1/11] format_est=100.0% overall_est=9.1% prompt_rows=5271/40
[2026-07-22 07:21:12] PROGRESS format=standard [1/11] format_est=100.0% overall_est=9.1% prompt_rows=5281/40
[2026-07-22 07:21:52] PROGRESS format=standard [1/11] format_est=100.0% overall_est=9.1% prompt_rows=5291/40
[2026-07-22 07:22:32] PROGRESS format=standard [1/11] format_est=100.0% overall_est=9.1% prompt_rows=5301/40
[2026-07-22 07:23:13] PROGRESS format=standard [1/11] format_est=100.0% overall_est=9.1% prompt_rows=5311/40
[2026-07-22 07:23:53] PROGRESS format=standard [1/11] format_est=100.0% overall_est=9.1% prompt_rows=5320/40
[2026-07-22 07:23:58] PROGRESS format=standard [1/11] format_est=100.0% overall_est=9.1% prompt_rows=5321/40
[2026-07-22 07:24:33] PROGRESS format=standard [1/11] format_est=100.0% overall_est=9.1% prompt_rows=5330/40
[2026-07-22 07:24:38] PROGRESS format=standard [1/11] format_est=100.0% overall_est=9.1% prompt_rows=5331/40
[2026-07-22 07:25:14] PROGRESS format=standard [1/11] format_est=100.0% overall_est=9.1% prompt_rows=5341/40
[2026-07-22 07:25:54] PROGRESS format=standard [1/11] format_est=100.0% overall_est=9.1% prompt_rows=5351/40
[2026-07-22 07:26:34] PROGRESS format=standard [1/11] format_est=100.0% overall_est=9.1% prompt_rows=5361/40
[2026-07-22 07:27:14] PROGRESS format=standard [1/11] format_est=100.0% overall_est=9.1% prompt_rows=5371/40
[2026-07-22 07:27:54] PROGRESS format=standard [1/11] format_est=100.0% overall_est=9.1% prompt_rows=5381/40
[2026-07-22 07:28:35] PROGRESS format=standard [1/11] format_est=100.0% overall_est=9.1% prompt_rows=5391/40
[2026-07-22 07:29:15] PROGRESS format=standard [1/11] format_est=100.0% overall_est=9.1% prompt_rows=5401/40
[2026-07-22 07:29:50] PROGRESS format=standard [1/11] format_est=100.0% overall_est=9.1% prompt_rows=5402/40
[2026-07-22 07:29:55] PROGRESS format=standard [1/11] format_est=100.0% overall_est=9.1% prompt_rows=5411/40
[2026-07-22 07:30:36] PROGRESS format=standard [1/11] format_est=100.0% overall_est=9.1% prompt_rows=5421/40
[2026-07-22 07:31:16] PROGRESS format=standard [1/11] format_est=100.0% overall_est=9.1% prompt_rows=5431/40
[2026-07-22 07:31:56] PROGRESS format=standard [1/11] format_est=100.0% overall_est=9.1% prompt_rows=5441/40
[2026-07-22 07:32:36] PROGRESS format=standard [1/11] format_est=100.0% overall_est=9.1% prompt_rows=5451/40
[2026-07-22 07:33:17] PROGRESS format=standard [1/11] format_est=100.0% overall_est=9.1% prompt_rows=5461/40
[2026-07-22 07:33:57] PROGRESS format=standard [1/11] format_est=100.0% overall_est=9.1% prompt_rows=5471/40
[2026-07-22 07:34:37] PROGRESS format=standard [1/11] format_est=100.0% overall_est=9.1% prompt_rows=5481/40
[2026-07-22 07:35:18] PROGRESS format=standard [1/11] format_est=100.0% overall_est=9.1% prompt_rows=5491/40
[2026-07-22 07:35:58] PROGRESS format=standard [1/11] format_est=100.0% overall_est=9.1% prompt_rows=5501/40
[2026-07-22 07:36:38] PROGRESS format=standard [1/11] format_est=100.0% overall_est=9.1% prompt_rows=5511/40
[2026-07-22 07:37:19] PROGRESS format=standard [1/11] format_est=100.0% overall_est=9.1% prompt_rows=5521/40
[2026-07-22 07:37:59] PROGRESS format=standard [1/11] format_est=100.0% overall_est=9.1% prompt_rows=5531/40
[2026-07-22 07:38:39] PROGRESS format=standard [1/11] format_est=100.0% overall_est=9.1% prompt_rows=5537/40
[2026-07-22 07:38:44] PROGRESS format=standard [1/11] format_est=100.0% overall_est=9.1% prompt_rows=5541/40
[2026-07-22 07:39:19] PROGRESS format=standard [1/11] format_est=100.0% overall_est=9.1% prompt_rows=5547/40
[2026-07-22 07:39:24] PROGRESS format=standard [1/11] format_est=100.0% overall_est=9.1% prompt_rows=5551/40
[2026-07-22 07:40:05] PROGRESS format=standard [1/11] format_est=100.0% overall_est=9.1% prompt_rows=5561/40
[2026-07-22 07:40:45] PROGRESS format=standard [1/11] format_est=100.0% overall_est=9.1% prompt_rows=5569/40
[2026-07-22 07:40:50] PROGRESS format=standard [1/11] format_est=100.0% overall_est=9.1% prompt_rows=5571/40
[2026-07-22 07:41:25] PROGRESS format=standard [1/11] format_est=100.0% overall_est=9.1% prompt_rows=5578/40
[2026-07-22 07:41:31] PROGRESS format=standard [1/11] format_est=100.0% overall_est=9.1% prompt_rows=5581/40
[2026-07-22 07:42:11] PROGRESS format=standard [1/11] format_est=100.0% overall_est=9.1% prompt_rows=5591/40
[2026-07-22 07:42:51] PROGRESS format=standard [1/11] format_est=100.0% overall_est=9.1% prompt_rows=5600/40
[2026-07-22 07:42:56] PROGRESS format=standard [1/11] format_est=100.0% overall_est=9.1% prompt_rows=5601/40
[2026-07-22 07:43:36] PROGRESS format=standard [1/11] format_est=100.0% overall_est=9.1% prompt_rows=5607/40
[2026-07-22 07:43:41] PROGRESS format=standard [1/11] format_est=100.0% overall_est=9.1% prompt_rows=5611/40
[2026-07-22 07:44:17] PROGRESS format=standard [1/11] format_est=100.0% overall_est=9.1% prompt_rows=5613/40
[2026-07-22 07:44:22] PROGRESS format=standard [1/11] format_est=100.0% overall_est=9.1% prompt_rows=5621/40
[2026-07-22 07:44:57] PROGRESS format=standard [1/11] format_est=100.0% overall_est=9.1% prompt_rows=5626/40
[2026-07-22 07:45:02] PROGRESS format=standard [1/11] format_est=100.0% overall_est=9.1% prompt_rows=5631/40
[2026-07-22 07:45:37] PROGRESS format=standard [1/11] format_est=100.0% overall_est=9.1% prompt_rows=5634/40
[2026-07-22 07:45:42] PROGRESS format=standard [1/11] format_est=100.0% overall_est=9.1% prompt_rows=5641/40
[2026-07-22 07:46:18] PROGRESS format=standard [1/11] format_est=100.0% overall_est=9.1% prompt_rows=5644/40
[2026-07-22 07:46:23] PROGRESS format=standard [1/11] format_est=100.0% overall_est=9.1% prompt_rows=5651/40
[2026-07-22 07:46:58] PROGRESS format=standard [1/11] format_est=100.0% overall_est=9.1% prompt_rows=5652/40
[2026-07-22 07:47:03] PROGRESS format=standard [1/11] format_est=100.0% overall_est=9.1% prompt_rows=5661/40
[2026-07-22 07:47:43] PROGRESS format=standard [1/11] format_est=100.0% overall_est=9.1% prompt_rows=5671/40
[2026-07-22 07:48:24] PROGRESS format=standard [1/11] format_est=100.0% overall_est=9.1% prompt_rows=5681/40
[2026-07-22 07:49:04] PROGRESS format=standard [1/11] format_est=100.0% overall_est=9.1% prompt_rows=5691/40
[2026-07-22 07:49:44] PROGRESS format=standard [1/11] format_est=100.0% overall_est=9.1% prompt_rows=5701/40
[2026-07-22 07:50:24] PROGRESS format=standard [1/11] format_est=100.0% overall_est=9.1% prompt_rows=5711/40
[2026-07-22 07:51:05] PROGRESS format=standard [1/11] format_est=100.0% overall_est=9.1% prompt_rows=5721/40
[2026-07-22 07:51:45] PROGRESS format=standard [1/11] format_est=100.0% overall_est=9.1% prompt_rows=5730/40
[2026-07-22 07:51:50] PROGRESS format=standard [1/11] format_est=100.0% overall_est=9.1% prompt_rows=5731/40
[2026-07-22 07:52:25] PROGRESS format=standard [1/11] format_est=100.0% overall_est=9.1% prompt_rows=5740/40
[2026-07-22 07:52:30] PROGRESS format=standard [1/11] format_est=100.0% overall_est=9.1% prompt_rows=5741/40
[2026-07-22 07:53:06] PROGRESS format=standard [1/11] format_est=100.0% overall_est=9.1% prompt_rows=5751/40
[2026-07-22 07:53:46] PROGRESS format=standard [1/11] format_est=100.0% overall_est=9.1% prompt_rows=5761/40
[2026-07-22 07:54:26] PROGRESS format=standard [1/11] format_est=100.0% overall_est=9.1% prompt_rows=5771/40
[2026-07-22 07:55:06] PROGRESS format=standard [1/11] format_est=100.0% overall_est=9.1% prompt_rows=5781/40
[2026-07-22 07:55:47] PROGRESS format=standard [1/11] format_est=100.0% overall_est=9.1% prompt_rows=5791/40
[2026-07-22 07:56:27] PROGRESS format=standard [1/11] format_est=100.0% overall_est=9.1% prompt_rows=5801/40
[2026-07-22 07:57:02] PROGRESS format=standard [1/11] format_est=100.0% overall_est=9.1% prompt_rows=5803/40
[2026-07-22 07:57:07] PROGRESS format=standard [1/11] format_est=100.0% overall_est=9.1% prompt_rows=5811/40
[2026-07-22 07:57:43] PROGRESS format=standard [1/11] format_est=100.0% overall_est=9.1% prompt_rows=5816/40
[2026-07-22 07:57:48] PROGRESS format=standard [1/11] format_est=100.0% overall_est=9.1% prompt_rows=5821/40
[2026-07-22 07:58:23] PROGRESS format=standard [1/11] format_est=100.0% overall_est=9.1% prompt_rows=5826/40
[2026-07-22 07:58:28] PROGRESS format=standard [1/11] format_est=100.0% overall_est=9.1% prompt_rows=5831/40
[2026-07-22 07:59:03] PROGRESS format=standard [1/11] format_est=100.0% overall_est=9.1% prompt_rows=5837/40
[2026-07-22 07:59:08] PROGRESS format=standard [1/11] format_est=100.0% overall_est=9.1% prompt_rows=5841/40
[2026-07-22 07:59:44] PROGRESS format=standard [1/11] format_est=100.0% overall_est=9.1% prompt_rows=5846/40
[2026-07-22 07:59:49] PROGRESS format=standard [1/11] format_est=100.0% overall_est=9.1% prompt_rows=5851/40
[2026-07-22 08:00:24] PROGRESS format=standard [1/11] format_est=100.0% overall_est=9.1% prompt_rows=5858/40
[2026-07-22 08:00:29] PROGRESS format=standard [1/11] format_est=100.0% overall_est=9.1% prompt_rows=5861/40
[2026-07-22 08:01:04] PROGRESS format=standard [1/11] format_est=100.0% overall_est=9.1% prompt_rows=5866/40
[2026-07-22 08:01:09] PROGRESS format=standard [1/11] format_est=100.0% overall_est=9.1% prompt_rows=5871/40
[2026-07-22 08:01:50] PROGRESS format=standard [1/11] format_est=100.0% overall_est=9.1% prompt_rows=5880/40
[2026-07-22 08:01:55] PROGRESS format=standard [1/11] format_est=100.0% overall_est=9.1% prompt_rows=5881/40
[2026-07-22 08:02:35] PROGRESS format=standard [1/11] format_est=100.0% overall_est=9.1% prompt_rows=5891/40
[2026-07-22 08:03:15] PROGRESS format=standard [1/11] format_est=100.0% overall_est=9.1% prompt_rows=5895/40
[2026-07-22 08:03:20] PROGRESS format=standard [1/11] format_est=100.0% overall_est=9.1% prompt_rows=5901/40
[2026-07-22 08:04:01] PROGRESS format=standard [1/11] format_est=100.0% overall_est=9.1% prompt_rows=5911/40
[2026-07-22 08:04:41] PROGRESS format=standard [1/11] format_est=100.0% overall_est=9.1% prompt_rows=5921/40
[2026-07-22 08:05:21] PROGRESS format=standard [1/11] format_est=100.0% overall_est=9.1% prompt_rows=5922/40
[2026-07-22 08:05:26] PROGRESS format=standard [1/11] format_est=100.0% overall_est=9.1% prompt_rows=5931/40
[2026-07-22 08:06:07] PROGRESS format=standard [1/11] format_est=100.0% overall_est=9.1% prompt_rows=5941/40
[2026-07-22 08:06:47] PROGRESS format=standard [1/11] format_est=100.0% overall_est=9.1% prompt_rows=5950/40
[2026-07-22 08:06:52] PROGRESS format=standard [1/11] format_est=100.0% overall_est=9.1% prompt_rows=5951/40
[2026-07-22 08:07:27] PROGRESS format=standard [1/11] format_est=100.0% overall_est=9.1% prompt_rows=5961/40
[2026-07-22 08:08:08] PROGRESS format=standard [1/11] format_est=100.0% overall_est=9.1% prompt_rows=5971/40
[2026-07-22 08:08:48] PROGRESS format=standard [1/11] format_est=100.0% overall_est=9.1% prompt_rows=5981/40
[2026-07-22 08:09:28] PROGRESS format=standard [1/11] format_est=100.0% overall_est=9.1% prompt_rows=5991/40
[2026-07-22 08:10:08] PROGRESS format=standard [1/11] format_est=100.0% overall_est=9.1% prompt_rows=6001/40
[2026-07-22 08:10:49] PROGRESS format=standard [1/11] format_est=100.0% overall_est=9.1% prompt_rows=6011/40
[2026-07-22 08:11:29] PROGRESS format=standard [1/11] format_est=100.0% overall_est=9.1% prompt_rows=6021/40
[2026-07-22 08:12:09] PROGRESS format=standard [1/11] format_est=100.0% overall_est=9.1% prompt_rows=6031/40
[2026-07-22 08:12:45] PROGRESS format=standard [1/11] format_est=100.0% overall_est=9.1% prompt_rows=6033/40
[2026-07-22 08:12:50] PROGRESS format=standard [1/11] format_est=100.0% overall_est=9.1% prompt_rows=6041/40
[2026-07-22 08:13:25] PROGRESS format=standard [1/11] format_est=100.0% overall_est=9.1% prompt_rows=6042/40
[2026-07-22 08:13:30] PROGRESS format=standard [1/11] format_est=100.0% overall_est=9.1% prompt_rows=6051/40
[2026-07-22 08:14:10] PROGRESS format=standard [1/11] format_est=100.0% overall_est=9.1% prompt_rows=6061/40
[2026-07-22 08:14:51] PROGRESS format=standard [1/11] format_est=100.0% overall_est=9.1% prompt_rows=6071/40
[2026-07-22 08:15:31] PROGRESS format=standard [1/11] format_est=100.0% overall_est=9.1% prompt_rows=6081/40
[2026-07-22 08:16:11] PROGRESS format=standard [1/11] format_est=100.0% overall_est=9.1% prompt_rows=6091/40
[2026-07-22 08:16:52] PROGRESS format=standard [1/11] format_est=100.0% overall_est=9.1% prompt_rows=6101/40
[2026-07-22 08:17:32] PROGRESS format=standard [1/11] format_est=100.0% overall_est=9.1% prompt_rows=6108/40
[2026-07-22 08:17:37] PROGRESS format=standard [1/11] format_est=100.0% overall_est=9.1% prompt_rows=6111/40
[2026-07-22 08:18:12] PROGRESS format=standard [1/11] format_est=100.0% overall_est=9.1% prompt_rows=6119/40
[2026-07-22 08:18:17] PROGRESS format=standard [1/11] format_est=100.0% overall_est=9.1% prompt_rows=6121/40
[2026-07-22 08:18:53] PROGRESS format=standard [1/11] format_est=100.0% overall_est=9.1% prompt_rows=6127/40
[2026-07-22 08:18:58] PROGRESS format=standard [1/11] format_est=100.0% overall_est=9.1% prompt_rows=6131/40
[2026-07-22 08:19:33] PROGRESS format=standard [1/11] format_est=100.0% overall_est=9.1% prompt_rows=6136/40
[2026-07-22 08:19:38] PROGRESS format=standard [1/11] format_est=100.0% overall_est=9.1% prompt_rows=6141/40
[2026-07-22 08:20:13] PROGRESS format=standard [1/11] format_est=100.0% overall_est=9.1% prompt_rows=6146/40
[2026-07-22 08:20:18] PROGRESS format=standard [1/11] format_est=100.0% overall_est=9.1% prompt_rows=6151/40
[2026-07-22 08:20:54] PROGRESS format=standard [1/11] format_est=100.0% overall_est=9.1% prompt_rows=6154/40
[2026-07-22 08:20:59] PROGRESS format=standard [1/11] format_est=100.0% overall_est=9.1% prompt_rows=6161/40
[2026-07-22 08:21:39] PROGRESS format=standard [1/11] format_est=100.0% overall_est=9.1% prompt_rows=6171/40
[2026-07-22 08:22:19] PROGRESS format=standard [1/11] format_est=100.0% overall_est=9.1% prompt_rows=6175/40
[2026-07-22 08:22:24] PROGRESS format=standard [1/11] format_est=100.0% overall_est=9.1% prompt_rows=6181/40
[2026-07-22 08:23:00] PROGRESS format=standard [1/11] format_est=100.0% overall_est=9.1% prompt_rows=6187/40
[2026-07-22 08:23:05] PROGRESS format=standard [1/11] format_est=100.0% overall_est=9.1% prompt_rows=6191/40
[2026-07-22 08:23:40] PROGRESS format=standard [1/11] format_est=100.0% overall_est=9.1% prompt_rows=6196/40
[2026-07-22 08:23:45] PROGRESS format=standard [1/11] format_est=100.0% overall_est=9.1% prompt_rows=6201/40
[2026-07-22 08:24:20] PROGRESS format=standard [1/11] format_est=100.0% overall_est=9.1% prompt_rows=6207/40
[2026-07-22 08:24:25] PROGRESS format=standard [1/11] format_est=100.0% overall_est=9.1% prompt_rows=6211/40
[2026-07-22 08:25:01] PROGRESS format=standard [1/11] format_est=100.0% overall_est=9.1% prompt_rows=6218/40
[2026-07-22 08:25:06] PROGRESS format=standard [1/11] format_est=100.0% overall_est=9.1% prompt_rows=6221/40
[2026-07-22 08:25:41] PROGRESS format=standard [1/11] format_est=100.0% overall_est=9.1% prompt_rows=6228/40
[2026-07-22 08:25:46] PROGRESS format=standard [1/11] format_est=100.0% overall_est=9.1% prompt_rows=6231/40
[2026-07-22 08:26:21] PROGRESS format=standard [1/11] format_est=100.0% overall_est=9.1% prompt_rows=6237/40
[2026-07-22 08:26:26] PROGRESS format=standard [1/11] format_est=100.0% overall_est=9.1% prompt_rows=6241/40
[2026-07-22 08:27:02] PROGRESS format=standard [1/11] format_est=100.0% overall_est=9.1% prompt_rows=6247/40
[2026-07-22 08:27:07] PROGRESS format=standard [1/11] format_est=100.0% overall_est=9.1% prompt_rows=6251/40
[2026-07-22 08:27:42] PROGRESS format=standard [1/11] format_est=100.0% overall_est=9.1% prompt_rows=6259/40
[2026-07-22 08:27:47] PROGRESS format=standard [1/11] format_est=100.0% overall_est=9.1% prompt_rows=6261/40
[2026-07-22 08:28:22] PROGRESS format=standard [1/11] format_est=100.0% overall_est=9.1% prompt_rows=6267/40
[2026-07-22 08:28:27] PROGRESS format=standard [1/11] format_est=100.0% overall_est=9.1% prompt_rows=6271/40
[2026-07-22 08:29:03] PROGRESS format=standard [1/11] format_est=100.0% overall_est=9.1% prompt_rows=6279/40
[2026-07-22 08:29:08] PROGRESS format=standard [1/11] format_est=100.0% overall_est=9.1% prompt_rows=6281/40
[2026-07-22 08:29:43] PROGRESS format=standard [1/11] format_est=100.0% overall_est=9.1% prompt_rows=6287/40
[2026-07-22 08:29:48] PROGRESS format=standard [1/11] format_est=100.0% overall_est=9.1% prompt_rows=6291/40
[2026-07-22 08:30:23] PROGRESS format=standard [1/11] format_est=100.0% overall_est=9.1% prompt_rows=6295/40
[2026-07-22 08:30:29] PROGRESS format=standard [1/11] format_est=100.0% overall_est=9.1% prompt_rows=6301/40
[2026-07-22 08:31:04] PROGRESS format=standard [1/11] format_est=100.0% overall_est=9.1% prompt_rows=6308/40
[2026-07-22 08:31:09] PROGRESS format=standard [1/11] format_est=100.0% overall_est=9.1% prompt_rows=6311/40
[2026-07-22 08:31:44] PROGRESS format=standard [1/11] format_est=100.0% overall_est=9.1% prompt_rows=6320/40
[2026-07-22 08:31:49] PROGRESS format=standard [1/11] format_est=100.0% overall_est=9.1% prompt_rows=6321/40
[2026-07-22 08:32:25] PROGRESS format=standard [1/11] format_est=100.0% overall_est=9.1% prompt_rows=6331/40
[2026-07-22 08:33:05] PROGRESS format=standard [1/11] format_est=100.0% overall_est=9.1% prompt_rows=6341/40
[2026-07-22 08:33:45] PROGRESS format=standard [1/11] format_est=100.0% overall_est=9.1% prompt_rows=6351/40
[2026-07-22 08:34:25] PROGRESS format=standard [1/11] format_est=100.0% overall_est=9.1% prompt_rows=6361/40
[2026-07-22 08:35:06] PROGRESS format=standard [1/11] format_est=100.0% overall_est=9.1% prompt_rows=6371/40
[2026-07-22 08:35:46] PROGRESS format=standard [1/11] format_est=100.0% overall_est=9.1% prompt_rows=6381/40
[2026-07-22 08:36:26] PROGRESS format=standard [1/11] format_est=100.0% overall_est=9.1% prompt_rows=6391/40
[2026-07-22 08:37:07] PROGRESS format=standard [1/11] format_est=100.0% overall_est=9.1% prompt_rows=6401/40
[2026-07-22 08:37:47] PROGRESS format=standard [1/11] format_est=100.0% overall_est=9.1% prompt_rows=6411/40
[2026-07-22 08:38:27] PROGRESS format=standard [1/11] format_est=100.0% overall_est=9.1% prompt_rows=6421/40
[2026-07-22 08:39:08] PROGRESS format=standard [1/11] format_est=100.0% overall_est=9.1% prompt_rows=6431/40
[2026-07-22 08:39:43] PROGRESS format=standard [1/11] format_est=100.0% overall_est=9.1% prompt_rows=6433/40
[2026-07-22 08:39:48] PROGRESS format=standard [1/11] format_est=100.0% overall_est=9.1% prompt_rows=6441/40
[2026-07-22 08:40:28] PROGRESS format=standard [1/11] format_est=100.0% overall_est=9.1% prompt_rows=6451/40
[2026-07-22 08:41:09] PROGRESS format=standard [1/11] format_est=100.0% overall_est=9.1% prompt_rows=6461/40
[2026-07-22 08:41:49] PROGRESS format=standard [1/11] format_est=100.0% overall_est=9.1% prompt_rows=6471/40
[2026-07-22 08:42:29] PROGRESS format=standard [1/11] format_est=100.0% overall_est=9.1% prompt_rows=6481/40
[2026-07-22 08:43:10] PROGRESS format=standard [1/11] format_est=100.0% overall_est=9.1% prompt_rows=6491/40
[2026-07-22 08:43:55] PROGRESS format=standard [1/11] format_est=100.0% overall_est=9.1% prompt_rows=6501/40
[2026-07-22 08:44:35] PROGRESS format=standard [1/11] format_est=100.0% overall_est=9.1% prompt_rows=6502/40
[2026-07-22 08:44:40] PROGRESS format=standard [1/11] format_est=100.0% overall_est=9.1% prompt_rows=6511/40
[2026-07-22 08:45:21] PROGRESS format=standard [1/11] format_est=100.0% overall_est=9.1% prompt_rows=6521/40
[2026-07-22 08:46:01] PROGRESS format=standard [1/11] format_est=100.0% overall_est=9.1% prompt_rows=6529/40
[2026-07-22 08:46:06] PROGRESS format=standard [1/11] format_est=100.0% overall_est=9.1% prompt_rows=6531/40
[2026-07-22 08:46:41] PROGRESS format=standard [1/11] format_est=100.0% overall_est=9.1% prompt_rows=6540/40
[2026-07-22 08:46:47] PROGRESS format=standard [1/11] format_est=100.0% overall_est=9.1% prompt_rows=6541/40
[2026-07-22 08:47:22] PROGRESS format=standard [1/11] format_est=100.0% overall_est=9.1% prompt_rows=6550/40
[2026-07-22 08:47:27] PROGRESS format=standard [1/11] format_est=100.0% overall_est=9.1% prompt_rows=6551/40
[2026-07-22 08:48:02] PROGRESS format=standard [1/11] format_est=100.0% overall_est=9.1% prompt_rows=6561/40
[2026-07-22 08:48:42] PROGRESS format=standard [1/11] format_est=100.0% overall_est=9.1% prompt_rows=6571/40
[2026-07-22 08:49:23] PROGRESS format=standard [1/11] format_est=100.0% overall_est=9.1% prompt_rows=6581/40
[2026-07-22 08:50:03] PROGRESS format=standard [1/11] format_est=100.0% overall_est=9.1% prompt_rows=6590/40
[2026-07-22 08:50:08] PROGRESS format=standard [1/11] format_est=100.0% overall_est=9.1% prompt_rows=6591/40
[2026-07-22 08:50:44] PROGRESS format=standard [1/11] format_est=100.0% overall_est=9.1% prompt_rows=6598/40
[2026-07-22 08:50:49] PROGRESS format=standard [1/11] format_est=100.0% overall_est=9.1% prompt_rows=6601/40
[2026-07-22 08:51:24] PROGRESS format=standard [1/11] format_est=100.0% overall_est=9.1% prompt_rows=6608/40
[2026-07-22 08:51:29] PROGRESS format=standard [1/11] format_est=100.0% overall_est=9.1% prompt_rows=6611/40
[2026-07-22 08:52:04] PROGRESS format=standard [1/11] format_est=100.0% overall_est=9.1% prompt_rows=6615/40
[2026-07-22 08:52:09] PROGRESS format=standard [1/11] format_est=100.0% overall_est=9.1% prompt_rows=6621/40
[2026-07-22 08:52:50] PROGRESS format=standard [1/11] format_est=100.0% overall_est=9.1% prompt_rows=6631/40
[2026-07-22 08:53:30] PROGRESS format=standard [1/11] format_est=100.0% overall_est=9.1% prompt_rows=6641/40
[2026-07-22 08:54:10] PROGRESS format=standard [1/11] format_est=100.0% overall_est=9.1% prompt_rows=6651/40
[2026-07-22 08:54:51] PROGRESS format=standard [1/11] format_est=100.0% overall_est=9.1% prompt_rows=6661/40
[2026-07-22 08:55:31] PROGRESS format=standard [1/11] format_est=100.0% overall_est=9.1% prompt_rows=6671/40
[2026-07-22 08:56:11] PROGRESS format=standard [1/11] format_est=100.0% overall_est=9.1% prompt_rows=6681/40
[2026-07-22 08:56:52] PROGRESS format=standard [1/11] format_est=100.0% overall_est=9.1% prompt_rows=6691/40
[2026-07-22 08:57:32] PROGRESS format=standard [1/11] format_est=100.0% overall_est=9.1% prompt_rows=6701/40
[2026-07-22 08:58:12] PROGRESS format=standard [1/11] format_est=100.0% overall_est=9.1% prompt_rows=6711/40
[2026-07-22 08:58:53] PROGRESS format=standard [1/11] format_est=100.0% overall_est=9.1% prompt_rows=6720/40
[2026-07-22 08:58:58] PROGRESS format=standard [1/11] format_est=100.0% overall_est=9.1% prompt_rows=6721/40
[2026-07-22 08:59:38] PROGRESS format=standard [1/11] format_est=100.0% overall_est=9.1% prompt_rows=6731/40
[2026-07-22 09:00:18] PROGRESS format=standard [1/11] format_est=100.0% overall_est=9.1% prompt_rows=6741/40
[2026-07-22 09:00:58] PROGRESS format=standard [1/11] format_est=100.0% overall_est=9.1% prompt_rows=6751/40
[2026-07-22 09:01:39] PROGRESS format=standard [1/11] format_est=100.0% overall_est=9.1% prompt_rows=6761/40
[2026-07-22 09:02:19] PROGRESS format=standard [1/11] format_est=100.0% overall_est=9.1% prompt_rows=6770/40
[2026-07-22 09:02:24] PROGRESS format=standard [1/11] format_est=100.0% overall_est=9.1% prompt_rows=6771/40
[2026-07-22 09:02:59] PROGRESS format=standard [1/11] format_est=100.0% overall_est=9.1% prompt_rows=6781/40
[2026-07-22 09:03:40] PROGRESS format=standard [1/11] format_est=100.0% overall_est=9.1% prompt_rows=6791/40
[2026-07-22 09:04:20] PROGRESS format=standard [1/11] format_est=100.0% overall_est=9.1% prompt_rows=6801/40
[2026-07-22 09:05:00] PROGRESS format=standard [1/11] format_est=100.0% overall_est=9.1% prompt_rows=6811/40
[2026-07-22 09:05:41] PROGRESS format=standard [1/11] format_est=100.0% overall_est=9.1% prompt_rows=6821/40
[2026-07-22 09:06:21] PROGRESS format=standard [1/11] format_est=100.0% overall_est=9.1% prompt_rows=6831/40
[2026-07-22 09:07:01] PROGRESS format=standard [1/11] format_est=100.0% overall_est=9.1% prompt_rows=6841/40
[2026-07-22 09:07:42] PROGRESS format=standard [1/11] format_est=100.0% overall_est=9.1% prompt_rows=6851/40
[2026-07-22 09:08:22] PROGRESS format=standard [1/11] format_est=100.0% overall_est=9.1% prompt_rows=6861/40
[2026-07-22 09:08:57] PROGRESS format=standard [1/11] format_est=100.0% overall_est=9.1% prompt_rows=6863/40
[2026-07-22 09:09:02] PROGRESS format=standard [1/11] format_est=100.0% overall_est=9.1% prompt_rows=6871/40
[2026-07-22 09:09:38] PROGRESS format=standard [1/11] format_est=100.0% overall_est=9.1% prompt_rows=6878/40
[2026-07-22 09:09:43] PROGRESS format=standard [1/11] format_est=100.0% overall_est=9.1% prompt_rows=6881/40
[2026-07-22 09:10:18] PROGRESS format=standard [1/11] format_est=100.0% overall_est=9.1% prompt_rows=6891/40
[2026-07-22 09:10:58] PROGRESS format=standard [1/11] format_est=100.0% overall_est=9.1% prompt_rows=6901/40
[2026-07-22 09:11:39] PROGRESS format=standard [1/11] format_est=100.0% overall_est=9.1% prompt_rows=6911/40
[2026-07-22 09:12:19] PROGRESS format=standard [1/11] format_est=100.0% overall_est=9.1% prompt_rows=6921/40
[2026-07-22 09:12:59] PROGRESS format=standard [1/11] format_est=100.0% overall_est=9.1% prompt_rows=6931/40
[2026-07-22 09:13:40] PROGRESS format=standard [1/11] format_est=100.0% overall_est=9.1% prompt_rows=6941/40
[2026-07-22 09:14:20] PROGRESS format=standard [1/11] format_est=100.0% overall_est=9.1% prompt_rows=6951/40
[2026-07-22 09:14:55] PROGRESS format=standard [1/11] format_est=100.0% overall_est=9.1% prompt_rows=6952/40
[2026-07-22 09:15:00] PROGRESS format=standard [1/11] format_est=100.0% overall_est=9.1% prompt_rows=6961/40
[2026-07-22 09:15:36] PROGRESS format=standard [1/11] format_est=100.0% overall_est=9.1% prompt_rows=6968/40
[2026-07-22 09:15:41] PROGRESS format=standard [1/11] format_est=100.0% overall_est=9.1% prompt_rows=6971/40
[2026-07-22 09:16:16] PROGRESS format=standard [1/11] format_est=100.0% overall_est=9.1% prompt_rows=6981/40
[2026-07-22 09:16:56] PROGRESS format=standard [1/11] format_est=100.0% overall_est=9.1% prompt_rows=6991/40
[2026-07-22 09:17:37] PROGRESS format=standard [1/11] format_est=100.0% overall_est=9.1% prompt_rows=7000/40
[2026-07-22 09:17:42] PROGRESS format=standard [1/11] format_est=100.0% overall_est=9.1% prompt_rows=7001/40
[2026-07-22 09:18:22] PROGRESS format=standard [1/11] format_est=100.0% overall_est=9.1% prompt_rows=7011/40
[2026-07-22 09:18:57] PROGRESS format=standard [1/11] format_est=100.0% overall_est=9.1% prompt_rows=7012/40
[2026-07-22 09:19:03] PROGRESS format=standard [1/11] format_est=100.0% overall_est=9.1% prompt_rows=7021/40
[2026-07-22 09:19:38] PROGRESS format=standard [1/11] format_est=100.0% overall_est=9.1% prompt_rows=7024/40
[2026-07-22 09:19:43] PROGRESS format=standard [1/11] format_est=100.0% overall_est=9.1% prompt_rows=7031/40
[2026-07-22 09:20:18] PROGRESS format=standard [1/11] format_est=100.0% overall_est=9.1% prompt_rows=7037/40
[2026-07-22 09:20:23] PROGRESS format=standard [1/11] format_est=100.0% overall_est=9.1% prompt_rows=7041/40
[2026-07-22 09:20:59] PROGRESS format=standard [1/11] format_est=100.0% overall_est=9.1% prompt_rows=7050/40
[2026-07-22 09:21:04] PROGRESS format=standard [1/11] format_est=100.0% overall_est=9.1% prompt_rows=7051/40
[2026-07-22 09:21:39] PROGRESS format=standard [1/11] format_est=100.0% overall_est=9.1% prompt_rows=7061/40
[2026-07-22 09:22:19] PROGRESS format=standard [1/11] format_est=100.0% overall_est=9.1% prompt_rows=7071/40
[2026-07-22 09:23:00] PROGRESS format=standard [1/11] format_est=100.0% overall_est=9.1% prompt_rows=7081/40
[2026-07-22 09:23:40] PROGRESS format=standard [1/11] format_est=100.0% overall_est=9.1% prompt_rows=7091/40
[2026-07-22 09:24:20] PROGRESS format=standard [1/11] format_est=100.0% overall_est=9.1% prompt_rows=7101/40
[2026-07-22 09:24:56] PROGRESS format=standard [1/11] format_est=100.0% overall_est=9.1% prompt_rows=7103/40
[2026-07-22 09:25:01] PROGRESS format=standard [1/11] format_est=100.0% overall_est=9.1% prompt_rows=7111/40
[2026-07-22 09:25:36] PROGRESS format=standard [1/11] format_est=100.0% overall_est=9.1% prompt_rows=7113/40
[2026-07-22 09:25:41] PROGRESS format=standard [1/11] format_est=100.0% overall_est=9.1% prompt_rows=7121/40
[2026-07-22 09:26:16] PROGRESS format=standard [1/11] format_est=100.0% overall_est=9.1% prompt_rows=7123/40
[2026-07-22 09:26:21] PROGRESS format=standard [1/11] format_est=100.0% overall_est=9.1% prompt_rows=7131/40
[2026-07-22 09:26:57] PROGRESS format=standard [1/11] format_est=100.0% overall_est=9.1% prompt_rows=7136/40
[2026-07-22 09:27:02] PROGRESS format=standard [1/11] format_est=100.0% overall_est=9.1% prompt_rows=7141/40
[2026-07-22 09:27:37] PROGRESS format=standard [1/11] format_est=100.0% overall_est=9.1% prompt_rows=7149/40
[2026-07-22 09:27:42] PROGRESS format=standard [1/11] format_est=100.0% overall_est=9.1% prompt_rows=7151/40
[2026-07-22 09:28:17] PROGRESS format=standard [1/11] format_est=100.0% overall_est=9.1% prompt_rows=7161/40
[2026-07-22 09:28:58] PROGRESS format=standard [1/11] format_est=100.0% overall_est=9.1% prompt_rows=7171/40
[2026-07-22 09:29:38] PROGRESS format=standard [1/11] format_est=100.0% overall_est=9.1% prompt_rows=7181/40
[2026-07-22 09:30:19] PROGRESS format=standard [1/11] format_est=100.0% overall_est=9.1% prompt_rows=7191/40
[2026-07-22 09:30:59] PROGRESS format=standard [1/11] format_est=100.0% overall_est=9.1% prompt_rows=7201/40
[2026-07-22 09:31:34] PROGRESS format=standard [1/11] format_est=100.0% overall_est=9.1% prompt_rows=7203/40
[2026-07-22 09:31:39] PROGRESS format=standard [1/11] format_est=100.0% overall_est=9.1% prompt_rows=7211/40
[2026-07-22 09:32:15] PROGRESS format=standard [1/11] format_est=100.0% overall_est=9.1% prompt_rows=7216/40
[2026-07-22 09:32:20] PROGRESS format=standard [1/11] format_est=100.0% overall_est=9.1% prompt_rows=7221/40
[2026-07-22 09:32:55] PROGRESS format=standard [1/11] format_est=100.0% overall_est=9.1% prompt_rows=7228/40
[2026-07-22 09:33:00] PROGRESS format=standard [1/11] format_est=100.0% overall_est=9.1% prompt_rows=7231/40
[2026-07-22 09:33:35] PROGRESS format=standard [1/11] format_est=100.0% overall_est=9.1% prompt_rows=7238/40
[2026-07-22 09:33:40] PROGRESS format=standard [1/11] format_est=100.0% overall_est=9.1% prompt_rows=7241/40
[2026-07-22 09:34:16] PROGRESS format=standard [1/11] format_est=100.0% overall_est=9.1% prompt_rows=7251/40
[2026-07-22 09:34:56] PROGRESS format=standard [1/11] format_est=100.0% overall_est=9.1% prompt_rows=7261/40
[2026-07-22 09:35:36] PROGRESS format=standard [1/11] format_est=100.0% overall_est=9.1% prompt_rows=7270/40
[2026-07-22 09:35:41] PROGRESS format=standard [1/11] format_est=100.0% overall_est=9.1% prompt_rows=7271/40
[2026-07-22 09:36:17] PROGRESS format=standard [1/11] format_est=100.0% overall_est=9.1% prompt_rows=7280/40
[2026-07-22 09:36:22] PROGRESS format=standard [1/11] format_est=100.0% overall_est=9.1% prompt_rows=7281/40
[2026-07-22 09:37:02] PROGRESS format=standard [1/11] format_est=100.0% overall_est=9.1% prompt_rows=7291/40
[2026-07-22 09:37:37] PROGRESS format=standard [1/11] format_est=100.0% overall_est=9.1% prompt_rows=7293/40
[2026-07-22 09:37:43] PROGRESS format=standard [1/11] format_est=100.0% overall_est=9.1% prompt_rows=7301/40
[2026-07-22 09:38:18] PROGRESS format=standard [1/11] format_est=100.0% overall_est=9.1% prompt_rows=7306/40
[2026-07-22 09:38:23] PROGRESS format=standard [1/11] format_est=100.0% overall_est=9.1% prompt_rows=7311/40
[2026-07-22 09:39:03] PROGRESS format=standard [1/11] format_est=100.0% overall_est=9.1% prompt_rows=7321/40
[2026-07-22 09:39:44] PROGRESS format=standard [1/11] format_est=100.0% overall_est=9.1% prompt_rows=7331/40
[2026-07-22 09:40:24] PROGRESS format=standard [1/11] format_est=100.0% overall_est=9.1% prompt_rows=7341/40
[2026-07-22 09:41:04] PROGRESS format=standard [1/11] format_est=100.0% overall_est=9.1% prompt_rows=7351/40
[2026-07-22 09:41:45] PROGRESS format=standard [1/11] format_est=100.0% overall_est=9.1% prompt_rows=7361/40
[2026-07-22 09:42:25] PROGRESS format=standard [1/11] format_est=100.0% overall_est=9.1% prompt_rows=7371/40
[2026-07-22 09:43:05] PROGRESS format=standard [1/11] format_est=100.0% overall_est=9.1% prompt_rows=7381/40
[2026-07-22 09:43:41] PROGRESS format=standard [1/11] format_est=100.0% overall_est=9.1% prompt_rows=7382/40
[2026-07-22 09:43:46] PROGRESS format=standard [1/11] format_est=100.0% overall_est=9.1% prompt_rows=7391/40
[2026-07-22 09:44:26] PROGRESS format=standard [1/11] format_est=100.0% overall_est=9.1% prompt_rows=7401/40
[2026-07-22 09:45:07] PROGRESS format=standard [1/11] format_est=100.0% overall_est=9.1% prompt_rows=7411/40
[2026-07-22 09:45:47] PROGRESS format=standard [1/11] format_est=100.0% overall_est=9.1% prompt_rows=7421/40
[2026-07-22 09:46:22] PROGRESS format=standard [1/11] format_est=100.0% overall_est=9.1% prompt_rows=7424/40
[2026-07-22 09:46:27] PROGRESS format=standard [1/11] format_est=100.0% overall_est=9.1% prompt_rows=7431/40
[2026-07-22 09:47:03] PROGRESS format=standard [1/11] format_est=100.0% overall_est=9.1% prompt_rows=7439/40
[2026-07-22 09:47:08] PROGRESS format=standard [1/11] format_est=100.0% overall_est=9.1% prompt_rows=7441/40
[2026-07-22 09:47:43] PROGRESS format=standard [1/11] format_est=100.0% overall_est=9.1% prompt_rows=7451/40
[2026-07-22 09:48:23] PROGRESS format=standard [1/11] format_est=100.0% overall_est=9.1% prompt_rows=7461/40
[2026-07-22 09:49:04] PROGRESS format=standard [1/11] format_est=100.0% overall_est=9.1% prompt_rows=7471/40
[2026-07-22 09:49:44] PROGRESS format=standard [1/11] format_est=100.0% overall_est=9.1% prompt_rows=7481/40
[2026-07-22 09:50:20] PROGRESS format=standard [1/11] format_est=100.0% overall_est=9.1% prompt_rows=7482/40
[2026-07-22 09:50:25] PROGRESS format=standard [1/11] format_est=100.0% overall_est=9.1% prompt_rows=7491/40
[2026-07-22 09:51:05] PROGRESS format=standard [1/11] format_est=100.0% overall_est=9.1% prompt_rows=7501/40
[2026-07-22 09:51:45] PROGRESS format=standard [1/11] format_est=100.0% overall_est=9.1% prompt_rows=7511/40
[2026-07-22 09:52:26] PROGRESS format=standard [1/11] format_est=100.0% overall_est=9.1% prompt_rows=7521/40
[2026-07-22 09:53:06] PROGRESS format=standard [1/11] format_est=100.0% overall_est=9.1% prompt_rows=7531/40
[2026-07-22 09:53:46] PROGRESS format=standard [1/11] format_est=100.0% overall_est=9.1% prompt_rows=7541/40
[2026-07-22 09:54:27] PROGRESS format=standard [1/11] format_est=100.0% overall_est=9.1% prompt_rows=7551/40
[2026-07-22 09:55:07] PROGRESS format=standard [1/11] format_est=100.0% overall_est=9.1% prompt_rows=7561/40
[2026-07-22 09:55:47] PROGRESS format=standard [1/11] format_est=100.0% overall_est=9.1% prompt_rows=7571/40
[2026-07-22 09:56:28] PROGRESS format=standard [1/11] format_est=100.0% overall_est=9.1% prompt_rows=7581/40
[2026-07-22 09:57:08] PROGRESS format=standard [1/11] format_est=100.0% overall_est=9.1% prompt_rows=7591/40
[2026-07-22 09:57:48] PROGRESS format=standard [1/11] format_est=100.0% overall_est=9.1% prompt_rows=7601/40
[2026-07-22 09:58:29] PROGRESS format=standard [1/11] format_est=100.0% overall_est=9.1% prompt_rows=7611/40
[2026-07-22 09:59:04] PROGRESS format=standard [1/11] format_est=100.0% overall_est=9.1% prompt_rows=7615/40
[2026-07-22 09:59:09] PROGRESS format=standard [1/11] format_est=100.0% overall_est=9.1% prompt_rows=7621/40
[2026-07-22 09:59:45] PROGRESS format=standard [1/11] format_est=100.0% overall_est=9.1% prompt_rows=7631/40
[2026-07-22 10:00:25] PROGRESS format=standard [1/11] format_est=100.0% overall_est=9.1% prompt_rows=7641/40
[2026-07-22 10:01:05] PROGRESS format=standard [1/11] format_est=100.0% overall_est=9.1% prompt_rows=7651/40
[2026-07-22 10:01:46] PROGRESS format=standard [1/11] format_est=100.0% overall_est=9.1% prompt_rows=7653/40
[2026-07-22 10:01:51] PROGRESS format=standard [1/11] format_est=100.0% overall_est=9.1% prompt_rows=7661/40
[2026-07-22 10:02:26] PROGRESS format=standard [1/11] format_est=100.0% overall_est=9.1% prompt_rows=7667/40
[2026-07-22 10:02:31] PROGRESS format=standard [1/11] format_est=100.0% overall_est=9.1% prompt_rows=7671/40
[2026-07-22 10:03:07] PROGRESS format=standard [1/11] format_est=100.0% overall_est=9.1% prompt_rows=7677/40
[2026-07-22 10:03:12] PROGRESS format=standard [1/11] format_est=100.0% overall_est=9.1% prompt_rows=7681/40
[2026-07-22 10:03:47] PROGRESS format=standard [1/11] format_est=100.0% overall_est=9.1% prompt_rows=7686/40
[2026-07-22 10:03:52] PROGRESS format=standard [1/11] format_est=100.0% overall_est=9.1% prompt_rows=7691/40
[2026-07-22 10:04:27] PROGRESS format=standard [1/11] format_est=100.0% overall_est=9.1% prompt_rows=7700/40
[2026-07-22 10:04:32] PROGRESS format=standard [1/11] format_est=100.0% overall_est=9.1% prompt_rows=7701/40
[2026-07-22 10:05:08] PROGRESS format=standard [1/11] format_est=100.0% overall_est=9.1% prompt_rows=7711/40
[2026-07-22 10:05:48] PROGRESS format=standard [1/11] format_est=100.0% overall_est=9.1% prompt_rows=7721/40
[2026-07-22 10:06:28] PROGRESS format=standard [1/11] format_est=100.0% overall_est=9.1% prompt_rows=7731/40
[2026-07-22 10:07:09] PROGRESS format=standard [1/11] format_est=100.0% overall_est=9.1% prompt_rows=7741/40
[2026-07-22 10:07:49] PROGRESS format=standard [1/11] format_est=100.0% overall_est=9.1% prompt_rows=7751/40
[2026-07-22 10:08:29] PROGRESS format=standard [1/11] format_est=100.0% overall_est=9.1% prompt_rows=7761/40
[2026-07-22 10:09:10] PROGRESS format=standard [1/11] format_est=100.0% overall_est=9.1% prompt_rows=7771/40
[2026-07-22 10:09:45] PROGRESS format=standard [1/11] format_est=100.0% overall_est=9.1% prompt_rows=7776/40
[2026-07-22 10:09:50] PROGRESS format=standard [1/11] format_est=100.0% overall_est=9.1% prompt_rows=7781/40
[2026-07-22 10:10:26] PROGRESS format=standard [1/11] format_est=100.0% overall_est=9.1% prompt_rows=7791/40
[2026-07-22 10:11:06] PROGRESS format=standard [1/11] format_est=100.0% overall_est=9.1% prompt_rows=7801/40
[2026-07-22 10:11:46] PROGRESS format=standard [1/11] format_est=100.0% overall_est=9.1% prompt_rows=7811/40
[2026-07-22 10:12:27] PROGRESS format=standard [1/11] format_est=100.0% overall_est=9.1% prompt_rows=7821/40
[2026-07-22 10:13:07] PROGRESS format=standard [1/11] format_est=100.0% overall_est=9.1% prompt_rows=7831/40
[2026-07-22 10:13:48] PROGRESS format=standard [1/11] format_est=100.0% overall_est=9.1% prompt_rows=7840/40
[2026-07-22 10:13:53] PROGRESS format=standard [1/11] format_est=100.0% overall_est=9.1% prompt_rows=7841/40
[2026-07-22 10:14:33] PROGRESS format=standard [1/11] format_est=100.0% overall_est=9.1% prompt_rows=7851/40
[2026-07-22 10:15:13] PROGRESS format=standard [1/11] format_est=100.0% overall_est=9.1% prompt_rows=7861/40
[2026-07-22 10:15:49] PROGRESS format=standard [1/11] format_est=100.0% overall_est=9.1% prompt_rows=7862/40
[2026-07-22 10:15:54] PROGRESS format=standard [1/11] format_est=100.0% overall_est=9.1% prompt_rows=7871/40
[2026-07-22 10:16:29] PROGRESS format=standard [1/11] format_est=100.0% overall_est=9.1% prompt_rows=7874/40
[2026-07-22 10:16:34] PROGRESS format=standard [1/11] format_est=100.0% overall_est=9.1% prompt_rows=7881/40
[2026-07-22 10:17:10] PROGRESS format=standard [1/11] format_est=100.0% overall_est=9.1% prompt_rows=7885/40
[2026-07-22 10:17:15] PROGRESS format=standard [1/11] format_est=100.0% overall_est=9.1% prompt_rows=7891/40
[2026-07-22 10:17:50] PROGRESS format=standard [1/11] format_est=100.0% overall_est=9.1% prompt_rows=7897/40
[2026-07-22 10:17:55] PROGRESS format=standard [1/11] format_est=100.0% overall_est=9.1% prompt_rows=7901/40
[2026-07-22 10:18:30] PROGRESS format=standard [1/11] format_est=100.0% overall_est=9.1% prompt_rows=7907/40
[2026-07-22 10:18:35] PROGRESS format=standard [1/11] format_est=100.0% overall_est=9.1% prompt_rows=7911/40
[2026-07-22 10:19:11] PROGRESS format=standard [1/11] format_est=100.0% overall_est=9.1% prompt_rows=7917/40
[2026-07-22 10:19:16] PROGRESS format=standard [1/11] format_est=100.0% overall_est=9.1% prompt_rows=7921/40
[2026-07-22 10:19:51] PROGRESS format=standard [1/11] format_est=100.0% overall_est=9.1% prompt_rows=7930/40
[2026-07-22 10:19:56] PROGRESS format=standard [1/11] format_est=100.0% overall_est=9.1% prompt_rows=7931/40
[2026-07-22 10:20:32] PROGRESS format=standard [1/11] format_est=100.0% overall_est=9.1% prompt_rows=7941/40
[2026-07-22 10:21:12] PROGRESS format=standard [1/11] format_est=100.0% overall_est=9.1% prompt_rows=7951/40
[2026-07-22 10:21:52] PROGRESS format=standard [1/11] format_est=100.0% overall_est=9.1% prompt_rows=7961/40
[2026-07-22 10:22:33] PROGRESS format=standard [1/11] format_est=100.0% overall_est=9.1% prompt_rows=7971/40
[2026-07-22 10:23:13] PROGRESS format=standard [1/11] format_est=100.0% overall_est=9.1% prompt_rows=7981/40
[2026-07-22 10:23:54] PROGRESS format=standard [1/11] format_est=100.0% overall_est=9.1% prompt_rows=7991/40
[2026-07-22 10:24:34] PROGRESS format=standard [1/11] format_est=100.0% overall_est=9.1% prompt_rows=8001/40
[2026-07-22 10:25:14] PROGRESS format=standard [1/11] format_est=100.0% overall_est=9.1% prompt_rows=8011/40
[2026-07-22 10:25:55] PROGRESS format=standard [1/11] format_est=100.0% overall_est=9.1% prompt_rows=8021/40
[2026-07-22 10:26:30] PROGRESS format=standard [1/11] format_est=100.0% overall_est=9.1% prompt_rows=8024/40
[2026-07-22 10:26:35] PROGRESS format=standard [1/11] format_est=100.0% overall_est=9.1% prompt_rows=8031/40
[2026-07-22 10:27:11] PROGRESS format=standard [1/11] format_est=100.0% overall_est=9.1% prompt_rows=8034/40
[2026-07-22 10:27:16] PROGRESS format=standard [1/11] format_est=100.0% overall_est=9.1% prompt_rows=8041/40
[2026-07-22 10:27:51] PROGRESS format=standard [1/11] format_est=100.0% overall_est=9.1% prompt_rows=8045/40
[2026-07-22 10:27:56] PROGRESS format=standard [1/11] format_est=100.0% overall_est=9.1% prompt_rows=8051/40
[2026-07-22 10:28:31] PROGRESS format=standard [1/11] format_est=100.0% overall_est=9.1% prompt_rows=8056/40
[2026-07-22 10:28:36] PROGRESS format=standard [1/11] format_est=100.0% overall_est=9.1% prompt_rows=8061/40
[2026-07-22 10:29:12] PROGRESS format=standard [1/11] format_est=100.0% overall_est=9.1% prompt_rows=8065/40
[2026-07-22 10:29:17] PROGRESS format=standard [1/11] format_est=100.0% overall_est=9.1% prompt_rows=8071/40
[2026-07-22 10:29:52] PROGRESS format=standard [1/11] format_est=100.0% overall_est=9.1% prompt_rows=8079/40
[2026-07-22 10:29:57] PROGRESS format=standard [1/11] format_est=100.0% overall_est=9.1% prompt_rows=8081/40
[2026-07-22 10:30:33] PROGRESS format=standard [1/11] format_est=100.0% overall_est=9.1% prompt_rows=8088/40
[2026-07-22 10:30:38] PROGRESS format=standard [1/11] format_est=100.0% overall_est=9.1% prompt_rows=8091/40
[2026-07-22 10:31:13] PROGRESS format=standard [1/11] format_est=100.0% overall_est=9.1% prompt_rows=8097/40
[2026-07-22 10:31:18] PROGRESS format=standard [1/11] format_est=100.0% overall_est=9.1% prompt_rows=8101/40
[2026-07-22 10:31:53] PROGRESS format=standard [1/11] format_est=100.0% overall_est=9.1% prompt_rows=8109/40
[2026-07-22 10:31:58] PROGRESS format=standard [1/11] format_est=100.0% overall_est=9.1% prompt_rows=8111/40
[2026-07-22 10:32:34] PROGRESS format=standard [1/11] format_est=100.0% overall_est=9.1% prompt_rows=8118/40
[2026-07-22 10:32:39] PROGRESS format=standard [1/11] format_est=100.0% overall_est=9.1% prompt_rows=8121/40
[2026-07-22 10:33:19] PROGRESS format=standard [1/11] format_est=100.0% overall_est=9.1% prompt_rows=8131/40
[2026-07-22 10:34:00] PROGRESS format=standard [1/11] format_est=100.0% overall_est=9.1% prompt_rows=8141/40
[2026-07-22 10:34:40] PROGRESS format=standard [1/11] format_est=100.0% overall_est=9.1% prompt_rows=8151/40
[2026-07-22 10:35:15] PROGRESS format=standard [1/11] format_est=100.0% overall_est=9.1% prompt_rows=8152/40
[2026-07-22 10:35:21] PROGRESS format=standard [1/11] format_est=100.0% overall_est=9.1% prompt_rows=8161/40
[2026-07-22 10:35:56] PROGRESS format=standard [1/11] format_est=100.0% overall_est=9.1% prompt_rows=8162/40
[2026-07-22 10:36:01] PROGRESS format=standard [1/11] format_est=100.0% overall_est=9.1% prompt_rows=8171/40
[2026-07-22 10:36:36] PROGRESS format=standard [1/11] format_est=100.0% overall_est=9.1% prompt_rows=8174/40
[2026-07-22 10:36:41] PROGRESS format=standard [1/11] format_est=100.0% overall_est=9.1% prompt_rows=8181/40
[2026-07-22 10:37:17] PROGRESS format=standard [1/11] format_est=100.0% overall_est=9.1% prompt_rows=8185/40
[2026-07-22 10:37:22] PROGRESS format=standard [1/11] format_est=100.0% overall_est=9.1% prompt_rows=8191/40
[2026-07-22 10:37:57] PROGRESS format=standard [1/11] format_est=100.0% overall_est=9.1% prompt_rows=8195/40
[2026-07-22 10:38:02] PROGRESS format=standard [1/11] format_est=100.0% overall_est=9.1% prompt_rows=8201/40
[2026-07-22 10:38:38] PROGRESS format=standard [1/11] format_est=100.0% overall_est=9.1% prompt_rows=8206/40
[2026-07-22 10:38:43] PROGRESS format=standard [1/11] format_est=100.0% overall_est=9.1% prompt_rows=8211/40
[2026-07-22 10:39:18] PROGRESS format=standard [1/11] format_est=100.0% overall_est=9.1% prompt_rows=8218/40
[2026-07-22 10:39:23] PROGRESS format=standard [1/11] format_est=100.0% overall_est=9.1% prompt_rows=8221/40
[2026-07-22 10:39:58] PROGRESS format=standard [1/11] format_est=100.0% overall_est=9.1% prompt_rows=8230/40
[2026-07-22 10:40:03] PROGRESS format=standard [1/11] format_est=100.0% overall_est=9.1% prompt_rows=8231/40
[2026-07-22 10:40:39] PROGRESS format=standard [1/11] format_est=100.0% overall_est=9.1% prompt_rows=8239/40
[2026-07-22 10:40:44] PROGRESS format=standard [1/11] format_est=100.0% overall_est=9.1% prompt_rows=8241/40
[2026-07-22 10:41:19] PROGRESS format=standard [1/11] format_est=100.0% overall_est=9.1% prompt_rows=8250/40
[2026-07-22 10:41:24] PROGRESS format=standard [1/11] format_est=100.0% overall_est=9.1% prompt_rows=8251/40
[2026-07-22 10:42:00] PROGRESS format=standard [1/11] format_est=100.0% overall_est=9.1% prompt_rows=8261/40
[2026-07-22 10:42:40] PROGRESS format=standard [1/11] format_est=100.0% overall_est=9.1% prompt_rows=8271/40
[2026-07-22 10:43:20] PROGRESS format=standard [1/11] format_est=100.0% overall_est=9.1% prompt_rows=8281/40
[2026-07-22 10:44:01] PROGRESS format=standard [1/11] format_est=100.0% overall_est=9.1% prompt_rows=8291/40
[2026-07-22 10:44:41] PROGRESS format=standard [1/11] format_est=100.0% overall_est=9.1% prompt_rows=8301/40
[2026-07-22 10:45:21] PROGRESS format=standard [1/11] format_est=100.0% overall_est=9.1% prompt_rows=8311/40
[2026-07-22 10:46:02] PROGRESS format=standard [1/11] format_est=100.0% overall_est=9.1% prompt_rows=8321/40
[2026-07-22 10:46:37] PROGRESS format=standard [1/11] format_est=100.0% overall_est=9.1% prompt_rows=8323/40
[2026-07-22 10:46:42] PROGRESS format=standard [1/11] format_est=100.0% overall_est=9.1% prompt_rows=8331/40
[2026-07-22 10:47:18] PROGRESS format=standard [1/11] format_est=100.0% overall_est=9.1% prompt_rows=8334/40
[2026-07-22 10:47:23] PROGRESS format=standard [1/11] format_est=100.0% overall_est=9.1% prompt_rows=8341/40
[2026-07-22 10:47:58] PROGRESS format=standard [1/11] format_est=100.0% overall_est=9.1% prompt_rows=8346/40
[2026-07-22 10:48:03] PROGRESS format=standard [1/11] format_est=100.0% overall_est=9.1% prompt_rows=8351/40
[2026-07-22 10:48:38] PROGRESS format=standard [1/11] format_est=100.0% overall_est=9.1% prompt_rows=8358/40
[2026-07-22 10:48:43] PROGRESS format=standard [1/11] format_est=100.0% overall_est=9.1% prompt_rows=8361/40
[2026-07-22 10:49:19] PROGRESS format=standard [1/11] format_est=100.0% overall_est=9.1% prompt_rows=8368/40
[2026-07-22 10:49:24] PROGRESS format=standard [1/11] format_est=100.0% overall_est=9.1% prompt_rows=8371/40
[2026-07-22 10:49:59] PROGRESS format=standard [1/11] format_est=100.0% overall_est=9.1% prompt_rows=8379/40
[2026-07-22 10:50:04] PROGRESS format=standard [1/11] format_est=100.0% overall_est=9.1% prompt_rows=8381/40
[2026-07-22 10:50:45] PROGRESS format=standard [1/11] format_est=100.0% overall_est=9.1% prompt_rows=8391/40
[2026-07-22 10:51:25] PROGRESS format=standard [1/11] format_est=100.0% overall_est=9.1% prompt_rows=8400/40
[2026-07-22 10:51:30] PROGRESS format=standard [1/11] format_est=100.0% overall_est=9.1% prompt_rows=8401/40
[2026-07-22 10:52:06] PROGRESS format=standard [1/11] format_est=100.0% overall_est=9.1% prompt_rows=8406/40
[2026-07-22 10:52:11] PROGRESS format=standard [1/11] format_est=100.0% overall_est=9.1% prompt_rows=8411/40
[2026-07-22 10:52:46] PROGRESS format=standard [1/11] format_est=100.0% overall_est=9.1% prompt_rows=8418/40
[2026-07-22 10:52:51] PROGRESS format=standard [1/11] format_est=100.0% overall_est=9.1% prompt_rows=8421/40
[2026-07-22 10:53:27] PROGRESS format=standard [1/11] format_est=100.0% overall_est=9.1% prompt_rows=8426/40
[2026-07-22 10:53:32] PROGRESS format=standard [1/11] format_est=100.0% overall_est=9.1% prompt_rows=8431/40
[2026-07-22 10:54:12] PROGRESS format=standard [1/11] format_est=100.0% overall_est=9.1% prompt_rows=8441/40
[2026-07-22 10:54:52] PROGRESS format=standard [1/11] format_est=100.0% overall_est=9.1% prompt_rows=8451/40
[2026-07-22 10:55:33] PROGRESS format=standard [1/11] format_est=100.0% overall_est=9.1% prompt_rows=8461/40
[2026-07-22 10:56:13] PROGRESS format=standard [1/11] format_est=100.0% overall_est=9.1% prompt_rows=8466/40
[2026-07-22 10:56:18] PROGRESS format=standard [1/11] format_est=100.0% overall_est=9.1% prompt_rows=8471/40
[2026-07-22 10:56:59] PROGRESS format=standard [1/11] format_est=100.0% overall_est=9.1% prompt_rows=8481/40
[2026-07-22 10:57:39] PROGRESS format=standard [1/11] format_est=100.0% overall_est=9.1% prompt_rows=8491/40
[2026-07-22 10:58:20] PROGRESS format=standard [1/11] format_est=100.0% overall_est=9.1% prompt_rows=8499/40
[2026-07-22 10:58:25] PROGRESS format=standard [1/11] format_est=100.0% overall_est=9.1% prompt_rows=8501/40
[2026-07-22 10:59:00] PROGRESS format=standard [1/11] format_est=100.0% overall_est=9.1% prompt_rows=8503/40
[2026-07-22 10:59:05] PROGRESS format=standard [1/11] format_est=100.0% overall_est=9.1% prompt_rows=8511/40
[2026-07-22 10:59:46] PROGRESS format=standard [1/11] format_est=100.0% overall_est=9.1% prompt_rows=8521/40
[2026-07-22 11:00:26] PROGRESS format=standard [1/11] format_est=100.0% overall_est=9.1% prompt_rows=8531/40
[2026-07-22 11:01:06] PROGRESS format=standard [1/11] format_est=100.0% overall_est=9.1% prompt_rows=8534/40
[2026-07-22 11:01:11] PROGRESS format=standard [1/11] format_est=100.0% overall_est=9.1% prompt_rows=8541/40
[2026-07-22 11:01:52] PROGRESS format=standard [1/11] format_est=100.0% overall_est=9.1% prompt_rows=8551/40
[2026-07-22 11:02:32] PROGRESS format=standard [1/11] format_est=100.0% overall_est=9.1% prompt_rows=8561/40
[2026-07-22 11:03:13] PROGRESS format=standard [1/11] format_est=100.0% overall_est=9.1% prompt_rows=8565/40
[2026-07-22 11:03:18] PROGRESS format=standard [1/11] format_est=100.0% overall_est=9.1% prompt_rows=8571/40
[2026-07-22 11:03:58] PROGRESS format=standard [1/11] format_est=100.0% overall_est=9.1% prompt_rows=8581/40
[2026-07-22 11:04:39] PROGRESS format=standard [1/11] format_est=100.0% overall_est=9.1% prompt_rows=8591/40
[2026-07-22 11:05:19] PROGRESS format=standard [1/11] format_est=100.0% overall_est=9.1% prompt_rows=8596/40
[2026-07-22 11:05:24] PROGRESS format=standard [1/11] format_est=100.0% overall_est=9.1% prompt_rows=8601/40
[2026-07-22 11:06:05] PROGRESS format=standard [1/11] format_est=100.0% overall_est=9.1% prompt_rows=8611/40
[2026-07-22 11:06:45] PROGRESS format=standard [1/11] format_est=100.0% overall_est=9.1% prompt_rows=8620/40
[2026-07-22 11:06:50] PROGRESS format=standard [1/11] format_est=100.0% overall_est=9.1% prompt_rows=8621/40
[2026-07-22 11:07:25] PROGRESS format=standard [1/11] format_est=100.0% overall_est=9.1% prompt_rows=8622/40
[2026-07-22 11:07:30] PROGRESS format=standard [1/11] format_est=100.0% overall_est=9.1% prompt_rows=8631/40
[2026-07-22 11:08:11] PROGRESS format=standard [1/11] format_est=100.0% overall_est=9.1% prompt_rows=8641/40
[2026-07-22 11:08:51] PROGRESS format=standard [1/11] format_est=100.0% overall_est=9.1% prompt_rows=8645/40
[2026-07-22 11:08:56] PROGRESS format=standard [1/11] format_est=100.0% overall_est=9.1% prompt_rows=8651/40
[2026-07-22 11:09:37] PROGRESS format=standard [1/11] format_est=100.0% overall_est=9.1% prompt_rows=8661/40
[2026-07-22 11:10:17] PROGRESS format=standard [1/11] format_est=100.0% overall_est=9.1% prompt_rows=8671/40
[2026-07-22 11:10:58] PROGRESS format=standard [1/11] format_est=100.0% overall_est=9.1% prompt_rows=8679/40
[2026-07-22 11:11:03] PROGRESS format=standard [1/11] format_est=100.0% overall_est=9.1% prompt_rows=8681/40
[2026-07-22 11:11:43] PROGRESS format=standard [1/11] format_est=100.0% overall_est=9.1% prompt_rows=8691/40
[2026-07-22 11:12:23] PROGRESS format=standard [1/11] format_est=100.0% overall_est=9.1% prompt_rows=8694/40
[2026-07-22 11:12:29] PROGRESS format=standard [1/11] format_est=100.0% overall_est=9.1% prompt_rows=8701/40
[2026-07-22 11:13:09] PROGRESS format=standard [1/11] format_est=100.0% overall_est=9.1% prompt_rows=8711/40
[2026-07-22 11:13:49] PROGRESS format=standard [1/11] format_est=100.0% overall_est=9.1% prompt_rows=8721/40
[2026-07-22 11:14:30] PROGRESS format=standard [1/11] format_est=100.0% overall_est=9.1% prompt_rows=8726/40
[2026-07-22 11:14:35] PROGRESS format=standard [1/11] format_est=100.0% overall_est=9.1% prompt_rows=8731/40
[2026-07-22 11:15:15] PROGRESS format=standard [1/11] format_est=100.0% overall_est=9.1% prompt_rows=8741/40
[2026-07-22 11:15:56] PROGRESS format=standard [1/11] format_est=100.0% overall_est=9.1% prompt_rows=8751/40
[2026-07-22 11:16:36] PROGRESS format=standard [1/11] format_est=100.0% overall_est=9.1% prompt_rows=8760/40
[2026-07-22 11:16:41] PROGRESS format=standard [1/11] format_est=100.0% overall_est=9.1% prompt_rows=8761/40
[2026-07-22 11:17:17] PROGRESS format=standard [1/11] format_est=100.0% overall_est=9.1% prompt_rows=8762/40
[2026-07-22 11:17:22] PROGRESS format=standard [1/11] format_est=100.0% overall_est=9.1% prompt_rows=8771/40
[2026-07-22 11:18:02] PROGRESS format=standard [1/11] format_est=100.0% overall_est=9.1% prompt_rows=8781/40
[2026-07-22 11:18:42] PROGRESS format=standard [1/11] format_est=100.0% overall_est=9.1% prompt_rows=8791/40
[2026-07-22 11:19:23] PROGRESS format=standard [1/11] format_est=100.0% overall_est=9.1% prompt_rows=8795/40
[2026-07-22 11:19:28] PROGRESS format=standard [1/11] format_est=100.0% overall_est=9.1% prompt_rows=8801/40
[2026-07-22 11:20:08] PROGRESS format=standard [1/11] format_est=100.0% overall_est=9.1% prompt_rows=8811/40
[2026-07-22 11:20:49] PROGRESS format=standard [1/11] format_est=100.0% overall_est=9.1% prompt_rows=8818/40
[2026-07-22 11:20:54] PROGRESS format=standard [1/11] format_est=100.0% overall_est=9.1% prompt_rows=8821/40
[2026-07-22 11:21:34] PROGRESS format=standard [1/11] format_est=100.0% overall_est=9.1% prompt_rows=8831/40
[2026-07-22 11:22:20] PROGRESS format=standard [1/11] format_est=100.0% overall_est=9.1% prompt_rows=8841/40
[2026-07-22 11:23:00] PROGRESS format=standard [1/11] format_est=100.0% overall_est=9.1% prompt_rows=8851/40
[2026-07-22 11:23:41] PROGRESS format=standard [1/11] format_est=100.0% overall_est=9.1% prompt_rows=8855/40
[2026-07-22 11:23:46] PROGRESS format=standard [1/11] format_est=100.0% overall_est=9.1% prompt_rows=8861/40
[2026-07-22 11:24:26] PROGRESS format=standard [1/11] format_est=100.0% overall_est=9.1% prompt_rows=8871/40
[2026-07-22 11:25:07] PROGRESS format=standard [1/11] format_est=100.0% overall_est=9.1% prompt_rows=8875/40
[2026-07-22 11:25:12] PROGRESS format=standard [1/11] format_est=100.0% overall_est=9.1% prompt_rows=8881/40
[2026-07-22 11:25:52] PROGRESS format=standard [1/11] format_est=100.0% overall_est=9.1% prompt_rows=8891/40
[2026-07-22 11:26:33] PROGRESS format=standard [1/11] format_est=100.0% overall_est=9.1% prompt_rows=8898/40
[2026-07-22 11:26:38] PROGRESS format=standard [1/11] format_est=100.0% overall_est=9.1% prompt_rows=8901/40
[2026-07-22 11:27:18] PROGRESS format=standard [1/11] format_est=100.0% overall_est=9.1% prompt_rows=8911/40
[2026-07-22 11:27:59] PROGRESS format=standard [1/11] format_est=100.0% overall_est=9.1% prompt_rows=8921/40
[2026-07-22 11:28:44] PROGRESS format=standard [1/11] format_est=100.0% overall_est=9.1% prompt_rows=8931/40
[2026-07-22 11:29:24] PROGRESS format=standard [1/11] format_est=100.0% overall_est=9.1% prompt_rows=8941/40
[2026-07-22 11:30:05] PROGRESS format=standard [1/11] format_est=100.0% overall_est=9.1% prompt_rows=8951/40
[2026-07-22 11:30:45] PROGRESS format=standard [1/11] format_est=100.0% overall_est=9.1% prompt_rows=8955/40
[2026-07-22 11:30:50] PROGRESS format=standard [1/11] format_est=100.0% overall_est=9.1% prompt_rows=8960/40
[2026-07-22 11:30:55] PROGRESS format=standard [1/11] format_est=100.0% overall_est=9.1% prompt_rows=8961/40
[2026-07-22 11:31:36] PROGRESS format=standard [1/11] format_est=100.0% overall_est=9.1% prompt_rows=8971/40
[2026-07-22 11:32:16] PROGRESS format=standard [1/11] format_est=100.0% overall_est=9.1% prompt_rows=8981/40
[2026-07-22 11:32:57] PROGRESS format=standard [1/11] format_est=100.0% overall_est=9.1% prompt_rows=8988/40
[2026-07-22 11:33:02] PROGRESS format=standard [1/11] format_est=100.0% overall_est=9.1% prompt_rows=8991/40
[2026-07-22 11:33:42] PROGRESS format=standard [1/11] format_est=100.0% overall_est=9.1% prompt_rows=9001/40
[2026-07-22 11:34:23] PROGRESS format=standard [1/11] format_est=100.0% overall_est=9.1% prompt_rows=9011/40
[2026-07-22 11:35:08] PROGRESS format=standard [1/11] format_est=100.0% overall_est=9.1% prompt_rows=9021/40
[2026-07-22 11:35:49] PROGRESS format=standard [1/11] format_est=100.0% overall_est=9.1% prompt_rows=9031/40
[2026-07-22 11:36:29] PROGRESS format=standard [1/11] format_est=100.0% overall_est=9.1% prompt_rows=9034/40
[2026-07-22 11:36:34] PROGRESS format=standard [1/11] format_est=100.0% overall_est=9.1% prompt_rows=9041/40
[2026-07-22 11:37:14] PROGRESS format=standard [1/11] format_est=100.0% overall_est=9.1% prompt_rows=9051/40
[2026-07-22 11:37:55] PROGRESS format=standard [1/11] format_est=100.0% overall_est=9.1% prompt_rows=9054/40
[2026-07-22 11:38:00] PROGRESS format=standard [1/11] format_est=100.0% overall_est=9.1% prompt_rows=9061/40
[2026-07-22 11:38:40] PROGRESS format=standard [1/11] format_est=100.0% overall_est=9.1% prompt_rows=9071/40
[2026-07-22 11:39:21] PROGRESS format=standard [1/11] format_est=100.0% overall_est=9.1% prompt_rows=9078/40
[2026-07-22 11:39:26] PROGRESS format=standard [1/11] format_est=100.0% overall_est=9.1% prompt_rows=9081/40
[2026-07-22 11:40:07] PROGRESS format=standard [1/11] format_est=100.0% overall_est=9.1% prompt_rows=9091/40
[2026-07-22 11:40:47] PROGRESS format=standard [1/11] format_est=100.0% overall_est=9.1% prompt_rows=9101/40
[2026-07-22 11:41:27] PROGRESS format=standard [1/11] format_est=100.0% overall_est=9.1% prompt_rows=9109/40
[2026-07-22 11:41:32] PROGRESS format=standard [1/11] format_est=100.0% overall_est=9.1% prompt_rows=9111/40
[2026-07-22 11:42:13] PROGRESS format=standard [1/11] format_est=100.0% overall_est=9.1% prompt_rows=9121/40
[2026-07-22 11:42:53] PROGRESS format=standard [1/11] format_est=100.0% overall_est=9.1% prompt_rows=9131/40
[2026-07-22 11:43:34] PROGRESS format=standard [1/11] format_est=100.0% overall_est=9.1% prompt_rows=9141/40
[2026-07-22 11:44:14] PROGRESS format=standard [1/11] format_est=100.0% overall_est=9.1% prompt_rows=9147/40
[2026-07-22 11:44:19] PROGRESS format=standard [1/11] format_est=100.0% overall_est=9.1% prompt_rows=9151/40
[2026-07-22 11:45:00] PROGRESS format=standard [1/11] format_est=100.0% overall_est=9.1% prompt_rows=9161/40
[2026-07-22 11:45:40] PROGRESS format=standard [1/11] format_est=100.0% overall_est=9.1% prompt_rows=9171/40
[2026-07-22 11:46:21] PROGRESS format=standard [1/11] format_est=100.0% overall_est=9.1% prompt_rows=9181/40
[2026-07-22 11:47:01] PROGRESS format=standard [1/11] format_est=100.0% overall_est=9.1% prompt_rows=9186/40
[2026-07-22 11:47:06] PROGRESS format=standard [1/11] format_est=100.0% overall_est=9.1% prompt_rows=9191/40
[2026-07-22 11:47:47] PROGRESS format=standard [1/11] format_est=100.0% overall_est=9.1% prompt_rows=9201/40
[2026-07-22 11:48:27] PROGRESS format=standard [1/11] format_est=100.0% overall_est=9.1% prompt_rows=9211/40
[2026-07-22 11:49:08] PROGRESS format=standard [1/11] format_est=100.0% overall_est=9.1% prompt_rows=9220/40
[2026-07-22 11:49:13] PROGRESS format=standard [1/11] format_est=100.0% overall_est=9.1% prompt_rows=9221/40
[2026-07-22 11:49:48] PROGRESS format=standard [1/11] format_est=100.0% overall_est=9.1% prompt_rows=9222/40
[2026-07-22 11:49:53] PROGRESS format=standard [1/11] format_est=100.0% overall_est=9.1% prompt_rows=9231/40
[2026-07-22 11:50:34] PROGRESS format=standard [1/11] format_est=100.0% overall_est=9.1% prompt_rows=9240/40
[2026-07-22 11:50:39] PROGRESS format=standard [1/11] format_est=100.0% overall_est=9.1% prompt_rows=9241/40
[2026-07-22 11:51:19] PROGRESS format=standard [1/11] format_est=100.0% overall_est=9.1% prompt_rows=9251/40
[2026-07-22 11:52:00] PROGRESS format=standard [1/11] format_est=100.0% overall_est=9.1% prompt_rows=9261/40
[2026-07-22 11:52:40] PROGRESS format=standard [1/11] format_est=100.0% overall_est=9.1% prompt_rows=9269/40
[2026-07-22 11:52:45] PROGRESS format=standard [1/11] format_est=100.0% overall_est=9.1% prompt_rows=9271/40
[2026-07-22 11:53:20] PROGRESS format=standard [1/11] format_est=100.0% overall_est=9.1% prompt_rows=9272/40
[2026-07-22 11:53:26] PROGRESS format=standard [1/11] format_est=100.0% overall_est=9.1% prompt_rows=9281/40
[2026-07-22 11:54:06] PROGRESS format=standard [1/11] format_est=100.0% overall_est=9.1% prompt_rows=9291/40
[2026-07-22 11:54:46] PROGRESS format=standard [1/11] format_est=100.0% overall_est=9.1% prompt_rows=9301/40
[2026-07-22 11:55:27] PROGRESS format=standard [1/11] format_est=100.0% overall_est=9.1% prompt_rows=9306/40
[2026-07-22 11:55:32] PROGRESS format=standard [1/11] format_est=100.0% overall_est=9.1% prompt_rows=9311/40
[2026-07-22 11:56:12] PROGRESS format=standard [1/11] format_est=100.0% overall_est=9.1% prompt_rows=9321/40
[2026-07-22 11:56:53] PROGRESS format=standard [1/11] format_est=100.0% overall_est=9.1% prompt_rows=9331/40
[2026-07-22 11:57:33] PROGRESS format=standard [1/11] format_est=100.0% overall_est=9.1% prompt_rows=9340/40
[2026-07-22 11:57:38] PROGRESS format=standard [1/11] format_est=100.0% overall_est=9.1% prompt_rows=9341/40
[2026-07-22 11:58:14] PROGRESS format=standard [1/11] format_est=100.0% overall_est=9.1% prompt_rows=9344/40
[2026-07-22 11:58:19] PROGRESS format=standard [1/11] format_est=100.0% overall_est=9.1% prompt_rows=9351/40
[2026-07-22 11:58:59] PROGRESS format=standard [1/11] format_est=100.0% overall_est=9.1% prompt_rows=9361/40
[2026-07-22 11:59:40] PROGRESS format=standard [1/11] format_est=100.0% overall_est=9.1% prompt_rows=9371/40
[2026-07-22 12:00:41] PROGRESS format=standard [1/11] format_est=100.0% overall_est=9.1% prompt_rows=9371/40
[2026-07-22 12:00:51] PROGRESS format=standard [1/11] format_est=100.0% overall_est=9.1% prompt_rows=9381/40
[2026-07-22 12:01:52] PROGRESS format=standard [1/11] format_est=100.0% overall_est=9.1% prompt_rows=9381/40
[2026-07-22 12:02:07] PROGRESS format=standard [1/11] format_est=100.0% overall_est=9.1% prompt_rows=9391/40
[2026-07-22 12:03:08] PROGRESS format=standard [1/11] format_est=100.0% overall_est=9.1% prompt_rows=9391/40
[2026-07-22 12:03:13] PROGRESS format=standard [1/11] format_est=100.0% overall_est=9.1% prompt_rows=9397/40
[2026-07-22 12:03:18] PROGRESS format=standard [1/11] format_est=100.0% overall_est=9.1% prompt_rows=9401/40
[2026-07-22 12:04:20] PROGRESS format=standard [1/11] format_est=100.0% overall_est=9.1% prompt_rows=9401/40
[2026-07-22 12:04:45] PROGRESS format=standard [1/11] format_est=100.0% overall_est=9.1% prompt_rows=9408/40
[2026-07-22 12:04:50] PROGRESS format=standard [1/11] format_est=100.0% overall_est=9.1% prompt_rows=9411/40
[2026-07-22 12:05:52] PROGRESS format=standard [1/11] format_est=100.0% overall_est=9.1% prompt_rows=9411/40
[2026-07-22 12:06:12] PROGRESS format=standard [1/11] format_est=100.0% overall_est=9.1% prompt_rows=9421/40
[2026-07-22 12:07:13] PROGRESS format=standard [1/11] format_est=100.0% overall_est=9.1% prompt_rows=9421/40
[2026-07-22 12:07:23] PROGRESS format=standard [1/11] format_est=100.0% overall_est=9.1% prompt_rows=9422/40
[2026-07-22 12:07:28] PROGRESS format=standard [1/11] format_est=100.0% overall_est=9.1% prompt_rows=9431/40
[2026-07-22 12:08:29] PROGRESS format=standard [1/11] format_est=100.0% overall_est=9.1% prompt_rows=9431/40
[2026-07-22 12:08:34] PROGRESS format=standard [1/11] format_est=100.0% overall_est=9.1% prompt_rows=9433/40
[2026-07-22 12:08:39] PROGRESS format=standard [1/11] format_est=100.0% overall_est=9.1% prompt_rows=9441/40
[2026-07-22 12:09:35] PROGRESS format=standard [1/11] format_est=100.0% overall_est=9.1% prompt_rows=9451/40
[2026-07-22 12:10:31] PROGRESS format=standard [1/11] format_est=100.0% overall_est=9.1% prompt_rows=9461/40
[2026-07-22 12:11:26] PROGRESS format=standard [1/11] format_est=100.0% overall_est=9.1% prompt_rows=9471/40
[2026-07-22 12:12:27] PROGRESS format=standard [1/11] format_est=100.0% overall_est=9.1% prompt_rows=9471/40
[2026-07-22 12:12:32] PROGRESS format=standard [1/11] format_est=100.0% overall_est=9.1% prompt_rows=9481/40
[2026-07-22 12:13:28] PROGRESS format=standard [1/11] format_est=100.0% overall_est=9.1% prompt_rows=9484/40
[2026-07-22 12:13:33] PROGRESS format=standard [1/11] format_est=100.0% overall_est=9.1% prompt_rows=9491/40
[2026-07-22 12:14:24] PROGRESS format=standard [1/11] format_est=100.0% overall_est=9.1% prompt_rows=9493/40
[2026-07-22 12:14:29] PROGRESS format=standard [1/11] format_est=100.0% overall_est=9.1% prompt_rows=9501/40
[2026-07-22 12:15:25] PROGRESS format=standard [1/11] format_est=100.0% overall_est=9.1% prompt_rows=9511/40
[2026-07-22 12:16:26] PROGRESS format=standard [1/11] format_est=100.0% overall_est=9.1% prompt_rows=9520/40
[2026-07-22 12:16:36] PROGRESS format=standard [1/11] format_est=100.0% overall_est=9.1% prompt_rows=9521/40
[2026-07-22 12:17:37] PROGRESS format=standard [1/11] format_est=100.0% overall_est=9.1% prompt_rows=9526/40
[2026-07-22 12:17:42] PROGRESS format=standard [1/11] format_est=100.0% overall_est=9.1% prompt_rows=9531/40
[2026-07-22 12:18:43] PROGRESS format=standard [1/11] format_est=100.0% overall_est=9.1% prompt_rows=9536/40
[2026-07-22 12:18:48] PROGRESS format=standard [1/11] format_est=100.0% overall_est=9.1% prompt_rows=9541/40
[2026-07-22 12:19:49] PROGRESS format=standard [1/11] format_est=100.0% overall_est=9.1% prompt_rows=9543/40
[2026-07-22 12:19:54] PROGRESS format=standard [1/11] format_est=100.0% overall_est=9.1% prompt_rows=9551/40
[2026-07-22 12:20:55] PROGRESS format=standard [1/11] format_est=100.0% overall_est=9.1% prompt_rows=9551/40
[2026-07-22 12:21:00] PROGRESS format=standard [1/11] format_est=100.0% overall_est=9.1% prompt_rows=9561/40
[2026-07-22 12:22:01] PROGRESS format=standard [1/11] format_est=100.0% overall_est=9.1% prompt_rows=9561/40
[2026-07-22 12:22:06] PROGRESS format=standard [1/11] format_est=100.0% overall_est=9.1% prompt_rows=9566/40
[2026-07-22 12:22:12] PROGRESS format=standard [1/11] format_est=100.0% overall_est=9.1% prompt_rows=9571/40
[2026-07-22 12:23:13] PROGRESS format=standard [1/11] format_est=100.0% overall_est=9.1% prompt_rows=9574/40
[2026-07-22 12:23:18] PROGRESS format=standard [1/11] format_est=100.0% overall_est=9.1% prompt_rows=9581/40
[2026-07-22 12:24:19] PROGRESS format=standard [1/11] format_est=100.0% overall_est=9.1% prompt_rows=9584/40
[2026-07-22 12:24:24] PROGRESS format=standard [1/11] format_est=100.0% overall_est=9.1% prompt_rows=9591/40
[2026-07-22 12:25:25] PROGRESS format=standard [1/11] format_est=100.0% overall_est=9.1% prompt_rows=9594/40
[2026-07-22 12:25:30] PROGRESS format=standard [1/11] format_est=100.0% overall_est=9.1% prompt_rows=9601/40
[2026-07-22 12:26:31] PROGRESS format=standard [1/11] format_est=100.0% overall_est=9.1% prompt_rows=9603/40
[2026-07-22 12:26:36] PROGRESS format=standard [1/11] format_est=100.0% overall_est=9.1% prompt_rows=9611/40
[2026-07-22 12:27:37] PROGRESS format=standard [1/11] format_est=100.0% overall_est=9.1% prompt_rows=9613/40
[2026-07-22 12:27:42] PROGRESS format=standard [1/11] format_est=100.0% overall_est=9.1% prompt_rows=9621/40
[2026-07-22 12:28:43] PROGRESS format=standard [1/11] format_est=100.0% overall_est=9.1% prompt_rows=9622/40
[2026-07-22 12:28:48] PROGRESS format=standard [1/11] format_est=100.0% overall_est=9.1% prompt_rows=9631/40
[2026-07-22 12:29:49] PROGRESS format=standard [1/11] format_est=100.0% overall_est=9.1% prompt_rows=9631/40
[2026-07-22 12:29:54] PROGRESS format=standard [1/11] format_est=100.0% overall_est=9.1% prompt_rows=9641/40
[2026-07-22 12:30:55] PROGRESS format=standard [1/11] format_est=100.0% overall_est=9.1% prompt_rows=9642/40
[2026-07-22 12:31:00] PROGRESS format=standard [1/11] format_est=100.0% overall_est=9.1% prompt_rows=9651/40
[2026-07-22 12:32:01] PROGRESS format=standard [1/11] format_est=100.0% overall_est=9.1% prompt_rows=9651/40
[2026-07-22 12:32:17] PROGRESS format=standard [1/11] format_est=100.0% overall_est=9.1% prompt_rows=9657/40
[2026-07-22 12:32:22] PROGRESS format=standard [1/11] format_est=100.0% overall_est=9.1% prompt_rows=9661/40
[2026-07-22 12:33:23] PROGRESS format=standard [1/11] format_est=100.0% overall_est=9.1% prompt_rows=9661/40
[2026-07-22 12:33:33] PROGRESS format=standard [1/11] format_est=100.0% overall_est=9.1% prompt_rows=9665/40
[2026-07-22 12:33:38] PROGRESS format=standard [1/11] format_est=100.0% overall_est=9.1% prompt_rows=9671/40
[2026-07-22 12:34:29] PROGRESS format=standard [1/11] format_est=100.0% overall_est=9.1% prompt_rows=9674/40
[2026-07-22 12:34:34] PROGRESS format=standard [1/11] format_est=100.0% overall_est=9.1% prompt_rows=9681/40
[2026-07-22 12:35:25] PROGRESS format=standard [1/11] format_est=100.0% overall_est=9.1% prompt_rows=9682/40
[2026-07-22 12:35:30] PROGRESS format=standard [1/11] format_est=100.0% overall_est=9.1% prompt_rows=9691/40
[2026-07-22 12:36:21] PROGRESS format=standard [1/11] format_est=100.0% overall_est=9.1% prompt_rows=9693/40
[2026-07-22 12:36:26] PROGRESS format=standard [1/11] format_est=100.0% overall_est=9.1% prompt_rows=9701/40
[2026-07-22 12:37:17] PROGRESS format=standard [1/11] format_est=100.0% overall_est=9.1% prompt_rows=9702/40
[2026-07-22 12:37:22] PROGRESS format=standard [1/11] format_est=100.0% overall_est=9.1% prompt_rows=9711/40
[2026-07-22 12:38:23] PROGRESS format=standard [1/11] format_est=100.0% overall_est=9.1% prompt_rows=9715/40
[2026-07-22 12:38:28] PROGRESS format=standard [1/11] format_est=100.0% overall_est=9.1% prompt_rows=9721/40
[2026-07-22 12:39:29] PROGRESS format=standard [1/11] format_est=100.0% overall_est=9.1% prompt_rows=9723/40
[2026-07-22 12:39:34] PROGRESS format=standard [1/11] format_est=100.0% overall_est=9.1% prompt_rows=9731/40
[2026-07-22 12:40:35] PROGRESS format=standard [1/11] format_est=100.0% overall_est=9.1% prompt_rows=9734/40
[2026-07-22 12:40:40] PROGRESS format=standard [1/11] format_est=100.0% overall_est=9.1% prompt_rows=9741/40
[2026-07-22 12:41:41] PROGRESS format=standard [1/11] format_est=100.0% overall_est=9.1% prompt_rows=9742/40
[2026-07-22 12:41:46] PROGRESS format=standard [1/11] format_est=100.0% overall_est=9.1% prompt_rows=9751/40
[2026-07-22 12:42:47] PROGRESS format=standard [1/11] format_est=100.0% overall_est=9.1% prompt_rows=9751/40
[2026-07-22 12:42:52] PROGRESS format=standard [1/11] format_est=100.0% overall_est=9.1% prompt_rows=9761/40
[2026-07-22 12:43:53] PROGRESS format=standard [1/11] format_est=100.0% overall_est=9.1% prompt_rows=9761/40
[2026-07-22 12:43:58] PROGRESS format=standard [1/11] format_est=100.0% overall_est=9.1% prompt_rows=9771/40
[2026-07-22 12:44:59] PROGRESS format=standard [1/11] format_est=100.0% overall_est=9.1% prompt_rows=9771/40
[2026-07-22 12:45:04] PROGRESS format=standard [1/11] format_est=100.0% overall_est=9.1% prompt_rows=9781/40
[2026-07-22 12:46:05] PROGRESS format=standard [1/11] format_est=100.0% overall_est=9.1% prompt_rows=9781/40
[2026-07-22 12:46:10] PROGRESS format=standard [1/11] format_est=100.0% overall_est=9.1% prompt_rows=9791/40
[2026-07-22 12:47:11] PROGRESS format=standard [1/11] format_est=100.0% overall_est=9.1% prompt_rows=9791/40
[2026-07-22 12:47:16] PROGRESS format=standard [1/11] format_est=100.0% overall_est=9.1% prompt_rows=9800/40
[2026-07-22 12:47:27] PROGRESS format=standard [1/11] format_est=100.0% overall_est=9.1% prompt_rows=9801/40
[2026-07-22 12:48:28] PROGRESS format=standard [1/11] format_est=100.0% overall_est=9.1% prompt_rows=9809/40
[2026-07-22 12:48:33] PROGRESS format=standard [1/11] format_est=100.0% overall_est=9.1% prompt_rows=9811/40
[2026-07-22 12:49:34] PROGRESS format=standard [1/11] format_est=100.0% overall_est=9.1% prompt_rows=9814/40
[2026-07-22 12:49:39] PROGRESS format=standard [1/11] format_est=100.0% overall_est=9.1% prompt_rows=9821/40
[2026-07-22 12:50:40] PROGRESS format=standard [1/11] format_est=100.0% overall_est=9.1% prompt_rows=9822/40
[2026-07-22 12:50:45] PROGRESS format=standard [1/11] format_est=100.0% overall_est=9.1% prompt_rows=9831/40
[2026-07-22 12:51:46] PROGRESS format=standard [1/11] format_est=100.0% overall_est=9.1% prompt_rows=9831/40
[2026-07-22 12:51:51] PROGRESS format=standard [1/11] format_est=100.0% overall_est=9.1% prompt_rows=9841/40
[2026-07-22 12:52:52] PROGRESS format=standard [1/11] format_est=100.0% overall_est=9.1% prompt_rows=9841/40
[2026-07-22 12:52:57] PROGRESS format=standard [1/11] format_est=100.0% overall_est=9.1% prompt_rows=9851/40
[2026-07-22 12:53:58] PROGRESS format=standard [1/11] format_est=100.0% overall_est=9.1% prompt_rows=9851/40
[2026-07-22 12:54:03] PROGRESS format=standard [1/11] format_est=100.0% overall_est=9.1% prompt_rows=9861/40
[2026-07-22 12:55:04] PROGRESS format=standard [1/11] format_est=100.0% overall_est=9.1% prompt_rows=9861/40
[2026-07-22 12:55:09] PROGRESS format=standard [1/11] format_est=100.0% overall_est=9.1% prompt_rows=9871/40
[2026-07-22 12:56:05] PROGRESS format=standard [1/11] format_est=100.0% overall_est=9.1% prompt_rows=9881/40
[2026-07-22 12:57:01] PROGRESS format=standard [1/11] format_est=100.0% overall_est=9.1% prompt_rows=9891/40
[2026-07-22 12:57:52] PROGRESS format=standard [1/11] format_est=100.0% overall_est=9.1% prompt_rows=9892/40
[2026-07-22 12:57:57] PROGRESS format=standard [1/11] format_est=100.0% overall_est=9.1% prompt_rows=9901/40
[2026-07-22 12:58:48] PROGRESS format=standard [1/11] format_est=100.0% overall_est=9.1% prompt_rows=9903/40
[2026-07-22 12:58:53] PROGRESS format=standard [1/11] format_est=100.0% overall_est=9.1% prompt_rows=9911/40
[2026-07-22 12:59:54] PROGRESS format=standard [1/11] format_est=100.0% overall_est=9.1% prompt_rows=9921/40
[2026-07-22 13:00:55] PROGRESS format=standard [1/11] format_est=100.0% overall_est=9.1% prompt_rows=9921/40
[2026-07-22 13:01:00] PROGRESS format=standard [1/11] format_est=100.0% overall_est=9.1% prompt_rows=9922/40
[2026-07-22 13:01:05] PROGRESS format=standard [1/11] format_est=100.0% overall_est=9.1% prompt_rows=9931/40
[2026-07-22 13:02:06] PROGRESS format=standard [1/11] format_est=100.0% overall_est=9.1% prompt_rows=9931/40
[2026-07-22 13:02:11] PROGRESS format=standard [1/11] format_est=100.0% overall_est=9.1% prompt_rows=9934/40
[2026-07-22 13:02:16] PROGRESS format=standard [1/11] format_est=100.0% overall_est=9.1% prompt_rows=9941/40
[2026-07-22 13:03:17] PROGRESS format=standard [1/11] format_est=100.0% overall_est=9.1% prompt_rows=9941/40
[2026-07-22 13:03:23] PROGRESS format=standard [1/11] format_est=100.0% overall_est=9.1% prompt_rows=9944/40
[2026-07-22 13:03:28] PROGRESS format=standard [1/11] format_est=100.0% overall_est=9.1% prompt_rows=9951/40
[2026-07-22 13:04:29] PROGRESS format=standard [1/11] format_est=100.0% overall_est=9.1% prompt_rows=9951/40
[2026-07-22 13:04:34] PROGRESS format=standard [1/11] format_est=100.0% overall_est=9.1% prompt_rows=9954/40
[2026-07-22 13:04:39] PROGRESS format=standard [1/11] format_est=100.0% overall_est=9.1% prompt_rows=9961/40
[2026-07-22 13:05:40] PROGRESS format=standard [1/11] format_est=100.0% overall_est=9.1% prompt_rows=9961/40
[2026-07-22 13:05:45] PROGRESS format=standard [1/11] format_est=100.0% overall_est=9.1% prompt_rows=9964/40
[2026-07-22 13:05:50] PROGRESS format=standard [1/11] format_est=100.0% overall_est=9.1% prompt_rows=9971/40
[2026-07-22 13:06:51] PROGRESS format=standard [1/11] format_est=100.0% overall_est=9.1% prompt_rows=9971/40
[2026-07-22 13:06:57] PROGRESS format=standard [1/11] format_est=100.0% overall_est=9.1% prompt_rows=9981/40
[2026-07-22 13:07:32] PROGRESS format=standard [1/11] format_est=100.0% overall_est=9.1% prompt_rows=9991/40
[2026-07-22 13:08:07] PROGRESS format=standard [1/11] format_est=100.0% overall_est=9.1% prompt_rows=10001/40
[2026-07-22 13:08:43] PROGRESS format=standard [1/11] format_est=100.0% overall_est=9.1% prompt_rows=10011/40
[2026-07-22 13:09:18] PROGRESS format=standard [1/11] format_est=100.0% overall_est=9.1% prompt_rows=10021/40
[2026-07-22 13:09:54] PROGRESS format=standard [1/11] format_est=100.0% overall_est=9.1% prompt_rows=10031/40
[2026-07-22 13:10:29] PROGRESS format=standard [1/11] format_est=100.0% overall_est=9.1% prompt_rows=10038/40
[2026-07-22 13:10:34] PROGRESS format=standard [1/11] format_est=100.0% overall_est=9.1% prompt_rows=10041/40
[2026-07-22 13:11:09] PROGRESS format=standard [1/11] format_est=100.0% overall_est=9.1% prompt_rows=10046/40
[2026-07-22 13:11:15] PROGRESS format=standard [1/11] format_est=100.0% overall_est=9.1% prompt_rows=10051/40
[2026-07-22 13:11:55] PROGRESS format=standard [1/11] format_est=100.0% overall_est=9.1% prompt_rows=10061/40
[2026-07-22 13:12:41] PROGRESS format=standard [1/11] format_est=100.0% overall_est=9.1% prompt_rows=10071/40
[2026-07-22 13:13:26] PROGRESS format=standard [1/11] format_est=100.0% overall_est=9.1% prompt_rows=10080/40
[2026-07-22 13:13:31] PROGRESS format=standard [1/11] format_est=100.0% overall_est=9.1% prompt_rows=10081/40
[2026-07-22 13:14:12] PROGRESS format=standard [1/11] format_est=100.0% overall_est=9.1% prompt_rows=10084/40
[2026-07-22 13:14:17] PROGRESS format=standard [1/11] format_est=100.0% overall_est=9.1% prompt_rows=10091/40
[2026-07-22 13:14:58] PROGRESS format=standard [1/11] format_est=100.0% overall_est=9.1% prompt_rows=10101/40
[2026-07-22 13:15:43] PROGRESS format=standard [1/11] format_est=100.0% overall_est=9.1% prompt_rows=10111/40
[2026-07-22 13:16:24] PROGRESS format=standard [1/11] format_est=100.0% overall_est=9.1% prompt_rows=10113/40
[2026-07-22 13:16:29] PROGRESS format=standard [1/11] format_est=100.0% overall_est=9.1% prompt_rows=10121/40
[2026-07-22 13:17:09] PROGRESS format=standard [1/11] format_est=100.0% overall_est=9.1% prompt_rows=10131/40
[2026-07-22 13:17:55] PROGRESS format=standard [1/11] format_est=100.0% overall_est=9.1% prompt_rows=10141/40
[2026-07-22 13:18:35] PROGRESS format=standard [1/11] format_est=100.0% overall_est=9.1% prompt_rows=10143/40
[2026-07-22 13:18:40] PROGRESS format=standard [1/11] format_est=100.0% overall_est=9.1% prompt_rows=10151/40
[2026-07-22 13:19:21] PROGRESS format=standard [1/11] format_est=100.0% overall_est=9.1% prompt_rows=10155/40
[2026-07-22 13:19:26] PROGRESS format=standard [1/11] format_est=100.0% overall_est=9.1% prompt_rows=10161/40
[2026-07-22 13:20:06] PROGRESS format=standard [1/11] format_est=100.0% overall_est=9.1% prompt_rows=10169/40
[2026-07-22 13:20:12] PROGRESS format=standard [1/11] format_est=100.0% overall_est=9.1% prompt_rows=10171/40
[2026-07-22 13:20:52] PROGRESS format=standard [1/11] format_est=100.0% overall_est=9.1% prompt_rows=10181/40
[2026-07-22 13:21:38] PROGRESS format=standard [1/11] format_est=100.0% overall_est=9.1% prompt_rows=10191/40
[2026-07-22 13:22:23] PROGRESS format=standard [1/11] format_est=100.0% overall_est=9.1% prompt_rows=10201/40
[2026-07-22 13:23:04] PROGRESS format=standard [1/11] format_est=100.0% overall_est=9.1% prompt_rows=10207/40
[2026-07-22 13:23:09] PROGRESS format=standard [1/11] format_est=100.0% overall_est=9.1% prompt_rows=10211/40
[2026-07-22 13:23:49] PROGRESS format=standard [1/11] format_est=100.0% overall_est=9.1% prompt_rows=10217/40
[2026-07-22 13:23:54] PROGRESS format=standard [1/11] format_est=100.0% overall_est=9.1% prompt_rows=10221/40
[2026-07-22 13:24:35] PROGRESS format=standard [1/11] format_est=100.0% overall_est=9.1% prompt_rows=10225/40
[2026-07-22 13:24:40] PROGRESS format=standard [1/11] format_est=100.0% overall_est=9.1% prompt_rows=10231/40
[2026-07-22 13:25:26] PROGRESS format=standard [1/11] format_est=100.0% overall_est=9.1% prompt_rows=10241/40
[2026-07-22 13:26:16] PROGRESS format=standard [1/11] format_est=100.0% overall_est=9.1% prompt_rows=10251/40
[2026-07-22 13:27:02] PROGRESS format=standard [1/11] format_est=100.0% overall_est=9.1% prompt_rows=10257/40
[2026-07-22 13:27:07] PROGRESS format=standard [1/11] format_est=100.0% overall_est=9.1% prompt_rows=10261/40
[2026-07-22 13:27:48] PROGRESS format=standard [1/11] format_est=100.0% overall_est=9.1% prompt_rows=10271/40
[2026-07-22 13:28:33] PROGRESS format=standard [1/11] format_est=100.0% overall_est=9.1% prompt_rows=10281/40
[2026-07-22 13:29:14] PROGRESS format=standard [1/11] format_est=100.0% overall_est=9.1% prompt_rows=10286/40
[2026-07-22 13:29:19] PROGRESS format=standard [1/11] format_est=100.0% overall_est=9.1% prompt_rows=10291/40
[2026-07-22 13:29:59] PROGRESS format=standard [1/11] format_est=100.0% overall_est=9.1% prompt_rows=10297/40
[2026-07-22 13:30:04] PROGRESS format=standard [1/11] format_est=100.0% overall_est=9.1% prompt_rows=10301/40
[2026-07-22 13:30:45] PROGRESS format=standard [1/11] format_est=100.0% overall_est=9.1% prompt_rows=10308/40
[2026-07-22 13:30:50] PROGRESS format=standard [1/11] format_est=100.0% overall_est=9.1% prompt_rows=10311/40
[2026-07-22 13:31:30] PROGRESS format=standard [1/11] format_est=100.0% overall_est=9.1% prompt_rows=10321/40
[2026-07-22 13:32:16] PROGRESS format=standard [1/11] format_est=100.0% overall_est=9.1% prompt_rows=10331/40
[2026-07-22 13:33:12] PROGRESS format=standard [1/11] format_est=100.0% overall_est=9.1% prompt_rows=10341/40
[2026-07-22 13:34:02] PROGRESS format=standard [1/11] format_est=100.0% overall_est=9.1% prompt_rows=10351/40
[2026-07-22 13:34:48] PROGRESS format=standard [1/11] format_est=100.0% overall_est=9.1% prompt_rows=10360/40
[2026-07-22 13:34:53] PROGRESS format=standard [1/11] format_est=100.0% overall_est=9.1% prompt_rows=10361/40
[2026-07-22 13:35:34] PROGRESS format=standard [1/11] format_est=100.0% overall_est=9.1% prompt_rows=10363/40
[2026-07-22 13:35:39] PROGRESS format=standard [1/11] format_est=100.0% overall_est=9.1% prompt_rows=10371/40
[2026-07-22 13:36:19] PROGRESS format=standard [1/11] format_est=100.0% overall_est=9.1% prompt_rows=10380/40
[2026-07-22 13:36:24] PROGRESS format=standard [1/11] format_est=100.0% overall_est=9.1% prompt_rows=10381/40
[2026-07-22 13:37:05] PROGRESS format=standard [1/11] format_est=100.0% overall_est=9.1% prompt_rows=10391/40
[2026-07-22 13:37:56] PROGRESS format=standard [1/11] format_est=100.0% overall_est=9.1% prompt_rows=10401/40
[2026-07-22 13:38:36] PROGRESS format=standard [1/11] format_est=100.0% overall_est=9.1% prompt_rows=10411/40
[2026-07-22 13:39:27] PROGRESS format=standard [1/11] format_est=100.0% overall_est=9.1% prompt_rows=10415/40
[2026-07-22 13:39:32] PROGRESS format=standard [1/11] format_est=100.0% overall_est=9.1% prompt_rows=10421/40
[2026-07-22 13:40:33] PROGRESS format=standard [1/11] format_est=100.0% overall_est=9.1% prompt_rows=10428/40
[2026-07-22 13:40:38] PROGRESS format=standard [1/11] format_est=100.0% overall_est=9.1% prompt_rows=10431/40
[2026-07-22 13:41:39] PROGRESS format=standard [1/11] format_est=100.0% overall_est=9.1% prompt_rows=10431/40
[2026-07-22 13:41:44] PROGRESS format=standard [1/11] format_est=100.0% overall_est=9.1% prompt_rows=10437/40
[2026-07-22 13:41:49] PROGRESS format=standard [1/11] format_est=100.0% overall_est=9.1% prompt_rows=10441/40
[2026-07-22 13:42:51] PROGRESS format=standard [1/11] format_est=100.0% overall_est=9.1% prompt_rows=10441/40
[2026-07-22 13:43:01] PROGRESS format=standard [1/11] format_est=100.0% overall_est=9.1% prompt_rows=10442/40
[2026-07-22 13:43:06] PROGRESS format=standard [1/11] format_est=100.0% overall_est=9.1% prompt_rows=10451/40
[2026-07-22 13:44:07] PROGRESS format=standard [1/11] format_est=100.0% overall_est=9.1% prompt_rows=10451/40
[2026-07-22 13:44:17] PROGRESS format=standard [1/11] format_est=100.0% overall_est=9.1% prompt_rows=10461/40
[2026-07-22 13:45:03] PROGRESS format=standard [1/11] format_est=100.0% overall_est=9.1% prompt_rows=10471/40
[2026-07-22 13:45:43] PROGRESS format=standard [1/11] format_est=100.0% overall_est=9.1% prompt_rows=10481/40
[2026-07-22 13:46:19] PROGRESS format=standard [1/11] format_est=100.0% overall_est=9.1% prompt_rows=10491/40
[2026-07-22 13:46:54] PROGRESS format=standard [1/11] format_est=100.0% overall_est=9.1% prompt_rows=10501/40
[2026-07-22 13:47:40] PROGRESS format=standard [1/11] format_est=100.0% overall_est=9.1% prompt_rows=10511/40
[2026-07-22 13:48:31] PROGRESS format=standard [1/11] format_est=100.0% overall_est=9.1% prompt_rows=10521/40
[2026-07-22 13:49:21] PROGRESS format=standard [1/11] format_est=100.0% overall_est=9.1% prompt_rows=10525/40
[2026-07-22 13:49:27] PROGRESS format=standard [1/11] format_est=100.0% overall_est=9.1% prompt_rows=10531/40
[2026-07-22 13:50:23] PROGRESS format=standard [1/11] format_est=100.0% overall_est=9.1% prompt_rows=10541/40
[2026-07-22 13:51:19] PROGRESS format=standard [1/11] format_est=100.0% overall_est=9.1% prompt_rows=10542/40
[2026-07-22 13:51:24] PROGRESS format=standard [1/11] format_est=100.0% overall_est=9.1% prompt_rows=10551/40
[2026-07-22 13:52:09] PROGRESS format=standard [1/11] format_est=100.0% overall_est=9.1% prompt_rows=10561/40
[2026-07-22 13:52:55] PROGRESS format=standard [1/11] format_est=100.0% overall_est=9.1% prompt_rows=10571/40
[2026-07-22 13:53:41] PROGRESS format=standard [1/11] format_est=100.0% overall_est=9.1% prompt_rows=10581/40
[2026-07-22 13:54:26] PROGRESS format=standard [1/11] format_est=100.0% overall_est=9.1% prompt_rows=10591/40
[2026-07-22 13:55:07] PROGRESS format=standard [1/11] format_est=100.0% overall_est=9.1% prompt_rows=10592/40
[2026-07-22 13:55:12] PROGRESS format=standard [1/11] format_est=100.0% overall_est=9.1% prompt_rows=10601/40
[2026-07-22 13:55:52] PROGRESS format=standard [1/11] format_est=100.0% overall_est=9.1% prompt_rows=10611/40
[2026-07-22 13:56:43] PROGRESS format=standard [1/11] format_est=100.0% overall_est=9.1% prompt_rows=10621/40
[2026-07-22 13:57:29] PROGRESS format=standard [1/11] format_est=100.0% overall_est=9.1% prompt_rows=10631/40
[2026-07-22 13:58:09] PROGRESS format=standard [1/11] format_est=100.0% overall_est=9.1% prompt_rows=10637/40
[2026-07-22 13:58:14] PROGRESS format=standard [1/11] format_est=100.0% overall_est=9.1% prompt_rows=10641/40
[2026-07-22 13:59:00] PROGRESS format=standard [1/11] format_est=100.0% overall_est=9.1% prompt_rows=10651/40
[2026-07-22 13:59:46] PROGRESS format=standard [1/11] format_est=100.0% overall_est=9.1% prompt_rows=10661/40
[2026-07-22 14:00:26] PROGRESS format=standard [1/11] format_est=100.0% overall_est=9.1% prompt_rows=10666/40
[2026-07-22 14:00:31] PROGRESS format=standard [1/11] format_est=100.0% overall_est=9.1% prompt_rows=10671/40
[2026-07-22 14:01:12] PROGRESS format=standard [1/11] format_est=100.0% overall_est=9.1% prompt_rows=10681/40
[2026-07-22 14:01:58] PROGRESS format=standard [1/11] format_est=100.0% overall_est=9.1% prompt_rows=10689/40
[2026-07-22 14:02:03] PROGRESS format=standard [1/11] format_est=100.0% overall_est=9.1% prompt_rows=10691/40
[2026-07-22 14:02:43] PROGRESS format=standard [1/11] format_est=100.0% overall_est=9.1% prompt_rows=10701/40
[2026-07-22 14:03:24] PROGRESS format=standard [1/11] format_est=100.0% overall_est=9.1% prompt_rows=10708/40
[2026-07-22 14:03:29] PROGRESS format=standard [1/11] format_est=100.0% overall_est=9.1% prompt_rows=10711/40
[2026-07-22 14:04:09] PROGRESS format=standard [1/11] format_est=100.0% overall_est=9.1% prompt_rows=10721/40
[2026-07-22 14:04:50] PROGRESS format=standard [1/11] format_est=100.0% overall_est=9.1% prompt_rows=10725/40
[2026-07-22 14:04:55] PROGRESS format=standard [1/11] format_est=100.0% overall_est=9.1% prompt_rows=10731/40
[2026-07-22 14:05:35] PROGRESS format=standard [1/11] format_est=100.0% overall_est=9.1% prompt_rows=10741/40
[2026-07-22 14:06:21] PROGRESS format=standard [1/11] format_est=100.0% overall_est=9.1% prompt_rows=10751/40
[2026-07-22 14:07:02] PROGRESS format=standard [1/11] format_est=100.0% overall_est=9.1% prompt_rows=10756/40
[2026-07-22 14:07:07] PROGRESS format=standard [1/11] format_est=100.0% overall_est=9.1% prompt_rows=10761/40
[2026-07-22 14:07:47] PROGRESS format=standard [1/11] format_est=100.0% overall_est=9.1% prompt_rows=10771/40
[2026-07-22 14:08:28] PROGRESS format=standard [1/11] format_est=100.0% overall_est=9.1% prompt_rows=10778/40
[2026-07-22 14:08:33] PROGRESS format=standard [1/11] format_est=100.0% overall_est=9.1% prompt_rows=10781/40
[2026-07-22 14:09:08] PROGRESS format=standard [1/11] format_est=100.0% overall_est=9.1% prompt_rows=10782/40
[2026-07-22 14:09:13] PROGRESS format=standard [1/11] format_est=100.0% overall_est=9.1% prompt_rows=10791/40
[2026-07-22 14:09:54] PROGRESS format=standard [1/11] format_est=100.0% overall_est=9.1% prompt_rows=10801/40
[2026-07-22 14:10:35] PROGRESS format=standard [1/11] format_est=100.0% overall_est=9.1% prompt_rows=10811/40
[2026-07-22 14:11:15] PROGRESS format=standard [1/11] format_est=100.0% overall_est=9.1% prompt_rows=10821/40
[2026-07-22 14:11:56] PROGRESS format=standard [1/11] format_est=100.0% overall_est=9.1% prompt_rows=10822/40
[2026-07-22 14:12:01] PROGRESS format=standard [1/11] format_est=100.0% overall_est=9.1% prompt_rows=10831/40
[2026-07-22 14:12:41] PROGRESS format=standard [1/11] format_est=100.0% overall_est=9.1% prompt_rows=10841/40
[2026-07-22 14:13:22] PROGRESS format=standard [1/11] format_est=100.0% overall_est=9.1% prompt_rows=10851/40
[2026-07-22 14:14:02] PROGRESS format=standard [1/11] format_est=100.0% overall_est=9.1% prompt_rows=10858/40
[2026-07-22 14:14:07] PROGRESS format=standard [1/11] format_est=100.0% overall_est=9.1% prompt_rows=10861/40
[2026-07-22 14:14:43] PROGRESS format=standard [1/11] format_est=100.0% overall_est=9.1% prompt_rows=10862/40
[2026-07-22 14:14:48] PROGRESS format=standard [1/11] format_est=100.0% overall_est=9.1% prompt_rows=10871/40
[2026-07-22 14:15:29] PROGRESS format=standard [1/11] format_est=100.0% overall_est=9.1% prompt_rows=10881/40
[2026-07-22 14:16:09] PROGRESS format=standard [1/11] format_est=100.0% overall_est=9.1% prompt_rows=10883/40
[2026-07-22 14:16:14] PROGRESS format=standard [1/11] format_est=100.0% overall_est=9.1% prompt_rows=10891/40
[2026-07-22 14:16:55] PROGRESS format=standard [1/11] format_est=100.0% overall_est=9.1% prompt_rows=10901/40
[2026-07-22 14:17:35] PROGRESS format=standard [1/11] format_est=100.0% overall_est=9.1% prompt_rows=10911/40
[2026-07-22 14:18:16] PROGRESS format=standard [1/11] format_est=100.0% overall_est=9.1% prompt_rows=10918/40
[2026-07-22 14:18:21] PROGRESS format=standard [1/11] format_est=100.0% overall_est=9.1% prompt_rows=10921/40
[2026-07-22 14:19:01] PROGRESS format=standard [1/11] format_est=100.0% overall_est=9.1% prompt_rows=10931/40
[2026-07-22 14:19:42] PROGRESS format=standard [1/11] format_est=100.0% overall_est=9.1% prompt_rows=10935/40
[2026-07-22 14:19:47] PROGRESS format=standard [1/11] format_est=100.0% overall_est=9.1% prompt_rows=10941/40
[2026-07-22 14:20:27] PROGRESS format=standard [1/11] format_est=100.0% overall_est=9.1% prompt_rows=10951/40
[2026-07-22 14:21:08] PROGRESS format=standard [1/11] format_est=100.0% overall_est=9.1% prompt_rows=10961/40
[2026-07-22 14:21:48] PROGRESS format=standard [1/11] format_est=100.0% overall_est=9.1% prompt_rows=10971/40
[2026-07-22 14:22:29] PROGRESS format=standard [1/11] format_est=100.0% overall_est=9.1% prompt_rows=10979/40
[2026-07-22 14:22:34] PROGRESS format=standard [1/11] format_est=100.0% overall_est=9.1% prompt_rows=10981/40
[2026-07-22 14:23:15] PROGRESS format=standard [1/11] format_est=100.0% overall_est=9.1% prompt_rows=10991/40
[2026-07-22 14:23:55] PROGRESS format=standard [1/11] format_est=100.0% overall_est=9.1% prompt_rows=10998/40
[2026-07-22 14:24:00] PROGRESS format=standard [1/11] format_est=100.0% overall_est=9.1% prompt_rows=11001/40
[2026-07-22 14:24:41] PROGRESS format=standard [1/11] format_est=100.0% overall_est=9.1% prompt_rows=11011/40
[2026-07-22 14:25:26] PROGRESS format=standard [1/11] format_est=100.0% overall_est=9.1% prompt_rows=11018/40
[2026-07-22 14:25:31] PROGRESS format=standard [1/11] format_est=100.0% overall_est=9.1% prompt_rows=11021/40
[2026-07-22 14:26:33] PROGRESS format=standard [1/11] format_est=100.0% overall_est=9.1% prompt_rows=11021/40
[2026-07-22 14:26:48] PROGRESS format=standard [1/11] format_est=100.0% overall_est=9.1% prompt_rows=11028/40
[2026-07-22 14:26:53] PROGRESS format=standard [1/11] format_est=100.0% overall_est=9.1% prompt_rows=11031/40
[2026-07-22 14:27:44] PROGRESS format=standard [1/11] format_est=100.0% overall_est=9.1% prompt_rows=11041/40
[2026-07-22 14:28:29] PROGRESS format=standard [1/11] format_est=100.0% overall_est=9.1% prompt_rows=11051/40
[2026-07-22 14:29:10] PROGRESS format=standard [1/11] format_est=100.0% overall_est=9.1% prompt_rows=11057/40
[2026-07-22 14:29:15] PROGRESS format=standard [1/11] format_est=100.0% overall_est=9.1% prompt_rows=11061/40
[2026-07-22 14:30:01] PROGRESS format=standard [1/11] format_est=100.0% overall_est=9.1% prompt_rows=11065/40
[2026-07-22 14:30:06] PROGRESS format=standard [1/11] format_est=100.0% overall_est=9.1% prompt_rows=11071/40
[2026-07-22 14:31:01] PROGRESS format=standard [1/11] format_est=100.0% overall_est=9.1% prompt_rows=11081/40
[2026-07-22 14:31:52] PROGRESS format=standard [1/11] format_est=100.0% overall_est=9.1% prompt_rows=11086/40
[2026-07-22 14:31:57] PROGRESS format=standard [1/11] format_est=100.0% overall_est=9.1% prompt_rows=11091/40
[2026-07-22 14:32:43] PROGRESS format=standard [1/11] format_est=100.0% overall_est=9.1% prompt_rows=11094/40
[2026-07-22 14:32:48] PROGRESS format=standard [1/11] format_est=100.0% overall_est=9.1% prompt_rows=11101/40
[2026-07-22 14:33:34] PROGRESS format=standard [1/11] format_est=100.0% overall_est=9.1% prompt_rows=11111/40
[2026-07-22 14:34:19] PROGRESS format=standard [1/11] format_est=100.0% overall_est=9.1% prompt_rows=11121/40
[2026-07-22 14:35:00] PROGRESS format=standard [1/11] format_est=100.0% overall_est=9.1% prompt_rows=11124/40
[2026-07-22 14:35:05] PROGRESS format=standard [1/11] format_est=100.0% overall_est=9.1% prompt_rows=11131/40
[2026-07-22 14:35:51] PROGRESS format=standard [1/11] format_est=100.0% overall_est=9.1% prompt_rows=11141/40
[2026-07-22 14:36:31] PROGRESS format=standard [1/11] format_est=100.0% overall_est=9.1% prompt_rows=11142/40
[2026-07-22 14:36:36] PROGRESS format=standard [1/11] format_est=100.0% overall_est=9.1% prompt_rows=11151/40
[2026-07-22 14:37:17] PROGRESS format=standard [1/11] format_est=100.0% overall_est=9.1% prompt_rows=11152/40
[2026-07-22 14:37:22] PROGRESS format=standard [1/11] format_est=100.0% overall_est=9.1% prompt_rows=11161/40
[2026-07-22 14:38:03] PROGRESS format=standard [1/11] format_est=100.0% overall_est=9.1% prompt_rows=11164/40
[2026-07-22 14:38:08] PROGRESS format=standard [1/11] format_est=100.0% overall_est=9.1% prompt_rows=11171/40
[2026-07-22 14:38:48] PROGRESS format=standard [1/11] format_est=100.0% overall_est=9.1% prompt_rows=11172/40
[2026-07-22 14:38:53] PROGRESS format=standard [1/11] format_est=100.0% overall_est=9.1% prompt_rows=11181/40
[2026-07-22 14:39:34] PROGRESS format=standard [1/11] format_est=100.0% overall_est=9.1% prompt_rows=11183/40
[2026-07-22 14:39:39] PROGRESS format=standard [1/11] format_est=100.0% overall_est=9.1% prompt_rows=11191/40
[2026-07-22 14:40:19] PROGRESS format=standard [1/11] format_est=100.0% overall_est=9.1% prompt_rows=11198/40
[2026-07-22 14:40:24] PROGRESS format=standard [1/11] format_est=100.0% overall_est=9.1% prompt_rows=11200/40
[2026-07-22 14:40:24] [1/11] DONE standard; overall=9.1%; summaries updated
[2026-07-22 14:40:24] [2/11] START legacy_scene_graph -> C:\Users\hassa\OneDrive\Desktop\EmbodimentSemantic\vla_benchmarking\ablation_outputs\sg_format_ablation_2026_07_22_00_56_24\legacy_scene_graph
[2026-07-22 14:40:29] PROGRESS format=legacy_scene_graph [2/11] format_est=0.0% overall_est=9.1% prompt_rows=0/40
[2026-07-22 14:41:29] PROGRESS format=legacy_scene_graph [2/11] format_est=2.5% overall_est=9.3% prompt_rows=1/40
[2026-07-22 14:42:14] PROGRESS format=legacy_scene_graph [2/11] format_est=27.5% overall_est=11.6% prompt_rows=11/40
[2026-07-22 14:42:59] PROGRESS format=legacy_scene_graph [2/11] format_est=30.0% overall_est=11.8% prompt_rows=12/40
[2026-07-22 14:43:04] PROGRESS format=legacy_scene_graph [2/11] format_est=52.5% overall_est=13.9% prompt_rows=21/40
[2026-07-22 14:43:49] PROGRESS format=legacy_scene_graph [2/11] format_est=70.0% overall_est=15.5% prompt_rows=28/40
[2026-07-22 14:43:54] PROGRESS format=legacy_scene_graph [2/11] format_est=77.5% overall_est=16.1% prompt_rows=31/40
[2026-07-22 14:44:39] PROGRESS format=legacy_scene_graph [2/11] format_est=90.0% overall_est=17.3% prompt_rows=36/40
[2026-07-22 14:44:45] PROGRESS format=legacy_scene_graph [2/11] format_est=100.0% overall_est=18.2% prompt_rows=41/40
[2026-07-22 14:45:30] PROGRESS format=legacy_scene_graph [2/11] format_est=100.0% overall_est=18.2% prompt_rows=51/40
[2026-07-22 14:46:15] PROGRESS format=legacy_scene_graph [2/11] format_est=100.0% overall_est=18.2% prompt_rows=53/40
[2026-07-22 14:46:20] PROGRESS format=legacy_scene_graph [2/11] format_est=100.0% overall_est=18.2% prompt_rows=61/40
[2026-07-22 14:47:05] PROGRESS format=legacy_scene_graph [2/11] format_est=100.0% overall_est=18.2% prompt_rows=71/40
[2026-07-22 14:47:50] PROGRESS format=legacy_scene_graph [2/11] format_est=100.0% overall_est=18.2% prompt_rows=72/40
[2026-07-22 14:47:55] PROGRESS format=legacy_scene_graph [2/11] format_est=100.0% overall_est=18.2% prompt_rows=81/40
[2026-07-22 14:48:40] PROGRESS format=legacy_scene_graph [2/11] format_est=100.0% overall_est=18.2% prompt_rows=91/40
[2026-07-22 14:49:35] PROGRESS format=legacy_scene_graph [2/11] format_est=100.0% overall_est=18.2% prompt_rows=92/40
[2026-07-22 14:49:40] PROGRESS format=legacy_scene_graph [2/11] format_est=100.0% overall_est=18.2% prompt_rows=101/40
[2026-07-22 14:50:30] PROGRESS format=legacy_scene_graph [2/11] format_est=100.0% overall_est=18.2% prompt_rows=103/40
[2026-07-22 14:50:35] PROGRESS format=legacy_scene_graph [2/11] format_est=100.0% overall_est=18.2% prompt_rows=111/40
[2026-07-22 14:51:26] PROGRESS format=legacy_scene_graph [2/11] format_est=100.0% overall_est=18.2% prompt_rows=119/40
[2026-07-22 14:51:31] PROGRESS format=legacy_scene_graph [2/11] format_est=100.0% overall_est=18.2% prompt_rows=121/40
[2026-07-22 14:52:16] PROGRESS format=legacy_scene_graph [2/11] format_est=100.0% overall_est=18.2% prompt_rows=131/40
[2026-07-22 14:53:01] PROGRESS format=legacy_scene_graph [2/11] format_est=100.0% overall_est=18.2% prompt_rows=141/40
[2026-07-22 14:53:46] PROGRESS format=legacy_scene_graph [2/11] format_est=100.0% overall_est=18.2% prompt_rows=145/40
[2026-07-22 14:53:51] PROGRESS format=legacy_scene_graph [2/11] format_est=100.0% overall_est=18.2% prompt_rows=151/40
[2026-07-22 14:54:36] PROGRESS format=legacy_scene_graph [2/11] format_est=100.0% overall_est=18.2% prompt_rows=161/40
[2026-07-22 14:55:21] PROGRESS format=legacy_scene_graph [2/11] format_est=100.0% overall_est=18.2% prompt_rows=168/40
[2026-07-22 14:55:26] PROGRESS format=legacy_scene_graph [2/11] format_est=100.0% overall_est=18.2% prompt_rows=171/40
[2026-07-22 14:56:11] PROGRESS format=legacy_scene_graph [2/11] format_est=100.0% overall_est=18.2% prompt_rows=181/40
[2026-07-22 14:56:57] PROGRESS format=legacy_scene_graph [2/11] format_est=100.0% overall_est=18.2% prompt_rows=191/40
[2026-07-22 14:57:42] PROGRESS format=legacy_scene_graph [2/11] format_est=100.0% overall_est=18.2% prompt_rows=196/40
[2026-07-22 14:57:47] PROGRESS format=legacy_scene_graph [2/11] format_est=100.0% overall_est=18.2% prompt_rows=201/40
[2026-07-22 14:58:32] PROGRESS format=legacy_scene_graph [2/11] format_est=100.0% overall_est=18.2% prompt_rows=203/40
[2026-07-22 14:58:37] PROGRESS format=legacy_scene_graph [2/11] format_est=100.0% overall_est=18.2% prompt_rows=211/40
[2026-07-22 14:59:22] PROGRESS format=legacy_scene_graph [2/11] format_est=100.0% overall_est=18.2% prompt_rows=214/40
[2026-07-22 14:59:27] PROGRESS format=legacy_scene_graph [2/11] format_est=100.0% overall_est=18.2% prompt_rows=221/40
[2026-07-22 15:00:12] PROGRESS format=legacy_scene_graph [2/11] format_est=100.0% overall_est=18.2% prompt_rows=230/40
[2026-07-22 15:00:17] PROGRESS format=legacy_scene_graph [2/11] format_est=100.0% overall_est=18.2% prompt_rows=231/40
[2026-07-22 15:01:02] PROGRESS format=legacy_scene_graph [2/11] format_est=100.0% overall_est=18.2% prompt_rows=241/40
[2026-07-22 15:01:52] PROGRESS format=legacy_scene_graph [2/11] format_est=100.0% overall_est=18.2% prompt_rows=251/40
[2026-07-22 15:02:43] PROGRESS format=legacy_scene_graph [2/11] format_est=100.0% overall_est=18.2% prompt_rows=261/40
[2026-07-22 15:03:28] PROGRESS format=legacy_scene_graph [2/11] format_est=100.0% overall_est=18.2% prompt_rows=268/40
[2026-07-22 15:03:33] PROGRESS format=legacy_scene_graph [2/11] format_est=100.0% overall_est=18.2% prompt_rows=271/40
[2026-07-22 15:04:13] PROGRESS format=legacy_scene_graph [2/11] format_est=100.0% overall_est=18.2% prompt_rows=273/40
[2026-07-22 15:04:18] PROGRESS format=legacy_scene_graph [2/11] format_est=100.0% overall_est=18.2% prompt_rows=281/40
[2026-07-22 15:05:03] PROGRESS format=legacy_scene_graph [2/11] format_est=100.0% overall_est=18.2% prompt_rows=287/40
[2026-07-22 15:05:08] PROGRESS format=legacy_scene_graph [2/11] format_est=100.0% overall_est=18.2% prompt_rows=291/40
[2026-07-22 15:05:48] PROGRESS format=legacy_scene_graph [2/11] format_est=100.0% overall_est=18.2% prompt_rows=297/40
[2026-07-22 15:05:53] PROGRESS format=legacy_scene_graph [2/11] format_est=100.0% overall_est=18.2% prompt_rows=301/40
[2026-07-22 15:06:33] PROGRESS format=legacy_scene_graph [2/11] format_est=100.0% overall_est=18.2% prompt_rows=304/40
[2026-07-22 15:06:38] PROGRESS format=legacy_scene_graph [2/11] format_est=100.0% overall_est=18.2% prompt_rows=311/40
[2026-07-22 15:07:23] PROGRESS format=legacy_scene_graph [2/11] format_est=100.0% overall_est=18.2% prompt_rows=321/40
[2026-07-22 15:08:13] PROGRESS format=legacy_scene_graph [2/11] format_est=100.0% overall_est=18.2% prompt_rows=331/40
[2026-07-22 15:09:04] PROGRESS format=legacy_scene_graph [2/11] format_est=100.0% overall_est=18.2% prompt_rows=341/40
[2026-07-22 15:09:54] PROGRESS format=legacy_scene_graph [2/11] format_est=100.0% overall_est=18.2% prompt_rows=348/40
[2026-07-22 15:09:59] PROGRESS format=legacy_scene_graph [2/11] format_est=100.0% overall_est=18.2% prompt_rows=351/40
[2026-07-22 15:10:49] PROGRESS format=legacy_scene_graph [2/11] format_est=100.0% overall_est=18.2% prompt_rows=361/40
[2026-07-22 15:11:49] PROGRESS format=legacy_scene_graph [2/11] format_est=100.0% overall_est=18.2% prompt_rows=361/40
[2026-07-22 15:11:59] PROGRESS format=legacy_scene_graph [2/11] format_est=100.0% overall_est=18.2% prompt_rows=370/40
[2026-07-22 15:12:04] PROGRESS format=legacy_scene_graph [2/11] format_est=100.0% overall_est=18.2% prompt_rows=371/40
[2026-07-22 15:13:04] PROGRESS format=legacy_scene_graph [2/11] format_est=100.0% overall_est=18.2% prompt_rows=371/40
[2026-07-22 15:13:14] PROGRESS format=legacy_scene_graph [2/11] format_est=100.0% overall_est=18.2% prompt_rows=372/40
[2026-07-22 15:13:20] PROGRESS format=legacy_scene_graph [2/11] format_est=100.0% overall_est=18.2% prompt_rows=381/40
[2026-07-22 15:14:20] PROGRESS format=legacy_scene_graph [2/11] format_est=100.0% overall_est=18.2% prompt_rows=381/40
[2026-07-22 15:14:35] PROGRESS format=legacy_scene_graph [2/11] format_est=100.0% overall_est=18.2% prompt_rows=388/40
[2026-07-22 15:14:40] PROGRESS format=legacy_scene_graph [2/11] format_est=100.0% overall_est=18.2% prompt_rows=391/40
[2026-07-22 15:15:40] PROGRESS format=legacy_scene_graph [2/11] format_est=100.0% overall_est=18.2% prompt_rows=391/40
[2026-07-22 15:16:00] PROGRESS format=legacy_scene_graph [2/11] format_est=100.0% overall_est=18.2% prompt_rows=401/40
[2026-07-22 15:17:00] PROGRESS format=legacy_scene_graph [2/11] format_est=100.0% overall_est=18.2% prompt_rows=401/40
[2026-07-22 15:17:05] PROGRESS format=legacy_scene_graph [2/11] format_est=100.0% overall_est=18.2% prompt_rows=411/40
[2026-07-22 15:17:55] PROGRESS format=legacy_scene_graph [2/11] format_est=100.0% overall_est=18.2% prompt_rows=420/40
[2026-07-22 15:18:00] PROGRESS format=legacy_scene_graph [2/11] format_est=100.0% overall_est=18.2% prompt_rows=421/40
[2026-07-22 15:18:46] PROGRESS format=legacy_scene_graph [2/11] format_est=100.0% overall_est=18.2% prompt_rows=423/40
[2026-07-22 15:18:51] PROGRESS format=legacy_scene_graph [2/11] format_est=100.0% overall_est=18.2% prompt_rows=431/40
[2026-07-22 15:19:41] PROGRESS format=legacy_scene_graph [2/11] format_est=100.0% overall_est=18.2% prompt_rows=441/40
[2026-07-22 15:20:31] PROGRESS format=legacy_scene_graph [2/11] format_est=100.0% overall_est=18.2% prompt_rows=451/40
[2026-07-22 15:21:21] PROGRESS format=legacy_scene_graph [2/11] format_est=100.0% overall_est=18.2% prompt_rows=458/40
[2026-07-22 15:21:26] PROGRESS format=legacy_scene_graph [2/11] format_est=100.0% overall_est=18.2% prompt_rows=461/40
[2026-07-22 15:22:11] PROGRESS format=legacy_scene_graph [2/11] format_est=100.0% overall_est=18.2% prompt_rows=464/40
[2026-07-22 15:22:16] PROGRESS format=legacy_scene_graph [2/11] format_est=100.0% overall_est=18.2% prompt_rows=471/40
[2026-07-22 15:23:06] PROGRESS format=legacy_scene_graph [2/11] format_est=100.0% overall_est=18.2% prompt_rows=481/40
[2026-07-22 15:24:07] PROGRESS format=legacy_scene_graph [2/11] format_est=100.0% overall_est=18.2% prompt_rows=491/40
[2026-07-22 15:25:02] PROGRESS format=legacy_scene_graph [2/11] format_est=100.0% overall_est=18.2% prompt_rows=501/40
[2026-07-22 15:25:57] PROGRESS format=legacy_scene_graph [2/11] format_est=100.0% overall_est=18.2% prompt_rows=511/40
[2026-07-22 15:26:57] PROGRESS format=legacy_scene_graph [2/11] format_est=100.0% overall_est=18.2% prompt_rows=521/40
[2026-07-22 15:27:57] PROGRESS format=legacy_scene_graph [2/11] format_est=100.0% overall_est=18.2% prompt_rows=527/40
[2026-07-22 15:28:02] PROGRESS format=legacy_scene_graph [2/11] format_est=100.0% overall_est=18.2% prompt_rows=531/40
[2026-07-22 15:28:47] PROGRESS format=legacy_scene_graph [2/11] format_est=100.0% overall_est=18.2% prompt_rows=541/40
[2026-07-22 15:29:33] PROGRESS format=legacy_scene_graph [2/11] format_est=100.0% overall_est=18.2% prompt_rows=551/40
[2026-07-22 15:30:18] PROGRESS format=legacy_scene_graph [2/11] format_est=100.0% overall_est=18.2% prompt_rows=559/40
[2026-07-22 15:30:23] PROGRESS format=legacy_scene_graph [2/11] format_est=100.0% overall_est=18.2% prompt_rows=561/40
[2026-07-22 15:31:08] PROGRESS format=legacy_scene_graph [2/11] format_est=100.0% overall_est=18.2% prompt_rows=571/40
[2026-07-22 15:31:58] PROGRESS format=legacy_scene_graph [2/11] format_est=100.0% overall_est=18.2% prompt_rows=581/40
[2026-07-22 15:32:53] PROGRESS format=legacy_scene_graph [2/11] format_est=100.0% overall_est=18.2% prompt_rows=586/40
[2026-07-22 15:32:58] PROGRESS format=legacy_scene_graph [2/11] format_est=100.0% overall_est=18.2% prompt_rows=591/40
[2026-07-22 15:33:48] PROGRESS format=legacy_scene_graph [2/11] format_est=100.0% overall_est=18.2% prompt_rows=601/40
[2026-07-22 15:34:34] PROGRESS format=legacy_scene_graph [2/11] format_est=100.0% overall_est=18.2% prompt_rows=602/40
[2026-07-22 15:34:39] PROGRESS format=legacy_scene_graph [2/11] format_est=100.0% overall_est=18.2% prompt_rows=611/40
[2026-07-22 15:35:29] PROGRESS format=legacy_scene_graph [2/11] format_est=100.0% overall_est=18.2% prompt_rows=621/40
[2026-07-22 15:36:19] PROGRESS format=legacy_scene_graph [2/11] format_est=100.0% overall_est=18.2% prompt_rows=631/40
[2026-07-22 15:37:04] PROGRESS format=legacy_scene_graph [2/11] format_est=100.0% overall_est=18.2% prompt_rows=640/40
[2026-07-22 15:37:09] PROGRESS format=legacy_scene_graph [2/11] format_est=100.0% overall_est=18.2% prompt_rows=641/40
[2026-07-22 15:38:04] PROGRESS format=legacy_scene_graph [2/11] format_est=100.0% overall_est=18.2% prompt_rows=646/40
[2026-07-22 15:38:09] PROGRESS format=legacy_scene_graph [2/11] format_est=100.0% overall_est=18.2% prompt_rows=651/40
[2026-07-22 15:39:00] PROGRESS format=legacy_scene_graph [2/11] format_est=100.0% overall_est=18.2% prompt_rows=661/40
[2026-07-22 15:39:50] PROGRESS format=legacy_scene_graph [2/11] format_est=100.0% overall_est=18.2% prompt_rows=662/40
[2026-07-22 15:39:55] PROGRESS format=legacy_scene_graph [2/11] format_est=100.0% overall_est=18.2% prompt_rows=671/40
[2026-07-22 15:40:50] PROGRESS format=legacy_scene_graph [2/11] format_est=100.0% overall_est=18.2% prompt_rows=681/40
[2026-07-22 15:41:45] PROGRESS format=legacy_scene_graph [2/11] format_est=100.0% overall_est=18.2% prompt_rows=691/40
[2026-07-22 15:42:35] PROGRESS format=legacy_scene_graph [2/11] format_est=100.0% overall_est=18.2% prompt_rows=700/40
[2026-07-22 15:42:40] PROGRESS format=legacy_scene_graph [2/11] format_est=100.0% overall_est=18.2% prompt_rows=701/40
[2026-07-22 15:43:31] PROGRESS format=legacy_scene_graph [2/11] format_est=100.0% overall_est=18.2% prompt_rows=711/40
[2026-07-22 15:44:26] PROGRESS format=legacy_scene_graph [2/11] format_est=100.0% overall_est=18.2% prompt_rows=719/40
[2026-07-22 15:44:31] PROGRESS format=legacy_scene_graph [2/11] format_est=100.0% overall_est=18.2% prompt_rows=721/40
[2026-07-22 15:45:21] PROGRESS format=legacy_scene_graph [2/11] format_est=100.0% overall_est=18.2% prompt_rows=725/40
[2026-07-22 15:45:26] PROGRESS format=legacy_scene_graph [2/11] format_est=100.0% overall_est=18.2% prompt_rows=731/40
[2026-07-22 15:46:21] PROGRESS format=legacy_scene_graph [2/11] format_est=100.0% overall_est=18.2% prompt_rows=741/40
[2026-07-22 15:47:11] PROGRESS format=legacy_scene_graph [2/11] format_est=100.0% overall_est=18.2% prompt_rows=750/40
[2026-07-22 15:47:16] PROGRESS format=legacy_scene_graph [2/11] format_est=100.0% overall_est=18.2% prompt_rows=751/40
[2026-07-22 15:48:02] PROGRESS format=legacy_scene_graph [2/11] format_est=100.0% overall_est=18.2% prompt_rows=753/40
[2026-07-22 15:48:07] PROGRESS format=legacy_scene_graph [2/11] format_est=100.0% overall_est=18.2% prompt_rows=761/40
[2026-07-22 15:48:57] PROGRESS format=legacy_scene_graph [2/11] format_est=100.0% overall_est=18.2% prompt_rows=771/40
[2026-07-22 15:49:47] PROGRESS format=legacy_scene_graph [2/11] format_est=100.0% overall_est=18.2% prompt_rows=777/40
[2026-07-22 15:49:52] PROGRESS format=legacy_scene_graph [2/11] format_est=100.0% overall_est=18.2% prompt_rows=781/40
[2026-07-22 15:50:42] PROGRESS format=legacy_scene_graph [2/11] format_est=100.0% overall_est=18.2% prompt_rows=791/40
[2026-07-22 15:51:33] PROGRESS format=legacy_scene_graph [2/11] format_est=100.0% overall_est=18.2% prompt_rows=798/40
[2026-07-22 15:51:38] PROGRESS format=legacy_scene_graph [2/11] format_est=100.0% overall_est=18.2% prompt_rows=801/40
[2026-07-22 15:52:28] PROGRESS format=legacy_scene_graph [2/11] format_est=100.0% overall_est=18.2% prompt_rows=811/40
[2026-07-22 15:53:18] PROGRESS format=legacy_scene_graph [2/11] format_est=100.0% overall_est=18.2% prompt_rows=817/40
[2026-07-22 15:53:23] PROGRESS format=legacy_scene_graph [2/11] format_est=100.0% overall_est=18.2% prompt_rows=821/40
[2026-07-22 15:54:08] PROGRESS format=legacy_scene_graph [2/11] format_est=100.0% overall_est=18.2% prompt_rows=823/40
[2026-07-22 15:54:13] PROGRESS format=legacy_scene_graph [2/11] format_est=100.0% overall_est=18.2% prompt_rows=831/40
[2026-07-22 15:55:04] PROGRESS format=legacy_scene_graph [2/11] format_est=100.0% overall_est=18.2% prompt_rows=840/40
[2026-07-22 15:55:09] PROGRESS format=legacy_scene_graph [2/11] format_est=100.0% overall_est=18.2% prompt_rows=841/40
[2026-07-22 15:55:59] PROGRESS format=legacy_scene_graph [2/11] format_est=100.0% overall_est=18.2% prompt_rows=848/40
[2026-07-22 15:56:04] PROGRESS format=legacy_scene_graph [2/11] format_est=100.0% overall_est=18.2% prompt_rows=851/40
[2026-07-22 15:56:49] PROGRESS format=legacy_scene_graph [2/11] format_est=100.0% overall_est=18.2% prompt_rows=854/40
[2026-07-22 15:56:54] PROGRESS format=legacy_scene_graph [2/11] format_est=100.0% overall_est=18.2% prompt_rows=861/40
[2026-07-22 15:57:44] PROGRESS format=legacy_scene_graph [2/11] format_est=100.0% overall_est=18.2% prompt_rows=871/40
[2026-07-22 15:58:34] PROGRESS format=legacy_scene_graph [2/11] format_est=100.0% overall_est=18.2% prompt_rows=878/40
[2026-07-22 15:58:40] PROGRESS format=legacy_scene_graph [2/11] format_est=100.0% overall_est=18.2% prompt_rows=881/40
[2026-07-22 15:59:30] PROGRESS format=legacy_scene_graph [2/11] format_est=100.0% overall_est=18.2% prompt_rows=891/40
[2026-07-22 16:00:20] PROGRESS format=legacy_scene_graph [2/11] format_est=100.0% overall_est=18.2% prompt_rows=900/40
[2026-07-22 16:00:25] PROGRESS format=legacy_scene_graph [2/11] format_est=100.0% overall_est=18.2% prompt_rows=901/40
[2026-07-22 16:01:15] PROGRESS format=legacy_scene_graph [2/11] format_est=100.0% overall_est=18.2% prompt_rows=911/40
[2026-07-22 16:02:05] PROGRESS format=legacy_scene_graph [2/11] format_est=100.0% overall_est=18.2% prompt_rows=918/40
[2026-07-22 16:02:10] PROGRESS format=legacy_scene_graph [2/11] format_est=100.0% overall_est=18.2% prompt_rows=921/40
[2026-07-22 16:03:11] PROGRESS format=legacy_scene_graph [2/11] format_est=100.0% overall_est=18.2% prompt_rows=927/40
[2026-07-22 16:03:16] PROGRESS format=legacy_scene_graph [2/11] format_est=100.0% overall_est=18.2% prompt_rows=931/40
[2026-07-22 16:04:16] PROGRESS format=legacy_scene_graph [2/11] format_est=100.0% overall_est=18.2% prompt_rows=931/40
[2026-07-22 16:04:26] PROGRESS format=legacy_scene_graph [2/11] format_est=100.0% overall_est=18.2% prompt_rows=932/40
[2026-07-22 16:04:31] PROGRESS format=legacy_scene_graph [2/11] format_est=100.0% overall_est=18.2% prompt_rows=941/40
[2026-07-22 16:05:31] PROGRESS format=legacy_scene_graph [2/11] format_est=100.0% overall_est=18.2% prompt_rows=941/40
[2026-07-22 16:05:36] PROGRESS format=legacy_scene_graph [2/11] format_est=100.0% overall_est=18.2% prompt_rows=951/40
[2026-07-22 16:06:37] PROGRESS format=legacy_scene_graph [2/11] format_est=100.0% overall_est=18.2% prompt_rows=955/40
[2026-07-22 16:06:42] PROGRESS format=legacy_scene_graph [2/11] format_est=100.0% overall_est=18.2% prompt_rows=961/40
[2026-07-22 16:07:42] PROGRESS format=legacy_scene_graph [2/11] format_est=100.0% overall_est=18.2% prompt_rows=962/40
[2026-07-22 16:07:47] PROGRESS format=legacy_scene_graph [2/11] format_est=100.0% overall_est=18.2% prompt_rows=971/40
[2026-07-22 16:08:37] PROGRESS format=legacy_scene_graph [2/11] format_est=100.0% overall_est=18.2% prompt_rows=977/40
[2026-07-22 16:08:42] PROGRESS format=legacy_scene_graph [2/11] format_est=100.0% overall_est=18.2% prompt_rows=981/40
[2026-07-22 16:09:37] PROGRESS format=legacy_scene_graph [2/11] format_est=100.0% overall_est=18.2% prompt_rows=991/40
[2026-07-22 16:10:37] PROGRESS format=legacy_scene_graph [2/11] format_est=100.0% overall_est=18.2% prompt_rows=1001/40
[2026-07-22 16:11:28] PROGRESS format=legacy_scene_graph [2/11] format_est=100.0% overall_est=18.2% prompt_rows=1008/40
[2026-07-22 16:11:33] PROGRESS format=legacy_scene_graph [2/11] format_est=100.0% overall_est=18.2% prompt_rows=1011/40
[2026-07-22 16:12:23] PROGRESS format=legacy_scene_graph [2/11] format_est=100.0% overall_est=18.2% prompt_rows=1021/40
[2026-07-22 16:13:18] PROGRESS format=legacy_scene_graph [2/11] format_est=100.0% overall_est=18.2% prompt_rows=1029/40
[2026-07-22 16:13:23] PROGRESS format=legacy_scene_graph [2/11] format_est=100.0% overall_est=18.2% prompt_rows=1031/40
[2026-07-22 16:14:13] PROGRESS format=legacy_scene_graph [2/11] format_est=100.0% overall_est=18.2% prompt_rows=1032/40
[2026-07-22 16:14:18] PROGRESS format=legacy_scene_graph [2/11] format_est=100.0% overall_est=18.2% prompt_rows=1041/40
[2026-07-22 16:15:09] PROGRESS format=legacy_scene_graph [2/11] format_est=100.0% overall_est=18.2% prompt_rows=1051/40
[2026-07-22 16:16:04] PROGRESS format=legacy_scene_graph [2/11] format_est=100.0% overall_est=18.2% prompt_rows=1061/40
[2026-07-22 16:16:54] PROGRESS format=legacy_scene_graph [2/11] format_est=100.0% overall_est=18.2% prompt_rows=1071/40
[2026-07-22 16:17:39] PROGRESS format=legacy_scene_graph [2/11] format_est=100.0% overall_est=18.2% prompt_rows=1074/40
[2026-07-22 16:17:44] PROGRESS format=legacy_scene_graph [2/11] format_est=100.0% overall_est=18.2% prompt_rows=1081/40
[2026-07-22 16:18:29] PROGRESS format=legacy_scene_graph [2/11] format_est=100.0% overall_est=18.2% prompt_rows=1085/40
[2026-07-22 16:18:34] PROGRESS format=legacy_scene_graph [2/11] format_est=100.0% overall_est=18.2% prompt_rows=1091/40
[2026-07-22 16:19:19] PROGRESS format=legacy_scene_graph [2/11] format_est=100.0% overall_est=18.2% prompt_rows=1096/40
[2026-07-22 16:19:25] PROGRESS format=legacy_scene_graph [2/11] format_est=100.0% overall_est=18.2% prompt_rows=1101/40
[2026-07-22 16:20:15] PROGRESS format=legacy_scene_graph [2/11] format_est=100.0% overall_est=18.2% prompt_rows=1103/40
[2026-07-22 16:20:20] PROGRESS format=legacy_scene_graph [2/11] format_est=100.0% overall_est=18.2% prompt_rows=1111/40
[2026-07-22 16:21:15] PROGRESS format=legacy_scene_graph [2/11] format_est=100.0% overall_est=18.2% prompt_rows=1120/40
[2026-07-22 16:21:20] PROGRESS format=legacy_scene_graph [2/11] format_est=100.0% overall_est=18.2% prompt_rows=1121/40
[2026-07-22 16:22:20] PROGRESS format=legacy_scene_graph [2/11] format_est=100.0% overall_est=18.2% prompt_rows=1131/40
[2026-07-22 16:23:21] PROGRESS format=legacy_scene_graph [2/11] format_est=100.0% overall_est=18.2% prompt_rows=1133/40
[2026-07-22 16:23:26] PROGRESS format=legacy_scene_graph [2/11] format_est=100.0% overall_est=18.2% prompt_rows=1141/40
[2026-07-22 16:24:21] PROGRESS format=legacy_scene_graph [2/11] format_est=100.0% overall_est=18.2% prompt_rows=1151/40
[2026-07-22 16:25:16] PROGRESS format=legacy_scene_graph [2/11] format_est=100.0% overall_est=18.2% prompt_rows=1160/40
[2026-07-22 16:25:21] PROGRESS format=legacy_scene_graph [2/11] format_est=100.0% overall_est=18.2% prompt_rows=1161/40
[2026-07-22 16:26:12] PROGRESS format=legacy_scene_graph [2/11] format_est=100.0% overall_est=18.2% prompt_rows=1168/40
[2026-07-22 16:26:17] PROGRESS format=legacy_scene_graph [2/11] format_est=100.0% overall_est=18.2% prompt_rows=1171/40
[2026-07-22 16:27:07] PROGRESS format=legacy_scene_graph [2/11] format_est=100.0% overall_est=18.2% prompt_rows=1180/40
[2026-07-22 16:27:12] PROGRESS format=legacy_scene_graph [2/11] format_est=100.0% overall_est=18.2% prompt_rows=1181/40
[2026-07-22 16:27:57] PROGRESS format=legacy_scene_graph [2/11] format_est=100.0% overall_est=18.2% prompt_rows=1189/40
[2026-07-22 16:28:02] PROGRESS format=legacy_scene_graph [2/11] format_est=100.0% overall_est=18.2% prompt_rows=1191/40
[2026-07-22 16:28:47] PROGRESS format=legacy_scene_graph [2/11] format_est=100.0% overall_est=18.2% prompt_rows=1201/40
[2026-07-22 16:29:37] PROGRESS format=legacy_scene_graph [2/11] format_est=100.0% overall_est=18.2% prompt_rows=1211/40
[2026-07-22 16:30:23] PROGRESS format=legacy_scene_graph [2/11] format_est=100.0% overall_est=18.2% prompt_rows=1214/40
[2026-07-22 16:30:28] PROGRESS format=legacy_scene_graph [2/11] format_est=100.0% overall_est=18.2% prompt_rows=1221/40
[2026-07-22 16:31:13] PROGRESS format=legacy_scene_graph [2/11] format_est=100.0% overall_est=18.2% prompt_rows=1228/40
[2026-07-22 16:31:18] PROGRESS format=legacy_scene_graph [2/11] format_est=100.0% overall_est=18.2% prompt_rows=1231/40
[2026-07-22 16:32:03] PROGRESS format=legacy_scene_graph [2/11] format_est=100.0% overall_est=18.2% prompt_rows=1239/40
[2026-07-22 16:32:08] PROGRESS format=legacy_scene_graph [2/11] format_est=100.0% overall_est=18.2% prompt_rows=1241/40
[2026-07-22 16:32:53] PROGRESS format=legacy_scene_graph [2/11] format_est=100.0% overall_est=18.2% prompt_rows=1249/40
[2026-07-22 16:32:58] PROGRESS format=legacy_scene_graph [2/11] format_est=100.0% overall_est=18.2% prompt_rows=1251/40
[2026-07-22 16:33:58] PROGRESS format=legacy_scene_graph [2/11] format_est=100.0% overall_est=18.2% prompt_rows=1261/40
[2026-07-22 16:34:59] PROGRESS format=legacy_scene_graph [2/11] format_est=100.0% overall_est=18.2% prompt_rows=1261/40
[2026-07-22 16:35:09] PROGRESS format=legacy_scene_graph [2/11] format_est=100.0% overall_est=18.2% prompt_rows=1263/40
[2026-07-22 16:35:14] PROGRESS format=legacy_scene_graph [2/11] format_est=100.0% overall_est=18.2% prompt_rows=1271/40
[2026-07-22 16:36:14] PROGRESS format=legacy_scene_graph [2/11] format_est=100.0% overall_est=18.2% prompt_rows=1271/40
[2026-07-22 16:36:29] PROGRESS format=legacy_scene_graph [2/11] format_est=100.0% overall_est=18.2% prompt_rows=1281/40
[2026-07-22 16:37:30] PROGRESS format=legacy_scene_graph [2/11] format_est=100.0% overall_est=18.2% prompt_rows=1281/40
[2026-07-22 16:37:35] PROGRESS format=legacy_scene_graph [2/11] format_est=100.0% overall_est=18.2% prompt_rows=1291/40
[2026-07-22 16:38:35] PROGRESS format=legacy_scene_graph [2/11] format_est=100.0% overall_est=18.2% prompt_rows=1291/40
[2026-07-22 16:38:45] PROGRESS format=legacy_scene_graph [2/11] format_est=100.0% overall_est=18.2% prompt_rows=1301/40
[2026-07-22 16:39:45] PROGRESS format=legacy_scene_graph [2/11] format_est=100.0% overall_est=18.2% prompt_rows=1301/40
[2026-07-22 16:39:55] PROGRESS format=legacy_scene_graph [2/11] format_est=100.0% overall_est=18.2% prompt_rows=1311/40
[2026-07-22 16:40:56] PROGRESS format=legacy_scene_graph [2/11] format_est=100.0% overall_est=18.2% prompt_rows=1311/40
[2026-07-22 16:41:11] PROGRESS format=legacy_scene_graph [2/11] format_est=100.0% overall_est=18.2% prompt_rows=1319/40
[2026-07-22 16:41:16] PROGRESS format=legacy_scene_graph [2/11] format_est=100.0% overall_est=18.2% prompt_rows=1321/40
[2026-07-22 16:42:16] PROGRESS format=legacy_scene_graph [2/11] format_est=100.0% overall_est=18.2% prompt_rows=1321/40
[2026-07-22 16:42:21] PROGRESS format=legacy_scene_graph [2/11] format_est=100.0% overall_est=18.2% prompt_rows=1326/40
[2026-07-22 16:42:26] PROGRESS format=legacy_scene_graph [2/11] format_est=100.0% overall_est=18.2% prompt_rows=1331/40
[2026-07-22 16:43:27] PROGRESS format=legacy_scene_graph [2/11] format_est=100.0% overall_est=18.2% prompt_rows=1331/40
[2026-07-22 16:43:37] PROGRESS format=legacy_scene_graph [2/11] format_est=100.0% overall_est=18.2% prompt_rows=1334/40
[2026-07-22 16:43:42] PROGRESS format=legacy_scene_graph [2/11] format_est=100.0% overall_est=18.2% prompt_rows=1341/40
[2026-07-22 16:44:42] PROGRESS format=legacy_scene_graph [2/11] format_est=100.0% overall_est=18.2% prompt_rows=1341/40
[2026-07-22 16:44:47] PROGRESS format=legacy_scene_graph [2/11] format_est=100.0% overall_est=18.2% prompt_rows=1351/40
[2026-07-22 16:45:47] PROGRESS format=legacy_scene_graph [2/11] format_est=100.0% overall_est=18.2% prompt_rows=1351/40
[2026-07-22 16:45:52] PROGRESS format=legacy_scene_graph [2/11] format_est=100.0% overall_est=18.2% prompt_rows=1361/40
[2026-07-22 16:46:53] PROGRESS format=legacy_scene_graph [2/11] format_est=100.0% overall_est=18.2% prompt_rows=1371/40
[2026-07-22 16:47:48] PROGRESS format=legacy_scene_graph [2/11] format_est=100.0% overall_est=18.2% prompt_rows=1380/40
[2026-07-22 16:47:53] PROGRESS format=legacy_scene_graph [2/11] format_est=100.0% overall_est=18.2% prompt_rows=1381/40
[2026-07-22 16:48:43] PROGRESS format=legacy_scene_graph [2/11] format_est=100.0% overall_est=18.2% prompt_rows=1383/40
[2026-07-22 16:48:48] PROGRESS format=legacy_scene_graph [2/11] format_est=100.0% overall_est=18.2% prompt_rows=1391/40
[2026-07-22 16:49:43] PROGRESS format=legacy_scene_graph [2/11] format_est=100.0% overall_est=18.2% prompt_rows=1395/40
[2026-07-22 16:49:48] PROGRESS format=legacy_scene_graph [2/11] format_est=100.0% overall_est=18.2% prompt_rows=1400/40
[2026-07-22 16:49:53] PROGRESS format=legacy_scene_graph [2/11] format_est=100.0% overall_est=18.2% prompt_rows=1401/40
[2026-07-22 16:50:54] PROGRESS format=legacy_scene_graph [2/11] format_est=100.0% overall_est=18.2% prompt_rows=1401/40
[2026-07-22 16:50:59] PROGRESS format=legacy_scene_graph [2/11] format_est=100.0% overall_est=18.2% prompt_rows=1403/40
[2026-07-22 16:51:04] PROGRESS format=legacy_scene_graph [2/11] format_est=100.0% overall_est=18.2% prompt_rows=1411/40
[2026-07-22 16:52:04] PROGRESS format=legacy_scene_graph [2/11] format_est=100.0% overall_est=18.2% prompt_rows=1415/40
[2026-07-22 16:52:09] PROGRESS format=legacy_scene_graph [2/11] format_est=100.0% overall_est=18.2% prompt_rows=1421/40
[2026-07-22 16:53:00] PROGRESS format=legacy_scene_graph [2/11] format_est=100.0% overall_est=18.2% prompt_rows=1431/40
[2026-07-22 16:53:55] PROGRESS format=legacy_scene_graph [2/11] format_est=100.0% overall_est=18.2% prompt_rows=1441/40
[2026-07-22 16:54:55] PROGRESS format=legacy_scene_graph [2/11] format_est=100.0% overall_est=18.2% prompt_rows=1441/40
[2026-07-22 16:55:15] PROGRESS format=legacy_scene_graph [2/11] format_est=100.0% overall_est=18.2% prompt_rows=1451/40
[2026-07-22 16:56:16] PROGRESS format=legacy_scene_graph [2/11] format_est=100.0% overall_est=18.2% prompt_rows=1451/40
[2026-07-22 16:56:41] PROGRESS format=legacy_scene_graph [2/11] format_est=100.0% overall_est=18.2% prompt_rows=1460/40
[2026-07-22 16:56:46] PROGRESS format=legacy_scene_graph [2/11] format_est=100.0% overall_est=18.2% prompt_rows=1461/40
[2026-07-22 16:57:41] PROGRESS format=legacy_scene_graph [2/11] format_est=100.0% overall_est=18.2% prompt_rows=1466/40
[2026-07-22 16:57:46] PROGRESS format=legacy_scene_graph [2/11] format_est=100.0% overall_est=18.2% prompt_rows=1471/40
[2026-07-22 16:58:47] PROGRESS format=legacy_scene_graph [2/11] format_est=100.0% overall_est=18.2% prompt_rows=1471/40
[2026-07-22 16:59:02] PROGRESS format=legacy_scene_graph [2/11] format_est=100.0% overall_est=18.2% prompt_rows=1477/40
[2026-07-22 16:59:07] PROGRESS format=legacy_scene_graph [2/11] format_est=100.0% overall_est=18.2% prompt_rows=1481/40
[2026-07-22 17:00:07] PROGRESS format=legacy_scene_graph [2/11] format_est=100.0% overall_est=18.2% prompt_rows=1481/40
[2026-07-22 17:00:53] PROGRESS format=legacy_scene_graph [2/11] format_est=100.0% overall_est=18.2% prompt_rows=1482/40
[2026-07-22 17:00:58] PROGRESS format=legacy_scene_graph [2/11] format_est=100.0% overall_est=18.2% prompt_rows=1491/40
[2026-07-22 17:01:58] PROGRESS format=legacy_scene_graph [2/11] format_est=100.0% overall_est=18.2% prompt_rows=1491/40
[2026-07-22 17:02:59] PROGRESS format=legacy_scene_graph [2/11] format_est=100.0% overall_est=18.2% prompt_rows=1491/40
[2026-07-22 17:03:29] PROGRESS format=legacy_scene_graph [2/11] format_est=100.0% overall_est=18.2% prompt_rows=1499/40
[2026-07-22 17:03:34] PROGRESS format=legacy_scene_graph [2/11] format_est=100.0% overall_est=18.2% prompt_rows=1501/40
[2026-07-22 17:04:34] PROGRESS format=legacy_scene_graph [2/11] format_est=100.0% overall_est=18.2% prompt_rows=1501/40
[2026-07-22 17:05:35] PROGRESS format=legacy_scene_graph [2/11] format_est=100.0% overall_est=18.2% prompt_rows=1502/40
[2026-07-22 17:05:40] PROGRESS format=legacy_scene_graph [2/11] format_est=100.0% overall_est=18.2% prompt_rows=1511/40
[2026-07-22 17:06:40] PROGRESS format=legacy_scene_graph [2/11] format_est=100.0% overall_est=18.2% prompt_rows=1511/40
[2026-07-22 17:07:31] PROGRESS format=legacy_scene_graph [2/11] format_est=100.0% overall_est=18.2% prompt_rows=1515/40
[2026-07-22 17:07:36] PROGRESS format=legacy_scene_graph [2/11] format_est=100.0% overall_est=18.2% prompt_rows=1521/40
[2026-07-22 17:08:36] PROGRESS format=legacy_scene_graph [2/11] format_est=100.0% overall_est=18.2% prompt_rows=1521/40
[2026-07-22 17:09:36] PROGRESS format=legacy_scene_graph [2/11] format_est=100.0% overall_est=18.2% prompt_rows=1527/40
[2026-07-22 17:09:42] PROGRESS format=legacy_scene_graph [2/11] format_est=100.0% overall_est=18.2% prompt_rows=1531/40
[2026-07-22 17:10:42] PROGRESS format=legacy_scene_graph [2/11] format_est=100.0% overall_est=18.2% prompt_rows=1531/40
[2026-07-22 17:11:42] PROGRESS format=legacy_scene_graph [2/11] format_est=100.0% overall_est=18.2% prompt_rows=1531/40
[2026-07-22 17:11:52] PROGRESS format=legacy_scene_graph [2/11] format_est=100.0% overall_est=18.2% prompt_rows=1533/40
[2026-07-22 17:11:58] PROGRESS format=legacy_scene_graph [2/11] format_est=100.0% overall_est=18.2% prompt_rows=1540/40
[2026-07-22 17:12:03] PROGRESS format=legacy_scene_graph [2/11] format_est=100.0% overall_est=18.2% prompt_rows=1541/40
[2026-07-22 17:13:03] PROGRESS format=legacy_scene_graph [2/11] format_est=100.0% overall_est=18.2% prompt_rows=1541/40
[2026-07-22 17:14:04] PROGRESS format=legacy_scene_graph [2/11] format_est=100.0% overall_est=18.2% prompt_rows=1545/40
[2026-07-22 17:14:09] PROGRESS format=legacy_scene_graph [2/11] format_est=100.0% overall_est=18.2% prompt_rows=1551/40
[2026-07-22 17:15:09] PROGRESS format=legacy_scene_graph [2/11] format_est=100.0% overall_est=18.2% prompt_rows=1551/40
[2026-07-22 17:15:59] PROGRESS format=legacy_scene_graph [2/11] format_est=100.0% overall_est=18.2% prompt_rows=1555/40
[2026-07-22 17:16:05] PROGRESS format=legacy_scene_graph [2/11] format_est=100.0% overall_est=18.2% prompt_rows=1561/40
[2026-07-22 17:17:05] PROGRESS format=legacy_scene_graph [2/11] format_est=100.0% overall_est=18.2% prompt_rows=1561/40
[2026-07-22 17:18:06] PROGRESS format=legacy_scene_graph [2/11] format_est=100.0% overall_est=18.2% prompt_rows=1561/40
[2026-07-22 17:18:11] PROGRESS format=legacy_scene_graph [2/11] format_est=100.0% overall_est=18.2% prompt_rows=1567/40
[2026-07-22 17:18:16] PROGRESS format=legacy_scene_graph [2/11] format_est=100.0% overall_est=18.2% prompt_rows=1571/40
[2026-07-22 17:19:16] PROGRESS format=legacy_scene_graph [2/11] format_est=100.0% overall_est=18.2% prompt_rows=1571/40
[2026-07-22 17:19:36] PROGRESS format=legacy_scene_graph [2/11] format_est=100.0% overall_est=18.2% prompt_rows=1581/40
[2026-07-22 17:20:37] PROGRESS format=legacy_scene_graph [2/11] format_est=100.0% overall_est=18.2% prompt_rows=1581/40
[2026-07-22 17:21:02] PROGRESS format=legacy_scene_graph [2/11] format_est=100.0% overall_est=18.2% prompt_rows=1586/40
[2026-07-22 17:21:07] PROGRESS format=legacy_scene_graph [2/11] format_est=100.0% overall_est=18.2% prompt_rows=1591/40
[2026-07-22 17:22:07] PROGRESS format=legacy_scene_graph [2/11] format_est=100.0% overall_est=18.2% prompt_rows=1591/40
[2026-07-22 17:22:22] PROGRESS format=legacy_scene_graph [2/11] format_est=100.0% overall_est=18.2% prompt_rows=1596/40
[2026-07-22 17:22:27] PROGRESS format=legacy_scene_graph [2/11] format_est=100.0% overall_est=18.2% prompt_rows=1601/40
[2026-07-22 17:23:28] PROGRESS format=legacy_scene_graph [2/11] format_est=100.0% overall_est=18.2% prompt_rows=1601/40
[2026-07-22 17:23:53] PROGRESS format=legacy_scene_graph [2/11] format_est=100.0% overall_est=18.2% prompt_rows=1610/40
[2026-07-22 17:23:58] PROGRESS format=legacy_scene_graph [2/11] format_est=100.0% overall_est=18.2% prompt_rows=1611/40
[2026-07-22 17:24:59] PROGRESS format=legacy_scene_graph [2/11] format_est=100.0% overall_est=18.2% prompt_rows=1611/40
[2026-07-22 17:25:59] PROGRESS format=legacy_scene_graph [2/11] format_est=100.0% overall_est=18.2% prompt_rows=1611/40
[2026-07-22 17:27:00] PROGRESS format=legacy_scene_graph [2/11] format_est=100.0% overall_est=18.2% prompt_rows=1611/40
[2026-07-22 17:27:05] PROGRESS format=legacy_scene_graph [2/11] format_est=100.0% overall_est=18.2% prompt_rows=1616/40
[2026-07-22 17:27:10] PROGRESS format=legacy_scene_graph [2/11] format_est=100.0% overall_est=18.2% prompt_rows=1621/40
[2026-07-22 17:28:11] PROGRESS format=legacy_scene_graph [2/11] format_est=100.0% overall_est=18.2% prompt_rows=1621/40
[2026-07-22 17:29:01] PROGRESS format=legacy_scene_graph [2/11] format_est=100.0% overall_est=18.2% prompt_rows=1626/40
[2026-07-22 17:29:06] PROGRESS format=legacy_scene_graph [2/11] format_est=100.0% overall_est=18.2% prompt_rows=1631/40
[2026-07-22 17:30:07] PROGRESS format=legacy_scene_graph [2/11] format_est=100.0% overall_est=18.2% prompt_rows=1631/40
[2026-07-22 17:30:37] PROGRESS format=legacy_scene_graph [2/11] format_est=100.0% overall_est=18.2% prompt_rows=1636/40
[2026-07-22 17:30:42] PROGRESS format=legacy_scene_graph [2/11] format_est=100.0% overall_est=18.2% prompt_rows=1641/40
[2026-07-22 17:31:42] PROGRESS format=legacy_scene_graph [2/11] format_est=100.0% overall_est=18.2% prompt_rows=1641/40
[2026-07-22 17:32:18] PROGRESS format=legacy_scene_graph [2/11] format_est=100.0% overall_est=18.2% prompt_rows=1642/40
[2026-07-22 17:32:23] PROGRESS format=legacy_scene_graph [2/11] format_est=100.0% overall_est=18.2% prompt_rows=1650/40
[2026-07-22 17:32:28] PROGRESS format=legacy_scene_graph [2/11] format_est=100.0% overall_est=18.2% prompt_rows=1651/40
[2026-07-22 17:33:28] PROGRESS format=legacy_scene_graph [2/11] format_est=100.0% overall_est=18.2% prompt_rows=1651/40
[2026-07-22 17:34:04] PROGRESS format=legacy_scene_graph [2/11] format_est=100.0% overall_est=18.2% prompt_rows=1657/40
[2026-07-22 17:34:09] PROGRESS format=legacy_scene_graph [2/11] format_est=100.0% overall_est=18.2% prompt_rows=1661/40
[2026-07-22 17:35:09] PROGRESS format=legacy_scene_graph [2/11] format_est=100.0% overall_est=18.2% prompt_rows=1661/40
[2026-07-22 17:35:39] PROGRESS format=legacy_scene_graph [2/11] format_est=100.0% overall_est=18.2% prompt_rows=1662/40
[2026-07-22 17:35:44] PROGRESS format=legacy_scene_graph [2/11] format_est=100.0% overall_est=18.2% prompt_rows=1671/40
[2026-07-22 17:36:45] PROGRESS format=legacy_scene_graph [2/11] format_est=100.0% overall_est=18.2% prompt_rows=1671/40
[2026-07-22 17:37:05] PROGRESS format=legacy_scene_graph [2/11] format_est=100.0% overall_est=18.2% prompt_rows=1673/40
[2026-07-22 17:37:10] PROGRESS format=legacy_scene_graph [2/11] format_est=100.0% overall_est=18.2% prompt_rows=1680/40
[2026-07-22 17:37:30] PROGRESS format=legacy_scene_graph [2/11] format_est=100.0% overall_est=18.2% prompt_rows=1681/40
[2026-07-22 17:38:31] PROGRESS format=legacy_scene_graph [2/11] format_est=100.0% overall_est=18.2% prompt_rows=1681/40
[2026-07-22 17:38:46] PROGRESS format=legacy_scene_graph [2/11] format_est=100.0% overall_est=18.2% prompt_rows=1690/40
[2026-07-22 17:38:51] PROGRESS format=legacy_scene_graph [2/11] format_est=100.0% overall_est=18.2% prompt_rows=1691/40
[2026-07-22 17:39:51] PROGRESS format=legacy_scene_graph [2/11] format_est=100.0% overall_est=18.2% prompt_rows=1691/40
[2026-07-22 17:40:26] PROGRESS format=legacy_scene_graph [2/11] format_est=100.0% overall_est=18.2% prompt_rows=1696/40
[2026-07-22 17:40:31] PROGRESS format=legacy_scene_graph [2/11] format_est=100.0% overall_est=18.2% prompt_rows=1701/40
[2026-07-22 17:41:32] PROGRESS format=legacy_scene_graph [2/11] format_est=100.0% overall_est=18.2% prompt_rows=1701/40
[2026-07-22 17:42:12] PROGRESS format=legacy_scene_graph [2/11] format_est=100.0% overall_est=18.2% prompt_rows=1707/40
[2026-07-22 17:42:17] PROGRESS format=legacy_scene_graph [2/11] format_est=100.0% overall_est=18.2% prompt_rows=1711/40
[2026-07-22 17:43:18] PROGRESS format=legacy_scene_graph [2/11] format_est=100.0% overall_est=18.2% prompt_rows=1711/40
[2026-07-22 17:44:19] PROGRESS format=legacy_scene_graph [2/11] format_est=100.0% overall_est=18.2% prompt_rows=1711/40
[2026-07-22 17:44:44] PROGRESS format=legacy_scene_graph [2/11] format_est=100.0% overall_est=18.2% prompt_rows=1721/40
[2026-07-22 17:45:44] PROGRESS format=legacy_scene_graph [2/11] format_est=100.0% overall_est=18.2% prompt_rows=1721/40
[2026-07-22 17:46:09] PROGRESS format=legacy_scene_graph [2/11] format_est=100.0% overall_est=18.2% prompt_rows=1731/40
[2026-07-22 17:47:10] PROGRESS format=legacy_scene_graph [2/11] format_est=100.0% overall_est=18.2% prompt_rows=1731/40
[2026-07-22 17:47:50] PROGRESS format=legacy_scene_graph [2/11] format_est=100.0% overall_est=18.2% prompt_rows=1734/40
[2026-07-22 17:47:55] PROGRESS format=legacy_scene_graph [2/11] format_est=100.0% overall_est=18.2% prompt_rows=1741/40
[2026-07-22 17:48:56] PROGRESS format=legacy_scene_graph [2/11] format_est=100.0% overall_est=18.2% prompt_rows=1741/40
[2026-07-22 17:49:51] PROGRESS format=legacy_scene_graph [2/11] format_est=100.0% overall_est=18.2% prompt_rows=1748/40
[2026-07-22 17:49:56] PROGRESS format=legacy_scene_graph [2/11] format_est=100.0% overall_est=18.2% prompt_rows=1751/40
[2026-07-22 17:50:57] PROGRESS format=legacy_scene_graph [2/11] format_est=100.0% overall_est=18.2% prompt_rows=1751/40
[2026-07-22 17:51:47] PROGRESS format=legacy_scene_graph [2/11] format_est=100.0% overall_est=18.2% prompt_rows=1756/40
[2026-07-22 17:51:52] PROGRESS format=legacy_scene_graph [2/11] format_est=100.0% overall_est=18.2% prompt_rows=1761/40
[2026-07-22 17:52:53] PROGRESS format=legacy_scene_graph [2/11] format_est=100.0% overall_est=18.2% prompt_rows=1761/40
[2026-07-22 17:53:13] PROGRESS format=legacy_scene_graph [2/11] format_est=100.0% overall_est=18.2% prompt_rows=1771/40
[2026-07-22 17:54:13] PROGRESS format=legacy_scene_graph [2/11] format_est=100.0% overall_est=18.2% prompt_rows=1771/40
[2026-07-22 17:54:48] PROGRESS format=legacy_scene_graph [2/11] format_est=100.0% overall_est=18.2% prompt_rows=1779/40
[2026-07-22 17:54:53] PROGRESS format=legacy_scene_graph [2/11] format_est=100.0% overall_est=18.2% prompt_rows=1781/40
[2026-07-22 17:55:54] PROGRESS format=legacy_scene_graph [2/11] format_est=100.0% overall_est=18.2% prompt_rows=1781/40
[2026-07-22 17:56:35] PROGRESS format=legacy_scene_graph [2/11] format_est=100.0% overall_est=18.2% prompt_rows=1783/40
[2026-07-22 17:56:40] PROGRESS format=legacy_scene_graph [2/11] format_est=100.0% overall_est=18.2% prompt_rows=1785/40
[2026-07-22 17:56:45] PROGRESS format=legacy_scene_graph [2/11] format_est=100.0% overall_est=18.2% prompt_rows=1786/40
[2026-07-22 17:56:51] PROGRESS format=legacy_scene_graph [2/11] format_est=100.0% overall_est=18.2% prompt_rows=1791/40
[2026-07-22 17:57:53] PROGRESS format=legacy_scene_graph [2/11] format_est=100.0% overall_est=18.2% prompt_rows=1791/40
[2026-07-22 17:58:56] PROGRESS format=legacy_scene_graph [2/11] format_est=100.0% overall_est=18.2% prompt_rows=1791/40
[2026-07-22 17:59:26] PROGRESS format=legacy_scene_graph [2/11] format_est=100.0% overall_est=18.2% prompt_rows=1792/40
[2026-07-22 17:59:31] PROGRESS format=legacy_scene_graph [2/11] format_est=100.0% overall_est=18.2% prompt_rows=1801/40
[2026-07-22 18:00:32] PROGRESS format=legacy_scene_graph [2/11] format_est=100.0% overall_est=18.2% prompt_rows=1811/40
[2026-07-22 18:01:32] PROGRESS format=legacy_scene_graph [2/11] format_est=100.0% overall_est=18.2% prompt_rows=1811/40
[2026-07-22 18:01:47] PROGRESS format=legacy_scene_graph [2/11] format_est=100.0% overall_est=18.2% prompt_rows=1821/40
[2026-07-22 18:02:48] PROGRESS format=legacy_scene_graph [2/11] format_est=100.0% overall_est=18.2% prompt_rows=1821/40
[2026-07-22 18:03:13] PROGRESS format=legacy_scene_graph [2/11] format_est=100.0% overall_est=18.2% prompt_rows=1822/40
[2026-07-22 18:03:18] PROGRESS format=legacy_scene_graph [2/11] format_est=100.0% overall_est=18.2% prompt_rows=1831/40
[2026-07-22 18:04:19] PROGRESS format=legacy_scene_graph [2/11] format_est=100.0% overall_est=18.2% prompt_rows=1831/40
[2026-07-22 18:05:19] PROGRESS format=legacy_scene_graph [2/11] format_est=100.0% overall_est=18.2% prompt_rows=1831/40
[2026-07-22 18:06:14] PROGRESS format=legacy_scene_graph [2/11] format_est=100.0% overall_est=18.2% prompt_rows=1832/40
[2026-07-22 18:06:20] PROGRESS format=legacy_scene_graph [2/11] format_est=100.0% overall_est=18.2% prompt_rows=1837/40
[2026-07-22 18:06:25] PROGRESS format=legacy_scene_graph [2/11] format_est=100.0% overall_est=18.2% prompt_rows=1841/40
[2026-07-22 18:07:25] PROGRESS format=legacy_scene_graph [2/11] format_est=100.0% overall_est=18.2% prompt_rows=1841/40
[2026-07-22 18:08:26] PROGRESS format=legacy_scene_graph [2/11] format_est=100.0% overall_est=18.2% prompt_rows=1841/40
[2026-07-22 18:09:26] PROGRESS format=legacy_scene_graph [2/11] format_est=100.0% overall_est=18.2% prompt_rows=1841/40
[2026-07-22 18:10:17] PROGRESS format=legacy_scene_graph [2/11] format_est=100.0% overall_est=18.2% prompt_rows=1844/40
[2026-07-22 18:10:22] PROGRESS format=legacy_scene_graph [2/11] format_est=100.0% overall_est=18.2% prompt_rows=1851/40
[2026-07-22 18:11:23] PROGRESS format=legacy_scene_graph [2/11] format_est=100.0% overall_est=18.2% prompt_rows=1851/40
[2026-07-22 18:12:23] PROGRESS format=legacy_scene_graph [2/11] format_est=100.0% overall_est=18.2% prompt_rows=1851/40
[2026-07-22 18:13:24] PROGRESS format=legacy_scene_graph [2/11] format_est=100.0% overall_est=18.2% prompt_rows=1851/40
[2026-07-22 18:14:25] PROGRESS format=legacy_scene_graph [2/11] format_est=100.0% overall_est=18.2% prompt_rows=1853/40
[2026-07-22 18:14:30] PROGRESS format=legacy_scene_graph [2/11] format_est=100.0% overall_est=18.2% prompt_rows=1858/40
[2026-07-22 18:14:35] PROGRESS format=legacy_scene_graph [2/11] format_est=100.0% overall_est=18.2% prompt_rows=1861/40
[2026-07-22 18:15:35] PROGRESS format=legacy_scene_graph [2/11] format_est=100.0% overall_est=18.2% prompt_rows=1861/40
[2026-07-22 18:16:26] PROGRESS format=legacy_scene_graph [2/11] format_est=100.0% overall_est=18.2% prompt_rows=1865/40
[2026-07-22 18:16:31] PROGRESS format=legacy_scene_graph [2/11] format_est=100.0% overall_est=18.2% prompt_rows=1871/40
[2026-07-22 18:17:31] PROGRESS format=legacy_scene_graph [2/11] format_est=100.0% overall_est=18.2% prompt_rows=1871/40
[2026-07-22 18:17:46] PROGRESS format=legacy_scene_graph [2/11] format_est=100.0% overall_est=18.2% prompt_rows=1876/40
[2026-07-22 18:17:52] PROGRESS format=legacy_scene_graph [2/11] format_est=100.0% overall_est=18.2% prompt_rows=1881/40
[2026-07-22 18:18:52] PROGRESS format=legacy_scene_graph [2/11] format_est=100.0% overall_est=18.2% prompt_rows=1881/40
[2026-07-22 18:19:12] PROGRESS format=legacy_scene_graph [2/11] format_est=100.0% overall_est=18.2% prompt_rows=1891/40
[2026-07-22 18:20:12] PROGRESS format=legacy_scene_graph [2/11] format_est=100.0% overall_est=18.2% prompt_rows=1891/40
[2026-07-22 18:20:17] PROGRESS format=legacy_scene_graph [2/11] format_est=100.0% overall_est=18.2% prompt_rows=1893/40
[2026-07-22 18:20:23] PROGRESS format=legacy_scene_graph [2/11] format_est=100.0% overall_est=18.2% prompt_rows=1901/40
[2026-07-22 18:21:23] PROGRESS format=legacy_scene_graph [2/11] format_est=100.0% overall_est=18.2% prompt_rows=1901/40
[2026-07-22 18:21:33] PROGRESS format=legacy_scene_graph [2/11] format_est=100.0% overall_est=18.2% prompt_rows=1904/40
[2026-07-22 18:21:38] PROGRESS format=legacy_scene_graph [2/11] format_est=100.0% overall_est=18.2% prompt_rows=1911/40
[2026-07-22 18:22:39] PROGRESS format=legacy_scene_graph [2/11] format_est=100.0% overall_est=18.2% prompt_rows=1911/40
[2026-07-22 18:22:54] PROGRESS format=legacy_scene_graph [2/11] format_est=100.0% overall_est=18.2% prompt_rows=1920/40
[2026-07-22 18:22:59] PROGRESS format=legacy_scene_graph [2/11] format_est=100.0% overall_est=18.2% prompt_rows=1921/40
[2026-07-22 18:23:59] PROGRESS format=legacy_scene_graph [2/11] format_est=100.0% overall_est=18.2% prompt_rows=1921/40
[2026-07-22 18:24:04] PROGRESS format=legacy_scene_graph [2/11] format_est=100.0% overall_est=18.2% prompt_rows=1922/40
[2026-07-22 18:24:09] PROGRESS format=legacy_scene_graph [2/11] format_est=100.0% overall_est=18.2% prompt_rows=1931/40
[2026-07-22 18:25:10] PROGRESS format=legacy_scene_graph [2/11] format_est=100.0% overall_est=18.2% prompt_rows=1931/40
[2026-07-22 18:25:20] PROGRESS format=legacy_scene_graph [2/11] format_est=100.0% overall_est=18.2% prompt_rows=1941/40
[2026-07-22 18:26:20] PROGRESS format=legacy_scene_graph [2/11] format_est=100.0% overall_est=18.2% prompt_rows=1941/40
[2026-07-22 18:26:35] PROGRESS format=legacy_scene_graph [2/11] format_est=100.0% overall_est=18.2% prompt_rows=1951/40
[2026-07-22 18:27:36] PROGRESS format=legacy_scene_graph [2/11] format_est=100.0% overall_est=18.2% prompt_rows=1951/40
[2026-07-22 18:27:46] PROGRESS format=legacy_scene_graph [2/11] format_est=100.0% overall_est=18.2% prompt_rows=1958/40
[2026-07-22 18:27:51] PROGRESS format=legacy_scene_graph [2/11] format_est=100.0% overall_est=18.2% prompt_rows=1960/40
[2026-07-22 18:28:01] PROGRESS format=legacy_scene_graph [2/11] format_est=100.0% overall_est=18.2% prompt_rows=1961/40
[2026-07-22 18:29:02] PROGRESS format=legacy_scene_graph [2/11] format_est=100.0% overall_est=18.2% prompt_rows=1961/40
[2026-07-22 18:29:12] PROGRESS format=legacy_scene_graph [2/11] format_est=100.0% overall_est=18.2% prompt_rows=1964/40
[2026-07-22 18:29:17] PROGRESS format=legacy_scene_graph [2/11] format_est=100.0% overall_est=18.2% prompt_rows=1971/40
[2026-07-22 18:30:17] PROGRESS format=legacy_scene_graph [2/11] format_est=100.0% overall_est=18.2% prompt_rows=1971/40
[2026-07-22 18:30:27] PROGRESS format=legacy_scene_graph [2/11] format_est=100.0% overall_est=18.2% prompt_rows=1978/40
[2026-07-22 18:30:32] PROGRESS format=legacy_scene_graph [2/11] format_est=100.0% overall_est=18.2% prompt_rows=1981/40
[2026-07-22 18:31:33] PROGRESS format=legacy_scene_graph [2/11] format_est=100.0% overall_est=18.2% prompt_rows=1981/40
[2026-07-22 18:31:38] PROGRESS format=legacy_scene_graph [2/11] format_est=100.0% overall_est=18.2% prompt_rows=1983/40
[2026-07-22 18:31:43] PROGRESS format=legacy_scene_graph [2/11] format_est=100.0% overall_est=18.2% prompt_rows=1991/40
[2026-07-22 18:32:43] PROGRESS format=legacy_scene_graph [2/11] format_est=100.0% overall_est=18.2% prompt_rows=1991/40
[2026-07-22 18:32:54] PROGRESS format=legacy_scene_graph [2/11] format_est=100.0% overall_est=18.2% prompt_rows=1999/40
[2026-07-22 18:32:59] PROGRESS format=legacy_scene_graph [2/11] format_est=100.0% overall_est=18.2% prompt_rows=2001/40
[2026-07-22 18:33:59] PROGRESS format=legacy_scene_graph [2/11] format_est=100.0% overall_est=18.2% prompt_rows=2001/40
[2026-07-22 18:34:04] PROGRESS format=legacy_scene_graph [2/11] format_est=100.0% overall_est=18.2% prompt_rows=2003/40
[2026-07-22 18:34:09] PROGRESS format=legacy_scene_graph [2/11] format_est=100.0% overall_est=18.2% prompt_rows=2011/40
[2026-07-22 18:35:10] PROGRESS format=legacy_scene_graph [2/11] format_est=100.0% overall_est=18.2% prompt_rows=2011/40
[2026-07-22 18:35:20] PROGRESS format=legacy_scene_graph [2/11] format_est=100.0% overall_est=18.2% prompt_rows=2015/40
[2026-07-22 18:35:25] PROGRESS format=legacy_scene_graph [2/11] format_est=100.0% overall_est=18.2% prompt_rows=2021/40
[2026-07-22 18:36:25] PROGRESS format=legacy_scene_graph [2/11] format_est=100.0% overall_est=18.2% prompt_rows=2021/40
[2026-07-22 18:36:35] PROGRESS format=legacy_scene_graph [2/11] format_est=100.0% overall_est=18.2% prompt_rows=2029/40
[2026-07-22 18:36:40] PROGRESS format=legacy_scene_graph [2/11] format_est=100.0% overall_est=18.2% prompt_rows=2031/40
[2026-07-22 18:37:41] PROGRESS format=legacy_scene_graph [2/11] format_est=100.0% overall_est=18.2% prompt_rows=2031/40
[2026-07-22 18:37:46] PROGRESS format=legacy_scene_graph [2/11] format_est=100.0% overall_est=18.2% prompt_rows=2035/40
[2026-07-22 18:37:51] PROGRESS format=legacy_scene_graph [2/11] format_est=100.0% overall_est=18.2% prompt_rows=2041/40
[2026-07-22 18:38:51] PROGRESS format=legacy_scene_graph [2/11] format_est=100.0% overall_est=18.2% prompt_rows=2041/40
[2026-07-22 18:39:01] PROGRESS format=legacy_scene_graph [2/11] format_est=100.0% overall_est=18.2% prompt_rows=2051/40
[2026-07-22 18:40:02] PROGRESS format=legacy_scene_graph [2/11] format_est=100.0% overall_est=18.2% prompt_rows=2051/40
[2026-07-22 18:40:12] PROGRESS format=legacy_scene_graph [2/11] format_est=100.0% overall_est=18.2% prompt_rows=2058/40
[2026-07-22 18:40:17] PROGRESS format=legacy_scene_graph [2/11] format_est=100.0% overall_est=18.2% prompt_rows=2061/40
[2026-07-22 18:41:18] PROGRESS format=legacy_scene_graph [2/11] format_est=100.0% overall_est=18.2% prompt_rows=2061/40
[2026-07-22 18:41:23] PROGRESS format=legacy_scene_graph [2/11] format_est=100.0% overall_est=18.2% prompt_rows=2066/40
[2026-07-22 18:41:28] PROGRESS format=legacy_scene_graph [2/11] format_est=100.0% overall_est=18.2% prompt_rows=2071/40
[2026-07-22 18:42:28] PROGRESS format=legacy_scene_graph [2/11] format_est=100.0% overall_est=18.2% prompt_rows=2071/40
[2026-07-22 18:42:33] PROGRESS format=legacy_scene_graph [2/11] format_est=100.0% overall_est=18.2% prompt_rows=2073/40
[2026-07-22 18:42:38] PROGRESS format=legacy_scene_graph [2/11] format_est=100.0% overall_est=18.2% prompt_rows=2081/40
[2026-07-22 18:43:39] PROGRESS format=legacy_scene_graph [2/11] format_est=100.0% overall_est=18.2% prompt_rows=2081/40
[2026-07-22 18:43:49] PROGRESS format=legacy_scene_graph [2/11] format_est=100.0% overall_est=18.2% prompt_rows=2087/40
[2026-07-22 18:43:54] PROGRESS format=legacy_scene_graph [2/11] format_est=100.0% overall_est=18.2% prompt_rows=2091/40
[2026-07-22 18:44:54] PROGRESS format=legacy_scene_graph [2/11] format_est=100.0% overall_est=18.2% prompt_rows=2091/40
[2026-07-22 18:45:04] PROGRESS format=legacy_scene_graph [2/11] format_est=100.0% overall_est=18.2% prompt_rows=2101/40
[2026-07-22 18:46:05] PROGRESS format=legacy_scene_graph [2/11] format_est=100.0% overall_est=18.2% prompt_rows=2101/40
[2026-07-22 18:46:15] PROGRESS format=legacy_scene_graph [2/11] format_est=100.0% overall_est=18.2% prompt_rows=2108/40
[2026-07-22 18:46:20] PROGRESS format=legacy_scene_graph [2/11] format_est=100.0% overall_est=18.2% prompt_rows=2111/40
[2026-07-22 18:47:20] PROGRESS format=legacy_scene_graph [2/11] format_est=100.0% overall_est=18.2% prompt_rows=2111/40
[2026-07-22 18:47:26] PROGRESS format=legacy_scene_graph [2/11] format_est=100.0% overall_est=18.2% prompt_rows=2114/40
[2026-07-22 18:47:31] PROGRESS format=legacy_scene_graph [2/11] format_est=100.0% overall_est=18.2% prompt_rows=2121/40
[2026-07-22 18:48:31] PROGRESS format=legacy_scene_graph [2/11] format_est=100.0% overall_est=18.2% prompt_rows=2121/40
[2026-07-22 18:48:41] PROGRESS format=legacy_scene_graph [2/11] format_est=100.0% overall_est=18.2% prompt_rows=2131/40
[2026-07-22 18:49:42] PROGRESS format=legacy_scene_graph [2/11] format_est=100.0% overall_est=18.2% prompt_rows=2131/40
[2026-07-22 18:49:52] PROGRESS format=legacy_scene_graph [2/11] format_est=100.0% overall_est=18.2% prompt_rows=2141/40
[2026-07-22 18:50:52] PROGRESS format=legacy_scene_graph [2/11] format_est=100.0% overall_est=18.2% prompt_rows=2141/40
[2026-07-22 18:51:02] PROGRESS format=legacy_scene_graph [2/11] format_est=100.0% overall_est=18.2% prompt_rows=2148/40
[2026-07-22 18:51:07] PROGRESS format=legacy_scene_graph [2/11] format_est=100.0% overall_est=18.2% prompt_rows=2151/40
[2026-07-22 18:52:08] PROGRESS format=legacy_scene_graph [2/11] format_est=100.0% overall_est=18.2% prompt_rows=2151/40
[2026-07-22 18:52:13] PROGRESS format=legacy_scene_graph [2/11] format_est=100.0% overall_est=18.2% prompt_rows=2152/40
[2026-07-22 18:52:18] PROGRESS format=legacy_scene_graph [2/11] format_est=100.0% overall_est=18.2% prompt_rows=2161/40
[2026-07-22 18:53:18] PROGRESS format=legacy_scene_graph [2/11] format_est=100.0% overall_est=18.2% prompt_rows=2161/40
[2026-07-22 18:53:33] PROGRESS format=legacy_scene_graph [2/11] format_est=100.0% overall_est=18.2% prompt_rows=2171/40
[2026-07-22 18:54:19] PROGRESS format=legacy_scene_graph [2/11] format_est=100.0% overall_est=18.2% prompt_rows=2178/40
[2026-07-22 18:54:24] PROGRESS format=legacy_scene_graph [2/11] format_est=100.0% overall_est=18.2% prompt_rows=2181/40
[2026-07-22 18:55:09] PROGRESS format=legacy_scene_graph [2/11] format_est=100.0% overall_est=18.2% prompt_rows=2191/40
[2026-07-22 18:55:54] PROGRESS format=legacy_scene_graph [2/11] format_est=100.0% overall_est=18.2% prompt_rows=2193/40
[2026-07-22 18:55:59] PROGRESS format=legacy_scene_graph [2/11] format_est=100.0% overall_est=18.2% prompt_rows=2201/40
[2026-07-22 18:56:44] PROGRESS format=legacy_scene_graph [2/11] format_est=100.0% overall_est=18.2% prompt_rows=2211/40
[2026-07-22 18:57:30] PROGRESS format=legacy_scene_graph [2/11] format_est=100.0% overall_est=18.2% prompt_rows=2219/40
[2026-07-22 18:57:35] PROGRESS format=legacy_scene_graph [2/11] format_est=100.0% overall_est=18.2% prompt_rows=2221/40
[2026-07-22 18:58:20] PROGRESS format=legacy_scene_graph [2/11] format_est=100.0% overall_est=18.2% prompt_rows=2231/40
[2026-07-22 18:59:05] PROGRESS format=legacy_scene_graph [2/11] format_est=100.0% overall_est=18.2% prompt_rows=2240/40
[2026-07-22 18:59:15] PROGRESS format=legacy_scene_graph [2/11] format_est=100.0% overall_est=18.2% prompt_rows=2241/40
[2026-07-22 18:59:56] PROGRESS format=legacy_scene_graph [2/11] format_est=100.0% overall_est=18.2% prompt_rows=2246/40
[2026-07-22 19:00:01] PROGRESS format=legacy_scene_graph [2/11] format_est=100.0% overall_est=18.2% prompt_rows=2251/40
[2026-07-22 19:00:46] PROGRESS format=legacy_scene_graph [2/11] format_est=100.0% overall_est=18.2% prompt_rows=2261/40
[2026-07-22 19:01:36] PROGRESS format=legacy_scene_graph [2/11] format_est=100.0% overall_est=18.2% prompt_rows=2271/40
[2026-07-22 19:02:21] PROGRESS format=legacy_scene_graph [2/11] format_est=100.0% overall_est=18.2% prompt_rows=2280/40
[2026-07-22 19:02:26] PROGRESS format=legacy_scene_graph [2/11] format_est=100.0% overall_est=18.2% prompt_rows=2281/40
[2026-07-22 19:03:07] PROGRESS format=legacy_scene_graph [2/11] format_est=100.0% overall_est=18.2% prompt_rows=2284/40
[2026-07-22 19:03:12] PROGRESS format=legacy_scene_graph [2/11] format_est=100.0% overall_est=18.2% prompt_rows=2291/40
[2026-07-22 19:03:57] PROGRESS format=legacy_scene_graph [2/11] format_est=100.0% overall_est=18.2% prompt_rows=2294/40
[2026-07-22 19:04:02] PROGRESS format=legacy_scene_graph [2/11] format_est=100.0% overall_est=18.2% prompt_rows=2301/40
[2026-07-22 19:04:52] PROGRESS format=legacy_scene_graph [2/11] format_est=100.0% overall_est=18.2% prompt_rows=2306/40
[2026-07-22 19:04:57] PROGRESS format=legacy_scene_graph [2/11] format_est=100.0% overall_est=18.2% prompt_rows=2311/40
[2026-07-22 19:05:43] PROGRESS format=legacy_scene_graph [2/11] format_est=100.0% overall_est=18.2% prompt_rows=2317/40
[2026-07-22 19:05:48] PROGRESS format=legacy_scene_graph [2/11] format_est=100.0% overall_est=18.2% prompt_rows=2321/40
[2026-07-22 19:06:28] PROGRESS format=legacy_scene_graph [2/11] format_est=100.0% overall_est=18.2% prompt_rows=2322/40
[2026-07-22 19:06:33] PROGRESS format=legacy_scene_graph [2/11] format_est=100.0% overall_est=18.2% prompt_rows=2331/40
[2026-07-22 19:07:18] PROGRESS format=legacy_scene_graph [2/11] format_est=100.0% overall_est=18.2% prompt_rows=2341/40
[2026-07-22 19:08:04] PROGRESS format=legacy_scene_graph [2/11] format_est=100.0% overall_est=18.2% prompt_rows=2351/40
[2026-07-22 19:08:49] PROGRESS format=legacy_scene_graph [2/11] format_est=100.0% overall_est=18.2% prompt_rows=2361/40
[2026-07-22 19:09:34] PROGRESS format=legacy_scene_graph [2/11] format_est=100.0% overall_est=18.2% prompt_rows=2371/40
[2026-07-22 19:10:19] PROGRESS format=legacy_scene_graph [2/11] format_est=100.0% overall_est=18.2% prompt_rows=2381/40
[2026-07-22 19:11:04] PROGRESS format=legacy_scene_graph [2/11] format_est=100.0% overall_est=18.2% prompt_rows=2391/40
[2026-07-22 19:11:50] PROGRESS format=legacy_scene_graph [2/11] format_est=100.0% overall_est=18.2% prompt_rows=2401/40
[2026-07-22 19:12:35] PROGRESS format=legacy_scene_graph [2/11] format_est=100.0% overall_est=18.2% prompt_rows=2411/40
[2026-07-22 19:13:20] PROGRESS format=legacy_scene_graph [2/11] format_est=100.0% overall_est=18.2% prompt_rows=2419/40
[2026-07-22 19:13:25] PROGRESS format=legacy_scene_graph [2/11] format_est=100.0% overall_est=18.2% prompt_rows=2421/40
[2026-07-22 19:14:06] PROGRESS format=legacy_scene_graph [2/11] format_est=100.0% overall_est=18.2% prompt_rows=2423/40
[2026-07-22 19:14:11] PROGRESS format=legacy_scene_graph [2/11] format_est=100.0% overall_est=18.2% prompt_rows=2431/40
[2026-07-22 19:14:56] PROGRESS format=legacy_scene_graph [2/11] format_est=100.0% overall_est=18.2% prompt_rows=2441/40
[2026-07-22 19:15:41] PROGRESS format=legacy_scene_graph [2/11] format_est=100.0% overall_est=18.2% prompt_rows=2451/40
[2026-07-22 19:16:26] PROGRESS format=legacy_scene_graph [2/11] format_est=100.0% overall_est=18.2% prompt_rows=2461/40
[2026-07-22 19:17:12] PROGRESS format=legacy_scene_graph [2/11] format_est=100.0% overall_est=18.2% prompt_rows=2470/40
[2026-07-22 19:17:17] PROGRESS format=legacy_scene_graph [2/11] format_est=100.0% overall_est=18.2% prompt_rows=2471/40
[2026-07-22 19:17:57] PROGRESS format=legacy_scene_graph [2/11] format_est=100.0% overall_est=18.2% prompt_rows=2477/40
[2026-07-22 19:18:02] PROGRESS format=legacy_scene_graph [2/11] format_est=100.0% overall_est=18.2% prompt_rows=2481/40
[2026-07-22 19:18:42] PROGRESS format=legacy_scene_graph [2/11] format_est=100.0% overall_est=18.2% prompt_rows=2486/40
[2026-07-22 19:18:47] PROGRESS format=legacy_scene_graph [2/11] format_est=100.0% overall_est=18.2% prompt_rows=2491/40
[2026-07-22 19:19:27] PROGRESS format=legacy_scene_graph [2/11] format_est=100.0% overall_est=18.2% prompt_rows=2495/40
[2026-07-22 19:19:32] PROGRESS format=legacy_scene_graph [2/11] format_est=100.0% overall_est=18.2% prompt_rows=2501/40
[2026-07-22 19:20:18] PROGRESS format=legacy_scene_graph [2/11] format_est=100.0% overall_est=18.2% prompt_rows=2511/40
[2026-07-22 19:21:03] PROGRESS format=legacy_scene_graph [2/11] format_est=100.0% overall_est=18.2% prompt_rows=2520/40
[2026-07-22 19:21:08] PROGRESS format=legacy_scene_graph [2/11] format_est=100.0% overall_est=18.2% prompt_rows=2521/40
[2026-07-22 19:21:53] PROGRESS format=legacy_scene_graph [2/11] format_est=100.0% overall_est=18.2% prompt_rows=2531/40
[2026-07-22 19:22:39] PROGRESS format=legacy_scene_graph [2/11] format_est=100.0% overall_est=18.2% prompt_rows=2541/40
[2026-07-22 19:23:24] PROGRESS format=legacy_scene_graph [2/11] format_est=100.0% overall_est=18.2% prompt_rows=2551/40
[2026-07-22 19:24:09] PROGRESS format=legacy_scene_graph [2/11] format_est=100.0% overall_est=18.2% prompt_rows=2561/40
[2026-07-22 19:24:54] PROGRESS format=legacy_scene_graph [2/11] format_est=100.0% overall_est=18.2% prompt_rows=2571/40
[2026-07-22 19:25:40] PROGRESS format=legacy_scene_graph [2/11] format_est=100.0% overall_est=18.2% prompt_rows=2576/40
[2026-07-22 19:25:45] PROGRESS format=legacy_scene_graph [2/11] format_est=100.0% overall_est=18.2% prompt_rows=2581/40
[2026-07-22 19:26:30] PROGRESS format=legacy_scene_graph [2/11] format_est=100.0% overall_est=18.2% prompt_rows=2591/40
[2026-07-22 19:27:15] PROGRESS format=legacy_scene_graph [2/11] format_est=100.0% overall_est=18.2% prompt_rows=2601/40
[2026-07-22 19:28:00] PROGRESS format=legacy_scene_graph [2/11] format_est=100.0% overall_est=18.2% prompt_rows=2611/40
[2026-07-22 19:28:46] PROGRESS format=legacy_scene_graph [2/11] format_est=100.0% overall_est=18.2% prompt_rows=2620/40
[2026-07-22 19:28:51] PROGRESS format=legacy_scene_graph [2/11] format_est=100.0% overall_est=18.2% prompt_rows=2621/40
[2026-07-22 19:29:31] PROGRESS format=legacy_scene_graph [2/11] format_est=100.0% overall_est=18.2% prompt_rows=2628/40
[2026-07-22 19:29:36] PROGRESS format=legacy_scene_graph [2/11] format_est=100.0% overall_est=18.2% prompt_rows=2631/40
[2026-07-22 19:30:16] PROGRESS format=legacy_scene_graph [2/11] format_est=100.0% overall_est=18.2% prompt_rows=2638/40
[2026-07-22 19:30:21] PROGRESS format=legacy_scene_graph [2/11] format_est=100.0% overall_est=18.2% prompt_rows=2641/40
[2026-07-22 19:31:01] PROGRESS format=legacy_scene_graph [2/11] format_est=100.0% overall_est=18.2% prompt_rows=2647/40
[2026-07-22 19:31:07] PROGRESS format=legacy_scene_graph [2/11] format_est=100.0% overall_est=18.2% prompt_rows=2651/40
[2026-07-22 19:31:47] PROGRESS format=legacy_scene_graph [2/11] format_est=100.0% overall_est=18.2% prompt_rows=2657/40
[2026-07-22 19:31:52] PROGRESS format=legacy_scene_graph [2/11] format_est=100.0% overall_est=18.2% prompt_rows=2661/40
[2026-07-22 19:32:32] PROGRESS format=legacy_scene_graph [2/11] format_est=100.0% overall_est=18.2% prompt_rows=2663/40
[2026-07-22 19:32:37] PROGRESS format=legacy_scene_graph [2/11] format_est=100.0% overall_est=18.2% prompt_rows=2671/40
[2026-07-22 19:33:17] PROGRESS format=legacy_scene_graph [2/11] format_est=100.0% overall_est=18.2% prompt_rows=2673/40
[2026-07-22 19:33:22] PROGRESS format=legacy_scene_graph [2/11] format_est=100.0% overall_est=18.2% prompt_rows=2681/40
[2026-07-22 19:34:08] PROGRESS format=legacy_scene_graph [2/11] format_est=100.0% overall_est=18.2% prompt_rows=2691/40
[2026-07-22 19:34:53] PROGRESS format=legacy_scene_graph [2/11] format_est=100.0% overall_est=18.2% prompt_rows=2701/40
[2026-07-22 19:35:38] PROGRESS format=legacy_scene_graph [2/11] format_est=100.0% overall_est=18.2% prompt_rows=2711/40
[2026-07-22 19:36:23] PROGRESS format=legacy_scene_graph [2/11] format_est=100.0% overall_est=18.2% prompt_rows=2721/40
[2026-07-22 19:37:09] PROGRESS format=legacy_scene_graph [2/11] format_est=100.0% overall_est=18.2% prompt_rows=2729/40
[2026-07-22 19:37:14] PROGRESS format=legacy_scene_graph [2/11] format_est=100.0% overall_est=18.2% prompt_rows=2731/40
[2026-07-22 19:37:54] PROGRESS format=legacy_scene_graph [2/11] format_est=100.0% overall_est=18.2% prompt_rows=2739/40
[2026-07-22 19:37:59] PROGRESS format=legacy_scene_graph [2/11] format_est=100.0% overall_est=18.2% prompt_rows=2741/40
[2026-07-22 19:38:39] PROGRESS format=legacy_scene_graph [2/11] format_est=100.0% overall_est=18.2% prompt_rows=2748/40
[2026-07-22 19:38:44] PROGRESS format=legacy_scene_graph [2/11] format_est=100.0% overall_est=18.2% prompt_rows=2751/40
[2026-07-22 19:39:25] PROGRESS format=legacy_scene_graph [2/11] format_est=100.0% overall_est=18.2% prompt_rows=2755/40
[2026-07-22 19:39:30] PROGRESS format=legacy_scene_graph [2/11] format_est=100.0% overall_est=18.2% prompt_rows=2761/40
[2026-07-22 19:40:15] PROGRESS format=legacy_scene_graph [2/11] format_est=100.0% overall_est=18.2% prompt_rows=2771/40
[2026-07-22 19:41:00] PROGRESS format=legacy_scene_graph [2/11] format_est=100.0% overall_est=18.2% prompt_rows=2781/40
[2026-07-22 19:41:45] PROGRESS format=legacy_scene_graph [2/11] format_est=100.0% overall_est=18.2% prompt_rows=2791/40
[2026-07-22 19:42:31] PROGRESS format=legacy_scene_graph [2/11] format_est=100.0% overall_est=18.2% prompt_rows=2800/40
[2026-07-22 19:42:36] PROGRESS format=legacy_scene_graph [2/11] format_est=100.0% overall_est=18.2% prompt_rows=2801/40
[2026-07-22 19:43:21] PROGRESS format=legacy_scene_graph [2/11] format_est=100.0% overall_est=18.2% prompt_rows=2811/40
[2026-07-22 19:44:06] PROGRESS format=legacy_scene_graph [2/11] format_est=100.0% overall_est=18.2% prompt_rows=2821/40
[2026-07-22 19:44:52] PROGRESS format=legacy_scene_graph [2/11] format_est=100.0% overall_est=18.2% prompt_rows=2831/40
[2026-07-22 19:45:37] PROGRESS format=legacy_scene_graph [2/11] format_est=100.0% overall_est=18.2% prompt_rows=2841/40
[2026-07-22 19:46:22] PROGRESS format=legacy_scene_graph [2/11] format_est=100.0% overall_est=18.2% prompt_rows=2851/40
[2026-07-22 19:47:07] PROGRESS format=legacy_scene_graph [2/11] format_est=100.0% overall_est=18.2% prompt_rows=2856/40
[2026-07-22 19:47:12] PROGRESS format=legacy_scene_graph [2/11] format_est=100.0% overall_est=18.2% prompt_rows=2861/40
[2026-07-22 19:47:53] PROGRESS format=legacy_scene_graph [2/11] format_est=100.0% overall_est=18.2% prompt_rows=2863/40
[2026-07-22 19:47:58] PROGRESS format=legacy_scene_graph [2/11] format_est=100.0% overall_est=18.2% prompt_rows=2871/40
[2026-07-22 19:48:43] PROGRESS format=legacy_scene_graph [2/11] format_est=100.0% overall_est=18.2% prompt_rows=2881/40
[2026-07-22 19:49:28] PROGRESS format=legacy_scene_graph [2/11] format_est=100.0% overall_est=18.2% prompt_rows=2890/40
[2026-07-22 19:49:33] PROGRESS format=legacy_scene_graph [2/11] format_est=100.0% overall_est=18.2% prompt_rows=2891/40
[2026-07-22 19:50:19] PROGRESS format=legacy_scene_graph [2/11] format_est=100.0% overall_est=18.2% prompt_rows=2901/40
[2026-07-22 19:51:04] PROGRESS format=legacy_scene_graph [2/11] format_est=100.0% overall_est=18.2% prompt_rows=2909/40
[2026-07-22 19:51:09] PROGRESS format=legacy_scene_graph [2/11] format_est=100.0% overall_est=18.2% prompt_rows=2911/40
[2026-07-22 19:51:49] PROGRESS format=legacy_scene_graph [2/11] format_est=100.0% overall_est=18.2% prompt_rows=2916/40
[2026-07-22 19:51:54] PROGRESS format=legacy_scene_graph [2/11] format_est=100.0% overall_est=18.2% prompt_rows=2921/40
[2026-07-22 19:52:35] PROGRESS format=legacy_scene_graph [2/11] format_est=100.0% overall_est=18.2% prompt_rows=2924/40
[2026-07-22 19:52:40] PROGRESS format=legacy_scene_graph [2/11] format_est=100.0% overall_est=18.2% prompt_rows=2931/40
[2026-07-22 19:53:20] PROGRESS format=legacy_scene_graph [2/11] format_est=100.0% overall_est=18.2% prompt_rows=2934/40
[2026-07-22 19:53:25] PROGRESS format=legacy_scene_graph [2/11] format_est=100.0% overall_est=18.2% prompt_rows=2941/40
[2026-07-22 19:54:10] PROGRESS format=legacy_scene_graph [2/11] format_est=100.0% overall_est=18.2% prompt_rows=2950/40
[2026-07-22 19:54:15] PROGRESS format=legacy_scene_graph [2/11] format_est=100.0% overall_est=18.2% prompt_rows=2951/40
[2026-07-22 19:55:01] PROGRESS format=legacy_scene_graph [2/11] format_est=100.0% overall_est=18.2% prompt_rows=2959/40
[2026-07-22 19:55:06] PROGRESS format=legacy_scene_graph [2/11] format_est=100.0% overall_est=18.2% prompt_rows=2961/40
[2026-07-22 19:55:51] PROGRESS format=legacy_scene_graph [2/11] format_est=100.0% overall_est=18.2% prompt_rows=2971/40
[2026-07-22 19:56:36] PROGRESS format=legacy_scene_graph [2/11] format_est=100.0% overall_est=18.2% prompt_rows=2977/40
[2026-07-22 19:56:41] PROGRESS format=legacy_scene_graph [2/11] format_est=100.0% overall_est=18.2% prompt_rows=2981/40
[2026-07-22 19:57:22] PROGRESS format=legacy_scene_graph [2/11] format_est=100.0% overall_est=18.2% prompt_rows=2985/40
[2026-07-22 19:57:27] PROGRESS format=legacy_scene_graph [2/11] format_est=100.0% overall_est=18.2% prompt_rows=2991/40
[2026-07-22 19:58:07] PROGRESS format=legacy_scene_graph [2/11] format_est=100.0% overall_est=18.2% prompt_rows=2995/40
[2026-07-22 19:58:12] PROGRESS format=legacy_scene_graph [2/11] format_est=100.0% overall_est=18.2% prompt_rows=3001/40
[2026-07-22 19:58:52] PROGRESS format=legacy_scene_graph [2/11] format_est=100.0% overall_est=18.2% prompt_rows=3003/40
[2026-07-22 19:58:57] PROGRESS format=legacy_scene_graph [2/11] format_est=100.0% overall_est=18.2% prompt_rows=3011/40
[2026-07-22 19:59:38] PROGRESS format=legacy_scene_graph [2/11] format_est=100.0% overall_est=18.2% prompt_rows=3014/40
[2026-07-22 19:59:43] PROGRESS format=legacy_scene_graph [2/11] format_est=100.0% overall_est=18.2% prompt_rows=3021/40
[2026-07-22 20:00:23] PROGRESS format=legacy_scene_graph [2/11] format_est=100.0% overall_est=18.2% prompt_rows=3023/40
[2026-07-22 20:00:28] PROGRESS format=legacy_scene_graph [2/11] format_est=100.0% overall_est=18.2% prompt_rows=3031/40
[2026-07-22 20:01:08] PROGRESS format=legacy_scene_graph [2/11] format_est=100.0% overall_est=18.2% prompt_rows=3032/40
[2026-07-22 20:01:13] PROGRESS format=legacy_scene_graph [2/11] format_est=100.0% overall_est=18.2% prompt_rows=3041/40
[2026-07-22 20:01:59] PROGRESS format=legacy_scene_graph [2/11] format_est=100.0% overall_est=18.2% prompt_rows=3051/40
[2026-07-22 20:02:44] PROGRESS format=legacy_scene_graph [2/11] format_est=100.0% overall_est=18.2% prompt_rows=3061/40
[2026-07-22 20:03:29] PROGRESS format=legacy_scene_graph [2/11] format_est=100.0% overall_est=18.2% prompt_rows=3067/40
[2026-07-22 20:03:34] PROGRESS format=legacy_scene_graph [2/11] format_est=100.0% overall_est=18.2% prompt_rows=3071/40
[2026-07-22 20:04:14] PROGRESS format=legacy_scene_graph [2/11] format_est=100.0% overall_est=18.2% prompt_rows=3075/40
[2026-07-22 20:04:20] PROGRESS format=legacy_scene_graph [2/11] format_est=100.0% overall_est=18.2% prompt_rows=3081/40
[2026-07-22 20:05:05] PROGRESS format=legacy_scene_graph [2/11] format_est=100.0% overall_est=18.2% prompt_rows=3086/40
[2026-07-22 20:05:10] PROGRESS format=legacy_scene_graph [2/11] format_est=100.0% overall_est=18.2% prompt_rows=3091/40
[2026-07-22 20:05:55] PROGRESS format=legacy_scene_graph [2/11] format_est=100.0% overall_est=18.2% prompt_rows=3101/40
[2026-07-22 20:06:40] PROGRESS format=legacy_scene_graph [2/11] format_est=100.0% overall_est=18.2% prompt_rows=3111/40
[2026-07-22 20:07:26] PROGRESS format=legacy_scene_graph [2/11] format_est=100.0% overall_est=18.2% prompt_rows=3121/40
[2026-07-22 20:08:11] PROGRESS format=legacy_scene_graph [2/11] format_est=100.0% overall_est=18.2% prompt_rows=3129/40
[2026-07-22 20:08:16] PROGRESS format=legacy_scene_graph [2/11] format_est=100.0% overall_est=18.2% prompt_rows=3131/40
[2026-07-22 20:08:56] PROGRESS format=legacy_scene_graph [2/11] format_est=100.0% overall_est=18.2% prompt_rows=3135/40
[2026-07-22 20:09:01] PROGRESS format=legacy_scene_graph [2/11] format_est=100.0% overall_est=18.2% prompt_rows=3141/40
[2026-07-22 20:09:42] PROGRESS format=legacy_scene_graph [2/11] format_est=100.0% overall_est=18.2% prompt_rows=3146/40
[2026-07-22 20:09:47] PROGRESS format=legacy_scene_graph [2/11] format_est=100.0% overall_est=18.2% prompt_rows=3151/40
[2026-07-22 20:10:32] PROGRESS format=legacy_scene_graph [2/11] format_est=100.0% overall_est=18.2% prompt_rows=3161/40
[2026-07-22 20:11:17] PROGRESS format=legacy_scene_graph [2/11] format_est=100.0% overall_est=18.2% prompt_rows=3171/40
[2026-07-22 20:12:08] PROGRESS format=legacy_scene_graph [2/11] format_est=100.0% overall_est=18.2% prompt_rows=3181/40
[2026-07-22 20:12:53] PROGRESS format=legacy_scene_graph [2/11] format_est=100.0% overall_est=18.2% prompt_rows=3189/40
[2026-07-22 20:12:58] PROGRESS format=legacy_scene_graph [2/11] format_est=100.0% overall_est=18.2% prompt_rows=3191/40
[2026-07-22 20:13:44] PROGRESS format=legacy_scene_graph [2/11] format_est=100.0% overall_est=18.2% prompt_rows=3201/40
[2026-07-22 20:14:29] PROGRESS format=legacy_scene_graph [2/11] format_est=100.0% overall_est=18.2% prompt_rows=3203/40
[2026-07-22 20:14:34] PROGRESS format=legacy_scene_graph [2/11] format_est=100.0% overall_est=18.2% prompt_rows=3211/40
[2026-07-22 20:15:19] PROGRESS format=legacy_scene_graph [2/11] format_est=100.0% overall_est=18.2% prompt_rows=3221/40
[2026-07-22 20:16:05] PROGRESS format=legacy_scene_graph [2/11] format_est=100.0% overall_est=18.2% prompt_rows=3231/40
[2026-07-22 20:16:50] PROGRESS format=legacy_scene_graph [2/11] format_est=100.0% overall_est=18.2% prompt_rows=3241/40
[2026-07-22 20:17:35] PROGRESS format=legacy_scene_graph [2/11] format_est=100.0% overall_est=18.2% prompt_rows=3251/40
[2026-07-22 20:18:21] PROGRESS format=legacy_scene_graph [2/11] format_est=100.0% overall_est=18.2% prompt_rows=3261/40
[2026-07-22 20:19:06] PROGRESS format=legacy_scene_graph [2/11] format_est=100.0% overall_est=18.2% prompt_rows=3271/40
[2026-07-22 20:19:51] PROGRESS format=legacy_scene_graph [2/11] format_est=100.0% overall_est=18.2% prompt_rows=3280/40
[2026-07-22 20:19:56] PROGRESS format=legacy_scene_graph [2/11] format_est=100.0% overall_est=18.2% prompt_rows=3281/40
[2026-07-22 20:20:36] PROGRESS format=legacy_scene_graph [2/11] format_est=100.0% overall_est=18.2% prompt_rows=3287/40
[2026-07-22 20:20:41] PROGRESS format=legacy_scene_graph [2/11] format_est=100.0% overall_est=18.2% prompt_rows=3291/40
[2026-07-22 20:21:27] PROGRESS format=legacy_scene_graph [2/11] format_est=100.0% overall_est=18.2% prompt_rows=3301/40
[2026-07-22 20:22:12] PROGRESS format=legacy_scene_graph [2/11] format_est=100.0% overall_est=18.2% prompt_rows=3311/40
[2026-07-22 20:22:57] PROGRESS format=legacy_scene_graph [2/11] format_est=100.0% overall_est=18.2% prompt_rows=3319/40
[2026-07-22 20:23:02] PROGRESS format=legacy_scene_graph [2/11] format_est=100.0% overall_est=18.2% prompt_rows=3321/40
[2026-07-22 20:23:43] PROGRESS format=legacy_scene_graph [2/11] format_est=100.0% overall_est=18.2% prompt_rows=3326/40
[2026-07-22 20:23:48] PROGRESS format=legacy_scene_graph [2/11] format_est=100.0% overall_est=18.2% prompt_rows=3331/40
[2026-07-22 20:24:28] PROGRESS format=legacy_scene_graph [2/11] format_est=100.0% overall_est=18.2% prompt_rows=3333/40
[2026-07-22 20:24:33] PROGRESS format=legacy_scene_graph [2/11] format_est=100.0% overall_est=18.2% prompt_rows=3341/40
[2026-07-22 20:25:18] PROGRESS format=legacy_scene_graph [2/11] format_est=100.0% overall_est=18.2% prompt_rows=3351/40
[2026-07-22 20:26:04] PROGRESS format=legacy_scene_graph [2/11] format_est=100.0% overall_est=18.2% prompt_rows=3360/40
[2026-07-22 20:26:14] PROGRESS format=legacy_scene_graph [2/11] format_est=100.0% overall_est=18.2% prompt_rows=3361/40
[2026-07-22 20:26:54] PROGRESS format=legacy_scene_graph [2/11] format_est=100.0% overall_est=18.2% prompt_rows=3366/40
[2026-07-22 20:26:59] PROGRESS format=legacy_scene_graph [2/11] format_est=100.0% overall_est=18.2% prompt_rows=3371/40
[2026-07-22 20:27:44] PROGRESS format=legacy_scene_graph [2/11] format_est=100.0% overall_est=18.2% prompt_rows=3381/40
[2026-07-22 20:28:30] PROGRESS format=legacy_scene_graph [2/11] format_est=100.0% overall_est=18.2% prompt_rows=3391/40
[2026-07-22 20:29:15] PROGRESS format=legacy_scene_graph [2/11] format_est=100.0% overall_est=18.2% prompt_rows=3401/40
[2026-07-22 20:30:00] PROGRESS format=legacy_scene_graph [2/11] format_est=100.0% overall_est=18.2% prompt_rows=3408/40
[2026-07-22 20:30:05] PROGRESS format=legacy_scene_graph [2/11] format_est=100.0% overall_est=18.2% prompt_rows=3411/40
[2026-07-22 20:30:46] PROGRESS format=legacy_scene_graph [2/11] format_est=100.0% overall_est=18.2% prompt_rows=3414/40
[2026-07-22 20:30:51] PROGRESS format=legacy_scene_graph [2/11] format_est=100.0% overall_est=18.2% prompt_rows=3421/40
[2026-07-22 20:31:36] PROGRESS format=legacy_scene_graph [2/11] format_est=100.0% overall_est=18.2% prompt_rows=3431/40
[2026-07-22 20:32:21] PROGRESS format=legacy_scene_graph [2/11] format_est=100.0% overall_est=18.2% prompt_rows=3441/40
[2026-07-22 20:33:07] PROGRESS format=legacy_scene_graph [2/11] format_est=100.0% overall_est=18.2% prompt_rows=3451/40
[2026-07-22 20:33:52] PROGRESS format=legacy_scene_graph [2/11] format_est=100.0% overall_est=18.2% prompt_rows=3461/40
[2026-07-22 20:34:37] PROGRESS format=legacy_scene_graph [2/11] format_est=100.0% overall_est=18.2% prompt_rows=3471/40
[2026-07-22 20:35:23] PROGRESS format=legacy_scene_graph [2/11] format_est=100.0% overall_est=18.2% prompt_rows=3481/40
[2026-07-22 20:36:08] PROGRESS format=legacy_scene_graph [2/11] format_est=100.0% overall_est=18.2% prompt_rows=3491/40
[2026-07-22 20:36:53] PROGRESS format=legacy_scene_graph [2/11] format_est=100.0% overall_est=18.2% prompt_rows=3501/40
[2026-07-22 20:37:39] PROGRESS format=legacy_scene_graph [2/11] format_est=100.0% overall_est=18.2% prompt_rows=3511/40
[2026-07-22 20:38:24] PROGRESS format=legacy_scene_graph [2/11] format_est=100.0% overall_est=18.2% prompt_rows=3521/40
[2026-07-22 20:39:09] PROGRESS format=legacy_scene_graph [2/11] format_est=100.0% overall_est=18.2% prompt_rows=3531/40
[2026-07-22 20:39:55] PROGRESS format=legacy_scene_graph [2/11] format_est=100.0% overall_est=18.2% prompt_rows=3541/40
[2026-07-22 20:40:40] PROGRESS format=legacy_scene_graph [2/11] format_est=100.0% overall_est=18.2% prompt_rows=3551/40
[2026-07-22 20:41:25] PROGRESS format=legacy_scene_graph [2/11] format_est=100.0% overall_est=18.2% prompt_rows=3561/40
[2026-07-22 20:42:11] PROGRESS format=legacy_scene_graph [2/11] format_est=100.0% overall_est=18.2% prompt_rows=3571/40
[2026-07-22 20:42:56] PROGRESS format=legacy_scene_graph [2/11] format_est=100.0% overall_est=18.2% prompt_rows=3581/40
[2026-07-22 20:43:41] PROGRESS format=legacy_scene_graph [2/11] format_est=100.0% overall_est=18.2% prompt_rows=3589/40
[2026-07-22 20:43:46] PROGRESS format=legacy_scene_graph [2/11] format_est=100.0% overall_est=18.2% prompt_rows=3591/40
[2026-07-22 20:44:27] PROGRESS format=legacy_scene_graph [2/11] format_est=100.0% overall_est=18.2% prompt_rows=3599/40
[2026-07-22 20:44:32] PROGRESS format=legacy_scene_graph [2/11] format_est=100.0% overall_est=18.2% prompt_rows=3601/40
[2026-07-22 20:45:12] PROGRESS format=legacy_scene_graph [2/11] format_est=100.0% overall_est=18.2% prompt_rows=3607/40
[2026-07-22 20:45:17] PROGRESS format=legacy_scene_graph [2/11] format_est=100.0% overall_est=18.2% prompt_rows=3611/40
[2026-07-22 20:45:57] PROGRESS format=legacy_scene_graph [2/11] format_est=100.0% overall_est=18.2% prompt_rows=3616/40
[2026-07-22 20:46:02] PROGRESS format=legacy_scene_graph [2/11] format_est=100.0% overall_est=18.2% prompt_rows=3621/40
[2026-07-22 20:46:43] PROGRESS format=legacy_scene_graph [2/11] format_est=100.0% overall_est=18.2% prompt_rows=3626/40
[2026-07-22 20:46:48] PROGRESS format=legacy_scene_graph [2/11] format_est=100.0% overall_est=18.2% prompt_rows=3631/40
[2026-07-22 20:47:28] PROGRESS format=legacy_scene_graph [2/11] format_est=100.0% overall_est=18.2% prompt_rows=3635/40
[2026-07-22 20:47:33] PROGRESS format=legacy_scene_graph [2/11] format_est=100.0% overall_est=18.2% prompt_rows=3641/40
[2026-07-22 20:48:18] PROGRESS format=legacy_scene_graph [2/11] format_est=100.0% overall_est=18.2% prompt_rows=3651/40
[2026-07-22 20:49:04] PROGRESS format=legacy_scene_graph [2/11] format_est=100.0% overall_est=18.2% prompt_rows=3661/40
[2026-07-22 20:49:49] PROGRESS format=legacy_scene_graph [2/11] format_est=100.0% overall_est=18.2% prompt_rows=3671/40
[2026-07-22 20:50:34] PROGRESS format=legacy_scene_graph [2/11] format_est=100.0% overall_est=18.2% prompt_rows=3681/40
[2026-07-22 20:51:20] PROGRESS format=legacy_scene_graph [2/11] format_est=100.0% overall_est=18.2% prompt_rows=3691/40
[2026-07-22 20:52:05] PROGRESS format=legacy_scene_graph [2/11] format_est=100.0% overall_est=18.2% prompt_rows=3699/40
[2026-07-22 20:52:10] PROGRESS format=legacy_scene_graph [2/11] format_est=100.0% overall_est=18.2% prompt_rows=3701/40
[2026-07-22 20:52:50] PROGRESS format=legacy_scene_graph [2/11] format_est=100.0% overall_est=18.2% prompt_rows=3708/40
[2026-07-22 20:52:55] PROGRESS format=legacy_scene_graph [2/11] format_est=100.0% overall_est=18.2% prompt_rows=3711/40
[2026-07-22 20:53:36] PROGRESS format=legacy_scene_graph [2/11] format_est=100.0% overall_est=18.2% prompt_rows=3717/40
[2026-07-22 20:53:41] PROGRESS format=legacy_scene_graph [2/11] format_est=100.0% overall_est=18.2% prompt_rows=3721/40
[2026-07-22 20:54:21] PROGRESS format=legacy_scene_graph [2/11] format_est=100.0% overall_est=18.2% prompt_rows=3724/40
[2026-07-22 20:54:26] PROGRESS format=legacy_scene_graph [2/11] format_est=100.0% overall_est=18.2% prompt_rows=3731/40
[2026-07-22 20:55:06] PROGRESS format=legacy_scene_graph [2/11] format_est=100.0% overall_est=18.2% prompt_rows=3734/40
[2026-07-22 20:55:12] PROGRESS format=legacy_scene_graph [2/11] format_est=100.0% overall_est=18.2% prompt_rows=3741/40
[2026-07-22 20:55:52] PROGRESS format=legacy_scene_graph [2/11] format_est=100.0% overall_est=18.2% prompt_rows=3743/40
[2026-07-22 20:55:57] PROGRESS format=legacy_scene_graph [2/11] format_est=100.0% overall_est=18.2% prompt_rows=3751/40
[2026-07-22 20:56:42] PROGRESS format=legacy_scene_graph [2/11] format_est=100.0% overall_est=18.2% prompt_rows=3761/40
[2026-07-22 20:57:28] PROGRESS format=legacy_scene_graph [2/11] format_est=100.0% overall_est=18.2% prompt_rows=3771/40
[2026-07-22 20:58:13] PROGRESS format=legacy_scene_graph [2/11] format_est=100.0% overall_est=18.2% prompt_rows=3781/40
[2026-07-22 20:58:58] PROGRESS format=legacy_scene_graph [2/11] format_est=100.0% overall_est=18.2% prompt_rows=3791/40
[2026-07-22 20:59:43] PROGRESS format=legacy_scene_graph [2/11] format_est=100.0% overall_est=18.2% prompt_rows=3801/40
[2026-07-22 21:00:29] PROGRESS format=legacy_scene_graph [2/11] format_est=100.0% overall_est=18.2% prompt_rows=3811/40
[2026-07-22 21:01:14] PROGRESS format=legacy_scene_graph [2/11] format_est=100.0% overall_est=18.2% prompt_rows=3821/40
[2026-07-22 21:02:00] PROGRESS format=legacy_scene_graph [2/11] format_est=100.0% overall_est=18.2% prompt_rows=3831/40
[2026-07-22 21:02:45] PROGRESS format=legacy_scene_graph [2/11] format_est=100.0% overall_est=18.2% prompt_rows=3840/40
[2026-07-22 21:02:50] PROGRESS format=legacy_scene_graph [2/11] format_est=100.0% overall_est=18.2% prompt_rows=3841/40
[2026-07-22 21:03:30] PROGRESS format=legacy_scene_graph [2/11] format_est=100.0% overall_est=18.2% prompt_rows=3851/40
[2026-07-22 21:04:16] PROGRESS format=legacy_scene_graph [2/11] format_est=100.0% overall_est=18.2% prompt_rows=3859/40
[2026-07-22 21:04:21] PROGRESS format=legacy_scene_graph [2/11] format_est=100.0% overall_est=18.2% prompt_rows=3861/40
[2026-07-22 21:05:01] PROGRESS format=legacy_scene_graph [2/11] format_est=100.0% overall_est=18.2% prompt_rows=3866/40
[2026-07-22 21:05:06] PROGRESS format=legacy_scene_graph [2/11] format_est=100.0% overall_est=18.2% prompt_rows=3871/40
[2026-07-22 21:05:46] PROGRESS format=legacy_scene_graph [2/11] format_est=100.0% overall_est=18.2% prompt_rows=3873/40
[2026-07-22 21:05:51] PROGRESS format=legacy_scene_graph [2/11] format_est=100.0% overall_est=18.2% prompt_rows=3881/40
[2026-07-22 21:06:37] PROGRESS format=legacy_scene_graph [2/11] format_est=100.0% overall_est=18.2% prompt_rows=3891/40
[2026-07-22 21:07:22] PROGRESS format=legacy_scene_graph [2/11] format_est=100.0% overall_est=18.2% prompt_rows=3899/40
[2026-07-22 21:07:27] PROGRESS format=legacy_scene_graph [2/11] format_est=100.0% overall_est=18.2% prompt_rows=3901/40
[2026-07-22 21:08:07] PROGRESS format=legacy_scene_graph [2/11] format_est=100.0% overall_est=18.2% prompt_rows=3906/40
[2026-07-22 21:08:13] PROGRESS format=legacy_scene_graph [2/11] format_est=100.0% overall_est=18.2% prompt_rows=3911/40
[2026-07-22 21:08:53] PROGRESS format=legacy_scene_graph [2/11] format_est=100.0% overall_est=18.2% prompt_rows=3917/40
[2026-07-22 21:08:58] PROGRESS format=legacy_scene_graph [2/11] format_est=100.0% overall_est=18.2% prompt_rows=3921/40
[2026-07-22 21:09:43] PROGRESS format=legacy_scene_graph [2/11] format_est=100.0% overall_est=18.2% prompt_rows=3931/40
[2026-07-22 21:10:28] PROGRESS format=legacy_scene_graph [2/11] format_est=100.0% overall_est=18.2% prompt_rows=3941/40
[2026-07-22 21:11:14] PROGRESS format=legacy_scene_graph [2/11] format_est=100.0% overall_est=18.2% prompt_rows=3951/40
[2026-07-22 21:11:59] PROGRESS format=legacy_scene_graph [2/11] format_est=100.0% overall_est=18.2% prompt_rows=3958/40
[2026-07-22 21:12:04] PROGRESS format=legacy_scene_graph [2/11] format_est=100.0% overall_est=18.2% prompt_rows=3961/40
[2026-07-22 21:12:44] PROGRESS format=legacy_scene_graph [2/11] format_est=100.0% overall_est=18.2% prompt_rows=3967/40
[2026-07-22 21:12:50] PROGRESS format=legacy_scene_graph [2/11] format_est=100.0% overall_est=18.2% prompt_rows=3971/40
[2026-07-22 21:13:30] PROGRESS format=legacy_scene_graph [2/11] format_est=100.0% overall_est=18.2% prompt_rows=3977/40
[2026-07-22 21:13:35] PROGRESS format=legacy_scene_graph [2/11] format_est=100.0% overall_est=18.2% prompt_rows=3981/40
[2026-07-22 21:14:15] PROGRESS format=legacy_scene_graph [2/11] format_est=100.0% overall_est=18.2% prompt_rows=3985/40
[2026-07-22 21:14:20] PROGRESS format=legacy_scene_graph [2/11] format_est=100.0% overall_est=18.2% prompt_rows=3991/40
[2026-07-22 21:15:01] PROGRESS format=legacy_scene_graph [2/11] format_est=100.0% overall_est=18.2% prompt_rows=3994/40
[2026-07-22 21:15:06] PROGRESS format=legacy_scene_graph [2/11] format_est=100.0% overall_est=18.2% prompt_rows=4001/40
[2026-07-22 21:15:51] PROGRESS format=legacy_scene_graph [2/11] format_est=100.0% overall_est=18.2% prompt_rows=4011/40
[2026-07-22 21:16:36] PROGRESS format=legacy_scene_graph [2/11] format_est=100.0% overall_est=18.2% prompt_rows=4021/40
[2026-07-22 21:17:22] PROGRESS format=legacy_scene_graph [2/11] format_est=100.0% overall_est=18.2% prompt_rows=4031/40
[2026-07-22 21:18:07] PROGRESS format=legacy_scene_graph [2/11] format_est=100.0% overall_est=18.2% prompt_rows=4041/40
[2026-07-22 21:18:48] PROGRESS format=legacy_scene_graph [2/11] format_est=100.0% overall_est=18.2% prompt_rows=4042/40
[2026-07-22 21:18:53] PROGRESS format=legacy_scene_graph [2/11] format_est=100.0% overall_est=18.2% prompt_rows=4051/40
[2026-07-22 21:19:33] PROGRESS format=legacy_scene_graph [2/11] format_est=100.0% overall_est=18.2% prompt_rows=4052/40
[2026-07-22 21:19:38] PROGRESS format=legacy_scene_graph [2/11] format_est=100.0% overall_est=18.2% prompt_rows=4061/40
[2026-07-22 21:20:23] PROGRESS format=legacy_scene_graph [2/11] format_est=100.0% overall_est=18.2% prompt_rows=4071/40
[2026-07-22 21:21:09] PROGRESS format=legacy_scene_graph [2/11] format_est=100.0% overall_est=18.2% prompt_rows=4081/40
[2026-07-22 21:21:54] PROGRESS format=legacy_scene_graph [2/11] format_est=100.0% overall_est=18.2% prompt_rows=4091/40
[2026-07-22 21:22:40] PROGRESS format=legacy_scene_graph [2/11] format_est=100.0% overall_est=18.2% prompt_rows=4101/40
[2026-07-22 21:23:25] PROGRESS format=legacy_scene_graph [2/11] format_est=100.0% overall_est=18.2% prompt_rows=4111/40
[2026-07-22 21:24:10] PROGRESS format=legacy_scene_graph [2/11] format_est=100.0% overall_est=18.2% prompt_rows=4121/40
[2026-07-22 21:24:56] PROGRESS format=legacy_scene_graph [2/11] format_est=100.0% overall_est=18.2% prompt_rows=4131/40
[2026-07-22 21:25:41] PROGRESS format=legacy_scene_graph [2/11] format_est=100.0% overall_est=18.2% prompt_rows=4141/40
[2026-07-22 21:26:27] PROGRESS format=legacy_scene_graph [2/11] format_est=100.0% overall_est=18.2% prompt_rows=4151/40
[2026-07-22 21:27:12] PROGRESS format=legacy_scene_graph [2/11] format_est=100.0% overall_est=18.2% prompt_rows=4161/40
[2026-07-22 21:27:57] PROGRESS format=legacy_scene_graph [2/11] format_est=100.0% overall_est=18.2% prompt_rows=4171/40
[2026-07-22 21:28:43] PROGRESS format=legacy_scene_graph [2/11] format_est=100.0% overall_est=18.2% prompt_rows=4180/40
[2026-07-22 21:28:48] PROGRESS format=legacy_scene_graph [2/11] format_est=100.0% overall_est=18.2% prompt_rows=4181/40
[2026-07-22 21:29:28] PROGRESS format=legacy_scene_graph [2/11] format_est=100.0% overall_est=18.2% prompt_rows=4189/40
[2026-07-22 21:29:33] PROGRESS format=legacy_scene_graph [2/11] format_est=100.0% overall_est=18.2% prompt_rows=4191/40
[2026-07-22 21:30:14] PROGRESS format=legacy_scene_graph [2/11] format_est=100.0% overall_est=18.2% prompt_rows=4195/40
[2026-07-22 21:30:19] PROGRESS format=legacy_scene_graph [2/11] format_est=100.0% overall_est=18.2% prompt_rows=4201/40
[2026-07-22 21:31:04] PROGRESS format=legacy_scene_graph [2/11] format_est=100.0% overall_est=18.2% prompt_rows=4211/40
[2026-07-22 21:31:49] PROGRESS format=legacy_scene_graph [2/11] format_est=100.0% overall_est=18.2% prompt_rows=4217/40
[2026-07-22 21:31:55] PROGRESS format=legacy_scene_graph [2/11] format_est=100.0% overall_est=18.2% prompt_rows=4221/40
[2026-07-22 21:32:35] PROGRESS format=legacy_scene_graph [2/11] format_est=100.0% overall_est=18.2% prompt_rows=4225/40
[2026-07-22 21:32:40] PROGRESS format=legacy_scene_graph [2/11] format_est=100.0% overall_est=18.2% prompt_rows=4231/40
[2026-07-22 21:33:20] PROGRESS format=legacy_scene_graph [2/11] format_est=100.0% overall_est=18.2% prompt_rows=4232/40
[2026-07-22 21:33:25] PROGRESS format=legacy_scene_graph [2/11] format_est=100.0% overall_est=18.2% prompt_rows=4241/40
[2026-07-22 21:34:11] PROGRESS format=legacy_scene_graph [2/11] format_est=100.0% overall_est=18.2% prompt_rows=4251/40
[2026-07-22 21:34:56] PROGRESS format=legacy_scene_graph [2/11] format_est=100.0% overall_est=18.2% prompt_rows=4261/40
[2026-07-22 21:35:42] PROGRESS format=legacy_scene_graph [2/11] format_est=100.0% overall_est=18.2% prompt_rows=4271/40
[2026-07-22 21:36:27] PROGRESS format=legacy_scene_graph [2/11] format_est=100.0% overall_est=18.2% prompt_rows=4280/40
[2026-07-22 21:36:32] PROGRESS format=legacy_scene_graph [2/11] format_est=100.0% overall_est=18.2% prompt_rows=4281/40
[2026-07-22 21:37:12] PROGRESS format=legacy_scene_graph [2/11] format_est=100.0% overall_est=18.2% prompt_rows=4287/40
[2026-07-22 21:37:17] PROGRESS format=legacy_scene_graph [2/11] format_est=100.0% overall_est=18.2% prompt_rows=4291/40
[2026-07-22 21:37:58] PROGRESS format=legacy_scene_graph [2/11] format_est=100.0% overall_est=18.2% prompt_rows=4295/40
[2026-07-22 21:38:03] PROGRESS format=legacy_scene_graph [2/11] format_est=100.0% overall_est=18.2% prompt_rows=4301/40
[2026-07-22 21:38:43] PROGRESS format=legacy_scene_graph [2/11] format_est=100.0% overall_est=18.2% prompt_rows=4303/40
[2026-07-22 21:38:48] PROGRESS format=legacy_scene_graph [2/11] format_est=100.0% overall_est=18.2% prompt_rows=4311/40
[2026-07-22 21:39:34] PROGRESS format=legacy_scene_graph [2/11] format_est=100.0% overall_est=18.2% prompt_rows=4321/40
[2026-07-22 21:40:19] PROGRESS format=legacy_scene_graph [2/11] format_est=100.0% overall_est=18.2% prompt_rows=4331/40
[2026-07-22 21:41:04] PROGRESS format=legacy_scene_graph [2/11] format_est=100.0% overall_est=18.2% prompt_rows=4341/40
[2026-07-22 21:41:50] PROGRESS format=legacy_scene_graph [2/11] format_est=100.0% overall_est=18.2% prompt_rows=4351/40
[2026-07-22 21:42:35] PROGRESS format=legacy_scene_graph [2/11] format_est=100.0% overall_est=18.2% prompt_rows=4359/40
[2026-07-22 21:42:40] PROGRESS format=legacy_scene_graph [2/11] format_est=100.0% overall_est=18.2% prompt_rows=4361/40
[2026-07-22 21:43:20] PROGRESS format=legacy_scene_graph [2/11] format_est=100.0% overall_est=18.2% prompt_rows=4362/40
[2026-07-22 21:43:25] PROGRESS format=legacy_scene_graph [2/11] format_est=100.0% overall_est=18.2% prompt_rows=4371/40
[2026-07-22 21:44:11] PROGRESS format=legacy_scene_graph [2/11] format_est=100.0% overall_est=18.2% prompt_rows=4381/40
[2026-07-22 21:44:56] PROGRESS format=legacy_scene_graph [2/11] format_est=100.0% overall_est=18.2% prompt_rows=4391/40
[2026-07-22 21:45:42] PROGRESS format=legacy_scene_graph [2/11] format_est=100.0% overall_est=18.2% prompt_rows=4401/40
[2026-07-22 21:46:27] PROGRESS format=legacy_scene_graph [2/11] format_est=100.0% overall_est=18.2% prompt_rows=4409/40
[2026-07-22 21:46:32] PROGRESS format=legacy_scene_graph [2/11] format_est=100.0% overall_est=18.2% prompt_rows=4411/40
[2026-07-22 21:47:12] PROGRESS format=legacy_scene_graph [2/11] format_est=100.0% overall_est=18.2% prompt_rows=4416/40
[2026-07-22 21:47:17] PROGRESS format=legacy_scene_graph [2/11] format_est=100.0% overall_est=18.2% prompt_rows=4421/40
[2026-07-22 21:47:58] PROGRESS format=legacy_scene_graph [2/11] format_est=100.0% overall_est=18.2% prompt_rows=4423/40
[2026-07-22 21:48:03] PROGRESS format=legacy_scene_graph [2/11] format_est=100.0% overall_est=18.2% prompt_rows=4431/40
[2026-07-22 21:48:48] PROGRESS format=legacy_scene_graph [2/11] format_est=100.0% overall_est=18.2% prompt_rows=4441/40
[2026-07-22 21:49:34] PROGRESS format=legacy_scene_graph [2/11] format_est=100.0% overall_est=18.2% prompt_rows=4451/40
[2026-07-22 21:50:19] PROGRESS format=legacy_scene_graph [2/11] format_est=100.0% overall_est=18.2% prompt_rows=4461/40
[2026-07-22 21:51:05] PROGRESS format=legacy_scene_graph [2/11] format_est=100.0% overall_est=18.2% prompt_rows=4470/40
[2026-07-22 21:51:10] PROGRESS format=legacy_scene_graph [2/11] format_est=100.0% overall_est=18.2% prompt_rows=4471/40
[2026-07-22 21:51:50] PROGRESS format=legacy_scene_graph [2/11] format_est=100.0% overall_est=18.2% prompt_rows=4477/40
[2026-07-22 21:51:55] PROGRESS format=legacy_scene_graph [2/11] format_est=100.0% overall_est=18.2% prompt_rows=4480/40
[2026-07-22 21:52:00] PROGRESS format=legacy_scene_graph [2/11] format_est=100.0% overall_est=18.2% prompt_rows=4481/40
[2026-07-22 21:52:45] PROGRESS format=legacy_scene_graph [2/11] format_est=100.0% overall_est=18.2% prompt_rows=4491/40
[2026-07-22 21:53:31] PROGRESS format=legacy_scene_graph [2/11] format_est=100.0% overall_est=18.2% prompt_rows=4501/40
[2026-07-22 21:54:16] PROGRESS format=legacy_scene_graph [2/11] format_est=100.0% overall_est=18.2% prompt_rows=4509/40
[2026-07-22 21:54:21] PROGRESS format=legacy_scene_graph [2/11] format_est=100.0% overall_est=18.2% prompt_rows=4511/40
[2026-07-22 21:55:02] PROGRESS format=legacy_scene_graph [2/11] format_est=100.0% overall_est=18.2% prompt_rows=4515/40
[2026-07-22 21:55:07] PROGRESS format=legacy_scene_graph [2/11] format_est=100.0% overall_est=18.2% prompt_rows=4521/40
[2026-07-22 21:55:47] PROGRESS format=legacy_scene_graph [2/11] format_est=100.0% overall_est=18.2% prompt_rows=4522/40
[2026-07-22 21:55:52] PROGRESS format=legacy_scene_graph [2/11] format_est=100.0% overall_est=18.2% prompt_rows=4531/40
[2026-07-22 21:56:37] PROGRESS format=legacy_scene_graph [2/11] format_est=100.0% overall_est=18.2% prompt_rows=4541/40
[2026-07-22 21:57:23] PROGRESS format=legacy_scene_graph [2/11] format_est=100.0% overall_est=18.2% prompt_rows=4551/40
[2026-07-22 21:58:13] PROGRESS format=legacy_scene_graph [2/11] format_est=100.0% overall_est=18.2% prompt_rows=4561/40
[2026-07-22 21:58:59] PROGRESS format=legacy_scene_graph [2/11] format_est=100.0% overall_est=18.2% prompt_rows=4571/40
[2026-07-22 21:59:44] PROGRESS format=legacy_scene_graph [2/11] format_est=100.0% overall_est=18.2% prompt_rows=4581/40
[2026-07-22 22:00:29] PROGRESS format=legacy_scene_graph [2/11] format_est=100.0% overall_est=18.2% prompt_rows=4588/40
[2026-07-22 22:00:34] PROGRESS format=legacy_scene_graph [2/11] format_est=100.0% overall_est=18.2% prompt_rows=4591/40
[2026-07-22 22:01:15] PROGRESS format=legacy_scene_graph [2/11] format_est=100.0% overall_est=18.2% prompt_rows=4594/40
[2026-07-22 22:01:20] PROGRESS format=legacy_scene_graph [2/11] format_est=100.0% overall_est=18.2% prompt_rows=4601/40
[2026-07-22 22:02:05] PROGRESS format=legacy_scene_graph [2/11] format_est=100.0% overall_est=18.2% prompt_rows=4611/40
[2026-07-22 22:02:51] PROGRESS format=legacy_scene_graph [2/11] format_est=100.0% overall_est=18.2% prompt_rows=4617/40
[2026-07-22 22:02:56] PROGRESS format=legacy_scene_graph [2/11] format_est=100.0% overall_est=18.2% prompt_rows=4621/40
[2026-07-22 22:03:36] PROGRESS format=legacy_scene_graph [2/11] format_est=100.0% overall_est=18.2% prompt_rows=4622/40
[2026-07-22 22:03:41] PROGRESS format=legacy_scene_graph [2/11] format_est=100.0% overall_est=18.2% prompt_rows=4631/40
[2026-07-22 22:04:27] PROGRESS format=legacy_scene_graph [2/11] format_est=100.0% overall_est=18.2% prompt_rows=4641/40
[2026-07-22 22:05:12] PROGRESS format=legacy_scene_graph [2/11] format_est=100.0% overall_est=18.2% prompt_rows=4648/40
[2026-07-22 22:05:17] PROGRESS format=legacy_scene_graph [2/11] format_est=100.0% overall_est=18.2% prompt_rows=4651/40
[2026-07-22 22:06:02] PROGRESS format=legacy_scene_graph [2/11] format_est=100.0% overall_est=18.2% prompt_rows=4661/40
[2026-07-22 22:06:48] PROGRESS format=legacy_scene_graph [2/11] format_est=100.0% overall_est=18.2% prompt_rows=4669/40
[2026-07-22 22:06:53] PROGRESS format=legacy_scene_graph [2/11] format_est=100.0% overall_est=18.2% prompt_rows=4671/40
[2026-07-22 22:07:33] PROGRESS format=legacy_scene_graph [2/11] format_est=100.0% overall_est=18.2% prompt_rows=4676/40
[2026-07-22 22:07:38] PROGRESS format=legacy_scene_graph [2/11] format_est=100.0% overall_est=18.2% prompt_rows=4681/40
[2026-07-22 22:08:19] PROGRESS format=legacy_scene_graph [2/11] format_est=100.0% overall_est=18.2% prompt_rows=4682/40
[2026-07-22 22:08:24] PROGRESS format=legacy_scene_graph [2/11] format_est=100.0% overall_est=18.2% prompt_rows=4691/40
[2026-07-22 22:09:09] PROGRESS format=legacy_scene_graph [2/11] format_est=100.0% overall_est=18.2% prompt_rows=4701/40
[2026-07-22 22:09:55] PROGRESS format=legacy_scene_graph [2/11] format_est=100.0% overall_est=18.2% prompt_rows=4711/40
[2026-07-22 22:10:40] PROGRESS format=legacy_scene_graph [2/11] format_est=100.0% overall_est=18.2% prompt_rows=4720/40
[2026-07-22 22:10:45] PROGRESS format=legacy_scene_graph [2/11] format_est=100.0% overall_est=18.2% prompt_rows=4721/40
[2026-07-22 22:11:25] PROGRESS format=legacy_scene_graph [2/11] format_est=100.0% overall_est=18.2% prompt_rows=4726/40
[2026-07-22 22:11:30] PROGRESS format=legacy_scene_graph [2/11] format_est=100.0% overall_est=18.2% prompt_rows=4731/40
[2026-07-22 22:12:11] PROGRESS format=legacy_scene_graph [2/11] format_est=100.0% overall_est=18.2% prompt_rows=4733/40
[2026-07-22 22:12:16] PROGRESS format=legacy_scene_graph [2/11] format_est=100.0% overall_est=18.2% prompt_rows=4741/40
[2026-07-22 22:13:01] PROGRESS format=legacy_scene_graph [2/11] format_est=100.0% overall_est=18.2% prompt_rows=4751/40
[2026-07-22 22:13:47] PROGRESS format=legacy_scene_graph [2/11] format_est=100.0% overall_est=18.2% prompt_rows=4760/40
[2026-07-22 22:13:52] PROGRESS format=legacy_scene_graph [2/11] format_est=100.0% overall_est=18.2% prompt_rows=4761/40
[2026-07-22 22:14:37] PROGRESS format=legacy_scene_graph [2/11] format_est=100.0% overall_est=18.2% prompt_rows=4771/40
[2026-07-22 22:15:23] PROGRESS format=legacy_scene_graph [2/11] format_est=100.0% overall_est=18.2% prompt_rows=4781/40
[2026-07-22 22:16:08] PROGRESS format=legacy_scene_graph [2/11] format_est=100.0% overall_est=18.2% prompt_rows=4791/40
[2026-07-22 22:16:54] PROGRESS format=legacy_scene_graph [2/11] format_est=100.0% overall_est=18.2% prompt_rows=4801/40
[2026-07-22 22:17:39] PROGRESS format=legacy_scene_graph [2/11] format_est=100.0% overall_est=18.2% prompt_rows=4807/40
[2026-07-22 22:17:44] PROGRESS format=legacy_scene_graph [2/11] format_est=100.0% overall_est=18.2% prompt_rows=4811/40
[2026-07-22 22:18:29] PROGRESS format=legacy_scene_graph [2/11] format_est=100.0% overall_est=18.2% prompt_rows=4821/40
[2026-07-22 22:19:15] PROGRESS format=legacy_scene_graph [2/11] format_est=100.0% overall_est=18.2% prompt_rows=4831/40
[2026-07-22 22:20:00] PROGRESS format=legacy_scene_graph [2/11] format_est=100.0% overall_est=18.2% prompt_rows=4841/40
[2026-07-22 22:20:46] PROGRESS format=legacy_scene_graph [2/11] format_est=100.0% overall_est=18.2% prompt_rows=4849/40
[2026-07-22 22:20:51] PROGRESS format=legacy_scene_graph [2/11] format_est=100.0% overall_est=18.2% prompt_rows=4851/40
[2026-07-22 22:21:31] PROGRESS format=legacy_scene_graph [2/11] format_est=100.0% overall_est=18.2% prompt_rows=4855/40
[2026-07-22 22:21:36] PROGRESS format=legacy_scene_graph [2/11] format_est=100.0% overall_est=18.2% prompt_rows=4861/40
[2026-07-22 22:22:17] PROGRESS format=legacy_scene_graph [2/11] format_est=100.0% overall_est=18.2% prompt_rows=4863/40
[2026-07-22 22:22:22] PROGRESS format=legacy_scene_graph [2/11] format_est=100.0% overall_est=18.2% prompt_rows=4871/40
[2026-07-22 22:23:07] PROGRESS format=legacy_scene_graph [2/11] format_est=100.0% overall_est=18.2% prompt_rows=4881/40
[2026-07-22 22:23:52] PROGRESS format=legacy_scene_graph [2/11] format_est=100.0% overall_est=18.2% prompt_rows=4891/40
[2026-07-22 22:24:38] PROGRESS format=legacy_scene_graph [2/11] format_est=100.0% overall_est=18.2% prompt_rows=4901/40
[2026-07-22 22:25:23] PROGRESS format=legacy_scene_graph [2/11] format_est=100.0% overall_est=18.2% prompt_rows=4908/40
[2026-07-22 22:25:28] PROGRESS format=legacy_scene_graph [2/11] format_est=100.0% overall_est=18.2% prompt_rows=4911/40
[2026-07-22 22:26:14] PROGRESS format=legacy_scene_graph [2/11] format_est=100.0% overall_est=18.2% prompt_rows=4921/40
[2026-07-22 22:26:59] PROGRESS format=legacy_scene_graph [2/11] format_est=100.0% overall_est=18.2% prompt_rows=4926/40
[2026-07-22 22:27:04] PROGRESS format=legacy_scene_graph [2/11] format_est=100.0% overall_est=18.2% prompt_rows=4931/40
[2026-07-22 22:27:45] PROGRESS format=legacy_scene_graph [2/11] format_est=100.0% overall_est=18.2% prompt_rows=4933/40
[2026-07-22 22:27:50] PROGRESS format=legacy_scene_graph [2/11] format_est=100.0% overall_est=18.2% prompt_rows=4941/40
[2026-07-22 22:28:35] PROGRESS format=legacy_scene_graph [2/11] format_est=100.0% overall_est=18.2% prompt_rows=4951/40
[2026-07-22 22:29:20] PROGRESS format=legacy_scene_graph [2/11] format_est=100.0% overall_est=18.2% prompt_rows=4961/40
[2026-07-22 22:30:06] PROGRESS format=legacy_scene_graph [2/11] format_est=100.0% overall_est=18.2% prompt_rows=4970/40
[2026-07-22 22:30:11] PROGRESS format=legacy_scene_graph [2/11] format_est=100.0% overall_est=18.2% prompt_rows=4971/40
[2026-07-22 22:30:51] PROGRESS format=legacy_scene_graph [2/11] format_est=100.0% overall_est=18.2% prompt_rows=4976/40
[2026-07-22 22:30:56] PROGRESS format=legacy_scene_graph [2/11] format_est=100.0% overall_est=18.2% prompt_rows=4981/40
[2026-07-22 22:31:42] PROGRESS format=legacy_scene_graph [2/11] format_est=100.0% overall_est=18.2% prompt_rows=4991/40
[2026-07-22 22:32:27] PROGRESS format=legacy_scene_graph [2/11] format_est=100.0% overall_est=18.2% prompt_rows=5001/40
[2026-07-22 22:33:13] PROGRESS format=legacy_scene_graph [2/11] format_est=100.0% overall_est=18.2% prompt_rows=5011/40
[2026-07-22 22:33:58] PROGRESS format=legacy_scene_graph [2/11] format_est=100.0% overall_est=18.2% prompt_rows=5020/40
[2026-07-22 22:34:03] PROGRESS format=legacy_scene_graph [2/11] format_est=100.0% overall_est=18.2% prompt_rows=5021/40
[2026-07-22 22:34:44] PROGRESS format=legacy_scene_graph [2/11] format_est=100.0% overall_est=18.2% prompt_rows=5024/40
[2026-07-22 22:34:49] PROGRESS format=legacy_scene_graph [2/11] format_est=100.0% overall_est=18.2% prompt_rows=5031/40
[2026-07-22 22:35:29] PROGRESS format=legacy_scene_graph [2/11] format_est=100.0% overall_est=18.2% prompt_rows=5036/40
[2026-07-22 22:35:34] PROGRESS format=legacy_scene_graph [2/11] format_est=100.0% overall_est=18.2% prompt_rows=5041/40
[2026-07-22 22:36:19] PROGRESS format=legacy_scene_graph [2/11] format_est=100.0% overall_est=18.2% prompt_rows=5051/40
[2026-07-22 22:37:00] PROGRESS format=legacy_scene_graph [2/11] format_est=100.0% overall_est=18.2% prompt_rows=5052/40
[2026-07-22 22:37:05] PROGRESS format=legacy_scene_graph [2/11] format_est=100.0% overall_est=18.2% prompt_rows=5061/40
[2026-07-22 22:37:50] PROGRESS format=legacy_scene_graph [2/11] format_est=100.0% overall_est=18.2% prompt_rows=5071/40
[2026-07-22 22:38:36] PROGRESS format=legacy_scene_graph [2/11] format_est=100.0% overall_est=18.2% prompt_rows=5081/40
[2026-07-22 22:39:21] PROGRESS format=legacy_scene_graph [2/11] format_est=100.0% overall_est=18.2% prompt_rows=5089/40
[2026-07-22 22:39:26] PROGRESS format=legacy_scene_graph [2/11] format_est=100.0% overall_est=18.2% prompt_rows=5091/40
[2026-07-22 22:40:07] PROGRESS format=legacy_scene_graph [2/11] format_est=100.0% overall_est=18.2% prompt_rows=5096/40
[2026-07-22 22:40:12] PROGRESS format=legacy_scene_graph [2/11] format_est=100.0% overall_est=18.2% prompt_rows=5101/40
[2026-07-22 22:40:52] PROGRESS format=legacy_scene_graph [2/11] format_est=100.0% overall_est=18.2% prompt_rows=5103/40
[2026-07-22 22:40:57] PROGRESS format=legacy_scene_graph [2/11] format_est=100.0% overall_est=18.2% prompt_rows=5111/40
[2026-07-22 22:41:43] PROGRESS format=legacy_scene_graph [2/11] format_est=100.0% overall_est=18.2% prompt_rows=5120/40
[2026-07-22 22:41:48] PROGRESS format=legacy_scene_graph [2/11] format_est=100.0% overall_est=18.2% prompt_rows=5121/40
[2026-07-22 22:42:28] PROGRESS format=legacy_scene_graph [2/11] format_est=100.0% overall_est=18.2% prompt_rows=5123/40
[2026-07-22 22:42:33] PROGRESS format=legacy_scene_graph [2/11] format_est=100.0% overall_est=18.2% prompt_rows=5131/40
[2026-07-22 22:43:19] PROGRESS format=legacy_scene_graph [2/11] format_est=100.0% overall_est=18.2% prompt_rows=5141/40
[2026-07-22 22:44:14] PROGRESS format=legacy_scene_graph [2/11] format_est=100.0% overall_est=18.2% prompt_rows=5148/40
[2026-07-22 22:44:19] PROGRESS format=legacy_scene_graph [2/11] format_est=100.0% overall_est=18.2% prompt_rows=5151/40
[2026-07-22 22:45:05] PROGRESS format=legacy_scene_graph [2/11] format_est=100.0% overall_est=18.2% prompt_rows=5158/40
[2026-07-22 22:45:10] PROGRESS format=legacy_scene_graph [2/11] format_est=100.0% overall_est=18.2% prompt_rows=5161/40
[2026-07-22 22:45:55] PROGRESS format=legacy_scene_graph [2/11] format_est=100.0% overall_est=18.2% prompt_rows=5171/40
[2026-07-22 22:46:46] PROGRESS format=legacy_scene_graph [2/11] format_est=100.0% overall_est=18.2% prompt_rows=5181/40
[2026-07-22 22:47:36] PROGRESS format=legacy_scene_graph [2/11] format_est=100.0% overall_est=18.2% prompt_rows=5191/40
[2026-07-22 22:48:22] PROGRESS format=legacy_scene_graph [2/11] format_est=100.0% overall_est=18.2% prompt_rows=5193/40
[2026-07-22 22:48:27] PROGRESS format=legacy_scene_graph [2/11] format_est=100.0% overall_est=18.2% prompt_rows=5201/40
[2026-07-22 22:49:12] PROGRESS format=legacy_scene_graph [2/11] format_est=100.0% overall_est=18.2% prompt_rows=5210/40
[2026-07-22 22:49:17] PROGRESS format=legacy_scene_graph [2/11] format_est=100.0% overall_est=18.2% prompt_rows=5211/40
[2026-07-22 22:50:03] PROGRESS format=legacy_scene_graph [2/11] format_est=100.0% overall_est=18.2% prompt_rows=5221/40
[2026-07-22 22:50:48] PROGRESS format=legacy_scene_graph [2/11] format_est=100.0% overall_est=18.2% prompt_rows=5223/40
[2026-07-22 22:50:53] PROGRESS format=legacy_scene_graph [2/11] format_est=100.0% overall_est=18.2% prompt_rows=5231/40
[2026-07-22 22:51:44] PROGRESS format=legacy_scene_graph [2/11] format_est=100.0% overall_est=18.2% prompt_rows=5241/40
[2026-07-22 22:52:39] PROGRESS format=legacy_scene_graph [2/11] format_est=100.0% overall_est=18.2% prompt_rows=5251/40
[2026-07-22 22:53:30] PROGRESS format=legacy_scene_graph [2/11] format_est=100.0% overall_est=18.2% prompt_rows=5253/40
[2026-07-22 22:53:35] PROGRESS format=legacy_scene_graph [2/11] format_est=100.0% overall_est=18.2% prompt_rows=5261/40
[2026-07-22 22:54:26] PROGRESS format=legacy_scene_graph [2/11] format_est=100.0% overall_est=18.2% prompt_rows=5271/40
[2026-07-22 22:55:16] PROGRESS format=legacy_scene_graph [2/11] format_est=100.0% overall_est=18.2% prompt_rows=5281/40
[2026-07-22 22:56:02] PROGRESS format=legacy_scene_graph [2/11] format_est=100.0% overall_est=18.2% prompt_rows=5287/40
[2026-07-22 22:56:07] PROGRESS format=legacy_scene_graph [2/11] format_est=100.0% overall_est=18.2% prompt_rows=5291/40
[2026-07-22 22:56:52] PROGRESS format=legacy_scene_graph [2/11] format_est=100.0% overall_est=18.2% prompt_rows=5301/40
[2026-07-22 22:57:37] PROGRESS format=legacy_scene_graph [2/11] format_est=100.0% overall_est=18.2% prompt_rows=5311/40
[2026-07-22 22:58:23] PROGRESS format=legacy_scene_graph [2/11] format_est=100.0% overall_est=18.2% prompt_rows=5320/40
[2026-07-22 22:58:28] PROGRESS format=legacy_scene_graph [2/11] format_est=100.0% overall_est=18.2% prompt_rows=5321/40
[2026-07-22 22:59:13] PROGRESS format=legacy_scene_graph [2/11] format_est=100.0% overall_est=18.2% prompt_rows=5331/40
[2026-07-22 22:59:59] PROGRESS format=legacy_scene_graph [2/11] format_est=100.0% overall_est=18.2% prompt_rows=5334/40
[2026-07-22 23:00:04] PROGRESS format=legacy_scene_graph [2/11] format_est=100.0% overall_est=18.2% prompt_rows=5341/40
[2026-07-22 23:00:49] PROGRESS format=legacy_scene_graph [2/11] format_est=100.0% overall_est=18.2% prompt_rows=5351/40
[2026-07-22 23:01:40] PROGRESS format=legacy_scene_graph [2/11] format_est=100.0% overall_est=18.2% prompt_rows=5361/40
[2026-07-22 23:02:25] PROGRESS format=legacy_scene_graph [2/11] format_est=100.0% overall_est=18.2% prompt_rows=5371/40
[2026-07-22 23:03:11] PROGRESS format=legacy_scene_graph [2/11] format_est=100.0% overall_est=18.2% prompt_rows=5375/40
[2026-07-22 23:03:16] PROGRESS format=legacy_scene_graph [2/11] format_est=100.0% overall_est=18.2% prompt_rows=5381/40
[2026-07-22 23:04:01] PROGRESS format=legacy_scene_graph [2/11] format_est=100.0% overall_est=18.2% prompt_rows=5391/40
[2026-07-22 23:04:47] PROGRESS format=legacy_scene_graph [2/11] format_est=100.0% overall_est=18.2% prompt_rows=5394/40
[2026-07-22 23:04:52] PROGRESS format=legacy_scene_graph [2/11] format_est=100.0% overall_est=18.2% prompt_rows=5401/40
[2026-07-22 23:05:37] PROGRESS format=legacy_scene_graph [2/11] format_est=100.0% overall_est=18.2% prompt_rows=5411/40
[2026-07-22 23:06:23] PROGRESS format=legacy_scene_graph [2/11] format_est=100.0% overall_est=18.2% prompt_rows=5420/40
[2026-07-22 23:06:28] PROGRESS format=legacy_scene_graph [2/11] format_est=100.0% overall_est=18.2% prompt_rows=5421/40
[2026-07-22 23:07:08] PROGRESS format=legacy_scene_graph [2/11] format_est=100.0% overall_est=18.2% prompt_rows=5425/40
[2026-07-22 23:07:13] PROGRESS format=legacy_scene_graph [2/11] format_est=100.0% overall_est=18.2% prompt_rows=5431/40
[2026-07-22 23:07:59] PROGRESS format=legacy_scene_graph [2/11] format_est=100.0% overall_est=18.2% prompt_rows=5441/40
[2026-07-22 23:08:44] PROGRESS format=legacy_scene_graph [2/11] format_est=100.0% overall_est=18.2% prompt_rows=5447/40
[2026-07-22 23:08:49] PROGRESS format=legacy_scene_graph [2/11] format_est=100.0% overall_est=18.2% prompt_rows=5451/40
[2026-07-22 23:09:35] PROGRESS format=legacy_scene_graph [2/11] format_est=100.0% overall_est=18.2% prompt_rows=5461/40
[2026-07-22 23:10:20] PROGRESS format=legacy_scene_graph [2/11] format_est=100.0% overall_est=18.2% prompt_rows=5471/40
[2026-07-22 23:11:06] PROGRESS format=legacy_scene_graph [2/11] format_est=100.0% overall_est=18.2% prompt_rows=5477/40
[2026-07-22 23:11:11] PROGRESS format=legacy_scene_graph [2/11] format_est=100.0% overall_est=18.2% prompt_rows=5481/40
[2026-07-22 23:11:56] PROGRESS format=legacy_scene_graph [2/11] format_est=100.0% overall_est=18.2% prompt_rows=5491/40
[2026-07-22 23:12:42] PROGRESS format=legacy_scene_graph [2/11] format_est=100.0% overall_est=18.2% prompt_rows=5497/40
[2026-07-22 23:12:47] PROGRESS format=legacy_scene_graph [2/11] format_est=100.0% overall_est=18.2% prompt_rows=5501/40
[2026-07-22 23:13:27] PROGRESS format=legacy_scene_graph [2/11] format_est=100.0% overall_est=18.2% prompt_rows=5502/40
[2026-07-22 23:13:32] PROGRESS format=legacy_scene_graph [2/11] format_est=100.0% overall_est=18.2% prompt_rows=5511/40
[2026-07-22 23:14:13] PROGRESS format=legacy_scene_graph [2/11] format_est=100.0% overall_est=18.2% prompt_rows=5515/40
[2026-07-22 23:14:18] PROGRESS format=legacy_scene_graph [2/11] format_est=100.0% overall_est=18.2% prompt_rows=5521/40
[2026-07-22 23:14:58] PROGRESS format=legacy_scene_graph [2/11] format_est=100.0% overall_est=18.2% prompt_rows=5527/40
[2026-07-22 23:15:03] PROGRESS format=legacy_scene_graph [2/11] format_est=100.0% overall_est=18.2% prompt_rows=5531/40
[2026-07-22 23:15:44] PROGRESS format=legacy_scene_graph [2/11] format_est=100.0% overall_est=18.2% prompt_rows=5533/40
[2026-07-22 23:15:49] PROGRESS format=legacy_scene_graph [2/11] format_est=100.0% overall_est=18.2% prompt_rows=5541/40
[2026-07-22 23:16:34] PROGRESS format=legacy_scene_graph [2/11] format_est=100.0% overall_est=18.2% prompt_rows=5551/40
[2026-07-22 23:17:20] PROGRESS format=legacy_scene_graph [2/11] format_est=100.0% overall_est=18.2% prompt_rows=5554/40
[2026-07-22 23:17:25] PROGRESS format=legacy_scene_graph [2/11] format_est=100.0% overall_est=18.2% prompt_rows=5561/40
[2026-07-22 23:18:10] PROGRESS format=legacy_scene_graph [2/11] format_est=100.0% overall_est=18.2% prompt_rows=5571/40
[2026-07-22 23:18:56] PROGRESS format=legacy_scene_graph [2/11] format_est=100.0% overall_est=18.2% prompt_rows=5575/40
[2026-07-22 23:19:01] PROGRESS format=legacy_scene_graph [2/11] format_est=100.0% overall_est=18.2% prompt_rows=5581/40
[2026-07-22 23:19:41] PROGRESS format=legacy_scene_graph [2/11] format_est=100.0% overall_est=18.2% prompt_rows=5587/40
[2026-07-22 23:19:47] PROGRESS format=legacy_scene_graph [2/11] format_est=100.0% overall_est=18.2% prompt_rows=5591/40
[2026-07-22 23:20:27] PROGRESS format=legacy_scene_graph [2/11] format_est=100.0% overall_est=18.2% prompt_rows=5594/40
[2026-07-22 23:20:32] PROGRESS format=legacy_scene_graph [2/11] format_est=100.0% overall_est=18.2% prompt_rows=5600/40
[2026-07-22 23:20:37] PROGRESS format=legacy_scene_graph [2/11] format_est=100.0% overall_est=18.2% prompt_rows=5601/40
[2026-07-22 23:21:23] PROGRESS format=legacy_scene_graph [2/11] format_est=100.0% overall_est=18.2% prompt_rows=5607/40
[2026-07-22 23:21:28] PROGRESS format=legacy_scene_graph [2/11] format_est=100.0% overall_est=18.2% prompt_rows=5611/40
[2026-07-22 23:22:13] PROGRESS format=legacy_scene_graph [2/11] format_est=100.0% overall_est=18.2% prompt_rows=5621/40
[2026-07-22 23:22:59] PROGRESS format=legacy_scene_graph [2/11] format_est=100.0% overall_est=18.2% prompt_rows=5631/40
[2026-07-22 23:23:39] PROGRESS format=legacy_scene_graph [2/11] format_est=100.0% overall_est=18.2% prompt_rows=5634/40
[2026-07-22 23:23:44] PROGRESS format=legacy_scene_graph [2/11] format_est=100.0% overall_est=18.2% prompt_rows=5641/40
[2026-07-22 23:24:24] PROGRESS format=legacy_scene_graph [2/11] format_est=100.0% overall_est=18.2% prompt_rows=5642/40
[2026-07-22 23:24:29] PROGRESS format=legacy_scene_graph [2/11] format_est=100.0% overall_est=18.2% prompt_rows=5651/40
[2026-07-22 23:25:15] PROGRESS format=legacy_scene_graph [2/11] format_est=100.0% overall_est=18.2% prompt_rows=5661/40
[2026-07-22 23:26:00] PROGRESS format=legacy_scene_graph [2/11] format_est=100.0% overall_est=18.2% prompt_rows=5662/40
[2026-07-22 23:26:05] PROGRESS format=legacy_scene_graph [2/11] format_est=100.0% overall_est=18.2% prompt_rows=5671/40
[2026-07-22 23:26:51] PROGRESS format=legacy_scene_graph [2/11] format_est=100.0% overall_est=18.2% prompt_rows=5681/40
[2026-07-22 23:27:36] PROGRESS format=legacy_scene_graph [2/11] format_est=100.0% overall_est=18.2% prompt_rows=5686/40
[2026-07-22 23:27:41] PROGRESS format=legacy_scene_graph [2/11] format_est=100.0% overall_est=18.2% prompt_rows=5691/40
[2026-07-22 23:28:22] PROGRESS format=legacy_scene_graph [2/11] format_est=100.0% overall_est=18.2% prompt_rows=5701/40
[2026-07-22 23:29:07] PROGRESS format=legacy_scene_graph [2/11] format_est=100.0% overall_est=18.2% prompt_rows=5711/40
[2026-07-22 23:29:53] PROGRESS format=legacy_scene_graph [2/11] format_est=100.0% overall_est=18.2% prompt_rows=5719/40
[2026-07-22 23:29:58] PROGRESS format=legacy_scene_graph [2/11] format_est=100.0% overall_est=18.2% prompt_rows=5721/40
[2026-07-22 23:30:43] PROGRESS format=legacy_scene_graph [2/11] format_est=100.0% overall_est=18.2% prompt_rows=5731/40
[2026-07-22 23:31:24] PROGRESS format=legacy_scene_graph [2/11] format_est=100.0% overall_est=18.2% prompt_rows=5735/40
[2026-07-22 23:31:29] PROGRESS format=legacy_scene_graph [2/11] format_est=100.0% overall_est=18.2% prompt_rows=5741/40
[2026-07-22 23:32:09] PROGRESS format=legacy_scene_graph [2/11] format_est=100.0% overall_est=18.2% prompt_rows=5749/40
[2026-07-22 23:32:14] PROGRESS format=legacy_scene_graph [2/11] format_est=100.0% overall_est=18.2% prompt_rows=5751/40
[2026-07-22 23:32:55] PROGRESS format=legacy_scene_graph [2/11] format_est=100.0% overall_est=18.2% prompt_rows=5756/40
[2026-07-22 23:33:00] PROGRESS format=legacy_scene_graph [2/11] format_est=100.0% overall_est=18.2% prompt_rows=5761/40
[2026-07-22 23:33:45] PROGRESS format=legacy_scene_graph [2/11] format_est=100.0% overall_est=18.2% prompt_rows=5771/40
[2026-07-22 23:34:31] PROGRESS format=legacy_scene_graph [2/11] format_est=100.0% overall_est=18.2% prompt_rows=5777/40
[2026-07-22 23:34:36] PROGRESS format=legacy_scene_graph [2/11] format_est=100.0% overall_est=18.2% prompt_rows=5781/40
[2026-07-22 23:35:16] PROGRESS format=legacy_scene_graph [2/11] format_est=100.0% overall_est=18.2% prompt_rows=5788/40
[2026-07-22 23:35:22] PROGRESS format=legacy_scene_graph [2/11] format_est=100.0% overall_est=18.2% prompt_rows=5791/40
[2026-07-22 23:36:02] PROGRESS format=legacy_scene_graph [2/11] format_est=100.0% overall_est=18.2% prompt_rows=5801/40
[2026-07-22 23:36:47] PROGRESS format=legacy_scene_graph [2/11] format_est=100.0% overall_est=18.2% prompt_rows=5810/40
[2026-07-22 23:36:53] PROGRESS format=legacy_scene_graph [2/11] format_est=100.0% overall_est=18.2% prompt_rows=5811/40
[2026-07-22 23:37:33] PROGRESS format=legacy_scene_graph [2/11] format_est=100.0% overall_est=18.2% prompt_rows=5814/40
[2026-07-22 23:37:38] PROGRESS format=legacy_scene_graph [2/11] format_est=100.0% overall_est=18.2% prompt_rows=5821/40
[2026-07-22 23:38:24] PROGRESS format=legacy_scene_graph [2/11] format_est=100.0% overall_est=18.2% prompt_rows=5831/40
[2026-07-22 23:39:09] PROGRESS format=legacy_scene_graph [2/11] format_est=100.0% overall_est=18.2% prompt_rows=5839/40
[2026-07-22 23:39:14] PROGRESS format=legacy_scene_graph [2/11] format_est=100.0% overall_est=18.2% prompt_rows=5841/40
[2026-07-22 23:39:54] PROGRESS format=legacy_scene_graph [2/11] format_est=100.0% overall_est=18.2% prompt_rows=5851/40
[2026-07-22 23:40:40] PROGRESS format=legacy_scene_graph [2/11] format_est=100.0% overall_est=18.2% prompt_rows=5861/40
[2026-07-22 23:41:25] PROGRESS format=legacy_scene_graph [2/11] format_est=100.0% overall_est=18.2% prompt_rows=5867/40
[2026-07-22 23:41:31] PROGRESS format=legacy_scene_graph [2/11] format_est=100.0% overall_est=18.2% prompt_rows=5871/40
[2026-07-22 23:42:16] PROGRESS format=legacy_scene_graph [2/11] format_est=100.0% overall_est=18.2% prompt_rows=5880/40
[2026-07-22 23:42:21] PROGRESS format=legacy_scene_graph [2/11] format_est=100.0% overall_est=18.2% prompt_rows=5881/40
[2026-07-22 23:43:02] PROGRESS format=legacy_scene_graph [2/11] format_est=100.0% overall_est=18.2% prompt_rows=5882/40
[2026-07-22 23:43:07] PROGRESS format=legacy_scene_graph [2/11] format_est=100.0% overall_est=18.2% prompt_rows=5891/40
[2026-07-22 23:43:47] PROGRESS format=legacy_scene_graph [2/11] format_est=100.0% overall_est=18.2% prompt_rows=5900/40
[2026-07-22 23:43:52] PROGRESS format=legacy_scene_graph [2/11] format_est=100.0% overall_est=18.2% prompt_rows=5901/40
[2026-07-22 23:44:33] PROGRESS format=legacy_scene_graph [2/11] format_est=100.0% overall_est=18.2% prompt_rows=5911/40
[2026-07-22 23:45:13] PROGRESS format=legacy_scene_graph [2/11] format_est=100.0% overall_est=18.2% prompt_rows=5921/40
[2026-07-22 23:45:58] PROGRESS format=legacy_scene_graph [2/11] format_est=100.0% overall_est=18.2% prompt_rows=5931/40
[2026-07-22 23:46:44] PROGRESS format=legacy_scene_graph [2/11] format_est=100.0% overall_est=18.2% prompt_rows=5941/40
[2026-07-22 23:47:29] PROGRESS format=legacy_scene_graph [2/11] format_est=100.0% overall_est=18.2% prompt_rows=5951/40
[2026-07-22 23:48:10] PROGRESS format=legacy_scene_graph [2/11] format_est=100.0% overall_est=18.2% prompt_rows=5961/40
[2026-07-22 23:48:50] PROGRESS format=legacy_scene_graph [2/11] format_est=100.0% overall_est=18.2% prompt_rows=5971/40
[2026-07-22 23:49:30] PROGRESS format=legacy_scene_graph [2/11] format_est=100.0% overall_est=18.2% prompt_rows=5981/40
[2026-07-22 23:50:11] PROGRESS format=legacy_scene_graph [2/11] format_est=100.0% overall_est=18.2% prompt_rows=5982/40
[2026-07-22 23:50:16] PROGRESS format=legacy_scene_graph [2/11] format_est=100.0% overall_est=18.2% prompt_rows=5991/40
[2026-07-22 23:50:56] PROGRESS format=legacy_scene_graph [2/11] format_est=100.0% overall_est=18.2% prompt_rows=6000/40
[2026-07-22 23:51:01] PROGRESS format=legacy_scene_graph [2/11] format_est=100.0% overall_est=18.2% prompt_rows=6001/40
[2026-07-22 23:51:42] PROGRESS format=legacy_scene_graph [2/11] format_est=100.0% overall_est=18.2% prompt_rows=6009/40
[2026-07-22 23:51:47] PROGRESS format=legacy_scene_graph [2/11] format_est=100.0% overall_est=18.2% prompt_rows=6011/40
[2026-07-22 23:52:27] PROGRESS format=legacy_scene_graph [2/11] format_est=100.0% overall_est=18.2% prompt_rows=6017/40
[2026-07-22 23:52:32] PROGRESS format=legacy_scene_graph [2/11] format_est=100.0% overall_est=18.2% prompt_rows=6021/40
[2026-07-22 23:53:13] PROGRESS format=legacy_scene_graph [2/11] format_est=100.0% overall_est=18.2% prompt_rows=6031/40
[2026-07-22 23:53:53] PROGRESS format=legacy_scene_graph [2/11] format_est=100.0% overall_est=18.2% prompt_rows=6041/40
[2026-07-22 23:54:34] PROGRESS format=legacy_scene_graph [2/11] format_est=100.0% overall_est=18.2% prompt_rows=6051/40
[2026-07-22 23:55:14] PROGRESS format=legacy_scene_graph [2/11] format_est=100.0% overall_est=18.2% prompt_rows=6061/40
[2026-07-22 23:55:54] PROGRESS format=legacy_scene_graph [2/11] format_est=100.0% overall_est=18.2% prompt_rows=6062/40
[2026-07-22 23:55:59] PROGRESS format=legacy_scene_graph [2/11] format_est=100.0% overall_est=18.2% prompt_rows=6071/40
[2026-07-22 23:56:40] PROGRESS format=legacy_scene_graph [2/11] format_est=100.0% overall_est=18.2% prompt_rows=6074/40
[2026-07-22 23:56:45] PROGRESS format=legacy_scene_graph [2/11] format_est=100.0% overall_est=18.2% prompt_rows=6081/40
[2026-07-22 23:57:25] PROGRESS format=legacy_scene_graph [2/11] format_est=100.0% overall_est=18.2% prompt_rows=6091/40
[2026-07-22 23:58:06] PROGRESS format=legacy_scene_graph [2/11] format_est=100.0% overall_est=18.2% prompt_rows=6101/40
[2026-07-22 23:58:46] PROGRESS format=legacy_scene_graph [2/11] format_est=100.0% overall_est=18.2% prompt_rows=6111/40
[2026-07-22 23:59:21] PROGRESS format=legacy_scene_graph [2/11] format_est=100.0% overall_est=18.2% prompt_rows=6114/40
[2026-07-22 23:59:26] PROGRESS format=legacy_scene_graph [2/11] format_est=100.0% overall_est=18.2% prompt_rows=6121/40
[2026-07-23 00:00:02] PROGRESS format=legacy_scene_graph [2/11] format_est=100.0% overall_est=18.2% prompt_rows=6125/40
[2026-07-23 00:00:07] PROGRESS format=legacy_scene_graph [2/11] format_est=100.0% overall_est=18.2% prompt_rows=6131/40
[2026-07-23 00:00:47] PROGRESS format=legacy_scene_graph [2/11] format_est=100.0% overall_est=18.2% prompt_rows=6141/40
[2026-07-23 00:01:28] PROGRESS format=legacy_scene_graph [2/11] format_est=100.0% overall_est=18.2% prompt_rows=6151/40
[2026-07-23 00:02:13] PROGRESS format=legacy_scene_graph [2/11] format_est=100.0% overall_est=18.2% prompt_rows=6160/40
[2026-07-23 00:02:18] PROGRESS format=legacy_scene_graph [2/11] format_est=100.0% overall_est=18.2% prompt_rows=6161/40
[2026-07-23 00:02:59] PROGRESS format=legacy_scene_graph [2/11] format_est=100.0% overall_est=18.2% prompt_rows=6170/40
[2026-07-23 00:03:04] PROGRESS format=legacy_scene_graph [2/11] format_est=100.0% overall_est=18.2% prompt_rows=6171/40
[2026-07-23 00:03:44] PROGRESS format=legacy_scene_graph [2/11] format_est=100.0% overall_est=18.2% prompt_rows=6181/40
[2026-07-23 00:04:25] PROGRESS format=legacy_scene_graph [2/11] format_est=100.0% overall_est=18.2% prompt_rows=6191/40
[2026-07-23 00:05:00] PROGRESS format=legacy_scene_graph [2/11] format_est=100.0% overall_est=18.2% prompt_rows=6192/40
[2026-07-23 00:05:05] PROGRESS format=legacy_scene_graph [2/11] format_est=100.0% overall_est=18.2% prompt_rows=6201/40
[2026-07-23 00:05:41] PROGRESS format=legacy_scene_graph [2/11] format_est=100.0% overall_est=18.2% prompt_rows=6207/40
[2026-07-23 00:05:46] PROGRESS format=legacy_scene_graph [2/11] format_est=100.0% overall_est=18.2% prompt_rows=6211/40
[2026-07-23 00:06:21] PROGRESS format=legacy_scene_graph [2/11] format_est=100.0% overall_est=18.2% prompt_rows=6218/40
[2026-07-23 00:06:26] PROGRESS format=legacy_scene_graph [2/11] format_est=100.0% overall_est=18.2% prompt_rows=6221/40
[2026-07-23 00:07:01] PROGRESS format=legacy_scene_graph [2/11] format_est=100.0% overall_est=18.2% prompt_rows=6224/40
[2026-07-23 00:07:06] PROGRESS format=legacy_scene_graph [2/11] format_est=100.0% overall_est=18.2% prompt_rows=6231/40
[2026-07-23 00:07:47] PROGRESS format=legacy_scene_graph [2/11] format_est=100.0% overall_est=18.2% prompt_rows=6241/40
[2026-07-23 00:08:27] PROGRESS format=legacy_scene_graph [2/11] format_est=100.0% overall_est=18.2% prompt_rows=6243/40
[2026-07-23 00:08:32] PROGRESS format=legacy_scene_graph [2/11] format_est=100.0% overall_est=18.2% prompt_rows=6251/40
[2026-07-23 00:09:13] PROGRESS format=legacy_scene_graph [2/11] format_est=100.0% overall_est=18.2% prompt_rows=6256/40
[2026-07-23 00:09:18] PROGRESS format=legacy_scene_graph [2/11] format_est=100.0% overall_est=18.2% prompt_rows=6261/40
[2026-07-23 00:09:58] PROGRESS format=legacy_scene_graph [2/11] format_est=100.0% overall_est=18.2% prompt_rows=6271/40
[2026-07-23 00:10:39] PROGRESS format=legacy_scene_graph [2/11] format_est=100.0% overall_est=18.2% prompt_rows=6281/40
[2026-07-23 00:11:19] PROGRESS format=legacy_scene_graph [2/11] format_est=100.0% overall_est=18.2% prompt_rows=6291/40
[2026-07-23 00:12:00] PROGRESS format=legacy_scene_graph [2/11] format_est=100.0% overall_est=18.2% prompt_rows=6301/40
[2026-07-23 00:12:40] PROGRESS format=legacy_scene_graph [2/11] format_est=100.0% overall_est=18.2% prompt_rows=6311/40
[2026-07-23 00:13:25] PROGRESS format=legacy_scene_graph [2/11] format_est=100.0% overall_est=18.2% prompt_rows=6321/40
[2026-07-23 00:14:06] PROGRESS format=legacy_scene_graph [2/11] format_est=100.0% overall_est=18.2% prompt_rows=6326/40
[2026-07-23 00:14:11] PROGRESS format=legacy_scene_graph [2/11] format_est=100.0% overall_est=18.2% prompt_rows=6331/40
[2026-07-23 00:14:51] PROGRESS format=legacy_scene_graph [2/11] format_est=100.0% overall_est=18.2% prompt_rows=6341/40
[2026-07-23 00:15:32] PROGRESS format=legacy_scene_graph [2/11] format_est=100.0% overall_est=18.2% prompt_rows=6351/40
[2026-07-23 00:16:07] PROGRESS format=legacy_scene_graph [2/11] format_est=100.0% overall_est=18.2% prompt_rows=6354/40
[2026-07-23 00:16:12] PROGRESS format=legacy_scene_graph [2/11] format_est=100.0% overall_est=18.2% prompt_rows=6361/40
[2026-07-23 00:16:48] PROGRESS format=legacy_scene_graph [2/11] format_est=100.0% overall_est=18.2% prompt_rows=6365/40
[2026-07-23 00:16:53] PROGRESS format=legacy_scene_graph [2/11] format_est=100.0% overall_est=18.2% prompt_rows=6371/40
[2026-07-23 00:17:28] PROGRESS format=legacy_scene_graph [2/11] format_est=100.0% overall_est=18.2% prompt_rows=6373/40
[2026-07-23 00:17:33] PROGRESS format=legacy_scene_graph [2/11] format_est=100.0% overall_est=18.2% prompt_rows=6381/40
[2026-07-23 00:18:13] PROGRESS format=legacy_scene_graph [2/11] format_est=100.0% overall_est=18.2% prompt_rows=6391/40
[2026-07-23 00:18:54] PROGRESS format=legacy_scene_graph [2/11] format_est=100.0% overall_est=18.2% prompt_rows=6393/40
[2026-07-23 00:18:59] PROGRESS format=legacy_scene_graph [2/11] format_est=100.0% overall_est=18.2% prompt_rows=6401/40
[2026-07-23 00:19:39] PROGRESS format=legacy_scene_graph [2/11] format_est=100.0% overall_est=18.2% prompt_rows=6410/40
[2026-07-23 00:19:45] PROGRESS format=legacy_scene_graph [2/11] format_est=100.0% overall_est=18.2% prompt_rows=6411/40
[2026-07-23 00:20:20] PROGRESS format=legacy_scene_graph [2/11] format_est=100.0% overall_est=18.2% prompt_rows=6414/40
[2026-07-23 00:20:25] PROGRESS format=legacy_scene_graph [2/11] format_est=100.0% overall_est=18.2% prompt_rows=6421/40
[2026-07-23 00:21:00] PROGRESS format=legacy_scene_graph [2/11] format_est=100.0% overall_est=18.2% prompt_rows=6428/40
[2026-07-23 00:21:05] PROGRESS format=legacy_scene_graph [2/11] format_est=100.0% overall_est=18.2% prompt_rows=6431/40
[2026-07-23 00:21:41] PROGRESS format=legacy_scene_graph [2/11] format_est=100.0% overall_est=18.2% prompt_rows=6440/40
[2026-07-23 00:21:46] PROGRESS format=legacy_scene_graph [2/11] format_est=100.0% overall_est=18.2% prompt_rows=6441/40
[2026-07-23 00:22:26] PROGRESS format=legacy_scene_graph [2/11] format_est=100.0% overall_est=18.2% prompt_rows=6451/40
[2026-07-23 00:23:07] PROGRESS format=legacy_scene_graph [2/11] format_est=100.0% overall_est=18.2% prompt_rows=6461/40
[2026-07-23 00:23:47] PROGRESS format=legacy_scene_graph [2/11] format_est=100.0% overall_est=18.2% prompt_rows=6468/40
[2026-07-23 00:23:52] PROGRESS format=legacy_scene_graph [2/11] format_est=100.0% overall_est=18.2% prompt_rows=6471/40
[2026-07-23 00:24:33] PROGRESS format=legacy_scene_graph [2/11] format_est=100.0% overall_est=18.2% prompt_rows=6481/40
[2026-07-23 00:25:13] PROGRESS format=legacy_scene_graph [2/11] format_est=100.0% overall_est=18.2% prompt_rows=6482/40
[2026-07-23 00:25:18] PROGRESS format=legacy_scene_graph [2/11] format_est=100.0% overall_est=18.2% prompt_rows=6491/40
[2026-07-23 00:25:59] PROGRESS format=legacy_scene_graph [2/11] format_est=100.0% overall_est=18.2% prompt_rows=6501/40
[2026-07-23 00:26:34] PROGRESS format=legacy_scene_graph [2/11] format_est=100.0% overall_est=18.2% prompt_rows=6505/40
[2026-07-23 00:26:39] PROGRESS format=legacy_scene_graph [2/11] format_est=100.0% overall_est=18.2% prompt_rows=6511/40
[2026-07-23 00:27:14] PROGRESS format=legacy_scene_graph [2/11] format_est=100.0% overall_est=18.2% prompt_rows=6515/40
[2026-07-23 00:27:19] PROGRESS format=legacy_scene_graph [2/11] format_est=100.0% overall_est=18.2% prompt_rows=6521/40
[2026-07-23 00:27:55] PROGRESS format=legacy_scene_graph [2/11] format_est=100.0% overall_est=18.2% prompt_rows=6524/40
[2026-07-23 00:28:00] PROGRESS format=legacy_scene_graph [2/11] format_est=100.0% overall_est=18.2% prompt_rows=6531/40
[2026-07-23 00:28:40] PROGRESS format=legacy_scene_graph [2/11] format_est=100.0% overall_est=18.2% prompt_rows=6541/40
[2026-07-23 00:29:26] PROGRESS format=legacy_scene_graph [2/11] format_est=100.0% overall_est=18.2% prompt_rows=6551/40
[2026-07-23 00:30:11] PROGRESS format=legacy_scene_graph [2/11] format_est=100.0% overall_est=18.2% prompt_rows=6560/40
[2026-07-23 00:30:16] PROGRESS format=legacy_scene_graph [2/11] format_est=100.0% overall_est=18.2% prompt_rows=6561/40
[2026-07-23 00:30:57] PROGRESS format=legacy_scene_graph [2/11] format_est=100.0% overall_est=18.2% prompt_rows=6571/40
[2026-07-23 00:31:42] PROGRESS format=legacy_scene_graph [2/11] format_est=100.0% overall_est=18.2% prompt_rows=6581/40
[2026-07-23 00:32:23] PROGRESS format=legacy_scene_graph [2/11] format_est=100.0% overall_est=18.2% prompt_rows=6588/40
[2026-07-23 00:32:28] PROGRESS format=legacy_scene_graph [2/11] format_est=100.0% overall_est=18.2% prompt_rows=6591/40
[2026-07-23 00:33:03] PROGRESS format=legacy_scene_graph [2/11] format_est=100.0% overall_est=18.2% prompt_rows=6601/40
[2026-07-23 00:33:44] PROGRESS format=legacy_scene_graph [2/11] format_est=100.0% overall_est=18.2% prompt_rows=6611/40
[2026-07-23 00:34:24] PROGRESS format=legacy_scene_graph [2/11] format_est=100.0% overall_est=18.2% prompt_rows=6621/40
[2026-07-23 00:35:05] PROGRESS format=legacy_scene_graph [2/11] format_est=100.0% overall_est=18.2% prompt_rows=6631/40
[2026-07-23 00:35:45] PROGRESS format=legacy_scene_graph [2/11] format_est=100.0% overall_est=18.2% prompt_rows=6641/40
[2026-07-23 00:36:31] PROGRESS format=legacy_scene_graph [2/11] format_est=100.0% overall_est=18.2% prompt_rows=6651/40
[2026-07-23 00:37:11] PROGRESS format=legacy_scene_graph [2/11] format_est=100.0% overall_est=18.2% prompt_rows=6652/40
[2026-07-23 00:37:16] PROGRESS format=legacy_scene_graph [2/11] format_est=100.0% overall_est=18.2% prompt_rows=6661/40
[2026-07-23 00:37:57] PROGRESS format=legacy_scene_graph [2/11] format_est=100.0% overall_est=18.2% prompt_rows=6667/40
[2026-07-23 00:38:02] PROGRESS format=legacy_scene_graph [2/11] format_est=100.0% overall_est=18.2% prompt_rows=6671/40
[2026-07-23 00:38:37] PROGRESS format=legacy_scene_graph [2/11] format_est=100.0% overall_est=18.2% prompt_rows=6672/40
[2026-07-23 00:38:42] PROGRESS format=legacy_scene_graph [2/11] format_est=100.0% overall_est=18.2% prompt_rows=6681/40
[2026-07-23 00:39:18] PROGRESS format=legacy_scene_graph [2/11] format_est=100.0% overall_est=18.2% prompt_rows=6685/40
[2026-07-23 00:39:23] PROGRESS format=legacy_scene_graph [2/11] format_est=100.0% overall_est=18.2% prompt_rows=6691/40
[2026-07-23 00:39:58] PROGRESS format=legacy_scene_graph [2/11] format_est=100.0% overall_est=18.2% prompt_rows=6701/40
[2026-07-23 00:40:38] PROGRESS format=legacy_scene_graph [2/11] format_est=100.0% overall_est=18.2% prompt_rows=6711/40
[2026-07-23 00:41:19] PROGRESS format=legacy_scene_graph [2/11] format_est=100.0% overall_est=18.2% prompt_rows=6720/40
[2026-07-23 00:41:24] PROGRESS format=legacy_scene_graph [2/11] format_est=100.0% overall_est=18.2% prompt_rows=6721/40
[2026-07-23 00:42:04] PROGRESS format=legacy_scene_graph [2/11] format_est=100.0% overall_est=18.2% prompt_rows=6729/40
[2026-07-23 00:42:09] PROGRESS format=legacy_scene_graph [2/11] format_est=100.0% overall_est=18.2% prompt_rows=6731/40
[2026-07-23 00:42:50] PROGRESS format=legacy_scene_graph [2/11] format_est=100.0% overall_est=18.2% prompt_rows=6741/40
[2026-07-23 00:43:30] PROGRESS format=legacy_scene_graph [2/11] format_est=100.0% overall_est=18.2% prompt_rows=6745/40
[2026-07-23 00:43:35] PROGRESS format=legacy_scene_graph [2/11] format_est=100.0% overall_est=18.2% prompt_rows=6751/40
[2026-07-23 00:44:16] PROGRESS format=legacy_scene_graph [2/11] format_est=100.0% overall_est=18.2% prompt_rows=6761/40
[2026-07-23 00:44:51] PROGRESS format=legacy_scene_graph [2/11] format_est=100.0% overall_est=18.2% prompt_rows=6764/40
[2026-07-23 00:44:56] PROGRESS format=legacy_scene_graph [2/11] format_est=100.0% overall_est=18.2% prompt_rows=6771/40
[2026-07-23 00:45:32] PROGRESS format=legacy_scene_graph [2/11] format_est=100.0% overall_est=18.2% prompt_rows=6781/40
[2026-07-23 00:46:12] PROGRESS format=legacy_scene_graph [2/11] format_est=100.0% overall_est=18.2% prompt_rows=6791/40
[2026-07-23 00:46:52] PROGRESS format=legacy_scene_graph [2/11] format_est=100.0% overall_est=18.2% prompt_rows=6801/40
[2026-07-23 00:47:33] PROGRESS format=legacy_scene_graph [2/11] format_est=100.0% overall_est=18.2% prompt_rows=6808/40
[2026-07-23 00:47:38] PROGRESS format=legacy_scene_graph [2/11] format_est=100.0% overall_est=18.2% prompt_rows=6811/40
[2026-07-23 00:48:18] PROGRESS format=legacy_scene_graph [2/11] format_est=100.0% overall_est=18.2% prompt_rows=6821/40
[2026-07-23 00:49:04] PROGRESS format=legacy_scene_graph [2/11] format_est=100.0% overall_est=18.2% prompt_rows=6831/40
[2026-07-23 00:49:44] PROGRESS format=legacy_scene_graph [2/11] format_est=100.0% overall_est=18.2% prompt_rows=6840/40
[2026-07-23 00:49:49] PROGRESS format=legacy_scene_graph [2/11] format_est=100.0% overall_est=18.2% prompt_rows=6841/40
[2026-07-23 00:50:25] PROGRESS format=legacy_scene_graph [2/11] format_est=100.0% overall_est=18.2% prompt_rows=6850/40
[2026-07-23 00:50:30] PROGRESS format=legacy_scene_graph [2/11] format_est=100.0% overall_est=18.2% prompt_rows=6851/40
[2026-07-23 00:51:05] PROGRESS format=legacy_scene_graph [2/11] format_est=100.0% overall_est=18.2% prompt_rows=6861/40
[2026-07-23 00:51:46] PROGRESS format=legacy_scene_graph [2/11] format_est=100.0% overall_est=18.2% prompt_rows=6871/40
[2026-07-23 00:52:26] PROGRESS format=legacy_scene_graph [2/11] format_est=100.0% overall_est=18.2% prompt_rows=6881/40
[2026-07-23 00:53:07] PROGRESS format=legacy_scene_graph [2/11] format_est=100.0% overall_est=18.2% prompt_rows=6891/40
[2026-07-23 00:53:47] PROGRESS format=legacy_scene_graph [2/11] format_est=100.0% overall_est=18.2% prompt_rows=6901/40
[2026-07-23 00:54:27] PROGRESS format=legacy_scene_graph [2/11] format_est=100.0% overall_est=18.2% prompt_rows=6903/40
[2026-07-23 00:54:32] PROGRESS format=legacy_scene_graph [2/11] format_est=100.0% overall_est=18.2% prompt_rows=6911/40
[2026-07-23 00:55:13] PROGRESS format=legacy_scene_graph [2/11] format_est=100.0% overall_est=18.2% prompt_rows=6921/40
[2026-07-23 00:55:53] PROGRESS format=legacy_scene_graph [2/11] format_est=100.0% overall_est=18.2% prompt_rows=6929/40
[2026-07-23 00:55:58] PROGRESS format=legacy_scene_graph [2/11] format_est=100.0% overall_est=18.2% prompt_rows=6931/40
[2026-07-23 00:56:34] PROGRESS format=legacy_scene_graph [2/11] format_est=100.0% overall_est=18.2% prompt_rows=6941/40
[2026-07-23 00:57:14] PROGRESS format=legacy_scene_graph [2/11] format_est=100.0% overall_est=18.2% prompt_rows=6951/40
[2026-07-23 00:57:50] PROGRESS format=legacy_scene_graph [2/11] format_est=100.0% overall_est=18.2% prompt_rows=6960/40
[2026-07-23 00:57:55] PROGRESS format=legacy_scene_graph [2/11] format_est=100.0% overall_est=18.2% prompt_rows=6961/40
[2026-07-23 00:58:30] PROGRESS format=legacy_scene_graph [2/11] format_est=100.0% overall_est=18.2% prompt_rows=6971/40
[2026-07-23 00:59:10] PROGRESS format=legacy_scene_graph [2/11] format_est=100.0% overall_est=18.2% prompt_rows=6981/40
[2026-07-23 00:59:51] PROGRESS format=legacy_scene_graph [2/11] format_est=100.0% overall_est=18.2% prompt_rows=6985/40
[2026-07-23 00:59:56] PROGRESS format=legacy_scene_graph [2/11] format_est=100.0% overall_est=18.2% prompt_rows=6991/40
[2026-07-23 01:00:36] PROGRESS format=legacy_scene_graph [2/11] format_est=100.0% overall_est=18.2% prompt_rows=7000/40
[2026-07-23 01:00:42] PROGRESS format=legacy_scene_graph [2/11] format_est=100.0% overall_est=18.2% prompt_rows=7001/40
[2026-07-23 01:01:22] PROGRESS format=legacy_scene_graph [2/11] format_est=100.0% overall_est=18.2% prompt_rows=7011/40
[2026-07-23 01:01:57] PROGRESS format=legacy_scene_graph [2/11] format_est=100.0% overall_est=18.2% prompt_rows=7013/40
[2026-07-23 01:02:02] PROGRESS format=legacy_scene_graph [2/11] format_est=100.0% overall_est=18.2% prompt_rows=7021/40
[2026-07-23 01:02:38] PROGRESS format=legacy_scene_graph [2/11] format_est=100.0% overall_est=18.2% prompt_rows=7031/40
[2026-07-23 01:03:13] PROGRESS format=legacy_scene_graph [2/11] format_est=100.0% overall_est=18.2% prompt_rows=7033/40
[2026-07-23 01:03:18] PROGRESS format=legacy_scene_graph [2/11] format_est=100.0% overall_est=18.2% prompt_rows=7041/40
[2026-07-23 01:03:54] PROGRESS format=legacy_scene_graph [2/11] format_est=100.0% overall_est=18.2% prompt_rows=7050/40
[2026-07-23 01:03:59] PROGRESS format=legacy_scene_graph [2/11] format_est=100.0% overall_est=18.2% prompt_rows=7051/40
[2026-07-23 01:04:34] PROGRESS format=legacy_scene_graph [2/11] format_est=100.0% overall_est=18.2% prompt_rows=7061/40
[2026-07-23 01:05:15] PROGRESS format=legacy_scene_graph [2/11] format_est=100.0% overall_est=18.2% prompt_rows=7066/40
[2026-07-23 01:05:20] PROGRESS format=legacy_scene_graph [2/11] format_est=100.0% overall_est=18.2% prompt_rows=7071/40
[2026-07-23 01:06:00] PROGRESS format=legacy_scene_graph [2/11] format_est=100.0% overall_est=18.2% prompt_rows=7081/40
[2026-07-23 01:06:41] PROGRESS format=legacy_scene_graph [2/11] format_est=100.0% overall_est=18.2% prompt_rows=7083/40
[2026-07-23 01:06:46] PROGRESS format=legacy_scene_graph [2/11] format_est=100.0% overall_est=18.2% prompt_rows=7091/40
[2026-07-23 01:07:26] PROGRESS format=legacy_scene_graph [2/11] format_est=100.0% overall_est=18.2% prompt_rows=7101/40
[2026-07-23 01:08:07] PROGRESS format=legacy_scene_graph [2/11] format_est=100.0% overall_est=18.2% prompt_rows=7111/40
[2026-07-23 01:08:42] PROGRESS format=legacy_scene_graph [2/11] format_est=100.0% overall_est=18.2% prompt_rows=7121/40
[2026-07-23 01:09:17] PROGRESS format=legacy_scene_graph [2/11] format_est=100.0% overall_est=18.2% prompt_rows=7122/40
[2026-07-23 01:09:22] PROGRESS format=legacy_scene_graph [2/11] format_est=100.0% overall_est=18.2% prompt_rows=7131/40
[2026-07-23 01:09:58] PROGRESS format=legacy_scene_graph [2/11] format_est=100.0% overall_est=18.2% prompt_rows=7137/40
[2026-07-23 01:10:03] PROGRESS format=legacy_scene_graph [2/11] format_est=100.0% overall_est=18.2% prompt_rows=7141/40
[2026-07-23 01:10:38] PROGRESS format=legacy_scene_graph [2/11] format_est=100.0% overall_est=18.2% prompt_rows=7147/40
[2026-07-23 01:10:43] PROGRESS format=legacy_scene_graph [2/11] format_est=100.0% overall_est=18.2% prompt_rows=7151/40
[2026-07-23 01:11:19] PROGRESS format=legacy_scene_graph [2/11] format_est=100.0% overall_est=18.2% prompt_rows=7155/40
[2026-07-23 01:11:24] PROGRESS format=legacy_scene_graph [2/11] format_est=100.0% overall_est=18.2% prompt_rows=7161/40
[2026-07-23 01:12:04] PROGRESS format=legacy_scene_graph [2/11] format_est=100.0% overall_est=18.2% prompt_rows=7171/40
[2026-07-23 01:12:45] PROGRESS format=legacy_scene_graph [2/11] format_est=100.0% overall_est=18.2% prompt_rows=7174/40
[2026-07-23 01:12:50] PROGRESS format=legacy_scene_graph [2/11] format_est=100.0% overall_est=18.2% prompt_rows=7181/40
[2026-07-23 01:13:30] PROGRESS format=legacy_scene_graph [2/11] format_est=100.0% overall_est=18.2% prompt_rows=7191/40
[2026-07-23 01:14:06] PROGRESS format=legacy_scene_graph [2/11] format_est=100.0% overall_est=18.2% prompt_rows=7197/40
[2026-07-23 01:14:11] PROGRESS format=legacy_scene_graph [2/11] format_est=100.0% overall_est=18.2% prompt_rows=7201/40
[2026-07-23 01:14:46] PROGRESS format=legacy_scene_graph [2/11] format_est=100.0% overall_est=18.2% prompt_rows=7211/40
[2026-07-23 01:15:26] PROGRESS format=legacy_scene_graph [2/11] format_est=100.0% overall_est=18.2% prompt_rows=7221/40
[2026-07-23 01:16:07] PROGRESS format=legacy_scene_graph [2/11] format_est=100.0% overall_est=18.2% prompt_rows=7231/40
[2026-07-23 01:16:47] PROGRESS format=legacy_scene_graph [2/11] format_est=100.0% overall_est=18.2% prompt_rows=7241/40
[2026-07-23 01:17:28] PROGRESS format=legacy_scene_graph [2/11] format_est=100.0% overall_est=18.2% prompt_rows=7242/40
[2026-07-23 01:17:33] PROGRESS format=legacy_scene_graph [2/11] format_est=100.0% overall_est=18.2% prompt_rows=7251/40
[2026-07-23 01:18:13] PROGRESS format=legacy_scene_graph [2/11] format_est=100.0% overall_est=18.2% prompt_rows=7261/40
[2026-07-23 01:18:54] PROGRESS format=legacy_scene_graph [2/11] format_est=100.0% overall_est=18.2% prompt_rows=7271/40
[2026-07-23 01:19:34] PROGRESS format=legacy_scene_graph [2/11] format_est=100.0% overall_est=18.2% prompt_rows=7280/40
[2026-07-23 01:19:39] PROGRESS format=legacy_scene_graph [2/11] format_est=100.0% overall_est=18.2% prompt_rows=7281/40
[2026-07-23 01:20:14] PROGRESS format=legacy_scene_graph [2/11] format_est=100.0% overall_est=18.2% prompt_rows=7291/40
[2026-07-23 01:20:50] PROGRESS format=legacy_scene_graph [2/11] format_est=100.0% overall_est=18.2% prompt_rows=7295/40
[2026-07-23 01:20:55] PROGRESS format=legacy_scene_graph [2/11] format_est=100.0% overall_est=18.2% prompt_rows=7301/40
[2026-07-23 01:21:30] PROGRESS format=legacy_scene_graph [2/11] format_est=100.0% overall_est=18.2% prompt_rows=7311/40
[2026-07-23 01:22:11] PROGRESS format=legacy_scene_graph [2/11] format_est=100.0% overall_est=18.2% prompt_rows=7319/40
[2026-07-23 01:22:16] PROGRESS format=legacy_scene_graph [2/11] format_est=100.0% overall_est=18.2% prompt_rows=7321/40
[2026-07-23 01:22:51] PROGRESS format=legacy_scene_graph [2/11] format_est=100.0% overall_est=18.2% prompt_rows=7324/40
[2026-07-23 01:22:56] PROGRESS format=legacy_scene_graph [2/11] format_est=100.0% overall_est=18.2% prompt_rows=7331/40
[2026-07-23 01:23:37] PROGRESS format=legacy_scene_graph [2/11] format_est=100.0% overall_est=18.2% prompt_rows=7341/40
[2026-07-23 01:24:17] PROGRESS format=legacy_scene_graph [2/11] format_est=100.0% overall_est=18.2% prompt_rows=7350/40
[2026-07-23 01:24:22] PROGRESS format=legacy_scene_graph [2/11] format_est=100.0% overall_est=18.2% prompt_rows=7351/40
[2026-07-23 01:24:58] PROGRESS format=legacy_scene_graph [2/11] format_est=100.0% overall_est=18.2% prompt_rows=7361/40
[2026-07-23 01:25:38] PROGRESS format=legacy_scene_graph [2/11] format_est=100.0% overall_est=18.2% prompt_rows=7371/40
[2026-07-23 01:26:13] PROGRESS format=legacy_scene_graph [2/11] format_est=100.0% overall_est=18.2% prompt_rows=7381/40
[2026-07-23 01:26:54] PROGRESS format=legacy_scene_graph [2/11] format_est=100.0% overall_est=18.2% prompt_rows=7391/40
[2026-07-23 01:27:29] PROGRESS format=legacy_scene_graph [2/11] format_est=100.0% overall_est=18.2% prompt_rows=7392/40
[2026-07-23 01:27:34] PROGRESS format=legacy_scene_graph [2/11] format_est=100.0% overall_est=18.2% prompt_rows=7401/40
[2026-07-23 01:28:10] PROGRESS format=legacy_scene_graph [2/11] format_est=100.0% overall_est=18.2% prompt_rows=7402/40
[2026-07-23 01:28:15] PROGRESS format=legacy_scene_graph [2/11] format_est=100.0% overall_est=18.2% prompt_rows=7411/40
[2026-07-23 01:28:55] PROGRESS format=legacy_scene_graph [2/11] format_est=100.0% overall_est=18.2% prompt_rows=7421/40
[2026-07-23 01:29:36] PROGRESS format=legacy_scene_graph [2/11] format_est=100.0% overall_est=18.2% prompt_rows=7426/40
[2026-07-23 01:29:41] PROGRESS format=legacy_scene_graph [2/11] format_est=100.0% overall_est=18.2% prompt_rows=7431/40
[2026-07-23 01:30:22] PROGRESS format=legacy_scene_graph [2/11] format_est=100.0% overall_est=18.2% prompt_rows=7441/40
[2026-07-23 01:30:57] PROGRESS format=legacy_scene_graph [2/11] format_est=100.0% overall_est=18.2% prompt_rows=7443/40
[2026-07-23 01:31:02] PROGRESS format=legacy_scene_graph [2/11] format_est=100.0% overall_est=18.2% prompt_rows=7451/40
[2026-07-23 01:31:37] PROGRESS format=legacy_scene_graph [2/11] format_est=100.0% overall_est=18.2% prompt_rows=7459/40
[2026-07-23 01:31:42] PROGRESS format=legacy_scene_graph [2/11] format_est=100.0% overall_est=18.2% prompt_rows=7461/40
[2026-07-23 01:32:18] PROGRESS format=legacy_scene_graph [2/11] format_est=100.0% overall_est=18.2% prompt_rows=7471/40
[2026-07-23 01:32:58] PROGRESS format=legacy_scene_graph [2/11] format_est=100.0% overall_est=18.2% prompt_rows=7481/40
[2026-07-23 01:33:39] PROGRESS format=legacy_scene_graph [2/11] format_est=100.0% overall_est=18.2% prompt_rows=7491/40
[2026-07-23 01:34:19] PROGRESS format=legacy_scene_graph [2/11] format_est=100.0% overall_est=18.2% prompt_rows=7497/40
[2026-07-23 01:34:24] PROGRESS format=legacy_scene_graph [2/11] format_est=100.0% overall_est=18.2% prompt_rows=7501/40
[2026-07-23 01:35:05] PROGRESS format=legacy_scene_graph [2/11] format_est=100.0% overall_est=18.2% prompt_rows=7511/40
[2026-07-23 01:35:45] PROGRESS format=legacy_scene_graph [2/11] format_est=100.0% overall_est=18.2% prompt_rows=7520/40
[2026-07-23 01:35:50] PROGRESS format=legacy_scene_graph [2/11] format_est=100.0% overall_est=18.2% prompt_rows=7521/40
[2026-07-23 01:36:26] PROGRESS format=legacy_scene_graph [2/11] format_est=100.0% overall_est=18.2% prompt_rows=7531/40
[2026-07-23 01:37:06] PROGRESS format=legacy_scene_graph [2/11] format_est=100.0% overall_est=18.2% prompt_rows=7541/40
[2026-07-23 01:37:41] PROGRESS format=legacy_scene_graph [2/11] format_est=100.0% overall_est=18.2% prompt_rows=7551/40
[2026-07-23 01:38:22] PROGRESS format=legacy_scene_graph [2/11] format_est=100.0% overall_est=18.2% prompt_rows=7560/40
[2026-07-23 01:38:27] PROGRESS format=legacy_scene_graph [2/11] format_est=100.0% overall_est=18.2% prompt_rows=7561/40
[2026-07-23 01:39:02] PROGRESS format=legacy_scene_graph [2/11] format_est=100.0% overall_est=18.2% prompt_rows=7571/40
[2026-07-23 01:39:43] PROGRESS format=legacy_scene_graph [2/11] format_est=100.0% overall_est=18.2% prompt_rows=7581/40
[2026-07-23 01:40:23] PROGRESS format=legacy_scene_graph [2/11] format_est=100.0% overall_est=18.2% prompt_rows=7588/40
[2026-07-23 01:40:28] PROGRESS format=legacy_scene_graph [2/11] format_est=100.0% overall_est=18.2% prompt_rows=7591/40
[2026-07-23 01:41:09] PROGRESS format=legacy_scene_graph [2/11] format_est=100.0% overall_est=18.2% prompt_rows=7601/40
[2026-07-23 01:41:49] PROGRESS format=legacy_scene_graph [2/11] format_est=100.0% overall_est=18.2% prompt_rows=7611/40
[2026-07-23 01:42:25] PROGRESS format=legacy_scene_graph [2/11] format_est=100.0% overall_est=18.2% prompt_rows=7614/40
[2026-07-23 01:42:30] PROGRESS format=legacy_scene_graph [2/11] format_est=100.0% overall_est=18.2% prompt_rows=7621/40
[2026-07-23 01:43:05] PROGRESS format=legacy_scene_graph [2/11] format_est=100.0% overall_est=18.2% prompt_rows=7631/40
[2026-07-23 01:43:40] PROGRESS format=legacy_scene_graph [2/11] format_est=100.0% overall_est=18.2% prompt_rows=7632/40
[2026-07-23 01:43:46] PROGRESS format=legacy_scene_graph [2/11] format_est=100.0% overall_est=18.2% prompt_rows=7641/40
[2026-07-23 01:44:21] PROGRESS format=legacy_scene_graph [2/11] format_est=100.0% overall_est=18.2% prompt_rows=7645/40
[2026-07-23 01:44:26] PROGRESS format=legacy_scene_graph [2/11] format_est=100.0% overall_est=18.2% prompt_rows=7651/40
[2026-07-23 01:45:01] PROGRESS format=legacy_scene_graph [2/11] format_est=100.0% overall_est=18.2% prompt_rows=7653/40
[2026-07-23 01:45:07] PROGRESS format=legacy_scene_graph [2/11] format_est=100.0% overall_est=18.2% prompt_rows=7661/40
[2026-07-23 01:45:47] PROGRESS format=legacy_scene_graph [2/11] format_est=100.0% overall_est=18.2% prompt_rows=7671/40
[2026-07-23 01:46:27] PROGRESS format=legacy_scene_graph [2/11] format_est=100.0% overall_est=18.2% prompt_rows=7677/40
[2026-07-23 01:46:33] PROGRESS format=legacy_scene_graph [2/11] format_est=100.0% overall_est=18.2% prompt_rows=7681/40
[2026-07-23 01:47:13] PROGRESS format=legacy_scene_graph [2/11] format_est=100.0% overall_est=18.2% prompt_rows=7689/40
[2026-07-23 01:47:18] PROGRESS format=legacy_scene_graph [2/11] format_est=100.0% overall_est=18.2% prompt_rows=7691/40
[2026-07-23 01:47:54] PROGRESS format=legacy_scene_graph [2/11] format_est=100.0% overall_est=18.2% prompt_rows=7693/40
[2026-07-23 01:47:59] PROGRESS format=legacy_scene_graph [2/11] format_est=100.0% overall_est=18.2% prompt_rows=7701/40
[2026-07-23 01:48:39] PROGRESS format=legacy_scene_graph [2/11] format_est=100.0% overall_est=18.2% prompt_rows=7711/40
[2026-07-23 01:49:20] PROGRESS format=legacy_scene_graph [2/11] format_est=100.0% overall_est=18.2% prompt_rows=7721/40
[2026-07-23 01:50:00] PROGRESS format=legacy_scene_graph [2/11] format_est=100.0% overall_est=18.2% prompt_rows=7729/40
[2026-07-23 01:50:05] PROGRESS format=legacy_scene_graph [2/11] format_est=100.0% overall_est=18.2% prompt_rows=7731/40
[2026-07-23 01:50:46] PROGRESS format=legacy_scene_graph [2/11] format_est=100.0% overall_est=18.2% prompt_rows=7741/40
[2026-07-23 01:51:31] PROGRESS format=legacy_scene_graph [2/11] format_est=100.0% overall_est=18.2% prompt_rows=7751/40
[2026-07-23 01:52:12] PROGRESS format=legacy_scene_graph [2/11] format_est=100.0% overall_est=18.2% prompt_rows=7761/40
[2026-07-23 01:52:52] PROGRESS format=legacy_scene_graph [2/11] format_est=100.0% overall_est=18.2% prompt_rows=7771/40
[2026-07-23 01:53:28] PROGRESS format=legacy_scene_graph [2/11] format_est=100.0% overall_est=18.2% prompt_rows=7781/40
[2026-07-23 01:54:08] PROGRESS format=legacy_scene_graph [2/11] format_est=100.0% overall_est=18.2% prompt_rows=7791/40
[2026-07-23 01:54:49] PROGRESS format=legacy_scene_graph [2/11] format_est=100.0% overall_est=18.2% prompt_rows=7801/40
[2026-07-23 01:55:24] PROGRESS format=legacy_scene_graph [2/11] format_est=100.0% overall_est=18.2% prompt_rows=7802/40
[2026-07-23 01:55:29] PROGRESS format=legacy_scene_graph [2/11] format_est=100.0% overall_est=18.2% prompt_rows=7811/40
[2026-07-23 01:56:10] PROGRESS format=legacy_scene_graph [2/11] format_est=100.0% overall_est=18.2% prompt_rows=7821/40
[2026-07-23 01:56:50] PROGRESS format=legacy_scene_graph [2/11] format_est=100.0% overall_est=18.2% prompt_rows=7831/40
[2026-07-23 01:57:30] PROGRESS format=legacy_scene_graph [2/11] format_est=100.0% overall_est=18.2% prompt_rows=7840/40
[2026-07-23 01:57:35] PROGRESS format=legacy_scene_graph [2/11] format_est=100.0% overall_est=18.2% prompt_rows=7841/40
[2026-07-23 01:58:11] PROGRESS format=legacy_scene_graph [2/11] format_est=100.0% overall_est=18.2% prompt_rows=7846/40
[2026-07-23 01:58:16] PROGRESS format=legacy_scene_graph [2/11] format_est=100.0% overall_est=18.2% prompt_rows=7851/40
[2026-07-23 01:58:51] PROGRESS format=legacy_scene_graph [2/11] format_est=100.0% overall_est=18.2% prompt_rows=7861/40
[2026-07-23 01:59:27] PROGRESS format=legacy_scene_graph [2/11] format_est=100.0% overall_est=18.2% prompt_rows=7864/40
[2026-07-23 01:59:32] PROGRESS format=legacy_scene_graph [2/11] format_est=100.0% overall_est=18.2% prompt_rows=7871/40
[2026-07-23 02:00:07] PROGRESS format=legacy_scene_graph [2/11] format_est=100.0% overall_est=18.2% prompt_rows=7879/40
[2026-07-23 02:00:12] PROGRESS format=legacy_scene_graph [2/11] format_est=100.0% overall_est=18.2% prompt_rows=7881/40
[2026-07-23 02:00:48] PROGRESS format=legacy_scene_graph [2/11] format_est=100.0% overall_est=18.2% prompt_rows=7891/40
[2026-07-23 02:01:28] PROGRESS format=legacy_scene_graph [2/11] format_est=100.0% overall_est=18.2% prompt_rows=7897/40
[2026-07-23 02:01:33] PROGRESS format=legacy_scene_graph [2/11] format_est=100.0% overall_est=18.2% prompt_rows=7901/40
[2026-07-23 02:02:14] PROGRESS format=legacy_scene_graph [2/11] format_est=100.0% overall_est=18.2% prompt_rows=7911/40
[2026-07-23 02:02:54] PROGRESS format=legacy_scene_graph [2/11] format_est=100.0% overall_est=18.2% prompt_rows=7921/40
[2026-07-23 02:03:35] PROGRESS format=legacy_scene_graph [2/11] format_est=100.0% overall_est=18.2% prompt_rows=7931/40
[2026-07-23 02:04:10] PROGRESS format=legacy_scene_graph [2/11] format_est=100.0% overall_est=18.2% prompt_rows=7936/40
[2026-07-23 02:04:15] PROGRESS format=legacy_scene_graph [2/11] format_est=100.0% overall_est=18.2% prompt_rows=7941/40
[2026-07-23 02:04:51] PROGRESS format=legacy_scene_graph [2/11] format_est=100.0% overall_est=18.2% prompt_rows=7951/40
[2026-07-23 02:05:31] PROGRESS format=legacy_scene_graph [2/11] format_est=100.0% overall_est=18.2% prompt_rows=7961/40
[2026-07-23 02:06:11] PROGRESS format=legacy_scene_graph [2/11] format_est=100.0% overall_est=18.2% prompt_rows=7971/40
[2026-07-23 02:06:52] PROGRESS format=legacy_scene_graph [2/11] format_est=100.0% overall_est=18.2% prompt_rows=7979/40
[2026-07-23 02:06:57] PROGRESS format=legacy_scene_graph [2/11] format_est=100.0% overall_est=18.2% prompt_rows=7981/40
[2026-07-23 02:07:32] PROGRESS format=legacy_scene_graph [2/11] format_est=100.0% overall_est=18.2% prompt_rows=7982/40
[2026-07-23 02:07:37] PROGRESS format=legacy_scene_graph [2/11] format_est=100.0% overall_est=18.2% prompt_rows=7991/40
[2026-07-23 02:08:18] PROGRESS format=legacy_scene_graph [2/11] format_est=100.0% overall_est=18.2% prompt_rows=8001/40
[2026-07-23 02:08:58] PROGRESS format=legacy_scene_graph [2/11] format_est=100.0% overall_est=18.2% prompt_rows=8011/40
[2026-07-23 02:09:39] PROGRESS format=legacy_scene_graph [2/11] format_est=100.0% overall_est=18.2% prompt_rows=8021/40
[2026-07-23 02:10:14] PROGRESS format=legacy_scene_graph [2/11] format_est=100.0% overall_est=18.2% prompt_rows=8028/40
[2026-07-23 02:10:19] PROGRESS format=legacy_scene_graph [2/11] format_est=100.0% overall_est=18.2% prompt_rows=8031/40
[2026-07-23 02:10:55] PROGRESS format=legacy_scene_graph [2/11] format_est=100.0% overall_est=18.2% prompt_rows=8041/40
[2026-07-23 02:11:35] PROGRESS format=legacy_scene_graph [2/11] format_est=100.0% overall_est=18.2% prompt_rows=8051/40
[2026-07-23 02:12:15] PROGRESS format=legacy_scene_graph [2/11] format_est=100.0% overall_est=18.2% prompt_rows=8061/40
[2026-07-23 02:12:56] PROGRESS format=legacy_scene_graph [2/11] format_est=100.0% overall_est=18.2% prompt_rows=8064/40
[2026-07-23 02:13:01] PROGRESS format=legacy_scene_graph [2/11] format_est=100.0% overall_est=18.2% prompt_rows=8071/40
[2026-07-23 02:13:42] PROGRESS format=legacy_scene_graph [2/11] format_est=100.0% overall_est=18.2% prompt_rows=8072/40
[2026-07-23 02:13:47] PROGRESS format=legacy_scene_graph [2/11] format_est=100.0% overall_est=18.2% prompt_rows=8081/40
[2026-07-23 02:14:27] PROGRESS format=legacy_scene_graph [2/11] format_est=100.0% overall_est=18.2% prompt_rows=8087/40
[2026-07-23 02:14:32] PROGRESS format=legacy_scene_graph [2/11] format_est=100.0% overall_est=18.2% prompt_rows=8091/40
[2026-07-23 02:15:08] PROGRESS format=legacy_scene_graph [2/11] format_est=100.0% overall_est=18.2% prompt_rows=8094/40
[2026-07-23 02:15:13] PROGRESS format=legacy_scene_graph [2/11] format_est=100.0% overall_est=18.2% prompt_rows=8101/40
[2026-07-23 02:15:48] PROGRESS format=legacy_scene_graph [2/11] format_est=100.0% overall_est=18.2% prompt_rows=8108/40
[2026-07-23 02:15:53] PROGRESS format=legacy_scene_graph [2/11] format_est=100.0% overall_est=18.2% prompt_rows=8111/40
[2026-07-23 02:16:29] PROGRESS format=legacy_scene_graph [2/11] format_est=100.0% overall_est=18.2% prompt_rows=8120/40
[2026-07-23 02:16:34] PROGRESS format=legacy_scene_graph [2/11] format_est=100.0% overall_est=18.2% prompt_rows=8121/40
[2026-07-23 02:17:09] PROGRESS format=legacy_scene_graph [2/11] format_est=100.0% overall_est=18.2% prompt_rows=8131/40
[2026-07-23 02:17:50] PROGRESS format=legacy_scene_graph [2/11] format_est=100.0% overall_est=18.2% prompt_rows=8141/40
[2026-07-23 02:18:30] PROGRESS format=legacy_scene_graph [2/11] format_est=100.0% overall_est=18.2% prompt_rows=8151/40
[2026-07-23 02:19:11] PROGRESS format=legacy_scene_graph [2/11] format_est=100.0% overall_est=18.2% prompt_rows=8160/40
[2026-07-23 02:19:16] PROGRESS format=legacy_scene_graph [2/11] format_est=100.0% overall_est=18.2% prompt_rows=8161/40
[2026-07-23 02:19:51] PROGRESS format=legacy_scene_graph [2/11] format_est=100.0% overall_est=18.2% prompt_rows=8166/40
[2026-07-23 02:19:56] PROGRESS format=legacy_scene_graph [2/11] format_est=100.0% overall_est=18.2% prompt_rows=8171/40
[2026-07-23 02:20:32] PROGRESS format=legacy_scene_graph [2/11] format_est=100.0% overall_est=18.2% prompt_rows=8177/40
[2026-07-23 02:20:37] PROGRESS format=legacy_scene_graph [2/11] format_est=100.0% overall_est=18.2% prompt_rows=8181/40
[2026-07-23 02:21:12] PROGRESS format=legacy_scene_graph [2/11] format_est=100.0% overall_est=18.2% prompt_rows=8191/40
[2026-07-23 02:21:48] PROGRESS format=legacy_scene_graph [2/11] format_est=100.0% overall_est=18.2% prompt_rows=8196/40
[2026-07-23 02:21:53] PROGRESS format=legacy_scene_graph [2/11] format_est=100.0% overall_est=18.2% prompt_rows=8201/40
[2026-07-23 02:22:28] PROGRESS format=legacy_scene_graph [2/11] format_est=100.0% overall_est=18.2% prompt_rows=8211/40
[2026-07-23 02:23:08] PROGRESS format=legacy_scene_graph [2/11] format_est=100.0% overall_est=18.2% prompt_rows=8221/40
[2026-07-23 02:23:49] PROGRESS format=legacy_scene_graph [2/11] format_est=100.0% overall_est=18.2% prompt_rows=8231/40
[2026-07-23 02:24:29] PROGRESS format=legacy_scene_graph [2/11] format_est=100.0% overall_est=18.2% prompt_rows=8239/40
[2026-07-23 02:24:35] PROGRESS format=legacy_scene_graph [2/11] format_est=100.0% overall_est=18.2% prompt_rows=8241/40
[2026-07-23 02:25:10] PROGRESS format=legacy_scene_graph [2/11] format_est=100.0% overall_est=18.2% prompt_rows=8249/40
[2026-07-23 02:25:15] PROGRESS format=legacy_scene_graph [2/11] format_est=100.0% overall_est=18.2% prompt_rows=8251/40
[2026-07-23 02:25:50] PROGRESS format=legacy_scene_graph [2/11] format_est=100.0% overall_est=18.2% prompt_rows=8261/40
[2026-07-23 02:26:36] PROGRESS format=legacy_scene_graph [2/11] format_est=100.0% overall_est=18.2% prompt_rows=8271/40
[2026-07-23 02:27:12] PROGRESS format=legacy_scene_graph [2/11] format_est=100.0% overall_est=18.2% prompt_rows=8273/40
[2026-07-23 02:27:17] PROGRESS format=legacy_scene_graph [2/11] format_est=100.0% overall_est=18.2% prompt_rows=8281/40
[2026-07-23 02:27:57] PROGRESS format=legacy_scene_graph [2/11] format_est=100.0% overall_est=18.2% prompt_rows=8291/40
[2026-07-23 02:28:38] PROGRESS format=legacy_scene_graph [2/11] format_est=100.0% overall_est=18.2% prompt_rows=8301/40
[2026-07-23 02:29:18] PROGRESS format=legacy_scene_graph [2/11] format_est=100.0% overall_est=18.2% prompt_rows=8311/40
[2026-07-23 02:29:59] PROGRESS format=legacy_scene_graph [2/11] format_est=100.0% overall_est=18.2% prompt_rows=8319/40
[2026-07-23 02:30:04] PROGRESS format=legacy_scene_graph [2/11] format_est=100.0% overall_est=18.2% prompt_rows=8321/40
[2026-07-23 02:30:39] PROGRESS format=legacy_scene_graph [2/11] format_est=100.0% overall_est=18.2% prompt_rows=8328/40
[2026-07-23 02:30:44] PROGRESS format=legacy_scene_graph [2/11] format_est=100.0% overall_est=18.2% prompt_rows=8331/40
[2026-07-23 02:31:20] PROGRESS format=legacy_scene_graph [2/11] format_est=100.0% overall_est=18.2% prompt_rows=8341/40
[2026-07-23 02:31:55] PROGRESS format=legacy_scene_graph [2/11] format_est=100.0% overall_est=18.2% prompt_rows=8342/40
[2026-07-23 02:32:00] PROGRESS format=legacy_scene_graph [2/11] format_est=100.0% overall_est=18.2% prompt_rows=8351/40
[2026-07-23 02:32:36] PROGRESS format=legacy_scene_graph [2/11] format_est=100.0% overall_est=18.2% prompt_rows=8361/40
[2026-07-23 02:33:11] PROGRESS format=legacy_scene_graph [2/11] format_est=100.0% overall_est=18.2% prompt_rows=8362/40
[2026-07-23 02:33:16] PROGRESS format=legacy_scene_graph [2/11] format_est=100.0% overall_est=18.2% prompt_rows=8371/40
[2026-07-23 02:33:51] PROGRESS format=legacy_scene_graph [2/11] format_est=100.0% overall_est=18.2% prompt_rows=8377/40
[2026-07-23 02:33:57] PROGRESS format=legacy_scene_graph [2/11] format_est=100.0% overall_est=18.2% prompt_rows=8381/40
[2026-07-23 02:34:32] PROGRESS format=legacy_scene_graph [2/11] format_est=100.0% overall_est=18.2% prompt_rows=8387/40
[2026-07-23 02:34:37] PROGRESS format=legacy_scene_graph [2/11] format_est=100.0% overall_est=18.2% prompt_rows=8391/40
[2026-07-23 02:35:13] PROGRESS format=legacy_scene_graph [2/11] format_est=100.0% overall_est=18.2% prompt_rows=8393/40
[2026-07-23 02:35:18] PROGRESS format=legacy_scene_graph [2/11] format_est=100.0% overall_est=18.2% prompt_rows=8401/40
[2026-07-23 02:35:58] PROGRESS format=legacy_scene_graph [2/11] format_est=100.0% overall_est=18.2% prompt_rows=8409/40
[2026-07-23 02:36:03] PROGRESS format=legacy_scene_graph [2/11] format_est=100.0% overall_est=18.2% prompt_rows=8411/40
[2026-07-23 02:36:39] PROGRESS format=legacy_scene_graph [2/11] format_est=100.0% overall_est=18.2% prompt_rows=8421/40
[2026-07-23 02:37:14] PROGRESS format=legacy_scene_graph [2/11] format_est=100.0% overall_est=18.2% prompt_rows=8429/40
[2026-07-23 02:37:19] PROGRESS format=legacy_scene_graph [2/11] format_est=100.0% overall_est=18.2% prompt_rows=8431/40
[2026-07-23 02:37:49] PROGRESS format=legacy_scene_graph [2/11] format_est=100.0% overall_est=18.2% prompt_rows=8434/40
[2026-07-23 02:37:55] PROGRESS format=legacy_scene_graph [2/11] format_est=100.0% overall_est=18.2% prompt_rows=8441/40
[2026-07-23 02:38:30] PROGRESS format=legacy_scene_graph [2/11] format_est=100.0% overall_est=18.2% prompt_rows=8445/40
[2026-07-23 02:38:35] PROGRESS format=legacy_scene_graph [2/11] format_est=100.0% overall_est=18.2% prompt_rows=8451/40
[2026-07-23 02:39:10] PROGRESS format=legacy_scene_graph [2/11] format_est=100.0% overall_est=18.2% prompt_rows=8461/40
[2026-07-23 02:39:51] PROGRESS format=legacy_scene_graph [2/11] format_est=100.0% overall_est=18.2% prompt_rows=8471/40
[2026-07-23 02:40:26] PROGRESS format=legacy_scene_graph [2/11] format_est=100.0% overall_est=18.2% prompt_rows=8472/40
[2026-07-23 02:40:31] PROGRESS format=legacy_scene_graph [2/11] format_est=100.0% overall_est=18.2% prompt_rows=8481/40
[2026-07-23 02:41:07] PROGRESS format=legacy_scene_graph [2/11] format_est=100.0% overall_est=18.2% prompt_rows=8482/40
[2026-07-23 02:41:12] PROGRESS format=legacy_scene_graph [2/11] format_est=100.0% overall_est=18.2% prompt_rows=8491/40
[2026-07-23 02:41:53] PROGRESS format=legacy_scene_graph [2/11] format_est=100.0% overall_est=18.2% prompt_rows=8501/40
[2026-07-23 02:42:33] PROGRESS format=legacy_scene_graph [2/11] format_est=100.0% overall_est=18.2% prompt_rows=8509/40
[2026-07-23 02:42:38] PROGRESS format=legacy_scene_graph [2/11] format_est=100.0% overall_est=18.2% prompt_rows=8511/40
[2026-07-23 02:43:13] PROGRESS format=legacy_scene_graph [2/11] format_est=100.0% overall_est=18.2% prompt_rows=8521/40
[2026-07-23 02:43:49] PROGRESS format=legacy_scene_graph [2/11] format_est=100.0% overall_est=18.2% prompt_rows=8525/40
[2026-07-23 02:43:54] PROGRESS format=legacy_scene_graph [2/11] format_est=100.0% overall_est=18.2% prompt_rows=8531/40
[2026-07-23 02:44:29] PROGRESS format=legacy_scene_graph [2/11] format_est=100.0% overall_est=18.2% prompt_rows=8541/40
[2026-07-23 02:45:05] PROGRESS format=legacy_scene_graph [2/11] format_est=100.0% overall_est=18.2% prompt_rows=8551/40
[2026-07-23 02:45:45] PROGRESS format=legacy_scene_graph [2/11] format_est=100.0% overall_est=18.2% prompt_rows=8561/40
[2026-07-23 02:46:21] PROGRESS format=legacy_scene_graph [2/11] format_est=100.0% overall_est=18.2% prompt_rows=8567/40
[2026-07-23 02:46:26] PROGRESS format=legacy_scene_graph [2/11] format_est=100.0% overall_est=18.2% prompt_rows=8571/40
[2026-07-23 02:47:01] PROGRESS format=legacy_scene_graph [2/11] format_est=100.0% overall_est=18.2% prompt_rows=8579/40
[2026-07-23 02:47:07] PROGRESS format=legacy_scene_graph [2/11] format_est=100.0% overall_est=18.2% prompt_rows=8581/40
[2026-07-23 02:47:42] PROGRESS format=legacy_scene_graph [2/11] format_est=100.0% overall_est=18.2% prompt_rows=8588/40
[2026-07-23 02:47:47] PROGRESS format=legacy_scene_graph [2/11] format_est=100.0% overall_est=18.2% prompt_rows=8591/40
[2026-07-23 02:48:22] PROGRESS format=legacy_scene_graph [2/11] format_est=100.0% overall_est=18.2% prompt_rows=8597/40
[2026-07-23 02:48:28] PROGRESS format=legacy_scene_graph [2/11] format_est=100.0% overall_est=18.2% prompt_rows=8601/40
[2026-07-23 02:49:03] PROGRESS format=legacy_scene_graph [2/11] format_est=100.0% overall_est=18.2% prompt_rows=8611/40
[2026-07-23 02:49:38] PROGRESS format=legacy_scene_graph [2/11] format_est=100.0% overall_est=18.2% prompt_rows=8614/40
[2026-07-23 02:49:43] PROGRESS format=legacy_scene_graph [2/11] format_est=100.0% overall_est=18.2% prompt_rows=8621/40
[2026-07-23 02:50:19] PROGRESS format=legacy_scene_graph [2/11] format_est=100.0% overall_est=18.2% prompt_rows=8631/40
[2026-07-23 02:50:54] PROGRESS format=legacy_scene_graph [2/11] format_est=100.0% overall_est=18.2% prompt_rows=8641/40
[2026-07-23 02:51:30] PROGRESS format=legacy_scene_graph [2/11] format_est=100.0% overall_est=18.2% prompt_rows=8643/40
[2026-07-23 02:51:35] PROGRESS format=legacy_scene_graph [2/11] format_est=100.0% overall_est=18.2% prompt_rows=8651/40
[2026-07-23 02:52:10] PROGRESS format=legacy_scene_graph [2/11] format_est=100.0% overall_est=18.2% prompt_rows=8658/40
[2026-07-23 02:52:15] PROGRESS format=legacy_scene_graph [2/11] format_est=100.0% overall_est=18.2% prompt_rows=8661/40
[2026-07-23 02:52:51] PROGRESS format=legacy_scene_graph [2/11] format_est=100.0% overall_est=18.2% prompt_rows=8671/40
[2026-07-23 02:53:31] PROGRESS format=legacy_scene_graph [2/11] format_est=100.0% overall_est=18.2% prompt_rows=8680/40
[2026-07-23 02:53:36] PROGRESS format=legacy_scene_graph [2/11] format_est=100.0% overall_est=18.2% prompt_rows=8681/40
[2026-07-23 02:54:12] PROGRESS format=legacy_scene_graph [2/11] format_est=100.0% overall_est=18.2% prompt_rows=8682/40
[2026-07-23 02:54:17] PROGRESS format=legacy_scene_graph [2/11] format_est=100.0% overall_est=18.2% prompt_rows=8691/40
[2026-07-23 02:54:52] PROGRESS format=legacy_scene_graph [2/11] format_est=100.0% overall_est=18.2% prompt_rows=8701/40
[2026-07-23 02:55:28] PROGRESS format=legacy_scene_graph [2/11] format_est=100.0% overall_est=18.2% prompt_rows=8705/40
[2026-07-23 02:55:33] PROGRESS format=legacy_scene_graph [2/11] format_est=100.0% overall_est=18.2% prompt_rows=8711/40
[2026-07-23 02:56:03] PROGRESS format=legacy_scene_graph [2/11] format_est=100.0% overall_est=18.2% prompt_rows=8713/40
[2026-07-23 02:56:08] PROGRESS format=legacy_scene_graph [2/11] format_est=100.0% overall_est=18.2% prompt_rows=8721/40
[2026-07-23 02:56:44] PROGRESS format=legacy_scene_graph [2/11] format_est=100.0% overall_est=18.2% prompt_rows=8731/40
[2026-07-23 02:57:19] PROGRESS format=legacy_scene_graph [2/11] format_est=100.0% overall_est=18.2% prompt_rows=8738/40
[2026-07-23 02:57:24] PROGRESS format=legacy_scene_graph [2/11] format_est=100.0% overall_est=18.2% prompt_rows=8741/40
[2026-07-23 02:57:59] PROGRESS format=legacy_scene_graph [2/11] format_est=100.0% overall_est=18.2% prompt_rows=8751/40
[2026-07-23 02:58:40] PROGRESS format=legacy_scene_graph [2/11] format_est=100.0% overall_est=18.2% prompt_rows=8761/40
[2026-07-23 02:59:15] PROGRESS format=legacy_scene_graph [2/11] format_est=100.0% overall_est=18.2% prompt_rows=8764/40
[2026-07-23 02:59:21] PROGRESS format=legacy_scene_graph [2/11] format_est=100.0% overall_est=18.2% prompt_rows=8771/40
[2026-07-23 02:59:56] PROGRESS format=legacy_scene_graph [2/11] format_est=100.0% overall_est=18.2% prompt_rows=8775/40
[2026-07-23 03:00:01] PROGRESS format=legacy_scene_graph [2/11] format_est=100.0% overall_est=18.2% prompt_rows=8781/40
[2026-07-23 03:00:37] PROGRESS format=legacy_scene_graph [2/11] format_est=100.0% overall_est=18.2% prompt_rows=8791/40
[2026-07-23 03:01:12] PROGRESS format=legacy_scene_graph [2/11] format_est=100.0% overall_est=18.2% prompt_rows=8795/40
[2026-07-23 03:01:17] PROGRESS format=legacy_scene_graph [2/11] format_est=100.0% overall_est=18.2% prompt_rows=8801/40
[2026-07-23 03:01:53] PROGRESS format=legacy_scene_graph [2/11] format_est=100.0% overall_est=18.2% prompt_rows=8810/40
[2026-07-23 03:01:58] PROGRESS format=legacy_scene_graph [2/11] format_est=100.0% overall_est=18.2% prompt_rows=8811/40
[2026-07-23 03:02:33] PROGRESS format=legacy_scene_graph [2/11] format_est=100.0% overall_est=18.2% prompt_rows=8820/40
[2026-07-23 03:02:38] PROGRESS format=legacy_scene_graph [2/11] format_est=100.0% overall_est=18.2% prompt_rows=8821/40
[2026-07-23 03:03:13] PROGRESS format=legacy_scene_graph [2/11] format_est=100.0% overall_est=18.2% prompt_rows=8831/40
[2026-07-23 03:03:54] PROGRESS format=legacy_scene_graph [2/11] format_est=100.0% overall_est=18.2% prompt_rows=8839/40
[2026-07-23 03:03:59] PROGRESS format=legacy_scene_graph [2/11] format_est=100.0% overall_est=18.2% prompt_rows=8841/40
[2026-07-23 03:04:34] PROGRESS format=legacy_scene_graph [2/11] format_est=100.0% overall_est=18.2% prompt_rows=8851/40
[2026-07-23 03:05:15] PROGRESS format=legacy_scene_graph [2/11] format_est=100.0% overall_est=18.2% prompt_rows=8861/40
[2026-07-23 03:05:55] PROGRESS format=legacy_scene_graph [2/11] format_est=100.0% overall_est=18.2% prompt_rows=8870/40
[2026-07-23 03:06:01] PROGRESS format=legacy_scene_graph [2/11] format_est=100.0% overall_est=18.2% prompt_rows=8871/40
[2026-07-23 03:06:36] PROGRESS format=legacy_scene_graph [2/11] format_est=100.0% overall_est=18.2% prompt_rows=8873/40
[2026-07-23 03:06:41] PROGRESS format=legacy_scene_graph [2/11] format_est=100.0% overall_est=18.2% prompt_rows=8881/40
[2026-07-23 03:07:22] PROGRESS format=legacy_scene_graph [2/11] format_est=100.0% overall_est=18.2% prompt_rows=8891/40
[2026-07-23 03:07:57] PROGRESS format=legacy_scene_graph [2/11] format_est=100.0% overall_est=18.2% prompt_rows=8892/40
[2026-07-23 03:08:02] PROGRESS format=legacy_scene_graph [2/11] format_est=100.0% overall_est=18.2% prompt_rows=8901/40
[2026-07-23 03:08:38] PROGRESS format=legacy_scene_graph [2/11] format_est=100.0% overall_est=18.2% prompt_rows=8911/40
[2026-07-23 03:09:13] PROGRESS format=legacy_scene_graph [2/11] format_est=100.0% overall_est=18.2% prompt_rows=8918/40
[2026-07-23 03:09:18] PROGRESS format=legacy_scene_graph [2/11] format_est=100.0% overall_est=18.2% prompt_rows=8921/40
[2026-07-23 03:09:54] PROGRESS format=legacy_scene_graph [2/11] format_est=100.0% overall_est=18.2% prompt_rows=8931/40
[2026-07-23 03:10:29] PROGRESS format=legacy_scene_graph [2/11] format_est=100.0% overall_est=18.2% prompt_rows=8940/40
[2026-07-23 03:10:34] PROGRESS format=legacy_scene_graph [2/11] format_est=100.0% overall_est=18.2% prompt_rows=8941/40
[2026-07-23 03:11:09] PROGRESS format=legacy_scene_graph [2/11] format_est=100.0% overall_est=18.2% prompt_rows=8951/40
[2026-07-23 03:11:50] PROGRESS format=legacy_scene_graph [2/11] format_est=100.0% overall_est=18.2% prompt_rows=8960/40
[2026-07-23 03:11:55] PROGRESS format=legacy_scene_graph [2/11] format_est=100.0% overall_est=18.2% prompt_rows=8961/40
[2026-07-23 03:12:36] PROGRESS format=legacy_scene_graph [2/11] format_est=100.0% overall_est=18.2% prompt_rows=8971/40
[2026-07-23 03:13:16] PROGRESS format=legacy_scene_graph [2/11] format_est=100.0% overall_est=18.2% prompt_rows=8981/40
[2026-07-23 03:13:56] PROGRESS format=legacy_scene_graph [2/11] format_est=100.0% overall_est=18.2% prompt_rows=8991/40
[2026-07-23 03:14:32] PROGRESS format=legacy_scene_graph [2/11] format_est=100.0% overall_est=18.2% prompt_rows=9001/40
[2026-07-23 03:15:07] PROGRESS format=legacy_scene_graph [2/11] format_est=100.0% overall_est=18.2% prompt_rows=9008/40
[2026-07-23 03:15:12] PROGRESS format=legacy_scene_graph [2/11] format_est=100.0% overall_est=18.2% prompt_rows=9011/40
[2026-07-23 03:15:48] PROGRESS format=legacy_scene_graph [2/11] format_est=100.0% overall_est=18.2% prompt_rows=9021/40
[2026-07-23 03:16:23] PROGRESS format=legacy_scene_graph [2/11] format_est=100.0% overall_est=18.2% prompt_rows=9031/40
[2026-07-23 03:17:04] PROGRESS format=legacy_scene_graph [2/11] format_est=100.0% overall_est=18.2% prompt_rows=9041/40
[2026-07-23 03:17:39] PROGRESS format=legacy_scene_graph [2/11] format_est=100.0% overall_est=18.2% prompt_rows=9043/40
[2026-07-23 03:17:44] PROGRESS format=legacy_scene_graph [2/11] format_est=100.0% overall_est=18.2% prompt_rows=9051/40
[2026-07-23 03:18:20] PROGRESS format=legacy_scene_graph [2/11] format_est=100.0% overall_est=18.2% prompt_rows=9052/40
[2026-07-23 03:18:25] PROGRESS format=legacy_scene_graph [2/11] format_est=100.0% overall_est=18.2% prompt_rows=9061/40
[2026-07-23 03:19:00] PROGRESS format=legacy_scene_graph [2/11] format_est=100.0% overall_est=18.2% prompt_rows=9066/40
[2026-07-23 03:19:05] PROGRESS format=legacy_scene_graph [2/11] format_est=100.0% overall_est=18.2% prompt_rows=9071/40
[2026-07-23 03:19:41] PROGRESS format=legacy_scene_graph [2/11] format_est=100.0% overall_est=18.2% prompt_rows=9081/40
[2026-07-23 03:20:21] PROGRESS format=legacy_scene_graph [2/11] format_est=100.0% overall_est=18.2% prompt_rows=9090/40
[2026-07-23 03:20:26] PROGRESS format=legacy_scene_graph [2/11] format_est=100.0% overall_est=18.2% prompt_rows=9091/40
[2026-07-23 03:21:07] PROGRESS format=legacy_scene_graph [2/11] format_est=100.0% overall_est=18.2% prompt_rows=9101/40
[2026-07-23 03:21:53] PROGRESS format=legacy_scene_graph [2/11] format_est=100.0% overall_est=18.2% prompt_rows=9107/40
[2026-07-23 03:21:58] PROGRESS format=legacy_scene_graph [2/11] format_est=100.0% overall_est=18.2% prompt_rows=9111/40
[2026-07-23 03:22:38] PROGRESS format=legacy_scene_graph [2/11] format_est=100.0% overall_est=18.2% prompt_rows=9117/40
[2026-07-23 03:22:44] PROGRESS format=legacy_scene_graph [2/11] format_est=100.0% overall_est=18.2% prompt_rows=9121/40
[2026-07-23 03:23:24] PROGRESS format=legacy_scene_graph [2/11] format_est=100.0% overall_est=18.2% prompt_rows=9127/40
[2026-07-23 03:23:29] PROGRESS format=legacy_scene_graph [2/11] format_est=100.0% overall_est=18.2% prompt_rows=9131/40
[2026-07-23 03:24:15] PROGRESS format=legacy_scene_graph [2/11] format_est=100.0% overall_est=18.2% prompt_rows=9134/40
[2026-07-23 03:24:20] PROGRESS format=legacy_scene_graph [2/11] format_est=100.0% overall_est=18.2% prompt_rows=9141/40
[2026-07-23 03:25:06] PROGRESS format=legacy_scene_graph [2/11] format_est=100.0% overall_est=18.2% prompt_rows=9142/40
[2026-07-23 03:25:11] PROGRESS format=legacy_scene_graph [2/11] format_est=100.0% overall_est=18.2% prompt_rows=9151/40
[2026-07-23 03:26:07] PROGRESS format=legacy_scene_graph [2/11] format_est=100.0% overall_est=18.2% prompt_rows=9161/40
[2026-07-23 03:27:03] PROGRESS format=legacy_scene_graph [2/11] format_est=100.0% overall_est=18.2% prompt_rows=9171/40
[2026-07-23 03:27:54] PROGRESS format=legacy_scene_graph [2/11] format_est=100.0% overall_est=18.2% prompt_rows=9180/40
[2026-07-23 03:27:59] PROGRESS format=legacy_scene_graph [2/11] format_est=100.0% overall_est=18.2% prompt_rows=9181/40
[2026-07-23 03:28:45] PROGRESS format=legacy_scene_graph [2/11] format_est=100.0% overall_est=18.2% prompt_rows=9190/40
[2026-07-23 03:28:50] PROGRESS format=legacy_scene_graph [2/11] format_est=100.0% overall_est=18.2% prompt_rows=9191/40
[2026-07-23 03:29:36] PROGRESS format=legacy_scene_graph [2/11] format_est=100.0% overall_est=18.2% prompt_rows=9197/40
[2026-07-23 03:29:41] PROGRESS format=legacy_scene_graph [2/11] format_est=100.0% overall_est=18.2% prompt_rows=9201/40
[2026-07-23 03:30:27] PROGRESS format=legacy_scene_graph [2/11] format_est=100.0% overall_est=18.2% prompt_rows=9202/40
[2026-07-23 03:30:32] PROGRESS format=legacy_scene_graph [2/11] format_est=100.0% overall_est=18.2% prompt_rows=9211/40
[2026-07-23 03:31:23] PROGRESS format=legacy_scene_graph [2/11] format_est=100.0% overall_est=18.2% prompt_rows=9221/40
[2026-07-23 03:32:09] PROGRESS format=legacy_scene_graph [2/11] format_est=100.0% overall_est=18.2% prompt_rows=9230/40
[2026-07-23 03:32:14] PROGRESS format=legacy_scene_graph [2/11] format_est=100.0% overall_est=18.2% prompt_rows=9231/40
[2026-07-23 03:33:00] PROGRESS format=legacy_scene_graph [2/11] format_est=100.0% overall_est=18.2% prompt_rows=9240/40
[2026-07-23 03:33:05] PROGRESS format=legacy_scene_graph [2/11] format_est=100.0% overall_est=18.2% prompt_rows=9241/40
[2026-07-23 03:33:56] PROGRESS format=legacy_scene_graph [2/11] format_est=100.0% overall_est=18.2% prompt_rows=9251/40
[2026-07-23 03:34:47] PROGRESS format=legacy_scene_graph [2/11] format_est=100.0% overall_est=18.2% prompt_rows=9261/40
[2026-07-23 03:35:38] PROGRESS format=legacy_scene_graph [2/11] format_est=100.0% overall_est=18.2% prompt_rows=9271/40
[2026-07-23 03:36:28] PROGRESS format=legacy_scene_graph [2/11] format_est=100.0% overall_est=18.2% prompt_rows=9281/40
[2026-07-23 03:37:19] PROGRESS format=legacy_scene_graph [2/11] format_est=100.0% overall_est=18.2% prompt_rows=9288/40
[2026-07-23 03:37:24] PROGRESS format=legacy_scene_graph [2/11] format_est=100.0% overall_est=18.2% prompt_rows=9291/40
[2026-07-23 03:38:10] PROGRESS format=legacy_scene_graph [2/11] format_est=100.0% overall_est=18.2% prompt_rows=9301/40
[2026-07-23 03:38:56] PROGRESS format=legacy_scene_graph [2/11] format_est=100.0% overall_est=18.2% prompt_rows=9311/40
[2026-07-23 03:39:47] PROGRESS format=legacy_scene_graph [2/11] format_est=100.0% overall_est=18.2% prompt_rows=9321/40
[2026-07-23 03:40:33] PROGRESS format=legacy_scene_graph [2/11] format_est=100.0% overall_est=18.2% prompt_rows=9327/40
[2026-07-23 03:40:38] PROGRESS format=legacy_scene_graph [2/11] format_est=100.0% overall_est=18.2% prompt_rows=9331/40
[2026-07-23 03:41:23] PROGRESS format=legacy_scene_graph [2/11] format_est=100.0% overall_est=18.2% prompt_rows=9341/40
[2026-07-23 03:42:20] PROGRESS format=legacy_scene_graph [2/11] format_est=100.0% overall_est=18.2% prompt_rows=9351/40
[2026-07-23 03:43:11] PROGRESS format=legacy_scene_graph [2/11] format_est=100.0% overall_est=18.2% prompt_rows=9361/40
[2026-07-23 03:44:02] PROGRESS format=legacy_scene_graph [2/11] format_est=100.0% overall_est=18.2% prompt_rows=9370/40
[2026-07-23 03:44:07] PROGRESS format=legacy_scene_graph [2/11] format_est=100.0% overall_est=18.2% prompt_rows=9371/40
[2026-07-23 03:44:53] PROGRESS format=legacy_scene_graph [2/11] format_est=100.0% overall_est=18.2% prompt_rows=9378/40
[2026-07-23 03:44:58] PROGRESS format=legacy_scene_graph [2/11] format_est=100.0% overall_est=18.2% prompt_rows=9381/40
[2026-07-23 03:45:43] PROGRESS format=legacy_scene_graph [2/11] format_est=100.0% overall_est=18.2% prompt_rows=9388/40
[2026-07-23 03:45:49] PROGRESS format=legacy_scene_graph [2/11] format_est=100.0% overall_est=18.2% prompt_rows=9391/40
[2026-07-23 03:46:34] PROGRESS format=legacy_scene_graph [2/11] format_est=100.0% overall_est=18.2% prompt_rows=9396/40
[2026-07-23 03:46:40] PROGRESS format=legacy_scene_graph [2/11] format_est=100.0% overall_est=18.2% prompt_rows=9401/40
[2026-07-23 03:47:25] PROGRESS format=legacy_scene_graph [2/11] format_est=100.0% overall_est=18.2% prompt_rows=9407/40
[2026-07-23 03:47:30] PROGRESS format=legacy_scene_graph [2/11] format_est=100.0% overall_est=18.2% prompt_rows=9411/40
[2026-07-23 03:48:16] PROGRESS format=legacy_scene_graph [2/11] format_est=100.0% overall_est=18.2% prompt_rows=9418/40
[2026-07-23 03:48:21] PROGRESS format=legacy_scene_graph [2/11] format_est=100.0% overall_est=18.2% prompt_rows=9421/40
[2026-07-23 03:49:07] PROGRESS format=legacy_scene_graph [2/11] format_est=100.0% overall_est=18.2% prompt_rows=9430/40
[2026-07-23 03:49:12] PROGRESS format=legacy_scene_graph [2/11] format_est=100.0% overall_est=18.2% prompt_rows=9431/40
[2026-07-23 03:49:58] PROGRESS format=legacy_scene_graph [2/11] format_est=100.0% overall_est=18.2% prompt_rows=9435/40
[2026-07-23 03:50:03] PROGRESS format=legacy_scene_graph [2/11] format_est=100.0% overall_est=18.2% prompt_rows=9441/40
[2026-07-23 03:50:54] PROGRESS format=legacy_scene_graph [2/11] format_est=100.0% overall_est=18.2% prompt_rows=9451/40
[2026-07-23 03:51:45] PROGRESS format=legacy_scene_graph [2/11] format_est=100.0% overall_est=18.2% prompt_rows=9459/40
[2026-07-23 03:51:50] PROGRESS format=legacy_scene_graph [2/11] format_est=100.0% overall_est=18.2% prompt_rows=9461/40
[2026-07-23 03:52:36] PROGRESS format=legacy_scene_graph [2/11] format_est=100.0% overall_est=18.2% prompt_rows=9471/40
[2026-07-23 03:53:22] PROGRESS format=legacy_scene_graph [2/11] format_est=100.0% overall_est=18.2% prompt_rows=9478/40
[2026-07-23 03:53:27] PROGRESS format=legacy_scene_graph [2/11] format_est=100.0% overall_est=18.2% prompt_rows=9481/40
[2026-07-23 03:54:13] PROGRESS format=legacy_scene_graph [2/11] format_est=100.0% overall_est=18.2% prompt_rows=9491/40
[2026-07-23 03:54:58] PROGRESS format=legacy_scene_graph [2/11] format_est=100.0% overall_est=18.2% prompt_rows=9499/40
[2026-07-23 03:55:04] PROGRESS format=legacy_scene_graph [2/11] format_est=100.0% overall_est=18.2% prompt_rows=9501/40
[2026-07-23 03:55:49] PROGRESS format=legacy_scene_graph [2/11] format_est=100.0% overall_est=18.2% prompt_rows=9511/40
[2026-07-23 03:56:40] PROGRESS format=legacy_scene_graph [2/11] format_est=100.0% overall_est=18.2% prompt_rows=9520/40
[2026-07-23 03:56:45] PROGRESS format=legacy_scene_graph [2/11] format_est=100.0% overall_est=18.2% prompt_rows=9521/40
[2026-07-23 03:57:36] PROGRESS format=legacy_scene_graph [2/11] format_est=100.0% overall_est=18.2% prompt_rows=9531/40
[2026-07-23 03:58:27] PROGRESS format=legacy_scene_graph [2/11] format_est=100.0% overall_est=18.2% prompt_rows=9541/40
[2026-07-23 03:59:18] PROGRESS format=legacy_scene_graph [2/11] format_est=100.0% overall_est=18.2% prompt_rows=9550/40
[2026-07-23 03:59:23] PROGRESS format=legacy_scene_graph [2/11] format_est=100.0% overall_est=18.2% prompt_rows=9551/40
[2026-07-23 04:00:04] PROGRESS format=legacy_scene_graph [2/11] format_est=100.0% overall_est=18.2% prompt_rows=9557/40
[2026-07-23 04:00:09] PROGRESS format=legacy_scene_graph [2/11] format_est=100.0% overall_est=18.2% prompt_rows=9561/40
[2026-07-23 04:00:50] PROGRESS format=legacy_scene_graph [2/11] format_est=100.0% overall_est=18.2% prompt_rows=9568/40
[2026-07-23 04:00:55] PROGRESS format=legacy_scene_graph [2/11] format_est=100.0% overall_est=18.2% prompt_rows=9571/40
[2026-07-23 04:01:35] PROGRESS format=legacy_scene_graph [2/11] format_est=100.0% overall_est=18.2% prompt_rows=9573/40
[2026-07-23 04:01:41] PROGRESS format=legacy_scene_graph [2/11] format_est=100.0% overall_est=18.2% prompt_rows=9581/40
[2026-07-23 04:02:26] PROGRESS format=legacy_scene_graph [2/11] format_est=100.0% overall_est=18.2% prompt_rows=9591/40
[2026-07-23 04:03:12] PROGRESS format=legacy_scene_graph [2/11] format_est=100.0% overall_est=18.2% prompt_rows=9601/40
[2026-07-23 04:03:58] PROGRESS format=legacy_scene_graph [2/11] format_est=100.0% overall_est=18.2% prompt_rows=9603/40
[2026-07-23 04:04:03] PROGRESS format=legacy_scene_graph [2/11] format_est=100.0% overall_est=18.2% prompt_rows=9611/40
[2026-07-23 04:04:59] PROGRESS format=legacy_scene_graph [2/11] format_est=100.0% overall_est=18.2% prompt_rows=9621/40
[2026-07-23 04:05:45] PROGRESS format=legacy_scene_graph [2/11] format_est=100.0% overall_est=18.2% prompt_rows=9624/40
[2026-07-23 04:05:50] PROGRESS format=legacy_scene_graph [2/11] format_est=100.0% overall_est=18.2% prompt_rows=9631/40
[2026-07-23 04:06:51] PROGRESS format=legacy_scene_graph [2/11] format_est=100.0% overall_est=18.2% prompt_rows=9631/40
[2026-07-23 04:06:57] PROGRESS format=legacy_scene_graph [2/11] format_est=100.0% overall_est=18.2% prompt_rows=9637/40
[2026-07-23 04:07:02] PROGRESS format=legacy_scene_graph [2/11] format_est=100.0% overall_est=18.2% prompt_rows=9641/40
[2026-07-23 04:08:03] PROGRESS format=legacy_scene_graph [2/11] format_est=100.0% overall_est=18.2% prompt_rows=9641/40
[2026-07-23 04:08:08] PROGRESS format=legacy_scene_graph [2/11] format_est=100.0% overall_est=18.2% prompt_rows=9651/40
[2026-07-23 04:09:09] PROGRESS format=legacy_scene_graph [2/11] format_est=100.0% overall_est=18.2% prompt_rows=9651/40
[2026-07-23 04:09:14] PROGRESS format=legacy_scene_graph [2/11] format_est=100.0% overall_est=18.2% prompt_rows=9657/40
[2026-07-23 04:09:20] PROGRESS format=legacy_scene_graph [2/11] format_est=100.0% overall_est=18.2% prompt_rows=9661/40
[2026-07-23 04:10:21] PROGRESS format=legacy_scene_graph [2/11] format_est=100.0% overall_est=18.2% prompt_rows=9661/40
[2026-07-23 04:10:26] PROGRESS format=legacy_scene_graph [2/11] format_est=100.0% overall_est=18.2% prompt_rows=9664/40
[2026-07-23 04:10:31] PROGRESS format=legacy_scene_graph [2/11] format_est=100.0% overall_est=18.2% prompt_rows=9671/40
[2026-07-23 04:11:32] PROGRESS format=legacy_scene_graph [2/11] format_est=100.0% overall_est=18.2% prompt_rows=9671/40
[2026-07-23 04:11:37] PROGRESS format=legacy_scene_graph [2/11] format_est=100.0% overall_est=18.2% prompt_rows=9679/40
[2026-07-23 04:11:43] PROGRESS format=legacy_scene_graph [2/11] format_est=100.0% overall_est=18.2% prompt_rows=9681/40
[2026-07-23 04:12:44] PROGRESS format=legacy_scene_graph [2/11] format_est=100.0% overall_est=18.2% prompt_rows=9686/40
[2026-07-23 04:12:49] PROGRESS format=legacy_scene_graph [2/11] format_est=100.0% overall_est=18.2% prompt_rows=9691/40
[2026-07-23 04:13:50] PROGRESS format=legacy_scene_graph [2/11] format_est=100.0% overall_est=18.2% prompt_rows=9691/40
[2026-07-23 04:13:55] PROGRESS format=legacy_scene_graph [2/11] format_est=100.0% overall_est=18.2% prompt_rows=9701/40
[2026-07-23 04:14:57] PROGRESS format=legacy_scene_graph [2/11] format_est=100.0% overall_est=18.2% prompt_rows=9701/40
[2026-07-23 04:15:02] PROGRESS format=legacy_scene_graph [2/11] format_est=100.0% overall_est=18.2% prompt_rows=9706/40
[2026-07-23 04:15:07] PROGRESS format=legacy_scene_graph [2/11] format_est=100.0% overall_est=18.2% prompt_rows=9711/40
[2026-07-23 04:16:08] PROGRESS format=legacy_scene_graph [2/11] format_est=100.0% overall_est=18.2% prompt_rows=9714/40
[2026-07-23 04:16:14] PROGRESS format=legacy_scene_graph [2/11] format_est=100.0% overall_est=18.2% prompt_rows=9721/40
[2026-07-23 04:17:15] PROGRESS format=legacy_scene_graph [2/11] format_est=100.0% overall_est=18.2% prompt_rows=9721/40
[2026-07-23 04:17:20] PROGRESS format=legacy_scene_graph [2/11] format_est=100.0% overall_est=18.2% prompt_rows=9730/40
[2026-07-23 04:17:25] PROGRESS format=legacy_scene_graph [2/11] format_est=100.0% overall_est=18.2% prompt_rows=9731/40
[2026-07-23 04:18:26] PROGRESS format=legacy_scene_graph [2/11] format_est=100.0% overall_est=18.2% prompt_rows=9737/40
[2026-07-23 04:18:31] PROGRESS format=legacy_scene_graph [2/11] format_est=100.0% overall_est=18.2% prompt_rows=9741/40
[2026-07-23 04:19:33] PROGRESS format=legacy_scene_graph [2/11] format_est=100.0% overall_est=18.2% prompt_rows=9744/40
[2026-07-23 04:19:38] PROGRESS format=legacy_scene_graph [2/11] format_est=100.0% overall_est=18.2% prompt_rows=9751/40
[2026-07-23 04:20:39] PROGRESS format=legacy_scene_graph [2/11] format_est=100.0% overall_est=18.2% prompt_rows=9751/40
[2026-07-23 04:20:44] PROGRESS format=legacy_scene_graph [2/11] format_est=100.0% overall_est=18.2% prompt_rows=9759/40
[2026-07-23 04:20:50] PROGRESS format=legacy_scene_graph [2/11] format_est=100.0% overall_est=18.2% prompt_rows=9761/40
[2026-07-23 04:21:51] PROGRESS format=legacy_scene_graph [2/11] format_est=100.0% overall_est=18.2% prompt_rows=9761/40
[2026-07-23 04:21:56] PROGRESS format=legacy_scene_graph [2/11] format_est=100.0% overall_est=18.2% prompt_rows=9766/40
[2026-07-23 04:22:01] PROGRESS format=legacy_scene_graph [2/11] format_est=100.0% overall_est=18.2% prompt_rows=9771/40
[2026-07-23 04:23:03] PROGRESS format=legacy_scene_graph [2/11] format_est=100.0% overall_est=18.2% prompt_rows=9771/40
[2026-07-23 04:23:24] PROGRESS format=legacy_scene_graph [2/11] format_est=100.0% overall_est=18.2% prompt_rows=9776/40
[2026-07-23 04:23:29] PROGRESS format=legacy_scene_graph [2/11] format_est=100.0% overall_est=18.2% prompt_rows=9781/40
[2026-07-23 04:24:31] PROGRESS format=legacy_scene_graph [2/11] format_est=100.0% overall_est=18.2% prompt_rows=9781/40
[2026-07-23 04:24:57] PROGRESS format=legacy_scene_graph [2/11] format_est=100.0% overall_est=18.2% prompt_rows=9787/40
[2026-07-23 04:25:02] PROGRESS format=legacy_scene_graph [2/11] format_est=100.0% overall_est=18.2% prompt_rows=9791/40
[2026-07-23 04:26:04] PROGRESS format=legacy_scene_graph [2/11] format_est=100.0% overall_est=18.2% prompt_rows=9791/40
[2026-07-23 04:26:30] PROGRESS format=legacy_scene_graph [2/11] format_est=100.0% overall_est=18.2% prompt_rows=9796/40
[2026-07-23 04:26:35] PROGRESS format=legacy_scene_graph [2/11] format_est=100.0% overall_est=18.2% prompt_rows=9800/40
[2026-07-23 04:26:41] PROGRESS format=legacy_scene_graph [2/11] format_est=100.0% overall_est=18.2% prompt_rows=9801/40
[2026-07-23 04:27:43] PROGRESS format=legacy_scene_graph [2/11] format_est=100.0% overall_est=18.2% prompt_rows=9801/40
[2026-07-23 04:28:09] PROGRESS format=legacy_scene_graph [2/11] format_est=100.0% overall_est=18.2% prompt_rows=9802/40
[2026-07-23 04:28:14] PROGRESS format=legacy_scene_graph [2/11] format_est=100.0% overall_est=18.2% prompt_rows=9811/40
[2026-07-23 04:29:16] PROGRESS format=legacy_scene_graph [2/11] format_est=100.0% overall_est=18.2% prompt_rows=9811/40
[2026-07-23 04:29:42] PROGRESS format=legacy_scene_graph [2/11] format_est=100.0% overall_est=18.2% prompt_rows=9813/40
[2026-07-23 04:29:47] PROGRESS format=legacy_scene_graph [2/11] format_est=100.0% overall_est=18.2% prompt_rows=9821/40
[2026-07-23 04:30:49] PROGRESS format=legacy_scene_graph [2/11] format_est=100.0% overall_est=18.2% prompt_rows=9821/40
[2026-07-23 04:31:15] PROGRESS format=legacy_scene_graph [2/11] format_est=100.0% overall_est=18.2% prompt_rows=9822/40
[2026-07-23 04:31:20] PROGRESS format=legacy_scene_graph [2/11] format_est=100.0% overall_est=18.2% prompt_rows=9830/40
[2026-07-23 04:31:25] PROGRESS format=legacy_scene_graph [2/11] format_est=100.0% overall_est=18.2% prompt_rows=9831/40
[2026-07-23 04:32:27] PROGRESS format=legacy_scene_graph [2/11] format_est=100.0% overall_est=18.2% prompt_rows=9831/40
[2026-07-23 04:32:48] PROGRESS format=legacy_scene_graph [2/11] format_est=100.0% overall_est=18.2% prompt_rows=9832/40
[2026-07-23 04:32:53] PROGRESS format=legacy_scene_graph [2/11] format_est=100.0% overall_est=18.2% prompt_rows=9841/40
[2026-07-23 04:33:55] PROGRESS format=legacy_scene_graph [2/11] format_est=100.0% overall_est=18.2% prompt_rows=9841/40
[2026-07-23 04:34:21] PROGRESS format=legacy_scene_graph [2/11] format_est=100.0% overall_est=18.2% prompt_rows=9842/40
[2026-07-23 04:34:26] PROGRESS format=legacy_scene_graph [2/11] format_est=100.0% overall_est=18.2% prompt_rows=9851/40
[2026-07-23 04:35:29] PROGRESS format=legacy_scene_graph [2/11] format_est=100.0% overall_est=18.2% prompt_rows=9851/40
[2026-07-23 04:35:54] PROGRESS format=legacy_scene_graph [2/11] format_est=100.0% overall_est=18.2% prompt_rows=9852/40
[2026-07-23 04:36:00] PROGRESS format=legacy_scene_graph [2/11] format_est=100.0% overall_est=18.2% prompt_rows=9860/40
[2026-07-23 04:36:05] PROGRESS format=legacy_scene_graph [2/11] format_est=100.0% overall_est=18.2% prompt_rows=9861/40
[2026-07-23 04:37:07] PROGRESS format=legacy_scene_graph [2/11] format_est=100.0% overall_est=18.2% prompt_rows=9861/40
[2026-07-23 04:37:33] PROGRESS format=legacy_scene_graph [2/11] format_est=100.0% overall_est=18.2% prompt_rows=9862/40
[2026-07-23 04:37:38] PROGRESS format=legacy_scene_graph [2/11] format_est=100.0% overall_est=18.2% prompt_rows=9871/40
[2026-07-23 04:38:40] PROGRESS format=legacy_scene_graph [2/11] format_est=100.0% overall_est=18.2% prompt_rows=9871/40
[2026-07-23 04:39:00] PROGRESS format=legacy_scene_graph [2/11] format_est=100.0% overall_est=18.2% prompt_rows=9874/40
[2026-07-23 04:39:06] PROGRESS format=legacy_scene_graph [2/11] format_est=100.0% overall_est=18.2% prompt_rows=9881/40
[2026-07-23 04:40:08] PROGRESS format=legacy_scene_graph [2/11] format_est=100.0% overall_est=18.2% prompt_rows=9881/40
[2026-07-23 04:40:28] PROGRESS format=legacy_scene_graph [2/11] format_est=100.0% overall_est=18.2% prompt_rows=9887/40
[2026-07-23 04:40:33] PROGRESS format=legacy_scene_graph [2/11] format_est=100.0% overall_est=18.2% prompt_rows=9891/40
[2026-07-23 04:41:35] PROGRESS format=legacy_scene_graph [2/11] format_est=100.0% overall_est=18.2% prompt_rows=9891/40
[2026-07-23 04:41:56] PROGRESS format=legacy_scene_graph [2/11] format_est=100.0% overall_est=18.2% prompt_rows=9899/40
[2026-07-23 04:42:01] PROGRESS format=legacy_scene_graph [2/11] format_est=100.0% overall_est=18.2% prompt_rows=9901/40
[2026-07-23 04:43:03] PROGRESS format=legacy_scene_graph [2/11] format_est=100.0% overall_est=18.2% prompt_rows=9901/40
[2026-07-23 04:43:24] PROGRESS format=legacy_scene_graph [2/11] format_est=100.0% overall_est=18.2% prompt_rows=9911/40
[2026-07-23 04:44:26] PROGRESS format=legacy_scene_graph [2/11] format_est=100.0% overall_est=18.2% prompt_rows=9911/40
[2026-07-23 04:44:51] PROGRESS format=legacy_scene_graph [2/11] format_est=100.0% overall_est=18.2% prompt_rows=9919/40
[2026-07-23 04:44:57] PROGRESS format=legacy_scene_graph [2/11] format_est=100.0% overall_est=18.2% prompt_rows=9921/40
[2026-07-23 04:45:59] PROGRESS format=legacy_scene_graph [2/11] format_est=100.0% overall_est=18.2% prompt_rows=9921/40
[2026-07-23 04:46:14] PROGRESS format=legacy_scene_graph [2/11] format_est=100.0% overall_est=18.2% prompt_rows=9923/40
[2026-07-23 04:46:19] PROGRESS format=legacy_scene_graph [2/11] format_est=100.0% overall_est=18.2% prompt_rows=9931/40
[2026-07-23 04:47:21] PROGRESS format=legacy_scene_graph [2/11] format_est=100.0% overall_est=18.2% prompt_rows=9931/40
[2026-07-23 04:47:42] PROGRESS format=legacy_scene_graph [2/11] format_est=100.0% overall_est=18.2% prompt_rows=9935/40
[2026-07-23 04:47:47] PROGRESS format=legacy_scene_graph [2/11] format_est=100.0% overall_est=18.2% prompt_rows=9941/40
[2026-07-23 04:48:49] PROGRESS format=legacy_scene_graph [2/11] format_est=100.0% overall_est=18.2% prompt_rows=9941/40
[2026-07-23 04:49:10] PROGRESS format=legacy_scene_graph [2/11] format_est=100.0% overall_est=18.2% prompt_rows=9948/40
[2026-07-23 04:49:15] PROGRESS format=legacy_scene_graph [2/11] format_est=100.0% overall_est=18.2% prompt_rows=9951/40
[2026-07-23 04:50:17] PROGRESS format=legacy_scene_graph [2/11] format_est=100.0% overall_est=18.2% prompt_rows=9951/40
[2026-07-23 04:50:37] PROGRESS format=legacy_scene_graph [2/11] format_est=100.0% overall_est=18.2% prompt_rows=9960/40
[2026-07-23 04:50:43] PROGRESS format=legacy_scene_graph [2/11] format_est=100.0% overall_est=18.2% prompt_rows=9961/40
[2026-07-23 04:51:45] PROGRESS format=legacy_scene_graph [2/11] format_est=100.0% overall_est=18.2% prompt_rows=9961/40
[2026-07-23 04:52:05] PROGRESS format=legacy_scene_graph [2/11] format_est=100.0% overall_est=18.2% prompt_rows=9969/40
[2026-07-23 04:52:10] PROGRESS format=legacy_scene_graph [2/11] format_est=100.0% overall_est=18.2% prompt_rows=9971/40
[2026-07-23 04:53:12] PROGRESS format=legacy_scene_graph [2/11] format_est=100.0% overall_est=18.2% prompt_rows=9971/40
[2026-07-23 04:53:33] PROGRESS format=legacy_scene_graph [2/11] format_est=100.0% overall_est=18.2% prompt_rows=9980/40
[2026-07-23 04:53:38] PROGRESS format=legacy_scene_graph [2/11] format_est=100.0% overall_est=18.2% prompt_rows=9981/40
[2026-07-23 04:54:40] PROGRESS format=legacy_scene_graph [2/11] format_est=100.0% overall_est=18.2% prompt_rows=9981/40
[2026-07-23 04:54:56] PROGRESS format=legacy_scene_graph [2/11] format_est=100.0% overall_est=18.2% prompt_rows=9983/40
[2026-07-23 04:55:01] PROGRESS format=legacy_scene_graph [2/11] format_est=100.0% overall_est=18.2% prompt_rows=9991/40
[2026-07-23 04:56:03] PROGRESS format=legacy_scene_graph [2/11] format_est=100.0% overall_est=18.2% prompt_rows=9991/40
[2026-07-23 04:56:23] PROGRESS format=legacy_scene_graph [2/11] format_est=100.0% overall_est=18.2% prompt_rows=9995/40
[2026-07-23 04:56:28] PROGRESS format=legacy_scene_graph [2/11] format_est=100.0% overall_est=18.2% prompt_rows=10001/40
[2026-07-23 04:57:30] PROGRESS format=legacy_scene_graph [2/11] format_est=100.0% overall_est=18.2% prompt_rows=10001/40
[2026-07-23 04:57:51] PROGRESS format=legacy_scene_graph [2/11] format_est=100.0% overall_est=18.2% prompt_rows=10005/40
[2026-07-23 04:57:56] PROGRESS format=legacy_scene_graph [2/11] format_est=100.0% overall_est=18.2% prompt_rows=10011/40
[2026-07-23 04:58:58] PROGRESS format=legacy_scene_graph [2/11] format_est=100.0% overall_est=18.2% prompt_rows=10011/40
[2026-07-23 04:59:19] PROGRESS format=legacy_scene_graph [2/11] format_est=100.0% overall_est=18.2% prompt_rows=10017/40
[2026-07-23 04:59:24] PROGRESS format=legacy_scene_graph [2/11] format_est=100.0% overall_est=18.2% prompt_rows=10021/40
[2026-07-23 05:00:26] PROGRESS format=legacy_scene_graph [2/11] format_est=100.0% overall_est=18.2% prompt_rows=10021/40
[2026-07-23 05:00:46] PROGRESS format=legacy_scene_graph [2/11] format_est=100.0% overall_est=18.2% prompt_rows=10026/40
[2026-07-23 05:00:52] PROGRESS format=legacy_scene_graph [2/11] format_est=100.0% overall_est=18.2% prompt_rows=10031/40
[2026-07-23 05:01:54] PROGRESS format=legacy_scene_graph [2/11] format_est=100.0% overall_est=18.2% prompt_rows=10031/40
[2026-07-23 05:02:14] PROGRESS format=legacy_scene_graph [2/11] format_est=100.0% overall_est=18.2% prompt_rows=10033/40
[2026-07-23 05:02:19] PROGRESS format=legacy_scene_graph [2/11] format_est=100.0% overall_est=18.2% prompt_rows=10041/40
[2026-07-23 05:03:21] PROGRESS format=legacy_scene_graph [2/11] format_est=100.0% overall_est=18.2% prompt_rows=10041/40
[2026-07-23 05:03:42] PROGRESS format=legacy_scene_graph [2/11] format_est=100.0% overall_est=18.2% prompt_rows=10046/40
[2026-07-23 05:03:47] PROGRESS format=legacy_scene_graph [2/11] format_est=100.0% overall_est=18.2% prompt_rows=10051/40
[2026-07-23 05:04:49] PROGRESS format=legacy_scene_graph [2/11] format_est=100.0% overall_est=18.2% prompt_rows=10051/40
[2026-07-23 05:05:15] PROGRESS format=legacy_scene_graph [2/11] format_est=100.0% overall_est=18.2% prompt_rows=10061/40
[2026-07-23 05:06:17] PROGRESS format=legacy_scene_graph [2/11] format_est=100.0% overall_est=18.2% prompt_rows=10061/40
[2026-07-23 05:06:43] PROGRESS format=legacy_scene_graph [2/11] format_est=100.0% overall_est=18.2% prompt_rows=10068/40
[2026-07-23 05:06:48] PROGRESS format=legacy_scene_graph [2/11] format_est=100.0% overall_est=18.2% prompt_rows=10071/40
[2026-07-23 05:07:51] PROGRESS format=legacy_scene_graph [2/11] format_est=100.0% overall_est=18.2% prompt_rows=10071/40
[2026-07-23 05:08:17] PROGRESS format=legacy_scene_graph [2/11] format_est=100.0% overall_est=18.2% prompt_rows=10079/40
[2026-07-23 05:08:22] PROGRESS format=legacy_scene_graph [2/11] format_est=100.0% overall_est=18.2% prompt_rows=10080/40
[2026-07-23 05:08:37] PROGRESS format=legacy_scene_graph [2/11] format_est=100.0% overall_est=18.2% prompt_rows=10081/40
[2026-07-23 05:09:39] PROGRESS format=legacy_scene_graph [2/11] format_est=100.0% overall_est=18.2% prompt_rows=10081/40
[2026-07-23 05:10:05] PROGRESS format=legacy_scene_graph [2/11] format_est=100.0% overall_est=18.2% prompt_rows=10086/40
[2026-07-23 05:10:10] PROGRESS format=legacy_scene_graph [2/11] format_est=100.0% overall_est=18.2% prompt_rows=10091/40
[2026-07-23 05:11:13] PROGRESS format=legacy_scene_graph [2/11] format_est=100.0% overall_est=18.2% prompt_rows=10091/40
[2026-07-23 05:11:38] PROGRESS format=legacy_scene_graph [2/11] format_est=100.0% overall_est=18.2% prompt_rows=10093/40
[2026-07-23 05:11:44] PROGRESS format=legacy_scene_graph [2/11] format_est=100.0% overall_est=18.2% prompt_rows=10101/40
[2026-07-23 05:12:46] PROGRESS format=legacy_scene_graph [2/11] format_est=100.0% overall_est=18.2% prompt_rows=10101/40
[2026-07-23 05:13:17] PROGRESS format=legacy_scene_graph [2/11] format_est=100.0% overall_est=18.2% prompt_rows=10111/40
[2026-07-23 05:14:19] PROGRESS format=legacy_scene_graph [2/11] format_est=100.0% overall_est=18.2% prompt_rows=10111/40
[2026-07-23 05:14:45] PROGRESS format=legacy_scene_graph [2/11] format_est=100.0% overall_est=18.2% prompt_rows=10113/40
[2026-07-23 05:14:50] PROGRESS format=legacy_scene_graph [2/11] format_est=100.0% overall_est=18.2% prompt_rows=10121/40
[2026-07-23 05:15:52] PROGRESS format=legacy_scene_graph [2/11] format_est=100.0% overall_est=18.2% prompt_rows=10121/40
[2026-07-23 05:16:18] PROGRESS format=legacy_scene_graph [2/11] format_est=100.0% overall_est=18.2% prompt_rows=10122/40
[2026-07-23 05:16:23] PROGRESS format=legacy_scene_graph [2/11] format_est=100.0% overall_est=18.2% prompt_rows=10131/40
[2026-07-23 05:17:26] PROGRESS format=legacy_scene_graph [2/11] format_est=100.0% overall_est=18.2% prompt_rows=10131/40
[2026-07-23 05:17:52] PROGRESS format=legacy_scene_graph [2/11] format_est=100.0% overall_est=18.2% prompt_rows=10133/40
[2026-07-23 05:17:57] PROGRESS format=legacy_scene_graph [2/11] format_est=100.0% overall_est=18.2% prompt_rows=10141/40
[2026-07-23 05:18:59] PROGRESS format=legacy_scene_graph [2/11] format_est=100.0% overall_est=18.2% prompt_rows=10141/40
[2026-07-23 05:19:25] PROGRESS format=legacy_scene_graph [2/11] format_est=100.0% overall_est=18.2% prompt_rows=10143/40
[2026-07-23 05:19:30] PROGRESS format=legacy_scene_graph [2/11] format_est=100.0% overall_est=18.2% prompt_rows=10151/40
[2026-07-23 05:20:32] PROGRESS format=legacy_scene_graph [2/11] format_est=100.0% overall_est=18.2% prompt_rows=10151/40
[2026-07-23 05:20:58] PROGRESS format=legacy_scene_graph [2/11] format_est=100.0% overall_est=18.2% prompt_rows=10153/40
[2026-07-23 05:21:03] PROGRESS format=legacy_scene_graph [2/11] format_est=100.0% overall_est=18.2% prompt_rows=10161/40
[2026-07-23 05:22:06] PROGRESS format=legacy_scene_graph [2/11] format_est=100.0% overall_est=18.2% prompt_rows=10161/40
[2026-07-23 05:22:31] PROGRESS format=legacy_scene_graph [2/11] format_est=100.0% overall_est=18.2% prompt_rows=10162/40
[2026-07-23 05:22:37] PROGRESS format=legacy_scene_graph [2/11] format_est=100.0% overall_est=18.2% prompt_rows=10171/40
[2026-07-23 05:23:39] PROGRESS format=legacy_scene_graph [2/11] format_est=100.0% overall_est=18.2% prompt_rows=10171/40
[2026-07-23 05:23:59] PROGRESS format=legacy_scene_graph [2/11] format_est=100.0% overall_est=18.2% prompt_rows=10175/40
[2026-07-23 05:24:04] PROGRESS format=legacy_scene_graph [2/11] format_est=100.0% overall_est=18.2% prompt_rows=10181/40
[2026-07-23 05:25:07] PROGRESS format=legacy_scene_graph [2/11] format_est=100.0% overall_est=18.2% prompt_rows=10181/40
[2026-07-23 05:25:27] PROGRESS format=legacy_scene_graph [2/11] format_est=100.0% overall_est=18.2% prompt_rows=10186/40
[2026-07-23 05:25:32] PROGRESS format=legacy_scene_graph [2/11] format_est=100.0% overall_est=18.2% prompt_rows=10191/40
[2026-07-23 05:26:34] PROGRESS format=legacy_scene_graph [2/11] format_est=100.0% overall_est=18.2% prompt_rows=10191/40
[2026-07-23 05:26:55] PROGRESS format=legacy_scene_graph [2/11] format_est=100.0% overall_est=18.2% prompt_rows=10199/40
[2026-07-23 05:27:00] PROGRESS format=legacy_scene_graph [2/11] format_est=100.0% overall_est=18.2% prompt_rows=10201/40
[2026-07-23 05:28:02] PROGRESS format=legacy_scene_graph [2/11] format_est=100.0% overall_est=18.2% prompt_rows=10201/40
[2026-07-23 05:28:23] PROGRESS format=legacy_scene_graph [2/11] format_est=100.0% overall_est=18.2% prompt_rows=10209/40
[2026-07-23 05:28:28] PROGRESS format=legacy_scene_graph [2/11] format_est=100.0% overall_est=18.2% prompt_rows=10211/40
[2026-07-23 05:29:30] PROGRESS format=legacy_scene_graph [2/11] format_est=100.0% overall_est=18.2% prompt_rows=10211/40
[2026-07-23 05:29:46] PROGRESS format=legacy_scene_graph [2/11] format_est=100.0% overall_est=18.2% prompt_rows=10212/40
[2026-07-23 05:29:51] PROGRESS format=legacy_scene_graph [2/11] format_est=100.0% overall_est=18.2% prompt_rows=10221/40
[2026-07-23 05:30:53] PROGRESS format=legacy_scene_graph [2/11] format_est=100.0% overall_est=18.2% prompt_rows=10221/40
[2026-07-23 05:31:14] PROGRESS format=legacy_scene_graph [2/11] format_est=100.0% overall_est=18.2% prompt_rows=10225/40
[2026-07-23 05:31:19] PROGRESS format=legacy_scene_graph [2/11] format_est=100.0% overall_est=18.2% prompt_rows=10231/40
[2026-07-23 05:32:21] PROGRESS format=legacy_scene_graph [2/11] format_est=100.0% overall_est=18.2% prompt_rows=10231/40
[2026-07-23 05:32:42] PROGRESS format=legacy_scene_graph [2/11] format_est=100.0% overall_est=18.2% prompt_rows=10234/40
[2026-07-23 05:32:47] PROGRESS format=legacy_scene_graph [2/11] format_est=100.0% overall_est=18.2% prompt_rows=10241/40
[2026-07-23 05:33:49] PROGRESS format=legacy_scene_graph [2/11] format_est=100.0% overall_est=18.2% prompt_rows=10241/40
[2026-07-23 05:34:09] PROGRESS format=legacy_scene_graph [2/11] format_est=100.0% overall_est=18.2% prompt_rows=10247/40
[2026-07-23 05:34:15] PROGRESS format=legacy_scene_graph [2/11] format_est=100.0% overall_est=18.2% prompt_rows=10251/40
[2026-07-23 05:35:17] PROGRESS format=legacy_scene_graph [2/11] format_est=100.0% overall_est=18.2% prompt_rows=10251/40
[2026-07-23 05:35:37] PROGRESS format=legacy_scene_graph [2/11] format_est=100.0% overall_est=18.2% prompt_rows=10258/40
[2026-07-23 05:35:42] PROGRESS format=legacy_scene_graph [2/11] format_est=100.0% overall_est=18.2% prompt_rows=10261/40
[2026-07-23 05:36:45] PROGRESS format=legacy_scene_graph [2/11] format_est=100.0% overall_est=18.2% prompt_rows=10261/40
[2026-07-23 05:37:05] PROGRESS format=legacy_scene_graph [2/11] format_est=100.0% overall_est=18.2% prompt_rows=10268/40
[2026-07-23 05:37:10] PROGRESS format=legacy_scene_graph [2/11] format_est=100.0% overall_est=18.2% prompt_rows=10271/40
[2026-07-23 05:38:13] PROGRESS format=legacy_scene_graph [2/11] format_est=100.0% overall_est=18.2% prompt_rows=10271/40
[2026-07-23 05:38:33] PROGRESS format=legacy_scene_graph [2/11] format_est=100.0% overall_est=18.2% prompt_rows=10279/40
[2026-07-23 05:38:38] PROGRESS format=legacy_scene_graph [2/11] format_est=100.0% overall_est=18.2% prompt_rows=10281/40
[2026-07-23 05:39:40] PROGRESS format=legacy_scene_graph [2/11] format_est=100.0% overall_est=18.2% prompt_rows=10281/40
[2026-07-23 05:39:56] PROGRESS format=legacy_scene_graph [2/11] format_est=100.0% overall_est=18.2% prompt_rows=10283/40
[2026-07-23 05:40:01] PROGRESS format=legacy_scene_graph [2/11] format_est=100.0% overall_est=18.2% prompt_rows=10291/40
[2026-07-23 05:41:03] PROGRESS format=legacy_scene_graph [2/11] format_est=100.0% overall_est=18.2% prompt_rows=10291/40
[2026-07-23 05:41:24] PROGRESS format=legacy_scene_graph [2/11] format_est=100.0% overall_est=18.2% prompt_rows=10298/40
[2026-07-23 05:41:29] PROGRESS format=legacy_scene_graph [2/11] format_est=100.0% overall_est=18.2% prompt_rows=10301/40
[2026-07-23 05:42:31] PROGRESS format=legacy_scene_graph [2/11] format_est=100.0% overall_est=18.2% prompt_rows=10301/40
[2026-07-23 05:42:51] PROGRESS format=legacy_scene_graph [2/11] format_est=100.0% overall_est=18.2% prompt_rows=10310/40
[2026-07-23 05:42:57] PROGRESS format=legacy_scene_graph [2/11] format_est=100.0% overall_est=18.2% prompt_rows=10311/40
[2026-07-23 05:43:59] PROGRESS format=legacy_scene_graph [2/11] format_est=100.0% overall_est=18.2% prompt_rows=10311/40
[2026-07-23 05:44:14] PROGRESS format=legacy_scene_graph [2/11] format_est=100.0% overall_est=18.2% prompt_rows=10313/40
[2026-07-23 05:44:19] PROGRESS format=legacy_scene_graph [2/11] format_est=100.0% overall_est=18.2% prompt_rows=10321/40
[2026-07-23 05:45:22] PROGRESS format=legacy_scene_graph [2/11] format_est=100.0% overall_est=18.2% prompt_rows=10321/40
[2026-07-23 05:45:42] PROGRESS format=legacy_scene_graph [2/11] format_est=100.0% overall_est=18.2% prompt_rows=10326/40
[2026-07-23 05:45:47] PROGRESS format=legacy_scene_graph [2/11] format_est=100.0% overall_est=18.2% prompt_rows=10331/40
[2026-07-23 05:46:49] PROGRESS format=legacy_scene_graph [2/11] format_est=100.0% overall_est=18.2% prompt_rows=10331/40
[2026-07-23 05:47:10] PROGRESS format=legacy_scene_graph [2/11] format_est=100.0% overall_est=18.2% prompt_rows=10339/40
[2026-07-23 05:47:15] PROGRESS format=legacy_scene_graph [2/11] format_est=100.0% overall_est=18.2% prompt_rows=10341/40
[2026-07-23 05:48:17] PROGRESS format=legacy_scene_graph [2/11] format_est=100.0% overall_est=18.2% prompt_rows=10341/40
[2026-07-23 05:48:43] PROGRESS format=legacy_scene_graph [2/11] format_est=100.0% overall_est=18.2% prompt_rows=10344/40
[2026-07-23 05:48:49] PROGRESS format=legacy_scene_graph [2/11] format_est=100.0% overall_est=18.2% prompt_rows=10351/40
[2026-07-23 05:49:52] PROGRESS format=legacy_scene_graph [2/11] format_est=100.0% overall_est=18.2% prompt_rows=10351/40
[2026-07-23 05:50:39] PROGRESS format=legacy_scene_graph [2/11] format_est=100.0% overall_est=18.2% prompt_rows=10352/40
[2026-07-23 05:50:44] PROGRESS format=legacy_scene_graph [2/11] format_est=100.0% overall_est=18.2% prompt_rows=10359/40
[2026-07-23 05:50:49] PROGRESS format=legacy_scene_graph [2/11] format_est=100.0% overall_est=18.2% prompt_rows=10360/40
[2026-07-23 05:51:00] PROGRESS format=legacy_scene_graph [2/11] format_est=100.0% overall_est=18.2% prompt_rows=10361/40
[2026-07-23 05:52:04] PROGRESS format=legacy_scene_graph [2/11] format_est=100.0% overall_est=18.2% prompt_rows=10361/40
[2026-07-23 05:53:01] PROGRESS format=legacy_scene_graph [2/11] format_est=100.0% overall_est=18.2% prompt_rows=10363/40
[2026-07-23 05:53:06] PROGRESS format=legacy_scene_graph [2/11] format_est=100.0% overall_est=18.2% prompt_rows=10370/40
[2026-07-23 05:53:11] PROGRESS format=legacy_scene_graph [2/11] format_est=100.0% overall_est=18.2% prompt_rows=10371/40
[2026-07-23 12:21:49] PROGRESS format=legacy_scene_graph [2/11] format_est=100.0% overall_est=18.2% prompt_rows=10371/40
[2026-07-23 12:22:30] PROGRESS format=legacy_scene_graph [2/11] format_est=100.0% overall_est=18.2% prompt_rows=10381/40
[2026-07-23 12:23:21] PROGRESS format=legacy_scene_graph [2/11] format_est=100.0% overall_est=18.2% prompt_rows=10391/40
[2026-07-23 12:24:01] PROGRESS format=legacy_scene_graph [2/11] format_est=100.0% overall_est=18.2% prompt_rows=10400/40
[2026-07-23 12:24:06] PROGRESS format=legacy_scene_graph [2/11] format_est=100.0% overall_est=18.2% prompt_rows=10401/40
[2026-07-23 12:24:42] PROGRESS format=legacy_scene_graph [2/11] format_est=100.0% overall_est=18.2% prompt_rows=10411/40
[2026-07-23 12:25:22] PROGRESS format=legacy_scene_graph [2/11] format_est=100.0% overall_est=18.2% prompt_rows=10413/40
[2026-07-23 12:25:27] PROGRESS format=legacy_scene_graph [2/11] format_est=100.0% overall_est=18.2% prompt_rows=10421/40
[2026-07-23 12:26:08] PROGRESS format=legacy_scene_graph [2/11] format_est=100.0% overall_est=18.2% prompt_rows=10431/40
[2026-07-23 12:26:59] PROGRESS format=legacy_scene_graph [2/11] format_est=100.0% overall_est=18.2% prompt_rows=10432/40
[2026-07-23 12:27:04] PROGRESS format=legacy_scene_graph [2/11] format_est=100.0% overall_est=18.2% prompt_rows=10441/40
[2026-07-23 12:27:50] PROGRESS format=legacy_scene_graph [2/11] format_est=100.0% overall_est=18.2% prompt_rows=10451/40
[2026-07-23 12:28:30] PROGRESS format=legacy_scene_graph [2/11] format_est=100.0% overall_est=18.2% prompt_rows=10460/40
[2026-07-23 12:28:35] PROGRESS format=legacy_scene_graph [2/11] format_est=100.0% overall_est=18.2% prompt_rows=10461/40
[2026-07-23 12:29:21] PROGRESS format=legacy_scene_graph [2/11] format_est=100.0% overall_est=18.2% prompt_rows=10471/40
[2026-07-23 12:30:07] PROGRESS format=legacy_scene_graph [2/11] format_est=100.0% overall_est=18.2% prompt_rows=10481/40
[2026-07-23 12:30:53] PROGRESS format=legacy_scene_graph [2/11] format_est=100.0% overall_est=18.2% prompt_rows=10491/40
[2026-07-23 12:31:44] PROGRESS format=legacy_scene_graph [2/11] format_est=100.0% overall_est=18.2% prompt_rows=10501/40
[2026-07-23 12:32:29] PROGRESS format=legacy_scene_graph [2/11] format_est=100.0% overall_est=18.2% prompt_rows=10502/40
[2026-07-23 12:32:35] PROGRESS format=legacy_scene_graph [2/11] format_est=100.0% overall_est=18.2% prompt_rows=10511/40
[2026-07-23 12:33:20] PROGRESS format=legacy_scene_graph [2/11] format_est=100.0% overall_est=18.2% prompt_rows=10521/40
[2026-07-23 12:34:06] PROGRESS format=legacy_scene_graph [2/11] format_est=100.0% overall_est=18.2% prompt_rows=10531/40
[2026-07-23 12:34:47] PROGRESS format=legacy_scene_graph [2/11] format_est=100.0% overall_est=18.2% prompt_rows=10532/40
[2026-07-23 12:34:52] PROGRESS format=legacy_scene_graph [2/11] format_est=100.0% overall_est=18.2% prompt_rows=10541/40
[2026-07-23 12:35:43] PROGRESS format=legacy_scene_graph [2/11] format_est=100.0% overall_est=18.2% prompt_rows=10550/40
[2026-07-23 12:35:48] PROGRESS format=legacy_scene_graph [2/11] format_est=100.0% overall_est=18.2% prompt_rows=10551/40
[2026-07-23 12:36:34] PROGRESS format=legacy_scene_graph [2/11] format_est=100.0% overall_est=18.2% prompt_rows=10561/40
[2026-07-23 12:37:25] PROGRESS format=legacy_scene_graph [2/11] format_est=100.0% overall_est=18.2% prompt_rows=10571/40
[2026-07-23 12:38:21] PROGRESS format=legacy_scene_graph [2/11] format_est=100.0% overall_est=18.2% prompt_rows=10581/40
[2026-07-23 12:39:07] PROGRESS format=legacy_scene_graph [2/11] format_est=100.0% overall_est=18.2% prompt_rows=10584/40
[2026-07-23 12:39:12] PROGRESS format=legacy_scene_graph [2/11] format_est=100.0% overall_est=18.2% prompt_rows=10591/40
[2026-07-23 12:39:58] PROGRESS format=legacy_scene_graph [2/11] format_est=100.0% overall_est=18.2% prompt_rows=10595/40
[2026-07-23 12:40:03] PROGRESS format=legacy_scene_graph [2/11] format_est=100.0% overall_est=18.2% prompt_rows=10601/40
[2026-07-23 12:40:49] PROGRESS format=legacy_scene_graph [2/11] format_est=100.0% overall_est=18.2% prompt_rows=10602/40
[2026-07-23 12:40:54] PROGRESS format=legacy_scene_graph [2/11] format_est=100.0% overall_est=18.2% prompt_rows=10611/40
[2026-07-23 12:41:40] PROGRESS format=legacy_scene_graph [2/11] format_est=100.0% overall_est=18.2% prompt_rows=10621/40
[2026-07-23 12:42:21] PROGRESS format=legacy_scene_graph [2/11] format_est=100.0% overall_est=18.2% prompt_rows=10627/40
[2026-07-23 12:42:26] PROGRESS format=legacy_scene_graph [2/11] format_est=100.0% overall_est=18.2% prompt_rows=10631/40
[2026-07-23 12:43:06] PROGRESS format=legacy_scene_graph [2/11] format_est=100.0% overall_est=18.2% prompt_rows=10640/40
[2026-07-23 12:43:12] PROGRESS format=legacy_scene_graph [2/11] format_est=100.0% overall_est=18.2% prompt_rows=10641/40
[2026-07-23 12:43:52] PROGRESS format=legacy_scene_graph [2/11] format_est=100.0% overall_est=18.2% prompt_rows=10651/40
[2026-07-23 12:44:38] PROGRESS format=legacy_scene_graph [2/11] format_est=100.0% overall_est=18.2% prompt_rows=10661/40
[2026-07-23 12:45:24] PROGRESS format=legacy_scene_graph [2/11] format_est=100.0% overall_est=18.2% prompt_rows=10671/40
[2026-07-23 12:46:10] PROGRESS format=legacy_scene_graph [2/11] format_est=100.0% overall_est=18.2% prompt_rows=10681/40
[2026-07-23 12:46:56] PROGRESS format=legacy_scene_graph [2/11] format_est=100.0% overall_est=18.2% prompt_rows=10691/40
[2026-07-23 12:47:41] PROGRESS format=legacy_scene_graph [2/11] format_est=100.0% overall_est=18.2% prompt_rows=10695/40
[2026-07-23 12:47:46] PROGRESS format=legacy_scene_graph [2/11] format_est=100.0% overall_est=18.2% prompt_rows=10701/40
[2026-07-23 12:48:27] PROGRESS format=legacy_scene_graph [2/11] format_est=100.0% overall_est=18.2% prompt_rows=10708/40
[2026-07-23 12:48:32] PROGRESS format=legacy_scene_graph [2/11] format_est=100.0% overall_est=18.2% prompt_rows=10711/40
[2026-07-23 12:49:13] PROGRESS format=legacy_scene_graph [2/11] format_est=100.0% overall_est=18.2% prompt_rows=10715/40
[2026-07-23 12:49:18] PROGRESS format=legacy_scene_graph [2/11] format_est=100.0% overall_est=18.2% prompt_rows=10721/40
[2026-07-23 12:49:59] PROGRESS format=legacy_scene_graph [2/11] format_est=100.0% overall_est=18.2% prompt_rows=10729/40
[2026-07-23 12:50:04] PROGRESS format=legacy_scene_graph [2/11] format_est=100.0% overall_est=18.2% prompt_rows=10731/40
[2026-07-23 12:50:45] PROGRESS format=legacy_scene_graph [2/11] format_est=100.0% overall_est=18.2% prompt_rows=10734/40
[2026-07-23 12:50:50] PROGRESS format=legacy_scene_graph [2/11] format_est=100.0% overall_est=18.2% prompt_rows=10741/40
[2026-07-23 12:51:41] PROGRESS format=legacy_scene_graph [2/11] format_est=100.0% overall_est=18.2% prompt_rows=10751/40
[2026-07-23 12:52:32] PROGRESS format=legacy_scene_graph [2/11] format_est=100.0% overall_est=18.2% prompt_rows=10761/40
[2026-07-23 12:53:13] PROGRESS format=legacy_scene_graph [2/11] format_est=100.0% overall_est=18.2% prompt_rows=10764/40
[2026-07-23 12:53:18] PROGRESS format=legacy_scene_graph [2/11] format_est=100.0% overall_est=18.2% prompt_rows=10771/40
[2026-07-23 12:53:59] PROGRESS format=legacy_scene_graph [2/11] format_est=100.0% overall_est=18.2% prompt_rows=10780/40
[2026-07-23 12:54:04] PROGRESS format=legacy_scene_graph [2/11] format_est=100.0% overall_est=18.2% prompt_rows=10781/40
[2026-07-23 12:54:45] PROGRESS format=legacy_scene_graph [2/11] format_est=100.0% overall_est=18.2% prompt_rows=10791/40
[2026-07-23 12:55:30] PROGRESS format=legacy_scene_graph [2/11] format_est=100.0% overall_est=18.2% prompt_rows=10801/40
[2026-07-23 12:56:11] PROGRESS format=legacy_scene_graph [2/11] format_est=100.0% overall_est=18.2% prompt_rows=10803/40
[2026-07-23 12:56:16] PROGRESS format=legacy_scene_graph [2/11] format_est=100.0% overall_est=18.2% prompt_rows=10811/40
[2026-07-23 12:56:57] PROGRESS format=legacy_scene_graph [2/11] format_est=100.0% overall_est=18.2% prompt_rows=10819/40
[2026-07-23 12:57:02] PROGRESS format=legacy_scene_graph [2/11] format_est=100.0% overall_est=18.2% prompt_rows=10821/40
[2026-07-23 12:57:43] PROGRESS format=legacy_scene_graph [2/11] format_est=100.0% overall_est=18.2% prompt_rows=10831/40
[2026-07-23 12:58:29] PROGRESS format=legacy_scene_graph [2/11] format_est=100.0% overall_est=18.2% prompt_rows=10841/40
[2026-07-23 12:59:09] PROGRESS format=legacy_scene_graph [2/11] format_est=100.0% overall_est=18.2% prompt_rows=10849/40
[2026-07-23 12:59:15] PROGRESS format=legacy_scene_graph [2/11] format_est=100.0% overall_est=18.2% prompt_rows=10851/40
[2026-07-23 12:59:50] PROGRESS format=legacy_scene_graph [2/11] format_est=100.0% overall_est=18.2% prompt_rows=10852/40
[2026-07-23 12:59:55] PROGRESS format=legacy_scene_graph [2/11] format_est=100.0% overall_est=18.2% prompt_rows=10861/40
[2026-07-23 13:00:36] PROGRESS format=legacy_scene_graph [2/11] format_est=100.0% overall_est=18.2% prompt_rows=10870/40
[2026-07-23 13:00:41] PROGRESS format=legacy_scene_graph [2/11] format_est=100.0% overall_est=18.2% prompt_rows=10871/40
[2026-07-23 13:01:22] PROGRESS format=legacy_scene_graph [2/11] format_est=100.0% overall_est=18.2% prompt_rows=10881/40
[2026-07-23 13:02:08] PROGRESS format=legacy_scene_graph [2/11] format_est=100.0% overall_est=18.2% prompt_rows=10891/40
[2026-07-23 13:02:54] PROGRESS format=legacy_scene_graph [2/11] format_est=100.0% overall_est=18.2% prompt_rows=10892/40
[2026-07-23 13:02:59] PROGRESS format=legacy_scene_graph [2/11] format_est=100.0% overall_est=18.2% prompt_rows=10901/40
[2026-07-23 13:03:40] PROGRESS format=legacy_scene_graph [2/11] format_est=100.0% overall_est=18.2% prompt_rows=10903/40
[2026-07-23 13:03:45] PROGRESS format=legacy_scene_graph [2/11] format_est=100.0% overall_est=18.2% prompt_rows=10911/40
[2026-07-23 13:04:30] PROGRESS format=legacy_scene_graph [2/11] format_est=100.0% overall_est=18.2% prompt_rows=10920/40
[2026-07-23 13:04:36] PROGRESS format=legacy_scene_graph [2/11] format_est=100.0% overall_est=18.2% prompt_rows=10921/40
[2026-07-23 13:05:21] PROGRESS format=legacy_scene_graph [2/11] format_est=100.0% overall_est=18.2% prompt_rows=10931/40
[2026-07-23 13:06:07] PROGRESS format=legacy_scene_graph [2/11] format_est=100.0% overall_est=18.2% prompt_rows=10939/40
[2026-07-23 13:06:12] PROGRESS format=legacy_scene_graph [2/11] format_est=100.0% overall_est=18.2% prompt_rows=10941/40
[2026-07-23 13:06:53] PROGRESS format=legacy_scene_graph [2/11] format_est=100.0% overall_est=18.2% prompt_rows=10949/40
[2026-07-23 13:06:58] PROGRESS format=legacy_scene_graph [2/11] format_est=100.0% overall_est=18.2% prompt_rows=10951/40
[2026-07-23 13:07:39] PROGRESS format=legacy_scene_graph [2/11] format_est=100.0% overall_est=18.2% prompt_rows=10961/40
[2026-07-23 13:08:19] PROGRESS format=legacy_scene_graph [2/11] format_est=100.0% overall_est=18.2% prompt_rows=10971/40
[2026-07-23 13:09:05] PROGRESS format=legacy_scene_graph [2/11] format_est=100.0% overall_est=18.2% prompt_rows=10981/40
[2026-07-23 13:09:46] PROGRESS format=legacy_scene_graph [2/11] format_est=100.0% overall_est=18.2% prompt_rows=10991/40
[2026-07-23 13:10:27] PROGRESS format=legacy_scene_graph [2/11] format_est=100.0% overall_est=18.2% prompt_rows=10994/40
[2026-07-23 13:10:32] PROGRESS format=legacy_scene_graph [2/11] format_est=100.0% overall_est=18.2% prompt_rows=11001/40
[2026-07-23 13:11:12] PROGRESS format=legacy_scene_graph [2/11] format_est=100.0% overall_est=18.2% prompt_rows=11011/40
[2026-07-23 13:11:53] PROGRESS format=legacy_scene_graph [2/11] format_est=100.0% overall_est=18.2% prompt_rows=11014/40
[2026-07-23 13:11:58] PROGRESS format=legacy_scene_graph [2/11] format_est=100.0% overall_est=18.2% prompt_rows=11021/40
[2026-07-23 13:12:39] PROGRESS format=legacy_scene_graph [2/11] format_est=100.0% overall_est=18.2% prompt_rows=11031/40
[2026-07-23 13:13:19] PROGRESS format=legacy_scene_graph [2/11] format_est=100.0% overall_est=18.2% prompt_rows=11037/40
[2026-07-23 13:13:24] PROGRESS format=legacy_scene_graph [2/11] format_est=100.0% overall_est=18.2% prompt_rows=11041/40
[2026-07-23 13:14:00] PROGRESS format=legacy_scene_graph [2/11] format_est=100.0% overall_est=18.2% prompt_rows=11043/40
[2026-07-23 13:14:05] PROGRESS format=legacy_scene_graph [2/11] format_est=100.0% overall_est=18.2% prompt_rows=11051/40
[2026-07-23 13:14:46] PROGRESS format=legacy_scene_graph [2/11] format_est=100.0% overall_est=18.2% prompt_rows=11061/40
[2026-07-23 13:15:27] PROGRESS format=legacy_scene_graph [2/11] format_est=100.0% overall_est=18.2% prompt_rows=11070/40
[2026-07-23 13:15:32] PROGRESS format=legacy_scene_graph [2/11] format_est=100.0% overall_est=18.2% prompt_rows=11071/40
[2026-07-23 13:16:07] PROGRESS format=legacy_scene_graph [2/11] format_est=100.0% overall_est=18.2% prompt_rows=11075/40
[2026-07-23 13:16:12] PROGRESS format=legacy_scene_graph [2/11] format_est=100.0% overall_est=18.2% prompt_rows=11081/40
[2026-07-23 13:16:53] PROGRESS format=legacy_scene_graph [2/11] format_est=100.0% overall_est=18.2% prompt_rows=11091/40
[2026-07-23 13:17:34] PROGRESS format=legacy_scene_graph [2/11] format_est=100.0% overall_est=18.2% prompt_rows=11101/40
[2026-07-23 13:18:14] PROGRESS format=legacy_scene_graph [2/11] format_est=100.0% overall_est=18.2% prompt_rows=11106/40
[2026-07-23 13:18:20] PROGRESS format=legacy_scene_graph [2/11] format_est=100.0% overall_est=18.2% prompt_rows=11111/40
[2026-07-23 13:19:00] PROGRESS format=legacy_scene_graph [2/11] format_est=100.0% overall_est=18.2% prompt_rows=11121/40
[2026-07-23 13:19:41] PROGRESS format=legacy_scene_graph [2/11] format_est=100.0% overall_est=18.2% prompt_rows=11131/40
[2026-07-23 13:20:22] PROGRESS format=legacy_scene_graph [2/11] format_est=100.0% overall_est=18.2% prompt_rows=11140/40
[2026-07-23 13:20:27] PROGRESS format=legacy_scene_graph [2/11] format_est=100.0% overall_est=18.2% prompt_rows=11141/40
[2026-07-23 13:21:02] PROGRESS format=legacy_scene_graph [2/11] format_est=100.0% overall_est=18.2% prompt_rows=11146/40
[2026-07-23 13:21:07] PROGRESS format=legacy_scene_graph [2/11] format_est=100.0% overall_est=18.2% prompt_rows=11151/40
[2026-07-23 13:21:48] PROGRESS format=legacy_scene_graph [2/11] format_est=100.0% overall_est=18.2% prompt_rows=11161/40
[2026-07-23 13:22:29] PROGRESS format=legacy_scene_graph [2/11] format_est=100.0% overall_est=18.2% prompt_rows=11170/40
[2026-07-23 13:22:34] PROGRESS format=legacy_scene_graph [2/11] format_est=100.0% overall_est=18.2% prompt_rows=11171/40
[2026-07-23 13:23:15] PROGRESS format=legacy_scene_graph [2/11] format_est=100.0% overall_est=18.2% prompt_rows=11181/40
[2026-07-23 13:23:55] PROGRESS format=legacy_scene_graph [2/11] format_est=100.0% overall_est=18.2% prompt_rows=11191/40
[2026-07-23 13:24:36] PROGRESS format=legacy_scene_graph [2/11] format_est=100.0% overall_est=18.2% prompt_rows=11200/40
[2026-07-23 13:24:39] PROGRESS format=legacy_scene_graph [2/11] format_est=100.0% overall_est=18.2% prompt_rows=11200/40
[2026-07-23 13:24:39] [2/11] DONE legacy_scene_graph; overall=18.2%; summaries updated
[2026-07-23 13:24:39] [3/11] START triplet_published -> C:\Users\hassa\OneDrive\Desktop\EmbodimentSemantic\vla_benchmarking\ablation_outputs\sg_format_ablation_2026_07_22_00_56_24\triplet_published
[2026-07-23 13:24:44] PROGRESS format=triplet_published [3/11] format_est=0.0% overall_est=18.2% prompt_rows=0/40
[2026-07-23 13:25:44] PROGRESS format=triplet_published [3/11] format_est=2.5% overall_est=18.4% prompt_rows=1/40
[2026-07-23 13:26:24] PROGRESS format=triplet_published [3/11] format_est=27.5% overall_est=20.7% prompt_rows=11/40
[2026-07-23 13:27:09] PROGRESS format=triplet_published [3/11] format_est=52.5% overall_est=23.0% prompt_rows=21/40
[2026-07-23 13:27:49] PROGRESS format=triplet_published [3/11] format_est=77.5% overall_est=25.2% prompt_rows=31/40
[2026-07-23 13:28:29] PROGRESS format=triplet_published [3/11] format_est=87.5% overall_est=26.1% prompt_rows=35/40
[2026-07-23 13:28:34] PROGRESS format=triplet_published [3/11] format_est=100.0% overall_est=27.3% prompt_rows=41/40
[2026-07-23 13:29:15] PROGRESS format=triplet_published [3/11] format_est=100.0% overall_est=27.3% prompt_rows=51/40
[2026-07-23 13:29:55] PROGRESS format=triplet_published [3/11] format_est=100.0% overall_est=27.3% prompt_rows=60/40
[2026-07-23 13:30:00] PROGRESS format=triplet_published [3/11] format_est=100.0% overall_est=27.3% prompt_rows=61/40
[2026-07-23 13:30:35] PROGRESS format=triplet_published [3/11] format_est=100.0% overall_est=27.3% prompt_rows=63/40
[2026-07-23 13:30:40] PROGRESS format=triplet_published [3/11] format_est=100.0% overall_est=27.3% prompt_rows=71/40
[2026-07-23 13:31:20] PROGRESS format=triplet_published [3/11] format_est=100.0% overall_est=27.3% prompt_rows=81/40
[2026-07-23 13:32:00] PROGRESS format=triplet_published [3/11] format_est=100.0% overall_est=27.3% prompt_rows=89/40
[2026-07-23 13:32:05] PROGRESS format=triplet_published [3/11] format_est=100.0% overall_est=27.3% prompt_rows=91/40
[2026-07-23 13:32:45] PROGRESS format=triplet_published [3/11] format_est=100.0% overall_est=27.3% prompt_rows=101/40
[2026-07-23 13:33:25] PROGRESS format=triplet_published [3/11] format_est=100.0% overall_est=27.3% prompt_rows=108/40
[2026-07-23 13:33:30] PROGRESS format=triplet_published [3/11] format_est=100.0% overall_est=27.3% prompt_rows=111/40
[2026-07-23 13:34:10] PROGRESS format=triplet_published [3/11] format_est=100.0% overall_est=27.3% prompt_rows=121/40
[2026-07-23 13:34:50] PROGRESS format=triplet_published [3/11] format_est=100.0% overall_est=27.3% prompt_rows=131/40
[2026-07-23 13:35:31] PROGRESS format=triplet_published [3/11] format_est=100.0% overall_est=27.3% prompt_rows=132/40
[2026-07-23 13:35:36] PROGRESS format=triplet_published [3/11] format_est=100.0% overall_est=27.3% prompt_rows=141/40
[2026-07-23 13:36:16] PROGRESS format=triplet_published [3/11] format_est=100.0% overall_est=27.3% prompt_rows=151/40
[2026-07-23 13:36:56] PROGRESS format=triplet_published [3/11] format_est=100.0% overall_est=27.3% prompt_rows=156/40
[2026-07-23 13:37:01] PROGRESS format=triplet_published [3/11] format_est=100.0% overall_est=27.3% prompt_rows=161/40
[2026-07-23 13:37:41] PROGRESS format=triplet_published [3/11] format_est=100.0% overall_est=27.3% prompt_rows=171/40
[2026-07-23 13:38:26] PROGRESS format=triplet_published [3/11] format_est=100.0% overall_est=27.3% prompt_rows=180/40
[2026-07-23 13:38:31] PROGRESS format=triplet_published [3/11] format_est=100.0% overall_est=27.3% prompt_rows=181/40
[2026-07-23 13:39:11] PROGRESS format=triplet_published [3/11] format_est=100.0% overall_est=27.3% prompt_rows=186/40
[2026-07-23 13:39:16] PROGRESS format=triplet_published [3/11] format_est=100.0% overall_est=27.3% prompt_rows=191/40
[2026-07-23 13:40:01] PROGRESS format=triplet_published [3/11] format_est=100.0% overall_est=27.3% prompt_rows=201/40
[2026-07-23 13:40:46] PROGRESS format=triplet_published [3/11] format_est=100.0% overall_est=27.3% prompt_rows=211/40
[2026-07-23 13:41:26] PROGRESS format=triplet_published [3/11] format_est=100.0% overall_est=27.3% prompt_rows=220/40
[2026-07-23 13:41:31] PROGRESS format=triplet_published [3/11] format_est=100.0% overall_est=27.3% prompt_rows=221/40
[2026-07-23 13:42:12] PROGRESS format=triplet_published [3/11] format_est=100.0% overall_est=27.3% prompt_rows=231/40
[2026-07-23 13:42:52] PROGRESS format=triplet_published [3/11] format_est=100.0% overall_est=27.3% prompt_rows=236/40
[2026-07-23 13:42:57] PROGRESS format=triplet_published [3/11] format_est=100.0% overall_est=27.3% prompt_rows=241/40
[2026-07-23 13:43:37] PROGRESS format=triplet_published [3/11] format_est=100.0% overall_est=27.3% prompt_rows=251/40
[2026-07-23 13:44:17] PROGRESS format=triplet_published [3/11] format_est=100.0% overall_est=27.3% prompt_rows=254/40
[2026-07-23 13:44:22] PROGRESS format=triplet_published [3/11] format_est=100.0% overall_est=27.3% prompt_rows=261/40
[2026-07-23 13:45:02] PROGRESS format=triplet_published [3/11] format_est=100.0% overall_est=27.3% prompt_rows=271/40
[2026-07-23 13:45:47] PROGRESS format=triplet_published [3/11] format_est=100.0% overall_est=27.3% prompt_rows=280/40
[2026-07-23 13:45:52] PROGRESS format=triplet_published [3/11] format_est=100.0% overall_est=27.3% prompt_rows=281/40
[2026-07-23 13:46:32] PROGRESS format=triplet_published [3/11] format_est=100.0% overall_est=27.3% prompt_rows=288/40
[2026-07-23 13:46:37] PROGRESS format=triplet_published [3/11] format_est=100.0% overall_est=27.3% prompt_rows=291/40
[2026-07-23 13:47:17] PROGRESS format=triplet_published [3/11] format_est=100.0% overall_est=27.3% prompt_rows=301/40
[2026-07-23 13:48:02] PROGRESS format=triplet_published [3/11] format_est=100.0% overall_est=27.3% prompt_rows=311/40
[2026-07-23 13:48:42] PROGRESS format=triplet_published [3/11] format_est=100.0% overall_est=27.3% prompt_rows=315/40
[2026-07-23 13:48:47] PROGRESS format=triplet_published [3/11] format_est=100.0% overall_est=27.3% prompt_rows=321/40
[2026-07-23 13:49:28] PROGRESS format=triplet_published [3/11] format_est=100.0% overall_est=27.3% prompt_rows=331/40
[2026-07-23 13:50:08] PROGRESS format=triplet_published [3/11] format_est=100.0% overall_est=27.3% prompt_rows=334/40
[2026-07-23 13:50:13] PROGRESS format=triplet_published [3/11] format_est=100.0% overall_est=27.3% prompt_rows=341/40
[2026-07-23 13:50:53] PROGRESS format=triplet_published [3/11] format_est=100.0% overall_est=27.3% prompt_rows=351/40
[2026-07-23 13:51:38] PROGRESS format=triplet_published [3/11] format_est=100.0% overall_est=27.3% prompt_rows=361/40
[2026-07-23 13:52:18] PROGRESS format=triplet_published [3/11] format_est=100.0% overall_est=27.3% prompt_rows=366/40
[2026-07-23 13:52:23] PROGRESS format=triplet_published [3/11] format_est=100.0% overall_est=27.3% prompt_rows=371/40
[2026-07-23 13:53:03] PROGRESS format=triplet_published [3/11] format_est=100.0% overall_est=27.3% prompt_rows=380/40
[2026-07-23 13:53:08] PROGRESS format=triplet_published [3/11] format_est=100.0% overall_est=27.3% prompt_rows=381/40
[2026-07-23 13:53:53] PROGRESS format=triplet_published [3/11] format_est=100.0% overall_est=27.3% prompt_rows=391/40
[2026-07-23 13:54:43] PROGRESS format=triplet_published [3/11] format_est=100.0% overall_est=27.3% prompt_rows=401/40
[2026-07-23 13:55:34] PROGRESS format=triplet_published [3/11] format_est=100.0% overall_est=27.3% prompt_rows=411/40
[2026-07-23 13:56:29] PROGRESS format=triplet_published [3/11] format_est=100.0% overall_est=27.3% prompt_rows=412/40
[2026-07-23 13:56:34] PROGRESS format=triplet_published [3/11] format_est=100.0% overall_est=27.3% prompt_rows=421/40
[2026-07-23 13:57:29] PROGRESS format=triplet_published [3/11] format_est=100.0% overall_est=27.3% prompt_rows=431/40
[2026-07-23 13:58:14] PROGRESS format=triplet_published [3/11] format_est=100.0% overall_est=27.3% prompt_rows=433/40
[2026-07-23 13:58:19] PROGRESS format=triplet_published [3/11] format_est=100.0% overall_est=27.3% prompt_rows=441/40
[2026-07-23 13:59:04] PROGRESS format=triplet_published [3/11] format_est=100.0% overall_est=27.3% prompt_rows=448/40
[2026-07-23 13:59:09] PROGRESS format=triplet_published [3/11] format_est=100.0% overall_est=27.3% prompt_rows=451/40
[2026-07-23 13:59:54] PROGRESS format=triplet_published [3/11] format_est=100.0% overall_est=27.3% prompt_rows=460/40
[2026-07-23 13:59:59] PROGRESS format=triplet_published [3/11] format_est=100.0% overall_est=27.3% prompt_rows=461/40
[2026-07-23 14:00:39] PROGRESS format=triplet_published [3/11] format_est=100.0% overall_est=27.3% prompt_rows=471/40
[2026-07-23 14:01:20] PROGRESS format=triplet_published [3/11] format_est=100.0% overall_est=27.3% prompt_rows=477/40
[2026-07-23 14:01:25] PROGRESS format=triplet_published [3/11] format_est=100.0% overall_est=27.3% prompt_rows=481/40
[2026-07-23 14:02:05] PROGRESS format=triplet_published [3/11] format_est=100.0% overall_est=27.3% prompt_rows=491/40
[2026-07-23 14:02:50] PROGRESS format=triplet_published [3/11] format_est=100.0% overall_est=27.3% prompt_rows=501/40
[2026-07-23 14:03:35] PROGRESS format=triplet_published [3/11] format_est=100.0% overall_est=27.3% prompt_rows=511/40
[2026-07-23 14:04:15] PROGRESS format=triplet_published [3/11] format_est=100.0% overall_est=27.3% prompt_rows=516/40
[2026-07-23 14:04:20] PROGRESS format=triplet_published [3/11] format_est=100.0% overall_est=27.3% prompt_rows=521/40
[2026-07-23 14:05:00] PROGRESS format=triplet_published [3/11] format_est=100.0% overall_est=27.3% prompt_rows=531/40
[2026-07-23 14:05:40] PROGRESS format=triplet_published [3/11] format_est=100.0% overall_est=27.3% prompt_rows=533/40
[2026-07-23 14:05:45] PROGRESS format=triplet_published [3/11] format_est=100.0% overall_est=27.3% prompt_rows=541/40
[2026-07-23 14:06:25] PROGRESS format=triplet_published [3/11] format_est=100.0% overall_est=27.3% prompt_rows=551/40
[2026-07-23 14:07:10] PROGRESS format=triplet_published [3/11] format_est=100.0% overall_est=27.3% prompt_rows=557/40
[2026-07-23 14:07:16] PROGRESS format=triplet_published [3/11] format_est=100.0% overall_est=27.3% prompt_rows=561/40
[2026-07-23 14:08:01] PROGRESS format=triplet_published [3/11] format_est=100.0% overall_est=27.3% prompt_rows=571/40
[2026-07-23 14:08:41] PROGRESS format=triplet_published [3/11] format_est=100.0% overall_est=27.3% prompt_rows=578/40
[2026-07-23 14:08:46] PROGRESS format=triplet_published [3/11] format_est=100.0% overall_est=27.3% prompt_rows=581/40
[2026-07-23 14:09:26] PROGRESS format=triplet_published [3/11] format_est=100.0% overall_est=27.3% prompt_rows=591/40
[2026-07-23 14:10:06] PROGRESS format=triplet_published [3/11] format_est=100.0% overall_est=27.3% prompt_rows=598/40
[2026-07-23 14:10:11] PROGRESS format=triplet_published [3/11] format_est=100.0% overall_est=27.3% prompt_rows=601/40
[2026-07-23 14:10:51] PROGRESS format=triplet_published [3/11] format_est=100.0% overall_est=27.3% prompt_rows=611/40
[2026-07-23 14:11:31] PROGRESS format=triplet_published [3/11] format_est=100.0% overall_est=27.3% prompt_rows=619/40
[2026-07-23 14:11:36] PROGRESS format=triplet_published [3/11] format_est=100.0% overall_est=27.3% prompt_rows=621/40
[2026-07-23 14:12:16] PROGRESS format=triplet_published [3/11] format_est=100.0% overall_est=27.3% prompt_rows=631/40
[2026-07-23 14:12:57] PROGRESS format=triplet_published [3/11] format_est=100.0% overall_est=27.3% prompt_rows=638/40
[2026-07-23 14:13:02] PROGRESS format=triplet_published [3/11] format_est=100.0% overall_est=27.3% prompt_rows=641/40
[2026-07-23 14:13:42] PROGRESS format=triplet_published [3/11] format_est=100.0% overall_est=27.3% prompt_rows=651/40
[2026-07-23 14:14:22] PROGRESS format=triplet_published [3/11] format_est=100.0% overall_est=27.3% prompt_rows=659/40
[2026-07-23 14:14:27] PROGRESS format=triplet_published [3/11] format_est=100.0% overall_est=27.3% prompt_rows=661/40
[2026-07-23 14:15:07] PROGRESS format=triplet_published [3/11] format_est=100.0% overall_est=27.3% prompt_rows=671/40
[2026-07-23 14:15:47] PROGRESS format=triplet_published [3/11] format_est=100.0% overall_est=27.3% prompt_rows=680/40
[2026-07-23 14:15:52] PROGRESS format=triplet_published [3/11] format_est=100.0% overall_est=27.3% prompt_rows=681/40
[2026-07-23 14:16:32] PROGRESS format=triplet_published [3/11] format_est=100.0% overall_est=27.3% prompt_rows=691/40
[2026-07-23 14:17:12] PROGRESS format=triplet_published [3/11] format_est=100.0% overall_est=27.3% prompt_rows=698/40
[2026-07-23 14:17:17] PROGRESS format=triplet_published [3/11] format_est=100.0% overall_est=27.3% prompt_rows=701/40
[2026-07-23 14:17:57] PROGRESS format=triplet_published [3/11] format_est=100.0% overall_est=27.3% prompt_rows=711/40
[2026-07-23 14:18:38] PROGRESS format=triplet_published [3/11] format_est=100.0% overall_est=27.3% prompt_rows=716/40
[2026-07-23 14:18:43] PROGRESS format=triplet_published [3/11] format_est=100.0% overall_est=27.3% prompt_rows=721/40
[2026-07-23 14:19:23] PROGRESS format=triplet_published [3/11] format_est=100.0% overall_est=27.3% prompt_rows=731/40
[2026-07-23 14:20:03] PROGRESS format=triplet_published [3/11] format_est=100.0% overall_est=27.3% prompt_rows=733/40
[2026-07-23 14:20:08] PROGRESS format=triplet_published [3/11] format_est=100.0% overall_est=27.3% prompt_rows=741/40
[2026-07-23 14:20:48] PROGRESS format=triplet_published [3/11] format_est=100.0% overall_est=27.3% prompt_rows=751/40
[2026-07-23 14:21:28] PROGRESS format=triplet_published [3/11] format_est=100.0% overall_est=27.3% prompt_rows=754/40
[2026-07-23 14:21:33] PROGRESS format=triplet_published [3/11] format_est=100.0% overall_est=27.3% prompt_rows=761/40
[2026-07-23 14:22:13] PROGRESS format=triplet_published [3/11] format_est=100.0% overall_est=27.3% prompt_rows=768/40
[2026-07-23 14:22:18] PROGRESS format=triplet_published [3/11] format_est=100.0% overall_est=27.3% prompt_rows=771/40
[2026-07-23 14:22:58] PROGRESS format=triplet_published [3/11] format_est=100.0% overall_est=27.3% prompt_rows=781/40
[2026-07-23 14:23:38] PROGRESS format=triplet_published [3/11] format_est=100.0% overall_est=27.3% prompt_rows=785/40
[2026-07-23 14:23:43] PROGRESS format=triplet_published [3/11] format_est=100.0% overall_est=27.3% prompt_rows=791/40
[2026-07-23 14:24:24] PROGRESS format=triplet_published [3/11] format_est=100.0% overall_est=27.3% prompt_rows=801/40
[2026-07-23 14:25:04] PROGRESS format=triplet_published [3/11] format_est=100.0% overall_est=27.3% prompt_rows=805/40
[2026-07-23 14:25:09] PROGRESS format=triplet_published [3/11] format_est=100.0% overall_est=27.3% prompt_rows=811/40
[2026-07-23 14:25:49] PROGRESS format=triplet_published [3/11] format_est=100.0% overall_est=27.3% prompt_rows=821/40
[2026-07-23 14:26:29] PROGRESS format=triplet_published [3/11] format_est=100.0% overall_est=27.3% prompt_rows=823/40
[2026-07-23 14:26:34] PROGRESS format=triplet_published [3/11] format_est=100.0% overall_est=27.3% prompt_rows=831/40
[2026-07-23 14:27:14] PROGRESS format=triplet_published [3/11] format_est=100.0% overall_est=27.3% prompt_rows=840/40
[2026-07-23 14:27:19] PROGRESS format=triplet_published [3/11] format_est=100.0% overall_est=27.3% prompt_rows=841/40
[2026-07-23 14:27:59] PROGRESS format=triplet_published [3/11] format_est=100.0% overall_est=27.3% prompt_rows=845/40
[2026-07-23 14:28:04] PROGRESS format=triplet_published [3/11] format_est=100.0% overall_est=27.3% prompt_rows=851/40
[2026-07-23 14:28:44] PROGRESS format=triplet_published [3/11] format_est=100.0% overall_est=27.3% prompt_rows=861/40
[2026-07-23 14:29:24] PROGRESS format=triplet_published [3/11] format_est=100.0% overall_est=27.3% prompt_rows=869/40
[2026-07-23 14:29:29] PROGRESS format=triplet_published [3/11] format_est=100.0% overall_est=27.3% prompt_rows=871/40
[2026-07-23 14:30:10] PROGRESS format=triplet_published [3/11] format_est=100.0% overall_est=27.3% prompt_rows=881/40
[2026-07-23 14:30:55] PROGRESS format=triplet_published [3/11] format_est=100.0% overall_est=27.3% prompt_rows=891/40
[2026-07-23 14:31:35] PROGRESS format=triplet_published [3/11] format_est=100.0% overall_est=27.3% prompt_rows=899/40
[2026-07-23 14:31:40] PROGRESS format=triplet_published [3/11] format_est=100.0% overall_est=27.3% prompt_rows=901/40
[2026-07-23 14:32:20] PROGRESS format=triplet_published [3/11] format_est=100.0% overall_est=27.3% prompt_rows=911/40
[2026-07-23 14:33:05] PROGRESS format=triplet_published [3/11] format_est=100.0% overall_est=27.3% prompt_rows=921/40
[2026-07-23 14:33:45] PROGRESS format=triplet_published [3/11] format_est=100.0% overall_est=27.3% prompt_rows=931/40
[2026-07-23 14:34:25] PROGRESS format=triplet_published [3/11] format_est=100.0% overall_est=27.3% prompt_rows=932/40
[2026-07-23 14:34:30] PROGRESS format=triplet_published [3/11] format_est=100.0% overall_est=27.3% prompt_rows=941/40
[2026-07-23 14:35:10] PROGRESS format=triplet_published [3/11] format_est=100.0% overall_est=27.3% prompt_rows=951/40
[2026-07-23 14:35:51] PROGRESS format=triplet_published [3/11] format_est=100.0% overall_est=27.3% prompt_rows=953/40
[2026-07-23 14:35:56] PROGRESS format=triplet_published [3/11] format_est=100.0% overall_est=27.3% prompt_rows=961/40
[2026-07-23 14:36:36] PROGRESS format=triplet_published [3/11] format_est=100.0% overall_est=27.3% prompt_rows=964/40
[2026-07-23 14:36:41] PROGRESS format=triplet_published [3/11] format_est=100.0% overall_est=27.3% prompt_rows=971/40
[2026-07-23 14:37:21] PROGRESS format=triplet_published [3/11] format_est=100.0% overall_est=27.3% prompt_rows=981/40
[2026-07-23 14:38:06] PROGRESS format=triplet_published [3/11] format_est=100.0% overall_est=27.3% prompt_rows=991/40
[2026-07-23 14:38:51] PROGRESS format=triplet_published [3/11] format_est=100.0% overall_est=27.3% prompt_rows=1001/40
[2026-07-23 14:39:31] PROGRESS format=triplet_published [3/11] format_est=100.0% overall_est=27.3% prompt_rows=1009/40
[2026-07-23 14:39:36] PROGRESS format=triplet_published [3/11] format_est=100.0% overall_est=27.3% prompt_rows=1011/40
[2026-07-23 14:40:17] PROGRESS format=triplet_published [3/11] format_est=100.0% overall_est=27.3% prompt_rows=1021/40
[2026-07-23 14:40:57] PROGRESS format=triplet_published [3/11] format_est=100.0% overall_est=27.3% prompt_rows=1029/40
[2026-07-23 14:41:02] PROGRESS format=triplet_published [3/11] format_est=100.0% overall_est=27.3% prompt_rows=1031/40
[2026-07-23 14:41:42] PROGRESS format=triplet_published [3/11] format_est=100.0% overall_est=27.3% prompt_rows=1041/40
[2026-07-23 14:42:27] PROGRESS format=triplet_published [3/11] format_est=100.0% overall_est=27.3% prompt_rows=1051/40
[2026-07-23 14:43:12] PROGRESS format=triplet_published [3/11] format_est=100.0% overall_est=27.3% prompt_rows=1053/40
[2026-07-23 14:43:17] PROGRESS format=triplet_published [3/11] format_est=100.0% overall_est=27.3% prompt_rows=1061/40
[2026-07-23 14:44:07] PROGRESS format=triplet_published [3/11] format_est=100.0% overall_est=27.3% prompt_rows=1065/40
[2026-07-23 14:44:12] PROGRESS format=triplet_published [3/11] format_est=100.0% overall_est=27.3% prompt_rows=1071/40
[2026-07-23 14:45:03] PROGRESS format=triplet_published [3/11] format_est=100.0% overall_est=27.3% prompt_rows=1081/40
[2026-07-23 14:45:53] PROGRESS format=triplet_published [3/11] format_est=100.0% overall_est=27.3% prompt_rows=1087/40
[2026-07-23 14:45:58] PROGRESS format=triplet_published [3/11] format_est=100.0% overall_est=27.3% prompt_rows=1091/40
[2026-07-23 14:46:48] PROGRESS format=triplet_published [3/11] format_est=100.0% overall_est=27.3% prompt_rows=1101/40
[2026-07-23 14:47:33] PROGRESS format=triplet_published [3/11] format_est=100.0% overall_est=27.3% prompt_rows=1104/40
[2026-07-23 14:47:38] PROGRESS format=triplet_published [3/11] format_est=100.0% overall_est=27.3% prompt_rows=1111/40
[2026-07-23 14:48:23] PROGRESS format=triplet_published [3/11] format_est=100.0% overall_est=27.3% prompt_rows=1120/40
[2026-07-23 14:48:33] PROGRESS format=triplet_published [3/11] format_est=100.0% overall_est=27.3% prompt_rows=1121/40
[2026-07-23 14:49:14] PROGRESS format=triplet_published [3/11] format_est=100.0% overall_est=27.3% prompt_rows=1123/40
[2026-07-23 14:49:19] PROGRESS format=triplet_published [3/11] format_est=100.0% overall_est=27.3% prompt_rows=1131/40
[2026-07-23 14:50:04] PROGRESS format=triplet_published [3/11] format_est=100.0% overall_est=27.3% prompt_rows=1141/40
[2026-07-23 14:50:49] PROGRESS format=triplet_published [3/11] format_est=100.0% overall_est=27.3% prompt_rows=1151/40
[2026-07-23 14:51:29] PROGRESS format=triplet_published [3/11] format_est=100.0% overall_est=27.3% prompt_rows=1152/40
[2026-07-23 14:51:34] PROGRESS format=triplet_published [3/11] format_est=100.0% overall_est=27.3% prompt_rows=1161/40
[2026-07-23 14:52:14] PROGRESS format=triplet_published [3/11] format_est=100.0% overall_est=27.3% prompt_rows=1171/40
[2026-07-23 14:52:54] PROGRESS format=triplet_published [3/11] format_est=100.0% overall_est=27.3% prompt_rows=1173/40
[2026-07-23 14:52:59] PROGRESS format=triplet_published [3/11] format_est=100.0% overall_est=27.3% prompt_rows=1181/40
[2026-07-23 14:53:39] PROGRESS format=triplet_published [3/11] format_est=100.0% overall_est=27.3% prompt_rows=1185/40
[2026-07-23 14:53:44] PROGRESS format=triplet_published [3/11] format_est=100.0% overall_est=27.3% prompt_rows=1191/40
[2026-07-23 14:54:25] PROGRESS format=triplet_published [3/11] format_est=100.0% overall_est=27.3% prompt_rows=1201/40
[2026-07-23 14:55:05] PROGRESS format=triplet_published [3/11] format_est=100.0% overall_est=27.3% prompt_rows=1210/40
[2026-07-23 14:55:10] PROGRESS format=triplet_published [3/11] format_est=100.0% overall_est=27.3% prompt_rows=1211/40
[2026-07-23 14:55:45] PROGRESS format=triplet_published [3/11] format_est=100.0% overall_est=27.3% prompt_rows=1214/40
[2026-07-23 14:55:50] PROGRESS format=triplet_published [3/11] format_est=100.0% overall_est=27.3% prompt_rows=1221/40
[2026-07-23 14:56:30] PROGRESS format=triplet_published [3/11] format_est=100.0% overall_est=27.3% prompt_rows=1231/40
[2026-07-23 14:57:10] PROGRESS format=triplet_published [3/11] format_est=100.0% overall_est=27.3% prompt_rows=1239/40
[2026-07-23 14:57:15] PROGRESS format=triplet_published [3/11] format_est=100.0% overall_est=27.3% prompt_rows=1241/40
[2026-07-23 14:57:50] PROGRESS format=triplet_published [3/11] format_est=100.0% overall_est=27.3% prompt_rows=1242/40
[2026-07-23 14:57:55] PROGRESS format=triplet_published [3/11] format_est=100.0% overall_est=27.3% prompt_rows=1251/40
[2026-07-23 14:58:36] PROGRESS format=triplet_published [3/11] format_est=100.0% overall_est=27.3% prompt_rows=1261/40
[2026-07-23 14:59:16] PROGRESS format=triplet_published [3/11] format_est=100.0% overall_est=27.3% prompt_rows=1267/40
[2026-07-23 14:59:21] PROGRESS format=triplet_published [3/11] format_est=100.0% overall_est=27.3% prompt_rows=1271/40
[2026-07-23 15:00:01] PROGRESS format=triplet_published [3/11] format_est=100.0% overall_est=27.3% prompt_rows=1281/40
[2026-07-23 15:00:41] PROGRESS format=triplet_published [3/11] format_est=100.0% overall_est=27.3% prompt_rows=1291/40
[2026-07-23 15:01:26] PROGRESS format=triplet_published [3/11] format_est=100.0% overall_est=27.3% prompt_rows=1297/40
[2026-07-23 15:01:31] PROGRESS format=triplet_published [3/11] format_est=100.0% overall_est=27.3% prompt_rows=1301/40
[2026-07-23 15:02:16] PROGRESS format=triplet_published [3/11] format_est=100.0% overall_est=27.3% prompt_rows=1311/40
[2026-07-23 15:02:56] PROGRESS format=triplet_published [3/11] format_est=100.0% overall_est=27.3% prompt_rows=1313/40
[2026-07-23 15:03:02] PROGRESS format=triplet_published [3/11] format_est=100.0% overall_est=27.3% prompt_rows=1321/40
[2026-07-23 15:03:47] PROGRESS format=triplet_published [3/11] format_est=100.0% overall_est=27.3% prompt_rows=1331/40
[2026-07-23 15:04:42] PROGRESS format=triplet_published [3/11] format_est=100.0% overall_est=27.3% prompt_rows=1341/40
[2026-07-23 15:05:27] PROGRESS format=triplet_published [3/11] format_est=100.0% overall_est=27.3% prompt_rows=1346/40
[2026-07-23 15:05:32] PROGRESS format=triplet_published [3/11] format_est=100.0% overall_est=27.3% prompt_rows=1351/40
[2026-07-23 15:06:17] PROGRESS format=triplet_published [3/11] format_est=100.0% overall_est=27.3% prompt_rows=1353/40
[2026-07-23 15:06:22] PROGRESS format=triplet_published [3/11] format_est=100.0% overall_est=27.3% prompt_rows=1361/40
[2026-07-23 15:07:07] PROGRESS format=triplet_published [3/11] format_est=100.0% overall_est=27.3% prompt_rows=1371/40
[2026-07-23 15:07:53] PROGRESS format=triplet_published [3/11] format_est=100.0% overall_est=27.3% prompt_rows=1372/40
[2026-07-23 15:07:58] PROGRESS format=triplet_published [3/11] format_est=100.0% overall_est=27.3% prompt_rows=1381/40
[2026-07-23 15:08:48] PROGRESS format=triplet_published [3/11] format_est=100.0% overall_est=27.3% prompt_rows=1383/40
[2026-07-23 15:08:53] PROGRESS format=triplet_published [3/11] format_est=100.0% overall_est=27.3% prompt_rows=1391/40
[2026-07-23 15:09:43] PROGRESS format=triplet_published [3/11] format_est=100.0% overall_est=27.3% prompt_rows=1400/40
[2026-07-23 15:09:48] PROGRESS format=triplet_published [3/11] format_est=100.0% overall_est=27.3% prompt_rows=1401/40
[2026-07-23 15:10:38] PROGRESS format=triplet_published [3/11] format_est=100.0% overall_est=27.3% prompt_rows=1407/40
[2026-07-23 15:10:43] PROGRESS format=triplet_published [3/11] format_est=100.0% overall_est=27.3% prompt_rows=1411/40
[2026-07-23 15:11:33] PROGRESS format=triplet_published [3/11] format_est=100.0% overall_est=27.3% prompt_rows=1421/40
[2026-07-23 15:12:24] PROGRESS format=triplet_published [3/11] format_est=100.0% overall_est=27.3% prompt_rows=1431/40
[2026-07-23 15:13:14] PROGRESS format=triplet_published [3/11] format_est=100.0% overall_est=27.3% prompt_rows=1441/40
[2026-07-23 15:13:59] PROGRESS format=triplet_published [3/11] format_est=100.0% overall_est=27.3% prompt_rows=1442/40
[2026-07-23 15:14:04] PROGRESS format=triplet_published [3/11] format_est=100.0% overall_est=27.3% prompt_rows=1451/40
[2026-07-23 15:14:54] PROGRESS format=triplet_published [3/11] format_est=100.0% overall_est=27.3% prompt_rows=1461/40
[2026-07-23 15:15:44] PROGRESS format=triplet_published [3/11] format_est=100.0% overall_est=27.3% prompt_rows=1471/40
[2026-07-23 15:16:30] PROGRESS format=triplet_published [3/11] format_est=100.0% overall_est=27.3% prompt_rows=1472/40
[2026-07-23 15:16:35] PROGRESS format=triplet_published [3/11] format_est=100.0% overall_est=27.3% prompt_rows=1481/40
[2026-07-23 15:17:20] PROGRESS format=triplet_published [3/11] format_est=100.0% overall_est=27.3% prompt_rows=1484/40
[2026-07-23 15:17:25] PROGRESS format=triplet_published [3/11] format_est=100.0% overall_est=27.3% prompt_rows=1491/40
[2026-07-23 15:18:10] PROGRESS format=triplet_published [3/11] format_est=100.0% overall_est=27.3% prompt_rows=1497/40
[2026-07-23 15:18:15] PROGRESS format=triplet_published [3/11] format_est=100.0% overall_est=27.3% prompt_rows=1501/40
[2026-07-23 15:19:00] PROGRESS format=triplet_published [3/11] format_est=100.0% overall_est=27.3% prompt_rows=1506/40
[2026-07-23 15:19:05] PROGRESS format=triplet_published [3/11] format_est=100.0% overall_est=27.3% prompt_rows=1511/40
[2026-07-23 15:19:50] PROGRESS format=triplet_published [3/11] format_est=100.0% overall_est=27.3% prompt_rows=1517/40
[2026-07-23 15:19:55] PROGRESS format=triplet_published [3/11] format_est=100.0% overall_est=27.3% prompt_rows=1521/40
[2026-07-23 15:20:46] PROGRESS format=triplet_published [3/11] format_est=100.0% overall_est=27.3% prompt_rows=1531/40
[2026-07-23 15:21:41] PROGRESS format=triplet_published [3/11] format_est=100.0% overall_est=27.3% prompt_rows=1541/40
[2026-07-23 15:22:41] PROGRESS format=triplet_published [3/11] format_est=100.0% overall_est=27.3% prompt_rows=1551/40
[2026-07-23 15:23:41] PROGRESS format=triplet_published [3/11] format_est=100.0% overall_est=27.3% prompt_rows=1551/40
[2026-07-23 15:23:46] PROGRESS format=triplet_published [3/11] format_est=100.0% overall_est=27.3% prompt_rows=1558/40
[2026-07-23 15:23:52] PROGRESS format=triplet_published [3/11] format_est=100.0% overall_est=27.3% prompt_rows=1561/40
[2026-07-23 15:24:37] PROGRESS format=triplet_published [3/11] format_est=100.0% overall_est=27.3% prompt_rows=1571/40
[2026-07-23 15:25:17] PROGRESS format=triplet_published [3/11] format_est=100.0% overall_est=27.3% prompt_rows=1572/40
[2026-07-23 15:25:22] PROGRESS format=triplet_published [3/11] format_est=100.0% overall_est=27.3% prompt_rows=1581/40
[2026-07-23 15:26:02] PROGRESS format=triplet_published [3/11] format_est=100.0% overall_est=27.3% prompt_rows=1591/40
[2026-07-23 15:26:47] PROGRESS format=triplet_published [3/11] format_est=100.0% overall_est=27.3% prompt_rows=1601/40
[2026-07-23 15:27:27] PROGRESS format=triplet_published [3/11] format_est=100.0% overall_est=27.3% prompt_rows=1606/40
[2026-07-23 15:27:32] PROGRESS format=triplet_published [3/11] format_est=100.0% overall_est=27.3% prompt_rows=1611/40
[2026-07-23 15:28:12] PROGRESS format=triplet_published [3/11] format_est=100.0% overall_est=27.3% prompt_rows=1621/40
[2026-07-23 15:28:58] PROGRESS format=triplet_published [3/11] format_est=100.0% overall_est=27.3% prompt_rows=1631/40
[2026-07-23 15:29:38] PROGRESS format=triplet_published [3/11] format_est=100.0% overall_est=27.3% prompt_rows=1639/40
[2026-07-23 15:29:43] PROGRESS format=triplet_published [3/11] format_est=100.0% overall_est=27.3% prompt_rows=1641/40
[2026-07-23 15:30:23] PROGRESS format=triplet_published [3/11] format_est=100.0% overall_est=27.3% prompt_rows=1651/40
[2026-07-23 15:31:03] PROGRESS format=triplet_published [3/11] format_est=100.0% overall_est=27.3% prompt_rows=1658/40
[2026-07-23 15:31:08] PROGRESS format=triplet_published [3/11] format_est=100.0% overall_est=27.3% prompt_rows=1661/40
[2026-07-23 15:31:53] PROGRESS format=triplet_published [3/11] format_est=100.0% overall_est=27.3% prompt_rows=1669/40
[2026-07-23 15:31:58] PROGRESS format=triplet_published [3/11] format_est=100.0% overall_est=27.3% prompt_rows=1671/40
[2026-07-23 15:32:48] PROGRESS format=triplet_published [3/11] format_est=100.0% overall_est=27.3% prompt_rows=1680/40
[2026-07-23 15:32:53] PROGRESS format=triplet_published [3/11] format_est=100.0% overall_est=27.3% prompt_rows=1681/40
[2026-07-23 15:33:34] PROGRESS format=triplet_published [3/11] format_est=100.0% overall_est=27.3% prompt_rows=1689/40
[2026-07-23 15:33:39] PROGRESS format=triplet_published [3/11] format_est=100.0% overall_est=27.3% prompt_rows=1691/40
[2026-07-23 15:34:19] PROGRESS format=triplet_published [3/11] format_est=100.0% overall_est=27.3% prompt_rows=1701/40
[2026-07-23 15:34:59] PROGRESS format=triplet_published [3/11] format_est=100.0% overall_est=27.3% prompt_rows=1707/40
[2026-07-23 15:35:04] PROGRESS format=triplet_published [3/11] format_est=100.0% overall_est=27.3% prompt_rows=1711/40
[2026-07-23 15:35:44] PROGRESS format=triplet_published [3/11] format_est=100.0% overall_est=27.3% prompt_rows=1721/40
[2026-07-23 15:36:24] PROGRESS format=triplet_published [3/11] format_est=100.0% overall_est=27.3% prompt_rows=1729/40
[2026-07-23 15:36:29] PROGRESS format=triplet_published [3/11] format_est=100.0% overall_est=27.3% prompt_rows=1731/40
[2026-07-23 15:37:09] PROGRESS format=triplet_published [3/11] format_est=100.0% overall_est=27.3% prompt_rows=1741/40
[2026-07-23 15:37:50] PROGRESS format=triplet_published [3/11] format_est=100.0% overall_est=27.3% prompt_rows=1751/40
[2026-07-23 15:38:30] PROGRESS format=triplet_published [3/11] format_est=100.0% overall_est=27.3% prompt_rows=1752/40
[2026-07-23 15:38:35] PROGRESS format=triplet_published [3/11] format_est=100.0% overall_est=27.3% prompt_rows=1761/40
[2026-07-23 15:39:15] PROGRESS format=triplet_published [3/11] format_est=100.0% overall_est=27.3% prompt_rows=1769/40
[2026-07-23 15:39:20] PROGRESS format=triplet_published [3/11] format_est=100.0% overall_est=27.3% prompt_rows=1771/40
[2026-07-23 15:40:00] PROGRESS format=triplet_published [3/11] format_est=100.0% overall_est=27.3% prompt_rows=1781/40
[2026-07-23 15:40:40] PROGRESS format=triplet_published [3/11] format_est=100.0% overall_est=27.3% prompt_rows=1791/40
[2026-07-23 15:41:20] PROGRESS format=triplet_published [3/11] format_est=100.0% overall_est=27.3% prompt_rows=1792/40
[2026-07-23 15:41:26] PROGRESS format=triplet_published [3/11] format_est=100.0% overall_est=27.3% prompt_rows=1801/40
[2026-07-23 15:42:16] PROGRESS format=triplet_published [3/11] format_est=100.0% overall_est=27.3% prompt_rows=1811/40
[2026-07-23 15:42:56] PROGRESS format=triplet_published [3/11] format_est=100.0% overall_est=27.3% prompt_rows=1813/40
[2026-07-23 15:43:01] PROGRESS format=triplet_published [3/11] format_est=100.0% overall_est=27.3% prompt_rows=1821/40
[2026-07-23 15:43:41] PROGRESS format=triplet_published [3/11] format_est=100.0% overall_est=27.3% prompt_rows=1831/40
[2026-07-23 15:44:21] PROGRESS format=triplet_published [3/11] format_est=100.0% overall_est=27.3% prompt_rows=1833/40
[2026-07-23 15:44:26] PROGRESS format=triplet_published [3/11] format_est=100.0% overall_est=27.3% prompt_rows=1841/40
[2026-07-23 15:45:06] PROGRESS format=triplet_published [3/11] format_est=100.0% overall_est=27.3% prompt_rows=1851/40
[2026-07-23 15:45:47] PROGRESS format=triplet_published [3/11] format_est=100.0% overall_est=27.3% prompt_rows=1854/40
[2026-07-23 15:45:52] PROGRESS format=triplet_published [3/11] format_est=100.0% overall_est=27.3% prompt_rows=1861/40
[2026-07-23 15:46:32] PROGRESS format=triplet_published [3/11] format_est=100.0% overall_est=27.3% prompt_rows=1871/40
[2026-07-23 15:47:12] PROGRESS format=triplet_published [3/11] format_est=100.0% overall_est=27.3% prompt_rows=1872/40
[2026-07-23 15:47:17] PROGRESS format=triplet_published [3/11] format_est=100.0% overall_est=27.3% prompt_rows=1881/40
[2026-07-23 15:47:57] PROGRESS format=triplet_published [3/11] format_est=100.0% overall_est=27.3% prompt_rows=1890/40
[2026-07-23 15:48:02] PROGRESS format=triplet_published [3/11] format_est=100.0% overall_est=27.3% prompt_rows=1891/40
[2026-07-23 15:48:42] PROGRESS format=triplet_published [3/11] format_est=100.0% overall_est=27.3% prompt_rows=1901/40
[2026-07-23 15:49:22] PROGRESS format=triplet_published [3/11] format_est=100.0% overall_est=27.3% prompt_rows=1910/40
[2026-07-23 15:49:28] PROGRESS format=triplet_published [3/11] format_est=100.0% overall_est=27.3% prompt_rows=1911/40
[2026-07-23 15:50:08] PROGRESS format=triplet_published [3/11] format_est=100.0% overall_est=27.3% prompt_rows=1921/40
[2026-07-23 15:50:48] PROGRESS format=triplet_published [3/11] format_est=100.0% overall_est=27.3% prompt_rows=1929/40
[2026-07-23 15:50:53] PROGRESS format=triplet_published [3/11] format_est=100.0% overall_est=27.3% prompt_rows=1931/40
[2026-07-23 15:51:33] PROGRESS format=triplet_published [3/11] format_est=100.0% overall_est=27.3% prompt_rows=1941/40
[2026-07-23 15:52:18] PROGRESS format=triplet_published [3/11] format_est=100.0% overall_est=27.3% prompt_rows=1951/40
[2026-07-23 15:53:03] PROGRESS format=triplet_published [3/11] format_est=100.0% overall_est=27.3% prompt_rows=1960/40
[2026-07-23 15:53:08] PROGRESS format=triplet_published [3/11] format_est=100.0% overall_est=27.3% prompt_rows=1961/40
[2026-07-23 15:53:49] PROGRESS format=triplet_published [3/11] format_est=100.0% overall_est=27.3% prompt_rows=1971/40
[2026-07-23 15:54:39] PROGRESS format=triplet_published [3/11] format_est=100.0% overall_est=27.3% prompt_rows=1981/40
[2026-07-23 15:55:24] PROGRESS format=triplet_published [3/11] format_est=100.0% overall_est=27.3% prompt_rows=1991/40
[2026-07-23 15:56:04] PROGRESS format=triplet_published [3/11] format_est=100.0% overall_est=27.3% prompt_rows=2001/40
[2026-07-23 15:56:44] PROGRESS format=triplet_published [3/11] format_est=100.0% overall_est=27.3% prompt_rows=2004/40
[2026-07-23 15:56:49] PROGRESS format=triplet_published [3/11] format_est=100.0% overall_est=27.3% prompt_rows=2011/40
[2026-07-23 15:57:30] PROGRESS format=triplet_published [3/11] format_est=100.0% overall_est=27.3% prompt_rows=2021/40
[2026-07-23 15:58:10] PROGRESS format=triplet_published [3/11] format_est=100.0% overall_est=27.3% prompt_rows=2025/40
[2026-07-23 15:58:15] PROGRESS format=triplet_published [3/11] format_est=100.0% overall_est=27.3% prompt_rows=2031/40
[2026-07-23 15:58:55] PROGRESS format=triplet_published [3/11] format_est=100.0% overall_est=27.3% prompt_rows=2041/40
[2026-07-23 15:59:40] PROGRESS format=triplet_published [3/11] format_est=100.0% overall_est=27.3% prompt_rows=2051/40
[2026-07-23 16:00:40] PROGRESS format=triplet_published [3/11] format_est=100.0% overall_est=27.3% prompt_rows=2051/40
[2026-07-23 16:00:51] PROGRESS format=triplet_published [3/11] format_est=100.0% overall_est=27.3% prompt_rows=2061/40
[2026-07-23 16:01:51] PROGRESS format=triplet_published [3/11] format_est=100.0% overall_est=27.3% prompt_rows=2067/40
[2026-07-23 16:01:56] PROGRESS format=triplet_published [3/11] format_est=100.0% overall_est=27.3% prompt_rows=2071/40
[2026-07-23 16:02:51] PROGRESS format=triplet_published [3/11] format_est=100.0% overall_est=27.3% prompt_rows=2081/40
[2026-07-23 16:03:42] PROGRESS format=triplet_published [3/11] format_est=100.0% overall_est=27.3% prompt_rows=2082/40
[2026-07-23 16:03:47] PROGRESS format=triplet_published [3/11] format_est=100.0% overall_est=27.3% prompt_rows=2091/40
[2026-07-23 16:04:37] PROGRESS format=triplet_published [3/11] format_est=100.0% overall_est=27.3% prompt_rows=2101/40
[2026-07-23 16:05:27] PROGRESS format=triplet_published [3/11] format_est=100.0% overall_est=27.3% prompt_rows=2107/40
[2026-07-23 16:05:32] PROGRESS format=triplet_published [3/11] format_est=100.0% overall_est=27.3% prompt_rows=2111/40
[2026-07-23 16:06:28] PROGRESS format=triplet_published [3/11] format_est=100.0% overall_est=27.3% prompt_rows=2121/40
[2026-07-23 16:07:23] PROGRESS format=triplet_published [3/11] format_est=100.0% overall_est=27.3% prompt_rows=2131/40
[2026-07-23 16:08:13] PROGRESS format=triplet_published [3/11] format_est=100.0% overall_est=27.3% prompt_rows=2136/40
[2026-07-23 16:08:18] PROGRESS format=triplet_published [3/11] format_est=100.0% overall_est=27.3% prompt_rows=2141/40
[2026-07-23 16:09:08] PROGRESS format=triplet_published [3/11] format_est=100.0% overall_est=27.3% prompt_rows=2151/40
[2026-07-23 16:10:09] PROGRESS format=triplet_published [3/11] format_est=100.0% overall_est=27.3% prompt_rows=2154/40
[2026-07-23 16:10:14] PROGRESS format=triplet_published [3/11] format_est=100.0% overall_est=27.3% prompt_rows=2161/40
[2026-07-23 16:11:15] PROGRESS format=triplet_published [3/11] format_est=100.0% overall_est=27.3% prompt_rows=2161/40
[2026-07-23 16:11:55] PROGRESS format=triplet_published [3/11] format_est=100.0% overall_est=27.3% prompt_rows=2169/40
[2026-07-23 16:12:00] PROGRESS format=triplet_published [3/11] format_est=100.0% overall_est=27.3% prompt_rows=2171/40
[2026-07-23 16:13:02] PROGRESS format=triplet_published [3/11] format_est=100.0% overall_est=27.3% prompt_rows=2171/40
[2026-07-23 16:13:37] PROGRESS format=triplet_published [3/11] format_est=100.0% overall_est=27.3% prompt_rows=2177/40
[2026-07-23 16:13:42] PROGRESS format=triplet_published [3/11] format_est=100.0% overall_est=27.3% prompt_rows=2181/40
[2026-07-23 16:14:43] PROGRESS format=triplet_published [3/11] format_est=100.0% overall_est=27.3% prompt_rows=2181/40
[2026-07-23 16:15:29] PROGRESS format=triplet_published [3/11] format_est=100.0% overall_est=27.3% prompt_rows=2190/40
[2026-07-23 16:15:34] PROGRESS format=triplet_published [3/11] format_est=100.0% overall_est=27.3% prompt_rows=2191/40
[2026-07-23 16:16:35] PROGRESS format=triplet_published [3/11] format_est=100.0% overall_est=27.3% prompt_rows=2191/40
[2026-07-23 16:17:37] PROGRESS format=triplet_published [3/11] format_est=100.0% overall_est=27.3% prompt_rows=2191/40
[2026-07-23 16:17:42] PROGRESS format=triplet_published [3/11] format_est=100.0% overall_est=27.3% prompt_rows=2193/40
[2026-07-23 16:17:47] PROGRESS format=triplet_published [3/11] format_est=100.0% overall_est=27.3% prompt_rows=2201/40
[2026-07-23 16:18:49] PROGRESS format=triplet_published [3/11] format_est=100.0% overall_est=27.3% prompt_rows=2201/40
[2026-07-23 16:19:34] PROGRESS format=triplet_published [3/11] format_est=100.0% overall_est=27.3% prompt_rows=2205/40
[2026-07-23 16:19:39] PROGRESS format=triplet_published [3/11] format_est=100.0% overall_est=27.3% prompt_rows=2211/40
[2026-07-23 16:20:40] PROGRESS format=triplet_published [3/11] format_est=100.0% overall_est=27.3% prompt_rows=2211/40
[2026-07-23 16:21:21] PROGRESS format=triplet_published [3/11] format_est=100.0% overall_est=27.3% prompt_rows=2220/40
[2026-07-23 16:21:26] PROGRESS format=triplet_published [3/11] format_est=100.0% overall_est=27.3% prompt_rows=2221/40
[2026-07-23 16:22:28] PROGRESS format=triplet_published [3/11] format_est=100.0% overall_est=27.3% prompt_rows=2221/40
[2026-07-23 16:23:03] PROGRESS format=triplet_published [3/11] format_est=100.0% overall_est=27.3% prompt_rows=2227/40
[2026-07-23 16:23:08] PROGRESS format=triplet_published [3/11] format_est=100.0% overall_est=27.3% prompt_rows=2231/40
[2026-07-23 16:24:09] PROGRESS format=triplet_published [3/11] format_est=100.0% overall_est=27.3% prompt_rows=2231/40
[2026-07-23 16:24:30] PROGRESS format=triplet_published [3/11] format_est=100.0% overall_est=27.3% prompt_rows=2233/40
[2026-07-23 16:24:35] PROGRESS format=triplet_published [3/11] format_est=100.0% overall_est=27.3% prompt_rows=2240/40
[2026-07-23 16:24:55] PROGRESS format=triplet_published [3/11] format_est=100.0% overall_est=27.3% prompt_rows=2241/40
[2026-07-23 16:25:56] PROGRESS format=triplet_published [3/11] format_est=100.0% overall_est=27.3% prompt_rows=2241/40
[2026-07-23 16:26:16] PROGRESS format=triplet_published [3/11] format_est=100.0% overall_est=27.3% prompt_rows=2248/40
[2026-07-23 16:26:21] PROGRESS format=triplet_published [3/11] format_est=100.0% overall_est=27.3% prompt_rows=2251/40
[2026-07-23 16:27:22] PROGRESS format=triplet_published [3/11] format_est=100.0% overall_est=27.3% prompt_rows=2251/40
[2026-07-23 16:27:42] PROGRESS format=triplet_published [3/11] format_est=100.0% overall_est=27.3% prompt_rows=2252/40
[2026-07-23 16:27:47] PROGRESS format=triplet_published [3/11] format_est=100.0% overall_est=27.3% prompt_rows=2261/40
[2026-07-23 16:28:48] PROGRESS format=triplet_published [3/11] format_est=100.0% overall_est=27.3% prompt_rows=2261/40
[2026-07-23 16:29:09] PROGRESS format=triplet_published [3/11] format_est=100.0% overall_est=27.3% prompt_rows=2264/40
[2026-07-23 16:29:14] PROGRESS format=triplet_published [3/11] format_est=100.0% overall_est=27.3% prompt_rows=2271/40
[2026-07-23 16:30:15] PROGRESS format=triplet_published [3/11] format_est=100.0% overall_est=27.3% prompt_rows=2271/40
[2026-07-23 16:30:56] PROGRESS format=triplet_published [3/11] format_est=100.0% overall_est=27.3% prompt_rows=2278/40
[2026-07-23 16:31:01] PROGRESS format=triplet_published [3/11] format_est=100.0% overall_est=27.3% prompt_rows=2281/40
[2026-07-23 16:32:04] PROGRESS format=triplet_published [3/11] format_est=100.0% overall_est=27.3% prompt_rows=2281/40
[2026-07-23 16:32:44] PROGRESS format=triplet_published [3/11] format_est=100.0% overall_est=27.3% prompt_rows=2282/40
[2026-07-23 16:32:49] PROGRESS format=triplet_published [3/11] format_est=100.0% overall_est=27.3% prompt_rows=2291/40
[2026-07-23 16:33:50] PROGRESS format=triplet_published [3/11] format_est=100.0% overall_est=27.3% prompt_rows=2291/40
[2026-07-23 16:34:30] PROGRESS format=triplet_published [3/11] format_est=100.0% overall_est=27.3% prompt_rows=2301/40
[2026-07-23 16:35:31] PROGRESS format=triplet_published [3/11] format_est=100.0% overall_est=27.3% prompt_rows=2301/40
[2026-07-23 16:36:02] PROGRESS format=triplet_published [3/11] format_est=100.0% overall_est=27.3% prompt_rows=2305/40
[2026-07-23 16:36:07] PROGRESS format=triplet_published [3/11] format_est=100.0% overall_est=27.3% prompt_rows=2311/40
[2026-07-23 16:37:08] PROGRESS format=triplet_published [3/11] format_est=100.0% overall_est=27.3% prompt_rows=2311/40
[2026-07-23 16:37:59] PROGRESS format=triplet_published [3/11] format_est=100.0% overall_est=27.3% prompt_rows=2319/40
[2026-07-23 16:38:04] PROGRESS format=triplet_published [3/11] format_est=100.0% overall_est=27.3% prompt_rows=2321/40
[2026-07-23 16:39:05] PROGRESS format=triplet_published [3/11] format_est=100.0% overall_est=27.3% prompt_rows=2321/40
[2026-07-23 16:39:36] PROGRESS format=triplet_published [3/11] format_est=100.0% overall_est=27.3% prompt_rows=2327/40
[2026-07-23 16:39:41] PROGRESS format=triplet_published [3/11] format_est=100.0% overall_est=27.3% prompt_rows=2331/40
[2026-07-23 16:40:36] PROGRESS format=triplet_published [3/11] format_est=100.0% overall_est=27.3% prompt_rows=2341/40
[2026-07-23 16:41:26] PROGRESS format=triplet_published [3/11] format_est=100.0% overall_est=27.3% prompt_rows=2348/40
[2026-07-23 16:41:31] PROGRESS format=triplet_published [3/11] format_est=100.0% overall_est=27.3% prompt_rows=2351/40
[2026-07-23 16:42:17] PROGRESS format=triplet_published [3/11] format_est=100.0% overall_est=27.3% prompt_rows=2359/40
[2026-07-23 16:42:22] PROGRESS format=triplet_published [3/11] format_est=100.0% overall_est=27.3% prompt_rows=2361/40
[2026-07-23 16:43:07] PROGRESS format=triplet_published [3/11] format_est=100.0% overall_est=27.3% prompt_rows=2371/40
[2026-07-23 16:44:02] PROGRESS format=triplet_published [3/11] format_est=100.0% overall_est=27.3% prompt_rows=2381/40
[2026-07-23 16:44:53] PROGRESS format=triplet_published [3/11] format_est=100.0% overall_est=27.3% prompt_rows=2385/40
[2026-07-23 16:44:58] PROGRESS format=triplet_published [3/11] format_est=100.0% overall_est=27.3% prompt_rows=2391/40
[2026-07-23 16:45:58] PROGRESS format=triplet_published [3/11] format_est=100.0% overall_est=27.3% prompt_rows=2391/40
[2026-07-23 16:46:18] PROGRESS format=triplet_published [3/11] format_est=100.0% overall_est=27.3% prompt_rows=2401/40
[2026-07-23 16:47:19] PROGRESS format=triplet_published [3/11] format_est=100.0% overall_est=27.3% prompt_rows=2401/40
[2026-07-23 16:47:44] PROGRESS format=triplet_published [3/11] format_est=100.0% overall_est=27.3% prompt_rows=2406/40
[2026-07-23 16:47:49] PROGRESS format=triplet_published [3/11] format_est=100.0% overall_est=27.3% prompt_rows=2411/40
[2026-07-23 16:48:49] PROGRESS format=triplet_published [3/11] format_est=100.0% overall_est=27.3% prompt_rows=2421/40
[2026-07-23 16:49:40] PROGRESS format=triplet_published [3/11] format_est=100.0% overall_est=27.3% prompt_rows=2423/40
[2026-07-23 16:49:45] PROGRESS format=triplet_published [3/11] format_est=100.0% overall_est=27.3% prompt_rows=2431/40
[2026-07-23 16:50:40] PROGRESS format=triplet_published [3/11] format_est=100.0% overall_est=27.3% prompt_rows=2439/40
[2026-07-23 16:50:45] PROGRESS format=triplet_published [3/11] format_est=100.0% overall_est=27.3% prompt_rows=2441/40
[2026-07-23 16:51:30] PROGRESS format=triplet_published [3/11] format_est=100.0% overall_est=27.3% prompt_rows=2447/40
[2026-07-23 16:51:35] PROGRESS format=triplet_published [3/11] format_est=100.0% overall_est=27.3% prompt_rows=2451/40
[2026-07-23 16:52:21] PROGRESS format=triplet_published [3/11] format_est=100.0% overall_est=27.3% prompt_rows=2461/40
[2026-07-23 16:53:11] PROGRESS format=triplet_published [3/11] format_est=100.0% overall_est=27.3% prompt_rows=2471/40
[2026-07-23 16:54:12] PROGRESS format=triplet_published [3/11] format_est=100.0% overall_est=27.3% prompt_rows=2471/40
[2026-07-23 16:54:32] PROGRESS format=triplet_published [3/11] format_est=100.0% overall_est=27.3% prompt_rows=2477/40
[2026-07-23 16:54:37] PROGRESS format=triplet_published [3/11] format_est=100.0% overall_est=27.3% prompt_rows=2481/40
[2026-07-23 16:55:37] PROGRESS format=triplet_published [3/11] format_est=100.0% overall_est=27.3% prompt_rows=2481/40
[2026-07-23 16:55:57] PROGRESS format=triplet_published [3/11] format_est=100.0% overall_est=27.3% prompt_rows=2486/40
[2026-07-23 16:56:02] PROGRESS format=triplet_published [3/11] format_est=100.0% overall_est=27.3% prompt_rows=2491/40
[2026-07-23 16:57:03] PROGRESS format=triplet_published [3/11] format_est=100.0% overall_est=27.3% prompt_rows=2491/40
[2026-07-23 16:57:28] PROGRESS format=triplet_published [3/11] format_est=100.0% overall_est=27.3% prompt_rows=2501/40
[2026-07-23 16:58:29] PROGRESS format=triplet_published [3/11] format_est=100.0% overall_est=27.3% prompt_rows=2501/40
[2026-07-23 16:59:00] PROGRESS format=triplet_published [3/11] format_est=100.0% overall_est=27.3% prompt_rows=2508/40
[2026-07-23 16:59:05] PROGRESS format=triplet_published [3/11] format_est=100.0% overall_est=27.3% prompt_rows=2511/40
[2026-07-23 17:00:06] PROGRESS format=triplet_published [3/11] format_est=100.0% overall_est=27.3% prompt_rows=2511/40
[2026-07-23 17:00:26] PROGRESS format=triplet_published [3/11] format_est=100.0% overall_est=27.3% prompt_rows=2514/40
[2026-07-23 17:00:31] PROGRESS format=triplet_published [3/11] format_est=100.0% overall_est=27.3% prompt_rows=2520/40
[2026-07-23 17:00:41] PROGRESS format=triplet_published [3/11] format_est=100.0% overall_est=27.3% prompt_rows=2521/40
[2026-07-23 17:01:42] PROGRESS format=triplet_published [3/11] format_est=100.0% overall_est=27.3% prompt_rows=2521/40
[2026-07-23 17:02:07] PROGRESS format=triplet_published [3/11] format_est=100.0% overall_est=27.3% prompt_rows=2526/40
[2026-07-23 17:02:12] PROGRESS format=triplet_published [3/11] format_est=100.0% overall_est=27.3% prompt_rows=2531/40
[2026-07-23 17:03:12] PROGRESS format=triplet_published [3/11] format_est=100.0% overall_est=27.3% prompt_rows=2531/40
[2026-07-23 17:03:38] PROGRESS format=triplet_published [3/11] format_est=100.0% overall_est=27.3% prompt_rows=2536/40
[2026-07-23 17:03:43] PROGRESS format=triplet_published [3/11] format_est=100.0% overall_est=27.3% prompt_rows=2541/40
[2026-07-23 17:04:43] PROGRESS format=triplet_published [3/11] format_est=100.0% overall_est=27.3% prompt_rows=2541/40
[2026-07-23 17:05:09] PROGRESS format=triplet_published [3/11] format_est=100.0% overall_est=27.3% prompt_rows=2549/40
[2026-07-23 17:05:14] PROGRESS format=triplet_published [3/11] format_est=100.0% overall_est=27.3% prompt_rows=2551/40
[2026-07-23 17:06:15] PROGRESS format=triplet_published [3/11] format_est=100.0% overall_est=27.3% prompt_rows=2551/40
[2026-07-23 17:06:40] PROGRESS format=triplet_published [3/11] format_est=100.0% overall_est=27.3% prompt_rows=2561/40
[2026-07-23 17:07:40] PROGRESS format=triplet_published [3/11] format_est=100.0% overall_est=27.3% prompt_rows=2561/40
[2026-07-23 17:08:11] PROGRESS format=triplet_published [3/11] format_est=100.0% overall_est=27.3% prompt_rows=2570/40
[2026-07-23 17:08:16] PROGRESS format=triplet_published [3/11] format_est=100.0% overall_est=27.3% prompt_rows=2571/40
[2026-07-23 17:09:16] PROGRESS format=triplet_published [3/11] format_est=100.0% overall_est=27.3% prompt_rows=2571/40
[2026-07-23 17:09:42] PROGRESS format=triplet_published [3/11] format_est=100.0% overall_est=27.3% prompt_rows=2580/40
[2026-07-23 17:09:47] PROGRESS format=triplet_published [3/11] format_est=100.0% overall_est=27.3% prompt_rows=2581/40
[2026-07-23 17:10:47] PROGRESS format=triplet_published [3/11] format_est=100.0% overall_est=27.3% prompt_rows=2581/40
[2026-07-23 17:11:02] PROGRESS format=triplet_published [3/11] format_est=100.0% overall_est=27.3% prompt_rows=2591/40
[2026-07-23 17:12:03] PROGRESS format=triplet_published [3/11] format_est=100.0% overall_est=27.3% prompt_rows=2591/40
[2026-07-23 17:12:18] PROGRESS format=triplet_published [3/11] format_est=100.0% overall_est=27.3% prompt_rows=2596/40
[2026-07-23 17:12:23] PROGRESS format=triplet_published [3/11] format_est=100.0% overall_est=27.3% prompt_rows=2601/40
[2026-07-23 17:13:19] PROGRESS format=triplet_published [3/11] format_est=100.0% overall_est=27.3% prompt_rows=2608/40
[2026-07-23 17:13:24] PROGRESS format=triplet_published [3/11] format_est=100.0% overall_est=27.3% prompt_rows=2611/40
[2026-07-23 17:14:14] PROGRESS format=triplet_published [3/11] format_est=100.0% overall_est=27.3% prompt_rows=2613/40
[2026-07-23 17:14:19] PROGRESS format=triplet_published [3/11] format_est=100.0% overall_est=27.3% prompt_rows=2621/40
[2026-07-23 17:15:14] PROGRESS format=triplet_published [3/11] format_est=100.0% overall_est=27.3% prompt_rows=2631/40
[2026-07-23 17:16:10] PROGRESS format=triplet_published [3/11] format_est=100.0% overall_est=27.3% prompt_rows=2636/40
[2026-07-23 17:16:15] PROGRESS format=triplet_published [3/11] format_est=100.0% overall_est=27.3% prompt_rows=2641/40
[2026-07-23 17:17:10] PROGRESS format=triplet_published [3/11] format_est=100.0% overall_est=27.3% prompt_rows=2651/40
[2026-07-23 17:18:10] PROGRESS format=triplet_published [3/11] format_est=100.0% overall_est=27.3% prompt_rows=2658/40
[2026-07-23 17:18:16] PROGRESS format=triplet_published [3/11] format_est=100.0% overall_est=27.3% prompt_rows=2661/40
[2026-07-23 17:19:11] PROGRESS format=triplet_published [3/11] format_est=100.0% overall_est=27.3% prompt_rows=2670/40
[2026-07-23 17:19:16] PROGRESS format=triplet_published [3/11] format_est=100.0% overall_est=27.3% prompt_rows=2671/40
[2026-07-23 17:20:06] PROGRESS format=triplet_published [3/11] format_est=100.0% overall_est=27.3% prompt_rows=2672/40
[2026-07-23 17:20:11] PROGRESS format=triplet_published [3/11] format_est=100.0% overall_est=27.3% prompt_rows=2681/40
[2026-07-23 17:21:07] PROGRESS format=triplet_published [3/11] format_est=100.0% overall_est=27.3% prompt_rows=2691/40
[2026-07-23 17:22:02] PROGRESS format=triplet_published [3/11] format_est=100.0% overall_est=27.3% prompt_rows=2700/40
[2026-07-23 17:22:07] PROGRESS format=triplet_published [3/11] format_est=100.0% overall_est=27.3% prompt_rows=2701/40
[2026-07-23 17:23:07] PROGRESS format=triplet_published [3/11] format_est=100.0% overall_est=27.3% prompt_rows=2701/40
[2026-07-23 17:23:13] PROGRESS format=triplet_published [3/11] format_est=100.0% overall_est=27.3% prompt_rows=2707/40
[2026-07-23 17:23:18] PROGRESS format=triplet_published [3/11] format_est=100.0% overall_est=27.3% prompt_rows=2711/40
[2026-07-23 17:24:08] PROGRESS format=triplet_published [3/11] format_est=100.0% overall_est=27.3% prompt_rows=2719/40
[2026-07-23 17:24:13] PROGRESS format=triplet_published [3/11] format_est=100.0% overall_est=27.3% prompt_rows=2721/40
[2026-07-23 17:24:58] PROGRESS format=triplet_published [3/11] format_est=100.0% overall_est=27.3% prompt_rows=2731/40
[2026-07-23 17:25:49] PROGRESS format=triplet_published [3/11] format_est=100.0% overall_est=27.3% prompt_rows=2735/40
[2026-07-23 17:25:54] PROGRESS format=triplet_published [3/11] format_est=100.0% overall_est=27.3% prompt_rows=2741/40
[2026-07-23 17:26:44] PROGRESS format=triplet_published [3/11] format_est=100.0% overall_est=27.3% prompt_rows=2746/40
[2026-07-23 17:26:49] PROGRESS format=triplet_published [3/11] format_est=100.0% overall_est=27.3% prompt_rows=2751/40
[2026-07-23 17:27:39] PROGRESS format=triplet_published [3/11] format_est=100.0% overall_est=27.3% prompt_rows=2761/40
[2026-07-23 17:28:30] PROGRESS format=triplet_published [3/11] format_est=100.0% overall_est=27.3% prompt_rows=2770/40
[2026-07-23 17:28:35] PROGRESS format=triplet_published [3/11] format_est=100.0% overall_est=27.3% prompt_rows=2771/40
[2026-07-23 17:29:20] PROGRESS format=triplet_published [3/11] format_est=100.0% overall_est=27.3% prompt_rows=2781/40
[2026-07-23 17:30:10] PROGRESS format=triplet_published [3/11] format_est=100.0% overall_est=27.3% prompt_rows=2791/40
[2026-07-23 17:31:01] PROGRESS format=triplet_published [3/11] format_est=100.0% overall_est=27.3% prompt_rows=2800/40
[2026-07-23 17:31:06] PROGRESS format=triplet_published [3/11] format_est=100.0% overall_est=27.3% prompt_rows=2801/40
[2026-07-23 17:31:56] PROGRESS format=triplet_published [3/11] format_est=100.0% overall_est=27.3% prompt_rows=2811/40
[2026-07-23 17:32:46] PROGRESS format=triplet_published [3/11] format_est=100.0% overall_est=27.3% prompt_rows=2821/40
[2026-07-23 17:33:31] PROGRESS format=triplet_published [3/11] format_est=100.0% overall_est=27.3% prompt_rows=2828/40
[2026-07-23 17:33:36] PROGRESS format=triplet_published [3/11] format_est=100.0% overall_est=27.3% prompt_rows=2831/40
[2026-07-23 17:34:22] PROGRESS format=triplet_published [3/11] format_est=100.0% overall_est=27.3% prompt_rows=2841/40
[2026-07-23 17:35:12] PROGRESS format=triplet_published [3/11] format_est=100.0% overall_est=27.3% prompt_rows=2847/40
[2026-07-23 17:35:17] PROGRESS format=triplet_published [3/11] format_est=100.0% overall_est=27.3% prompt_rows=2851/40
[2026-07-23 17:36:07] PROGRESS format=triplet_published [3/11] format_est=100.0% overall_est=27.3% prompt_rows=2858/40
[2026-07-23 17:36:12] PROGRESS format=triplet_published [3/11] format_est=100.0% overall_est=27.3% prompt_rows=2861/40
[2026-07-23 17:36:58] PROGRESS format=triplet_published [3/11] format_est=100.0% overall_est=27.3% prompt_rows=2869/40
[2026-07-23 17:37:03] PROGRESS format=triplet_published [3/11] format_est=100.0% overall_est=27.3% prompt_rows=2871/40
[2026-07-23 17:37:48] PROGRESS format=triplet_published [3/11] format_est=100.0% overall_est=27.3% prompt_rows=2880/40
[2026-07-23 17:37:53] PROGRESS format=triplet_published [3/11] format_est=100.0% overall_est=27.3% prompt_rows=2881/40
[2026-07-23 17:38:43] PROGRESS format=triplet_published [3/11] format_est=100.0% overall_est=27.3% prompt_rows=2891/40
[2026-07-23 17:39:39] PROGRESS format=triplet_published [3/11] format_est=100.0% overall_est=27.3% prompt_rows=2895/40
[2026-07-23 17:39:44] PROGRESS format=triplet_published [3/11] format_est=100.0% overall_est=27.3% prompt_rows=2901/40
[2026-07-23 17:40:29] PROGRESS format=triplet_published [3/11] format_est=100.0% overall_est=27.3% prompt_rows=2905/40
[2026-07-23 17:40:34] PROGRESS format=triplet_published [3/11] format_est=100.0% overall_est=27.3% prompt_rows=2911/40
[2026-07-23 17:41:20] PROGRESS format=triplet_published [3/11] format_est=100.0% overall_est=27.3% prompt_rows=2913/40
[2026-07-23 17:41:25] PROGRESS format=triplet_published [3/11] format_est=100.0% overall_est=27.3% prompt_rows=2921/40
[2026-07-23 17:42:10] PROGRESS format=triplet_published [3/11] format_est=100.0% overall_est=27.3% prompt_rows=2923/40
[2026-07-23 17:42:15] PROGRESS format=triplet_published [3/11] format_est=100.0% overall_est=27.3% prompt_rows=2931/40
[2026-07-23 17:43:00] PROGRESS format=triplet_published [3/11] format_est=100.0% overall_est=27.3% prompt_rows=2934/40
[2026-07-23 17:43:05] PROGRESS format=triplet_published [3/11] format_est=100.0% overall_est=27.3% prompt_rows=2941/40
[2026-07-23 17:43:56] PROGRESS format=triplet_published [3/11] format_est=100.0% overall_est=27.3% prompt_rows=2951/40
[2026-07-23 17:44:41] PROGRESS format=triplet_published [3/11] format_est=100.0% overall_est=27.3% prompt_rows=2955/40
[2026-07-23 17:44:46] PROGRESS format=triplet_published [3/11] format_est=100.0% overall_est=27.3% prompt_rows=2961/40
[2026-07-23 17:45:31] PROGRESS format=triplet_published [3/11] format_est=100.0% overall_est=27.3% prompt_rows=2963/40
[2026-07-23 17:45:36] PROGRESS format=triplet_published [3/11] format_est=100.0% overall_est=27.3% prompt_rows=2971/40
[2026-07-23 17:46:21] PROGRESS format=triplet_published [3/11] format_est=100.0% overall_est=27.3% prompt_rows=2974/40
[2026-07-23 17:46:27] PROGRESS format=triplet_published [3/11] format_est=100.0% overall_est=27.3% prompt_rows=2981/40
[2026-07-23 17:47:12] PROGRESS format=triplet_published [3/11] format_est=100.0% overall_est=27.3% prompt_rows=2987/40
[2026-07-23 17:47:17] PROGRESS format=triplet_published [3/11] format_est=100.0% overall_est=27.3% prompt_rows=2991/40
[2026-07-23 17:48:02] PROGRESS format=triplet_published [3/11] format_est=100.0% overall_est=27.3% prompt_rows=3001/40
[2026-07-23 17:48:52] PROGRESS format=triplet_published [3/11] format_est=100.0% overall_est=27.3% prompt_rows=3008/40
[2026-07-23 17:48:58] PROGRESS format=triplet_published [3/11] format_est=100.0% overall_est=27.3% prompt_rows=3011/40
[2026-07-23 17:49:43] PROGRESS format=triplet_published [3/11] format_est=100.0% overall_est=27.3% prompt_rows=3014/40
[2026-07-23 17:49:48] PROGRESS format=triplet_published [3/11] format_est=100.0% overall_est=27.3% prompt_rows=3021/40
[2026-07-23 17:50:38] PROGRESS format=triplet_published [3/11] format_est=100.0% overall_est=27.3% prompt_rows=3031/40
[2026-07-23 17:51:39] PROGRESS format=triplet_published [3/11] format_est=100.0% overall_est=27.3% prompt_rows=3041/40
[2026-07-23 17:52:29] PROGRESS format=triplet_published [3/11] format_est=100.0% overall_est=27.3% prompt_rows=3050/40
[2026-07-23 17:52:34] PROGRESS format=triplet_published [3/11] format_est=100.0% overall_est=27.3% prompt_rows=3051/40
[2026-07-23 17:53:19] PROGRESS format=triplet_published [3/11] format_est=100.0% overall_est=27.3% prompt_rows=3055/40
[2026-07-23 17:53:24] PROGRESS format=triplet_published [3/11] format_est=100.0% overall_est=27.3% prompt_rows=3061/40
[2026-07-23 17:54:09] PROGRESS format=triplet_published [3/11] format_est=100.0% overall_est=27.3% prompt_rows=3062/40
[2026-07-23 17:54:15] PROGRESS format=triplet_published [3/11] format_est=100.0% overall_est=27.3% prompt_rows=3071/40
[2026-07-23 17:55:00] PROGRESS format=triplet_published [3/11] format_est=100.0% overall_est=27.3% prompt_rows=3076/40
[2026-07-23 17:55:05] PROGRESS format=triplet_published [3/11] format_est=100.0% overall_est=27.3% prompt_rows=3081/40
[2026-07-23 17:56:00] PROGRESS format=triplet_published [3/11] format_est=100.0% overall_est=27.3% prompt_rows=3091/40
[2026-07-23 17:56:56] PROGRESS format=triplet_published [3/11] format_est=100.0% overall_est=27.3% prompt_rows=3101/40
[2026-07-23 17:57:46] PROGRESS format=triplet_published [3/11] format_est=100.0% overall_est=27.3% prompt_rows=3111/40
[2026-07-23 17:58:41] PROGRESS format=triplet_published [3/11] format_est=100.0% overall_est=27.3% prompt_rows=3121/40
[2026-07-23 17:59:32] PROGRESS format=triplet_published [3/11] format_est=100.0% overall_est=27.3% prompt_rows=3130/40
[2026-07-23 17:59:37] PROGRESS format=triplet_published [3/11] format_est=100.0% overall_est=27.3% prompt_rows=3131/40
[2026-07-23 18:00:22] PROGRESS format=triplet_published [3/11] format_est=100.0% overall_est=27.3% prompt_rows=3141/40
[2026-07-23 18:01:12] PROGRESS format=triplet_published [3/11] format_est=100.0% overall_est=27.3% prompt_rows=3151/40
[2026-07-23 18:02:08] PROGRESS format=triplet_published [3/11] format_est=100.0% overall_est=27.3% prompt_rows=3161/40
[2026-07-23 18:03:03] PROGRESS format=triplet_published [3/11] format_est=100.0% overall_est=27.3% prompt_rows=3171/40
[2026-07-23 18:03:53] PROGRESS format=triplet_published [3/11] format_est=100.0% overall_est=27.3% prompt_rows=3181/40
[2026-07-23 18:04:44] PROGRESS format=triplet_published [3/11] format_est=100.0% overall_est=27.3% prompt_rows=3185/40
[2026-07-23 18:04:49] PROGRESS format=triplet_published [3/11] format_est=100.0% overall_est=27.3% prompt_rows=3191/40
[2026-07-23 18:05:34] PROGRESS format=triplet_published [3/11] format_est=100.0% overall_est=27.3% prompt_rows=3198/40
[2026-07-23 18:05:39] PROGRESS format=triplet_published [3/11] format_est=100.0% overall_est=27.3% prompt_rows=3201/40
[2026-07-23 18:06:24] PROGRESS format=triplet_published [3/11] format_est=100.0% overall_est=27.3% prompt_rows=3205/40
[2026-07-23 18:06:29] PROGRESS format=triplet_published [3/11] format_est=100.0% overall_est=27.3% prompt_rows=3211/40
[2026-07-23 18:07:15] PROGRESS format=triplet_published [3/11] format_est=100.0% overall_est=27.3% prompt_rows=3212/40
[2026-07-23 18:07:20] PROGRESS format=triplet_published [3/11] format_est=100.0% overall_est=27.3% prompt_rows=3221/40
[2026-07-23 18:08:05] PROGRESS format=triplet_published [3/11] format_est=100.0% overall_est=27.3% prompt_rows=3226/40
[2026-07-23 18:08:10] PROGRESS format=triplet_published [3/11] format_est=100.0% overall_est=27.3% prompt_rows=3231/40
[2026-07-23 18:09:00] PROGRESS format=triplet_published [3/11] format_est=100.0% overall_est=27.3% prompt_rows=3241/40
[2026-07-23 18:09:46] PROGRESS format=triplet_published [3/11] format_est=100.0% overall_est=27.3% prompt_rows=3242/40
[2026-07-23 18:09:51] PROGRESS format=triplet_published [3/11] format_est=100.0% overall_est=27.3% prompt_rows=3251/40
[2026-07-23 18:10:36] PROGRESS format=triplet_published [3/11] format_est=100.0% overall_est=27.3% prompt_rows=3261/40
[2026-07-23 18:11:26] PROGRESS format=triplet_published [3/11] format_est=100.0% overall_est=27.3% prompt_rows=3264/40
[2026-07-23 18:11:32] PROGRESS format=triplet_published [3/11] format_est=100.0% overall_est=27.3% prompt_rows=3271/40
[2026-07-23 18:12:22] PROGRESS format=triplet_published [3/11] format_est=100.0% overall_est=27.3% prompt_rows=3276/40
[2026-07-23 18:12:27] PROGRESS format=triplet_published [3/11] format_est=100.0% overall_est=27.3% prompt_rows=3281/40
[2026-07-23 18:13:12] PROGRESS format=triplet_published [3/11] format_est=100.0% overall_est=27.3% prompt_rows=3288/40
[2026-07-23 18:13:17] PROGRESS format=triplet_published [3/11] format_est=100.0% overall_est=27.3% prompt_rows=3291/40
[2026-07-23 18:14:03] PROGRESS format=triplet_published [3/11] format_est=100.0% overall_est=27.3% prompt_rows=3301/40
[2026-07-23 18:14:48] PROGRESS format=triplet_published [3/11] format_est=100.0% overall_est=27.3% prompt_rows=3303/40
[2026-07-23 18:14:53] PROGRESS format=triplet_published [3/11] format_est=100.0% overall_est=27.3% prompt_rows=3311/40
[2026-07-23 18:15:38] PROGRESS format=triplet_published [3/11] format_est=100.0% overall_est=27.3% prompt_rows=3319/40
[2026-07-23 18:15:43] PROGRESS format=triplet_published [3/11] format_est=100.0% overall_est=27.3% prompt_rows=3321/40
[2026-07-23 18:16:28] PROGRESS format=triplet_published [3/11] format_est=100.0% overall_est=27.3% prompt_rows=3331/40
[2026-07-23 18:17:14] PROGRESS format=triplet_published [3/11] format_est=100.0% overall_est=27.3% prompt_rows=3334/40
[2026-07-23 18:17:19] PROGRESS format=triplet_published [3/11] format_est=100.0% overall_est=27.3% prompt_rows=3341/40
[2026-07-23 18:18:04] PROGRESS format=triplet_published [3/11] format_est=100.0% overall_est=27.3% prompt_rows=3344/40
[2026-07-23 18:18:09] PROGRESS format=triplet_published [3/11] format_est=100.0% overall_est=27.3% prompt_rows=3351/40
[2026-07-23 18:18:59] PROGRESS format=triplet_published [3/11] format_est=100.0% overall_est=27.3% prompt_rows=3360/40
[2026-07-23 18:19:10] PROGRESS format=triplet_published [3/11] format_est=100.0% overall_est=27.3% prompt_rows=3361/40
[2026-07-23 18:20:00] PROGRESS format=triplet_published [3/11] format_est=100.0% overall_est=27.3% prompt_rows=3363/40
[2026-07-23 18:20:05] PROGRESS format=triplet_published [3/11] format_est=100.0% overall_est=27.3% prompt_rows=3371/40
[2026-07-23 18:20:55] PROGRESS format=triplet_published [3/11] format_est=100.0% overall_est=27.3% prompt_rows=3380/40
[2026-07-23 18:21:00] PROGRESS format=triplet_published [3/11] format_est=100.0% overall_est=27.3% prompt_rows=3381/40
[2026-07-23 18:21:51] PROGRESS format=triplet_published [3/11] format_est=100.0% overall_est=27.3% prompt_rows=3391/40
[2026-07-23 18:22:41] PROGRESS format=triplet_published [3/11] format_est=100.0% overall_est=27.3% prompt_rows=3401/40
[2026-07-23 18:23:31] PROGRESS format=triplet_published [3/11] format_est=100.0% overall_est=27.3% prompt_rows=3410/40
[2026-07-23 18:23:36] PROGRESS format=triplet_published [3/11] format_est=100.0% overall_est=27.3% prompt_rows=3411/40
[2026-07-23 18:24:22] PROGRESS format=triplet_published [3/11] format_est=100.0% overall_est=27.3% prompt_rows=3412/40
[2026-07-23 18:24:27] PROGRESS format=triplet_published [3/11] format_est=100.0% overall_est=27.3% prompt_rows=3421/40
[2026-07-23 18:25:12] PROGRESS format=triplet_published [3/11] format_est=100.0% overall_est=27.3% prompt_rows=3431/40
[2026-07-23 18:25:57] PROGRESS format=triplet_published [3/11] format_est=100.0% overall_est=27.3% prompt_rows=3436/40
[2026-07-23 18:26:02] PROGRESS format=triplet_published [3/11] format_est=100.0% overall_est=27.3% prompt_rows=3441/40
[2026-07-23 18:26:48] PROGRESS format=triplet_published [3/11] format_est=100.0% overall_est=27.3% prompt_rows=3451/40
[2026-07-23 18:27:33] PROGRESS format=triplet_published [3/11] format_est=100.0% overall_est=27.3% prompt_rows=3455/40
[2026-07-23 18:27:38] PROGRESS format=triplet_published [3/11] format_est=100.0% overall_est=27.3% prompt_rows=3461/40
[2026-07-23 18:28:23] PROGRESS format=triplet_published [3/11] format_est=100.0% overall_est=27.3% prompt_rows=3471/40
[2026-07-23 18:29:24] PROGRESS format=triplet_published [3/11] format_est=100.0% overall_est=27.3% prompt_rows=3478/40
[2026-07-23 18:29:29] PROGRESS format=triplet_published [3/11] format_est=100.0% overall_est=27.3% prompt_rows=3481/40
[2026-07-23 18:30:24] PROGRESS format=triplet_published [3/11] format_est=100.0% overall_est=27.3% prompt_rows=3491/40
[2026-07-23 18:31:24] PROGRESS format=triplet_published [3/11] format_est=100.0% overall_est=27.3% prompt_rows=3492/40
[2026-07-23 18:31:29] PROGRESS format=triplet_published [3/11] format_est=100.0% overall_est=27.3% prompt_rows=3501/40
[2026-07-23 18:32:30] PROGRESS format=triplet_published [3/11] format_est=100.0% overall_est=27.3% prompt_rows=3507/40
[2026-07-23 18:32:35] PROGRESS format=triplet_published [3/11] format_est=100.0% overall_est=27.3% prompt_rows=3511/40
[2026-07-23 18:33:31] PROGRESS format=triplet_published [3/11] format_est=100.0% overall_est=27.3% prompt_rows=3518/40
[2026-07-23 18:33:36] PROGRESS format=triplet_published [3/11] format_est=100.0% overall_est=27.3% prompt_rows=3521/40
[2026-07-23 18:34:31] PROGRESS format=triplet_published [3/11] format_est=100.0% overall_est=27.3% prompt_rows=3524/40
[2026-07-23 18:34:36] PROGRESS format=triplet_published [3/11] format_est=100.0% overall_est=27.3% prompt_rows=3531/40
[2026-07-23 18:35:37] PROGRESS format=triplet_published [3/11] format_est=100.0% overall_est=27.3% prompt_rows=3531/40
[2026-07-23 18:35:42] PROGRESS format=triplet_published [3/11] format_est=100.0% overall_est=27.3% prompt_rows=3534/40
[2026-07-23 18:35:47] PROGRESS format=triplet_published [3/11] format_est=100.0% overall_est=27.3% prompt_rows=3541/40
[2026-07-23 18:36:47] PROGRESS format=triplet_published [3/11] format_est=100.0% overall_est=27.3% prompt_rows=3541/40
[2026-07-23 18:36:52] PROGRESS format=triplet_published [3/11] format_est=100.0% overall_est=27.3% prompt_rows=3544/40
[2026-07-23 18:36:58] PROGRESS format=triplet_published [3/11] format_est=100.0% overall_est=27.3% prompt_rows=3551/40
[2026-07-23 18:37:58] PROGRESS format=triplet_published [3/11] format_est=100.0% overall_est=27.3% prompt_rows=3551/40
[2026-07-23 18:38:03] PROGRESS format=triplet_published [3/11] format_est=100.0% overall_est=27.3% prompt_rows=3556/40
[2026-07-23 18:38:08] PROGRESS format=triplet_published [3/11] format_est=100.0% overall_est=27.3% prompt_rows=3561/40
[2026-07-23 18:39:09] PROGRESS format=triplet_published [3/11] format_est=100.0% overall_est=27.3% prompt_rows=3561/40
[2026-07-23 18:39:19] PROGRESS format=triplet_published [3/11] format_est=100.0% overall_est=27.3% prompt_rows=3566/40
[2026-07-23 18:39:25] PROGRESS format=triplet_published [3/11] format_est=100.0% overall_est=27.3% prompt_rows=3571/40
[2026-07-23 18:40:26] PROGRESS format=triplet_published [3/11] format_est=100.0% overall_est=27.3% prompt_rows=3571/40
[2026-07-23 18:41:11] PROGRESS format=triplet_published [3/11] format_est=100.0% overall_est=27.3% prompt_rows=3575/40
[2026-07-23 18:41:16] PROGRESS format=triplet_published [3/11] format_est=100.0% overall_est=27.3% prompt_rows=3581/40
[2026-07-23 18:42:17] PROGRESS format=triplet_published [3/11] format_est=100.0% overall_est=27.3% prompt_rows=3581/40
[2026-07-23 18:42:42] PROGRESS format=triplet_published [3/11] format_est=100.0% overall_est=27.3% prompt_rows=3588/40
[2026-07-23 18:42:48] PROGRESS format=triplet_published [3/11] format_est=100.0% overall_est=27.3% prompt_rows=3591/40
[2026-07-23 18:43:48] PROGRESS format=triplet_published [3/11] format_est=100.0% overall_est=27.3% prompt_rows=3591/40
[2026-07-23 18:44:29] PROGRESS format=triplet_published [3/11] format_est=100.0% overall_est=27.3% prompt_rows=3598/40
[2026-07-23 18:44:34] PROGRESS format=triplet_published [3/11] format_est=100.0% overall_est=27.3% prompt_rows=3601/40
[2026-07-23 18:45:35] PROGRESS format=triplet_published [3/11] format_est=100.0% overall_est=27.3% prompt_rows=3601/40
[2026-07-23 18:46:21] PROGRESS format=triplet_published [3/11] format_est=100.0% overall_est=27.3% prompt_rows=3605/40
[2026-07-23 18:46:26] PROGRESS format=triplet_published [3/11] format_est=100.0% overall_est=27.3% prompt_rows=3611/40
[2026-07-23 18:47:27] PROGRESS format=triplet_published [3/11] format_est=100.0% overall_est=27.3% prompt_rows=3611/40
[2026-07-23 18:48:02] PROGRESS format=triplet_published [3/11] format_est=100.0% overall_est=27.3% prompt_rows=3620/40
[2026-07-23 18:48:07] PROGRESS format=triplet_published [3/11] format_est=100.0% overall_est=27.3% prompt_rows=3621/40
[2026-07-23 18:49:08] PROGRESS format=triplet_published [3/11] format_est=100.0% overall_est=27.3% prompt_rows=3621/40
[2026-07-23 18:50:09] PROGRESS format=triplet_published [3/11] format_est=100.0% overall_est=27.3% prompt_rows=3621/40
[2026-07-23 18:50:14] PROGRESS format=triplet_published [3/11] format_est=100.0% overall_est=27.3% prompt_rows=3627/40
[2026-07-23 18:50:20] PROGRESS format=triplet_published [3/11] format_est=100.0% overall_est=27.3% prompt_rows=3631/40
[2026-07-23 18:51:21] PROGRESS format=triplet_published [3/11] format_est=100.0% overall_est=27.3% prompt_rows=3631/40
[2026-07-23 18:52:01] PROGRESS format=triplet_published [3/11] format_est=100.0% overall_est=27.3% prompt_rows=3639/40
[2026-07-23 18:52:06] PROGRESS format=triplet_published [3/11] format_est=100.0% overall_est=27.3% prompt_rows=3640/40
[2026-07-23 18:52:16] PROGRESS format=triplet_published [3/11] format_est=100.0% overall_est=27.3% prompt_rows=3641/40
[2026-07-23 18:53:18] PROGRESS format=triplet_published [3/11] format_est=100.0% overall_est=27.3% prompt_rows=3641/40
[2026-07-23 18:54:09] PROGRESS format=triplet_published [3/11] format_est=100.0% overall_est=27.3% prompt_rows=3644/40
[2026-07-23 18:54:14] PROGRESS format=triplet_published [3/11] format_est=100.0% overall_est=27.3% prompt_rows=3651/40
[2026-07-23 18:55:15] PROGRESS format=triplet_published [3/11] format_est=100.0% overall_est=27.3% prompt_rows=3651/40
[2026-07-23 18:55:50] PROGRESS format=triplet_published [3/11] format_est=100.0% overall_est=27.3% prompt_rows=3652/40
[2026-07-23 18:55:55] PROGRESS format=triplet_published [3/11] format_est=100.0% overall_est=27.3% prompt_rows=3661/40
[2026-07-23 18:56:56] PROGRESS format=triplet_published [3/11] format_est=100.0% overall_est=27.3% prompt_rows=3661/40
[2026-07-23 18:57:52] PROGRESS format=triplet_published [3/11] format_est=100.0% overall_est=27.3% prompt_rows=3664/40
[2026-07-23 18:57:57] PROGRESS format=triplet_published [3/11] format_est=100.0% overall_est=27.3% prompt_rows=3671/40
[2026-07-23 18:58:58] PROGRESS format=triplet_published [3/11] format_est=100.0% overall_est=27.3% prompt_rows=3671/40
[2026-07-23 18:59:34] PROGRESS format=triplet_published [3/11] format_est=100.0% overall_est=27.3% prompt_rows=3672/40
[2026-07-23 18:59:39] PROGRESS format=triplet_published [3/11] format_est=100.0% overall_est=27.3% prompt_rows=3681/40
[2026-07-23 19:00:40] PROGRESS format=triplet_published [3/11] format_est=100.0% overall_est=27.3% prompt_rows=3681/40
[2026-07-23 19:01:36] PROGRESS format=triplet_published [3/11] format_est=100.0% overall_est=27.3% prompt_rows=3682/40
[2026-07-23 19:01:41] PROGRESS format=triplet_published [3/11] format_est=100.0% overall_est=27.3% prompt_rows=3691/40
[2026-07-23 19:02:42] PROGRESS format=triplet_published [3/11] format_est=100.0% overall_est=27.3% prompt_rows=3691/40
[2026-07-23 19:03:12] PROGRESS format=triplet_published [3/11] format_est=100.0% overall_est=27.3% prompt_rows=3697/40
[2026-07-23 19:03:17] PROGRESS format=triplet_published [3/11] format_est=100.0% overall_est=27.3% prompt_rows=3701/40
[2026-07-23 19:04:18] PROGRESS format=triplet_published [3/11] format_est=100.0% overall_est=27.3% prompt_rows=3701/40
[2026-07-23 19:04:28] PROGRESS format=triplet_published [3/11] format_est=100.0% overall_est=27.3% prompt_rows=3707/40
[2026-07-23 19:04:33] PROGRESS format=triplet_published [3/11] format_est=100.0% overall_est=27.3% prompt_rows=3711/40
[2026-07-23 19:05:33] PROGRESS format=triplet_published [3/11] format_est=100.0% overall_est=27.3% prompt_rows=3711/40
[2026-07-23 19:05:49] PROGRESS format=triplet_published [3/11] format_est=100.0% overall_est=27.3% prompt_rows=3716/40
[2026-07-23 19:05:54] PROGRESS format=triplet_published [3/11] format_est=100.0% overall_est=27.3% prompt_rows=3721/40
[2026-07-23 19:06:55] PROGRESS format=triplet_published [3/11] format_est=100.0% overall_est=27.3% prompt_rows=3721/40
[2026-07-23 19:07:25] PROGRESS format=triplet_published [3/11] format_est=100.0% overall_est=27.3% prompt_rows=3729/40
[2026-07-23 19:07:30] PROGRESS format=triplet_published [3/11] format_est=100.0% overall_est=27.3% prompt_rows=3731/40
[2026-07-23 19:08:31] PROGRESS format=triplet_published [3/11] format_est=100.0% overall_est=27.3% prompt_rows=3731/40
[2026-07-23 19:09:17] PROGRESS format=triplet_published [3/11] format_est=100.0% overall_est=27.3% prompt_rows=3738/40
[2026-07-23 19:09:22] PROGRESS format=triplet_published [3/11] format_est=100.0% overall_est=27.3% prompt_rows=3741/40
[2026-07-23 19:10:23] PROGRESS format=triplet_published [3/11] format_est=100.0% overall_est=27.3% prompt_rows=3741/40
[2026-07-23 19:11:25] PROGRESS format=triplet_published [3/11] format_est=100.0% overall_est=27.3% prompt_rows=3741/40
[2026-07-23 19:11:30] PROGRESS format=triplet_published [3/11] format_est=100.0% overall_est=27.3% prompt_rows=3743/40
[2026-07-23 19:11:35] PROGRESS format=triplet_published [3/11] format_est=100.0% overall_est=27.3% prompt_rows=3750/40
[2026-07-23 19:11:40] PROGRESS format=triplet_published [3/11] format_est=100.0% overall_est=27.3% prompt_rows=3751/40
[2026-07-23 19:12:41] PROGRESS format=triplet_published [3/11] format_est=100.0% overall_est=27.3% prompt_rows=3751/40
[2026-07-23 19:13:17] PROGRESS format=triplet_published [3/11] format_est=100.0% overall_est=27.3% prompt_rows=3760/40
[2026-07-23 19:13:22] PROGRESS format=triplet_published [3/11] format_est=100.0% overall_est=27.3% prompt_rows=3761/40
[2026-07-23 19:14:23] PROGRESS format=triplet_published [3/11] format_est=100.0% overall_est=27.3% prompt_rows=3761/40
[2026-07-23 19:14:58] PROGRESS format=triplet_published [3/11] format_est=100.0% overall_est=27.3% prompt_rows=3770/40
[2026-07-23 19:15:03] PROGRESS format=triplet_published [3/11] format_est=100.0% overall_est=27.3% prompt_rows=3771/40
[2026-07-23 19:16:04] PROGRESS format=triplet_published [3/11] format_est=100.0% overall_est=27.3% prompt_rows=3771/40
[2026-07-23 19:16:29] PROGRESS format=triplet_published [3/11] format_est=100.0% overall_est=27.3% prompt_rows=3778/40
[2026-07-23 19:16:34] PROGRESS format=triplet_published [3/11] format_est=100.0% overall_est=27.3% prompt_rows=3781/40
[2026-07-23 19:17:35] PROGRESS format=triplet_published [3/11] format_est=100.0% overall_est=27.3% prompt_rows=3781/40
[2026-07-23 19:17:56] PROGRESS format=triplet_published [3/11] format_est=100.0% overall_est=27.3% prompt_rows=3784/40
[2026-07-23 19:18:01] PROGRESS format=triplet_published [3/11] format_est=100.0% overall_est=27.3% prompt_rows=3791/40
[2026-07-23 19:19:02] PROGRESS format=triplet_published [3/11] format_est=100.0% overall_est=27.3% prompt_rows=3791/40
[2026-07-23 19:19:22] PROGRESS format=triplet_published [3/11] format_est=100.0% overall_est=27.3% prompt_rows=3795/40
[2026-07-23 19:19:27] PROGRESS format=triplet_published [3/11] format_est=100.0% overall_est=27.3% prompt_rows=3801/40
[2026-07-23 19:20:28] PROGRESS format=triplet_published [3/11] format_est=100.0% overall_est=27.3% prompt_rows=3801/40
[2026-07-23 19:20:38] PROGRESS format=triplet_published [3/11] format_est=100.0% overall_est=27.3% prompt_rows=3803/40
[2026-07-23 19:20:43] PROGRESS format=triplet_published [3/11] format_est=100.0% overall_est=27.3% prompt_rows=3811/40
[2026-07-23 19:21:43] PROGRESS format=triplet_published [3/11] format_est=100.0% overall_est=27.3% prompt_rows=3811/40
[2026-07-23 19:21:58] PROGRESS format=triplet_published [3/11] format_est=100.0% overall_est=27.3% prompt_rows=3820/40
[2026-07-23 19:22:04] PROGRESS format=triplet_published [3/11] format_est=100.0% overall_est=27.3% prompt_rows=3821/40
[2026-07-23 19:23:05] PROGRESS format=triplet_published [3/11] format_est=100.0% overall_est=27.3% prompt_rows=3821/40
[2026-07-23 19:23:35] PROGRESS format=triplet_published [3/11] format_est=100.0% overall_est=27.3% prompt_rows=3827/40
[2026-07-23 19:23:40] PROGRESS format=triplet_published [3/11] format_est=100.0% overall_est=27.3% prompt_rows=3831/40
[2026-07-23 19:24:42] PROGRESS format=triplet_published [3/11] format_est=100.0% overall_est=27.3% prompt_rows=3831/40
[2026-07-23 19:25:38] PROGRESS format=triplet_published [3/11] format_est=100.0% overall_est=27.3% prompt_rows=3838/40
[2026-07-23 19:25:43] PROGRESS format=triplet_published [3/11] format_est=100.0% overall_est=27.3% prompt_rows=3841/40
[2026-07-23 19:26:45] PROGRESS format=triplet_published [3/11] format_est=100.0% overall_est=27.3% prompt_rows=3841/40
[2026-07-23 19:27:46] PROGRESS format=triplet_published [3/11] format_est=100.0% overall_est=27.3% prompt_rows=3841/40
[2026-07-23 19:27:56] PROGRESS format=triplet_published [3/11] format_est=100.0% overall_est=27.3% prompt_rows=3847/40
[2026-07-23 19:28:01] PROGRESS format=triplet_published [3/11] format_est=100.0% overall_est=27.3% prompt_rows=3851/40
[2026-07-23 19:29:04] PROGRESS format=triplet_published [3/11] format_est=100.0% overall_est=27.3% prompt_rows=3851/40
[2026-07-23 19:29:52] PROGRESS format=triplet_published [3/11] format_est=100.0% overall_est=27.3% prompt_rows=3853/40
[2026-07-23 19:29:57] PROGRESS format=triplet_published [3/11] format_est=100.0% overall_est=27.3% prompt_rows=3858/40
[2026-07-23 19:30:02] PROGRESS format=triplet_published [3/11] format_est=100.0% overall_est=27.3% prompt_rows=3861/40
[2026-07-23 19:31:09] PROGRESS format=triplet_published [3/11] format_est=100.0% overall_est=27.3% prompt_rows=3861/40
[2026-07-23 19:32:10] PROGRESS format=triplet_published [3/11] format_est=100.0% overall_est=27.3% prompt_rows=3861/40
[2026-07-23 19:32:56] PROGRESS format=triplet_published [3/11] format_est=100.0% overall_est=27.3% prompt_rows=3867/40
[2026-07-23 19:33:01] PROGRESS format=triplet_published [3/11] format_est=100.0% overall_est=27.3% prompt_rows=3871/40
[2026-07-23 19:34:03] PROGRESS format=triplet_published [3/11] format_est=100.0% overall_est=27.3% prompt_rows=3871/40
[2026-07-23 19:35:06] PROGRESS format=triplet_published [3/11] format_est=100.0% overall_est=27.3% prompt_rows=3871/40
[2026-07-23 19:35:31] PROGRESS format=triplet_published [3/11] format_est=100.0% overall_est=27.3% prompt_rows=3876/40
[2026-07-23 19:35:36] PROGRESS format=triplet_published [3/11] format_est=100.0% overall_est=27.3% prompt_rows=3881/40
[2026-07-23 19:36:39] PROGRESS format=triplet_published [3/11] format_est=100.0% overall_est=27.3% prompt_rows=3881/40
[2026-07-23 19:37:41] PROGRESS format=triplet_published [3/11] format_est=100.0% overall_est=27.3% prompt_rows=3881/40
[2026-07-23 19:38:16] PROGRESS format=triplet_published [3/11] format_est=100.0% overall_est=27.3% prompt_rows=3882/40
[2026-07-23 19:38:21] PROGRESS format=triplet_published [3/11] format_est=100.0% overall_est=27.3% prompt_rows=3891/40
[2026-07-23 19:39:22] PROGRESS format=triplet_published [3/11] format_est=100.0% overall_est=27.3% prompt_rows=3891/40
[2026-07-23 19:39:48] PROGRESS format=triplet_published [3/11] format_est=100.0% overall_est=27.3% prompt_rows=3898/40
[2026-07-23 19:39:53] PROGRESS format=triplet_published [3/11] format_est=100.0% overall_est=27.3% prompt_rows=3901/40
[2026-07-23 19:40:53] PROGRESS format=triplet_published [3/11] format_est=100.0% overall_est=27.3% prompt_rows=3901/40
[2026-07-23 19:40:58] PROGRESS format=triplet_published [3/11] format_est=100.0% overall_est=27.3% prompt_rows=3908/40
[2026-07-23 19:41:03] PROGRESS format=triplet_published [3/11] format_est=100.0% overall_est=27.3% prompt_rows=3911/40
[2026-07-23 19:42:04] PROGRESS format=triplet_published [3/11] format_est=100.0% overall_est=27.3% prompt_rows=3915/40
[2026-07-23 19:42:09] PROGRESS format=triplet_published [3/11] format_est=100.0% overall_est=27.3% prompt_rows=3920/40
[2026-07-23 19:42:24] PROGRESS format=triplet_published [3/11] format_est=100.0% overall_est=27.3% prompt_rows=3921/40
[2026-07-23 19:43:24] PROGRESS format=triplet_published [3/11] format_est=100.0% overall_est=27.3% prompt_rows=3921/40
[2026-07-23 19:43:40] PROGRESS format=triplet_published [3/11] format_est=100.0% overall_est=27.3% prompt_rows=3929/40
[2026-07-23 19:43:45] PROGRESS format=triplet_published [3/11] format_est=100.0% overall_est=27.3% prompt_rows=3931/40
[2026-07-23 19:44:46] PROGRESS format=triplet_published [3/11] format_est=100.0% overall_est=27.3% prompt_rows=3931/40
[2026-07-23 19:45:06] PROGRESS format=triplet_published [3/11] format_est=100.0% overall_est=27.3% prompt_rows=3941/40
[2026-07-23 19:46:01] PROGRESS format=triplet_published [3/11] format_est=100.0% overall_est=27.3% prompt_rows=3951/40
[2026-07-23 19:46:52] PROGRESS format=triplet_published [3/11] format_est=100.0% overall_est=27.3% prompt_rows=3953/40
[2026-07-23 19:46:57] PROGRESS format=triplet_published [3/11] format_est=100.0% overall_est=27.3% prompt_rows=3961/40
[2026-07-23 19:47:52] PROGRESS format=triplet_published [3/11] format_est=100.0% overall_est=27.3% prompt_rows=3971/40
[2026-07-23 19:48:48] PROGRESS format=triplet_published [3/11] format_est=100.0% overall_est=27.3% prompt_rows=3977/40
[2026-07-23 19:48:53] PROGRESS format=triplet_published [3/11] format_est=100.0% overall_est=27.3% prompt_rows=3981/40
[2026-07-23 19:49:48] PROGRESS format=triplet_published [3/11] format_est=100.0% overall_est=27.3% prompt_rows=3991/40
[2026-07-23 19:50:39] PROGRESS format=triplet_published [3/11] format_est=100.0% overall_est=27.3% prompt_rows=3996/40
[2026-07-23 19:50:44] PROGRESS format=triplet_published [3/11] format_est=100.0% overall_est=27.3% prompt_rows=4001/40
[2026-07-23 19:51:29] PROGRESS format=triplet_published [3/11] format_est=100.0% overall_est=27.3% prompt_rows=4011/40
[2026-07-23 19:52:24] PROGRESS format=triplet_published [3/11] format_est=100.0% overall_est=27.3% prompt_rows=4021/40
[2026-07-23 19:53:15] PROGRESS format=triplet_published [3/11] format_est=100.0% overall_est=27.3% prompt_rows=4028/40
[2026-07-23 19:53:20] PROGRESS format=triplet_published [3/11] format_est=100.0% overall_est=27.3% prompt_rows=4031/40
[2026-07-23 19:54:10] PROGRESS format=triplet_published [3/11] format_est=100.0% overall_est=27.3% prompt_rows=4034/40
[2026-07-23 19:54:15] PROGRESS format=triplet_published [3/11] format_est=100.0% overall_est=27.3% prompt_rows=4041/40
[2026-07-23 19:55:16] PROGRESS format=triplet_published [3/11] format_est=100.0% overall_est=27.3% prompt_rows=4045/40
[2026-07-23 19:55:21] PROGRESS format=triplet_published [3/11] format_est=100.0% overall_est=27.3% prompt_rows=4051/40
[2026-07-23 19:56:07] PROGRESS format=triplet_published [3/11] format_est=100.0% overall_est=27.3% prompt_rows=4057/40
[2026-07-23 19:56:12] PROGRESS format=triplet_published [3/11] format_est=100.0% overall_est=27.3% prompt_rows=4061/40
[2026-07-23 19:56:57] PROGRESS format=triplet_published [3/11] format_est=100.0% overall_est=27.3% prompt_rows=4071/40
[2026-07-23 19:57:37] PROGRESS format=triplet_published [3/11] format_est=100.0% overall_est=27.3% prompt_rows=4076/40
[2026-07-23 19:57:42] PROGRESS format=triplet_published [3/11] format_est=100.0% overall_est=27.3% prompt_rows=4081/40
[2026-07-23 19:58:22] PROGRESS format=triplet_published [3/11] format_est=100.0% overall_est=27.3% prompt_rows=4090/40
[2026-07-23 19:58:28] PROGRESS format=triplet_published [3/11] format_est=100.0% overall_est=27.3% prompt_rows=4091/40
[2026-07-23 19:59:13] PROGRESS format=triplet_published [3/11] format_est=100.0% overall_est=27.3% prompt_rows=4101/40
[2026-07-23 20:00:08] PROGRESS format=triplet_published [3/11] format_est=100.0% overall_est=27.3% prompt_rows=4105/40
[2026-07-23 20:00:14] PROGRESS format=triplet_published [3/11] format_est=100.0% overall_est=27.3% prompt_rows=4111/40
[2026-07-23 20:01:14] PROGRESS format=triplet_published [3/11] format_est=100.0% overall_est=27.3% prompt_rows=4111/40
[2026-07-23 20:01:35] PROGRESS format=triplet_published [3/11] format_est=100.0% overall_est=27.3% prompt_rows=4121/40
[2026-07-23 20:02:35] PROGRESS format=triplet_published [3/11] format_est=100.0% overall_est=27.3% prompt_rows=4121/40
[2026-07-23 20:02:56] PROGRESS format=triplet_published [3/11] format_est=100.0% overall_est=27.3% prompt_rows=4125/40
[2026-07-23 20:03:01] PROGRESS format=triplet_published [3/11] format_est=100.0% overall_est=27.3% prompt_rows=4131/40
[2026-07-23 20:04:02] PROGRESS format=triplet_published [3/11] format_est=100.0% overall_est=27.3% prompt_rows=4131/40
[2026-07-23 20:04:22] PROGRESS format=triplet_published [3/11] format_est=100.0% overall_est=27.3% prompt_rows=4137/40
[2026-07-23 20:04:27] PROGRESS format=triplet_published [3/11] format_est=100.0% overall_est=27.3% prompt_rows=4141/40
