task,demo,frame,camera,objectA,relation,objectB
pick_up_the_black_bowl_next_to_the_plate_and_place_it_on_the_plate,demo_0,0,agentview,akita_black_bowl_1,is_in_front_of,akita_black_bowl_2
pick_up_the_black_bowl_next_to_the_plate_and_place_it_on_the_plate,demo_0,0,agentview,akita_black_bowl_2,is_behind,akita_black_bowl_1
pick_up_the_black_bowl_next_to_the_plate_and_place_it_on_the_plate,demo_0,0,agentview,akita_black_bowl_1,is_left_of,cookies_1
pick_up_the_black_bowl_next_to_the_plate_and_place_it_on_the_plate,demo_0,0,agentview,cookies_1,is_right_of,akita_black_bowl_1
pick_up_the_black_bowl_next_to_the_plate_and_place_it_on_the_plate,demo_0,0,agentview,akita_black_bowl_1,is_left_of,glazed_rim_porcelain_ramekin_1
pick_up_the_black_bowl_next_to_the_plate_and_place_it_on_the_plate,demo_0,0,agentview,glazed_rim_porcelain_ramekin_1,is_right_of,akita_black_bowl_1
pick_up_the_black_bowl_next_to_the_plate_and_place_it_on_the_plate,demo_0,0,agentview,akita_black_bowl_1,is_left_of,plate_1
pick_up_the_black_bowl_next_to_the_plate_and_place_it_on_the_plate,demo_0,0,agentview,plate_1,is_right_of,akita_black_bowl_1
pick_up_the_black_bowl_next_to_the_plate_and_place_it_on_the_plate,demo_0,0,agentview,akita_black_bowl_1,is_left_of,wooden_cabinet_1
pick_up_the_black_bowl_next_to_the_plate_and_place_it_on_the_plate,demo_0,0,agentview,wooden_cabinet_1,is_right_of,akita_black_bowl_1
pick_up_the_black_bowl_next_to_the_plate_and_place_it_on_the_plate,demo_0,0,agentview,akita_black_bowl_1,is_left_of,flat_stove_1
pick_up_the_black_bowl_next_to_the_plate_and_place_it_on_the_plate,demo_0,0,agentview,flat_stove_1,is_right_of,akita_black_bowl_1
pick_up_the_black_bowl_next_to_the_plate_and_place_it_on_the_plate,demo_0,0,agentview,akita_black_bowl_2,is_left_of,cookies_1
pick_up_the_black_bowl_next_to_the_plate_and_place_it_on_the_plate,demo_0,0,agentview,cookies_1,is_right_of,akita_black_bowl_2
pick_up_the_black_bowl_next_to_the_plate_and_place_it_on_the_plate,demo_0,0,agentview,akita_black_bowl_2,is_left_of,glazed_rim_porcelain_ramekin_1
pick_up_the_black_bowl_next_to_the_plate_and_place_it_on_the_plate,demo_0,0,agentview,glazed_rim_porcelain_ramekin_1,is_right_of,akita_black_bowl_2
pick_up_the_black_bowl_next_to_the_plate_and_place_it_on_the_plate,demo_0,0,agentview,akita_black_bowl_2,is_behind,plate_1
pick_up_the_black_bowl_next_to_the_plate_and_place_it_on_the_plate,demo_0,0,agentview,plate_1,is_in_front_of,akita_black_bowl_2
pick_up_the_black_bowl_next_to_the_plate_and_place_it_on_the_plate,demo_0,0,agentview,akita_black_bowl_2,is_left_of,wooden_cabinet_1
pick_up_the_black_bowl_next_to_the_plate_and_place_it_on_the_plate,demo_0,0,agentview,wooden_cabinet_1,is_right_of,akita_black_bowl_2
pick_up_the_black_bowl_next_to_the_plate_and_place_it_on_the_plate,demo_0,0,agentview,akita_black_bowl_2,is_left_of,flat_stove_1
pick_up_the_black_bowl_next_to_the_plate_and_place_it_on_the_plate,demo_0,0,agentview,flat_stove_1,is_right_of,akita_black_bowl_2
pick_up_the_black_bowl_next_to_the_plate_and_place_it_on_the_plate,demo_0,0,agentview,cookies_1,is_in_front_of,glazed_rim_porcelain_ramekin_1
pick_up_the_black_bowl_next_to_the_plate_and_place_it_on_the_plate,demo_0,0,agentview,glazed_rim_porcelain_ramekin_1,is_behind,cookies_1
pick_up_the_black_bowl_next_to_the_plate_and_place_it_on_the_plate,demo_0,0,agentview,cookies_1,is_right_of,plate_1
pick_up_the_black_bowl_next_to_the_plate_and_place_it_on_the_plate,demo_0,0,agentview,plate_1,is_left_of,cookies_1
pick_up_the_black_bowl_next_to_the_plate_and_place_it_on_the_plate,demo_0,0,agentview,cookies_1,is_left_of,wooden_cabinet_1
pick_up_the_black_bowl_next_to_the_plate_and_place_it_on_the_plate,demo_0,0,agentview,wooden_cabinet_1,is_right_of,cookies_1
pick_up_the_black_bowl_next_to_the_plate_and_place_it_on_the_plate,demo_0,0,agentview,cookies_1,is_in_front_of,flat_stove_1
pick_up_the_black_bowl_next_to_the_plate_and_place_it_on_the_plate,demo_0,0,agentview,flat_stove_1,is_behind,cookies_1
pick_up_the_black_bowl_next_to_the_plate_and_place_it_on_the_plate,demo_0,0,agentview,glazed_rim_porcelain_ramekin_1,is_behind,plate_1
pick_up_the_black_bowl_next_to_the_plate_and_place_it_on_the_plate,demo_0,0,agentview,plate_1,is_in_front_of,glazed_rim_por
pick_up_the_black_bowl_next_to_the_plate_and_place_it_on_the_plate,demo_0,50,agentview,akita_black_bowl_1,is_behind,plate_1
pick_up_the_black_bowl_next_to_the_plate_and_place_it_on_the_plate,demo_0,50,agentview,plate_1,is_in_front_of,akita_black_bowl_1
pick_up_the_black_bowl_next_to_the_plate_and_place_it_on_the_plate,demo_0,50,agentview,akita_black_bowl_1,is_left_of,cookies_1
pick_up_the_black_bowl_next_to_the_plate_and_place_it_on_the_plate,demo_0,50,agentview,cookies_1,is_right_of,akita_black_bowl_1
pick_up_the_black_bowl_next_to_the_plate_and_place_it_on_the_plate,demo_0,50,agentview,akita_black_bowl_1,is_left_of,flat_stove_1
pick_up_the_black_bowl_next_to_the_plate_and_place_it_on_the_plate,demo_0,50,agentview,flat_stove_1,is_right_of,akita_black_bowl_1
pick_up_the_black_bowl_next_to_the_plate_and_place_it_on_the_plate,demo_0,50,agentview,akita_black_bowl_1,is_left_of,wooden_cabinet_1
pick_up_the_black_bowl_next_to_the_plate_and_place_it_on_the_plate,demo_0,50,agentview,wooden_cabinet_1,is_right_of,akita_black_bowl_1
pick_up_the_black_bowl_next_to_the_plate_and_place_it_on_the_plate,demo_0,5,agentview,akita_black_bowl_1,is_left_of,glazed_rim_porcelain_ramekin_1
pick_up_the_black_bowl_next_to_the_plate_and_place_it_on_the_plate,demo_0,5,agentview,glazed_rim_porcelain_ramekin_1,is_right_of,akita_black_bowl_1
pick_up_the_black_bowl_next_to_the_plate_and_place_it_on_the_plate,demo_0,5,agentview,akita_black_bowl_1,is_behind,akita_black_bowl_2
pick_up_the_black_bowl_next_to_the_plate_and_place_it_on_the_plate,demo_0,5,agentview,akita_black_bowl_2,is_in_front_of,akita_black_bowl_1
pick_up_the_black_bowl_next_to_the_plate_and_place_it_on_the_plate,demo_0,5,agentview,akita_black_bowl_1,is_behind,plate_1
pick_up_the_black_bowl_next_to_the_plate_and_place_it_on_the_plate,demo_0,5,agentview,plate_1,is_in_front_of,akita_black_bowl_1
pick_up_the_black_bowl_next_to_the_plate_and_place_it_on_the_plate,demo_0,5,agentview,akita_black_bowl_1,is_left_of,cookies_1
pick_up_the_black_bowl_next_to_the_plate_and_place_it_on_the_plate,demo_0,5,agentview,cookies_1,is_right_of,akita_black_bowl_1
pick_up_the_black_bowl_next_to_the_plate_and_place_it_on_the_plate,demo_0,5,agentview,akita_black_bowl_1,is_left_of,wooden_cabinet_1
pick_up_the_black_bowl_next_to_the_plate_and_place_it_on_the_plate,demo_0,5,agentview,wooden_cabinet_1,is_right_of,akita_black_bowl_1
pick_up_the_black_bowl_next_to_the_plate_and_place_it_on_the_plate,demo_0,5,agentview,akita_black_bowl_1,is_left_of,flat_stove_1
pick_up_the_black_bowl_next_to_the_plate_and_place_it_on_the_plate,demo_0,5,agentview,flat_stove_1,is_right_of,akita_black_bowl_1
pick_up_the_black_bowl_next_to_the_plate_and_place_it_on_the_plate,demo_0,5,agentview,glazed_rim_porcelain_ramekin_1,is_right_of,akita_black_bowl_2
pick_up_the_black_bowl_next_to_the_plate_and_place_it_on_the_plate,demo_0,5,agentview,akita_black_bowl_2,is_left_of,glazed_rim_porcelain_ramekin_1
pick_up_the_black_bowl_next_to_the_plate_and_place_it_on_the_plate,demo_0,5,agentview,glazed_rim_porcelain_ramekin_1,is_behind,plate_1
pick_up_the_black_bowl_next_to_the_plate_and_place_it_on_the_plate,demo_0,5,agentview,plate_1,is_in_front_of,glazed_rim_porcelain_ramekin_1
pick_up_the_black_bowl_next_to_the_plate_and_place_it_on_the_plate,demo_0,5,agentview,glazed_rim_porcelain_ramekin_1,is_behind,cookies_1
pick_up_the_black_bowl_next_to_the_plate_and_place_it_on_the_plate,demo_0,5,agentview,cookies_1,is_in_front_of,glazed_rim_porcelain_ramekin_1
pick_up_the_black_bowl_next_to_the_plate_and_place_it_on_the_plate,demo_0,5,agentview,glazed_rim_porcelain_ramekin_1,is_left_of,wooden_cabinet_1
pick_up_the_black_bowl_next_to_the_plate_and_place_it_on_the_plate,demo_0,5,agentview,wooden_cabinet_1,is_right_of,glazed_rim_porcelain_ramekin_1
pick_up_the_black_bowl_next_to_the_plate_and_place_it_on_the_plate,demo_0,5,agentview,glazed_rim_porcelain_ramekin_1,is_left_of,flat_stove_1
pick_up_the_black_bowl_next_to_the_plate_and_place_it_on_the_plate,demo_0,5,agentview,flat_stove_1,is_right_of,glazed_rim_porcelain_ramekin_1
pick_up_the_black_bowl_next_to_the_plate_and_place_it_on_the_plate,demo_0,5,agentview,akita_black_bowl_2,is_left_of,plate_1
pick_up_the_black_bowl_next_to_the_plate_and_place_it_on_the_plate,demo_0,5,agentview,plate_1,is_right_of,akita_black_bowl_2
pick_up_the_black_bowl_next_to_the_plate_and_place_it_on_the_plate,demo_0,5,agentview,akita_black_bowl_2,is_left_of,cookies_1
pick_up_the_black_bowl_next_to_the_plate_and_place_it_on_the_plate,demo_0,5,agentview,cookies_1,is_right_of,akita_black_bowl_2
pick_up_the_black_bowl_next_to_the_plate_and_place_it_on_the_plate,demo_0,5,agentview,akita_black_bowl_2,is_left_of,wooden_cabinet_1
pick_up_the_black_bowl_next_to_the_plate_and_place_it_on_the_plate,demo_0,5,agentview,wooden_cabinet_1,is_right_of,akita_black_bowl_2
pick_up_the_black_bowl_next_to_the_plate_and_place_it_on_the_plate,demo_0,5,agentview,akita_black_bowl_2,is_left_of,flat_stove_1
pick_up_the_black_bowl_next_to_the_plate_and_place_it_on_the_plate,demo_0,5,agentview,flat_stove_1,is_right_of,akita_black_bowl_2
pick_up_the_black_bowl_next_to_the_plate_and_place_it_on_the_plate,demo_0,5,agentview,plate_1,is_left_of,cookies_1
pick_up_the_black_bowl_next_to_the_plate_and_place_it_on_the_plate,demo_0,5,agentview,cookies_1,is_right_of,plate_1
pick_up_the_black_bowl_next_to_the_plate_and_place_it_on_the_plate,demo_0,5,agentview,plate_1,is_left_of,wooden_cabinet_1
pick_up_the_black_bowl_next_to_the_plate_and_place_it_on_the_plate,demo_0,5,agentview,wooden_cabinet_1,is_right_of,plate_1
pick_up_the_black_bowl_next_to_the_plate_and_place_it_on_the_plate,demo_0,5,agentview,plate_1,is_left_of,flat_stove_1
pick_up_the_black_bowl_next_to_the_plate_and_place_it_on_the_plate,demo_0,5,agentview,flat_stove_1,is_right_of,plate_1
pick_up_the_black_bowl_next_to_the_plate_and_place_it_on_the_plate,demo_0,5,agentview,cookies_1,is_left_of,wooden_cabinet_1
pick_up_the_black_bowl_next_to_the_plate_and_place_it_on_the_plate,demo_0,5,agentview,wooden_cabinet_1,is_right_of,cookies_1
pick_up_the_black_bowl_next_to_the_plate_and_place_it_on_the_plate,demo_0,5,agentview,cookies_1,is_in_front_of,flat_stove_1
pick_up_the_black_bowl_next_to_the_plate_and_place_it_on_the_plate,demo_0,5,agentview,flat_stove_1,is_behind,cookies_1
pick_up_the_black_bowl_next_to_the_plate_and_place_it_on_the_plate,demo_0,5,agentview,wooden_cabinet_1,is_right_of,flat_stove_1
pick_up_the_black_bowl_next_to_the_plate_and_place_it_on_the_plate,demo_0,5,agentview,flat_stove_1,is_left_of,wooden_cabinet_1
pick_up_the_black_bowl_next_to_the_plate_and_place_it_on_the_plate,demo_0,10,agentview,akita_black_bowl_1,is_behind,akita_black_bowl_2
pick_up_the_black_bowl_next_to_the_plate_and_place_it_on_the_plate,demo_0,10,agentview,akita_black_bowl_2,is_in_front_of,akita_black_bowl_1
pick_up_the_black_bowl_next_to_the_plate_and_place_it_on_the_plate,demo_0,10,agentview,akita_black_bowl_1,is_left_of,cookies_1
pick_up_the_black_bowl_next_to_the_plate_and_place_it_on_the_plate,demo_0,10,agentview,cookies_1,is_right_of,akita_black_bowl_1
pick_up_the_black_bowl_next_to_the_plate_and_place_it_on_the_plate,demo_0,10,agentview,akita_black_bowl_1,is_left_of,glazed_rim_porcelain_ramekin_1
pick_up_the_black_bowl_next_to_the_plate_and_place_it_on_the_plate,demo_0,10,agentview,glazed_rim_porcelain_ramekin_1,is_right_of,akita_black_bowl_1
pick_up_the_black_bowl_next_to_the_plate_and_place_it_on_the_plate,demo_0,10,agentview,akita_black_bowl_1,is_behind,plate_1
pick_up_the_black_bowl_next_to_the_plate_and_place_it_on_the_plate,demo_0,10,agentview,plate_1,is_in_front_of,akita_black_bowl_1
pick_up_the_black_bowl_next_to_the_plate_and_place_it_on_the_plate,demo_0,10,agentview,akita_black_bowl_1,is_left_of,wooden_cabinet_1
pick_up_the_black_bowl_next_to_the_plate_and_place_it_on_the_plate,demo_0,10,agentview,wooden_cabinet_1,is_right_of,akita_black_bowl_1
pick_up_the_black_bowl_next_to_the_plate_and_place_it_on_the_plate,demo_0,10,agentview,akita_black_bowl_1,is_left_of,flat_stove_1
pick_up_the_black_bowl_next_to_the_plate_and_place_it_on_the_plate,demo_0,10,agentview,flat_stove_1,is_right_of,akita_black_bowl_1
pick_up_the_black_bowl_next_to_the_plate_and_place_it_on_the_plate,demo_0,10,agentview,akita_black_bowl_2,is_left_of,cookies_1
pick_up_the_black_bowl_next_to_the_plate_and_place_it_on_the_plate,demo_0,10,agentview,cookies_1,is_right_of,akita_black_bowl_2
pick_up_the_black_bowl_next_to_the_plate_and_place_it_on_the_plate,demo_0,10,agentview,akita_black_bowl_2,is_left_of,glazed_rim_porcelain_ramekin_1
pick_up_the_black_bowl_next_to_the_plate_and_place_it_on_the_plate,demo_0,10,agentview,glazed_rim_porcelain_ramekin_1,is_right_of,akita_black_bowl_2
pick_up_the_black_bowl_next_to_the_plate_and_place_it_on_the_plate,demo_0,10,agentview,akita_black_bowl_2,is_left_of,plate_1
pick_up_the_black_bowl_next_to_the_plate_and_place_it_on_the_plate,demo_0,10,agentview,plate_1,is_right_of,akita_black_bowl_2
pick_up_the_black_bowl_next_to_the_plate_and_place_it_on_the_plate,demo_0,15,agentview,akita_black_bowl_1,is_behind,akita_black_bowl_2
pick_up_the_black_bowl_next_to_the_plate_and_place_it_on_the_plate,demo_0,15,agentview,akita_black_bowl_1,is_left_of,cookies_1
pick_up_the_black_bowl_next_to_the_plate_and_place_it_on_the_plate,demo_0,15,agentview,akita_black_bowl_1,is_left_of,glazed_rim_porcelain_ramekin_1
pick_up_the_black_bowl_next_to_the_plate_and_place_it_on_the_plate,demo_0,15,agentview,akita_black_bowl_1,is_behind,plate_1
pick_up_the_black_bowl_next_to_the_plate_and_place_it_on_the_plate,demo_0,15,agentview,akita_black_bowl_1,is_left_of,wooden_cabinet_1
pick_up_the_black_bowl_next_to_the_plate_and_place_it_on_the_plate,demo_0,15,agentview,akita_black_bowl_1,is_left_of,flat_stove_1
pick_up_the_black_bowl_next_to_the_plate_and_place_it_on_the_plate,demo_0,15,agentview,akita_black_bowl_2,is_in_front_of,akita_black_bowl_1
pick_up_the_black_bowl_next_to_the_plate_and_place_it_on_the_plate,demo_0,15,agentview,akita_black_bowl_2,is_left_of,cookies_1
pick_up_the_black_bowl_next_to_the_plate_and_place_it_on_the_plate,demo_0,15,agentview,akita_black_bowl_2,is_left_of,glazed_rim_porcelain_ramekin_1
pick_up_the_black_bowl_next_to_the_plate_and_place_it_on_the_plate,demo_0,15,agentview,akita_black_bowl_2,is_left_of,plate_1
pick_up_the_black_bowl_next_to_the_plate_and_place_it_on_the_plate,demo_0,15,agentview,akita_black_bowl_2,is_left_of,wooden_cabinet_1
pick_up_the_black_bowl_next_to_the_plate_and_place_it_on_the_plate,demo_0,15,agentview,akita_black_bowl_2,is_left_of,flat_stove_1
pick_up_the_black_bowl_next_to_the_plate_and_place_it_on_the_plate,demo_0,15,agentview,cookies_1,is_right_of,akita_black_bowl_1
pick_up_the_black_bowl_next_to_the_plate_and_place_it_on_the_plate,demo_0,15,agentview,cookies_1,is_right_of,akita_black_bowl_2
pick_up_the_black_bowl_next_to_the_plate_and_place_it_on_the_plate,demo_0,15,agentview,cookies_1,is_in_front_of,glazed_rim_porcelain_ramekin_1
pick_up_the_black_bowl_next_to_the_plate_and_place_it_on_the_plate,demo_0,15,agentview,cookies_1,is_right_of,plate_1
pick_up_the_black_bowl_next_to_the_plate_and_place_it_on_the_plate,demo_0,15,agentview,cookies_1,is_left_of,wooden_cabinet_1
pick_up_the_black_bowl_next_to_the_plate_and_place_it_on_the_plate,demo_0,15,agentview,cookies_1,is_in_front_of,flat_stove_1
pick_up_the_black_bowl_next_to_the_plate_and_place_it_on_the_plate,demo_0,15,agentview,glazed_rim_porcelain_ramekin_1,is_right_of,akita_black_bowl_1
pick_up_the_black_bowl_next_to_the_plate_and_place_it_on_the_plate,demo_0,15,agentview,glazed_rim_porcelain_ramekin_1,is_right_of,akita_black_bowl_2
pick_up_the_black_bowl_next_to_the_plate_and_place_it_on_the_plate,demo_0,15,agentview,glazed_rim_porcelain_ramekin_1,is_behind,cookies_1
pick_up_the_black_bowl_next_to_the_plate_and_place_it_on_the_plate,demo_0,15,agentview,glazed_rim_porcelain_ramekin_1,is_behind,plate_1
pick_up_the_black_bowl_next_to_the_plate_and_place_it_on_the_plate,demo_0,15,agentview,glazed_rim_porcelain_ramekin_1,is_left_of,wooden_cabinet_1
pick_up_the_black_bowl_next_to_the_plate_and_place_it_on_the_plate,demo_0,15,agentview,glazed_rim_porcelain_ramekin_1,is_left_of,flat_stove_1
pick_up_the_black_bowl_next_to_the_plate_and_place_it_on_the_plate,demo_0,15,agentview,plate_1,is_in_front_of,akita_black_bowl_1
pick_up_the_black_bowl_next_to_the_plate_and_place_it_on_the_plate,demo_0,15,agentview,plate_1,is_right_of,akita_black_bowl_2
pick_up_the_black_bowl_next_to_the_plate_and_place_it_on_the_plate,demo_0,20,agentview,akita_black_bowl_1,is_behind,akita_black_bowl_2
pick_up_the_black_bowl_next_to_the_plate_and_place_it_on_the_plate,demo_0,20,agentview,akita_black_bowl_2,is_in_front_of,akita_black_bowl_1
pick_up_the_black_bowl_next_to_the_plate_and_place_it_on_the_plate,demo_0,20,agentview,akita_black_bowl_1,is_left_of,cookies_1
pick_up_the_black_bowl_next_to_the_plate_and_place_it_on_the_plate,demo_0,20,agentview,cookies_1,is_right_of,akita_black_bowl_1
pick_up_the_black_bowl_next_to_the_plate_and_place_it_on_the_plate,demo_0,20,agentview,akita_black_bowl_1,is_left_of,glazed_rim_porcelain_ramekin_1
pick_up_the_black_bowl_next_to_the_plate_and_place_it_on_the_plate,demo_0,20,agentview,glazed_rim_porcelain_ramekin_1,is_right_of,akita_black_bowl_1
pick_up_the_black_bowl_next_to_the_plate_and_place_it_on_the_plate,demo_0,20,agentview,akita_black_bowl_1,is_behind,plate_1
pick_up_the_black_bowl_next_to_the_plate_and_place_it_on_the_plate,demo_0,20,agentview,plate_1,is_in_front_of,akita_black_bowl_1
pick_up_the_black_bowl_next_to_the_plate_and_place_it_on_the_plate,demo_0,20,agentview,akita_black_bowl_1,is_left_of,wooden_cabinet_1
pick_up_the_black_bowl_next_to_the_plate_and_place_it_on_the_plate,demo_0,20,agentview,wooden_cabinet_1,is_right_of,akita_black_bowl_1
pick_up_the_black_bowl_next_to_the_plate_and_place_it_on_the_plate,demo_0,20,agentview,akita_black_bowl_1,is_left_of,flat_stove_1
pick_up_the_black_bowl_next_to_the_plate_and_place_it_on_the_plate,demo_0,20,agentview,flat_stove_1,is_right_of,akita_black_bowl_1
pick_up_the_black_bowl_next_to_the_plate_and_place_it_on_the_plate,demo_0,20,agentview,akita_black_bowl_2,is_left_of,cookies_1
pick_up_the_black_bowl_next_to_the_plate_and_place_it_on_the_plate,demo_0,20,agentview,cookies_1,is_right_of,akita_black_bowl_2
pick_up_the_black_bowl_next_to_the_plate_and_place_it_on_the_plate,demo_0,20,agentview,akita_black_bowl_2,is_in_front_of,glazed_rim_porcelain_ramekin_1
pick_up_the_black_bowl_next_to_the_plate_and_place_it_on_the_plate,demo_0,20,agentview,glazed_rim_porcelain_ramekin_1,is_behind,akita_black_bowl_2
pick_up_the_black_bowl_next_to_the_plate_and_place_it_on_the_plate,demo_0,20,agentview,akita_black_bowl_2,is_left_of,plate_1
pick_up_the_black_bowl_next_to_the_plate_and_place_it_on_the_plate,demo_0,20,agentview,plate_1,is_right_of,akita_black_bowl_2
pick_up_the_black_bowl_next_to_the_plate_and_place_it_on_the_plate,demo_0,20,agentview,akita_black_bowl_2,is_left_of,wooden_cabinet_1
pick_up_the_black_bowl_next_to_the_plate_and_place_it_on_the_plate,demo_0,20,agentview,wooden_cabinet_1,is_right_of,akita_black_bowl_2
pick_up_the_black_bowl_next_to_the_plate_and_place_it_on_the_plate,demo_0,20,agentview,akita_black_bowl_2,is_left_of,flat_stove_1
pick_up_the_black_bowl_next_to_the_plate_and_place_it_on_the_plate,demo_0,20,agentview,flat_stove_1,is_right_of,akita_black_bowl_2
pick_up_the_black_bowl_next_to_the_plate_and_place_it_on_the_plate,demo_0,20,agentview,cookies_1,is_in_front_of,glazed_rim_porcelain_ramekin_1
pick_up_the_black_bowl_next_to_the_plate_and_place_it_on_the_plate,demo_0,20,agentview,glazed_rim_porcelain_ramekin_1,is_behind,cookies_1
pick_up_the_black_bowl_next_to_the_plate_and_place_it_on_the_plate,demo_0,20,agentview,cookies_1,is_right_of,plate_1
pick_up_the_black_bowl_next_to_the_plate_and_place_it_on_the_plate,demo_0,20,agentview,plate_1,is_left_of,cookies_1
pick_up_the_black_bowl_next_to_the_plate_and_place_it_on_the_plate,demo_0,20,agentview,cookies_1,is_left_of,wooden_cabinet_1
pick_up_the_black_bowl_next_to_the_plate_and_place_it_on_the_plate,demo_0,20,agentview,wooden_cabinet_1,is_right_of,cookies_1
pick_up_the_black_bowl_next_to_the_plate_and_place_it_on_the_plate,demo_0,20,agentview,cookies_1,is_in_front_of,flat_stove_1
pick_up_the_black_bowl_next_to_the_plate_and_place_it_on_the_plate,demo_0,20,agentview,flat_stove_1,is_behind,cookies_1
pick_up_the_black_bowl_next_to_the_plate_and_place_it_on_the_plate,demo_0,20,agentview,glazed_rim_porcelain_ramekin_1,is_behind,plate_1
pick_up_the_black_bowl_next_to_the_plate_and_place_it_on_the_plate,demo_0,20,agentview,plate_1,is_in_front_of,glazed_rim_porcelain_ramekin_1
pick_up_the_black_bowl_next_to_the_plate_and_place_it_on_the_plate,demo_0,20,agentview,glazed_rim_porcelain_ramekin_1,is_left_of,wooden_cabinet_1
pick_up_the_black_bowl_next_to_the_plate_and_place_it_on_the_plate,demo_0,20,agentview,wooden_cabinet_1,is_right_of,glazed_rim_porcelain_ramekin_1
pick_up_the_black_bowl_next_to_the_plate_and_place_it_on_the_plate,demo_0,20,agentview,glazed_rim_porcelain_ramekin_1,is_left_of,flat_stove_1
pick_up_the_black_bowl_next_to_the_plate_and_place_it_on_the_plate,demo_0,20,agentview,flat_stove_1,is_right_of,glazed_rim_porcelain_ramekin_1
pick_up_the_black_bowl_next_to_the_plate_and_place_it_on_the_plate,demo_0,20,agentview,plate_1,is_left_of,wooden_cabinet_1
pick_up_the_black_bowl_next_to_the_plate_and_place_it_on_the_plate,demo_0,20,agentview,wooden_cabinet_1,is_right_of,plate_1
pick_up_the_black_bowl_next_to_the_plate_and_place_it_on_the_plate,demo_0,20,agentview,plate_1,is_left_of,flat_stove_1
pick_up_the_black_bowl_next_to_the_plate_and_place_it_on_the_plate,demo_0,20,agentview,flat_stove_1,is_right_of,plate_1
pick_up_the_black_bowl_next_to_the_plate_and_place_it_on_the_plate,demo_0,20,agentview,wooden_cabinet_1,is_right_of,flat_stove_1
pick_up_the_black_bowl_next_to_the_plate_and_place_it_on_the_plate,demo_0,20,agentview,flat_stove_1,is_left_of,wooden_cabinet_1
pick_up_the_black_bowl_next_to_the_plate_and_place_it_on_the_plate,demo_0,25,agentview,akita_black_bowl_1,is_behind,akita_black_bowl_2
pick_up_the_black_bowl_next_to_the_plate_and_place_it_on_the_plate,demo_0,25,agentview,akita_black_bowl_2,is_in_front_of,akita_black_bowl_1
pick_up_the_black_bowl_next_to_the_plate_and_place_it_on_the_plate,demo_0,25,agentview,akita_black_bowl_1,is_left_of,cookies_1
pick_up_the_black_bowl_next_to_the_plate_and_place_it_on_the_plate,demo_0,25,agentview,cookies_1,is_right_of,akita_black_bowl_1
pick_up_the_black_bowl_next_to_the_plate_and_place_it_on_the_plate,demo_0,25,agentview,akita_black_bowl_1,is_left_of,glazed_rim_porcelain_ramekin_1
pick_up_the_black_bowl_next_to_the_plate_and_place_it_on_the_plate,demo_0,25,agentview,glazed_rim_porcelain_ramekin_1,is_right_of,akita_black_bowl_1
pick_up_the_black_bowl_next_to_the_plate_and_place_it_on_the_plate,demo_0,25,agentview,akita_black_bowl_1,is_behind,plate_1
pick_up_the_black_bowl_next_to_the_plate_and_place_it_on_the_plate,demo_0,25,agentview,plate_1,is_in_front_of,akita_black_bowl_1
pick_up_the_black_bowl_next_to_the_plate_and_place_it_on_the_plate,demo_0,25,agentview,akita_black_bowl_1,is_left_of,wooden_cabinet_1
pick_up_the_black_bowl_next_to_the_plate_and_place_it_on_the_plate,demo_0,25,agentview,wooden_cabinet_1,is_right_of,akita_black_bowl_1
pick_up_the_black_bowl_next_to_the_plate_and_place_it_on_the_plate,demo_0,25,agentview,akita_black_bowl_1,is_left_of,flat_stove_1
pick_up_the_black_bowl_next_to_the_plate_and_place_it_on_the_plate,demo_0,25,agentview,flat_stove_1,is_right_of,akita_black_bowl_1
pick_up_the_black_bowl_next_to_the_plate_and_place_it_on_the_plate,demo_0,25,agentview,akita_black_bowl_2,is_left_of,cookies_1
pick_up_the_black_bowl_next_to_the_plate_and_place_it_on_the_plate,demo_0,25,agentview,cookies_1,is_right_of,akita_black_bowl_2
pick_up_the_black_bowl_next_to_the_plate_and_place_it_on_the_plate,demo_0,25,agentview,akita_black_bowl_2,is_in_front_of,glazed_rim_porcelain_ramekin_1
pick_up_the_black_bowl_next_to_the_plate_and_place_it_on_the_plate,demo_0,25,agentview,glazed_rim_porcelain_ramekin_1,is_behind,akita_black_bowl_2
pick_up_the_black_bowl_next_to_the_plate_and_place_it_on_the_plate,demo_0,25,agentview,akita_black_bowl_2,is_left_of,plate_1
pick_up_the_black_bowl_next_to_the_plate_and_place_it_on_the_plate,demo_0,25,agentview,plate_1,is_right_of,akita_black_bowl_2
pick_up_the_black_bowl_next_to_the_plate_and_place_it_on_the_plate,demo_0,25,agentview,akita_black_bowl_2,is_left_of,wooden_cabinet_1
pick_up_the_black_bowl_next_to_the_plate_and_place_it_on_the_plate,demo_0,25,agentview,wooden_cabinet_1,is_right_of,akita_black_bowl_2
pick_up_the_black_bowl_next_to_the_plate_and_place_it_on_the_plate,demo_0,25,agentview,akita_black_bowl_2,is_left_of,flat_stove_1
pick_up_the_black_bowl_next_to_the_plate_and_place_it_on_the_plate,demo_0,25,agentview,flat_stove_1,is_right_of,akita_black_bowl_2
pick_up_the_black_bowl_next_to_the_plate_and_place_it_on_the_plate,demo_0,25,agentview,cookies_1,is_in_front_of,glazed_rim_porcelain_ramekin_1
pick_up_the_black_bowl_next_to_the_plate_and_place_it_on_the_plate,demo_0,25,agentview,glazed_rim_porcelain_ramekin_1,is_behind,cookies_1
pick_up_the_black_bowl_next_to_the_plate_and_place_it_on_the_plate,demo_0,25,agentview,cookies_1,is_right_of,plate_1
pick_up_the_black_bowl_next_to_the_plate_and_place_it_on_the_plate,demo_0,25,agentview,plate_1,is_left_of,cookies_1
pick_up_the_black_bowl_next_to_the_plate_and_place_it_on_the_plate,demo_0,25,agentview,cookies_1,is_left_of,wooden_cabinet_1
pick_up_the_black_bowl_next_to_the_plate_and_place_it_on_the_plate,demo_0,25,agentview,wooden_cabinet_1,is_right_of,cookies_1
pick_up_the_black_bowl_next_to_the_plate_and_place_it_on_the_plate,demo_0,25,agentview,cookies_1,is_in_front_of,flat_stove_1
pick_up_the_black_bowl_next_to_the_plate_and_place_it_on_the_plate,demo_0,25,agentview,flat_stove_1,is_behind,cookies_1
pick_up_the_black_bowl_next_to_the_plate_and_place_it_on_the_plate,demo_0,25,agentview,glazed_rim_porcelain_ramekin_1,is_behind,plate_1
pick_up_the_black_bowl_next_to_the_plate_and_place_it_on_the_plate,demo_0,25,agentview,plate_1,is_in_front_of,glazed_rim_porcelain_ramekin_1
pick_up_the_black_bowl_next_to_the_plate_and_place_it_on_the_plate,demo_0,25,agentview,glazed_rim_porcelain_ramekin_1,is_left_of,wooden_cabinet_1
pick_up_the_black_bowl_next_to_the_plate_and_place_it_on_the_plate,demo_0,25,agentview,wooden_cabinet_1,is_right_of,glazed_rim_porcelain_ramekin_1
pick_up_the_black_bowl_next_to_the_plate_and_place_it_on_the_plate,demo_0,25,agentview,glazed_rim_porcelain_ramekin_1,is_left_of,flat_stove_1
pick_up_the_black_bowl_next_to_the_plate_and_place_it_on_the_plate,demo_0,25,agentview,flat_stove_1,is_right_of,glazed_rim_porcelain_ramekin_1
pick_up_the_black_bowl_next_to_the_plate_and_place_it_on_the_plate,demo_0,25,agentview,plate_1,is_left_of,wooden_cabinet_1
pick_up_the_black_bowl_next_to_the_plate_and_place_it_on_the_plate,demo_0,25,agentview,wooden_cabinet_1,is_right_of,plate_1
pick_up_the_black_bowl_next_to_the_plate_and_place_it_on_the_plate,demo_0,25,agentview,plate_1,is_left_of,flat_stove_1
pick_up_the_black_bowl_next_to_the_plate_and_place_it_on_the_plate,demo_0,25,agentview,flat_stove_1,is_right_of,plate_1
pick_up_the_black_bowl_next_to_the_plate_and_place_it_on_the_plate,demo_0,25,agentview,wooden_cabinet_1,is_in_front_of,flat_stove_1
pick_up_the_black_bowl_next_to_the_plate_and_place_it_on_the_plate,demo_0,25,agentview,flat_stove_1,is_behind,wooden_cabinet_1
pick_up_the_black_bowl_next_to_the_plate_and_place_it_on_the_plate,demo_0,30,agentview,akita_black_bowl_1,is_left_of,akita_black_bowl_2
pick_up_the_black_bowl_next_to_the_plate_and_place_it_on_the_plate,demo_0,30,agentview,akita_black_bowl_2,is_right_of,akita_black_bowl_1
pick_up_the_black_bowl_next_to_the_plate_and_place_it_on_the_plate,demo_0,30,agentview,akita_black_bowl_1,is_left_of,cookies_1
pick_up_the_black_bowl_next_to_the_plate_and_place_it_on_the_plate,demo_0,30,agentview,cookies_1,is_right_of,akita_black_bowl_1
pick_up_the_black_bowl_next_to_the_plate_and_place_it_on_the_plate,demo_0,30,agentview,akita_black_bowl_1,is_in_front_of,glazed_rim_porcelain_ramekin_1
pick_up_the_black_bowl_next_to_the_plate_and_place_it_on_the_plate,demo_0,30,agentview,glazed_rim_porcelain_ramekin_1,is_behind,akita_black_bowl_1
pick_up_the_black_bowl_next_to_the_plate_and_place_it_on_the_plate,demo_0,30,agentview,akita_black_bowl_1,is_left_of,plate_1
pick_up_the_black_bowl_next_to_the_plate_and_place_it_on_the_plate,demo_0,30,agentview,plate_1,is_right_of,akita_black_bowl_1
pick_up_the_black_bowl_next_to_the_plate_and_place_it_on_the_plate,demo_0,30,agentview,akita_black_bowl_1,is_left_of,wooden_cabinet_1
pick_up_the_black_bowl_next_to_the_plate_and_place_it_on_the_plate,demo_0,30,agentview,wooden_cabinet_1,is_right_of,akita_black_bowl_1
pick_up_the_black_bowl_next_to_the_plate_and_place_it_on_the_plate,demo_0,30,agentview,akita_black_bowl_1,is_left_of,flat_stove_1
pick_up_the_black_bowl_next_to_the_plate_and_place_it_on_the_plate,demo_0,30,agentview,flat_stove_1,is_right_of,akita_black_bowl_1
pick_up_the_black_bowl_next_to_the_plate_and_place_it_on_the_plate,demo_0,30,agentview,akita_black_bowl_2,is_behind,cookies_1
pick_up_the_black_bowl_next_to_the_plate_and_place_it_on_the_plate,demo_0,30,agentview,cookies_1,is_in_front_of,akita_black_bowl_2
pick_up_the_black_bowl_next_to_the_plate_and_place_it_on_the_plate,demo_0,30,agentview,akita_black_bowl_2,is_right_of,glazed_rim_porcelain_ramekin_1
pick_up_the_black_bowl_next_to_the_plate_and_place_it_on_the_plate,demo_0,30,agentview,glazed_rim_porcelain_ramekin_1,is_left_of,akita_black_bowl_2
pick_up_the_black_bowl_next_to_the_plate_and_place_it_on_the_plate,demo_0,30,agentview,akita_black_bowl_2,is_right_of,plate_1
pick_up_the_black_bowl_next_to_the_plate_and_place_it_on_the_plate,demo_0,30,agentview,plate_1,is_left_of,akita_black_bowl_2
pick_up_the_black_bowl_next_to_the_plate_and_place_it_on_the_plate,demo_0,30,agentview,akita_black_bowl_2,is_left_of,wooden_cabinet_1
pick_up_the_black_bowl_next_to_the_plate_and_place_it_on_the_plate,demo_0,30,agentview,wooden_cabinet_1,is_right_of,akita_black_bowl_2
pick_up_the_black_bowl_next_to_the_plate_and_place_it_on_the_plate,demo_0,30,agentview,akita_black_bowl_2,is_on_top_of,flat_stove_1
pick_up_the_black_bowl_next_to_the_plate_and_place_it_on_the_plate,demo_0,30,agentview,flat_stove_1,is_below_of,akita_black_bowl_2
pick_up_the_black_bowl_next_to_the_plate_and_place_it_on_the_plate,demo_0,30,agentview,cookies_1,is_right_of,glazed_rim_porcelain_ramekin_1
pick_up_the_black_bowl_next_to_the_plate_and_place_it_on_the_plate,demo_0,30,agentview,glazed_rim_porcelain_ramekin_1,is_left_of,cookies_1
pick_up_the_black_bowl_next_to_the_plate_and_place_it_on_the_plate,demo_0,30,agentview,cookies_1,is_right_of,plate_1
pick_up_the_black_bowl_next_to_the_plate_and_place_it_on_the_plate,demo_0,30,agentview,plate_1,is_left_of,cookies_1
pick_up_the_black_bowl_next_to_the_plate_and_place_it_on_the_plate,demo_0,30,agentview,cookies_1,is_left_of,wooden_cabinet_1
pick_up_the_black_bowl_next_to_the_plate_and_place_it_on_the_plate,demo_0,35,agentview,akita_black_bowl_1,is_right_of,akita_black_bowl_2
pick_up_the_black_bowl_next_to_the_plate_and_place_it_on_the_plate,demo_0,35,agentview,akita_black_bowl_2,is_left_of,akita_black_bowl_1
pick_up_the_black_bowl_next_to_the_plate_and_place_it_on_the_plate,demo_0,35,agentview,akita_black_bowl_1,is_behind,cookies_1
pick_up_the_black_bowl_next_to_the_plate_and_place_it_on_the_plate,demo_0,35,agentview,cookies_1,is_in_front_of,akita_black_bowl_1
pick_up_the_black_bowl_next_to_the_plate_and_place_it_on_the_plate,demo_0,35,agentview,akita_black_bowl_1,is_right_of,glazed_rim_porcelain_ramekin_1
pick_up_the_black_bowl_next_to_the_plate_and_place_it_on_the_plate,demo_0,35,agentview,glazed_rim_porcelain_ramekin_1,is_left_of,akita_black_bowl_1
pick_up_the_black_bowl_next_to_the_plate_and_place_it_on_the_plate,demo_0,35,agentview,akita_black_bowl_1,is_right_of,plate_1
pick_up_the_black_bowl_next_to_the_plate_and_place_it_on_the_plate,demo_0,35,agentview,plate_1,is_left_of,akita_black_bowl_1
pick_up_the_black_bowl_next_to_the_plate_and_place_it_on_the_plate,demo_0,35,agentview,akita_black_bowl_1,is_left_of,wooden_cabinet_1
pick_up_the_black_bowl_next_to_the_plate_and_place_it_on_the_plate,demo_0,35,agentview,wooden_cabinet_1,is_right_of,akita_black_bowl_1
pick_up_the_black_bowl_next_to_the_plate_and_place_it_on_the_plate,demo_0,35,agentview,akita_black_bowl_1,is_on_top_of,flat_stove_1
pick_up_the_black_bowl_next_to_the_plate_and_place_it_on_the_plate,demo_0,35,agentview,flat_stove_1,is_below_of,akita_black_bowl_1
pick_up_the_black_bowl_next_to_the_plate_and_place_it_on_the_plate,demo_0,35,agentview,akita_black_bowl_2,is_left_of,cookies_1
pick_up_the_black_bowl_next_to_the_plate_and_place_it_on_the_plate,demo_0,35,agentview,cookies_1,is_right_of,akita_black_bowl_2
pick_up_the_black_bowl_next_to_the_plate_and_place_it_on_the_plate,demo_0,35,agentview,akita_black_bowl_2,contains,glazed_rim_porcelain_ramekin_1
pick_up_the_black_bowl_next_to_the_plate_and_place_it_on_the_plate,demo_0,35,agentview,glazed_rim_porcelain_ramekin_1,is_inside,akita_black_bowl_2
pick_up_the_black_bowl_next_to_the_plate_and_place_it_on_the_plate,demo_0,35,agentview,akita_black_bowl_2,is_left_of,plate_1
pick_up_the_black_bowl_next_to_the_plate_and_place_it_on_the_plate,demo_0,35,agentview,plate_1,is_right_of,akita_black_bowl_2
pick_up_the_black_bowl_next_to_the_plate_and_place_it_on_the_plate,demo_0,35,agentview,akita_black_bowl_2,is_left_of,wooden_cabinet_1
pick_up_the_black_bowl_next_to_the_plate_and_place_it_on_the_plate,demo_0,35,agentview,wooden_cabinet_1,is_right_of,akita_black_bowl_2
pick_up_the_black_bowl_next_to_the_plate_and_place_it_on_the_plate,demo_0,35,agentview,akita_black_bowl_2,is_left_of,flat_stove_1
pick_up_the_black_bowl_next_to_the_plate_and_place_it_on_the_plate,demo_0,35,agentview,flat_stove_1,is_right_of,akita_black_bowl_2
pick_up_the_black_bowl_next_to_the_plate_and_place_it_on_the_plate,demo_0,35,agentview,cookies_1,is_right_of,glazed_rim_porcelain_ramekin_1
pick_up_the_black_bowl_next_to_the_plate_and_place_it_on_the_plate,demo_0,35,agentview,glazed_rim_porcelain_ramekin_1,is_left_of,cookies_1
pick_up_the_black_bowl_next_to_the_plate_and_place_it_on_the_plate,demo_0,35,agentview,cookies_1,is_right_of,plate_1
pick_up_the_black_bowl_next_to_the_plate_and_place_it_on_the_plate,demo_0,35,agentview,plate_1,is_left_of,cookies_1
pick_up_the_black_bowl_next_to_the_plate_and_place_it_on_the_plate,demo_0,35,agentview,cookies_1,is_left_of,wooden_cabinet_1
pick_up_the_black_bowl_next_to_the_plate_and_place_it_on_the_plate,demo_0,35,agentview,wooden_cabinet_1,is_right_of,cookies_1
pick_up_the_black_bowl_next_to_the_plate_and_place_it_on_the_plate,demo_0,35,agentview,cookies_1,is_in_front_of,flat_stove_1
pick_up_the_black_bowl_next_to_the_plate_and_place_it_on_the_plate,demo_0,35,agentview,flat_stove_1,is_behind,cookies_1
pick_up_the_black_bowl_next_to_the_plate_and_place_it_on_the_plate,demo_0,35,agentview,glazed_rim_porcelain_ramekin_1,is_left_of,plate_1
pick_up_the_black_bowl_next_to_the_plate_and_place_it_on_the_plate,demo_0,35,agentview,plate_1,is_right_of,glazed_rim_porcelain_ramekin_1
pick_up_the_black_bowl_next_to_the_plate_and_place_it_on_the_plate,demo_0,35,agentview,glazed_rim_porcelain_ramekin_1,is_left_of,wooden_cabinet_1
pick_up_the_black_bowl_next_to_the_plate_and_place_it_on_the_plate,demo_0,35,agentview,wooden_cabinet_1,is_right_of,glazed_rim_porcelain_ramekin_1
pick_up_the_black_bowl_next_to_the_plate_and_place_it_on_the_plate,demo_0,35,agentview,glazed_rim_porcelain_ramekin_1,is_left_of,flat_stove_1
pick_up_the_black_bowl_next_to_the_plate_and_place_it_on_the_plate,demo_0,35,agentview,flat_stove_1,is_right_of,glazed_rim_porcelain_ramekin_1
pick_up_the_black_bowl_next_to_the_plate_and_place_it_on_the_plate,demo_0,35,agentview,plate_1,is_left_of,wooden_cabinet_1
pick_up_the_black_bowl_next_to_the_plate_and_place_it_on_the_plate,demo_0,35,agentview,wooden_cabinet_1,is_right_of,plate_1
pick_up_the_black_bowl_next_to_the_plate_and_place_it_on_the_plate,demo_0,35,agentview,plate_1,is_left_of,flat_stove_1
pick_up_the_black_bowl_next_to_the_plate_and_place_it_on_the_plate,demo_0,35,agentview,flat_stove_1,is_right_of,plate_1
pick_up_the_black_bowl_next_to_the_plate_and_place_it_on_the_plate,demo_0,35,agentview,wooden_cabinet_1,is_right_of,flat_stove_1
pick_up_the_black_bowl_next_to_the_plate_and_place_it_on_the_plate,demo_0,35,agentview,flat_stove_1,is_left_of,wooden_cabinet_1
pick_up_the_black_bowl_next_to_the_plate_and_place_it_on_the_plate,demo_0,40,agentview,akita_black_bowl_1,is_left_of,akita_black_bowl_2
pick_up_the_black_bowl_next_to_the_plate_and_place_it_on_the_plate,demo_0,40,agentview,akita_black_bowl_1,is_left_of,cookies_1
pick_up_the_black_bowl_next_to_the_plate_and_place_it_on_the_plate,demo_0,40,agentview,akita_black_bowl_1,is_behind,glazed_rim_porcelain_ramekin_1
pick_up_the_black_bowl_next_to_the_plate_and_place_it_on_the_plate,demo_0,40,agentview,akita_black_bowl_1,is_left_of,plate_1
pick_up_the_black_bowl_next_to_the_plate_and_place_it_on_the_plate,demo_0,40,agentview,akita_black_bowl_1,is_left_of,wooden_cabinet_1
pick_up_the_black_bowl_next_to_the_plate_and_place_it_on_the_plate,demo_0,40,agentview,akita_black_bowl_1,is_left_of,flat_stove_1
pick_up_the_black_bowl_next_to_the_plate_and_place_it_on_the_plate,demo_0,40,agentview,akita_black_bowl_2,is_right_of,akita_black_bowl_1
pick_up_the_black_bowl_next_to_the_plate_and_place_it_on_the_plate,demo_0,45,agentview,akita_black_bowl_1,is_left_of,akita_black_bowl_2
pick_up_the_black_bowl_next_to_the_plate_and_place_it_on_the_plate,demo_0,45,agentview,akita_black_bowl_2,is_right_of,akita_black_bowl_1
pick_up_the_black_bowl_next_to_the_plate_and_place_it_on_the_plate,demo_0,45,agentview,akita_black_bowl_1,is_left_of,cookies_1
pick_up_the_black_bowl_next_to_the_plate_and_place_it_on_the_plate,demo_0,45,agentview,cookies_1,is_right_of,akita_black_bowl_1
pick_up_the_black_bowl_next_to_the_plate_and_place_it_on_the_plate,demo_0,45,agentview,akita_black_bowl_1,is_behind,plate_1
pick_up_the_black_bowl_next_to_the_plate_and_place_it_on_the_plate,demo_0,45,agentview,plate_1,is_in_front_of,akita_black_bowl_1
pick_up_the_black_bowl_next_to_the_plate_and_place_it_on_the_plate,demo_0,45,agentview,akita_black_bowl_1,is_left_of,wooden_cabinet_1
pick_up_the_black_bowl_next_to_the_plate_and_place_it_on_the_plate,demo_0,45,agentview,wooden_cabinet_1,is_right_of,akita_black_bowl_1
pick_up_the_black_bowl_next_to_the_plate_and_place_it_on_the_plate,demo_0,45,agentview,akita_black_bowl_1,is_left_of,flat_stove_1
pick_up_the_black_bowl_next_to_the_plate_and_place_it_on_the_plate,demo_0,45,agentview,flat_stove_1,is_right_of,akita_black_bowl_1
pick_up_the_black_bowl_next_to_the_plate_and_place_it_on_the_plate,demo_0,45,agentview,akita_black_bowl_2,is_behind,cookies_1
pick_up_the_black_bowl_next_to_the_plate_and_place_it_on_the_plate,demo_0,45,agentview,cookies_1,is_in_front_of,akita_black_bowl_2
pick_up_the_black_bowl_next_to_the_plate_and_place_it_on_the_plate,demo_0,45,agentview,akita_black_bowl_2,is_right_of,plate_1
pick_up_the_black_bowl_next_to_the_plate_and_place_it_on_the_plate,demo_0,45,agentview,plate_1,is_left_of,akita_black_bowl_2
pick_up_the_black_bowl_next_to_the_plate_and_place_it_on_the_plate,demo_0,45,agentview,akita_black_bowl_2,is_left_of,wooden_cabinet_1
pick_up_the_black_bowl_next_to_the_plate_and_place_it_on_the_plate,demo_0,45,agentview,wooden_cabinet_1,is_right_of,akita_black_bowl_2
pick_up_the_black_bowl_next_to_the_plate_and_place_it_on_the_plate,demo_0,45,agentview,akita_black_bowl_2,is_on_top_of,flat_stove_1
pick_up_the_black_bowl_next_to_the_plate_and_place_it_on_the_plate,demo_0,45,agentview,flat_stove_1,is_below_of,akita_black_bowl_2
pick_up_the_black_bowl_next_to_the_plate_and_place_it_on_the_plate,demo_0,45,agentview,cookies_1,is_right_of,plate_1
pick_up_the_black_bowl_next_to_the_plate_and_place_it_on_the_plate,demo_0,45,agentview,plate_1,is_left_of,cookies_1
pick_up_the_black_bowl_next_to_the_plate_and_place_it_on_the_plate,demo_0,45,agentview,cookies_1,is_left_of,wooden_cabinet_1
pick_up_the_black_bowl_next_to_the_plate_and_place_it_on_the_plate,demo_0,55,agentview,akita_black_bowl_1,is_behind,akita_black_bowl_2
pick_up_the_black_bowl_next_to_the_plate_and_place_it_on_the_plate,demo_0,55,agentview,akita_black_bowl_2,is_in_front_of,akita_black_bowl_1
pick_up_the_black_bowl_next_to_the_plate_and_place_it_on_the_plate,demo_0,55,agentview,akita_black_bowl_1,is_left_of,cookies_1
pick_up_the_black_bowl_next_to_the_plate_and_place_it_on_the_plate,demo_0,55,agentview,cookies_1,is_right_of,akita_black_bowl_1
pick_up_the_black_bowl_next_to_the_plate_and_place_it_on_the_plate,demo_0,55,agentview,akita_black_bowl_1,is_left_of,glazed_rim_porcelain_ramekin_1
pick_up_the_black_bowl_next_to_the_plate_and_place_it_on_the_plate,demo_0,55,agentview,glazed_rim_porcelain_ramekin_1,is_right_of,akita_black_bowl_1
pick_up_the_black_bowl_next_to_the_plate_and_place_it_on_the_plate,demo_0,55,agentview,akita_black_bowl_1,is_behind,plate_1
pick_up_the_black_bowl_next_to_the_plate_and_place_it_on_the_plate,demo_0,60,agentview,akita_black_bowl_1,is_left_of,plate_1
pick_up_the_black_bowl_next_to_the_plate_and_place_it_on_the_plate,demo_0,60,agentview,plate_1,is_right_of,akita_black_bowl_1
pick_up_the_black_bowl_next_to_the_plate_and_place_it_on_the_plate,demo_0,60,agentview,akita_black_bowl_1,is_left_of,cookies_1
pick_up_the_black_bowl_next_to_the_plate_and_place_it_on_the_plate,demo_0,60,agentview,cookies_1,is_right_of,akita_black_bowl_1
pick_up_the_black_bowl_next_to_the_plate_and_place_it_on_the_plate,demo_0,60,agentview,akita_black_bowl_1,is_left_of,wooden_cabinet_1
pick_up_the_black_bowl_next_to_the_plate_and_place_it_on_the_plate,demo_0,60,agentview,wooden_cabinet_1,is_right_of,akita_black_bowl_1
pick_up_the_black_bowl_next_to_the_plate_and_place_it_on_the_plate,demo_0,60,agentview,akita_black_bowl_1,is_left_of,flat_stove_1
pick_up_the_black_bowl_next_to_the_plate_and_place_it_on_the_plate,demo_0,60,agentview,flat_stove_1,is_right_of,akita_black_bowl_1
pick_up_the_black_bowl_next_to_the_plate_and_place_it_on_the_plate,demo_0,60,agentview,akita_black_bowl_1,is_left_of,akita_black_bowl_2
pick_up_the_black_bowl_next_to_the_plate_and_place_it_on_the_plate,demo_0,60,agentview,akita_black_bowl_2,is_right_of,akita_black_bowl_1
pick_up_the_black_bowl_next_to_the_plate_and_place_it_on_the_plate,demo_0,60,agentview,akita_black_bowl_1,is_left_of,glazed_rim_porcelain_ramekin_1
pick_up_the_black_bowl_next_to_the_plate_and_place_it_on_the_plate,demo_0,60,agentview,glazed_rim_porcelain_ramekin_1,is_right_of,akita_black_bowl_1
pick_up_the_black_bowl_next_to_the_plate_and_place_it_on_the_plate,demo_0,60,agentview,plate_1,is_left_of,cookies_1
pick_up_the_black_bowl_next_to_the_plate_and_place_it_on_the_plate,demo_0,60,agentview,cookies_1,is_right_of,plate_1
pick_up_the_black_bowl_next_to_the_plate_and_place_it_on_the_plate,demo_0,60,agentview,plate_1,is_left_of,wooden_cabinet_1
pick_up_the_black_bowl_next_to_the_plate_and_place_it_on_the_plate,demo_0,60,agentview,wooden_cabinet_1,is_right_of,plate_1
pick_up_the_black_bowl_next_to_the_plate_and_place_it_on_the_plate,demo_0,60,agentview,plate_1,is_left_of,flat_stove_1
pick_up_the_black_bowl_next_to_the_plate_and_place_it_on_the_plate,demo_0,60,agentview,flat_stove_1,is_right_of,plate_1
pick_up_the_black_bowl_next_to_the_plate_and_place_it_on_the_plate,demo_0,60,agentview,plate_1,is_left_of,akita_black_bowl_2
pick_up_the_black_bowl_next_to_the_plate_and_place_it_on_the_plate,demo_0,60,agentview,akita_black_bowl_2,is_right_of,plate_1
pick_up_the_black_bowl_next_to_the_plate_and_place_it_on_the_plate,demo_0,60,agentview,plate_1,is_in_front_of,glazed_rim_porcelain_ramekin_1
pick_up_the_black_bowl_next_to_the_plate_and_place_it_on_the_plate,demo_0,60,agentview,glazed_rim_porcelain_ramekin_1,is_behind,plate_1
pick_up_the_black_bowl_next_to_the_plate_and_place_it_on_the_plate,demo_0,60,agentview,cookies_1,is_left_of,wooden_cabinet_1
pick_up_the_black_bowl_next_to_the_plate_and_place_it_on_the_plate,demo_0,60,agentview,wooden_cabinet_1,is_right_of,cookies_1
pick_up_the_black_bowl_next_to_the_plate_and_place_it_on_the_plate,demo_0,60,agentview,cookies_1,is_left_of,flat_stove_1
pick_up_the_black_bowl_next_to_the_plate_and_place_it_on_the_plate,demo_0,60,agentview,flat_stove_1,is_right_of,cookies_1
pick_up_the_black_bowl_next_to_the_plate_and_place_it_on_the_plate,demo_0,60,agentview,cookies_1,is_left_of,akita_black_bowl_2
pick_up_the_black_bowl_next_to_the_plate_and_place_it_on_the_plate,demo_0,60,agentview,akita_black_bowl_2,is_right_of,cookies_1
pick_up_the_black_bowl_next_to_the_plate_and_place_it_on_the_plate,demo_0,60,agentview,cookies_1,is_right_of,glazed_rim_porcelain_ramekin_1
pick_up_the_black_bowl_next_to_the_plate_and_place_it_on_the_plate,demo_0,60,agentview,glazed_rim_porcelain_ramekin_1,is_left_of,cookies_1
pick_up_the_black_bowl_next_to_the_plate_and_place_it_on_the_plate,demo_0,60,agentview,wooden_cabinet_1,is_right_of,flat_stove_1
pick_up_the_black_bowl_next_to_the_plate_and_place_it_on_the_plate,demo_0,60,agentview,flat_stove_1,is_left_of,wooden_cabinet_1
pick_up_the_black_bowl_next_to_the_plate_and_place_it_on_the_plate,demo_0,60,agentview,wooden_cabinet_1,is_right_of,akita_black_bowl_2
pick_up_the_black_bowl_next_to_the_plate_and_place_it_on_the_plate,demo_0,60,agentview,akita_black_bowl_2,is_left_of,wooden_cabinet_1
pick_up_the_black_bowl_next_to_the_plate_and_place_it_on_the_plate,demo_0,60,agentview,wooden_cabinet_1,is_right_of,glazed_rim_porcelain_ramekin_1
pick_up_the_black_bowl_next_to_the_plate_and_place_it_on_the_plate,demo_0,60,agentview,glazed_rim_porcelain_ramekin_1,is_left_of,wooden_cabinet_1
pick_up_the_black_bowl_next_to_the_plate_and_place_it_on_the_plate,demo_0,60,agentview,akita_black_bowl_2,is_on_top_of,flat_stove_1
pick_up_the_black_bowl_next_to_the_plate_and_place_it_on_the_plate,demo_0,60,agentview,flat_stove_1,is_below_of,akita_black_bowl_2
pick_up_the_black_bowl_next_to_the_plate_and_place_it_on_the_plate,demo_0,60,agentview,flat_stove_1,is_right_of,glazed_rim_porcelain_ramekin_1
pick_up_the_black_bowl_next_to_the_plate_and_place_it_on_the_plate,demo_0,60,agentview,glazed_rim_porcelain_ramekin_1,is_left_of,flat_stove_1
pick_up_the_black_bowl_next_to_the_plate_and_place_it_on_the_plate,demo_0,60,agentview,akita_black_bowl_2,is_right_of,glazed_rim_porcelain_ramekin_1
pick_up_the_black_bowl_next_to_the_plate_and_place_it_on_the_plate,demo_0,60,agentview,glazed_rim_porcelain_ramekin_1,is_left_of,akita_black_bowl_2
pick_up_the_black_bowl_next_to_the_plate_and_place_it_on_the_plate,demo_0,65,agentview,akita_black_bowl_1,is_left_of,akita_black_bowl_2
pick_up_the_black_bowl_next_to_the_plate_and_place_it_on_the_plate,demo_0,65,agentview,akita_black_bowl_2,is_right_of,akita_black_bowl_1
pick_up_the_black_bowl_next_to_the_plate_and_place_it_on_the_plate,demo_0,65,agentview,akita_black_bowl_1,is_left_of,cookies_1
pick_up_the_black_bowl_next_to_the_plate_and_place_it_on_the_plate,demo_0,65,agentview,cookies_1,is_right_of,akita_black_bowl_1
pick_up_the_black_bowl_next_to_the_plate_and_place_it_on_the_plate,demo_0,65,agentview,akita_black_bowl_1,is_behind,glazed_rim_porcelain_ramekin_1
pick_up_the_black_bowl_next_to_the_plate_and_place_it_on_the_plate,demo_0,65,agentview,glazed_rim_porcelain_ramekin_1,is_in_front_of,akita_black_bowl_1
pick_up_the_black_bowl_next_to_the_plate_and_place_it_on_the_plate,demo_0,65,agentview,akita_black_bowl_1,is_left_of,plate_1
pick_up_the_black_bowl_next_to_the_plate_and_place_it_on_the_plate,demo_0,65,agentview,plate_1,is_right_of,akita_black_bowl_1
pick_up_the_black_bowl_next_to_the_plate_and_place_it_on_the_plate,demo_0,65,agentview,akita_black_bowl_1,is_left_of,wooden_cabinet_1
pick_up_the_black_bowl_next_to_the_plate_and_place_it_on_the_plate,demo_0,65,agentview,wooden_cabinet_1,is_right_of,akita_black_bowl_1
pick_up_the_black_bowl_next_to_the_plate_and_place_it_on_the_plate,demo_0,65,agentview,akita_black_bowl_1,is_left_of,flat_stove_1
pick_up_the_black_bowl_next_to_the_plate_and_place_it_on_the_plate,demo_0,65,agentview,flat_stove_1,is_right_of,akita_black_bowl_1
pick_up_the_black_bowl_next_to_the_plate_and_place_it_on_the_plate,demo_0,65,agentview,akita_black_bowl_2,is_behind,cookies_1
pick_up_the_black_bowl_next_to_the_plate_and_place_it_on_the_plate,demo_0,65,agentview,cookies_1,is_in_front_of,akita_black_bowl_2
pick_up_the_black_bowl_next_to_the_plate_and_place_it_on_the_plate,demo_0,65,agentview,akita_black_bowl_2,is_right_of,glazed_rim_porcelain_ramekin_1
pick_up_the_black_bowl_next_to_the_plate_and_place_it_on_the_plate,demo_0,65,agentview,glazed_rim_porcelain_ramekin_1,is_left_of,akita_black_bowl_2
pick_up_the_black_bowl_next_to_the_plate_and_place_it_on_the_plate,demo_0,65,agentview,akita_black_bowl_2,is_right_of,plate_1
pick_up_the_black_bowl_next_to_the_plate_and_place_it_on_the_plate,demo_0,65,agentview,plate_1,is_left_of,akita_black_bowl_2
pick_up_the_black_bowl_next_to_the_plate_and_place_it_on_the_plate,demo_0,65,agentview,akita_black_bowl_2,is_left_of,wooden_cabinet_1
pick_up_the_black_bowl_next_to_the_plate_and_place_it_on_the_plate,demo_0,65,agentview,wooden_cabinet_1,is_right_of,akita_black_bowl_2
pick_up_the_black_bowl_next_to_the_plate_and_place_it_on_the_plate,demo_0,65,agentview,akita_black_bowl_2,is_on_top_of,flat_stove_1
pick_up_the_black_bowl_next_to_the_plate_and_place_it_on_the_plate,demo_0,65,agentview,flat_stove_1,is_below_of,akita_black_bowl_2
pick_up_the_black_bowl_next_to_the_plate_and_place_it_on_the_plate,demo_0,65,agentview,cookies_1,is_right_of,glazed_rim_porcelain_ramekin_1
pick_up_the_black_bowl_next_to_the_plate_and_place_it_on_the_plate,demo_0,65,agentview,glazed_rim_porcelain_ramekin_1,is_left_of,cookies_1
pick_up_the_black_bowl_next_to_the_plate_and_place_it_on_the_plate,demo_0,65,agentview,cookies_1,is_right_of,plate_1
pick_up_the_black_bowl_next_to_the_plate_and_place_it_on_the_plate,demo_0,65,agentview,plate_1,is_left_of,cookies_1
pick_up_the_black_bowl_next_to_the_plate_and_place_it_on_the_plate,demo_0,65,agentview,cookies_1,is_left_of,wooden_cabinet_1
pick_up_the_black_bowl_next_to_the_plate_and_place_it_on_the_plate,demo_0,65,agentview,wooden_cabinet_1,is_right_of,cookies_1
pick_up_the_black_bowl_next_to_the_plate_and_place_it_on_the_plate,demo_0,70,agentview,akita_black_bowl_1,is_behind,plate_1
pick_up_the_black_bowl_next_to_the_plate_and_place_it_on_the_plate,demo_0,70,agentview,plate_1,is_in_front_of,akita_black_bowl_1
pick_up_the_black_bowl_next_to_the_plate_and_place_it_on_the_plate,demo_0,70,agentview,akita_black_bowl_1,is_left_of,cookies_1
pick_up_the_black_bowl_next_to_the_plate_and_place_it_on_the_plate,demo_0,70,agentview,cookies_1,is_right_of,akita_black_bowl_1
pick_up_the_black_bowl_next_to_the_plate_and_place_it_on_the_plate,demo_0,70,agentview,akita_black_bowl_1,is_left_of,flat_stove_1
pick_up_the_black_bowl_next_to_the_plate_and_place_it_on_the_plate,demo_0,70,agentview,flat_stove_1,is_right_of,akita_black_bowl_1
pick_up_the_black_bowl_next_to_the_plate_and_place_it_on_the_plate,demo_0,70,agentview,akita_black_bowl_1,is_left_of,akita_black_bowl_2
pick_up_the_black_bowl_next_to_the_plate_and_place_it_on_the_plate,demo_0,70,agentview,akita_black_bowl_2,is_right_of,akita_black_bowl_1
pick_up_the_black_bowl_next_to_the_plate_and_place_it_on_the_plate,demo_0,70,agentview,akita_black_bowl_1,is_left_of,wooden_cabinet_1
pick_up_the_black_bowl_next_to_the_plate_and_place_it_on_the_plate,demo_0,70,agentview,wooden_cabinet_1,is_right_of,akita_black_bowl_1
pick_up_the_black_bowl_next_to_the_plate_and_place_it_on_the_plate,demo_0,70,agentview,akita_black_bowl_2,is_on_top_of,flat_stove_1
pick_up_the_black_bowl_next_to_the_plate_and_place_it_on_the_plate,demo_0,70,agentview,flat_stove_1,is_below_of,akita_black_bowl_2
pick_up_the_black_bowl_next_to_the_plate_and_place_it_on_the_plate,demo_0,70,agentview,akita_black_bowl_2,is_behind,cookies_1
pick_up_the_black_bowl_next_to_the_plate_and_place_it_on_the_plate,demo_0,70,agentview,cookies_1,is_in_front_of,akita_black_bowl_2
pick_up_the_black_bowl_next_to_the_plate_and_place_it_on_the_plate,demo_0,70,agentview,akita_black_bowl_2,is_right_of,plate_1
pick_up_the_black_bowl_next_to_the_plate_and_place_it_on_the_plate,demo_0,70,agentview,plate_1,is_left_of,akita_black_bowl_2
pick_up_the_black_bowl_next_to_the_plate_and_place_it_on_the_plate,demo_0,70,agentview,akita_black_bowl_2,is_left_of,wooden_cabinet_1
pick_up_the_black_bowl_next_to_the_plate_and_place_it_on_the_plate,demo_0,70,agentview,wooden_cabinet_1,is_right_of,akita_black_bowl_2
pick_up_the_black_bowl_next_to_the_plate_and_place_it_on_the_plate,demo_0,70,agentview,cookies_1,is_right_of,plate_1
pick_up_the_black_bowl_next_to_the_plate_and_place_it_on_the_plate,demo_0,70,agentview,plate_1,is_left_of,cookies_1
pick_up_the_black_bowl_next_to_the_plate_and_place_it_on_the_plate,demo_0,70,agentview,cookies_1,is_in_front_of,flat_stove_1
pick_up_the_black_bowl_next_to_the_plate_and_place_it_on_the_plate,demo_0,70,agentview,flat_stove_1,is_behind,cookies_1
pick_up_the_black_bowl_next_to_the_plate_and_place_it_on_the_plate,demo_0,70,agentview,cookies_1,is_left_of,wooden_cabinet_1
pick_up_the_black_bowl_next_to_the_plate_and_place_it_on_the_plate,demo_0,70,agentview,wooden_cabinet_1,is_right_of,cookies_1
pick_up_the_black_bowl_next_to_the_plate_and_place_it_on_the_plate,demo_0,70,agentview,plate_1,is_left_of,flat_stove_1
pick_up_the_black_bowl_next_to_the_plate_and_place_it_on_the_plate,demo_0,70,agentview,flat_stove_1,is_right_of,plate_1
pick_up_the_black_bowl_next_to_the_plate_and_place_it_on_the_plate,demo_0,70,agentview,plate_1,is_left_of,wooden_cabinet_1
pick_up_the_black_bowl_next_to_the_plate_and_place_it_on_the_plate,demo_0,70,agentview,wooden_cabinet_1,is_right_of,plate_1
pick_up_the_black_bowl_next_to_the_plate_and_place_it_on_the_plate,demo_0,70,agentview,flat_stove_1,is_left_of,wooden_cabinet_1
pick_up_the_black_bowl_next_to_the_plate_and_place_it_on_the_plate,demo_0,70,agentview,wooden_cabinet_1,is_right_of,flat_stove_1
pick_up_the_black_bowl_next_to_the_plate_and_place_it_on_the_plate,demo_0,75,agentview,akita_black_bowl_1,is_left_of,plate_1
pick_up_the_black_bowl_next_to_the_plate_and_place_it_on_the_plate,demo_0,75,agentview,plate_1,is_right_of,akita_black_bowl_1
pick_up_the_black_bowl_next_to_the_plate_and_place_it_on_the_plate,demo_0,75,agentview,akita_black_bowl_1,is_left_of,cookies_1
pick_up_the_black_bowl_next_to_the_plate_and_place_it_on_the_plate,demo_0,75,agentview,cookies_1,is_right_of,akita_black_bowl_1
pick_up_the_black_bowl_next_to_the_plate_and_place_it_on_the_plate,demo_0,75,agentview,akita_black_bowl_1,is_left_of,flat_stove_1
pick_up_the_black_bowl_next_to_the_plate_and_place_it_on_the_plate,demo_0,75,agentview,flat_stove_1,is_right_of,akita_black_bowl_1
pick_up_the_black_bowl_next_to_the_plate_and_place_it_on_the_plate,demo_0,75,agentview,akita_black_bowl_1,is_left_of,akita_black_bowl_2
pick_up_the_black_bowl_next_to_the_plate_and_place_it_on_the_plate,demo_0,75,agentview,akita_black_bowl_2,is_right_of,akita_black
pick_up_the_black_bowl_next_to_the_plate_and_place_it_on_the_plate,demo_0,80,agentview,akita_black_bowl_1,is_left_of,akita_black_bowl_2
pick_up_the_black_bowl_next_to_the_plate_and_place_it_on_the_plate,demo_0,80,agentview,akita_black_bowl_2,is_right_of,akita_black_bowl_1
pick_up_the_black_bowl_next_to_the_plate_and_place_it_on_the_plate,demo_0,80,agentview,akita_black_bowl_1,is_left_of,cookies_1
pick_up_the_black_bowl_next_to_the_plate_and_place_it_on_the_plate,demo_0,80,agentview,cookies_1,is_right_of,akita_black_bowl_1
pick_up_the_black_bowl_next_to_the_plate_and_place_it_on_the_plate,demo_0,80,agentview,akita_black_bowl_1,is_left_of,glazed_rim_porcelain_ramekin_1
pick_up_the_black_bowl_next_to_the_plate_and_place_it_on_the_plate,demo_0,80,agentview,glazed_rim_porcelain_ramekin_1,is_right_of,akita_black_bowl_1
pick_up_the_black_bowl_next_to_the_plate_and_place_it_on_the_plate,demo_0,80,agentview,akita_black_bowl_1,is_behind,plate_1
pick_up_the_black_bowl_next_to_the_plate_and_place_it_on_the_plate,demo_0,85,agentview,akita_black_bowl_1,is_left_of,akita_black_bowl_2
pick_up_the_black_bowl_next_to_the_plate_and_place_it_on_the_plate,demo_0,85,agentview,akita_black_bowl_2,is_right_of,akita_black_bowl_1
pick_up_the_black_bowl_next_to_the_plate_and_place_it_on_the_plate,demo_0,85,agentview,akita_black_bowl_1,is_left_of,cookies_1
pick_up_the_black_bowl_next_to_the_plate_and_place_it_on_the_plate,demo_0,85,agentview,cookies_1,is_right_of,akita_black_bowl_1
pick_up_the_black_bowl_next_to_the_plate_and_place_it_on_the_plate,demo_0,85,agentview,akita_black_bowl_1,is_left_of,glazed_rim_porcelain_ramekin_1
pick_up_the_black_bowl_next_to_the_plate_and_place_it_on_the_plate,demo_0,85,agentview,glazed_rim_porcelain_ramekin_1,is_right_of,akita_black_bowl_1
pick_up_the_black_bowl_next_to_the_plate_and_place_it_on_the_plate,demo_0,85,agentview,akita_black_bowl_1,is_behind,plate_1
pick_up_the_black_bowl_next_to_the_plate_and_place_it_on_the_plate,demo_0,85,agentview,plate_1,is_in_front_of,akita_black_bowl_1
pick_up_the_black_bowl_next_to_the_plate_and_place_it_on_the_plate,demo_0,85,agentview,akita_black_bowl_1,is_left_of,wooden_cabinet_1
pick_up_the_black_bowl_next_to_the_plate_and_place_it_on_the_plate,demo_0,85,agentview,wooden_cabinet_1,is_right_of,akita_black_bowl_1
pick_up_the_black_bowl_next_to_the_plate_and_place_it_on_the_plate,demo_0,85,agentview,akita_black_bowl_1,is_left_of,flat_stove_1
pick_up_the_black_bowl_next_to_the_plate_and_place_it_on_the_plate,demo_0,85,agentview,flat_stove_1,is_right_of,akita_black_bowl_1
pick_up_the_black_bowl_next_to_the_plate_and_place_it_on_the_plate,demo_0,85,agentview,akita_black_bowl_2,is_behind,cookies_1
pick_up_the_black_bowl_next_to_the_plate_and_place_it_on_the_plate,demo_0,85,agentview,cookies_1,is_in_front_of,akita_black_bowl_2
pick_up_the_black_bowl_next_to_the_plate_and_place_it_on_the_plate,demo_0,85,agentview,akita_black_bowl_2,contains,glazed_rim_porcelain_ramekin_1
pick_up_the_black_bowl_next_to_the_plate_and_place_it_on_the_plate,demo_0,85,agentview,glazed_rim_porcelain_ramekin_1,is_inside,akita_black_bowl_2
pick_up_the_black_bowl_next_to_the_plate_and_place_it_on_the_plate,demo_0,85,agentview,akita_black_bowl_2,is_right_of,plate_1
pick_up_the_black_bowl_next_to_the_plate_and_place_it_on_the_plate,demo_0,85,agentview,plate_1,is_left_of,akita_black_bowl_2
pick_up_the_black_bowl_next_to_the_plate_and_place_it_on_the_plate,demo_0,85,agentview,akita_black_bowl_2,is_left_of,wooden_cabinet_1
pick_up_the_black_bowl_next_to_the_plate_and_place_it_on_the_plate,demo_0,85,agentview,wooden_cabinet_1,is_right_of,akita_black_bowl_2
pick_up_the_black_bowl_next_to_the_plate_and_place_it_on_the_plate,demo_0,85,agentview,akita_black_bowl_2,is_on_top_of,flat_stove_1
pick_up_the_black_bowl_next_to_the_plate_and_place_it_on_the_plate,demo_0,85,agentview,flat_stove_1,is_below_of,akita_black_bowl_2
pick_up_the_black_bowl_next_to_the_plate_and_place_it_on_the_plate,demo_0,85,agentview,cookies_1,is_in_front_of,glazed_rim_porcelain_ramekin_1
pick_up_the_black_bowl_next_to_the_plate_and_place_it_on_the_plate,demo_0,85,agentview,glazed_rim_porcelain_ramekin_1,is_behind,cookies_1
pick_up_the_black_bowl_next_to_the_plate_and_place_it_on_the_plate,demo_0,85,agentview,cookies_1,is_right_of,plate_1
pick_up_the_black_bowl_next_to_the_plate_and_place_it_on_the_plate,demo_0,85,agentview,plate_1,is_left_of,cookies_1
pick_up_the_black_bowl_next_to_the_plate_and_place_it_on_the_plate,demo_0,85,agentview,cookies_1,is_left_of,wooden_cabinet_1
pick_up_the_black_bowl_next_to_the_plate_and_place_it_on_the_plate,demo_0,85,agentview,wooden_cabinet_1,is_right_of,cookies_1
pick_up_the_black_bowl_next_to_the_plate_and_place_it_on_the_plate,demo_0,85,agentview,cookies_1,is_in_front_of,flat_stove_1
pick_up_the_black_bowl_next_to_the_plate_and_place_it_on_the_plate,demo_0,85,agentview,flat_stove_1,is_behind,cookies_1
pick_up_the_black_bowl_next_to_the_plate_and_place_it_on_the_plate,demo_0,85,agentview,glazed_rim_porcelain_ramekin_1,is_right_of,plate_1
pick_up_the_black_bowl_next_to_the_plate_and_place_it_on_the_plate,demo_0,85,agentview,plate_1,is_left_of,glazed_rim_porcelain_ramekin_1
pick_up_the_black_bowl_next_to_the_plate_and_place_it_on_the_plate,demo_0,85,agentview,glazed_rim_porcelain_ramekin_1,is_left_of,wooden_cabinet_1
pick_up_the_black_bowl_next_to_the_plate_and_place_it_on_the_plate,demo_0,85,agentview,wooden_cabinet_1,is_right_of,glazed_rim_porcelain_ramekin_1
pick_up_the_black_bowl_next_to_the_plate_and_place_it_on_the_plate,demo_0,85,agentview,glazed_rim_porcelain_ramekin_1,is_on_top_of,flat_stove_1
pick_up_the_black_bowl_next_to_the_plate_and_place_it_on_the_plate,demo_0,85,agentview,flat_stove_1,is_below_of,glazed_rim_porcelain_ramekin_1
pick_up_the_black_bowl_next_to_the_plate_and_place_it_on_the_plate,demo_0,85,agentview,plate_1,is_left_of,wooden_cabinet_1
pick_up_the_black_bowl_next_to_the_plate_and_place_it_on_the_plate,demo_0,85,agentview,wooden_cabinet_1,is_right_of,plate_1
pick_up_the_black_bowl_next_to_the_plate_and_place_it_on_the_plate,demo_0,85,agentview,plate_1,is_left_of,flat_stove_1
pick_up_the_black_bowl_next_to_the_plate_and_place_it_on_the_plate,demo_0,85,agentview,flat_stove_1,is_right_of,plate_1
pick_up_the_black_bowl_next_to_the_plate_and_place_it_on_the_plate,demo_0,85,agentview,wooden_cabinet_1,is_right_of,flat_stove_1
pick_up_the_black_bowl_next_to_the_plate_and_place_it_on_the_plate,demo_0,85,agentview,flat_stove_1,is_left_of,wooden_cabinet_1
pick_up_the_black_bowl_next_to_the_plate_and_place_it_on_the_plate,demo_0,90,agentview,akita_black_bowl_1,is_behind,akita_black_bowl_2
pick_up_the_black_bowl_next_to_the_plate_and_place_it_on_the_plate,demo_0,90,agentview,akita_black_bowl_2,is_in_front_of,akita_black_bowl_1
pick_up_the_black_bowl_next_to_the_plate_and_place_it_on_the_plate,demo_0,90,agentview,akita_black_bowl_1,is_left_of,cookies_1
pick_up_the_black_bowl_next_to_the_plate_and_place_it_on_the_plate,demo_0,90,agentview,cookies_1,is_right_of,akita_black_bowl_1
pick_up_the_black_bowl_next_to_the_plate_and_place_it_on_the_plate,demo_0,90,agentview,akita_black_bowl_1,is_left_of,glazed_rim_porcelain_ramekin_1
pick_up_the_black_bowl_next_to_the_plate_and_place_it_on_the_plate,demo_0,90,agentview,glazed_rim_porcelain_ramekin_1,is_right_of,akita_black_bowl_1
pick_up_the_black_bowl_next_to_the_plate_and_place_it_on_the_plate,demo_0,90,agentview,akita_black_bowl_1,is_behind,plate_1
pick_up_the_black_bowl_next_to_the_plate_and_place_it_on_the_plate,demo_0,90,agentview,plate_1,is_in_front_of,akita_black_bowl_1
pick_up_the_black_bowl_next_to_the_plate_and_place_it_on_the_plate,demo_0,90,agentview,akita_black_bowl_1,is_left_of,wooden_cabinet_1
pick_up_the_black_bowl_next_to_the_plate_and_place_it_on_the_plate,demo_0,90,agentview,wooden_cabinet_1,is_right_of,akita_
pick_up_the_black_bowl_next_to_the_plate_and_place_it_on_the_plate,demo_0,95,agentview,akita_black_bowl_1,is_behind,akita_black_bowl_2
pick_up_the_black_bowl_next_to_the_plate_and_place_it_on_the_plate,demo_0,95,agentview,akita_black_bowl_2,is_in_front_of,akita_black_bowl_1
pick_up_the_black_bowl_next_to_the_plate_and_place_it_on_the_plate,demo_0,95,agentview,akita_black_bowl_1,is_behind,cookies_1
pick_up_the_black_bowl_next_to_the_plate_and_place_it_on_the_plate,demo_0,95,agentview,cookies_1,is_in_front_of,akita_black_bowl_1
pick_up_the_black_bowl_next_to_the_plate_and_place_it_on_the_plate,demo_0,95,agentview,akita_black_bowl_1,is_right_of,glazed_rim_porcelain_ramekin_1
pick_up_the_black_bowl_next_to_the_plate_and_place_it_on_the_plate,demo_0,95,agentview,glazed_rim_porcelain_ramekin_1,is_left_of,akita_black_bowl_1
pick_up_the_black_bowl_next_to_the_plate_and_place_it_on_the_plate,demo_0,95,agentview,akita_black_bowl_1,is_behind,plate_1
pick_up_the_black_bowl_next_to_the_plate_and_place_it_on_the_plate,demo_0,100,agentview,akita_black_bowl_1,is_on_top_of,plate_1
pick_up_the_black_bowl_next_to_the_plate_and_place_it_on_the_plate,demo_0,100,agentview,plate_1,is_below_of,akita_black_bowl_1
pick_up_the_black_bowl_next_to_the_plate_and_place_it_on_the_plate,demo_0,100,agentview,akita_black_bowl_1,is_in_front_of,akita_black_bowl_2
pick_up_the_black_bowl_next_to_the_plate_and_place_it_on_the_plate,demo_0,100,agentview,akita_black_bowl_2,is_behind,akita_black_bowl_1
pick_up_the_black_bowl_next_to_the_plate_and_place_it_on_the_plate,demo_0,100,agentview,akita_black_bowl_1,is_in_front_of,glazed_rim_porcelain_ramekin_1
pick_up_the_black_bowl_next_to_the_plate_and_place_it_on_the_plate,demo_0,100,agentview,glazed_rim_porcelain_ramekin_1,is_behind,akita_black_bowl_1
pick_up_the_black_bowl_next_to_the_plate_and_place_it_on_the_plate,demo_0,100,agentview,akita_black_bowl_1,is_left_of,cookies_1
pick_up_the_black_bowl_next_to_the_plate_and_place_it_on_the_plate,demo_0,100,agentview,cookies_1,is_right_of,akita_black_bowl_1
pick_up_the_black_bowl_next_to_the_plate_and_place_it_on_the_plate,demo_0,100,agentview,akita_black_bowl_1,is_in_front_of,flat_stove_1
pick_up_the_black_bowl_next_to_the_plate_and_place_it_on_the_plate,demo_0,100,agentview,flat_stove_1,is_behind,akita_black_bowl_1
pick_up_the_black_bowl_next_to_the_plate_and_place_it_on_the_plate,demo_0,100,agentview,akita_black_bowl_1,is_left_of,wooden_cabinet_1
pick_up_the_black_bowl_next_to_the_plate_and_place_it_on_the_plate,demo_0,100,agentview,wooden_cabinet_1,is_right_of,akita_black_bowl_1
pick_up_the_black_bowl_next_to_the_plate_and_place_it_on_the_plate,demo_0,100,agentview,plate_1,is_in_front_of,akita_black_bowl_2
pick_up_the_black_bowl_next_to_the_plate_and_place_it_on_the_plate,demo_0,100,agentview,akita_black_bowl_2,is_behind,plate_1
pick_up_the_black_bowl_next_to_the_plate_and_place_it_on_the_plate,demo_0,100,agentview,plate_1,is_in_front_of,glazed_rim_porcelain_ramekin_1
pick_up_the_black_bowl_next_to_the_plate_and_place_it_on_the_plate,demo_0,100,agentview,glazed_rim_porcelain_ramekin_1,is_behind,plate_1
pick_up_the_black_bowl_next_to_the_plate_and_place_it_on_the_plate,demo_0,100,agentview,plate_1,is_left_of,cookies_1
pick_up_the_black_bowl_next_to_the_plate_and_place_it_on_the_plate,demo_0,100,agentview,cookies_1,is_right_of,plate_1
pick_up_the_black_bowl_next_to_the_plate_and_place_it_on_the_plate,demo_0,100,agentview,plate_1,is_in_front_of,flat_stove_1
pick_up_the_black_bowl_next_to_the_plate_and_place_it_on_the_plate,demo_0,100,agentview,flat_stove_1,is_behind,plate_1
pick_up_the_black_bowl_next_to_the_plate_and_place_it_on_the_plate,demo_0,100,agentview,plate_1,is_left_of,wooden_cabinet_1
pick_up_the_black_bowl_next_to_the_plate_and_place_it_on_the_plate,demo_0,100,agentview,wooden_cabinet_1,is_right_of,plate_1
pick_up_the_black_bowl_next_to_the_plate_and_place_it_on_the_plate,demo_0,100,agentview,akita_black_bowl_2,is_left_of,glazed_rim_porcelain_ramekin_1
pick_up_the_black_bowl_next_to_the_plate_and_place_it_on_the_plate,demo_0,100,agentview,glazed_rim_porcelain_ramekin_1,is_right_of,akita_black_bowl_2
pick_up_the_black_bowl_next_to_the_plate_and_place_it_on_the_plate,demo_0,100,agentview,akita_black_bowl_2,is_behind,cookies_1
pick_up_the_black_bowl_next_to_the_plate_and_place_it_on_the_plate,demo_0,100,agentview,cookies_1,is_in_front_of,akita_black_bowl_2
pick_up_the_black_bowl_next_to_the_plate_and_place_it_on_the_plate,demo_0,100,agentview,akita_black_bowl_2,is_left_of,flat_stove_1
pick_up_the_black_bowl_next_to_the_plate_and_place_it_on_the_plate,demo_0,100,agentview,flat_stove_1,is_right_of,akita_black_bowl_2
pick_up_the_black_bowl_next_to_the_plate_and_place_it_on_the_plate,demo_0,100,agentview,akita_black_bowl_2,is_left_of,wooden_cabinet_1
pick_up_the_black_bowl_next_to_the_plate_and_place_it_on_the_plate,demo_0,100,agentview,wooden_cabinet_1,is_right_of,akita_black_bowl_2
pick_up_the_black_bowl_next_to_the_plate_and_place_it_on_the_plate,demo_0,100,agentview,glazed_rim_porcelain_ramekin_1,is_behind,cookies_1
pick_up_the_black_bowl_next_to_the_plate_and_place_it_on_the_plate,demo_0,100,agentview,cookies_1,is_in_front_of,glazed_rim_porcelain_ramekin_1
pick_up_the_black_bowl_next_to_the_plate_and_place_it_on_the_plate,demo_0,100,agentview,glazed_rim_porcelain_ramekin_1,is_left_of,flat_stove_1
pick_up_the_black_bowl_next_to_the_plate_and_place_it_on_the_plate,demo_0,100,agentview,flat_stove_1,is_right_of,glazed_rim_porcelain_ramekin_1
pick_up_the_black_bowl_next_to_the_plate_and_place_it_on_the_plate,demo_0,100,agentview,glazed_rim_porcelain_ramekin_1,is_left_of,wooden_cabinet_1
pick_up_the_black_bowl_next_to_the_plate_and_place_it_on_the_plate,demo_0,100,agentview,wooden_cabinet_1,is_right_of,glazed_rim_porcelain_ramekin_1
pick_up_the_black_bowl_next_to_the_plate_and_place_it_on_the_plate,demo_0,100,agentview,cookies_1,is_in_front_of,flat_stove_1
pick_up_the_black_bowl_next_to_the_plate_and_place_it_on_the_plate,demo_0,100,agentview,flat_stove_1,is_behind,cookies_1
pick_up_the_black_bowl_next_to_the_plate_and_place_it_on_the_plate,demo_0,100,agentview,cookies_1,is_left_of,wooden_cabinet_1
pick_up_the_black_bowl_next_to_the_plate_and_place_it_on_the_plate,demo_0,100,agentview,wooden_cabinet_1,is_right_of,cookies_1
pick_up_the_black_bowl_next_to_the_plate_and_place_it_on_the_plate,demo_0,100,agentview,flat_stove_1,is_left_of,wooden_cabinet_1
pick_up_the_black_bowl_next_to_the_plate_and_place_it_on_the_plate,demo_0,100,agentview,wooden_cabinet_1,is_right_of,flat_stove_1
pick_up_the_black_bowl_next_to_the_plate_and_place_it_on_the_plate,demo_0,105,agentview,akita_black_bowl_1,is_left_of,akita_black_bowl_2
pick_up_the_black_bowl_next_to_the_plate_and_place_it_on_the_plate,demo_0,105,agentview,akita_black_bowl_2,is_right_of,akita_black_bowl_1
pick_up_the_black_bowl_next_to_the_plate_and_place_it_on_the_plate,demo_0,105,agentview,akita_black_bowl_1,is_left_of,cookies_1
pick_up_the_black_bowl_next_to_the_plate_and_place_it_on_the_plate,demo_0,105,agentview,cookies_1,is_right_of,akita_black_bowl_1
pick_up_the_black_bowl_next_to_the_plate_and_place_it_on_the_plate,demo_0,105,agentview,akita_black_bowl_1,is_left_of,glazed_rim_porcelain_ramekin_1
pick_up_the_black_bowl_next_to_the_plate_and_place_it_on_the_plate,demo_0,105,agentview,glazed_rim_porcelain_ramekin_1,is_right_of,akita_black_bowl_1
pick_up_the_black_bowl_next_to_the_plate_and_place_it_on_the_plate,demo_0,105,agentview,akita_black_bowl_1,is_left_of,plate_1
pick_up_the_black_bowl_next_to_the_plate_and_place_it_on_the_plate,demo_0,110,agentview,akita_black_bowl_1,is_behind,akita_black_bowl_2
pick_up_the_black_bowl_next_to_the_plate_and_place_it_on_the_plate,demo_0,110,agentview,akita_black_bowl_2,is_in_front_of,akita_black_bowl_1
pick_up_the_black_bowl_next_to_the_plate_and_place_it_on_the_plate,demo_0,110,agentview,akita_black_bowl_1,is_left_of,cookies_1
pick_up_the_black_bowl_next_to_the_plate_and_place_it_on_the_plate,demo_0,110,agentview,cookies_1,is_right_of,akita_black_bowl_1
pick_up_the_black_bowl_next_to_the_plate_and_place_it_on_the_plate,demo_0,110,agentview,akita_black_bowl_1,is_left_of,glazed_rim_porcelain_ramekin_1
pick_up_the_black_bowl_next_to_the_plate_and_place_it_on_the_plate,demo_0,110,agentview,glazed_rim_porcelain_ramekin_1,is_right_of,akita_black_bowl_1
pick_up_the_black_bowl_next_to_the_plate_and_place_it_on_the_plate,demo_0,110,agentview,akita_black_bowl_1,is_behind,plate_1
pick_up_the_black_bowl_next_to_the_plate_and_place_it_on_the_plate,demo_0,110,agentview,plate_1,is_in_front_of,akita_black_bowl_1
pick_up_the_black_bowl_next_to_the_plate_and_place_it_on_the_plate,demo_0,110,agentview,akita_black_bowl_1,is_left_of,wooden_cabinet_1
pick_up_the_black_bowl_next_to_the_plate_and_place_it_on_the_plate,demo_0,110,agentview,wooden_cabinet_1,is_right_of,akita_black_bowl_1
pick_up_the_black_bowl_next_to_the_plate_and_place_it_on_the_plate,demo_0,110,agentview,akita_black_bowl_1,is_left_of,flat_stove_1
pick_up_the_black_bowl_next_to_the_plate_and_place_it_on_the_plate,demo_0,110,agentview,flat_stove_1,is_right_of,akita_black_bowl_1
pick_up_the_black_bowl_next_to_the_plate_and_place_it_on_the_plate,demo_0,110,agentview,akita_black_bowl_2,is_left_of,cookies_1
pick_up_the_black_bowl_next_to_the_plate_and_place_it_on_the_plate,demo_0,110,agentview,cookies_1,is_right_of,akita_black_bowl_2
pick_up_the_black_bowl_next_to_the_plate_and_place_it_on_the_plate,demo_0,110,agentview,akita_black_bowl_2,is_left_of,glazed_rim_porcelain_ramekin_1
pick_up_the_black_bowl_next_to_the_plate_and_place_it_on_the_plate,demo_0,110,agentview,glazed_rim_porcelain_ramekin_1,is_right_of,akita_black_bowl_2
pick_up_the_black_bowl_next_to_the_plate_and_place_it_on_the_plate,demo_0,110,agentview,akita_black_bowl_2,is_on_top_of,plate_1
pick_up_the_black_bowl_next_to_the_plate_and_place_it_on_the_plate,demo_0,110,agentview,plate_1,is_below_of,akita_black_bowl_2
pick_up_the_black_bowl_next_to_the_plate_and_place_it_on_the_plate,demo_0,110,agentview,akita_black_bowl_2,is_left_of,wooden_cabinet_1
pick_up_the_black_bowl_next_to_the_plate_and_place_it_on_the_plate,demo_0,110,agentview,wooden_cabinet_1,is_right_of,akita_black_bowl_2
pick_up_the_black_bowl_next_to_the_plate_and_place_it_on_the_plate,demo_0,110,agentview,akita_black_bowl_2,is_left_of,flat_stove_1
pick_up_the_black_bowl_next_to_the_plate_and_place_it_on_the_plate,demo_0,110,agentview,flat_stove_1,is_right_of,akita_black_bowl_2
pick_up_the_black_bowl_next_to_the_plate_and_place_it_on_the_plate,demo_0,110,agentview,cookies_1,is_in_front_of,glazed_rim_porcelain_ramekin_1
pick_up_the_black_bowl_next_to_the_plate_and_place_it_on_the_plate,demo_0,110,agentview,glazed_rim_porcelain_ramekin_1,is_behind,cookies_1
pick_up_the_black_bowl_next_to_the_plate_and_place_it_on_the_plate,demo_0,110,agentview,cookies_1,is_right_of,plate_1
pick_up_the_black_bowl_next_to_the_plate_and_place_it_on_the_plate,demo_0,110,agentview,plate_1,is_left_of,cookies_1
pick_up_the_black_bowl_next_to_the_plate_and_place_it_on_the_plate,demo_0,110,agentview,cookies_1,is_left_of,wooden_cabinet_1
pick_up_the_black_bowl_next_to_the_plate_and_place_it_on_the_plate,demo_0,110,agentview,wooden_cabinet_1,is_right_of,cookies_1
pick_up_the_black_bowl_next_to_the_plate_and_place_it_on_the_plate,demo_0,110,agentview,cookies_1,is_in_front_of,flat_stove_1
pick_up_the_black_bowl_next_to_the_plate_and_place_it_on_the_plate,demo_0,110,agentview,flat_stove_1,is_behind,cookies_1
pick_up_the_black_bowl_next_to_the_plate_and_place_it_on_the_plate,demo_0,110,agentview,glazed_rim_porcelain_ramekin_1,is_right_of,plate_1
pick_up_the_black_bowl_next_to_the_plate_and_place_it_on_the_plate,demo_0,110,agentview,plate_1,is_left_of,glazed_rim_porcelain_ramekin_1
pick_up_the_black_bowl_next_to_the_plate_and_place_it_on_the_plate,demo_0,110,agentview,glazed_rim_porcelain_ramekin_1,is_left_of,wooden_cabinet_1
pick_up_the_black_bowl_next_to_the_plate_and_place_it_on_the_plate,demo_0,110,agentview,wooden_cabinet_1,is_right_of,glazed_rim_porcelain_ramekin_1
pick_up_the_black_bowl_next_to_the_plate_and_place_it_on_the_plate,demo_0,110,agentview,glazed_rim_porcelain_ramekin_1,is_on_top_of,flat_stove_1
pick_up_the_black_bowl_next_to_the_plate_and_place_it_on_the_plate,demo_0,110,agentview,flat_stove_1,is_below_of,glazed_rim_porcelain_ramekin_1
pick_up_the_black_bowl_next_to_the_plate_and_place_it_on_the_plate,demo_0,110,agentview,plate_1,is_left_of,wooden_cabinet_1
pick_up_the_black_bowl_next_to_the_plate_and_place_it_on_the_plate,demo_0,110,agentview,wooden_cabinet_1,is_right_of,plate_1
pick_up_the_black_bowl_next_to_the_plate_and_place_it_on_the_plate,demo_0,110,agentview,plate_1,is_left_of,flat_stove_1
pick_up_the_black_bowl_next_to_the_plate_and_place_it_on_the_plate,demo_0,110,agentview,flat_stove_1,is_right_of,plate_1
pick_up_the_black_bowl_next_to_the_plate_and_place_it_on_the_plate,demo_0,110,agentview,wooden_cabinet_1,is_right_of,flat_stove_1
pick_up_the_black_bowl_next_to_the_plate_and_place_it_on_the_plate,demo_0,110,agentview,flat_stove_1,is_left_of,wooden_cabinet_1
pick_up_the_black_bowl_next_to_the_plate_and_place_it_on_the_plate,demo_1,0,agentview,akita_black_bowl_1,is_behind,akita_black_bowl_2
pick_up_the_black_bowl_next_to_the_plate_and_place_it_on_the_plate,demo_1,0,agentview,akita_black_bowl_2,is_in_front_of,akita_black_bowl_1
pick_up_the_black_bowl_next_to_the_plate_and_place_it_on_the_plate,demo_1,0,agentview,akita_black_bowl_1,is_left_of,cookies_1
pick_up_the_black_bowl_next_to_the_plate_and_place_it_on_the_plate,demo_1,0,agentview,cookies_1,is_right_of,akita_black_bowl_1
pick_up_the_black_bowl_next_to_the_plate_and_place_it_on_the_plate,demo_1,0,agentview,akita_black_bowl_1,is_left_of,glazed_rim_porcelain_ramekin_1
pick_up_the_black_bowl_next_to_the_plate_and_place_it_on_the_plate,demo_1,0,agentview,glazed_rim_porcelain_ramekin_1,is_right_of,akita_black_bowl_1
pick_up_the_black_bowl_next_to_the_plate_and_place_it_on_the_plate,demo_1,0,agentview,akita_black_bowl_1,is_behind,plate_1
pick_up_the_black_bowl_next_to_the_plate_and_place_it_on_the_plate,demo_1,0,agentview,plate_1,is_in_front_of,akita_black_bowl_1
pick_up_the_black_bowl_next_to_the_plate_and_place_it_on_the_plate,demo_1,0,agentview,akita_black_bowl_1,is_left_of,wooden_cabinet_1
pick_up_the_black_bowl_next_to_the_plate_and_place_it_on_the_plate,demo_1,0,agentview,wooden_cabinet_1,is_right_of,akita_black_bowl_1
pick_up_the_black_bowl_next_to_the_plate_and_place_it_on_the_plate,demo_1,0,agentview,akita_black_bowl_1,is_left_of,flat_stove_1
pick_up_the_black_bowl_next_to_the_plate_and_place_it_on_the_plate,demo_1,0,agentview,flat_stove_1,is_right_of,akita_black_bowl_1
pick_up_the_black_bowl_next_to_the_plate_and_place_it_on_the_plate,demo_1,0,agentview,akita_black_bowl_2,is_left_of,cookies_1
pick_up_the_black_bowl_next_to_the_plate_and_place_it_on_the_plate,demo_1,0,agentview,cookies_1,is_right_of,akita_black_bowl_2
pick_up_the_black_bowl_next_to_the_plate_and_place_it_on_the_plate,demo_1,0,agentview,akita_black_bowl_2,is_left_of,glazed_rim_porcelain_ramekin_1
pick_up_the_black_bowl_next_to_the_plate_and_place_it_on_the_plate,demo_1,0,agentview,glazed_rim_porcelain_ramekin_1,is_right_of,akita_black_bowl_2
pick_up_the_black_bowl_next_to_the_plate_and_place_it_on_the_plate,demo_1,0,agentview,akita_black_bowl_2,is_left_of,plate_1
pick_up_the_black_bowl_next_to_the_plate_and_place_it_on_the_plate,demo_1,0,agentview,plate_1,is_right_of,akita_black_bowl_2
pick_up_the_black_bowl_next_to_the_plate_and_place_it_on_the_plate,demo_1,0,agentview,akita_black_bowl_2,is_left_of,wooden_cabinet_1
pick_up_the_black_bowl_next_to_the_plate_and_place_it_on_the_plate,demo_1,0,agentview,wooden_cabinet_1,is_right_of,akita_black_bowl_2
pick_up_the_black_bowl_next_to_the_plate_and_place_it_on_the_plate,demo_1,0,agentview,akita_black_bowl_2,is_left_of,flat_stove_1
pick_up_the_black_bowl_next_to_the_plate_and_place_it_on_the_plate,demo_1,0,agentview,flat_stove_1,is_right_of,akita_black_bowl_2
pick_up_the_black_bowl_next_to_the_plate_and_place_it_on_the_plate,demo_1,0,agentview,cookies_1,is_in_front_of,glazed_rim_porcelain_ramekin_1
pick_up_the_black_bowl_next_to_the_plate_and_place_it_on_the_plate,demo_1,0,agentview,glazed_rim_porcelain_ramekin_1,is_behind,cookies_1
pick_up_the_black_bowl_next_to_the_plate_and_place_it_on_the_plate,demo_1,0,agentview,cookies_1,is_right_of,plate_1
pick_up_the_black_bowl_next_to_the_plate_and_place_it_on_the_plate,demo_1,0,agentview,plate_1,is_left_of,cookies_1
pick_up_the_black_bowl_next_to_the_plate_and_place_it_on_the_plate,demo_1,0,agentview,cookies_1,is_left_of,wooden_cabinet_1
pick_up_the_black_bowl_next_to_the_plate_and_place_it_on_the_plate,demo_1,0,agentview,wooden_cabinet_1,is_right_of,cookies_1
pick_up_the_black_bowl_next_to_the_plate_and_place_it_on_the_plate,demo_1,0,agentview,cookies_1,is_in_front_of,flat_stove_1
pick_up_the_black_bowl_next_to_the_plate_and_place_it_on_the_plate,demo_1,0,agentview,flat_stove_1,is_behind,cookies_1
pick_up_the_black_bowl_next_to_the_plate_and_place_it_on_the_plate,demo_1,0,agentview,glazed_rim_porcelain_ramekin_1,is_behind,plate_1
pick_up_the_black_bowl_next_to_the_plate_and_place_it_on_the_plate,demo_1,0,agentview,plate_1,is_in_front_of,glazed_rim_porcelain_ramekin_1
pick_up_the_black_bowl_next_to_the_plate_and_place_it_on_the_plate,demo_1,0,agentview,glazed_rim_porcelain_ramekin_1,is_left_of,wooden_cabinet_1
pick_up_the_black_bowl_next_to_the_plate_and_place_it_on_the_plate,demo_1,0,agentview,wooden_cabinet_1,is_right_of,glazed_rim_porcelain_ramekin_1
pick_up_the_black_bowl_next_to_the_plate_and_place_it_on_the_plate,demo_1,0,agentview,glazed_rim_porcelain_ramekin_1,is_left_of,flat_stove_1
pick_up_the_black_bowl_next_to_the_plate_and_place_it_on_the_plate,demo_1,0,agentview,flat_stove_1,is_right_of,glazed_rim_porcelain_ramekin_1
pick_up_the_black_bowl_next_to_the_plate_and_place_it_on_the_plate,demo_1,0,agentview,plate_1,is_left_of,wooden_cabinet_1
pick_up_the_black_bowl_next_to_the_plate_and_place_it_on_the_plate,demo_1,0,agentview,wooden_cabinet_1,is_right_of,plate_1
pick_up_the_black_bowl_next_to_the_plate_and_place_it_on_the_plate,demo_1,0,agentview,plate_1,is_left_of,flat_stove_1
pick_up_the_black_bowl_next_to_the_plate_and_place_it_on_the_plate,demo_1,0,agentview,flat_stove_1,is_right_of,plate_1
pick_up_the_black_bowl_next_to_the_plate_and_place_it_on_the_plate,demo_1,0,agentview,wooden_cabinet_1,is_right_of,flat_stove_1
pick_up_the_black_bowl_next_to_the_plate_and_place_it_on_the_plate,demo_1,0,agentview,flat_stove_1,is_left_of,wooden_cabinet_1
pick_up_the_black_bowl_next_to_the_plate_and_place_it_on_the_plate,demo_1,5,agentview,akita_black_bowl_1,is_behind,akita_black_bowl_2
pick_up_the_black_bowl_next_to_the_plate_and_place_it_on_the_plate,demo_1,5,agentview,akita_black_bowl_2,is_in_front_of,akita_black_bowl_1
pick_up_the_black_bowl_next_to_the_plate_and_place_it_on_the_plate,demo_1,5,agentview,akita_black_bowl_1,is_behind,cookies_1
pick_up_the_black_bowl_next_to_the_plate_and_place_it_on_the_plate,demo_1,5,agentview,cookies_1,is_in_front_of,akita_black_bowl_1
pick_up_the_black_bowl_next_to_the_plate_and_place_it_on_the_plate,demo_1,5,agentview,akita_black_bowl_1,is_left_of,glazed_rim_porcelain_ramekin_1
pick_up_the_black_bowl_next_to_the_plate_and_place_it_on_the_plate,demo_1,5,agentview,glazed_rim_porcelain_ramekin_1,is_right_of,akita_black_bowl_1
pick_up_the_black_bowl_next_to_the_plate_and_place_it_on_the_plate,demo_1,5,agentview,akita_black_bowl_1,is_behind,plate_1
pick_up_the_black_bowl_next_to_the_plate_and_place_it_on_the_plate,demo_1,5,agentview,plate_1,is_in_front_of,akita_black_bowl_1
pick_up_the_black_bowl_next_to_the_plate_and_place_it_on_the_plate,demo_1,5,agentview,akita_black_bowl_1,is_left_of,wooden_cabinet_1
pick_up_the_black_bowl_next_to_the_plate_and_place_it_on_the_plate,demo_1,5,agentview,wooden_cabinet_1,is_right_of,akita_black_bowl_1
pick_up_the_black_bowl_next_to_the_plate_and_place_it_on_the_plate,demo_1,5,agentview,akita_black_bowl_1,is_left_of,flat_stove_1
pick_up_the_black_bowl_next_to_the_plate_and_place_it_on_the_plate,demo_1,5,agentview,flat_stove_1,is_right_of,akita_black_bowl_1
pick_up_the_black_bowl_next_to_the_plate_and_place_it_on_the_plate,demo_1,5,agentview,akita_black_bowl_2,is_left_of,cookies_1
pick_up_the_black_bowl_next_to_the_plate_and_place_it_on_the_plate,demo_1,5,agentview,cookies_1,is_right_of,akita_black_bowl_2
pick_up_the_black_bowl_next_to_the_plate_and_place_it_on_the_plate,demo_1,5,agentview,akita_black_bowl_2,is_in_front_of,glazed_rim_porcelain_ramekin_1
pick_up_the_black_bowl_next_to_the_plate_and_place_it_on_the_plate,demo_1,5,agentview,glazed_rim_porcelain_ramekin_1,is_behind,akita_black_bowl_2
pick_up_the_black_bowl_next_to_the_plate_and_place_it_on_the_plate,demo_1,5,agentview,akita_black_bowl_2,is_left_of,plate_1
pick_up_the_black_bowl_next_to_the_plate_and_place_it_on_the_plate,demo_1,5,agentview,plate_1,is_right_of,akita_black_bowl_2
pick_up_the_black_bowl_next_to_the_plate_and_place_it_on_the_plate,demo_1,5,agentview,akita_black_bowl_2,is_left_of,wooden_cabinet_1
pick_up_the_black_bowl_next_to_the_plate_and_place_it_on_the_plate,demo_1,5,agentview,wooden_cabinet_1,is_right_of,akita_black_bowl_2
pick_up_the_black_bowl_next_to_the_plate_and_place_it_on_the_plate,demo_1,5,agentview,akita_black_bowl_2,is_left_of,flat_stove_1
pick_up_the_black_bowl_next_to_the_plate_and_place_it_on_the_plate,demo_1,5,agentview,flat_stove_1,is_right_of,akita_black_bowl_2
pick_up_the_black_bowl_next_to_the_plate_and_place_it_on_the_plate,demo_1,5,agentview,cookies_1,is_in_front_of,glazed_rim_porcelain_ramekin_1
pick_up_the_black_bowl_next_to_the_plate_and_place_it_on_the_plate,demo_1,5,agentview,glazed_rim_porcelain_ramekin_1,is_behind,cookies_1
pick_up_the_black_bowl_next_to_the_plate_and_place_it_on_the_plate,demo_1,5,agentview,cookies_1,is_right_of,plate_1
pick_up_the_black_bowl_next_to_the_plate_and_place_it_on_the_plate,demo_1,5,agentview,plate_1,is_left_of,cookies_1
pick_up_the_black_bowl_next_to_the_plate_and_place_it_on_the_plate,demo_1,5,agentview,cookies_1,is_left_of,wooden_cabinet_1
pick_up_the_black_bowl_next_to_the_plate_and_place_it_on_the_plate,demo_1,5,agentview,wooden_cabinet_1,is_right_of,cookies_1
pick_up_the_black_bowl_next_to_the_plate_and_place_it_on_the_plate,demo_1,10,agentview,akita_black_bowl_1,is_behind,akita_black_bowl_2
pick_up_the_black_bowl_next_to_the_plate_and_place_it_on_the_plate,demo_1,10,agentview,akita_black_bowl_2,is_in_front_of,akita_black_bowl_1
pick_up_the_black_bowl_next_to_the_plate_and_place_it_on_the_plate,demo_1,10,agentview,akita_black_bowl_1,is_behind,cookies_1
pick_up_the_black_bowl_next_to_the_plate_and_place_it_on_the_plate,demo_1,10,agentview,cookies_1,is_in_front_of,akita_black_bowl_1
pick_up_the_black_bowl_next_to_the_plate_and_place_it_on_the_plate,demo_1,10,agentview,akita_black_bowl_1,is_left_of,glazed_rim_porcelain_ramekin_1
pick_up_the_black_bowl_next_to_the_plate_and_place_it_on_the_plate,demo_1,10,agentview,glazed_rim_porcelain_ramekin_1,is_right_of,akita_black_bowl_1
pick_up_the_black_bowl_next_to_the_plate_and_place_it_on_the_plate,demo_1,10,agentview,akita_black_bowl_1,is_behind,plate_1
pick_up_the_black_bowl_next_to_the_plate_and_place_it_on_the_plate,demo_1,10,agentview,plate_1,is_in_front_of,akita_black_bowl_1
pick_up_the_black_bowl_next_to_the_plate_and_place_it_on_the_plate,demo_1,10,agentview,akita_black_bowl_1,is_left_of,wooden_cabinet_1
pick_up_the_black_bowl_next_to_the_plate_and_place_it_on_the_plate,demo_1,10,agentview,wooden_cabinet_1,is_right_of,akita_black_bowl_1
pick_up_the_black_bowl_next_to_the_plate_and_place_it_on_the_plate,demo_1,10,agentview,akita_black_bowl_1,is_left_of,flat_stove_1
pick_up_the_black_bowl_next_to_the_plate_and_place_it_on_the_plate,demo_1,10,agentview,flat_stove_1,is_right_of,akita_black_bowl_1
pick_up_the_black_bowl_next_to_the_plate_and_place_it_on_the_plate,demo_1,10,agentview,akita_black_bowl_2,is_left_of,cookies_1
pick_up_the_black_bowl_next_to_the_plate_and_place_it_on_the_plate,demo_1,10,agentview,cookies_1,is_right_of,akita_black_bowl_2
pick_up_the_black_bowl_next_to_the_plate_and_place_it_on_the_plate,demo_1,10,agentview,akita_black_bowl_2,is_in_front_of,glazed_rim_porcelain_ramekin_1
pick_up_the_black_bowl_next_to_the_plate_and_place_it_on_the_plate,demo_1,10,agentview,glazed_rim_porcelain_ramekin_1,is_behind,akita_black_bowl_2
pick_up_the_black_bowl_next_to_the_plate_and_place_it_on_the_plate,demo_1,10,agentview,akita_black_bowl_2,is_left_of,plate_1
pick_up_the_black_bowl_next_to_the_plate_and_place_it_on_the_plate,demo_1,10,agentview,plate_1,is_right_of,akita_black_bowl_2
pick_up_the_black_bowl_next_to_the_plate_and_place_it_on_the_plate,demo_1,10,agentview,akita_black_bowl_2,is_left_of,wooden_cabinet_1
pick_up_the_black_bowl_next_to_the_plate_and_place_it_on_the_plate,demo_1,10,agentview,wooden_cabinet_1,is_right_of,akita_black_bowl_2
pick_up_the_black_bowl_next_to_the_plate_and_place_it_on_the_plate,demo_1,10,agentview,akita_black_bowl_2,is_left_of,flat_stove_1
pick_up_the_black_bowl_next_to_the_plate_and_place_it_on_the_plate,demo_1,10,agentview,flat_stove_1,is_right_of,akita_black_bowl_2
pick_up_the_black_bowl_next_to_the_plate_and_place_it_on_the_plate,demo_1,10,agentview,cookies_1,is_in_front_of,glazed_rim_porcelain_ramekin_1
pick_up_the_black_bowl_next_to_the_plate_and_place_it_on_the_plate,demo_1,10,agentview,glazed_rim_porcelain_ramekin_1,is_behind,cookies_1
pick_up_the_black_bowl_next_to_the_plate_and_place_it_on_the_plate,demo_1,10,agentview,cookies_1,is_right_of,plate_1
pick_up_the_black_bowl_next_to_the_plate_and_place_it_on_the_plate,demo_1,10,agentview,plate_1,is_left_of,cookies_1
pick_up_the_black_bowl_next_to_the_plate_and_place_it_on_the_plate,demo_1,10,agentview,cookies_1,is_left_of,wooden_cabinet_1
pick_up_the_black_bowl_next_to_the_plate_and_place_it_on_the_plate,demo_1,10,agentview,wooden_cabinet_1,is_right_of,cookies_1
pick_up_the_black_bowl_next_to_the_plate_and_place_it_on_the_plate,demo_1,10,agentview,cookies_1,is_in_front_of,flat_stove_1
pick_up_the_black_bowl_next_to_the_plate_and_place_it_on_the_plate,demo_1,10,agentview,flat_stove_1,is_behind,cookies_1
pick_up_the_black_bowl_next_to_the_plate_and_place_it_on_the_plate,demo_1,10,agentview,glazed_rim_porcelain_ramekin_1,is_behind,plate_1
pick_up_the_black_bowl_next_to_the_plate_and_place_it_on_the_plate,demo_1,10,agentview,plate_1,is_in_front_of,glazed_rim_porcelain_ramekin_1
pick_up_the_black_bowl_next_to_the_plate_and_place_it_on_the_plate,demo_1,10,agentview,glazed_rim_porcelain_ramekin_1,is_left_of,wooden_cabinet_1
pick_up_the_black_bowl_next_to_the_plate_and_place_it_on_the_plate,demo_1,10,agentview,wooden_cabinet_1,is_right_of,glazed_rim_porcelain_ramekin_1
pick_up_the_black_bowl_next_to_the_plate_and_place_it_on_the_plate,demo_1,10,agentview,glazed_rim_porcelain_ramekin_1,is_left_of,flat_stove_1
pick_up_the_black_bowl_next_to_the_plate_and_place_it_on_the_plate,demo_1,10,agentview,flat_stove_1,is_right_of,glazed_rim_porcelain_ramekin_1
pick_up_the_black_bowl_next_to_the_plate_and_place_it_on_the_plate,demo_1,15,agentview,akita_black_bowl_1,is_behind,akita_black_bowl_2
pick_up_the_black_bowl_next_to_the_plate_and_place_it_on_the_plate,demo_1,15,agentview,akita_black_bowl_2,is_in_front_of,akita_black_bowl_1
pick_up_the_black_bowl_next_to_the_plate_and_place_it_on_the_plate,demo_1,15,agentview,akita_black_bowl_1,is_left_of,cookies_1
pick_up_the_black_bowl_next_to_the_plate_and_place_it_on_the_plate,demo_1,15,agentview,cookies_1,is_right_of,akita_black_bowl_1
pick_up_the_black_bowl_next_to_the_plate_and_place_it_on_the_plate,demo_1,15,agentview,akita_black_bowl_1,is_left_of,glazed_rim_porcelain_ramekin_1
pick_up_the_black_bowl_next_to_the_plate_and_place_it_on_the_plate,demo_1,15,agentview,glazed_rim_porcelain_ramekin_1,is_right_of,akita_black_bowl_1
pick_up_the_black_bowl_next_to_the_plate_and_place_it_on_the_plate,demo_1,15,agentview,akita_black_bowl_1,is_behind,plate_1
pick_up_the_black_bowl_next_to_the_plate_and_place_it_on_the_plate,demo_1,15,agentview,plate_1,is_in_front_of,akita_black_bowl_1
pick_up_the_black_bowl_next_to_the_plate_and_place_it_on_the_plate,demo_1,15,agentview,akita_black_bowl_1,is_left_of,wooden_cabinet_1
pick_up_the_black_bowl_next_to_the_plate_and_place_it_on_the_plate,demo_1,15,agentview,wooden_cabinet_1,is_right_of,akita_black_bowl_1
pick_up_the_black_bowl_next_to_the_plate_and_place_it_on_the_plate,demo_1,15,agentview,akita_black_bowl_1,is_left_of,flat_stove_1
pick_up_the_black_bowl_next_to_the_plate_and_place_it_on_the_plate,demo_1,15,agentview,flat_stove_1,is_right_of,akita_black_bowl_1
pick_up_the_black_bowl_next_to_the_plate_and_place_it_on_the_plate,demo_1,15,agentview,akita_black_bowl_2,is_left_of,cookies_1
pick_up_the_black_bowl_next_to_the_plate_and_place_it_on_the_plate,demo_1,15,agentview,cookies_1,is_right_of,akita_black_bowl_2
pick_up_the_black_bowl_next_to_the_plate_and_place_it_on_the_plate,demo_1,15,agentview,akita_black_bowl_2,is_in_front_of,glazed_rim_porcelain_ramekin_1
pick_up_the_black_bowl_next_to_the_plate_and_place_it_on_the_plate,demo_1,15,agentview,glazed_rim_porcelain_ramekin_1,is_behind,akita_black_bowl_2
pick_up_the_black_bowl_next_to_the_plate_and_place_it_on_the_plate,demo_1,15,agentview,akita_black_bowl_2,is_left_of,plate_1
pick_up_the_black_bowl_next_to_the_plate_and_place_it_on_the_plate,demo_1,15,agentview,plate_1,is_right_of,akita_black_bowl_2
pick_up_the_black_bowl_next_to_the_plate_and_place_it_on_the_plate,demo_1,15,agentview,akita_black_bowl_2,is_left_of,wooden_cabinet_1
pick_up_the_black_bowl_next_to_the_plate_and_place_it_on_the_plate,demo_1,15,agentview,wooden_cabinet_1,is_right_of,akita_black_bowl_2
pick_up_the_black_bowl_next_to_the_plate_and_place_it_on_the_plate,demo_1,15,agentview,akita_black_bowl_2,is_left_of,flat_stove_1
pick_up_the_black_bowl_next_to_the_plate_and_place_it_on_the_plate,demo_1,15,agentview,flat_stove_1,is_right_of,akita_black_bowl_2
pick_up_the_black_bowl_next_to_the_plate_and_place_it_on_the_plate,demo_1,15,agentview,cookies_1,is_in_front_of,glazed_rim_porcelain_ramekin_1
pick_up_the_black_bowl_next_to_the_plate_and_place_it_on_the_plate,demo_1,15,agentview,glazed_rim_porcelain_ramekin_1,is_behind,cookies_1
pick_up_the_black_bowl_next_to_the_plate_and_place_it_on_the_plate,demo_1,15,agentview,cookies_1,is_right_of,plate_1
pick_up_the_black_bowl_next_to_the_plate_and_place_it_on_the_plate,demo_1,15,agentview,plate_1,is_left_of,cookies_1
pick_up_the_black_bowl_next_to_the_plate_and_place_it_on_the_plate,demo_1,15,agentview,cookies_1,is_left_of,wooden_cabinet_1
pick_up_the_black_bowl_next_to_the_plate_and_place_it_on_the_plate,demo_1,15,agentview,wooden_cabinet_1,is_right_of,cookies_1
pick_up_the_black_bowl_next_to_the_plate_and_place_it_on_the_plate,demo_1,15,agentview,cookies_1,is_in_front_of,flat_stove_1
pick_up_the_black_bowl_next_to_the_plate_and_place_it_on_the_plate,demo_1,15,agentview,flat_stove_1,is_behind,cookies_1
pick_up_the_black_bowl_next_to_the_plate_and_place_it_on_the_plate,demo_1,15,agentview,glazed_rim_porcelain_ramekin_1,is_behind,plate_1
pick_up_the_black_bowl_next_to_the_plate_and_place_it_on_the_plate,demo_1,15,agentview,plate_1,is_in_front_of,glazed_rim_porcelain_ramekin_1
pick_up_the_black_bowl_next_to_the_plate_and_place_it_on_the_plate,demo_1,15,agentview,glazed_rim_porcelain_ramekin_1,is_left_of,wooden_cabinet_1
pick_up_the_black_bowl_next_to_the_plate_and_place_it_on_the_plate,demo_1,15,agentview,wooden_cabinet_1,is_right_of,glazed_rim_porcelain_ramekin_1
pick_up_the_black_bowl_next_to_the_plate_and_place_it_on_the_plate,demo_1,15,agentview,glazed_rim_porcelain_ramekin_1,is_left_of,flat_stove_1
pick_up_the_black_bowl_next_to_the_plate_and_place_it_on_the_plate,demo_1,15,agentview,flat_stove_1,is_right_of,glazed_rim_porcelain_ramekin_1
pick_up_the_black_bowl_next_to_the_plate_and_place_it_on_the_plate,demo_1,15,agentview,plate_1,is_left_of,wooden_cabinet_1
pick_up_the_black_bowl_next_to_the_plate_and_place_it_on_the_plate,demo_1,15,agentview,wooden_cabinet_1,is_right_of,plate_1
pick_up_the_black_bowl_next_to_the_plate_and_place_it_on_the_plate,demo_1,15,agentview,plate_1,is_left_of,flat_stove_1
pick_up_the_black_bowl_next_to_the_plate_and_place_it_on_the_plate,demo_1,15,agentview,flat_stove_1,is_right_of,plate_1
pick_up_the_black_bowl_next_to_the_plate_and_place_it_on_the_plate,demo_1,15,agentview,wooden_cabinet_1,is_in_front_of,flat_stove_1
pick_up_the_black_bowl_next_to_the_plate_and_place_it_on_the_plate,demo_1,15,agentview,flat_stove_1,is_behind,wooden_cabinet_1
pick_up_the_black_bowl_next_to_the_plate_and_place_it_on_the_plate,demo_1,20,agentview,akita_black_bowl_1,is_behind,akita_black_bowl_2
pick_up_the_black_bowl_next_to_the_plate_and_place_it_on_the_plate,demo_1,20,agentview,akita_black_bowl_2,is_in_front_of,akita_black_bowl_1
pick_up_the_black_bowl_next_to_the_plate_and_place_it_on_the_plate,demo_1,20,agentview,akita_black_bowl_1,is_left_of,cookies_1
pick_up_the_black_bowl_next_to_the_plate_and_place_it_on_the_plate,demo_1,20,agentview,cookies_1,is_right_of,akita_black_bowl_1
pick_up_the_black_bowl_next_to_the_plate_and_place_it_on_the_plate,demo_1,20,agentview,akita_black_bowl_1,is_left_of,glazed_rim_porcelain_ramekin_1
pick_up_the_black_bowl_next_to_the_plate_and_place_it_on_the_plate,demo_1,20,agentview,glazed_rim_porcelain_ramekin_1,is_right_of,akita_black_bowl_1
pick_up_the_black_bowl_next_to_the_plate_and_place_it_on_the_plate,demo_1,20,agentview,akita_black_bowl_1,is_behind,plate_1
pick_up_the_black_bowl_next_to_the_plate_and_place_it_on_the_plate,demo_1,20,agentview,plate_1,is_in_front_of,akita_black_bowl_1
pick_up_the_black_bowl_next_to_the_plate_and_place_it_on_the_plate,demo_1,20,agentview,akita_black_bowl_1,is_left_of,wooden_cabinet_1
pick_up_the_black_bowl_next_to_the_plate_and_place_it_on_the_plate,demo_1,20,agentview,wooden_cabinet_1,is_right_of,akita_black_bowl_1
pick_up_the_black_bowl_next_to_the_plate_and_place_it_on_the_plate,demo_1,20,agentview,akita_black_bowl_1,is_left_of,flat_stove_1
pick_up_the_black_bowl_next_to_the_plate_and_place_it_on_the_plate,demo_1,20,agentview,flat_stove_1,is_right_of,akita_black_bowl_1
pick_up_the_black_bowl_next_to_the_plate_and_place_it_on_the_plate,demo_1,20,agentview,akita_black_bowl_2,is_left_of,cookies_1
pick_up_the_black_bowl_next_to_the_plate_and_place_it_on_the_plate,demo_1,20,agentview,cookies_1,is_right_of,akita_black_bowl_2
pick_up_the_black_bowl_next_to_the_plate_and_place_it_on_the_plate,demo_1,20,agentview,akita_black_bowl_2,is_in_front_of,glazed_rim_porcelain_ramekin_1
pick_up_the_black_bowl_next_to_the_plate_and_place_it_on_the_plate,demo_1,20,agentview,glazed_rim_porcelain_ramekin_1,is_behind,akita_black_bowl_2
pick_up_the_black_bowl_next_to_the_plate_and_place_it_on_the_plate,demo_1,20,agentview,akita_black_bowl_2,is_left_of,plate_1
pick_up_the_black_bowl_next_to_the_plate_and_place_it_on_the_plate,demo_1,20,agentview,plate_1,is_right_of,akita_black_bowl_2
pick_up_the_black_bowl_next_to_the_plate_and_place_it_on_the_plate,demo_1,20,agentview,akita_black_bowl_2,is_left_of,wooden_cabinet_1
pick_up_the_black_bowl_next_to_the_plate_and_place_it_on_the_plate,demo_1,20,agentview,wooden_cabinet_1,is_right_of,akita_black_bowl_2
pick_up_the_black_bowl_next_to_the_plate_and_place_it_on_the_plate,demo_1,20,agentview,akita_black_bowl_2,is_left_of,flat_stove_1
pick_up_the_black_bowl_next_to_the_plate_and_place_it_on_the_plate,demo_1,20,agentview,flat_stove_1,is_right_of,akita_black_bowl_2
pick_up_the_black_bowl_next_to_the_plate_and_place_it_on_the_plate,demo_1,20,agentview,cookies_1,is_in_front_of,glazed_rim_porcelain_ramekin_1
pick_up_the_black_bowl_next_to_the_plate_and_place_it_on_the_plate,demo_1,20,agentview,glazed_rim_porcelain_ramekin_1,is_behind,cookies_1
pick_up_the_black_bowl_next_to_the_plate_and_place_it_on_the_plate,demo_1,20,agentview,cookies_1,is_right_of,plate_1
pick_up_the_black_bowl_next_to_the_plate_and_place_it_on_the_plate,demo_1,20,agentview,plate_1,is_left_of,cookies_1
pick_up_the_black_bowl_next_to_the_plate_and_place_it_on_the_plate,demo_1,20,agentview,cookies_1,is_left_of,wooden_cabinet_1
pick_up_the_black_bowl_next_to_the_plate_and_place_it_on_the_plate,demo_1,20,agentview,wooden_cabinet_1,is_right_of,cookies_1
pick_up_the_black_bowl_next_to_the_plate_and_place_it_on_the_plate,demo_1,20,agentview,cookies_1,is_left_of,flat_stove_1
pick_up_the_black_bowl_next_to_the_plate_and_place_it_on_the_plate,demo_1,20,agentview,flat_stove_1,is_right_of,cookies_1
pick_up_the_black_bowl_next_to_the_plate_and_place_it_on_the_plate,demo_1,20,agentview,glazed_rim_porcelain_ramekin_1,is_behind,plate_1
pick_up_the_black_bowl_next_to_the_plate_and_place_it_on_the_plate,demo_1,20,agentview,plate_1,is_in_front_of,glazed_rim_porcelain_ramekin_1
pick_up_the_black_bowl_next_to_the_plate_and_place_it_on_the_plate,demo_1,20,agentview,glazed_rim_porcelain_ramekin_1,is_left_of,wooden_cabinet_1
pick_up_the_black_bowl_next_to_the_plate_and_place_it_on_the_plate,demo_1,20,agentview,wooden_cabinet_1,is_right_of,glazed_rim_porcelain_ramekin_1
pick_up_the_black_bowl_next_to_the_plate_and_place_it_on_the_plate,demo_1,20,agentview,glazed_rim_porcelain_ramekin_1,is_left_of,flat_stove_1
pick_up_the_black_bowl_next_to_the_plate_and_place_it_on_the_plate,demo_1,20,agentview,flat_stove_1,is_right_of,glazed_rim_porcelain_ramekin_1
pick_up_the_black_bowl_next_to_the_plate_and_place_it_on_the_plate,demo_1,20,agentview,plate_1,is_left_of,wooden_cabinet_1
pick_up_the_black_bowl_next_to_the_plate_and_place_it_on_the_plate,demo_1,20,agentview,wooden_cabinet_1,is_right_of,plate_1
pick_up_the_black_bowl_next_to_the_plate_and_place_it_on_the_plate,demo_1,20,agentview,plate_1,is_left_of,flat_stove_1
pick_up_the_black_bowl_next_to_the_plate_and_place_it_on_the_plate,demo_1,20,agentview,flat_stove_1,is_right_of,plate_1
pick_up_the_black_bowl_next_to_the_plate_and_place_it_on_the_plate,demo_1,20,agentview,wooden_cabinet_1,is_right_of,flat_stove_1
pick_up_the_black_bowl_next_to_the_plate_and_place_it_on_the_plate,demo_1,20,agentview,flat_stove_1,is_left_of,wooden_cabinet_1
pick_up_the_black_bowl_next_to_the_plate_and_place_it_on_the_plate,demo_1,25,agentview,akita_black_bowl_1,is_in_front_of,akita_black_bowl_2
pick_up_the_black_bowl_next_to_the_plate_and_place_it_on_the_plate,demo_1,25,agentview,akita_black_bowl_2,is_behind,akita_black_bowl_1
pick_up_the_black_bowl_next_to_the_plate_and_place_it_on_the_plate,demo_1,25,agentview,akita_black_bowl_1,is_left_of,cookies_1
pick_up_the_black_bowl_next_to_the_plate_and_place_it_on_the_plate,demo_1,25,agentview,cookies_1,is_right_of,akita_black_bowl_1
pick_up_the_black_bowl_next_to_the_plate_and_place_it_on_the_plate,demo_1,25,agentview,akita_black_bowl_1,is_in_front_of,glazed_rim_porcelain_ramekin_1
pick_up_the_black_bowl_next_to_the_plate_and_place_it_on_the_plate,demo_1,25,agentview,glazed_rim_porcelain_ramekin_1,is_behind,akita_black_bowl_1
pick_up_the_black_bowl_next_to_the_plate_and_place_it_on_the_plate,demo_1,25,agentview,akita_black_bowl_1,is_left_of,plate_1
pick_up_the_black_bowl_next_to_the_plate_and_place_it_on_the_plate,demo_1,25,agentview,plate_1,is_right_of,akita_black_bowl_1
pick_up_the_black_bowl_next_to_the_plate_and_place_it_on_the_plate,demo_1,25,agentview,akita_black_bowl_1,is_left_of,wooden_cabinet_1
pick_up_the_black_bowl_next_to_the_plate_and_place_it_on_the_plate,demo_1,25,agentview,wooden_cabinet_1,is_right_of,akita_black_bowl_1
pick_up_the_black_bowl_next_to_the_plate_and_place_it_on_the_plate,demo_1,25,agentview,akita_black_bowl_1,is_left_of,flat_stove_1
pick_up_the_black_bowl_next_to_the_plate_and_place_it_on_the_plate,demo_1,25,agentview,flat_stove_1,is_right_of,akita_black_bowl_1
pick_up_the_black_bowl_next_to_the_plate_and_place_it_on_the_plate,demo_1,25,agentview,akita_black_bowl_2,is_behind,cookies_1
pick_up_the_black_bowl_next_to_the_plate_and_place_it_on_the_plate,demo_1,25,agentview,cookies_1,is_in_front_of,akita_black_bowl_2
pick_up_the_black_bowl_next_to_the_plate_and_place_it_on_the_plate,demo_1,25,agentview,akita_black_bowl_2,is_left_of,glazed_rim_porcelain_ramekin_1
pick_up_the_black_bowl_next_to_the_plate_and_place_it_on_the_plate,demo_1,25,agentview,glazed_rim_porcelain_ramekin_1,is_right_of,akita_black_bowl_2
pick_up_the_black_bowl_next_to_the_plate_and_place_it_on_the_plate,demo_1,25,agentview,akita_black_bowl_2,is_behind,plate_1
pick_up_the_black_bowl_next_to_the_plate_and_place_it_on_the_plate,demo_1,25,agentview,plate_1,is_in_front_of,akita_black_bowl_2
pick_up_the_black_bowl_next_to_the_plate_and_place_it_on_the_plate,demo_1,25,agentview,akita_black_bowl_2,is_left_of,wooden_cabinet_1
pick_up_the_black_bowl_next_to_the_plate_and_place_it_on_the_plate,demo_1,25,agentview,wooden_cabinet_1,is_right_of,akita_black_bowl_2
pick_up_the_black_bowl_next_to_the_plate_and_place_it_on_the_plate,demo_1,25,agentview,akita_black_bowl_2,is_left_of,flat_stove_1
pick_up_the_black_bowl_next_to_the_plate_and_place_it_on_the_plate,demo_1,25,agentview,flat_stove_1,is_right_of,akita_black_bowl_2
pick_up_the_black_bowl_next_to_the_plate_and_place_it_on_the_plate,demo_1,25,agentview,cookies_1,is_in_front_of,glazed_rim_porcelain_ramekin_1
pick_up_the_black_bowl_next_to_the_plate_and_place_it_on_the_plate,demo_1,25,agentview,glazed_rim_porcelain_ramekin_1,is_behind,cookies_1
pick_up_the_black_bowl_next_to_the_plate_and_place_it_on_the_plate,demo_1,25,agentview,cookies_1,is_right_of,plate_1
pick_up_the_black_bowl_next_to_the_plate_and_place_it_on_the_plate,demo_1,25,agentview,plate_1,is_left_of,cookies_1
pick_up_the_black_bowl_next_to_the_plate_and_place_it_on_the_plate,demo_1,25,agentview,cookies_1,is_left_of,wooden_cabinet_1
pick_up_the_black_bowl_next_to_the_plate_and_place_it_on_the_plate,demo_1,25,agentview,wooden_cabinet_1,is_right_of,cookies_1
pick_up_the_black_bowl_next_to_the_plate_and_place_it_on_the_plate,demo_1,25,agentview,cookies_1,is_in_front_of,flat_stove_1
pick_up_the_black_bowl_next_to_the_plate_and_place_it_on_the_plate,demo_1,25,agentview,flat_stove_1,is_behind,cookies_1
pick_up_the_black_bowl_next_to_the_plate_and_place_it_on_the_plate,demo_1,25,agentview,glazed_rim_porcelain_ramekin_1,is_behind,plate_1
pick_up_the_black_bowl_next_to_the_plate_and_place_it_on_the_plate,demo_1,25,agentview,plate_1,is_in_front_of,glazed_rim_porcelain_ramekin_1
pick_up_the_black_bowl_next_to_the_plate_and_place_it_on_the_plate,demo_1,25,agentview,glazed_rim_porcelain_ramekin_1,is_left_of,wooden_cabinet_1
pick_up_the_black_bowl_next_to_the_plate_and_place_it_on_the_plate,demo_1,30,agentview,akita_black_bowl_1,is_on_top_of,flat_stove_1
pick_up_the_black_bowl_next_to_the_plate_and_place_it_on_the_plate,demo_1,30,agentview,flat_stove_1,is_below_of,akita_black_bowl_1
pick_up_the_black_bowl_next_to_the_plate_and_place_it_on_the_plate,demo_1,30,agentview,akita_black_bowl_1,is_behind,cookies_1
pick_up_the_black_bowl_next_to_the_plate_and_place_it_on_the_plate,demo_1,30,agentview,cookies_1,is_in_front_of,akita_black_bowl_1
pick_up_the_black_bowl_next_to_the_plate_and_place_it_on_the_plate,demo_1,30,agentview,akita_black_bowl_1,is_left_of,wooden_cabinet_1
pick_up_the_black_bowl_next_to_the_plate_and_place_it_on_the_plate,demo_1,30,agentview,wooden_cabinet_1,is_right_of,akita_black_bowl_1
pick_up_the_black_bowl_next_to_the_plate_and_place_it_on_the_plate,demo_1,30,agentview,akita_black_bowl_1,is_right_of,plate_1
pick_up_the_black_bowl_next_to_the_plate_and_place_it_on_the_plate,demo_1,30,agentview,plate_1,is_left_of,akita_black_bowl_1
pick_up_the_black_bowl_next_to_the_plate_and_place_it_on_the_plate,demo_1,35,agentview,akita_black_bowl_1,is_behind,plate_1
pick_up_the_black_bowl_next_to_the_plate_and_place_it_on_the_plate,demo_1,35,agentview,plate_1,is_in_front_of,akita_black_bowl_1
pick_up_the_black_bowl_next_to_the_plate_and_place_it_on_the_plate,demo_1,35,agentview,akita_black_bowl_1,is_left_of,cookies_1
pick_up_the_black_bowl_next_to_the_plate_and_place_it_on_the_plate,demo_1,35,agentview,cookies_1,is_right_of,akita_black_bowl_1
pick_up_the_black_bowl_next_to_the_plate_and_place_it_on_the_plate,demo_1,35,agentview,akita_black_bowl_1,is_left_of,flat_stove_1
pick_up_the_black_bowl_next_to_the_plate_and_place_it_on_the_plate,demo_1,35,agentview,flat_stove_1,is_right_of,akita_black_bowl_1
pick_up_the_black_bowl_next_to_the_plate_and_place_it_on_the_plate,demo_1,35,agentview,akita_black_bowl_1,is_left_of,akita_black_bowl_2
pick_up_the_black_bowl_next_to_the_plate_and_place_it_on_the_plate,demo_1,35,agentview,akita_black_bowl_2,is_right_of,akita_black_bowl
pick_up_the_black_bowl_next_to_the_plate_and_place_it_on_the_plate,demo_1,40,agentview,akita_black_bowl_1,is_left_of,akita_black_bowl_2
pick_up_the_black_bowl_next_to_the_plate_and_place_it_on_the_plate,demo_1,40,agentview,akita_black_bowl_2,is_right_of,akita_black_bowl_1
pick_up_the_black_bowl_next_to_the_plate_and_place_it_on_the_plate,demo_1,40,agentview,akita_black_bowl_1,is_left_of,cookies_1
pick_up_the_black_bowl_next_to_the_plate_and_place_it_on_the_plate,demo_1,40,agentview,cookies_1,is_right_of,akita_black_bowl_1
pick_up_the_black_bowl_next_to_the_plate_and_place_it_on_the_plate,demo_1,40,agentview,akita_black_bowl_1,contains,glazed_rim_porcelain_ramekin_1
pick_up_the_black_bowl_next_to_the_plate_and_place_it_on_the_plate,demo_1,40,agentview,glazed_rim_porcelain_ramekin_1,is_inside,akita_black_bowl_1
pick_up_the_black_bowl_next_to_the_plate_and_place_it_on_the_plate,demo_1,40,agentview,akita_black_bowl_1,is_behind,plate_1
pick_up_the_black_bowl_next_to_the_plate_and_place_it_on_the_plate,demo_1,40,agentview,plate_1,is_in_front_of,akita_black_bowl_1
pick_up_the_black_bowl_next_to_the_plate_and_place_it_on_the_plate,demo_1,40,agentview,akita_black_bowl_1,is_left_of,wooden_cabinet_1
pick_up_the_black_bowl_next_to_the_plate_and_place_it_on_the_plate,demo_1,40,agentview,wooden_cabinet_1,is_right_of,akita_black_bowl_1
pick_up_the_black_bowl_next_to_the_plate_and_place_it_on_the_plate,demo_1,40,agentview,akita_black_bowl_1,is_left_of,flat_stove_1
pick_up_the_black_bowl_next_to_the_plate_and_place_it_on_the_plate,demo_1,40,agentview,flat_stove_1,is_right_of,akita_black_bowl_1
pick_up_the_black_bowl_next_to_the_plate_and_place_it_on_the_plate,demo_1,40,agentview,akita_black_bowl_2,is_behind,cookies_1
pick_up_the_black_bowl_next_to_the_plate_and_place_it_on_the_plate,demo_1,40,agentview,cookies_1,is_in_front_of,akita_black_bowl_2
pick_up_the_black_bowl_next_to_the_plate_and_place_it_on_the_plate,demo_1,40,agentview,akita_black_bowl_2,is_right_of,glazed_rim_porcelain_ramekin_1
pick_up_the_black_bowl_next_to_the_plate_and_place_it_on_the_plate,demo_1,40,agentview,glazed_rim_porcelain_ramekin_1,is_left_of,akita_black_bowl_2
pick_up_the_black_bowl_next_to_the_plate_and_place_it_on_the_plate,demo_1,40,agentview,akita_black_bowl_2,is_right_of,plate_1
pick_up_the_black_bowl_next_to_the_plate_and_place_it_on_the_plate,demo_1,40,agentview,plate_1,is_left_of,akita_black_bowl_2
pick_up_the_black_bowl_next_to_the_plate_and_place_it_on_the_plate,demo_1,40,agentview,akita_black_bowl_2,is_left_of,wooden_cabinet_1
pick_up_the_black_bowl_next_to_the_plate_and_place_it_on_the_plate,demo_1,40,agentview,wooden_cabinet_1,is_right_of,akita_black_bowl_2
pick_up_the_black_bowl_next_to_the_plate_and_place_it_on_the_plate,demo_1,40,agentview,akita_black_bowl_2,is_on_top_of,flat_stove_1
pick_up_the_black_bowl_next_to_the_plate_and_place_it_on_the_plate,demo_1,40,agentview,flat_stove_1,is_below_of,akita_black_bowl_2
pick_up_the_black_bowl_next_to_the_plate_and_place_it_on_the_plate,demo_1,40,agentview,cookies_1,is_right_of,glazed_rim_porcelain_ramekin_1
pick_up_the_black_bowl_next_to_the_plate_and_place_it_on_the_plate,demo_1,40,agentview,glazed_rim_porcelain_ramekin_1,is_left_of,cookies_1
pick_up_the_black_bowl_next_to_the_plate_and_place_it_on_the_plate,demo_1,40,agentview,cookies_1,is_right_of,plate_1
pick_up_the_black_bowl_next_to_the_plate_and_place_it_on_the_plate,demo_1,40,agentview,plate_1,is_left_of,cookies_1
pick_up_the_black_bowl_next_to_the_plate_and_place_it_on_the_plate,demo_1,40,agentview,cookies_1,is_left_of,wooden_cabinet_1
pick_up_the_black_bowl_next_to_the_plate_and_place_it_on_the_plate,demo_1,40,agentview,wooden_cabinet_1,is_right_of,cookies_1
pick_up_the_black_bowl_next_to_the_plate_and_place_it_on_the_plate,demo_1,40,agentview,cookies_1,is_in_front_of,flat_stove_1
pick_up_the_black_bowl_next_to_the_plate_and_place_it_on_the_plate,demo_1,40,agentview,flat_stove_1,is_behind,cookies_1
pick_up_the_black_bowl_next_to_the_plate_and_place_it_on_the_plate,demo_1,40,agentview,glazed_rim_porcelain_ramekin_1,is_behind,plate_1
pick_up_the_black_bowl_next_to_the_plate_and_place_it_on_the_plate,demo_1,40,agentview,plate_1,is_in_front_of,glazed_rim_porcelain_ramekin_1
pick_up_the_black_bowl_next_to_the_plate_and_place_it_on_the_plate,demo_1,40,agentview,glazed_rim_porcelain_ramekin_1,is_left_of,wooden_cabinet_1
pick_up_the_black_bowl_next_to_the_plate_and_place_it_on_the_plate,demo_1,40,agentview,wooden_cabinet_1,is_right_of,glazed_rim_porcelain_ramekin_1
pick_up_the_black_bowl_next_to_the_plate_and_place_it_on_the_plate,demo_1,40,agentview,glazed_rim_porcelain_ramekin_1,is_left_of,flat_stove_1
pick_up_the_black_bowl_next_to_the_plate_and_place_it_on_the_plate,demo_1,40,agentview,flat_stove_1,is_right_of,glazed_rim_porcelain_ramekin_1
pick_up_the_black_bowl_next_to_the_plate_and_place_it_on_the_plate,demo_1,40,agentview,plate_1,is_left_of,wooden_cabinet_1
pick_up_the_black_bowl_next_to_the_plate_and_place_it_on_the_plate,demo_1,40,agentview,wooden_cabinet_1,is_right_of,plate_1
pick_up_the_black_bowl_next_to_the_plate_and_place_it_on_the_plate,demo_1,40,agentview,plate_1,is_left_of,flat_stove_1
pick_up_the_black_bowl_next_to_the_plate_and_place_it_on_the_plate,demo_1,40,agentview,flat_stove_1,is_right_of,plate_1
pick_up_the_black_bowl_next_to_the_plate_and_place_it_on_the_plate,demo_1,40,agentview,wooden_cabinet_1,is_right_of,flat_stove_1
pick_up_the_black_bowl_next_to_the_plate_and_place_it_on_the_plate,demo_1,40,agentview,flat_stove_1,is_left_of,wooden_cabinet_1
pick_up_the_black_bowl_next_to_the_plate_and_place_it_on_the_plate,demo_1,45,agentview,akita_black_bowl_1,is_left_of,akita_black_bowl_2
pick_up_the_black_bowl_next_to_the_plate_and_place_it_on_the_plate,demo_1,45,agentview,akita_black_bowl_2,is_right_of,akita_black_bowl_1
pick_up_the_black_bowl_next_to_the_plate_and_place_it_on_the_plate,demo_1,45,agentview,akita_black_bowl_1,is_left_of,cookies_1
pick_up_the_black_bowl_next_to_the_plate_and_place_it_on_the_plate,demo_1,45,agentview,cookies_1,is_right_of,akita_black_bowl_1
pick_up_the_black_bowl_next_to_the_plate_and_place_it_on_the_plate,demo_1,45,agentview,akita_black_bowl_1,is_left_of,glazed_rim_porcelain_ramekin_1
pick_up_the_black_bowl_next_to_the_plate_and_place_it_on_the_plate,demo_1,45,agentview,glazed_rim_porcelain_ramekin_1,is_right_of,akita_black_bowl_1
pick_up_the_black_bowl_next_to_the_plate_and_place_it_on_the_plate,demo_1,45,agentview,akita_black_bowl_1,is_left_of,plate_1
pick_up_the_black_bowl_next_to_the_plate_and_place_it_on_the_plate,demo_1,45,agentview,plate_1,is_right_of,akita_black_bowl_1
pick_up_the_black_bowl_next_to_the_plate_and_place_it_on_the_plate,demo_1,45,agentview,akita_black_bowl_1,is_left_of,wooden_cabinet_1
pick_up_the_black_bowl_next_to_the_plate_and_place_it_on_the_plate,demo_1,45,agentview,wooden_cabinet_1,is_right_of,akita_black_bowl_1
pick_up_the_black_bowl_next_to_the_plate_and_place_it_on_the_plate,demo_1,45,agentview,akita_black_bowl_1,is_left_of,flat_stove_1
pick_up_the_black_bowl_next_to_the_plate_and_place_it_on_the_plate,demo_1,45,agentview,flat_stove_1,is_right_of,akita_black_bowl_1
pick_up_the_black_bowl_next_to_the_plate_and_place_it_on_the_plate,demo_1,45,agentview,akita_black_bowl_2,is_behind,cookies_1
pick_up_the_black_bowl_next_to_the_plate_and_place_it_on_the_plate,demo_1,45,agentview,cookies_1,is_in_front_of,akita_black_bowl_2
pick_up_the_black_bowl_next_to_the_plate_and_place_it_on_the_plate,demo_1,45,agentview,akita_black_bowl_2,is_right_of,glazed_rim_porcelain_ramekin_1
pick_up_the_black_bowl_next_to_the_plate_and_place_it_on_the_plate,demo_1,45,agentview,glazed_rim_porcelain_ramekin_1,is_left_of,akita_black_bowl_2
pick_up_the_black_bowl_next_to_the_plate_and_place_it_on_the_plate,demo_1,45,agentview,akita_black_bowl_2,is_right_of,plate_1
pick_up_the_black_bowl_next_to_the_plate_and_place_it_on_the_plate,demo_1,45,agentview,plate_1,is_left_of,akita_black_bowl_2
pick_up_the_black_bowl_next_to_the_plate_and_place_it_on_the_plate,demo_1,45,agentview,akita_black_bowl_2,is_left_of,wooden_cabinet_1
pick_up_the_black_bowl_next_to_the_plate_and_place_it_on_the_plate,demo_1,45,agentview,wooden_cabinet_1,is_right_of,akita_black_bowl_2
pick_up_the_black_bowl_next_to_the_plate_and_place_it_on_the_plate,demo_1,45,agentview,akita_black_bowl_2,is_on_top_of,flat_stove_1
pick_up_the_black_bowl_next_to_the_plate_and_place_it_on_the_plate,demo_1,45,agentview,flat_stove_1,is_below_of,akita_black_bowl_2
pick_up_the_black_bowl_next_to_the_plate_and_place_it_on_the_plate,demo_1,45,agentview,cookies_1,is_in_front_of,glazed_rim_porcelain_ramekin_1
pick_up_the_black_bowl_next_to_the_plate_and_place_it_on_the_plate,demo_1,45,agentview,glazed_rim_porcelain_ramekin_1,is_behind,cookies_1
pick_up_the_black_bowl_next_to_the_plate_and_place_it_on_the_plate,demo_1,45,agentview,cookies_1,is_right_of,plate_1
pick_up_the_black_bowl_next_to_the_plate_and_place_it_on_the_plate,demo_1,45,agentview,plate_1,is_left_of,cookies_1
pick_up_the_black_bowl_next_to_the_plate_and_place_it_on_the_plate,demo_1,45,agentview,cookies_1,is_left_of,wooden_cabinet_1
pick_up_the_black_bowl_next_to_the_plate_and_place_it_on_the_plate,demo_1,45,agentview,wooden_cabinet_1,is_right_of,cookies_1
pick_up_the_black_bowl_next_to_the_plate_and_place_it_on_the_plate,demo_1,45,agentview,cookies_1,is_in_front_of,flat_stove_1
pick_up_the_black_bowl_next_to_the_plate_and_place_it_on_the_plate,demo_1,45,agentview,flat_stove_1,is_behind,cookies_1
pick_up_the_black_bowl_next_to_the_plate_and_place_it_on_the_plate,demo_1,45,agentview,glazed_rim_porcelain_ramekin_1,is_behind,plate_1
pick_up_the_black_bowl_next_to_the_plate_and_place_it_on_the_plate,demo_1,45,agentview,plate_1,is_in_front_of,glazed_rim_porcelain_ramekin_1
pick_up_the_black_bowl_next_to_the_plate_and_place_it_on_the_plate,demo_1,45,agentview,glazed_rim_porcelain_ramekin_1,is_left_of,wooden_cabinet_1
pick_up_the_black_bowl_next_to_the_plate_and_place_it_on_the_plate,demo_1,45,agentview,wooden_cabinet_1,is_right_of,glazed_rim_porcelain_ramekin_1
pick_up_the_black_bowl_next_to_the_plate_and_place_it_on_the_plate,demo_1,45,agentview,glazed_rim_porcelain_ramekin_1,is_left_of,flat_stove_1
pick_up_the_black_bowl_next_to_the_plate_and_place_it_on_the_plate,demo_1,45,agentview,flat_stove_1,is_right_of,glazed_rim_porcelain_ramekin_1
pick_up_the_black_bowl_next_to_the_plate_and_place_it_on_the_plate,demo_1,45,agentview,plate_1,is_left_of,wooden_cabinet_1
pick_up_the_black_bowl_next_to_the_plate_and_place_it_on_the_plate,demo_1,45,agentview,wooden_cabinet_1,is_right_of,plate_1
pick_up_the_black_bowl_next_to_the_plate_and_place_it_on_the_plate,demo_1,45,agentview,plate_1,is_left_of,flat_stove_1
pick_up_the_black_bowl_next_to_the_plate_and_place_it_on_the_plate,demo_1,45,agentview,flat_stove_1,is_right_of,plate_1
pick_up_the_black_bowl_next_to_the_plate_and_place_it_on_the_plate,demo_1,45,agentview,wooden_cabinet_1,is_right_of,flat_stove_1
pick_up_the_black_bowl_next_to_the_plate_and_place_it_on_the_plate,demo_1,45,agentview,flat_stove_1,is_left_of,wooden_cabinet_1
pick_up_the_black_bowl_next_to_the_plate_and_place_it_on_the_plate,demo_1,50,agentview,akita_black_bowl_1,is_left_of,akita_black_bowl_2
pick_up_the_black_bowl_next_to_the_plate_and_place_it_on_the_plate,demo_1,50,agentview,akita_black_bowl_2,is_right_of,akita_black_bowl_1
pick_up_the_black_bowl_next_to_the_plate_and_place_it_on_the_plate,demo_1,50,agentview,akita_black_bowl_1,is_left_of,cookies_1
pick_up_the_black_bowl_next_to_the_plate_and_place_it_on_the_plate,demo_1,50,agentview,cookies_1,is_right_of,akita_black_bowl_1
pick_up_the_black_bowl_next_to_the_plate_and_place_it_on_the_plate,demo_1,50,agentview,akita_black_bowl_1,is_left_of,glazed_rim_porcelain_ramekin_1
pick_up_the_black_bowl_next_to_the_plate_and_place_it_on_the_plate,demo_1,50,agentview,glazed_rim_porcelain_ramekin_1,is_right_of,akita_black_bowl_1
pick_up_the_black_bowl_next_to_the_plate_and_place_it_on_the_plate,demo_1,50,agentview,akita_black_bowl_1,is_behind,plate_1
pick_up_the_black_bowl_next_to_the_plate_and_place_it_on_the_plate,demo_1,50,agentview,plate_1,is_in_front_of,akita_black_bowl_1
pick_up_the_black_bowl_next_to_the_plate_and_place_it_on_the_plate,demo_1,50,agentview,akita_black_bowl_1,is_left_of,wooden_cabinet_1
pick_up_the_black_bowl_next_to_the_plate_and_place_it_on_the_plate,demo_1,50,agentview,wooden_cabinet_1,is_right_of,akita_black_bowl_1
pick_up_the_black_bowl_next_to_the_plate_and_place_it_on_the_plate,demo_1,50,agentview,akita_black_bowl_1,is_left_of,flat_stove_1
pick_up_the_black_bowl_next_to_the_plate_and_place_it_on_the_plate,demo_1,50,agentview,flat_stove_1,is_right_of,akita_black_bowl_1
pick_up_the_black_bowl_next_to_the_plate_and_place_it_on_the_plate,demo_1,50,agentview,akita_black_bowl_2,is_behind,cookies_1
pick_up_the_black_bowl_next_to_the_plate_and_place_it_on_the_plate,demo_1,50,agentview,cookies_1,is_in_front_of,akita_black_bowl_2
pick_up_the_black_bowl_next_to_the_plate_and_place_it_on_the_plate,demo_1,50,agentview,akita_black_bowl_2,is_right_of,glazed_rim_porcelain_ramekin_1
pick_up_the_black_bowl_next_to_the_plate_and_place_it_on_the_plate,demo_1,50,agentview,glazed_rim_porcelain_ramekin_1,is_left_of,akita_black_bowl_2
pick_up_the_black_bowl_next_to_the_plate_and_place_it_on_the_plate,demo_1,50,agentview,akita_black_bowl_2,is_right_of,plate_1
pick_up_the_black_bowl_next_to_the_plate_and_place_it_on_the_plate,demo_1,50,agentview,plate_1,is_left_of,akita_black_bowl_2
pick_up_the_black_bowl_next_to_the_plate_and_place_it_on_the_plate,demo_1,50,agentview,akita_black_bowl_2,is_behind,wooden_cabinet_1
pick_up_the_black_bowl_next_to_the_plate_and_place_it_on_the_plate,demo_1,50,agentview,wooden_cabinet_1,is_in_front_of,akita_black_bowl_2
pick_up_the_black_bowl_next_to_the_plate_and_place_it_on_the_plate,demo_1,50,agentview,akita_black_bowl_2,is_on_top_of,flat_stove_1
pick_up_the_black_bowl_next_to_the_plate_and_place_it_on_the_plate,demo_1,50,agentview,flat_stove_1,is_below_of,akita_black_bowl_2
pick_up_the_black_bowl_next_to_the_plate_and_place_it_on_the_plate,demo_1,50,agentview,cookies_1,is_right_of,glazed_rim_porcelain_ramekin_1
pick_up_the_black_bowl_next_to_the_plate_and_place_it_on_the_plate,demo_1,50,agentview,glazed_rim_porcelain_ramekin_1,is_left_of,cookies_1
pick_up_the_black_bowl_next_to_the_plate_and_place_it_on_the_plate,demo_1,50,agentview,cookies_1,is_right_of,plate_1
pick_up_the_black_bowl_next_to_the_plate_and_place_it_on_the_plate,demo_1,50,agentview,plate_1,is_left_of,cookies_1
pick_up_the_black_bowl_next_to_the_plate_and_place_it_on_the_plate,demo_1,50,agentview,cookies_1,is_left_of,wooden_cabinet_1
pick_up_the_black_bowl_next_to_the_plate_and_place_it_on_the_plate,demo_1,50,agentview,wooden_cabinet_1,is_right_of,cookies_1
pick_up_the_black_bowl_next_to_the_plate_and_place_it_on_the_plate,demo_1,50,agentview,cookies_1,is_in_front_of,flat_stove_1
pick_up_the_black_bowl_next_to_the_plate_and_place_it_on_the_plate,demo_1,50,agentview,flat_stove_1,is_behind,cookies_1
pick_up_the_black_bowl_next_to_the_plate_and_place_it_on_the_plate,demo_1,50,agentview,glazed_rim_porcelain_ramekin_1,is_behind,plate_1
pick_up_the_black_bowl_next_to_the_plate_and_place_it_on_the_plate,demo_1,50,agentview,plate_1,is_in_front_of,glazed_rim_porcelain_ramekin_1
pick_up_the_black_bowl_next_to_the_plate_and_place_it_on_the_plate,demo_1,50,agentview,glazed_rim_porcelain_ramekin_1,is_left_of,wooden_cabinet_1
pick_up_the_black_bowl_next_to_the_plate_and_place_it_on_the_plate,demo_1,50,agentview,wooden_cabinet_1,is_right_of,glazed_rim_porcelain_ramekin_1
pick_up_the_black_bowl_next_to_the_plate_and_place_it_on_the_plate,demo_1,50,agentview,glazed_rim_porcelain_ramekin_1,is_left_of,flat_stove_1
pick_up_the_black_bowl_next_to_the_plate_and_place_it_on_the_plate,demo_1,50,agentview,flat_stove_1,is_right_of,glazed_rim_porcelain_ramekin_1
pick_up_the_black_bowl_next_to_the_plate_and_place_it_on_the_plate,demo_1,50,agentview,plate_1,is_left_of,wooden_cabinet_1
pick_up_the_black_bowl_next_to_the_plate_and_place_it_on_the_plate,demo_1,50,agentview,wooden_cabinet_1,is_right_of,plate_1
pick_up_the_black_bowl_next_to_the_plate_and_place_it_on_the_plate,demo_1,50,agentview,plate_1,is_left_of,flat_stove_1
pick_up_the_black_bowl_next_to_the_plate_and_place_it_on_the_plate,demo_1,50,agentview,flat_stove_1,is_right_of,plate_1
pick_up_the_black_bowl_next_to_the_plate_and_place_it_on_the_plate,demo_1,50,agentview,wooden_cabinet_1,is_in_front_of,flat_stove_1
pick_up_the_black_bowl_next_to_the_plate_and_place_it_on_the_plate,demo_1,50,agentview,flat_stove_1,is_behind,wooden_cabinet_1
pick_up_the_black_bowl_next_to_the_plate_and_place_it_on_the_plate,demo_1,55,agentview,akita_black_bowl_1,is_behind,plate_1
pick_up_the_black_bowl_next_to_the_plate_and_place_it_on_the_plate,demo_1,55,agentview,plate_1,is_in_front_of,akita_black_bowl_1
pick_up_the_black_bowl_next_to_the_plate_and_place_it_on_the_plate,demo_1,55,agentview,akita_black_bowl_1,is_in_front_of,glazed_rim_porcelain_ramekin_1
pick_up_the_black_bowl_next_to_the_plate_and_place_it_on_the_plate,demo_1,55,agentview,glazed_rim_porcelain_ramekin_1,is_behind,akita_black_bowl_1
pick_up_the_black_bowl_next_to_the_plate_and_place_it_on_the_plate,demo_1,55,agentview,akita_black_bowl_1,is_left_of,cookies_1
pick_up_the_black_bowl_next_to_the_plate_and_place_it_on_the_plate,demo_1,55,agentview,cookies_1,is_right_of,akita_black_bowl_1
pick_up_the_black_bowl_next_to_the_plate_and_place_it_on_the_plate,demo_1,55,agentview,akita_black_bowl_1,is_left_of,flat_stove_1
pick_up_the_black_bowl_next_to_the_plate_and_place_it_on_the_plate,demo_1,55,agentview,flat_stove_1,is_right_of,akita_black_bowl_1
pick_up_the_black_bowl_next_to_the_plate_and_place_it_on_the_plate,demo_1,55,agentview,akita_black_bowl_1,is_left_of,akita_black_bowl_2
pick_up_the_black_bowl_next_to_the_plate_and_place_it_on_the_plate,demo_1,55,agentview,akita_black_bowl_2,is_right_of,akita_black_bowl_1
pick_up_the_black_bowl_next_to_the_plate_and_place_it_on_the_plate,demo_1,55,agentview,akita_black_bowl_1,is_left_of,wooden_cabinet_1
pick_up_the_black_bowl_next_to_the_plate_and_place_it_on_the_plate,demo_1,55,agentview,wooden_cabinet_1,is_right_of,akita_black_bowl_1
pick_up_the_black_bowl_next_to_the_plate_and_place_it_on_the_plate,demo_1,55,agentview,plate_1,is_in_front_of,glazed_rim_porcelain_ramekin_1
pick_up_the_black_bowl_next_to_the_plate_and_place_it_on_the_plate,demo_1,55,agentview,glazed_rim_porcelain_ramekin_1,is_behind,plate_1
pick_up_the_black_bowl_next_to_the_plate_and_place_it_on_the_plate,demo_1,55,agentview,plate_1,is_left_of,cookies_1
pick_up_the_black_bowl_next_to_the_plate_and_place_it_on_the_plate,demo_1,55,agentview,cookies_1,is_right_of,plate_1
pick_up_the_black_bowl_next_to_the_plate_and_place_it_on_the_plate,demo_1,55,agentview,plate_1,is_left_of,flat_stove_1
pick_up_the_black_bowl_next_to_the_plate_and_place_it_on_the_plate,demo_1,55,agentview,flat_stove_1,is_right_of,plate_1
pick_up_the_black_bowl_next_to_the_plate_and_place_it_on_the_plate,demo_1,55,agentview,plate_1,is_left_of,akita_black_bowl_2
pick_up_the_black_bowl_next_to_the_plate_and_place_it_on_the_plate,demo_1,55,agentview,akita_black_bowl_2,is_right_of,plate_1
pick_up_the_black_bowl_next_to_the_plate_and_place_it_on_the_plate,demo_1,55,agentview,plate_1,is_left_of,wooden_cabinet_1
pick_up_the_black_bowl_next_to_the_plate_and_place_it_on_the_plate,demo_1,55,agentview,wooden_cabinet_1,is_right_of,plate_1
pick_up_the_black_bowl_next_to_the_plate_and_place_it_on_the_plate,demo_1,55,agentview,glazed_rim_porcelain_ramekin_1,is_behind,cookies_1
pick_up_the_black_bowl_next_to_the_plate_and_place_it_on_the_plate,demo_1,55,agentview,cookies_1,is_in_front_of,glazed_rim_porcelain_ramekin_1
pick_up_the_black_bowl_next_to_the_plate_and_place_it_on_the_plate,demo_1,55,agentview,glazed_rim_porcelain_ramekin_1,is_left_of,flat_stove_1
pick_up_the_black_bowl_next_to_the_plate_and_place_it_on_the_plate,demo_1,55,agentview,flat_stove_1,is_right_of,glazed_rim_porcelain_ramekin_1
pick_up_the_black_bowl_next_to_the_plate_and_place_it_on_the_plate,demo_1,55,agentview,glazed_rim_porcelain_ramekin_1,is_left_of,akita_black_bowl_2
pick_up_the_black_bowl_next_to_the_plate_and_place_it_on_the_plate,demo_1,55,agentview,akita_black_bowl_2,is_right_of,glazed_rim_porcelain_ramekin_1
pick_up_the_black_bowl_next_to_the_plate_and_place_it_on_the_plate,demo_1,55,agentview,glazed_rim_porcelain_ramekin_1,is_left_of,wooden_cabinet_1
pick_up_the_black_bowl_next_to_the_plate_and_place_it_on_the_plate,demo_1,55,agentview,wooden_cabinet_1,is_right_of,glazed_rim_porcelain_ramekin_1
pick_up_the_black_bowl_next_to_the_plate_and_place_it_on_the_plate,demo_1,55,agentview,cookies_1,is_in_front_of,flat_stove_1
pick_up_the_black_bowl_next_to_the_plate_and_place_it_on_the_plate,demo_1,55,agentview,flat_stove_1,is_behind,cookies_1
pick_up_the_black_bowl_next_to_the_plate_and_place_it_on_the_plate,demo_1,55,agentview,cookies_1,is_in_front_of,akita_black_bowl_2
pick_up_the_black_bowl_next_to_the_plate_and_place_it_on_the_plate,demo_1,55,agentview,akita_black_bowl_2,is_behind,cookies_1
pick_up_the_black_bowl_next_to_the_plate_and_place_it_on_the_plate,demo_1,55,agentview,cookies_1,is_left_of,wooden_cabinet_1
pick_up_the_black_bowl_next_to_the_plate_and_place_it_on_the_plate,demo_1,55,agentview,wooden_cabinet_1,is_right_of,cookies_1
pick_up_the_black_bowl_next_to_the_plate_and_place_it_on_the_plate,demo_1,55,agentview,akita_black_bowl_2,is_on_top_of,flat_stove_1
pick_up_the_black_bowl_next_to_the_plate_and_place_it_on_the_plate,demo_1,55,agentview,flat_stove_1,is_below_of,akita_black_bowl_2
pick_up_the_black_bowl_next_to_the_plate_and_place_it_on_the_plate,demo_1,55,agentview,flat_stove_1,is_left_of,wooden_cabinet_1
pick_up_the_black_bowl_next_to_the_plate_and_place_it_on_the_plate,demo_1,55,agentview,wooden_cabinet_1,is_right_of,flat_stove_1
pick_up_the_black_bowl_next_to_the_plate_and_place_it_on_the_plate,demo_1,55,agentview,akita_black_bowl_2,is_left_of,wooden_cabinet_1
pick_up_the_black_bowl_next_to_the_plate_and_place_it_on_the_plate,demo_1,55,agentview,wooden_cabinet_1,is_right_of,akita_black_bowl_2
pick_up_the_black_bowl_next_to_the_plate_and_place_it_on_the_plate,demo_1,60,agentview,akita_black_bowl_1,is_left_of,akita_black_bowl_2
pick_up_the_black_bowl_next_to_the_plate_and_place_it_on_the_plate,demo_1,60,agentview,akita_black_bowl_2,is_right_of,akita_black_bowl_1
pick_up_the_black_bowl_next_to_the_plate_and_place_it_on_the_plate,demo_1,60,agentview,akita_black_bowl_1,is_behind,cookies_1
pick_up_the_black_bowl_next_to_the_plate_and_place_it_on_the_plate,demo_1,60,agentview,cookies_1,is_in_front_of,akita_black_bowl_1
pick_up_the_black_bowl_next_to_the_plate_and_place_it_on_the_plate,demo_1,60,agentview,akita_black_bowl_1,is_behind,plate_1
pick_up_the_black_bowl_next_to_the_plate_and_place_it_on_the_plate,demo_1,60,agentview,plate_1,is_in_front_of,akita_black_bowl_1
pick_up_the_black_bowl_next_to_the_plate_and_place_it_on_the_plate,demo_1,60,agentview,akita_black_bowl_1,is_left_of,wooden_cabinet_1
pick_up_the_black_bowl_next_to_the_plate_and_place_it_on_the_plate,demo_1,60,agentview,wooden_cabinet_1,is_right_of,akita_black_bowl_1
pick_up_the_black_bowl_next_to_the_plate_and_place_it_on_the_plate,demo_1,60,agentview,akita_black_bowl_1,is_left_of,flat_stove_1
pick_up_the_black_bowl_next_to_the_plate_and_place_it_on_the_plate,demo_1,60,agentview,flat_stove_1,is_right_of,akita_black_bowl_1
pick_up_the_black_bowl_next_to_the_plate_and_place_it_on_the_plate,demo_1,60,agentview,akita_black_bowl_2,is_behind,cookies_1
pick_up_the_black_bowl_next_to_the_plate_and_place_it_on_the_plate,demo_1,60,agentview,cookies_1,is_in_front_of,akita_black_bowl_2
pick_up_the_black_bowl_next_to_the_plate_and_place_it_on_the_plate,demo_1,60,agentview,akita_black_bowl_2,is_right_of,plate_1
pick_up_the_black_bowl_next_to_the_plate_and_place_it_on_the_plate,demo_1,60,agentview,plate_1,is_left_of,akita_black_bowl_2
pick_up_the_black_bowl_next_to_the_plate_and_place_it_on_the_plate,demo_1,60,agentview,akita_black_bowl_2,is_left_of,wooden_cabinet_1
pick_up_the_black_bowl_next_to_the_plate_and_place_it_on_the_plate,demo_1,60,agentview,wooden_cabinet_1,is_right_of,akita_black_bowl_2
pick_up_the_black_bowl_next_to_the_plate_and_place_it_on_the_plate,demo_1,60,agentview,akita_black_bowl_2,is_on_top_of,flat_stove_1
pick_up_the_black_bowl_next_to_the_plate_and_place_it_on_the_plate,demo_1,60,agentview,flat_stove_1,is_below_of,akita_black_bowl_2
pick_up_the_black_bowl_next_to_the_plate_and_place_it_on_the_plate,demo_1,60,agentview,cookies_1,is_right_of,plate_1
pick_up_the_black_bowl_next_to_the_plate_and_place_it_on_the_plate,demo_1,60,agentview,plate_1,is_left_of,cookies_1
pick_up_the_black_bowl_next_to_the_plate_and_place_it_on_the_plate,demo_1,60,agentview,cookies_1,is_left_of,wooden_cabinet_1
pick_up_the_black_bowl_next_to_the_plate_and_place_it_on_the_plate,demo_1,60,agentview,wooden_cabinet_1,is_right_of,cookies_1
pick_up_the_black_bowl_next_to_the_plate_and_place_it_on_the_plate,demo_1,60,agentview,cookies_1,is_in_front_of,flat_stove_1
pick_up_the_black_bowl_next_to_the_plate_and_place_it_on_the_plate,demo_1,60,agentview,flat_stove_1,is_behind,cookies_1
pick_up_the_black_bowl_next_to_the_plate_and_place_it_on_the_plate,demo_1,60,agentview,plate_1,is_left_of,wooden_cabinet_1
pick_up_the_black_bowl_next_to_the_plate_and_place_it_on_the_plate,demo_1,60,agentview,wooden_cabinet_1,is_right_of,plate_1
pick_up_the_black_bowl_next_to_the_plate_and_place_it_on_the_plate,demo_1,60,agentview,plate_1,is_left_of,flat_stove_1
pick_up_the_black_bowl_next_to_the_plate_and_place_it_on_the_plate,demo_1,60,agentview,flat_stove_1,is_right_of,plate_1
pick_up_the_black_bowl_next_to_the_plate_and_place_it_on_the_plate,demo_1,60,agentview,wooden_cabinet_1,is_right_of,flat_stove_1
pick_up_the_black_bowl_next_to_the_plate_and_place_it_on_the_plate,demo_1,60,agentview,flat_stove_1,is_left_of,wooden_cabinet_1
pick_up_the_black_bowl_next_to_the_plate_and_place_it_on_the_plate,demo_1,65,agentview,akita_black_bowl_1,is_behind,plate_1
pick_up_the_black_bowl_next_to_the_plate_and_place_it_on_the_plate,demo_1,65,agentview,plate_1,is_in_front_of,akita_black_bowl_1
pick_up_the_black_bowl_next_to_the_plate_and_place_it_on_the_plate,demo_1,65,agentview,akita_black_bowl_1,is_left_of,cookies_1
pick_up_the_black_bowl_next_to_the_plate_and_place_it_on_the_plate,demo_1,65,agentview,cookies_1,is_right_of,akita_black_bowl_1
pick_up_the_black_bowl_next_to_the_plate_and_place_it_on_the_plate,demo_1,65,agentview,akita_black_bowl_1,is_left_of,flat_stove_1
pick_up_the_black_bowl_next_to_the_plate_and_place_it_on_the_plate,demo_1,65,agentview,flat_stove_1,is_right_of,akita_black_bowl_1
pick_up_the_black_bowl_next_to_the_plate_and_place_it_on_the_plate,demo_1,65,agentview,akita_black_bowl_1,is_left_of,akita_black_bowl_2
pick_up_the_black_bowl_next_to_the_plate_and_place_it_on_the_plate,demo_1,65,agentview,akita_black_bowl_2,is_right_of,akita_black_
pick_up_the_black_bowl_next_to_the_plate_and_place_it_on_the_plate,demo_1,70,agentview,akita_black_bowl_1,is_left_of,akita_black_bowl_2
pick_up_the_black_bowl_next_to_the_plate_and_place_it_on_the_plate,demo_1,70,agentview,akita_black_bowl_2,is_right_of,akita_black_bowl_1
pick_up_the_black_bowl_next_to_the_plate_and_place_it_on_the_plate,demo_1,70,agentview,akita_black_bowl_1,is_left_of,cookies_1
pick_up_the_black_bowl_next_to_the_plate_and_place_it_on_the_plate,demo_1,70,agentview,cookies_1,is_right_of,akita_black_bowl_1
pick_up_the_black_bowl_next_to_the_plate_and_place_it_on_the_plate,demo_1,70,agentview,akita_black_bowl_1,is_behind,plate_1
pick_up_the_black_bowl_next_to_the_plate_and_place_it_on_the_plate,demo_1,70,agentview,plate_1,is_in_front_of,akita_black_bowl_1
pick_up_the_black_bowl_next_to_the_plate_and_place_it_on_the_plate,demo_1,70,agentview,akita_black_bowl_1,is_left_of,wooden_cabinet_1
pick_up_the_black_bowl_next_to_the_plate_and_place_it_on_the_plate,demo_1,70,agentview,wooden_cabinet_1,is_right_of,akita_black_bowl_1
pick_up_the_black_bowl_next_to_the_plate_and_place_it_on_the_plate,demo_1,70,agentview,akita_black_bowl_1,is_left_of,flat_stove_1
pick_up_the_black_bowl_next_to_the_plate_and_place_it_on_the_plate,demo_1,70,agentview,flat_stove_1,is_right_of,akita_black_bowl_1
pick_up_the_black_bowl_next_to_the_plate_and_place_it_on_the_plate,demo_1,70,agentview,akita_black_bowl_2,is_behind,cookies_1
pick_up_the_black_bowl_next_to_the_plate_and_place_it_on_the_plate,demo_1,70,agentview,cookies_1,is_in_front_of,akita_black_bowl_2
pick_up_the_black_bowl_next_to_the_plate_and_place_it_on_the_plate,demo_1,70,agentview,akita_black_bowl_2,is_right_of,plate_1
pick_up_the_black_bowl_next_to_the_plate_and_place_it_on_the_plate,demo_1,70,agentview,plate_1,is_left_of,akita_black_bowl_2
pick_up_the_black_bowl_next_to_the_plate_and_place_it_on_the_plate,demo_1,70,agentview,akita_black_bowl_2,is_left_of,wooden_cabinet_1
pick_up_the_black_bowl_next_to_the_plate_and_place_it_on_the_plate,demo_1,70,agentview,wooden_cabinet_1,is_right_of,akita_black_bowl_2
pick_up_the_black_bowl_next_to_the_plate_and_place_it_on_the_plate,demo_1,70,agentview,akita_black_bowl_2,is_on_top_of,flat_stove_1
pick_up_the_black_bowl_next_to_the_plate_and_place_it_on_the_plate,demo_1,70,agentview,flat_stove_1,is_below_of,akita_black_bowl_2
pick_up_the_black_bowl_next_to_the_plate_and_place_it_on_the_plate,demo_1,70,agentview,cookies_1,is_right_of,plate_1
pick_up_the_black_bowl_next_to_the_plate_and_place_it_on_the_plate,demo_1,70,agentview,plate_1,is_left_of,cookies_1
pick_up_the_black_bowl_next_to_the_plate_and_place_it_on_the_plate,demo_1,70,agentview,cookies_1,is_left_of,wooden_cabinet_1
pick_up_the_black_bowl_next_to_the_plate_and_place_it_on_the_plate,demo_1,70,agentview,wooden_cabinet_1,is_right_of,cookies_1
pick_up_the_black_bowl_next_to_the_plate_and_place_it_on_the_plate,demo_1,70,agentview,cookies_1,is_in_front_of,flat_stove_1
pick_up_the_black_bowl_next_to_the_plate_and_place_it_on_the_plate,demo_1,70,agentview,flat_stove_1,is_behind,cookies_1
pick_up_the_black_bowl_next_to_the_plate_and_place_it_on_the_plate,demo_1,70,agentview,plate_1,is_left_of,wooden_cabinet_1
pick_up_the_black_bowl_next_to_the_plate_and_place_it_on_the_plate,demo_1,70,agentview,wooden_cabinet_1,is_right_of,plate_1
pick_up_the_black_bowl_next_to_the_plate_and_place_it_on_the_plate,demo_1,70,agentview,plate_1,is_left_of,flat_stove_1
pick_up_the_black_bowl_next_to_the_plate_and_place_it_on_the_plate,demo_1,70,agentview,flat_stove_1,is_right_of,plate_1
pick_up_the_black_bowl_next_to_the_plate_and_place_it_on_the_plate,demo_1,70,agentview,wooden_cabinet_1,is_right_of,flat_stove_1
pick_up_the_black_bowl_next_to_the_plate_and_place_it_on_the_plate,demo_1,70,agentview,flat_stove_1,is_left_of,wooden_cabinet_1
pick_up_the_black_bowl_next_to_the_plate_and_place_it_on_the_plate,demo_1,75,agentview,akita_black_bowl_1,is_left_of,akita_black_bowl_2
pick_up_the_black_bowl_next_to_the_plate_and_place_it_on_the_plate,demo_1,75,agentview,akita_black_bowl_2,is_right_of,akita_black_bowl_1
pick_up_the_black_bowl_next_to_the_plate_and_place_it_on_the_plate,demo_1,75,agentview,akita_black_bowl_1,is_left_of,cookies_1
pick_up_the_black_bowl_next_to_the_plate_and_place_it_on_the_plate,demo_1,75,agentview,cookies_1,is_right_of,akita_black_bowl_1
pick_up_the_black_bowl_next_to_the_plate_and_place_it_on_the_plate,demo_1,75,agentview,akita_black_bowl_1,is_behind,plate_1
pick_up_the_black_bowl_next_to_the_plate_and_place_it_on_the_plate,demo_1,75,agentview,plate_1,is_in_front_of,akita_black_bowl_1
pick_up_the_black_bowl_next_to_the_plate_and_place_it_on_the_plate,demo_1,75,agentview,akita_black_bowl_1,is_left_of,wooden_cabinet_1
pick_up_the_black_bowl_next_to_the_plate_and_place_it_on_the_plate,demo_1,75,agentview,wooden_cabinet_1,is_right_of,akita_black_bowl_1
pick_up_the_black_bowl_next_to_the_plate_and_place_it_on_the_plate,demo_1,75,agentview,akita_black_bowl_1,is_left_of,flat_stove_1
pick_up_the_black_bowl_next_to_the_plate_and_place_it_on_the_plate,demo_1,75,agentview,flat_stove_1,is_right_of,akita_black_bowl_1
pick_up_the_black_bowl_next_to_the_plate_and_place_it_on_the_plate,demo_1,75,agentview,akita_black_bowl_2,is_behind,cookies_1
pick_up_the_black_bowl_next_to_the_plate_and_place_it_on_the_plate,demo_1,75,agentview,cookies_1,is_in_front_of,akita_black_bowl_2
pick_up_the_black_bowl_next_to_the_plate_and_place_it_on_the_plate,demo_1,75,agentview,akita_black_bowl_2,is_right_of,plate_1
pick_up_the_black_bowl_next_to_the_plate_and_place_it_on_the_plate,demo_1,75,agentview,plate_1,is_left_of,akita_black_bowl_2
pick_up_the_black_bowl_next_to_the_plate_and_place_it_on_the_plate,demo_1,75,agentview,akita_black_bowl_2,is_left_of,wooden_cabinet_1
pick_up_the_black_bowl_next_to_the_plate_and_place_it_on_the_plate,demo_1,75,agentview,wooden_cabinet_1,is_right_of,akita_black_bowl_2
pick_up_the_black_bowl_next_to_the_plate_and_place_it_on_the_plate,demo_1,75,agentview,akita_black_bowl_2,is_on_top_of,flat_stove_1
pick_up_the_black_bowl_next_to_the_plate_and_place_it_on_the_plate,demo_1,75,agentview,flat_stove_1,is_below_of,akita_black_bowl_2
pick_up_the_black_bowl_next_to_the_plate_and_place_it_on_the_plate,demo_1,75,agentview,cookies_1,is_right_of,plate_1
pick_up_the_black_bowl_next_to_the_plate_and_place_it_on_the_plate,demo_1,75,agentview,plate_1,is_left_of,cookies_1
pick_up_the_black_bowl_next_to_the_plate_and_place_it_on_the_plate,demo_1,75,agentview,cookies_1,is_left_of,wooden_cabinet_1
pick_up_the_black_bowl_next_to_the_plate_and_place_it_on_the_plate,demo_1,75,agentview,wooden_cabinet_1,is_right_of,cookies_1
pick_up_the_black_bowl_next_to_the_plate_and_place_it_on_the_plate,demo_1,75,agentview,cookies_1,is_in_front_of,flat_stove_1
pick_up_the_black_bowl_next_to_the_plate_and_place_it_on_the_plate,demo_1,75,agentview,flat_stove_1,is_behind,cookies_1
pick_up_the_black_bowl_next_to_the_plate_and_place_it_on_the_plate,demo_1,75,agentview,plate_1,is_left_of,wooden_cabinet_1
pick_up_the_black_bowl_next_to_the_plate_and_place_it_on_the_plate,demo_1,75,agentview,wooden_cabinet_1,is_right_of,plate_1
pick_up_the_black_bowl_next_to_the_plate_and_place_it_on_the_plate,demo_1,75,agentview,plate_1,is_left_of,flat_stove_1
pick_up_the_black_bowl_next_to_the_plate_and_place_it_on_the_plate,demo_1,75,agentview,flat_stove_1,is_right_of,plate_1
pick_up_the_black_bowl_next_to_the_plate_and_place_it_on_the_plate,demo_1,75,agentview,wooden_cabinet_1,is_right_of,flat_stove_1
pick_up_the_black_bowl_next_to_the_plate_and_place_it_on_the_plate,demo_1,75,agentview,flat_stove_1,is_left_of,wooden_cabinet_1
pick_up_the_black_bowl_next_to_the_plate_and_place_it_on_the_plate,demo_1,80,agentview,akita_black_bowl_1,is_left_of,akita_black_bowl_2
pick_up_the_black_bowl_next_to_the_plate_and_place_it_on_the_plate,demo_1,80,agentview,akita_black_bowl_2,is_right_of,akita_black_bowl_1
pick_up_the_black_bowl_next_to_the_plate_and_place_it_on_the_plate,demo_1,80,agentview,akita_black_bowl_1,is_left_of,cookies_1
pick_up_the_black_bowl_next_to_the_plate_and_place_it_on_the_plate,demo_1,80,agentview,cookies_1,is_right_of,akita_black_bowl_1
pick_up_the_black_bowl_next_to_the_plate_and_place_it_on_the_plate,demo_1,80,agentview,akita_black_bowl_1,is_behind,glazed_rim_porcelain_ramekin_1
pick_up_the_black_bowl_next_to_the_plate_and_place_it_on_the_plate,demo_1,80,agentview,glazed_rim_porcelain_ramekin_1,is_in_front_of,akita_black_bowl_1
pick_up_the_black_bowl_next_to_the_plate_and_place_it_on_the_plate,demo_1,80,agentview,akita_black_bowl_1,is_behind,plate_1
pick_up_the_black_bowl_next_to_the_plate_and_place_it_on_the_plate,demo_1,80,agentview,plate_1,is_in_front_of,akita_black_bowl_1
pick_up_the_black_bowl_next_to_the_plate_and_place_it_on_the_plate,demo_1,80,agentview,akita_black_bowl_1,is_left_of,wooden_cabinet_1
pick_up_the_black_bowl_next_to_the_plate_and_place_it_on_the_plate,demo_1,80,agentview,wooden_cabinet_1,is_right_of,akita_black_bowl_1
pick_up_the_black_bowl_next_to_the_plate_and_place_it_on_the_plate,demo_1,80,agentview,akita_black_bowl_1,is_left_of,flat_stove_1
pick_up_the_black_bowl_next_to_the_plate_and_place_it_on_the_plate,demo_1,80,agentview,flat_stove_1,is_right_of,akita_black_bowl_1
pick_up_the_black_bowl_next_to_the_plate_and_place_it_on_the_plate,demo_1,80,agentview,akita_black_bowl_2,is_behind,cookies_1
pick_up_the_black_bowl_next_to_the_plate_and_place_it_on_the_plate,demo_1,80,agentview,cookies_1,is_in_front_of,akita_black_bowl_2
pick_up_the_black_bowl_next_to_the_plate_and_place_it_on_the_plate,demo_1,80,agentview,akita_black_bowl_2,is_right_of,glazed_rim_porcelain_ramekin_1
pick_up_the_black_bowl_next_to_the_plate_and_place_it_on_the_plate,demo_1,80,agentview,glazed_rim_porcelain_ramekin_1,is_left_of,akita_black_bowl_2
pick_up_the_black_bowl_next_to_the_plate_and_place_it_on_the_plate,demo_1,80,agentview,akita_black_bowl_2,is_right_of,plate_1
pick_up_the_black_bowl_next_to_the_plate_and_place_it_on_the_plate,demo_1,80,agentview,plate_1,is_left_of,akita_black_bowl_2
pick_up_the_black_bowl_next_to_the_plate_and_place_it_on_the_plate,demo_1,80,agentview,akita_black_bowl_2,is_left_of,wooden_cabinet_1
pick_up_the_black_bowl_next_to_the_plate_and_place_it_on_the_plate,demo_1,80,agentview,wooden_cabinet_1,is_right_of,akita_black_bowl_2
pick_up_the_black_bowl_next_to_the_plate_and_place_it_on_the_plate,demo_1,80,agentview,akita_black_bowl_2,is_on_top_of,flat_stove_1
pick_up_the_black_bowl_next_to_the_plate_and_place_it_on_the_plate,demo_1,80,agentview,flat_stove_1,is_below_of,akita_black_bowl_2
pick_up_the_black_bowl_next_to_the_plate_and_place_it_on_the_plate,demo_1,80,agentview,cookies_1,is_right_of,glazed_rim_porcelain_ramekin_1
pick_up_the_black_bowl_next_to_the_plate_and_place_it_on_the_plate,demo_1,80,agentview,glazed_rim_porcelain_ramekin_1,is_left_of,cookies_1
pick_up_the_black_bowl_next_to_the_plate_and_place_it_on_the_plate,demo_1,80,agentview,cookies_1,is_right_of,plate_1
pick_up_the_black_bowl_next_to_the_plate_and_place_it_on_the_plate,demo_1,80,agentview,plate_1,is_left_of,cookies_1
pick_up_the_black_bowl_next_to_the_plate_and_place_it_on_the_plate,demo_1,80,agentview,cookies_1,is_left_of,wooden_cabinet_1
pick_up_the_black_bowl_next_to_the_plate_and_place_it_on_the_plate,demo_1,80,agentview,wooden_cabinet_1,is_right_of,cookies_1
pick_up_the_black_bowl_next_to_the_plate_and_place_it_on_the_plate,demo_1,80,agentview,cookies_1,is_in_front_of,flat_stove_1
pick_up_the_black_bowl_next_to_the_plate_and_place_it_on_the_plate,demo_1,80,agentview,flat_stove_1,is_behind,cookies_1
pick_up_the_black_bowl_next_to_the_plate_and_place_it_on_the_plate,demo_1,80,agentview,glazed_rim_porcelain_ramekin_1,is_on_top_of,plate_1
pick_up_the_black_bowl_next_to_the_plate_and_place_it_on_the_plate,demo_1,80,agentview,plate_1,is_below_of,glazed_rim_porcelain_ramekin_1
pick_up_the_black_bowl_next_to_the_plate_and_place_it_on_the_plate,demo_1,80,agentview,glazed_rim_porcelain_ramekin_1,is_left_of,wooden_cabinet_1
pick_up_the_black_bowl_next_to_the_plate_and_place_it_on_the_plate,demo_1,80,agentview,wooden_cabinet_1,is_right_of,glazed_rim_porcelain_ramekin_1
pick_up_the_black_bowl_next_to_the_plate_and_place_it_on_the_plate,demo_1,80,agentview,glazed_rim_porcelain_ramekin_1,is_left_of,flat_stove_1
pick_up_the_black_bowl_next_to_the_plate_and_place_it_on_the_plate,demo_1,80,agentview,flat_stove_1,is_right_of,glazed_rim_porcelain_ramekin_1
pick_up_the_black_bowl_next_to_the_plate_and_place_it_on_the_plate,demo_1,80,agentview,plate_1,is_left_of,wooden_cabinet_1
pick_up_the_black_bowl_next_to_the_plate_and_place_it_on_the_plate,demo_1,80,agentview,wooden_cabinet_1,is_right_of,plate_1
pick_up_the_black_bowl_next_to_the_plate_and_place_it_on_the_plate,demo_1,80,agentview,plate_1,is_left_of,flat_stove_1
pick_up_the_black_bowl_next_to_the_plate_and_place_it_on_the_plate,demo_1,80,agentview,flat_stove_1,is_right_of,plate_1
pick_up_the_black_bowl_next_to_the_plate_and_place_it_on_the_plate,demo_1,80,agentview,wooden_cabinet_1,is_right_of,flat_stove_1
pick_up_the_black_bowl_next_to_the_plate_and_place_it_on_the_plate,demo_1,80,agentview,flat_stove_1,is_left_of,wooden_cabinet_1
pick_up_the_black_bowl_next_to_the_plate_and_place_it_on_the_plate,demo_1,85,agentview,akita_black_bowl_1,is_on_top_of,flat_stove_1
pick_up_the_black_bowl_next_to_the_plate_and_place_it_on_the_plate,demo_1,85,agentview,flat_stove_1,is_below_of,akita_black_bowl_1
pick_up_the_black_bowl_next_to_the_plate_and_place_it_on_the_plate,demo_1,85,agentview,akita_black_bowl_1,is_on_top_of,plate_1
pick_up_the_black_bowl_next_to_the_plate_and_place_it_on_the_plate,demo_1,85,agentview,plate_1,is_below_of,akita_black_bowl_1
pick_up_the_black_bowl_next_to_the_plate_and_place_it_on_the_plate,demo_1,85,agentview,akita_black_bowl_1,is_behind,cookies_1
pick_up_the_black_bowl_next_to_the_plate_and_place_it_on_the_plate,demo_1,85,agentview,cookies_1,is_in_front_of,akita_black_bowl_1
pick_up_the_black_bowl_next_to_the_plate_and_place_it_on_the_plate,demo_1,85,agentview,akita_black_bowl_1,is_right_of,glazed_rim_porcelain_ramekin_1
pick_up_the_black_bowl_next_to_the_plate_and_place_it_on_the_plate,demo_1,90,agentview,akita_black_bowl_1,is_left_of,akita_black_bowl_2
pick_up_the_black_bowl_next_to_the_plate_and_place_it_on_the_plate,demo_1,90,agentview,akita_black_bowl_2,is_right_of,akita_black_bowl_1
pick_up_the_black_bowl_next_to_the_plate_and_place_it_on_the_plate,demo_1,90,agentview,akita_black_bowl_1,is_left_of,cookies_1
pick_up_the_black_bowl_next_to_the_plate_and_place_it_on_the_plate,demo_1,90,agentview,cookies_1,is_right_of,akita_black_bowl_1
pick_up_the_black_bowl_next_to_the_plate_and_place_it_on_the_plate,demo_1,90,agentview,akita_black_bowl_1,is_left_of,glazed_rim_porcelain_ramekin_1
pick_up_the_black_bowl_next_to_the_plate_and_place_it_on_the_plate,demo_1,90,agentview,glazed_rim_porcelain_ramekin_1,is_right_of,akita_black_bowl_1
pick_up_the_black_bowl_next_to_the_plate_and_place_it_on_the_plate,demo_1,90,agentview,akita_black_bowl_1,is_behind,plate_1
pick_up_the_black_bowl_next_to_the_plate_and_place_it_on_the_plate,demo_1,95,agentview,akita_black_bowl_1,is_behind,plate_1
pick_up_the_black_bowl_next_to_the_plate_and_place_it_on_the_plate,demo_1,95,agentview,plate_1,is_in_front_of,akita_black_bowl_1
pick_up_the_black_bowl_next_to_the_plate_and_place_it_on_the_plate,demo_1,95,agentview,akita_black_bowl_1,is_in_front_of,akita_black_bowl_2
pick_up_the_black_bowl_next_to_the_plate_and_place_it_on_the_plate,demo_1,95,agentview,akita_black_bowl_2,is_behind,akita_black_bowl_1
pick_up_the_black_bowl_next_to_the_plate_and_place_it_on_the_plate,demo_1,95,agentview,akita_black_bowl_1,is_left_of,cookies_1
pick_up_the_black_bowl_next_to_the_plate_and_place_it_on_the_plate,demo_1,95,agentview,cookies_1,is_right_of,akita_black_bowl_1
pick_up_the_black_bowl_next_to_the_plate_and_place_it_on_the_plate,demo_1,95,agentview,akita_black_bowl_1,is_left_of,flat_stove_1
pick_up_the_black_bowl_next_to_the_plate_and_place_it_on_the_plate,demo_1,95,agentview,flat_stove_1,is_right_of,akita
pick_up_the_black_bowl_next_to_the_plate_and_place_it_on_the_plate,demo_1,100,agentview,akita_black_bowl_1,is_in_front_of,akita_black_bowl_2
pick_up_the_black_bowl_next_to_the_plate_and_place_it_on_the_plate,demo_1,100,agentview,akita_black_bowl_2,is_behind,akita_black_bowl_1
pick_up_the_black_bowl_next_to_the_plate_and_place_it_on_the_plate,demo_1,100,agentview,akita_black_bowl_1,is_left_of,cookies_1
pick_up_the_black_bowl_next_to_the_plate_and_place_it_on_the_plate,demo_1,100,agentview,cookies_1,is_right_of,akita_black_bowl_1
pick_up_the_black_bowl_next_to_the_plate_and_place_it_on_the_plate,demo_1,100,agentview,akita_black_bowl_1,is_left_of,glazed_rim_porcelain_ramekin_1
pick_up_the_black_bowl_next_to_the_plate_and_place_it_on_the_plate,demo_1,100,agentview,glazed_rim_porcelain_ramekin_1,is_right_of,akita_black_bowl_1
pick_up_the_black_bowl_next_to_the_plate_and_place_it_on_the_plate,demo_1,100,agentview,akita_black_bowl_1,is_behind,plate_1
pick_up_the_black_bowl_next_to_the_plate_and_place_it_on_the_plate,demo_1,100,agentview,plate_1,is_in_front_of,akita_black_bowl_1
pick_up_the_black_bowl_next_to_the_plate_and_place_it_on_the_plate,demo_1,100,agentview,akita_black_bowl_1,is_left_of,wooden_cabinet_1
pick_up_the_black_bowl_next_to_the_plate_and_place_it_on_the_plate,demo_1,100,agentview,wooden_cabinet_1,is_right_of,akita_black_bowl_1
pick_up_the_black_bowl_next_to_the_plate_and_place_it_on_the_plate,demo_1,100,agentview,akita_black_bowl_1,is_left_of,flat_stove_1
pick_up_the_black_bowl_next_to_the_plate_and_place_it_on_the_plate,demo_1,100,agentview,flat_stove_1,is_right_of,akita_black_bowl_1
pick_up_the_black_bowl_next_to_the_plate_and_place_it_on_the_plate,demo_1,100,agentview,akita_black_bowl_2,is_left_of,cookies_1
pick_up_the_black_bowl_next_to_the_plate_and_place_it_on_the_plate,demo_1,100,agentview,cookies_1,is_right_of,akita_black_bowl_2
pick_up_the_black_bowl_next_to_the_plate_and_place_it_on_the_plate,demo_1,100,agentview,akita_black_bowl_2,is_left_of,glazed_rim_porcelain_ramekin_1
pick_up_the_black_bowl_next_to_the_plate_and_place_it_on_the_plate,demo_1,100,agentview,glazed_rim_porcelain_ramekin_1,is_right_of,akita_black_bowl_2
pick_up_the_black_bowl_next_to_the_plate_and_place_it_on_the_plate,demo_1,100,agentview,akita_black_bowl_2,is_behind,plate_1
pick_up_the_black_bowl_next_to_the_plate_and_place_it_on_the_plate,demo_1,100,agentview,plate_1,is_in_front_of,akita_black_bowl_2
pick_up_the_black_bowl_next_to_the_plate_and_place_it_on_the_plate,demo_1,100,agentview,akita_black_bowl_2,is_left_of,wooden_cabinet_1
pick_up_the_black_bowl_next_to_the_plate_and_place_it_on_the_plate,demo_1,100,agentview,wooden_cabinet_1,is_right_of,akita_black_bowl_2
pick_up_the_black_bowl_next_to_the_plate_and_place_it_on_the_plate,demo_1,100,agentview,akita_black_bowl_2,is_left_of,flat_stove_1
pick_up_the_black_bowl_next_to_the_plate_and_place_it_on_the_plate,demo_1,100,agentview,flat_stove_1,is_right_of,akita_black_bowl_2
pick_up_the_black_bowl_next_to_the_plate_and_place_it_on_the_plate,demo_1,100,agentview,cookies_1,is_in_front_of,glazed_rim_porcelain_ramekin_1
pick_up_the_black_bowl_next_to_the_plate_and_place_it_on_the_plate,demo_1,100,agentview,glazed_rim_porcelain_ramekin_1,is_behind,cookies_1
pick_up_the_black_bowl_next_to_the_plate_and_place_it_on_the_plate,demo_1,100,agentview,cookies_1,is_right_of,plate_1
pick_up_the_black_bowl_next_to_the_plate_and_place_it_on_the_plate,demo_1,100,agentview,plate_1,is_left_of,cookies_1
pick_up_the_black_bowl_next_to_the_plate_and_place_it_on_the_plate,demo_1,100,agentview,cookies_1,is_left_of,wooden_cabinet_1
pick_up_the_black_bowl_next_to_the_plate_and_place_it_on_the_plate,demo_1,100,agentview,wooden_cabinet_1,is_right_of,cookies_1
pick_up_the_black_bowl_next_to_the_plate_and_place_it_on_the_plate,demo_1,100,agentview,cookies_1,is_in_front_of,flat_stove_1
pick_up_the_black_bowl_next_to_the_plate_and_place_it_on_the_plate,demo_1,100,agentview,flat_stove_1,is_behind,cookies_1
pick_up_the_black_bowl_next_to_the_plate_and_place_it_on_the_plate,demo_1,100,agentview,glazed_rim_porcelain_ramekin_1,is_right_of,plate_1
pick_up_the_black_bowl_next_to_the_plate_and_place_it_on_the_plate,demo_1,100,agentview,plate_1,is_left_of,glazed_rim_porcelain_ramekin_1
pick_up_the_black_bowl_next_to_the_plate_and_place_it_on_the_plate,demo_1,100,agentview,glazed_rim_porcelain_ramekin_1,is_left_of,wooden_cabinet_1
pick_up_the_black_bowl_next_to_the_plate_and_place_it_on_the_plate,demo_1,100,agentview,wooden_cabinet_1,is_right_of,glazed_rim_porcelain_ramekin_1
pick_up_the_black_bowl_next_to_the_plate_and_place_it_on_the_plate,demo_1,100,agentview,glazed_rim_porcelain_ramekin_1,is_on_top_of,flat_stove_1
pick_up_the_black_bowl_next_to_the_plate_and_place_it_on_the_plate,demo_1,100,agentview,flat_stove_1,is_below_of,glazed_rim_porcelain_ramekin_1
pick_up_the_black_bowl_next_to_the_plate_and_place_it_on_the_plate,demo_1,100,agentview,plate_1,is_left_of,wooden_cabinet_1
pick_up_the_black_bowl_next_to_the_plate_and_place_it_on_the_plate,demo_1,100,agentview,wooden_cabinet_1,is_right_of,plate_1
pick_up_the_black_bowl_next_to_the_plate_and_place_it_on_the_plate,demo_1,100,agentview,plate_1,is_left_of,flat_stove_1
pick_up_the_black_bowl_next_to_the_plate_and_place_it_on_the_plate,demo_1,100,agentview,flat_stove_1,is_right_of,plate_1
pick_up_the_black_bowl_next_to_the_plate_and_place_it_on_the_plate,demo_1,100,agentview,wooden_cabinet_1,is_right_of,flat_stove_1
pick_up_the_black_bowl_next_to_the_plate_and_place_it_on_the_plate,demo_1,100,agentview,flat_stove_1,is_left_of,wooden_cabinet_1
pick_up_the_black_bowl_next_to_the_plate_and_place_it_on_the_plate,demo_1,105,agentview,akita_black_bowl_1,is_in_front_of,akita_black_bowl_2
pick_up_the_black_bowl_next_to_the_plate_and_place_it_on_the_plate,demo_1,105,agentview,akita_black_bowl_2,is_behind,akita_black_bowl_1
pick_up_the_black_bowl_next_to_the_plate_and_place_it_on_the_plate,demo_1,105,agentview,akita_black_bowl_1,is_left_of,cookies_1
pick_up_the_black_bowl_next_to_the_plate_and_place_it_on_the_plate,demo_1,105,agentview,cookies_1,is_right_of,akita_black_bowl_1
pick_up_the_black_bowl_next_to_the_plate_and_place_it_on_the_plate,demo_1,105,agentview,akita_black_bowl_1,is_left_of,flat_stove_1
pick_up_the_black_bowl_next_to_the_plate_and_place_it_on_the_plate,demo_1,105,agentview,flat_stove_1,is_right_of,akita_black_bowl_1
pick_up_the_black_bowl_next_to_the_plate_and_place_it_on_the_plate,demo_1,105,agentview,akita_black_bowl_1,is_left_of,glazed_rim_porcelain_ramekin_1
pick_up_the_black_bowl_next_to_the_plate_and_place_it_on_the_plate,demo_1,105,agentview,glazed_rim_porcelain_ramekin_1,is_right_of,akita_black_bowl_1
pick_up_the_black_bowl_next_to_the_plate_and_place_it_on_the_plate,demo_1,105,agentview,akita_black_bowl_1,is_behind,plate_1
pick_up_the_black_bowl_next_to_the_plate_and_place_it_on_the_plate,demo_1,105,agentview,plate_1,is_in_front_of,akita_black_bowl_1
pick_up_the_black_bowl_next_to_the_plate_and_place_it_on_the_plate,demo_1,105,agentview,akita_black_bowl_1,is_left_of,wooden_cabinet_1
pick_up_the_black_bowl_next_to_the_plate_and_place_it_on_the_plate,demo_1,105,agentview,wooden_cabinet_1,is_right_of,akita_black_bowl_1
pick_up_the_black_bowl_next_to_the_plate_and_place_it_on_the_plate,demo_1,105,agentview,akita_black_bowl_2,is_left_of,cookies_1
pick_up_the_black_bowl_next_to_the_plate_and_place_it_on_the_plate,demo_1,105,agentview,cookies_1,is_right_of,akita_black_bowl_2
pick_up_the_black_bowl_next_to_the_plate_and_place_it_on_the_plate,demo_1,105,agentview,akita_black_bowl_2,is_left_of,flat_stove_1
pick_up_the_black_bowl_next_to_the_plate_and_place_it_on_the_plate,demo_1,105,agentview,flat_stove_1,is_right_of,akita_black_bowl_2
pick_up_the_black_bowl_next_to_the_plate_and_place_it_on_the_plate,demo_1,105,agentview,akita_black_bowl_2,is_left_of,glazed_rim_porcelain_ramekin_1
pick_up_the_black_bowl_next_to_the_plate_and_place_it_on_the_plate,demo_1,105,agentview,glazed_rim_porcelain_ramekin_1,is_right_of,akita_black_bowl_2
pick_up_the_black_bowl_next_to_the_plate_and_place_it_on_the_plate,demo_1,105,agentview,akita_black_bowl_2,is_behind,plate_1
pick_up_the_black_bowl_next_to_the_plate_and_place_it_on_the_plate,demo_1,105,agentview,plate_1,is_in_front_of,akita_black_bowl_2
pick_up_the_black_bowl_next_to_the_plate_and_place_it_on_the_plate,demo_1,105,agentview,akita_black_bowl_2,is_left_of,wooden_cabinet_1
pick_up_the_black_bowl_next_to_the_plate_and_place_it_on_the_plate,demo_1,105,agentview,wooden_cabinet_1,is_right_of,akita_black_bowl_2
pick_up_the_black_bowl_next_to_the_plate_and_place_it_on_the_plate,demo_1,105,agentview,cookies_1,is_in_front_of,flat_stove_1
pick_up_the_black_bowl_next_to_the_plate_and_place_it_on_the_plate,demo_1,105,agentview,flat_stove_1,is_behind,cookies_1
pick_up_the_black_bowl_next_to_the_plate_and_place_it_on_the_plate,demo_1,105,agentview,cookies_1,is_in_front_of,glazed_rim_porcelain_ramekin_1
pick_up_the_black_bowl_next_to_the_plate_and_place_it_on_the_plate,demo_1,105,agentview,glazed_rim_porcelain_ramekin_1,is_behind,cookies_1
pick_up_the_black_bowl_next_to_the_plate_and_place_it_on_the_plate,demo_1,105,agentview,cookies_1,is_right_of,plate_1
pick_up_the_black_bowl_next_to_the_plate_and_place_it_on_the_plate,demo_1,105,agentview,plate_1,is_left_of,cookies_1
pick_up_the_black_bowl_next_to_the_plate_and_place_it_on_the_plate,demo_10,0,agentview,akita_black_bowl_1,is_behind,akita_black_bowl_2
pick_up_the_black_bowl_next_to_the_plate_and_place_it_on_the_plate,demo_10,0,agentview,akita_black_bowl_2,is_in_front_of,akita_black_bowl_1
pick_up_the_black_bowl_next_to_the_plate_and_place_it_on_the_plate,demo_10,0,agentview,akita_black_bowl_1,is_left_of,cookies_1
pick_up_the_black_bowl_next_to_the_plate_and_place_it_on_the_plate,demo_10,0,agentview,cookies_1,is_right_of,akita_black_bowl_1
pick_up_the_black_bowl_next_to_the_plate_and_place_it_on_the_plate,demo_10,0,agentview,akita_black_bowl_1,is_left_of,glazed_rim_porcelain_ramekin_1
pick_up_the_black_bowl_next_to_the_plate_and_place_it_on_the_plate,demo_10,0,agentview,glazed_rim_porcelain_ramekin_1,is_right_of,akita_black_bowl_1
pick_up_the_black_bowl_next_to_the_plate_and_place_it_on_the_plate,demo_10,0,agentview,akita_black_bowl_1,is_behind,plate_1
pick_up_the_black_bowl_next_to_the_plate_and_place_it_on_the_plate,demo_10,0,agentview,plate_1,is_in_front_of,akita_black_bowl_1
pick_up_the_black_bowl_next_to_the_plate_and_place_it_on_the_plate,demo_10,0,agentview,akita_black_bowl_1,is_left_of,wooden_cabinet_1
pick_up_the_black_bowl_next_to_the_plate_and_place_it_on_the_plate,demo_10,0,agentview,wooden_cabinet_1,is_right_of,akita_black_bowl_1
pick_up_the_black_bowl_next_to_the_plate_and_place_it_on_the_plate,demo_10,0,agentview,akita_black_bowl_1,is_left_of,flat_stove_1
pick_up_the_black_bowl_next_to_the_plate_and_place_it_on_the_plate,demo_10,0,agentview,flat_stove_1,is_right_of,akita_black_bowl_1
pick_up_the_black_bowl_next_to_the_plate_and_place_it_on_the_plate,demo_10,0,agentview,akita_black_bowl_2,is_left_of,cookies_1
pick_up_the_black_bowl_next_to_the_plate_and_place_it_on_the_plate,demo_10,0,agentview,cookies_1,is_right_of,akita_black_bowl_2
pick_up_the_black_bowl_next_to_the_plate_and_place_it_on_the_plate,demo_10,0,agentview,akita_black_bowl_2,is_left_of,glazed_rim_porcelain_ramekin_1
pick_up_the_black_bowl_next_to_the_plate_and_place_it_on_the_plate,demo_10,0,agentview,glazed_rim_porcelain_ramekin_1,is_right_of,akita_black_bowl_2
pick_up_the_black_bowl_next_to_the_plate_and_place_it_on_the_plate,demo_10,0,agentview,akita_black_bowl_2,is_left_of,plate_1
pick_up_the_black_bowl_next_to_the_plate_and_place_it_on_the_plate,demo_10,0,agentview,plate_1,is_right_of,akita_black_bowl_2
pick_up_the_black_bowl_next_to_the_plate_and_place_it_on_the_plate,demo_10,0,agentview,akita_black_bowl_2,is_left_of,wooden_cabinet_1
pick_up_the_black_bowl_next_to_the_plate_and_place_it_on_the_plate,demo_10,0,agentview,wooden_cabinet_1,is_right_of,akita_black_bowl_2
pick_up_the_black_bowl_next_to_the_plate_and_place_it_on_the_plate,demo_10,0,agentview,akita_black_bowl_2,is_left_of,flat_stove_1
pick_up_the_black_bowl_next_to_the_plate_and_place_it_on_the_plate,demo_10,0,agentview,flat_stove_1,is_right_of,akita_black_bowl_2
pick_up_the_black_bowl_next_to_the_plate_and_place_it_on_the_plate,demo_10,0,agentview,cookies_1,is_in_front_of,glazed_rim_porcelain_ramekin_1
pick_up_the_black_bowl_next_to_the_plate_and_place_it_on_the_plate,demo_10,0,agentview,glazed_rim_porcelain_ramekin_1,is_behind,cookies_1
pick_up_the_black_bowl_next_to_the_plate_and_place_it_on_the_plate,demo_10,0,agentview,cookies_1,is_right_of,plate_1
pick_up_the_black_bowl_next_to_the_plate_and_place_it_on_the_plate,demo_10,0,agentview,plate_1,is_left_of,cookies_1
pick_up_the_black_bowl_next_to_the_plate_and_place_it_on_the_plate,demo_10,0,agentview,cookies_1,is_left_of,wooden_cabinet_1
pick_up_the_black_bowl_next_to_the_plate_and_place_it_on_the_plate,demo_10,0,agentview,wooden_cabinet_1,is_right_of,cookies_1
pick_up_the_black_bowl_next_to_the_plate_and_place_it_on_the_plate,demo_10,0,agentview,cookies_1,is_in_front_of,flat_stove_1
pick_up_the_black_bowl_next_to_the_plate_and_place_it_on_the_plate,demo_10,0,agentview,flat_stove_1,is_behind,cookies_
pick_up_the_black_bowl_next_to_the_plate_and_place_it_on_the_plate,demo_10,5,agentview,akita_black_bowl_1,is_behind,akita_black_bowl_2
pick_up_the_black_bowl_next_to_the_plate_and_place_it_on_the_plate,demo_10,5,agentview,akita_black_bowl_1,is_left_of,cookies_1
pick_up_the_black_bowl_next_to_the_plate_and_place_it_on_the_plate,demo_10,5,agentview,akita_black_bowl_1,is_left_of,glazed_rim_porcelain_ramekin_1
pick_up_the_black_bowl_next_to_the_plate_and_place_it_on_the_plate,demo_10,5,agentview,akita_black_bowl_1,is_behind,plate_1
pick_up_the_black_bowl_next_to_the_plate_and_place_it_on_the_plate,demo_10,5,agentview,akita_black_bowl_1,is_left_of,wooden_cabinet_1
pick_up_the_black_bowl_next_to_the_plate_and_place_it_on_the_plate,demo_10,5,agentview,akita_black_bowl_1,is_left_of,flat_stove_1
pick_up_the_black_bowl_next_to_the_plate_and_place_it_on_the_plate,demo_10,5,agentview,akita_black_bowl_2,is_in_front_of,akita_black_bowl_1
pick_up_the_black_bowl_next_to_the_plate_and_place_it_on_the_plate,demo_10,5,agentview,akita_black_bowl_2,is_left_of,cookies_1
pick_up_the_black_bowl_next_to_the_plate_and_place_it_on_the_plate,demo_10,5,agentview,akita_black_bowl_2,is_left_of,glazed_rim_porcelain_ramekin_1
pick_up_the_black_bowl_next_to_the_plate_and_place_it_on_the_plate,demo_10,5,agentview,akita_black_bowl_2,is_left_of,plate_1
pick_up_the_black_bowl_next_to_the_plate_and_place_it_on_the_plate,demo_10,5,agentview,akita_black_bowl_2,is_left_of,wooden_cabinet_1
pick_up_the_black_bowl_next_to_the_plate_and_place_it_on_the_plate,demo_10,5,agentview,akita_black_bowl_2,is_left_of,flat_stove_1
pick_up_the_black_bowl_next_to_the_plate_and_place_it_on_the_plate,demo_10,5,agentview,cookies_1,is_right_of,akita_black_bowl_1
pick_up_the_black_bowl_next_to_the_plate_and_place_it_on_the_plate,demo_10,5,agentview,cookies_1,is_right_of,akita_black_bowl_2
pick_up_the_black_bowl_next_to_the_plate_and_place_it_on_the_plate,demo_10,5,agentview,cookies_1,is_in_front_of,glazed_rim_porcelain_ramekin_1
pick_up_the_black_bowl_next_to_the_plate_and_place_it_on_the_plate,demo_10,5,agentview,cookies_1,is_right_of,plate_1
pick_up_the_black_bowl_next_to_the_plate_and_place_it_on_the_plate,demo_10,5,agentview,cookies_1,is_left_of,wooden_cabinet_1
pick_up_the_black_bowl_next_to_the_plate_and_place_it_on_the_plate,demo_10,5,agentview,cookies_1,is_in_front_of,flat_stove_1
pick_up_the_black_bowl_next_to_the_plate_and_place_it_on_the_plate,demo_10,5,agentview,glazed_rim_porcelain_ramekin_1,is_right_of,akita_black_bowl_1
pick_up_the_black_bowl_next_to_the_plate_and_place_it_on_the_plate,demo_10,5,agentview,glazed_rim_porcelain_ramekin_1,is_right_of,akita_black_bowl_2
pick_up_the_black_bowl_next_to_the_plate_and_place_it_on_the_plate,demo_10,5,agentview,glazed_rim_porcelain_ramekin_1,is_behind,cookies_1
pick_up_the_black_bowl_next_to_the_plate_and_place_it_on_the_plate,demo_10,5,agentview,glazed_rim_porcelain_ramekin_1,is_behind,plate_1
pick_up_the_black_bowl_next_to_the_plate_and_place_it_on_the_plate,demo_10,5,agentview,glazed_rim_porcelain_ramekin_1,is_left_of,wooden_cabinet_1
pick_up_the_black_bowl_next_to_the_plate_and_place_it_on_the_plate,demo_10,5,agentview,glazed_rim_porcelain_ramekin_1,is_left_of,flat_stove_1
pick_up_the_black_bowl_next_to_the_plate_and_place_it_on_the_plate,demo_10,5,agentview,plate_1,is_in_front_of,akita_black_bowl_1
pick_up_the_black_bowl_next_to_the_plate_and_place_it_on_the_plate,demo_10,5,agentview,plate_1,is_right_of,akita_black_bowl_2
pick_up_the_black_bowl_next_to_the_plate_and_place_it_on_the_plate,demo_10,5,agentview,plate_1,is_left_of,cookies_1
pick_up_the_black_bowl_next_to_the_plate_and_place_it_on_the_plate,demo_10,5,agentview,plate_1,is_in_front_of,glazed_rim_porcelain_ramekin_1
pick_up_the_black_bowl_next_to_the_plate_and_place_it_on_the_plate,demo_10,5,agentview,plate_1,is_left_of,wooden_cabinet_1
pick_up_the_black_bowl_next_to_the_plate_and_place_it_on_the_plate,demo_10,5,agentview,plate_1,is_left_of,flat_stove_1
pick_up_the_black_bowl_next_to_the_plate_and_place_it_on_the_plate,demo_10,5,agentview,wooden_cabinet_1,is_right_of,akita_black_bowl_1
pick_up_the_black_bowl_next_to_the_plate_and_place_it_on_the_plate,demo_10,5,agentview,wooden_cabinet_1,is_right_of,akita_black_bowl_2
pick_up_the_black_bowl_next_to_the_plate_and_place_it_on_the_plate,demo_10,5,agentview,wooden_cabinet_1,is_right_of,cookies_1
pick_up_the_black_bowl_next_to_the_plate_and_place_it_on_the_plate,demo_10,5,agentview,wooden_cabinet_1,is_right_of,glazed_rim_porcelain_ramekin_1
pick_up_the_black_bowl_next_to_the_plate_and_place_it_on_the_plate,demo_10,5,agentview,wooden_cabinet_1,is_right_of,plate_1
pick_up_the_black_bowl_next_to_the_plate_and_place_it_on_the_plate,demo_10,5,agentview,wooden_cabinet_1,is_right_of,flat_stove_1
pick_up_the_black_bowl_next_to_the_plate_and_place_it_on_the_plate,demo_10,5,agentview,flat_stove_1,is_right_of,akita_black_bowl_1
pick_up_the_black_bowl_next_to_the_plate_and_place_it_on_the_plate,demo_10,5,agentview,flat_stove_1,is_right_of,akita_black_bowl_2
pick_up_the_black_bowl_next_to_the_plate_and_place_it_on_the_plate,demo_10,5,agentview,flat_stove_1,is_behind,cookies_1
pick_up_the_black_bowl_next_to_the_plate_and_place_it_on_the_plate,demo_10,5,agentview,flat_stove_1,is_right_of,glazed_rim_porcelain_ramekin_1
pick_up_the_black_bowl_next_to_the_plate_and_place_it_on_the_plate,demo_10,5,agentview,flat_stove_1,is_right_of,plate_1
pick_up_the_black_bowl_next_to_the_plate_and_place_it_on_the_plate,demo_10,5,agentview,flat_stove_1,is_left_of,wooden_cabinet_1
pick_up_the_black_bowl_next_to_the_plate_and_place_it_on_the_plate,demo_10,10,agentview,akita_black_bowl_1,is_behind,akita_black_bowl_2
pick_up_the_black_bowl_next_to_the_plate_and_place_it_on_the_plate,demo_10,10,agentview,akita_black_bowl_2,is_in_front_of,akita_black_bowl_1
pick_up_the_black_bowl_next_to_the_plate_and_place_it_on_the_plate,demo_10,10,agentview,akita_black_bowl_1,is_left_of,cookies_1
pick_up_the_black_bowl_next_to_the_plate_and_place_it_on_the_plate,demo_10,10,agentview,cookies_1,is_right_of,akita_black_bowl_1
pick_up_the_black_bowl_next_to_the_plate_and_place_it_on_the_plate,demo_10,10,agentview,akita_black_bowl_1,is_left_of,glazed_rim_porcelain_ramekin_1
pick_up_the_black_bowl_next_to_the_plate_and_place_it_on_the_plate,demo_10,10,agentview,glazed_rim_porcelain_ramekin_1,is_right_of,akita_black_bowl_1
pick_up_the_black_bowl_next_to_the_plate_and_place_it_on_the_plate,demo_10,10,agentview,akita_black_bowl_1,is_behind,plate_1
pick_up_the_black_bowl_next_to_the_plate_and_place_it_on_the_plate,demo_10,10,agentview,plate_1,is_in_front_of,akita_black_bowl_1
pick_up_the_black_bowl_next_to_the_plate_and_place_it_on_the_plate,demo_10,10,agentview,akita_black_bowl_1,is_left_of,wooden_cabinet_1
pick_up_the_black_bowl_next_to_the_plate_and_place_it_on_the_plate,demo_10,10,agentview,wooden_cabinet_1,is_right_of,akita_black_bowl_1
pick_up_the_black_bowl_next_to_the_plate_and_place_it_on_the_plate,demo_10,10,agentview,akita_black_bowl_1,is_left_of,flat_stove_1
pick_up_the_black_bowl_next_to_the_plate_and_place_it_on_the_plate,demo_10,10,agentview,flat_stove_1,is_right_of,akita_black_bowl_1
pick_up_the_black_bowl_next_to_the_plate_and_place_it_on_the_plate,demo_10,10,agentview,akita_black_bowl_2,is_left_of,cookies_1
pick_up_the_black_bowl_next_to_the_plate_and_place_it_on_the_plate,demo_10,10,agentview,cookies_1,is_right_of,akita_black_bowl_2
pick_up_the_black_bowl_next_to_the_plate_and_place_it_on_the_plate,demo_10,10,agentview,akita_black_bowl_2,is_left_of,glazed_rim_porcelain_ramekin_1
pick_up_the_black_bowl_next_to_the_plate_and_place_it_on_the_plate,demo_10,10,agentview,glazed_rim_porcelain_ramekin_1,is_right_of,akita_black_bowl_2
pick_up_the_black_bowl_next_to_the_plate_and_place_it_on_the_plate,demo_10,10,agentview,akita_black_bowl_2,is_left_of,plate_1
pick_up_the_black_bowl_next_to_the_plate_and_place_it_on_the_plate,demo_10,10,agentview,plate_1,is_right_of,akita_black_bowl_2
pick_up_the_black_bowl_next_to_the_plate_and_place_it_on_the_plate,demo_10,10,agentview,akita_black_bowl_2,is_left_of,wooden_cabinet_1
pick_up_the_black_bowl_next_to_the_plate_and_place_it_on_the_plate,demo_10,10,agentview,wooden_cabinet_1,is_right_of,akita_black_bowl_2
pick_up_the_black_bowl_next_to_the_plate_and_place_it_on_the_plate,demo_10,10,agentview,akita_black_bowl_2,is_left_of,flat_stove_1
pick_up_the_black_bowl_next_to_the_plate_and_place_it_on_the_plate,demo_10,10,agentview,flat_stove_1,is_right_of,akita_black_bowl_2
pick_up_the_black_bowl_next_to_the_plate_and_place_it_on_the_plate,demo_10,10,agentview,cookies_1,is_right_of,glazed_rim_porcelain_ramekin_1
pick_up_the_black_bowl_next_to_the_plate_and_place_it_on_the_plate,demo_10,10,agentview,glazed_rim_porcelain_ramekin_1,is_left_of,cookies_1
pick_up_the_black_bowl_next_to_the_plate_and_place_it_on_the_plate,demo_10,10,agentview,cookies_1,is_right_of,plate_1
pick_up_the_black_bowl_next_to_the_plate_and_place_it_on_the_plate,demo_10,10,agentview,plate_1,is_left_of,cookies_1
pick_up_the_black_bowl_next_to_the_plate_and_place_it_on_the_plate,demo_10,10,agentview,cookies_1,is_left_of,wooden_cabinet_1
pick_up_the_black_bowl_next_to_the_plate_and_place_it_on_the_plate,demo_10,10,agentview,wooden_cabinet_1,is_right_of,cookies_1
pick_up_the_black_bowl_next_to_the_plate_and_place_it_on_the_plate,demo_10,10,agentview,cookies_1,is_left_of,flat_stove_1
pick_up_the_black_bowl_next_to_the_plate_and_place_it_on_the_plate,demo_10,10,agentview,flat_stove_1,is_right_of,cookies_1
pick_up_the_black_bowl_next_to_the_plate_and_place_it_on_the_plate,demo_10,10,agentview,glazed_rim_porcelain_ramekin_1,is_behind,plate_1
pick_up_the_black_bowl_next_to_the_plate_and_place_it_on_the_plate,demo_10,10,agentview,plate_1,is_in_front_of,glazed_rim_porcelain_ramekin_1
pick_up_the_black_bowl_next_to_the_plate_and_place_it_on_the_plate,demo_10,10,agentview,glazed_rim_porcelain_ramekin_1,is_left_of,wooden_cabinet_1
pick_up_the_black_bowl_next_to_the_plate_and_place_it_on_the_plate,demo_10,10,agentview,wooden_cabinet_1,is_right_of,glazed_rim_porcelain_ramekin_1
pick_up_the_black_bowl_next_to_the_plate_and_place_it_on_the_plate,demo_10,10,agentview,glazed_rim_porcelain_ramekin_1,is_left_of,flat_stove_1
pick_up_the_black_bowl_next_to_the_plate_and_place_it_on_the_plate,demo_10,10,agentview,flat_stove_1,is_right_of,glazed_rim_porcelain_ramekin_1
pick_up_the_black_bowl_next_to_the_plate_and_place_it_on_the_plate,demo_10,10,agentview,plate_1,is_left_of,wooden_cabinet_1
pick_up_the_black_bowl_next_to_the_plate_and_place_it_on_the_plate,demo_10,10,agentview,wooden_cabinet_1,is_right_of,plate_1
pick_up_the_black_bowl_next_to_the_plate_and_place_it_on_the_plate,demo_10,10,agentview,plate_1,is_left_of,flat_stove_1
pick_up_the_black_bowl_next_to_the_plate_and_place_it_on_the_plate,demo_10,10,agentview,flat_stove_1,is_right_of,plate_1
pick_up_the_black_bowl_next_to_the_plate_and_place_it_on_the_plate,demo_10,10,agentview,wooden_cabinet_1,is_in_front_of,flat_stove_1
pick_up_the_black_bowl_next_to_the_plate_and_place_it_on_the_plate,demo_10,10,agentview,flat_stove_1,is_behind,wooden_cabinet_1
pick_up_the_black_bowl_next_to_the_plate_and_place_it_on_the_plate,demo_10,15,agentview,akita_black_bowl_1,is_behind,akita_black_bowl_2
pick_up_the_black_bowl_next_to_the_plate_and_place_it_on_the_plate,demo_10,15,agentview,akita_black_bowl_2,is_in_front_of,akita_black_bowl_1
pick_up_the_black_bowl_next_to_the_plate_and_place_it_on_the_plate,demo_10,15,agentview,akita_black_bowl_1,is_behind,cookies_1
pick_up_the_black_bowl_next_to_the_plate_and_place_it_on_the_plate,demo_10,15,agentview,cookies_1,is_in_front_of,akita_black_bowl_1
pick_up_the_black_bowl_next_to_the_plate_and_place_it_on_the_plate,demo_10,15,agentview,akita_black_bowl_1,is_left_of,glazed_rim_porcelain_ramekin_1
pick_up_the_black_bowl_next_to_the_plate_and_place_it_on_the_plate,demo_10,15,agentview,glazed_rim_porcelain_ramekin_1,is_right_of,akita_black_bowl_1
pick_up_the_black_bowl_next_to_the_plate_and_place_it_on_the_plate,demo_10,15,agentview,akita_black_bowl_1,is_behind,plate_1
pick_up_the_black_bowl_next_to_the_plate_and_place_it_on_the_plate,demo_10,15,agentview,plate_1,is_in_front_of,akita_black_bowl_1
pick_up_the_black_bowl_next_to_the_plate_and_place_it_on_the_plate,demo_10,15,agentview,akita_black_bowl_1,is_left_of,wooden_cabinet_1
pick_up_the_black_bowl_next_to_the_plate_and_place_it_on_the_plate,demo_10,15,agentview,wooden_cabinet_1,is_right_of,akita_black_bowl_1
pick_up_the_black_bowl_next_to_the_plate_and_place_it_on_the_plate,demo_10,15,agentview,akita_black_bowl_1,is_left_of,flat_stove_1
pick_up_the_black_bowl_next_to_the_plate_and_place_it_on_the_plate,demo_10,15,agentview,flat_stove_1,is_right_of,akita_black_bowl_1
pick_up_the_black_bowl_next_to_the_plate_and_place_it_on_the_plate,demo_10,15,agentview,akita_black_bowl_2,is_left_of,cookies_1
pick_up_the_black_bowl_next_to_the_plate_and_place_it_on_the_plate,demo_10,15,agentview,cookies_1,is_right_of,akita_black_bowl_2
pick_up_the_black_bowl_next_to_the_plate_and_place_it_on_the_plate,demo_10,15,agentview,akita_black_bowl_2,is_in_front_of,glazed_rim_porcelain_ramekin_1
pick_up_the_black_bowl_next_to_the_plate_and_place_it_on_the_plate,demo_10,15,agentview,glazed_rim_porcelain_ramekin_1,is_behind,akita_black_bowl_2
pick_up_the_black_bowl_next_to_the_plate_and_place_it_on_the_plate,demo_10,15,agentview,akita_black_bowl_2,is_left_of,plate_1
pick_up_the_black_bowl_next_to_the_plate_and_place_it_on_the_plate,demo_10,15,agentview,plate_1,is_right_of,akita_black_bowl_2
pick_up_the_black_bowl_next_to_the_plate_and_place_it_on_the_plate,demo_10,15,agentview,akita_black_bowl_2,is_left_of,wooden_cabinet_1
pick_up_the_black_bowl_next_to_the_plate_and_place_it_on_the_plate,demo_10,15,agentview,wooden_cabinet_1,is_right_of,akita_black_bowl_2
pick_up_the_black_bowl_next_to_the_plate_and_place_it_on_the_plate,demo_10,15,agentview,akita_black_bowl_2,is_left_of,flat_stove_1
pick_up_the_black_bowl_next_to_the_plate_and_place_it_on_the_plate,demo_10,15,agentview,flat_stove_1,is_right_of,akita_black_bowl_2
pick_up_the_black_bowl_next_to_the_plate_and_place_it_on_the_plate,demo_10,15,agentview,cookies_1,is_in_front_of,glazed_rim_porcelain_ramekin_1
pick_up_the_black_bowl_next_to_the_plate_and_place_it_on_the_plate,demo_10,15,agentview,glazed_rim_porcelain_ramekin_1,is_behind,cookies_1
pick_up_the_black_bowl_next_to_the_plate_and_place_it_on_the_plate,demo_10,15,agentview,cookies_1,is_right_of,plate_1
pick_up_the_black_bowl_next_to_the_plate_and_place_it_on_the_plate,demo_10,15,agentview,plate_1,is_left_of,cookies_1
pick_up_the_black_bowl_next_to_the_plate_and_place_it_on_the_plate,demo_10,15,agentview,cookies_1,is_left_of,wooden_cabinet_1
pick_up_the_black_bowl_next_to_the_plate_and_place_it_on_the_plate,demo_10,15,agentview,wooden_cabinet_1,is_right_of,cookies_1
pick_up_the_black_bowl_next_to_the_plate_and_place_it_on_the_plate,demo_10,15,agentview,cookies_1,is_in_front_of,flat_stove_1
pick_up_the_black_bowl_next_to_the_plate_and_place_it_on_the_plate,demo_10,15,agentview,flat_stove_1,is_behind,cookies_1
pick_up_the_black_bowl_next_to_the_plate_and_place_it_on_the_plate,demo_10,15,agentview,glazed_rim_porcelain_ramekin_1,is_behind,plate_1
pick_up_the_black_bowl_next_to_the_plate_and_place_it_on_the_plate,demo_10,15,agentview,plate_1,is_in_front_of,glazed_rim_porcelain_ramekin_1
pick_up_the_black_bowl_next_to_the_plate_and_place_it_on_the_plate,demo_10,15,agentview,glazed_rim_porcelain_ramekin_1,is_left_of,wooden_cabinet_1
pick_up_the_black_bowl_next_to_the_plate_and_place_it_on_the_plate,demo_10,15,agentview,wooden_cabinet_1,is_right_of,glazed_rim_porcelain_ramekin_1
pick_up_the_black_bowl_next_to_the_plate_and_place_it_on_the_plate,demo_10,15,agentview,glazed_rim_porcelain_ramekin_1,is_left_of,flat_stove_1
pick_up_the_black_bowl_next_to_the_plate_and_place_it_on_the_plate,demo_10,15,agentview,flat_stove_1,is_right_of,glazed_rim_porcelain_ramekin_1
pick_up_the_black_bowl_next_to_the_plate_and_place_it_on_the_plate,demo_10,15,agentview,plate_1,is_left_of,wooden_cabinet_1
pick_up_the_black_bowl_next_to_the_plate_and_place_it_on_the_plate,demo_10,15,agentview,wooden_cabinet_1,is_right_of,plate_1
pick_up_the_black_bowl_next_to_the_plate_and_place_it_on_the_plate,demo_10,15,agentview,plate_1,is_left_of,flat_stove_1
pick_up_the_black_bowl_next_to_the_plate_and_place_it_on_the_plate,demo_10,15,agentview,flat_stove_1,is_right_of,plate_1
pick_up_the_black_bowl_next_to_the_plate_and_place_it_on_the_plate,demo_10,15,agentview,wooden_cabinet_1,is_in_front_of,flat_stove_1
pick_up_the_black_bowl_next_to_the_plate_and_place_it_on_the_plate,demo_10,15,agentview,flat_stove_1,is_behind,wooden_cabinet_1
pick_up_the_black_bowl_next_to_the_plate_and_place_it_on_the_plate,demo_10,20,agentview,akita_black_bowl_1,is_behind,akita_black_bowl_2
pick_up_the_black_bowl_next_to_the_plate_and_place_it_on_the_plate,demo_10,20,agentview,akita_black_bowl_1,is_left_of,cookies_1
pick_up_the_black_bowl_next_to_the_plate_and_place_it_on_the_plate,demo_10,20,agentview,akita_black_bowl_1,is_left_of,glazed_rim_porcelain_ramekin_1
pick_up_the_black_bowl_next_to_the_plate_and_place_it_on_the_plate,demo_10,20,agentview,akita_black_bowl_1,is_behind,plate_1
pick_up_the_black_bowl_next_to_the_plate_and_place_it_on_the_plate,demo_10,20,agentview,akita_black_bowl_1,is_left_of,wooden_cabinet_1
pick_up_the_black_bowl_next_to_the_plate_and_place_it_on_the_plate,demo_10,20,agentview,akita_black_bowl_1,is_left_of,flat_stove_1
pick_up_the_black_bowl_next_to_the_plate_and_place_it_on_the_plate,demo_10,20,agentview,akita_black_bowl_2,is_in_front_of,akita_black_bowl_1
pick_up_the_black_bowl_next_to_the_plate_and_place_it_on_the_plate,demo_10,20,agentview,akita_black_bowl_2,is_left_of,cookies_1
pick_up_the_black_bowl_next_to_the_plate_and_place_it_on_the_plate,demo_10,20,agentview,akita_black_bowl_2,is_left_of,glazed_rim_porcelain_ramekin_1
pick_up_the_black_bowl_next_to_the_plate_and_place_it_on_the_plate,demo_10,20,agentview,akita_black_bowl_2,is_left_of,plate_1
pick_up_the_black_bowl_next_to_the_plate_and_place_it_on_the_plate,demo_10,20,agentview,akita_black_bowl_2,is_left_of,wooden_cabinet_1
pick_up_the_black_bowl_next_to_the_plate_and_place_it_on_the_plate,demo_10,20,agentview,akita_black_bowl_2,is_left_of,flat_stove_1
pick_up_the_black_bowl_next_to_the_plate_and_place_it_on_the_plate,demo_10,20,agentview,cookies_1,is_right_of,akita_black_bowl_1
pick_up_the_black_bowl_next_to_the_plate_and_place_it_on_the_plate,demo_10,20,agentview,cookies_1,is_right_of,akita_black_bowl_2
pick_up_the_black_bowl_next_to_the_plate_and_place_it_on_the_plate,demo_10,20,agentview,cookies_1,is_right_of,glazed_rim_porcelain_ramekin_1
pick_up_the_black_bowl_next_to_the_plate_and_place_it_on_the_plate,demo_10,20,agentview,cookies_1,is_right_of,plate_1
pick_up_the_black_bowl_next_to_the_plate_and_place_it_on_the_plate,demo_10,20,agentview,cookies_1,is_left_of,wooden_cabinet_1
pick_up_the_black_bowl_next_to_the_plate_and_place_it_on_the_plate,demo_10,20,agentview,cookies_1,is_in_front_of,flat_stove_1
pick_up_the_black_bowl_next_to_the_plate_and_place_it_on_the_plate,demo_10,20,agentview,glazed_rim_porcelain_ramekin_1,is_right_of,akita_black_bowl_1
pick_up_the_black_bowl_next_to_the_plate_and_place_it_on_the_plate,demo_10,20,agentview,glazed_rim_porcelain_ramekin_1,is_right_of,akita_black_bowl_2
pick_up_the_black_bowl_next_to_the_plate_and_place_it_on_the_plate,demo_10,20,agentview,glazed_rim_porcelain_ramekin_1,is_left_of,cookies_1
pick_up_the_black_bowl_next_to_the_plate_and_place_it_on_the_plate,demo_10,20,agentview,glazed_rim_porcelain_ramekin_1,is_behind,plate_1
pick_up_the_black_bowl_next_to_the_plate_and_place_it_on_the_plate,demo_10,20,agentview,glazed_rim_porcelain_ramekin_1,is_left_of,wooden_cabinet_1
pick_up_the_black_bowl_next_to_the_plate_and_place_it_on_the_plate,demo_10,20,agentview,glazed_rim_porcelain_ramekin_1,is_left_of,flat_stove_1
pick_up_the_black_bowl_next_to_the_plate_and_place_it_on_the_plate,demo_10,20,agentview,plate_1,is_in_front_of,akita_black_bowl_1
pick_up_the_black_bowl_next_to_the_plate_and_place_it_on_the_plate,demo_10,20,agentview,plate_1,is_right_of,akita_black_bowl_2
pick_up_the_black_bowl_next_to_the_plate_and_place_it_on_the_plate,demo_10,20,agentview,plate_1,is_left_of,cookies_1
pick_up_the_black_bowl_next_to_the_plate_and_place_it_on_the_plate,demo_10,20,agentview,plate_1,is_in_front_of,glazed_rim_porcelain_ramekin_1
pick_up_the_black_bowl_next_to_the_plate_and_place_it_on_the_plate,demo_10,20,agentview,plate_1,is_left_of,wooden_cabinet_1
pick_up_the_black_bowl_next_to_the_plate_and_place_it_on_the_plate,demo_10,20,agentview,plate_1,is_left_of,flat_stove_1
pick_up_the_black_bowl_next_to_the_plate_and_place_it_on_the_plate,demo_10,20,agentview,wooden_cabinet_1,is_right_of,akita_black_bowl_1
pick_up_the_black_bowl_next_to_the_plate_and_place_it_on_the_plate,demo_10,20,agentview,wooden_cabinet_1,is_right_of,akita_black_bowl_2
pick_up_the_black_bowl_next_to_the_plate_and_place_it_on_the_plate,demo_10,20,agentview,wooden_cabinet_1,is_right_of,cookies_1
pick_up_the_black_bowl_next_to_the_plate_and_place_it_on_the_plate,demo_10,20,agentview,wooden_cabinet_1,is_right_of,glazed_rim_porcelain_ramekin_1
pick_up_the_black_bowl_next_to_the_plate_and_place_it_on_the_plate,demo_10,20,agentview,wooden_cabinet_1,is_right_of,plate_1
pick_up_the_black_bowl_next_to_the_plate_and_place_it_on_the_plate,demo_10,20,agentview,wooden_cabinet_1,is_right_of,flat_stove_1
pick_up_the_black_bowl_next_to_the_plate_and_place_it_on_the_plate,demo_10,20,agentview,flat_stove_1,is_right_of,akita_black_bowl_1
pick_up_the_black_bowl_next_to_the_plate_and_place_it_on_the_plate,demo_10,20,agentview,flat_stove_1,is_right_of,akita_black_bowl_2
pick_up_the_black_bowl_next_to_the_plate_and_place_it_on_the_plate,demo_10,20,agentview,flat_stove_1,is_behind,cookies_1
pick_up_the_black_bowl_next_to_the_plate_and_place_it_on_the_plate,demo_10,20,agentview,flat_stove_1,is_right_of,glazed_rim_porcelain_ramekin_1
pick_up_the_black_bowl_next_to_the_plate_and_place_it_on_the_plate,demo_10,20,agentview,flat_stove_1,is_right_of,plate_1
pick_up_the_black_bowl_next_to_the_plate_and_place_it_on_the_plate,demo_10,20,agentview,flat_stove_1,is_left_of,wooden_cabinet_1
pick_up_the_black_bowl_next_to_the_plate_and_place_it_on_the_plate,demo_10,25,agentview,akita_black_bowl_1,is_behind,akita_black_bowl_2
pick_up_the_black_bowl_next_to_the_plate_and_place_it_on_the_plate,demo_10,25,agentview,akita_black_bowl_2,is_in_front_of,akita_black_bowl_1
pick_up_the_black_bowl_next_to_the_plate_and_place_it_on_the_plate,demo_10,25,agentview,akita_black_bowl_1,is_left_of,cookies_1
pick_up_the_black_bowl_next_to_the_plate_and_place_it_on_the_plate,demo_10,25,agentview,cookies_1,is_right_of,akita_black_bowl_1
pick_up_the_black_bowl_next_to_the_plate_and_place_it_on_the_plate,demo_10,25,agentview,akita_black_bowl_1,is_left_of,glazed_rim_porcelain_ramekin_1
pick_up_the_black_bowl_next_to_the_plate_and_place_it_on_the_plate,demo_10,25,agentview,glazed_rim_porcelain_ramekin_1,is_right_of,akita_black_bowl_1
pick_up_the_black_bowl_next_to_the_plate_and_place_it_on_the_plate,demo_10,25,agentview,akita_black_bowl_1,is_behind,plate_1
pick_up_the_black_bowl_next_to_the_plate_and_place_it_on_the_plate,demo_10,25,agentview,plate_1,is_in_front_of,akita_black_bowl_1
pick_up_the_black_bowl_next_to_the_plate_and_place_it_on_the_plate,demo_10,25,agentview,akita_black_bowl_1,is_left_of,wooden_cabinet_1
pick_up_the_black_bowl_next_to_the_plate_and_place_it_on_the_plate,demo_10,25,agentview,wooden_cabinet_1,is_right_of,akita_black_bowl_1
pick_up_the_black_bowl_next_to_the_plate_and_place_it_on_the_plate,demo_10,25,agentview,akita_black_bowl_1,is_left_of,flat_stove_1
pick_up_the_black_bowl_next_to_the_plate_and_place_it_on_the_plate,demo_10,25,agentview,flat_stove_1,is_right_of,akita_black_bowl_1
pick_up_the_black_bowl_next_to_the_plate_and_place_it_on_the_plate,demo_10,25,agentview,akita_black_bowl_2,is_left_of,cookies_1
pick_up_the_black_bowl_next_to_the_plate_and_place_it_on_the_plate,demo_10,25,agentview,cookies_1,is_right_of,akita_black_bowl_2
pick_up_the_black_bowl_next_to_the_plate_and_place_it_on_the_plate,demo_10,25,agentview,akita_black_bowl_2,is_in_front_of,glazed_rim_porcelain_ramekin_1
pick_up_the_black_bowl_next_to_the_plate_and_place_it_on_the_plate,demo_10,25,agentview,glazed_rim_porcelain_ramekin_1,is_behind,akita_black_bowl_2
pick_up_the_black_bowl_next_to_the_plate_and_place_it_on_the_plate,demo_10,25,agentview,akita_black_bowl_2,is_left_of,plate_1
pick_up_the_black_bowl_next_to_the_plate_and_place_it_on_the_plate,demo_10,25,agentview,plate_1,is_right_of,akita_black_bowl_2
pick_up_the_black_bowl_next_to_the_plate_and_place_it_on_the_plate,demo_10,25,agentview,akita_black_bowl_2,is_left_of,wooden_cabinet_1
pick_up_the_black_bowl_next_to_the_plate_and_place_it_on_the_plate,demo_10,25,agentview,wooden_cabinet_1,is_right_of,akita_black_bowl_2
pick_up_the_black_bowl_next_to_the_plate_and_place_it_on_the_plate,demo_10,25,agentview,akita_black_bowl_2,is_left_of,flat_stove_1
pick_up_the_black_bowl_next_to_the_plate_and_place_it_on_the_plate,demo_10,25,agentview,flat_stove_1,is_right_of,akita_black_bowl_2
pick_up_the_black_bowl_next_to_the_plate_and_place_it_on_the_plate,demo_10,25,agentview,cookies_1,is_in_front_of,glazed_rim_porcelain_ramekin_1
pick_up_the_black_bowl_next_to_the_plate_and_place_it_on_the_plate,demo_10,25,agentview,glazed_rim_porcelain_ramekin_1,is_behind,cookies_1
pick_up_the_black_bowl_next_to_the_plate_and_place_it_on_the_plate,demo_10,25,agentview,cookies_1,is_right_of,plate_1
pick_up_the_black_bowl_next_to_the_plate_and_place_it_on_the_plate,demo_10,25,agentview,plate_1,is_left_of,cookies_1
pick_up_the_black_bowl_next_to_the_plate_and_place_it_on_the_plate,demo_10,25,agentview,cookies_1,is_left_of,wooden_cabinet_1
pick_up_the_black_bowl_next_to_the_plate_and_place_it_on_the_plate,demo_10,25,agentview,wooden_cabinet_1,is_right_of,cookies_1
pick_up_the_black_bowl_next_to_the_plate_and_place_it_on_the_plate,demo_10,25,agentview,cookies_1,is_in_front_of,flat_stove_1
pick_up_the_black_bowl_next_to_the_plate_and_place_it_on_the_plate,demo_10,25,agentview,flat_stove_1,is_behind,cookies_1
pick_up_the_black_bowl_next_to_the_plate_and_place_it_on_the_plate,demo_10,25,agentview,glazed_rim_porcelain_ramekin_1,is_behind,plate_1
pick_up_the_black_bowl_next_to_the_plate_and_place_it_on_the_plate,demo_10,25,agentview,plate_1,is_in_front_of,glazed_rim_porcelain_ramekin_1
pick_up_the_black_bowl_next_to_the_plate_and_place_it_on_the_plate,demo_10,25,agentview,glazed_rim_porcelain_ramekin_1,is_left_of,wooden_cabinet_1
pick_up_the_black_bowl_next_to_the_plate_and_place_it_on_the_plate,demo_10,25,agentview,wooden_cabinet_1,is_right_of,glazed_rim_porcelain_ramekin_1
pick_up_the_black_bowl_next_to_the_plate_and_place_it_on_the_plate,demo_10,25,agentview,glazed_rim_porcelain_ramekin_1,is_left_of,flat_stove_1
pick_up_the_black_bowl_next_to_the_plate_and_place_it_on_the_plate,demo_10,25,agentview,flat_stove_1,is_right_of,glazed_rim_porcelain_ramekin_1
pick_up_the_black_bowl_next_to_the_plate_and_place_it_on_the_plate,demo_10,25,agentview,plate_1,is_left_of,wooden_cabinet_1
pick_up_the_black_bowl_next_to_the_plate_and_place_it_on_the_plate,demo_10,25,agentview,wooden_cabinet_1,is_right_of,plate_1
pick_up_the_black_bowl_next_to_the_plate_and_place_it_on_the_plate,demo_10,25,agentview,plate_1,is_left_of,flat_stove_1
pick_up_the_black_bowl_next_to_the_plate_and_place_it_on_the_plate,demo_10,25,agentview,flat_stove_1,is_right_of,plate_1
pick_up_the_black_bowl_next_to_the_plate_and_place_it_on_the_plate,demo_10,25,agentview,wooden_cabinet_1,is_right_of,flat_stove_1
pick_up_the_black_bowl_next_to_the_plate_and_place_it_on_the_plate,demo_10,25,agentview,flat_stove_1,is_left_of,wooden_cabinet_1
pick_up_the_black_bowl_next_to_the_plate_and_place_it_on_the_plate,demo_10,30,agentview,akita_black_bowl_1,is_in_front_of,akita_black_bowl_2
pick_up_the_black_bowl_next_to_the_plate_and_place_it_on_the_plate,demo_10,30,agentview,akita_black_bowl_2,is_behind,akita_black_bowl_1
pick_up_the_black_bowl_next_to_the_plate_and_place_it_on_the_plate,demo_10,30,agentview,akita_black_bowl_1,is_left_of,cookies_1
pick_up_the_black_bowl_next_to_the_plate_and_place_it_on_the_plate,demo_10,30,agentview,cookies_1,is_right_of,akita_black_bowl_1
pick_up_the_black_bowl_next_to_the_plate_and_place_it_on_the_plate,demo_10,30,agentview,akita_black_bowl_1,is_in_front_of,glazed_rim_porcelain_ramekin_1
pick_up_the_black_bowl_next_to_the_plate_and_place_it_on_the_plate,demo_10,30,agentview,glazed_rim_porcelain_ramekin_1,is_behind,akita_black_bowl_1
pick_up_the_black_bowl_next_to_the_plate_and_place_it_on_the_plate,demo_10,30,agentview,akita_black_bowl_1,is_left_of,plate_1
pick_up_the_black_bowl_next_to_the_plate_and_place_it_on_the_plate,demo_10,30,agentview,plate_1,is_right_of,akita_black_bowl_1
pick_up_the_black_bowl_next_to_the_plate_and_place_it_on_the_plate,demo_10,30,agentview,akita_black_bowl_1,is_left_of,wooden_cabinet_1
pick_up_the_black_bowl_next_to_the_plate_and_place_it_on_the_plate,demo_10,30,agentview,wooden_cabinet_1,is_right_of,akita_black_bowl_1
pick_up_the_black_bowl_next_to_the_plate_and_place_it_on_the_plate,demo_10,30,agentview,akita_black_bowl_1,is_left_of,flat_stove_1
pick_up_the_black_bowl_next_to_the_plate_and_place_it_on_the_plate,demo_10,30,agentview,flat_stove_1,is_right_of,akita_black_bowl_1
pick_up_the_black_bowl_next_to_the_plate_and_place_it_on_the_plate,demo_10,30,agentview,akita_black_bowl_2,is_left_of,cookies_1
pick_up_the_black_bowl_next_to_the_plate_and_place_it_on_the_plate,demo_10,30,agentview,cookies_1,is_right_of,akita_black_bowl_2
pick_up_the_black_bowl_next_to_the_plate_and_place_it_on_the_plate,demo_10,30,agentview,akita_black_bowl_2,is_left_of,glazed_rim_porcelain_ramekin_1
pick_up_the_black_bowl_next_to_the_plate_and_place_it_on_the_plate,demo_10,30,agentview,glazed_rim_porcelain_ramekin_1,is_right_of,akita_black_bowl_2
pick_up_the_black_bowl_next_to_the_plate_and_place_it_on_the_plate,demo_10,30,agentview,akita_black_bowl_2,is_behind,plate_1
pick_up_the_black_bowl_next_to_the_plate_and_place_it_on_the_plate,demo_10,30,agentview,plate_1,is_in_front_of,akita_black_bowl_2
pick_up_the_black_bowl_next_to_the_plate_and_place_it_on_the_plate,demo_10,30,agentview,akita_black_bowl_2,is_left_of,wooden_cabinet_1
pick_up_the_black_bowl_next_to_the_plate_and_place_it_on_the_plate,demo_10,30,agentview,wooden_cabinet_1,is_right_of,akita_black_bowl_2
pick_up_the_black_bowl_next_to_the_plate_and_place_it_on_the_plate,demo_10,30,agentview,akita_black_bowl_2,is_left_of,flat_stove_1
pick_up_the_black_bowl_next_to_the_plate_and_place_it_on_the_plate,demo_10,30,agentview,flat_stove_1,is_right_of,akita_black_bowl_2
pick_up_the_black_bowl_next_to_the_plate_and_place_it_on_the_plate,demo_10,30,agentview,cookies_1,is_right_of,glazed_rim_porcelain_ramekin_1
pick_up_the_black_bowl_next_to_the_plate_and_place_it_on_the_plate,demo_10,30,agentview,glazed_rim_porcelain_ramekin_1,is_left_of,cookies_1
pick_up_the_black_bowl_next_to_the_plate_and_place_it_on_the_plate,demo_10,30,agentview,cookies_1,is_right_of,plate_1
pick_up_the_black_bowl_next_to_the_plate_and_place_it_on_the_plate,demo_10,30,agentview,plate_1,is_left_of,cookies_1
pick_up_the_black_bowl_next_to_the_plate_and_place_it_on_the_plate,demo_10,30,agentview,cookies_1,is_left_of,wooden_cabinet_1
pick_up_the_black_bowl_next_to_the_plate_and_place_it_on_the_plate,demo_10,35,agentview,akita_black_bowl_1,is_in_front_of,akita_black_bowl_2
pick_up_the_black_bowl_next_to_the_plate_and_place_it_on_the_plate,demo_10,35,agentview,akita_black_bowl_2,is_behind,akita_black_bowl_1
pick_up_the_black_bowl_next_to_the_plate_and_place_it_on_the_plate,demo_10,35,agentview,akita_black_bowl_1,is_left_of,cookies_1
pick_up_the_black_bowl_next_to_the_plate_and_place_it_on_the_plate,demo_10,35,agentview,cookies_1,is_right_of,akita_black_bowl_1
pick_up_the_black_bowl_next_to_the_plate_and_place_it_on_the_plate,demo_10,35,agentview,akita_black_bowl_1,is_in_front_of,glazed_rim_porcelain_ramekin_1
pick_up_the_black_bowl_next_to_the_plate_and_place_it_on_the_plate,demo_10,35,agentview,glazed_rim_porcelain_ramekin_1,is_behind,akita_black_bowl_1
pick_up_the_black_bowl_next_to_the_plate_and_place_it_on_the_plate,demo_10,35,agentview,akita_black_bowl_1,is_left_of,plate_1
pick_up_the_black_bowl_next_to_the_plate_and_place_it_on_the_plate,demo_10,35,agentview,plate_1,is_right_of,akita_black_bowl_1
pick_up_the_black_bowl_next_to_the_plate_and_place_it_on_the_plate,demo_10,35,agentview,akita_black_bowl_1,is_left_of,wooden_cabinet_1
pick_up_the_black_bowl_next_to_the_plate_and_place_it_on_the_plate,demo_10,35,agentview,wooden_cabinet_1,is_right_of,akita_black_bowl_1
pick_up_the_black_bowl_next_to_the_plate_and_place_it_on_the_plate,demo_10,35,agentview,akita_black_bowl_1,is_in_front_of,flat_stove_1
pick_up_the_black_bowl_next_to_the_plate_and_place_it_on_the_plate,demo_10,35,agentview,flat_stove_1,is_behind,akita_black_bowl_1
pick_up_the_black_bowl_next_to_the_plate_and_place_it_on_the_plate,demo_10,35,agentview,akita_black_bowl_2,is_behind,cookies_1
pick_up_the_black_bowl_next_to_the_plate_and_place_it_on_the_plate,demo_10,35,agentview,cookies_1,is_in_front_of,akita_black_bowl_2
pick_up_the_black_bowl_next_to_the_plate_and_place_it_on_the_plate,demo_10,35,agentview,akita_black_bowl_2,is_right_of,glazed_rim_porcelain_ramekin_1
pick_up_the_black_bowl_next_to_the_plate_and_place_it_on_the_plate,demo_10,35,agentview,glazed_rim_porcelain_ramekin_1,is_left_of,akita_black_bowl_2
pick_up_the_black_bowl_next_to_the_plate_and_place_it_on_the_plate,demo_10,35,agentview,akita_black_bowl_2,is_behind,plate_1
pick_up_the_black_bowl_next_to_the_plate_and_place_it_on_the_plate,demo_10,35,agentview,plate_1,is_in_front_of,akita_black_bowl_2
pick_up_the_black_bowl_next_to_the_plate_and_place_it_on_the_plate,demo_10,35,agentview,akita_black_bowl_2,is_left_of,wooden_cabinet_1
pick_up_the_black_bowl_next_to_the_plate_and_place_it_on_the_plate,demo_10,35,agentview,wooden_cabinet_1,is_right_of,akita_black_bowl_2
pick_up_the_black_bowl_next_to_the_plate_and_place_it_on_the_plate,demo_10,35,agentview,akita_black_bowl_2,is_on_top_of,flat_stove_1
pick_up_the_black_bowl_next_to_the_plate_and_place_it_on_the_plate,demo_10,35,agentview,flat_stove_1,is_below_of,akita_black_bowl_2
pick_up_the_black_bowl_next_to_the_plate_and_place_it_on_the_plate,demo_10,35,agentview,cookies_1,is_right_of,glazed_rim_porcelain_ramekin_1
pick_up_the_black_bowl_next_to_the_plate_and_place_it_on_the_plate,demo_10,35,agentview,glazed_rim_porcelain_ramekin_1,is_left_of,cookies_1
pick_up_the_black_bowl_next_to_the_plate_and_place_it_on_the_plate,demo_10,35,agentview,cookies_1,is_right_of,plate_1
pick_up_the_black_bowl_next_to_the_plate_and_place_it_on_the_plate,demo_10,35,agentview,plate_1,is_left_of,cookies_1
pick_up_the_black_bowl_next_to_the_plate_and_place_it_on_the_plate,demo_10,35,agentview,cookies_1,is_left_of,wooden_cabinet_1
pick_up_the_black_bowl_next_to_the_plate_and_place_it_on_the_plate,demo_10,35,agentview,wooden_cabinet_1,is_right_of,cookies_1
pick_up_the_black_bowl_next_to_the_plate_and_place_it_on_the_plate,demo_10,35,agentview,cookies_1,is_in_front_of,flat_stove_1
pick_up_the_black_bowl_next_to_the_plate_and_place_it_on_the_plate,demo_10,35,agentview,flat_stove_1,is_behind,cookies_1
pick_up_the_black_bowl_next_to_the_plate_and_place_it_on_the_plate,demo_10,35,agentview,glazed_rim_porcelain_ramekin_1,is_behind,plate_1
pick_up_the_black_bowl_next_to_the_plate_and_place_it_on_the_plate,demo_10,35,agentview,plate_1,is_in_front_of,glazed_rim_porcelain_ramekin_1
pick_up_the_black_bowl_next_to_the_plate_and_place_it_on_the_plate,demo_10,35,agentview,glazed_rim_porcelain_ramekin_1,is_left_of,wooden_cabinet_1
pick_up_the_black_bowl_next_to_the_plate_and_place_it_on_the_plate,demo_10,35,agentview,wooden_cabinet_1,is_right_of,glazed_rim_porcelain_ramekin_1
pick_up_the_black_bowl_next_to_the_plate_and_place_it_on_the_plate,demo_10,35,agentview,glazed_rim_porcelain_ramekin_1,is_left_of,flat_stove_1
pick_up_the_black_bowl_next_to_the_plate_and_place_it_on_the_plate,demo_10,35,agentview,flat_stove_1,is_right_of,glazed_rim_porcelain_ramekin_1
pick_up_the_black_bowl_next_to_the_plate_and_place_it_on_the_plate,demo_10,35,agentview,plate_1,is_left_of,wooden_cabinet_1
pick_up_the_black_bowl_next_to_the_plate_and_place_it_on_the_plate,demo_10,35,agentview,wooden_cabinet_1,is_right_of,plate_1
pick_up_the_black_bowl_next_to_the_plate_and_place_it_on_the_plate,demo_10,35,agentview,plate_1,is_in_front_of,flat_stove_1
pick_up_the_black_bowl_next_to_the_plate_and_place_it_on_the_plate,demo_10,35,agentview,flat_stove_1,is_behind,plate_1
pick_up_the_black_bowl_next_to_the_plate_and_place_it_on_the_plate,demo_10,35,agentview,wooden_cabinet_1,is_right_of,flat_stove_1
pick_up_the_black_bowl_next_to_the_plate_and_place_it_on_the_plate,demo_10,35,agentview,flat_stove_1,is_left_of,wooden_cabinet_1
pick_up_the_black_bowl_next_to_the_plate_and_place_it_on_the_plate,demo_10,40,agentview,akita_black_bowl_1,is_right_of,akita_black_bowl_2
pick_up_the_black_bowl_next_to_the_plate_and_place_it_on_the_plate,demo_10,40,agentview,akita_black_bowl_2,is_left_of,akita_black_bowl_1
pick_up_the_black_bowl_next_to_the_plate_and_place_it_on_the_plate,demo_10,40,agentview,akita_black_bowl_1,is_behind,cookies_1
pick_up_the_black_bowl_next_to_the_plate_and_place_it_on_the_plate,demo_10,40,agentview,cookies_1,is_in_front_of,akita_black_bowl_1
pick_up_the_black_bowl_next_to_the_plate_and_place_it_on_the_plate,demo_10,40,agentview,akita_black_bowl_1,is_right_of,glazed_rim_porcelain_ramekin_1
pick_up_the_black_bowl_next_to_the_plate_and_place_it_on_the_plate,demo_10,40,agentview,glazed_rim_porcelain_ramekin_1,is_left_of,akita_black_bowl_1
pick_up_the_black_bowl_next_to_the_plate_and_place_it_on_the_plate,demo_10,40,agentview,akita_black_bowl_1,is_right_of,plate_1
pick_up_the_black_bowl_next_to_the_plate_and_place_it_on_the_plate,demo_10,45,agentview,akita_black_bowl_1,is_left_of,akita_black_bowl_2
pick_up_the_black_bowl_next_to_the_plate_and_place_it_on_the_plate,demo_10,45,agentview,akita_black_bowl_2,is_right_of,akita_black_bowl_1
pick_up_the_black_bowl_next_to_the_plate_and_place_it_on_the_plate,demo_10,45,agentview,akita_black_bowl_1,is_left_of,cookies_1
pick_up_the_black_bowl_next_to_the_plate_and_place_it_on_the_plate,demo_10,45,agentview,cookies_1,is_right_of,akita_black_bowl_1
pick_up_the_black_bowl_next_to_the_plate_and_place_it_on_the_plate,demo_10,45,agentview,akita_black_bowl_1,is_in_front_of,glazed_rim_porcelain_ramekin_1
pick_up_the_black_bowl_next_to_the_plate_and_place_it_on_the_plate,demo_10,45,agentview,glazed_rim_porcelain_ramekin_1,is_behind,akita_black_bowl_1
pick_up_the_black_bowl_next_to_the_plate_and_place_it_on_the_plate,demo_10,45,agentview,akita_black_bowl_1,is_left_of,plate_1
pick_up_the_black_bowl_next_to_the_plate_and_place_it_on_the_plate,demo_10,45,agentview,plate_1,is_right_of,akita_black_bowl_1
pick_up_the_black_bowl_next_to_the_plate_and_place_it_on_the_plate,demo_10,45,agentview,akita_black_bowl_1,is_left_of,wooden_cabinet_1
pick_up_the_black_bowl_next_to_the_plate_and_place_it_on_the_plate,demo_10,45,agentview,wooden_cabinet_1,is_right_of,akita_black_bowl_1
pick_up_the_black_bowl_next_to_the_plate_and_place_it_on_the_plate,demo_10,45,agentview,akita_black_bowl_1,is_left_of,flat_stove_1
pick_up_the_black_bowl_next_to_the_plate_and_place_it_on_the_plate,demo_10,45,agentview,flat_stove_1,is_right_of,akita_black_bowl_1
pick_up_the_black_bowl_next_to_the_plate_and_place_it_on_the_plate,demo_10,45,agentview,akita_black_bowl_2,is_behind,cookies_1
pick_up_the_black_bowl_next_to_the_plate_and_place_it_on_the_plate,demo_10,45,agentview,cookies_1,is_in_front_of,akita_black_bowl_2
pick_up_the_black_bowl_next_to_the_plate_and_place_it_on_the_plate,demo_10,45,agentview,akita_black_bowl_2,is_right_of,glazed_rim_porcelain_ramekin_1
pick_up_the_black_bowl_next_to_the_plate_and_place_it_on_the_plate,demo_10,45,agentview,glazed_rim_porcelain_ramekin_1,is_left_of,akita_black_bowl_2
pick_up_the_black_bowl_next_to_the_plate_and_place_it_on_the_plate,demo_10,45,agentview,akita_black_bowl_2,is_right_of,plate_1
pick_up_the_black_bowl_next_to_the_plate_and_place_it_on_the_plate,demo_10,45,agentview,plate_1,is_left_of,akita_black_bowl_2
pick_up_the_black_bowl_next_to_the_plate_and_place_it_on_the_plate,demo_10,45,agentview,akita_black_bowl_2,is_left_of,wooden_cabinet_1
pick_up_the_black_bowl_next_to_the_plate_and_place_it_on_the_plate,demo_10,45,agentview,wooden_cabinet_1,is_right_of,akita_black_bowl_2
pick_up_the_black_bowl_next_to_the_plate_and_place_it_on_the_plate,demo_10,45,agentview,akita_black_bowl_2,is_on_top_of,flat_stove_1
pick_up_the_black_bowl_next_to_the_plate_and_place_it_on_the_plate,demo_10,45,agentview,flat_stove_1,is_below_of,akita_black_bowl_2
pick_up_the_black_bowl_next_to_the_plate_and_place_it_on_the_plate,demo_10,45,agentview,cookies_1,is_in_front_of,glazed_rim_porcelain_ramekin_1
pick_up_the_black_bowl_next_to_the_plate_and_place_it_on_the_plate,demo_10,45,agentview,glazed_rim_porcelain_ramekin_1,is_behind,cookies_1
pick_up_the_black_bowl_next_to_the_plate_and_place_it_on_the_plate,demo_10,45,agentview,cookies_1,is_right_of,plate_1
pick_up_the_black_bowl_next_to_the_plate_and_place_it_on_the_plate,demo_10,45,agentview,plate_1,is_left_of,cookies_1
pick_up_the_black_bowl_next_to_the_plate_and_place_it_on_the_plate,demo_10,45,agentview,cookies_1,is_left_of,wooden_cabinet_1
pick_up_the_black_bowl_next_to_the_plate_and_place_it_on_the_plate,demo_10,45,agentview,wooden_cabinet_1,is_right_of,cookies_1
pick_up_the_black_bowl_next_to_the_plate_and_place_it_on_the_plate,demo_10,45,agentview,cookies_1,is_in_front_of,flat_stove_1
pick_up_the_black_bowl_next_to_the_plate_and_place_it_on_the_plate,demo_10,45,agentview,flat_stove_1,is_behind,cookies_1
pick_up_the_black_bowl_next_to_the_plate_and_place_it_on_the_plate,demo_10,45,agentview,glazed_rim_porcelain_ramekin_1,is_behind,plate_1
pick_up_the_black_bowl_next_to_the_plate_and_place_it_on_the_plate,demo_10,45,agentview,plate_1,is_in_front_of,glazed_rim_porcelain_ramekin_1
pick_up_the_black_bowl_next_to_the_plate_and_place_it_on_the_plate,demo_10,45,agentview,glazed_rim_porcelain_ramekin_1,is_left_of,wooden_cabinet_1
pick_up_the_black_bowl_next_to_the_plate_and_place_it_on_the_plate,demo_10,45,agentview,wooden_cabinet_1,is_right_of,glazed_rim_porcelain_ramekin_1
pick_up_the_black_bowl_next_to_the_plate_and_place_it_on_the_plate,demo_10,45,agentview,glazed_rim_porcelain_ramekin_1,is_left_of,flat_stove_1
pick_up_the_black_bowl_next_to_the_plate_and_place_it_on_the_plate,demo_10,45,agentview,flat_stove_1,is_right_of,glazed_rim_porcelain_ramekin_1
pick_up_the_black_bowl_next_to_the_plate_and_place_it_on_the_plate,demo_10,45,agentview,plate_1,is_left_of,wooden_cabinet_1
pick_up_the_black_bowl_next_to_the_plate_and_place_it_on_the_plate,demo_10,45,agentview,wooden_cabinet_1,is_right_of,plate_1
pick_up_the_black_bowl_next_to_the_plate_and_place_it_on_the_plate,demo_10,45,agentview,plate_1,is_left_of,flat_stove_1
pick_up_the_black_bowl_next_to_the_plate_and_place_it_on_the_plate,demo_10,45,agentview,flat_stove_1,is_right_of,plate_1
pick_up_the_black_bowl_next_to_the_plate_and_place_it_on_the_plate,demo_10,45,agentview,wooden_cabinet_1,is_right_of,flat_stove_1
pick_up_the_black_bowl_next_to_the_plate_and_place_it_on_the_plate,demo_10,45,agentview,flat_stove_1,is_left_of,wooden_cabinet_1
pick_up_the_black_bowl_next_to_the_plate_and_place_it_on_the_plate,demo_10,50,agentview,akita_black_bowl_1,is_left_of,akita_black_bowl_2
pick_up_the_black_bowl_next_to_the_plate_and_place_it_on_the_plate,demo_10,50,agentview,akita_black_bowl_2,is_right_of,akita_black_bowl_1
pick_up_the_black_bowl_next_to_the_plate_and_place_it_on_the_plate,demo_10,50,agentview,akita_black_bowl_1,is_left_of,cookies_1
pick_up_the_black_bowl_next_to_the_plate_and_place_it_on_the_plate,demo_10,50,agentview,cookies_1,is_right_of,akita_black_bowl_1
pick_up_the_black_bowl_next_to_the_plate_and_place_it_on_the_plate,demo_10,50,agentview,akita_black_bowl_1,is_left_of,glazed_rim_porcelain_ramekin_1
pick_up_the_black_bowl_next_to_the_plate_and_place_it_on_the_plate,demo_10,50,agentview,glazed_rim_porcelain_ramekin_1,is_right_of,akita_black_bowl_1
pick_up_the_black_bowl_next_to_the_plate_and_place_it_on_the_plate,demo_10,50,agentview,akita_black_bowl_1,is_left_of,plate_1
pick_up_the_black_bowl_next_to_the_plate_and_place_it_on_the_plate,demo_10,50,agentview,plate_1,is_right_of,akita_black_bowl_1
pick_up_the_black_bowl_next_to_the_plate_and_place_it_on_the_plate,demo_10,50,agentview,akita_black_bowl_1,is_left_of,wooden_cabinet_1
pick_up_the_black_bowl_next_to_the_plate_and_place_it_on_the_plate,demo_10,50,agentview,wooden_cabinet_1,is_right_of,akita_black_bowl_1
pick_up_the_black_bowl_next_to_the_plate_and_place_it_on_the_plate,demo_10,50,agentview,akita_black_bowl_1,is_left_of,flat_stove_1
pick_up_the_black_bowl_next_to_the_plate_and_place_it_on_the_plate,demo_10,50,agentview,flat_stove_1,is_right_of,akita_black_bowl_1
pick_up_the_black_bowl_next_to_the_plate_and_place_it_on_the_plate,demo_10,50,agentview,akita_black_bowl_2,is_behind,cookies_1
pick_up_the_black_bowl_next_to_the_plate_and_place_it_on_the_plate,demo_10,50,agentview,cookies_1,is_in_front_of,akita_black_bowl_2
pick_up_the_black_bowl_next_to_the_plate_and_place_it_on_the_plate,demo_10,50,agentview,akita_black_bowl_2,is_right_of,glazed_rim_porcelain_ramekin_1
pick_up_the_black_bowl_next_to_the_plate_and_place_it_on_the_plate,demo_10,50,agentview,glazed_rim_porcelain_ramekin_1,is_left_of,akita_black_bowl_2
pick_up_the_black_bowl_next_to_the_plate_and_place_it_on_the_plate,demo_10,50,agentview,akita_black_bowl_2,is_right_of,plate_
pick_up_the_black_bowl_next_to_the_plate_and_place_it_on_the_plate,demo_10,55,agentview,akita_black_bowl_1,is_left_of,akita_black_bowl_2
pick_up_the_black_bowl_next_to_the_plate_and_place_it_on_the_plate,demo_10,55,agentview,akita_black_bowl_2,is_right_of,akita_black_bowl_1
pick_up_the_black_bowl_next_to_the_plate_and_place_it_on_the_plate,demo_10,55,agentview,akita_black_bowl_1,is_left_of,cookies_1
pick_up_the_black_bowl_next_to_the_plate_and_place_it_on_the_plate,demo_10,55,agentview,cookies_1,is_right_of,akita_black_bowl_1
pick_up_the_black_bowl_next_to_the_plate_and_place_it_on_the_plate,demo_10,55,agentview,akita_black_bowl_1,is_left_of,plate_1
pick_up_the_black_bowl_next_to_the_plate_and_place_it_on_the_plate,demo_10,55,agentview,plate_1,is_right_of,akita_black_bowl_1
pick_up_the_black_bowl_next_to_the_plate_and_place_it_on_the_plate,demo_10,55,agentview,akita_black_bowl_1,is_left_of,wooden_cabinet_1
pick_up_the_black_bowl_next_to_the_plate_and_place_it_on_the_plate,demo_10,55,agentview,wooden_cabinet_1,is_right_of,akita_black_bowl_1
pick_up_the_black_bowl_next_to_the_plate_and_place_it_on_the_plate,demo_10,55,agentview,akita_black_bowl_1,is_left_of,flat_stove_1
pick_up_the_black_bowl_next_to_the_plate_and_place_it_on_the_plate,demo_10,55,agentview,flat_stove_1,is_right_of,akita_black_bowl_1
pick_up_the_black_bowl_next_to_the_plate_and_place_it_on_the_plate,demo_10,55,agentview,akita_black_bowl_2,is_behind,cookies_1
pick_up_the_black_bowl_next_to_the_plate_and_place_it_on_the_plate,demo_10,55,agentview,cookies_1,is_in_front_of,akita_black_bowl_2
pick_up_the_black_bowl_next_to_the_plate_and_place_it_on_the_plate,demo_10,55,agentview,akita_black_bowl_2,is_right_of,plate_1
pick_up_the_black_bowl_next_to_the_plate_and_place_it_on_the_plate,demo_10,55,agentview,plate_1,is_left_of,akita_black_bowl_2
pick_up_the_black_bowl_next_to_the_plate_and_place_it_on_the_plate,demo_10,55,agentview,akita_black_bowl_2,is_left_of,wooden_cabinet_1
pick_up_the_black_bowl_next_to_the_plate_and_place_it_on_the_plate,demo_10,55,agentview,wooden_cabinet_1,is_right_of,akita_black_bowl_2
pick_up_the_black_bowl_next_to_the_plate_and_place_it_on_the_plate,demo_10,55,agentview,akita_black_bowl_2,is_on_top_of,flat_stove_1
pick_up_the_black_bowl_next_to_the_plate_and_place_it_on_the_plate,demo_10,55,agentview,flat_stove_1,is_below_of,akita_black_bowl_2
pick_up_the_black_bowl_next_to_the_plate_and_place_it_on_the_plate,demo_10,60,agentview,akita_black_bowl_1,is_on_top_of,flat_stove_1
pick_up_the_black_bowl_next_to_the_plate_and_place_it_on_the_plate,demo_10,60,agentview,akita_black_bowl_1,is_behind,cookies_1
pick_up_the_black_bowl_next_to_the_plate_and_place_it_on_the_plate,demo_10,60,agentview,akita_black_bowl_1,is_right_of,plate_1
pick_up_the_black_bowl_next_to_the_plate_and_place_it_on_the_plate,demo_10,60,agentview,akita_black_bowl_1,is_left_of,wooden_cabinet_1
pick_up_the_black_bowl_next_to_the_plate_and_place_it_on_the_plate,demo_10,60,agentview,flat_stove_1,is_below_of,akita_black_bowl_1
pick_up_the_black_bowl_next_to_the_plate_and_place_it_on_the_plate,demo_10,60,agentview,flat_stove_1,is_behind,cookies_1
pick_up_the_black_bowl_next_to_the_plate_and_place_it_on_the_plate,demo_10,60,agentview,flat_stove_1,is_right_of,plate_1
pick_up_the_black_bowl_next_to_the_plate_and_place_it_on_the_plate,demo_10,60,agentview,flat_stove_1,is_left_of,wooden_cabinet_1
pick_up_the_black_bowl_next_to_the_plate_and_place_it_on_the_plate,demo_10,60,agentview,cookies_1,is_in_front_of,akita_black_bowl_1
pick_up_the_black_bowl_next_to_the_plate_and_place_it_on_the_plate,demo_10,60,agentview,cookies_1,is_in_front_of,flat_stove_1
pick_up_the_black_bowl_next_to_the_plate_and_place_it_on_the_plate,demo_10,60,agentview,cookies_1,is_right_of,plate_1
pick_up_the_black_bowl_next_to_the_plate_and_place_it_on_the_plate,demo_10,60,agentview,cookies_1,is_left_of,wooden_cabinet_1
pick_up_the_black_bowl_next_to_the_plate_and_place_it_on_the_plate,demo_10,60,agentview,plate_1,is_left_of,akita_black_bowl_1
pick_up_the_black_bowl_next_to_the_plate_and_place_it_on_the_plate,demo_10,60,agentview,plate_1,is_left_of,flat_stove_1
pick_up_the_black_bowl_next_to_the_plate_and_place_it_on_the_plate,demo_10,60,agentview,plate_1,is_left_of,cookies_1
pick_up_the_black_bowl_next_to_the_plate_and_place_it_on_the_plate,demo_10,60,agentview,plate_1,is_left_of,wooden_cabinet_1
pick_up_the_black_bowl_next_to_the_plate_and_place_it_on_the_plate,demo_10,60,agentview,wooden_cabinet_1,is_right_of,akita_black_bowl_1
pick_up_the_black_bowl_next_to_the_plate_and_place_it_on_the_plate,demo_10,60,agentview,wooden_cabinet_1,is_right_of,flat_stove_1
pick_up_the_black_bowl_next_to_the_plate_and_place_it_on_the_plate,demo_10,60,agentview,wooden_cabinet_1,is_right_of,cookies_1
pick_up_the_black_bowl_next_to_the_plate_and_place_it_on_the_plate,demo_10,60,agentview,wooden_cabinet_1,is_right_of,plate_1
pick_up_the_black_bowl_next_to_the_plate_and_place_it_on_the_plate,demo_10,65,agentview,akita_black_bowl_1,is_behind,cookies_1
pick_up_the_black_bowl_next_to_the_plate_and_place_it_on_the_plate,demo_10,65,agentview,cookies_1,is_in_front_of,akita_black_bowl_1
pick_up_the_black_bowl_next_to_the_plate_and_place_it_on_the_plate,demo_10,65,agentview,akita_black_bowl_1,is_right_of,glazed_rim_porcelain_ramekin_1
pick_up_the_black_bowl_next_to_the_plate_and_place_it_on_the_plate,demo_10,65,agentview,glazed_rim_porcelain_ramekin_1,is_left_of,akita_black_bowl_1
pick_up_the_black_bowl_next_to_the_plate_and_place_it_on_the_plate,demo_10,65,agentview,akita_black_bowl_1,is_right_of,plate_1
pick_up_the_black_bowl_next_to_the_plate_and_place_it_on_the_plate,demo_10,65,agentview,plate_1,is_left_of,akita_black_bowl_1
pick_up_the_black_bowl_next_to_the_plate_and_place_it_on_the_plate,demo_10,65,agentview,akita_black_bowl_1,is_left_of,wooden_cabinet_1
pick_up_the_black_bowl_next_to_the_plate_and_place_it_on_the_plate,demo_10,65,agentview,wooden_cabinet_1,is_right_of,akita_black_bowl_1
pick_up_the_black_bowl_next_to_the_plate_and_place_it_on_the_plate,demo_10,65,agentview,akita_black_bowl_1,is_on_top_of,flat_stove_1
pick_up_the_black_bowl_next_to_the_plate_and_place_it_on_the_plate,demo_10,65,agentview,flat_stove_1,is_below_of,akita_black_bowl_1
pick_up_the_black_bowl_next_to_the_plate_and_place_it_on_the_plate,demo_10,65,agentview,cookies_1,is_in_front_of,glazed_rim_porcelain_ramekin_1
pick_up_the_black_bowl_next_to_the_plate_and_place_it_on_the_plate,demo_10,65,agentview,glazed_rim_porcelain_ramekin_1,is_behind,cookies_1
pick_up_the_black_bowl_next_to_the_plate_and_place_it_on_the_plate,demo_10,65,agentview,cookies_1,is_right_of,plate_1
pick_up_the_black_bowl_next_to_the_plate_and_place_it_on_the_plate,demo_10,65,agentview,plate_1,is_left_of,cookies_1
pick_up_the_black_bowl_next_to_the_plate_and_place_it_on_the_plate,demo_10,65,agentview,cookies_1,is_left_of,wooden_cabinet_1
pick_up_the_black_bowl_next_to_the_plate_and_place_it_on_the_plate,demo_10,70,agentview,akita_black_bowl_1,is_behind,plate_1
pick_up_the_black_bowl_next_to_the_plate_and_place_it_on_the_plate,demo_10,70,agentview,plate_1,is_in_front_of,akita_black_bowl_1
pick_up_the_black_bowl_next_to_the_plate_and_place_it_on_the_plate,demo_10,70,agentview,akita_black_bowl_1,is_left_of,cookies_1
pick_up_the_black_bowl_next_to_the_plate_and_place_it_on_the_plate,demo_10,70,agentview,cookies_1,is_right_of,akita_black_bowl_1
pick_up_the_black_bowl_next_to_the_plate_and_place_it_on_the_plate,demo_10,70,agentview,akita_black_bowl_1,is_left_of,flat_stove_1
pick_up_the_black_bowl_next_to_the_plate_and_place_it_on_the_plate,demo_10,70,agentview,flat_stove_1,is_right_of,akita_black_bowl_1
pick_up_the_black_bowl_next_to_the_plate_and_place_it_on_the_plate,demo_10,70,agentview,akita_black_bowl_1,is_left_of,wooden_cabinet_1
pick_up_the_black_bowl_next_to_the_plate_and_place_it_on_the_plate,demo_10,70,agentview,wooden_cabinet_1,is_right_of,akita_black_bowl_1
pick_up_the_black_bowl_next_to_the_plate_and_place_it_on_the_plate,demo_10,75,agentview,akita_black_bowl_1,is_left_of,akita_black_bowl_2
pick_up_the_black_bowl_next_to_the_plate_and_place_it_on_the_plate,demo_10,75,agentview,akita_black_bowl_2,is_right_of,akita_black_bowl_1
pick_up_the_black_bowl_next_to_the_plate_and_place_it_on_the_plate,demo_10,75,agentview,akita_black_bowl_1,is_left_of,cookies_1
pick_up_the_black_bowl_next_to_the_plate_and_place_it_on_the_plate,demo_10,75,agentview,cookies_1,is_right_of,akita_black_bowl_1
pick_up_the_black_bowl_next_to_the_plate_and_place_it_on_the_plate,demo_10,75,agentview,akita_black_bowl_1,is_behind,plate_1
pick_up_the_black_bowl_next_to_the_plate_and_place_it_on_the_plate,demo_10,75,agentview,plate_1,is_in_front_of,akita_black_bowl_1
pick_up_the_black_bowl_next_to_the_plate_and_place_it_on_the_plate,demo_10,75,agentview,akita_black_bowl_1,is_left_of,wooden_cabinet_1
pick_up_the_black_bowl_next_to_the_plate_and_place_it_on_the_plate,demo_10,75,agentview,wooden_cabinet_1,is_right_of,akita_black_bowl_1
pick_up_the_black_bowl_next_to_the_plate_and_place_it_on_the_plate,demo_10,75,agentview,akita_black_bowl_1,is_left_of,flat_stove_1
pick_up_the_black_bowl_next_to_the_plate_and_place_it_on_the_plate,demo_10,75,agentview,flat_stove_1,is_right_of,akita_black_bowl_1
pick_up_the_black_bowl_next_to_the_plate_and_place_it_on_the_plate,demo_10,75,agentview,akita_black_bowl_2,is_behind,cookies_1
pick_up_the_black_bowl_next_to_the_plate_and_place_it_on_the_plate,demo_10,75,agentview,cookies_1,is_in_front_of,akita_black_bowl_2
pick_up_the_black_bowl_next_to_the_plate_and_place_it_on_the_plate,demo_10,75,agentview,akita_black_bowl_2,is_right_of,plate_1
pick_up_the_black_bowl_next_to_the_plate_and_place_it_on_the_plate,demo_10,75,agentview,plate_1,is_left_of,akita_black_bowl_2
pick_up_the_black_bowl_next_to_the_plate_and_place_it_on_the_plate,demo_10,75,agentview,akita_black_bowl_2,is_left_of,wooden_cabinet_1
pick_up_the_black_bowl_next_to_the_plate_and_place_it_on_the_plate,demo_10,75,agentview,wooden_cabinet_1,is_right_of,akita_black_bowl_2
pick_up_the_black_bowl_next_to_the_plate_and_place_it_on_the_plate,demo_10,75,agentview,akita_black_bowl_2,is_on_top_of,flat_stove_1
pick_up_the_black_bowl_next_to_the_plate_and_place_it_on_the_plate,demo_10,75,agentview,flat_stove_1,is_below_of,akita_black_bowl_2
pick_up_the_black_bowl_next_to_the_plate_and_place_it_on_the_plate,demo_10,75,agentview,cookies_1,is_right_of,plate_1
pick_up_the_black_bowl_next_to_the_plate_and_place_it_on_the_plate,demo_10,75,agentview,plate_1,is_left_of,cookies_1
pick_up_the_black_bowl_next_to_the_plate_and_place_it_on_the_plate,demo_10,75,agentview,cookies_1,is_left_of,wooden_cabinet_1
pick_up_the_black_bowl_next_to_the_plate_and_place_it_on_the_plate,demo_10,75,agentview,wooden_cabinet_1,is_right_of,cookies_1
pick_up_the_black_bowl_next_to_the_plate_and_place_it_on_the_plate,demo_10,75,agentview,cookies_1,is_in_front_of,flat_stove_1
pick_up_the_black_bowl_next_to_the_plate_and_place_it_on_the_plate,demo_10,75,agentview,flat_stove_1,is_behind,cookies_1
pick_up_the_black_bowl_next_to_the_plate_and_place_it_on_the_plate,demo_10,75,agentview,plate_1,is_left_of,wooden_cabinet_1
pick_up_the_black_bowl_next_to_the_plate_and_place_it_on_the_plate,demo_10,75,agentview,wooden_cabinet_1,is_right_of,plate_1
pick_up_the_black_bowl_next_to_the_plate_and_place_it_on_the_plate,demo_10,75,agentview,plate_1,is_left_of,flat_stove_1
pick_up_the_black_bowl_next_to_the_plate_and_place_it_on_the_plate,demo_10,75,agentview,flat_stove_1,is_right_of,plate_1
pick_up_the_black_bowl_next_to_the_plate_and_place_it_on_the_plate,demo_10,75,agentview,wooden_cabinet_1,is_right_of,flat_stove_1
pick_up_the_black_bowl_next_to_the_plate_and_place_it_on_the_plate,demo_10,75,agentview,flat_stove_1,is_left_of,wooden_cabinet_1
pick_up_the_black_bowl_next_to_the_plate_and_place_it_on_the_plate,demo_10,80,agentview,akita_black_bowl_1,is_on_top_of,flat_stove_1
pick_up_the_black_bowl_next_to_the_plate_and_place_it_on_the_plate,demo_10,80,agentview,flat_stove_1,is_below_of,akita_black_bowl_1
pick_up_the_black_bowl_next_to_the_plate_and_place_it_on_the_plate,demo_10,80,agentview,akita_black_bowl_1,is_right_of,cookies_1
pick_up_the_black_bowl_next_to_the_plate_and_place_it_on_the_plate,demo_10,80,agentview,cookies_1,is_left_of,akita_black_bowl_1
pick_up_the_black_bowl_next_to_the_plate_and_place_it_on_the_plate,demo_10,80,agentview,akita_black_bowl_1,is_right_of,glazed_rim_porcelain_ramekin_1
pick_up_the_black_bowl_next_to_the_plate_and_place_it_on_the_plate,demo_10,80,agentview,glazed_rim_porcelain_ramekin_1,is_left_of,akita_black_bowl_1
pick_up_the_black_bowl_next_to_the_plate_and_place_it_on_the_plate,demo_10,80,agentview,akita_black_bowl_1,is_right_of,plate_1
pick_up_the_black_bowl_next_to_the_plate_and_place_it_on_the_plate,demo_10,85,agentview,akita_black_bowl_1,is_in_front_of,glazed_rim_porcelain_ramekin_1
pick_up_the_black_bowl_next_to_the_plate_and_place_it_on_the_plate,demo_10,85,agentview,glazed_rim_porcelain_ramekin_1,is_behind,akita_black_bowl_1
pick_up_the_black_bowl_next_to_the_plate_and_place_it_on_the_plate,demo_10,85,agentview,akita_black_bowl_1,is_left_of,cookies_1
pick_up_the_black_bowl_next_to_the_plate_and_place_it_on_the_plate,demo_10,85,agentview,cookies_1,is_right_of,akita_black_bowl_1
pick_up_the_black_bowl_next_to_the_plate_and_place_it_on_the_plate,demo_10,85,agentview,akita_black_bowl_1,is_left_of,flat_stove_1
pick_up_the_black_bowl_next_to_the_plate_and_place_it_on_the_plate,demo_10,85,agentview,flat_stove_1,is_right_of,akita_black_bowl_1
pick_up_the_black_bowl_next_to_the_plate_and_place_it_on_the_plate,demo_10,85,agentview,akita_black_bowl_1,is_left_of,plate_1
pick_up_the_black_bowl_next_to_the_plate_and_place_it_on_the_plate,demo_10,90,agentview,akita_black_bowl_1,is_in_front_of,akita_black_bowl_2
pick_up_the_black_bowl_next_to_the_plate_and_place_it_on_the_plate,demo_10,90,agentview,akita_black_bowl_1,is_left_of,cookies_1
pick_up_the_black_bowl_next_to_the_plate_and_place_it_on_the_plate,demo_10,90,agentview,akita_black_bowl_1,is_left_of,glazed_rim_porcelain_ramekin_1
pick_up_the_black_bowl_next_to_the_plate_and_place_it_on_the_plate,demo_10,90,agentview,akita_black_bowl_1,is_left_of,plate_1
pick_up_the_black_bowl_next_to_the_plate_and_place_it_on_the_plate,demo_10,90,agentview,akita_black_bowl_1,is_left_of,wooden_cabinet_1
pick_up_the_black_bowl_next_to_the_plate_and_place_it_on_the_plate,demo_10,90,agentview,akita_black_bowl_1,is_left_of,flat_stove_1
pick_up_the_black_bowl_next_to_the_plate_and_place_it_on_the_plate,demo_10,90,agentview,akita_black_bowl_2,is_behind,akita_black_bowl_1
pick_up_the_black_bowl_next_to_the_plate_and_place_it_on_the_plate,demo_10,90,agentview,akita_black_bowl_2,is_left_of,cookies_1
pick_up_the_black_bowl_next_to_the_plate_and_place_it_on_the_plate,demo_10,90,agentview,akita_black_bowl_2,is_left_of,glazed_rim_porcelain_ramekin_1
pick_up_the_black_bowl_next_to_the_plate_and_place_it_on_the_plate,demo_10,90,agentview,akita_black_bowl_2,is_left_of,plate_1
pick_up_the_black_bowl_next_to_the_plate_and_place_it_on_the_plate,demo_10,90,agentview,akita_black_bowl_2,is_left_of,wooden_cabinet_1
pick_up_the_black_bowl_next_to_the_plate_and_place_it_on_the_plate,demo_10,90,agentview,akita_black_bowl_2,is_left_of,flat_stove_1
pick_up_the_black_bowl_next_to_the_plate_and_place_it_on_the_plate,demo_10,90,agentview,cookies_1,is_right_of,akita_black_bowl_1
pick_up_the_black_bowl_next_to_the_plate_and_place_it_on_the_plate,demo_10,90,agentview,cookies_1,is_right_of,akita_black_bowl_2
pick_up_the_black_bowl_next_to_the_plate_and_place_it_on_the_plate,demo_10,90,agentview,cookies_1,is_in_front_of,glazed_rim_porcelain_ramekin_1
pick_up_the_black_bowl_next_to_the_plate_and_place_it_on_the_plate,demo_10,90,agentview,cookies_1,is_in_front_of,plate_1
pick_up_the_black_bowl_next_to_the_plate_and_place_it_on_the_plate,demo_10,90,agentview,cookies_1,is_left_of,wooden_cabinet_1
pick_up_the_black_bowl_next_to_the_plate_and_place_it_on_the_plate,demo_10,90,agentview,cookies_1,is_in_front_of,flat_stove_1
pick_up_the_black_bowl_next_to_the_plate_and_place_it_on_the_plate,demo_10,90,agentview,glazed_rim_porcelain_ramekin_1,is_right_of,akita_black_bowl_1
pick_up_the_black_bowl_next_to_the_plate_and_place_it_on_the_plate,demo_10,90,agentview,glazed_rim_porcelain_ramekin_1,is_right_of,akita_black_bowl_2
pick_up_the_black_bowl_next_to_the_plate_and_place_it_on_the_plate,demo_10,90,agentview,glazed_rim_porcelain_ramekin_1,is_behind,cookies_1
pick_up_the_black_bowl_next_to_the_plate_and_place_it_on_the_plate,demo_10,90,agentview,glazed_rim_porcelain_ramekin_1,is_on_top_of,plate_1
pick_up_the_black_bowl_next_to_the_plate_and_place_it_on_the_plate,demo_10,90,agentview,glazed_rim_porcelain_ramekin_1,is_left_of,wooden_cabinet_1
pick_up_the_black_bowl_next_to_the_plate_and_place_it_on_the_plate,demo_10,90,agentview,glazed_rim_porcelain_ramekin_1,is_on_top_of,flat_stove_1
pick_up_the_black_bowl_next_to_the_plate_and_place_it_on_the_plate,demo_10,90,agentview,plate_1,is_right_of,akita_black_bowl_1
pick_up_the_black_bowl_next_to_the_plate_and_place_it_on_the_plate,demo_10,90,agentview,plate_1,is_right_of,akita_black_bowl_2
pick_up_the_black_bowl_next_to_the_plate_and_place_it_on_the_plate,demo_10,90,agentview,plate_1,is_behind,cookies_1
pick_up_the_black_bowl_next_to_the_plate_and_place_it_on_the_plate,demo_10,90,agentview,plate_1,is_below_of,glazed_rim_porcelain_ramekin_1
pick_up_the_black_bowl_next_to_the_plate_and_place_it_on_the_plate,demo_10,90,agentview,plate_1,is_left_of,wooden_cabinet_1
pick_up_the_black_bowl_next_to_the_plate_and_place_it_on_the_plate,demo_10,90,agentview,plate_1,is_on_top_of,flat_stove_1
pick_up_the_black_bowl_next_to_the_plate_and_place_it_on_the_plate,demo_10,90,agentview,wooden_cabinet_1,is_right_of,akita_black_bowl_1
pick_up_the_black_bowl_next_to_the_plate_and_place_it_on_the_plate,demo_10,90,agentview,wooden_cabinet_1,is_right_of,akita_black_bowl_2
pick_up_the_black_bowl_next_to_the_plate_and_place_it_on_the_plate,demo_10,90,agentview,wooden_cabinet_1,is_right_of,cookies_1
pick_up_the_black_bowl_next_to_the_plate_and_place_it_on_the_plate,demo_10,90,agentview,wooden_cabinet_1,is_right_of,glazed_rim_porcelain_ramekin_1
pick_up_the_black_bowl_next_to_the_plate_and_place_it_on_the_plate,demo_10,90,agentview,wooden_cabinet_1,is_right_of,plate_1
pick_up_the_black_bowl_next_to_the_plate_and_place_it_on_the_plate,demo_10,90,agentview,wooden_cabinet_1,is_right_of,flat_stove_1
pick_up_the_black_bowl_next_to_the_plate_and_place_it_on_the_plate,demo_10,90,agentview,flat_stove_1,is_right_of,akita_black_bowl_1
pick_up_the_black_bowl_next_to_the_plate_and_place_it_on_the_plate,demo_10,90,agentview,flat_stove_1,is_right_of,akita_black_bowl_2
pick_up_the_black_bowl_next_to_the_plate_and_place_it_on_the_plate,demo_10,90,agentview,flat_stove_1,is_behind,cookies_1
pick_up_the_black_bowl_next_to_the_plate_and_place_it_on_the_plate,demo_10,90,agentview,flat_stove_1,is_below_of,glazed_rim_porcelain_ramekin_1
pick_up_the_black_bowl_next_to_the_plate_and_place_it_on_the_plate,demo_10,90,agentview,flat_stove_1,is_below_of,plate_1
pick_up_the_black_bowl_next_to_the_plate_and_place_it_on_the_plate,demo_10,90,agentview,flat_stove_1,is_left_of,wooden_cabinet_1
pick_up_the_black_bowl_next_to_the_plate_and_place_it_on_the_plate,demo_10,95,agentview,akita_black_bowl_1,is_on_top_of,plate_1
pick_up_the_black_bowl_next_to_the_plate_and_place_it_on_the_plate,demo_10,95,agentview,plate_1,is_below_of,akita_black_bowl_1
pick_up_the_black_bowl_next_to_the_plate_and_place_it_on_the_plate,demo_10,95,agentview,akita_black_bowl_1,is_in_front_of,akita_black_bowl_2
pick_up_the_black_bowl_next_to_the_plate_and_place_it_on_the_plate,demo_10,95,agentview,akita_black_bowl_2,is_behind,akita_black_bowl_1
pick_up_the_black_bowl_next_to_the_plate_and_place_it_on_the_plate,demo_10,95,agentview,akita_black_bowl_1,is_left_of,cookies_1
pick_up_the_black_bowl_next_to_the_plate_and_place_it_on_the_plate,demo_10,95,agentview,cookies_1,is_right_of,akita_black_bowl_1
pick_up_the_black_bowl_next_to_the_plate_and_place_it_on_the_plate,demo_10,95,agentview,akita_black_bowl_1,is_right_of,glazed_rim_porcelain_ramekin_1
pick_up_the_black_bowl_next_to_the_plate_and_place_it_on_the_plate,demo_10,100,agentview,akita_black_bowl_1,is_left_of,akita_black_bowl_2
pick_up_the_black_bowl_next_to_the_plate_and_place_it_on_the_plate,demo_10,100,agentview,akita_black_bowl_2,is_right_of,akita_black_bowl_1
pick_up_the_black_bowl_next_to_the_plate_and_place_it_on_the_plate,demo_10,100,agentview,akita_black_bowl_1,is_left_of,cookies_1
pick_up_the_black_bowl_next_to_the_plate_and_place_it_on_the_plate,demo_10,100,agentview,cookies_1,is_right_of,akita_black_bowl_1
pick_up_the_black_bowl_next_to_the_plate_and_place_it_on_the_plate,demo_10,100,agentview,akita_black_bowl_1,is_in_front_of,glazed_rim_porcelain_ramekin_1
pick_up_the_black_bowl_next_to_the_plate_and_place_it_on_the_plate,demo_10,100,agentview,glazed_rim_porcelain_ramekin_1,is_behind,akita_black_bowl_1
pick_up_the_black_bowl_next_to_the_plate_and_place_it_on_the_plate,demo_10,100,agentview,akita_black_bowl_1,is_behind,plate_1
pick_up_the_black_bowl_next_to_the_plate_and_place_it_on_the_plate,demo_10,105,agentview,akita_black_bowl_1,is_left_of,akita_black_bowl_2
pick_up_the_black_bowl_next_to_the_plate_and_place_it_on_the_plate,demo_10,105,agentview,akita_black_bowl_2,is_right_of,akita_black_bowl_1
pick_up_the_black_bowl_next_to_the_plate_and_place_it_on_the_plate,demo_10,105,agentview,akita_black_bowl_1,is_left_of,cookies_1
pick_up_the_black_bowl_next_to_the_plate_and_place_it_on_the_plate,demo_10,105,agentview,cookies_1,is_right_of,akita_black_bowl_1
pick_up_the_black_bowl_next_to_the_plate_and_place_it_on_the_plate,demo_10,105,agentview,akita_black_bowl_1,is_behind,glazed_rim_porcelain_ramekin_1
pick_up_the_black_bowl_next_to_the_plate_and_place_it_on_the_plate,demo_10,105,agentview,glazed_rim_porcelain_ramekin_1,is_in_front_of,akita_black_bowl_1
pick_up_the_black_bowl_next_to_the_plate_and_place_it_on_the_plate,demo_10,105,agentview,akita_black_bowl_1,is_behind,plate_1
pick_up_the_black_bowl_next_to_the_plate_and_place_it_on_the_plate,demo_10,105,agentview,plate_1,is_in_front_of,akita_black_bowl_1
pick_up_the_black_bowl_next_to_the_plate_and_place_it_on_the_plate,demo_10,105,agentview,akita_black_bowl_1,is_left_of,wooden_cabinet_1
pick_up_the_black_bowl_next_to_the_plate_and_place_it_on_the_plate,demo_10,105,agentview,wooden_cabinet_1,is_right_of,akita_black_bowl_1
pick_up_the_black_bowl_next_to_the_plate_and_place_it_on_the_plate,demo_10,105,agentview,akita_black_bowl_1,is_left_of,flat_stove_1
pick_up_the_black_bowl_next_to_the_plate_and_place_it_on_the_plate,demo_10,105,agentview,flat_stove_1,is_right_of,akita_black_bowl_1
pick_up_the_black_bowl_next_to_the_plate_and_place_it_on_the_plate,demo_10,105,agentview,akita_black_bowl_2,is_behind,cookies_1
pick_up_the_black_bowl_next_to_the_plate_and_place_it_on_the_plate,demo_10,105,agentview,cookies_1,is_in_front_of,akita_black_bowl_2
pick_up_the_black_bowl_next_to_the_plate_and_place_it_on_the_plate,demo_10,105,agentview,akita_black_bowl_2,is_right_of,glazed_rim_porcelain_ramekin_1
pick_up_the_black_bowl_next_to_the_plate_and_place_it_on_the_plate,demo_10,105,agentview,glazed_rim_porcelain_ramekin_1,is_left_of,akita_black_bowl_2
pick_up_the_black_bowl_next_to_the_plate_and_place_it_on_the_plate,demo_10,105,agentview,akita_black_bowl_2,is_right_of,plate_1
pick_up_the_black_bowl_next_to_the_plate_and_place_it_on_the_plate,demo_10,105,agentview,plate_1,is_left_of,akita_black_bowl_2
pick_up_the_black_bowl_next_to_the_plate_and_place_it_on_the_plate,demo_10,105,agentview,akita_black_bowl_2,is_left_of,wooden_cabinet_1
pick_up_the_black_bowl_next_to_the_plate_and_place_it_on_the_plate,demo_10,105,agentview,wooden_cabinet_1,is_right_of,akita_black_bowl_2
pick_up_the_black_bowl_next_to_the_plate_and_place_it_on_the_plate,demo_10,105,agentview,akita_black_bowl_2,is_on_top_of,flat_stove_1
pick_up_the_black_bowl_next_to_the_plate_and_place_it_on_the_plate,demo_10,105,agentview,flat_stove_1,is_below_of,akita_black_bowl_2
pick_up_the_black_bowl_next_to_the_plate_and_place_it_on_the_plate,demo_10,105,agentview,cookies_1,is_right_of,glazed_rim_porcelain_ramekin_1
pick_up_the_black_bowl_next_to_the_plate_and_place_it_on_the_plate,demo_10,105,agentview,glazed_rim_porcelain_ramekin_1,is_left_of,cookies_1
pick_up_the_black_bowl_next_to_the_plate_and_place_it_on_the_plate,demo_10,105,agentview,cookies_1,is_right_of,plate_1
pick_up_the_black_bowl_next_to_the_plate_and_place_it_on_the_plate,demo_10,105,agentview,plate_1,is_left_of,cookies_1
pick_up_the_black_bowl_next_to_the_plate_and_place_it_on_the_plate,demo_10,105,agentview,cookies_1,is_left_of,wooden_cabinet_1
pick_up_the_black_bowl_next_to_the_plate_and_place_it_on_the_plate,demo_10,105,agentview,wooden_cabinet_1,is_right_of,cookies_1
pick_up_the_black_bowl_next_to_the_plate_and_place_it_on_the_plate,demo_10,105,agentview,cookies_1,is_in_front_of,flat_stove_1
pick_up_the_black_bowl_next_to_the_plate_and_place_it_on_the_plate,demo_10,105,agentview,flat_stove_1,is_behind,cookies_1
pick_up_the_black_bowl_next_to_the_plate_and_place_it_on_the_plate,demo_10,105,agentview,glazed_rim_porcelain_ramekin_1,is_on_top_of,plate_1
pick_up_the_black_bowl_next_to_the_plate_and_place_it_on_the_plate,demo_10,105,agentview,plate_1,is_below_of,glazed_rim_porcelain_ramekin_1
pick_up_the_black_bowl_next_to_the_plate_and_place_it_on_the_plate,demo_10,105,agentview,glazed_rim_porcelain_ramekin_1,is_left_of,wooden_cabinet_1
pick_up_the_black_bowl_next_to_the_plate_and_place_it_on_the_plate,demo_10,105,agentview,wooden_cabinet_1,is_right_of,glazed_rim_porcelain_ramekin_1
pick_up_the_black_bowl_next_to_the_plate_and_place_it_on_the_plate,demo_10,105,agentview,glazed_rim_porcelain_ramekin_1,is_left_of,flat_stove_1
pick_up_the_black_bowl_next_to_the_plate_and_place_it_on_the_plate,demo_10,105,agentview,flat_stove_1,is_right_of,glazed_rim_porcelain_ramekin_1
pick_up_the_black_bowl_next_to_the_plate_and_place_it_on_the_plate,demo_10,105,agentview,plate_1,is_left_of,wooden_cabinet_1
pick_up_the_black_bowl_next_to_the_plate_and_place_it_on_the_plate,demo_10,105,agentview,wooden_cabinet_1,is_right_of,plate_1
pick_up_the_black_bowl_next_to_the_plate_and_place_it_on_the_plate,demo_10,110,agentview,akita_black_bowl_1,is_left_of,akita_black_bowl_2
pick_up_the_black_bowl_next_to_the_plate_and_place_it_on_the_plate,demo_10,110,agentview,akita_black_bowl_2,is_right_of,akita_black_bowl_1
pick_up_the_black_bowl_next_to_the_plate_and_place_it_on_the_plate,demo_10,110,agentview,akita_black_bowl_1,is_left_of,cookies_1
pick_up_the_black_bowl_next_to_the_plate_and_place_it_on_the_plate,demo_10,110,agentview,cookies_1,is_right_of,akita_black_bowl_1
pick_up_the_black_bowl_next_to_the_plate_and_place_it_on_the_plate,demo_10,110,agentview,akita_black_bowl_1,is_behind,glazed_rim_porcelain_ramekin_1
pick_up_the_black_bowl_next_to_the_plate_and_place_it_on_the_plate,demo_10,110,agentview,glazed_rim_porcelain_ramekin_1,is_in_front_of,akita_black_bowl_1
pick_up_the_black_bowl_next_to_the_plate_and_place_it_on_the_plate,demo_10,110,agentview,akita_black_bowl_1,is_behind,plate_1
pick_up_the_black_bowl_next_to_the_plate_and_place_it_on_the_plate,demo_10,110,agentview,plate_1,is_in_front_of,akita_black_bowl_1
pick_up_the_black_bowl_next_to_the_plate_and_place_it_on_the_plate,demo_10,110,agentview,akita_black_bowl_1,is_left_of,wooden_cabinet_1
pick_up_the_black_bowl_next_to_the_plate_and_place_it_on_the_plate,demo_10,110,agentview,wooden_cabinet_1,is_right_of,akita_black_bowl_1
pick_up_the_black_bowl_next_to_the_plate_and_place_it_on_the_plate,demo_10,110,agentview,akita_black_bowl_1,is_left_of,flat_stove_1
pick_up_the_black_bowl_next_to_the_plate_and_place_it_on_the_plate,demo_10,110,agentview,flat_stove_1,is_right_of,akita_black_bowl_1
pick_up_the_black_bowl_next_to_the_plate_and_place_it_on_the_plate,demo_10,110,agentview,akita_black_bowl_2,is_behind,cookies_1
pick_up_the_black_bowl_next_to_the_plate_and_place_it_on_the_plate,demo_10,110,agentview,cookies_1,is_in_front_of,akita_black_bowl_2
pick_up_the_black_bowl_next_to_the_plate_and_place_it_on_the_plate,demo_10,110,agentview,akita_black_bowl_2,is_right_of,glazed_rim_porcelain_ramekin_1
pick_up_the_black_bowl_next_to_the_plate_and_place_it_on_the_plate,demo_10,115,agentview,akita_black_bowl_1,is_left_of,akita_black_bowl_2
pick_up_the_black_bowl_next_to_the_plate_and_place_it_on_the_plate,demo_10,115,agentview,akita_black_bowl_2,is_right_of,akita_black_bowl_1
pick_up_the_black_bowl_next_to_the_plate_and_place_it_on_the_plate,demo_10,115,agentview,akita_black_bowl_1,is_left_of,cookies_1
pick_up_the_black_bowl_next_to_the_plate_and_place_it_on_the_plate,demo_10,115,agentview,cookies_1,is_right_of,akita_black_bowl_1
pick_up_the_black_bowl_next_to_the_plate_and_place_it_on_the_plate,demo_10,115,agentview,akita_black_bowl_1,is_behind,glazed_rim_porcelain_ramekin_1
pick_up_the_black_bowl_next_to_the_plate_and_place_it_on_the_plate,demo_10,115,agentview,glazed_rim_porcelain_ramekin_1,is_in_front_of,akita_black_bowl_1
pick_up_the_black_bowl_next_to_the_plate_and_place_it_on_the_plate,demo_10,115,agentview,akita_black_bowl_1,is_behind,plate_1
pick_up_the_black_bowl_next_to_the_plate_and_place_it_on_the_plate,demo_11,0,agentview,akita_black_bowl_1,is_behind,akita_black_bowl_2
pick_up_the_black_bowl_next_to_the_plate_and_place_it_on_the_plate,demo_11,0,agentview,akita_black_bowl_2,is_in_front_of,akita_black_bowl_1
pick_up_the_black_bowl_next_to_the_plate_and_place_it_on_the_plate,demo_11,0,agentview,akita_black_bowl_1,is_left_of,glazed_rim_porcelain_ramekin_1
pick_up_the_black_bowl_next_to_the_plate_and_place_it_on_the_plate,demo_11,0,agentview,glazed_rim_porcelain_ramekin_1,is_right_of,akita_black_bowl_1
pick_up_the_black_bowl_next_to_the_plate_and_place_it_on_the_plate,demo_11,0,agentview,akita_black_bowl_1,is_behind,plate_1
pick_up_the_black_bowl_next_to_the_plate_and_place_it_on_the_plate,demo_11,0,agentview,plate_1,is_in_front_of,akita_black_bowl_1
pick_up_the_black_bowl_next_to_the_plate_and_place_it_on_the_plate,demo_11,0,agentview,akita_black_bowl_1,is_left_of,cookies_1
pick_up_the_black_bowl_next_to_the_plate_and_place_it_on_the_plate,demo_11,0,agentview,cookies_1,is_right_of,akita_black_bowl_1
pick_up_the_black_bowl_next_to_the_plate_and_place_it_on_the_plate,demo_11,0,agentview,akita_black_bowl_1,is_left_of,flat_stove_1
pick_up_the_black_bowl_next_to_the_plate_and_place_it_on_the_plate,demo_11,0,agentview,flat_stove_1,is_right_of,akita_black_bowl_1
pick_up_the_black_bowl_next_to_the_plate_and_place_it_on_the_plate,demo_11,0,agentview,akita_black_bowl_1,is_left_of,wooden_cabinet_1
pick_up_the_black_bowl_next_to_the_plate_and_place_it_on_the_plate,demo_11,0,agentview,wooden_cabinet_1,is_right_of,akita_black_bowl_1
pick_up_the_black_bowl_next_to_the_plate_and_place_it_on_the_plate,demo_11,0,agentview,akita_black_bowl_2,is_left_of,glazed_rim_porcelain_ramekin_1
pick_up_the_black_bowl_next_to_the_plate_and_place_it_on_the_plate,demo_11,0,agentview,glazed_rim_porcelain_ramekin_1,is_right_of,akita_black_bowl_2
pick_up_the_black_bowl_next_to_the_plate_and_place_it_on_the_plate,demo_11,0,agentview,akita_black_bowl_2,is_left_of,plate_1
pick_up_the_black_bowl_next_to_the_plate_and_place_it_on_the_plate,demo_11,0,agentview,plate_1,is_right_of,akita_black_bowl_2
pick_up_the_black_bowl_next_to_the_plate_and_place_it_on_the_plate,demo_11,0,agentview,akita_black_bowl_2,is_left_of,cookies_1
pick_up_the_black_bowl_next_to_the_plate_and_place_it_on_the_plate,demo_11,0,agentview,cookies_1,is_right_of,akita_black_bowl_2
pick_up_the_black_bowl_next_to_the_plate_and_place_it_on_the_plate,demo_11,0,agentview,akita_black_bowl_2,is_left_of,flat_stove_1
pick_up_the_black_bowl_next_to_the_plate_and_place_it_on_the_plate,demo_11,0,agentview,flat_stove_1,is_right_of,akita_black_bowl_2
pick_up_the_black_bowl_next_to_the_plate_and_place_it_on_the_plate,demo_11,0,agentview,akita_black_bowl_2,is_left_of,wooden_cabinet_1
pick_up_the_black_bowl_next_to_the_plate_and_place_it_on_the_plate,demo_11,0,agentview,wooden_cabinet_1,is_right_of,akita_black_bowl_2
pick_up_the_black_bowl_next_to_the_plate_and_place_it_on_the_plate,demo_11,0,agentview,glazed_rim_porcelain_ramekin_1,is_behind,plate_1
pick_up_the_black_bowl_next_to_the_plate_and_place_it_on_the_plate,demo_11,0,agentview,plate_1,is_in_front_of,glazed_rim_porcelain_ramekin_1
pick_up_the_black_bowl_next_to_the_plate_and_place_it_on_the_plate,demo_11,0,agentview,glazed_rim_porcelain_ramekin_1,is_behind,cookies_1
pick_up_the_black_bowl_next_to_the_plate_and_place_it_on_the_plate,demo_11,0,agentview,cookies_1,is_in_front_of,glazed_rim_porcelain_ramekin_1
pick_up_the_black_bowl_next_to_the_plate_and_place_it_on_the_plate,demo_11,0,agentview,glazed_rim_porcelain_ramekin_1,is_left_of,flat_stove_1
pick_up_the_black_bowl_next_to_the_plate_and_place_it_on_the_plate,demo_11,0,agentview,flat_stove_1,is_right_of,glazed_rim_porcelain_ramekin_1
pick_up_the_black_bowl_next_to_the_plate_and_place_it_on_the_plate,demo_11,0,agentview,glazed_rim_porcelain_ramekin_1,is_left_of,wooden_cabinet_1
pick_up_the_black_bowl_next_to_the_plate_and_place_it_on_the_plate,demo_11,0,agentview,wooden_cabinet_1,is_right_of,glazed_rim_porcelain_ramekin_1
pick_up_the_black_bowl_next_to_the_plate_and_place_it_on_the_plate,demo_11,0,agentview,plate_1,is_left_of,cookies_1
pick_up_the_black_bowl_next_to_the_plate_and_place_it_on_the_plate,demo_11,0,agentview,cookies_1,is_right_of,plate_1
pick_up_the_black_bowl_next_to_the_plate_and_place_it_on_the_plate,demo_11,0,agentview,plate_1,is_left_of,flat_stove_1
pick_up_the_black_bowl_next_to_the_plate_and_place_it_on_the_plate,demo_11,5,agentview,akita_black_bowl_1,is_behind,akita_black_bowl_2
pick_up_the_black_bowl_next_to_the_plate_and_place_it_on_the_plate,demo_11,5,agentview,akita_black_bowl_2,is_in_front_of,akita_black_bowl_1
pick_up_the_black_bowl_next_to_the_plate_and_place_it_on_the_plate,demo_11,5,agentview,akita_black_bowl_1,is_left_of,cookies_1
pick_up_the_black_bowl_next_to_the_plate_and_place_it_on_the_plate,demo_11,5,agentview,cookies_1,is_right_of,akita_black_bowl_1
pick_up_the_black_bowl_next_to_the_plate_and_place_it_on_the_plate,demo_11,5,agentview,akita_black_bowl_1,is_left_of,glazed_rim_porcelain_ramekin_1
pick_up_the_black_bowl_next_to_the_plate_and_place_it_on_the_plate,demo_11,5,agentview,glazed_rim_porcelain_ramekin_1,is_right_of,akita_black_bowl_1
pick_up_the_black_bowl_next_to_the_plate_and_place_it_on_the_plate,demo_11,5,agentview,akita_black_bowl_1,is_behind,plate_1
pick_up_the_black_bowl_next_to_the_plate_and_place_it_on_the_plate,demo_11,5,agentview,plate_1,is_in_front_of,akita_black_bowl_1
pick_up_the_black_bowl_next_to_the_plate_and_place_it_on_the_plate,demo_11,5,agentview,akita_black_bowl_1,is_left_of,wooden_cabinet_1
pick_up_the_black_bowl_next_to_the_plate_and_place_it_on_the_plate,demo_11,5,agentview,wooden_cabinet_1,is_right_of,akita_black_bowl_1
pick_up_the_black_bowl_next_to_the_plate_and_place_it_on_the_plate,demo_11,5,agentview,akita_black_bowl_1,is_left_of,flat_stove_1
pick_up_the_black_bowl_next_to_the_plate_and_place_it_on_the_plate,demo_11,5,agentview,flat_stove_1,is_right_of,akita_black_bowl_1
pick_up_the_black_bowl_next_to_the_plate_and_place_it_on_the_plate,demo_11,5,agentview,akita_black_bowl_2,is_left_of,cookies_1
pick_up_the_black_bowl_next_to_the_plate_and_place_it_on_the_plate,demo_11,5,agentview,cookies_1,is_right_of,akita_black_bowl_2
pick_up_the_black_bowl_next_to_the_plate_and_place_it_on_the_plate,demo_11,5,agentview,akita_black_bowl_2,is_left_of,glazed_rim_porcelain_ramekin_1
pick_up_the_black_bowl_next_to_the_plate_and_place_it_on_the_plate,demo_11,5,agentview,glazed_rim_porcelain_ramekin_1,is_right_of,akita_black_bowl_2
pick_up_the_black_bowl_next_to_the_plate_and_place_it_on_the_plate,demo_11,5,agentview,akita_black_bowl_2,is_left_of,plate_1
pick_up_the_black_bowl_next_to_the_plate_and_place_it_on_the_plate,demo_11,5,agentview,plate_1,is_right_of,akita_black_bowl_2
pick_up_the_black_bowl_next_to_the_plate_and_place_it_on_the_plate,demo_11,5,agentview,akita_black_bowl_2,is_left_of,wooden_cabinet_1
pick_up_the_black_bowl_next_to_the_plate_and_place_it_on_the_plate,demo_11,5,agentview,wooden_cabinet_1,is_right_of,akita_black_bowl_2
pick_up_the_black_bowl_next_to_the_plate_and_place_it_on_the_plate,demo_11,5,agentview,akita_black_bowl_2,is_left_of,flat_stove_1
pick_up_the_black_bowl_next_to_the_plate_and_place_it_on_the_plate,demo_11,5,agentview,flat_stove_1,is_right_of,akita_black_bowl_2
pick_up_the_black_bowl_next_to_the_plate_and_place_it_on_the_plate,demo_11,5,agentview,cookies_1,is_in_front_of,glazed_rim_porcelain_ramekin_1
pick_up_the_black_bowl_next_to_the_plate_and_place_it_on_the_plate,demo_11,5,agentview,glazed_rim_porcelain_ramekin_1,is_behind,cookies_1
pick_up_the_black_bowl_next_to_the_plate_and_place_it_on_the_plate,demo_11,5,agentview,cookies_1,is_right_of,plate_1
pick_up_the_black_bowl_next_to_the_plate_and_place_it_on_the_plate,demo_11,5,agentview,plate_1,is_left_of,cookies_1
pick_up_the_black_bowl_next_to_the_plate_and_place_it_on_the_plate,demo_11,5,agentview,cookies_1,is_left_of,wooden_cabinet_1
pick_up_the_black_bowl_next_to_the_plate_and_place_it_on_the_plate,demo_11,5,agentview,wooden_cabinet_1,is_right_of,cookies_1
pick_up_the_black_bowl_next_to_the_plate_and_place_it_on_the_plate,demo_11,5,agentview,cookies_1,is_in_front_of,flat_stove_1
pick_up_the_black_bowl_next_to_the_plate_and_place_it_on_the_plate,demo_11,5,agentview,flat_stove_1,is_behind,cookies_1
pick_up_the_black_bowl_next_to_the_plate_and_place_it_on_the_plate,demo_11,5,agentview,glazed_rim_porcelain_ramekin_1,is_behind,plate_1
pick_up_the_black_bowl_next_to_the_plate_and_place_it_on_the_plate,demo_11,5,agentview,plate_1,is_in_front_of,glazed_rim_porcelain_ramekin_1
pick_up_the_black_bowl_next_to_the_plate_and_place_it_on_the_plate,demo_11,5,agentview,glazed_rim_porcelain_ramekin_1,is_left_of,wooden_cabinet_1
pick_up_the_black_bowl_next_to_the_plate_and_place_it_on_the_plate,demo_11,5,agentview,wooden_cabinet_1,is_right_of,glazed_rim_porcelain_ramekin_1
pick_up_the_black_bowl_next_to_the_plate_and_place_it_on_the_plate,demo_11,5,agentview,glazed_rim_porcelain_ramekin_1,is_left_of,flat_stove_1
pick_up_the_black_bowl_next_to_the_plate_and_place_it_on_the_plate,demo_11,5,agentview,flat_stove_1,is_right_of,glazed_rim_porcelain_ramekin_1
pick_up_the_black_bowl_next_to_the_plate_and_place_it_on_the_plate,demo_11,5,agentview,plate_1,is_left_of,wooden_cabinet_1
pick_up_the_black_bowl_next_to_the_plate_and_place_it_on_the_plate,demo_11,5,agentview,wooden_cabinet_1,is_right_of,plate_1
pick_up_the_black_bowl_next_to_the_plate_and_place_it_on_the_plate,demo_11,5,agentview,plate_1,is_left_of,flat_stove_1
pick_up_the_black_bowl_next_to_the_plate_and_place_it_on_the_plate,demo_11,5,agentview,flat_stove_1,is_right_of,plate_1
pick_up_the_black_bowl_next_to_the_plate_and_place_it_on_the_plate,demo_11,5,agentview,wooden_cabinet_1,is_right_of,flat_stove_1
pick_up_the_black_bowl_next_to_the_plate_and_place_it_on_the_plate,demo_11,5,agentview,flat_stove_1,is_left_of,wooden_cabinet_1
pick_up_the_black_bowl_next_to_the_plate_and_place_it_on_the_plate,demo_11,10,agentview,akita_black_bowl_1,is_behind,akita_black_bowl_2
pick_up_the_black_bowl_next_to_the_plate_and_place_it_on_the_plate,demo_11,10,agentview,akita_black_bowl_1,is_left_of,cookies_1
pick_up_the_black_bowl_next_to_the_plate_and_place_it_on_the_plate,demo_11,10,agentview,akita_black_bowl_1,is_left_of,glazed_rim_porcelain_ramekin_1
pick_up_the_black_bowl_next_to_the_plate_and_place_it_on_the_plate,demo_11,10,agentview,akita_black_bowl_1,is_behind,plate_1
pick_up_the_black_bowl_next_to_the_plate_and_place_it_on_the_plate,demo_11,10,agentview,akita_black_bowl_1,is_left_of,wooden_cabinet_1
pick_up_the_black_bowl_next_to_the_plate_and_place_it_on_the_plate,demo_11,10,agentview,akita_black_bowl_1,is_left_of,flat_stove_1
pick_up_the_black_bowl_next_to_the_plate_and_place_it_on_the_plate,demo_11,10,agentview,akita_black_bowl_2,is_in_front_of,akita_black_bowl_1
pick_up_the_black_bowl_next_to_the_plate_and_place_it_on_the_plate,demo_11,10,agentview,akita_black_bowl_2,is_left_of,cookies_1
pick_up_the_black_bowl_next_to_the_plate_and_place_it_on_the_plate,demo_11,10,agentview,akita_black_bowl_2,is_left_of,glazed_rim_porcelain_ramekin_1
pick_up_the_black_bowl_next_to_the_plate_and_place_it_on_the_plate,demo_11,10,agentview,akita_black_bowl_2,is_left_of,plate_1
pick_up_the_black_bowl_next_to_the_plate_and_place_it_on_the_plate,demo_11,10,agentview,akita_black_bowl_2,is_left_of,wooden_cabinet_1
pick_up_the_black_bowl_next_to_the_plate_and_place_it_on_the_plate,demo_11,10,agentview,akita_black_bowl_2,is_left_of,flat_stove_1
pick_up_the_black_bowl_next_to_the_plate_and_place_it_on_the_plate,demo_11,10,agentview,cookies_1,is_right_of,akita_black_bowl_1
pick_up_the_black_bowl_next_to_the_plate_and_place_it_on_the_plate,demo_11,10,agentview,cookies_1,is_right_of,akita_black_bowl_2
pick_up_the_black_bowl_next_to_the_plate_and_place_it_on_the_plate,demo_11,10,agentview,cookies_1,is_in_front_of,glazed_rim_porcelain_ramekin_1
pick_up_the_black_bowl_next_to_the_plate_and_place_it_on_the_plate,demo_11,10,agentview,cookies_1,is_right_of,plate_1
pick_up_the_black_bowl_next_to_the_plate_and_place_it_on_the_plate,demo_11,10,agentview,cookies_1,is_left_of,wooden_cabinet_1
pick_up_the_black_bowl_next_to_the_plate_and_place_it_on_the_plate,demo_11,10,agentview,cookies_1,is_in_front_of,flat_stove_1
pick_up_the_black_bowl_next_to_the_plate_and_place_it_on_the_plate,demo_11,10,agentview,glazed_rim_porcelain_ramekin_1,is_right_of,akita_black_bowl_1
pick_up_the_black_bowl_next_to_the_plate_and_place_it_on_the_plate,demo_11,10,agentview,glazed_rim_porcelain_ramekin_1,is_right_of,akita_black_bowl_2
pick_up_the_black_bowl_next_to_the_plate_and_place_it_on_the_plate,demo_11,10,agentview,glazed_rim_porcelain_ramekin_1,is_behind,cookies_1
pick_up_the_black_bowl_next_to_the_plate_and_place_it_on_the_plate,demo_11,10,agentview,glazed_rim_porcelain_ramekin_1,is_behind,plate_1
pick_up_the_black_bowl_next_to_the_plate_and_place_it_on_the_plate,demo_11,10,agentview,glazed_rim_porcelain_ramekin_1,is_left_of,wooden_cabinet_1
pick_up_the_black_bowl_next_to_the_plate_and_place_it_on_the_plate,demo_11,10,agentview,glazed_rim_porcelain_ramekin_1,is_left_of,flat_stove_1
pick_up_the_black_bowl_next_to_the_plate_and_place_it_on_the_plate,demo_11,10,agentview,plate_1,is_in_front_of,akita_black_bowl_1
pick_up_the_black_bowl_next_to_the_plate_and_place_it_on_the_plate,demo_11,10,agentview,plate_1,is_right_of,akita_black_bowl_2
pick_up_the_black_bowl_next_to_the_plate_and_place_it_on_the_plate,demo_11,10,agentview,plate_1,is_left_of,cookies_1
pick_up_the_black_bowl_next_to_the_plate_and_place_it_on_the_plate,demo_11,10,agentview,plate_1,is_in_front_of,glazed_rim_porcelain_ramekin_1
pick_up_the_black_bowl_next_to_the_plate_and_place_it_on_the_plate,demo_11,10,agentview,plate_1,is_left_of,wooden_cabinet_1
pick_up_the_black_bowl_next_to_the_plate_and_place_it_on_the_plate,demo_11,10,agentview,plate_1,is_left_of,flat_stove_1
pick_up_the_black_bowl_next_to_the_plate_and_place_it_on_the_plate,demo_11,10,agentview,wooden_cabinet_1,is_right_of,akita_black_bowl_1
pick_up_the_black_bowl_next_to_the_plate_and_place_it_on_the_plate,demo_11,10,agentview,wooden_cabinet_1,is_right_of,akita_black_bowl_2
pick_up_the_black_bowl_next_to_the_plate_and_place_it_on_the_plate,demo_11,10,agentview,wooden_cabinet_1,is_right_of,cookies_1
pick_up_the_black_bowl_next_to_the_plate_and_place_it_on_the_plate,demo_11,10,agentview,wooden_cabinet_1,is_right_of,glazed_rim_porcelain_ramekin_1
pick_up_the_black_bowl_next_to_the_plate_and_place_it_on_the_plate,demo_11,10,agentview,wooden_cabinet_1,is_right_of,plate_1
pick_up_the_black_bowl_next_to_the_plate_and_place_it_on_the_plate,demo_11,10,agentview,wooden_cabinet_1,is_right_of,flat_stove_1
pick_up_the_black_bowl_next_to_the_plate_and_place_it_on_the_plate,demo_11,10,agentview,flat_stove_1,is_right_of,akita_black_bowl_1
pick_up_the_black_bowl_next_to_the_plate_and_place_it_on_the_plate,demo_11,10,agentview,flat_stove_1,is_right_of,akita_black_bowl_2
pick_up_the_black_bowl_next_to_the_plate_and_place_it_on_the_plate,demo_11,10,agentview,flat_stove_1,is_behind,cookies_1
pick_up_the_black_bowl_next_to_the_plate_and_place_it_on_the_plate,demo_11,10,agentview,flat_stove_1,is_right_of,glazed_rim_porcelain_ramekin_1
pick_up_the_black_bowl_next_to_the_plate_and_place_it_on_the_plate,demo_11,10,agentview,flat_stove_1,is_right_of,plate_1
pick_up_the_black_bowl_next_to_the_plate_and_place_it_on_the_plate,demo_11,10,agentview,flat_stove_1,is_left_of,wooden_cabinet_1
pick_up_the_black_bowl_next_to_the_plate_and_place_it_on_the_plate,demo_11,15,agentview,akita_black_bowl_1,is_behind,akita_black_bowl_2
pick_up_the_black_bowl_next_to_the_plate_and_place_it_on_the_plate,demo_11,15,agentview,akita_black_bowl_2,is_in_front_of,akita_black_bowl_1
pick_up_the_black_bowl_next_to_the_plate_and_place_it_on_the_plate,demo_11,15,agentview,akita_black_bowl_1,is_behind,cookies_1
pick_up_the_black_bowl_next_to_the_plate_and_place_it_on_the_plate,demo_11,15,agentview,cookies_1,is_in_front_of,akita_black_bowl_1
pick_up_the_black_bowl_next_to_the_plate_and_place_it_on_the_plate,demo_11,15,agentview,akita_black_bowl_1,is_left_of,glazed_rim_porcelain_ramekin_1
pick_up_the_black_bowl_next_to_the_plate_and_place_it_on_the_plate,demo_11,15,agentview,glazed_rim_porcelain_ramekin_1,is_right_of,akita_black_bowl_1
pick_up_the_black_bowl_next_to_the_plate_and_place_it_on_the_plate,demo_11,15,agentview,akita_black_bowl_1,is_behind,plate_1
pick_up_the_black_bowl_next_to_the_plate_and_place_it_on_the_plate,demo_11,15,agentview,plate_1,is_in_front_of,akita_black_bowl_1
pick_up_the_black_bowl_next_to_the_plate_and_place_it_on_the_plate,demo_11,15,agentview,akita_black_bowl_1,is_left_of,wooden_cabinet_1
pick_up_the_black_bowl_next_to_the_plate_and_place_it_on_the_plate,demo_11,15,agentview,wooden_cabinet_1,is_right_of,akita_black_bowl_1
pick_up_the_black_bowl_next_to_the_plate_and_place_it_on_the_plate,demo_11,15,agentview,akita_black_bowl_1,is_left_of,flat_stove_1
pick_up_the_black_bowl_next_to_the_plate_and_place_it_on_the_plate,demo_11,15,agentview,flat_stove_1,is_right_of,akita_black_bowl_1
pick_up_the_black_bowl_next_to_the_plate_and_place_it_on_the_plate,demo_11,15,agentview,akita_black_bowl_2,is_left_of,cookies_1
pick_up_the_black_bowl_next_to_the_plate_and_place_it_on_the_plate,demo_11,15,agentview,cookies_1,is_right_of,akita_black_bowl_2
pick_up_the_black_bowl_next_to_the_plate_and_place_it_on_the_plate,demo_11,15,agentview,akita_black_bowl_2,is_in_front_of,glazed_rim_porcelain_ramekin_1
pick_up_the_black_bowl_next_to_the_plate_and_place_it_on_the_plate,demo_11,15,agentview,glazed_rim_porcelain_ramekin_1,is_behind,akita_black_bowl_2
pick_up_the_black_bowl_next_to_the_plate_and_place_it_on_the_plate,demo_11,15,agentview,akita_black_bowl_2,is_left_of,plate_1
pick_up_the_black_bowl_next_to_the_plate_and_place_it_on_the_plate,demo_11,15,agentview,plate_1,is_right_of,akita_black_bowl_2
pick_up_the_black_bowl_next_to_the_plate_and_place_it_on_the_plate,demo_11,15,agentview,akita_black_bowl_2,is_left_of,wooden_cabinet_1
pick_up_the_black_bowl_next_to_the_plate_and_place_it_on_the_plate,demo_11,15,agentview,wooden_cabinet_1,is_right_of,akita_black_bowl_2
pick_up_the_black_bowl_next_to_the_plate_and_place_it_on_the_plate,demo_11,15,agentview,akita_black_bowl_2,is_left_of,flat_stove_1
pick_up_the_black_bowl_next_to_the_plate_and_place_it_on_the_plate,demo_11,15,agentview,flat_stove_1,is_right_of,akita_black_bowl_2
pick_up_the_black_bowl_next_to_the_plate_and_place_it_on_the_plate,demo_11,15,agentview,cookies_1,is_in_front_of,glazed_rim_porcelain_ramekin_1
pick_up_the_black_bowl_next_to_the_plate_and_place_it_on_the_plate,demo_11,15,agentview,glazed_rim_porcelain_ramekin_1,is_behind,cookies_1
pick_up_the_black_bowl_next_to_the_plate_and_place_it_on_the_plate,demo_11,15,agentview,cookies_1,is_right_of,plate_1
pick_up_the_black_bowl_next_to_the_plate_and_place_it_on_the_plate,demo_11,15,agentview,plate_1,is_left_of,cookies_1
pick_up_the_black_bowl_next_to_the_plate_and_place_it_on_the_plate,demo_11,15,agentview,cookies_1,is_left_of,wooden_cabinet_1
pick_up_the_black_bowl_next_to_the_plate_and_place_it_on_the_plate,demo_11,15,agentview,wooden_cabinet_1,is_right_of,cookies_1
pick_up_the_black_bowl_next_to_the_plate_and_place_it_on_the_plate,demo_11,15,agentview,cookies_1,is_in_front_of,flat_stove_1
pick_up_the_black_bowl_next_to_the_plate_and_place_it_on_the_plate,demo_11,15,agentview,flat_stove_1,is_behind,cookies_1
pick_up_the_black_bowl_next_to_the_plate_and_place_it_on_the_plate,demo_11,15,agentview,glazed_rim_porcelain_ramekin_1,is_behind,plate_1
pick_up_the_black_bowl_next_to_the_plate_and_place_it_on_the_plate,demo_11,15,agentview,plate_1,is_in_front_of,glazed_rim_porcelain_ramekin_1
pick_up_the_black_bowl_next_to_the_plate_and_place_it_on_the_plate,demo_11,15,agentview,glazed_rim_porcelain_ramekin_1,is_left_of,wooden_cabinet_1
pick_up_the_black_bowl_next_to_the_plate_and_place_it_on_the_plate,demo_11,15,agentview,wooden_cabinet_1,is_right_of,glazed_rim_porcelain_ramekin_1
pick_up_the_black_bowl_next_to_the_plate_and_place_it_on_the_plate,demo_11,15,agentview,glazed_rim_porcelain_ramekin_1,is_left_of,flat_stove_1
pick_up_the_black_bowl_next_to_the_plate_and_place_it_on_the_plate,demo_11,15,agentview,flat_stove_1,is_right_of,glazed_rim_porcelain_ramekin_1
pick_up_the_black_bowl_next_to_the_plate_and_place_it_on_the_plate,demo_11,15,agentview,plate_1,is_left_of,wooden_cabinet_1
pick_up_the_black_bowl_next_to_the_plate_and_place_it_on_the_plate,demo_11,15,agentview,wooden_cabinet_1,is_right_of,plate_1
pick_up_the_black_bowl_next_to_the_plate_and_place_it_on_the_plate,demo_11,15,agentview,plate_1,is_in_front_of,flat_stove_1
pick_up_the_black_bowl_next_to_the_plate_and_place_it_on_the_plate,demo_11,15,agentview,flat_stove_1,is_behind,plate_1
pick_up_the_black_bowl_next_to_the_plate_and_place_it_on_the_plate,demo_11,15,agentview,wooden_cabinet_1,is_right_of,flat_stove_1
pick_up_the_black_bowl_next_to_the_plate_and_place_it_on_the_plate,demo_11,15,agentview,flat_stove_1,is_left_of,wooden_cabinet_1
pick_up_the_black_bowl_next_to_the_plate_and_place_it_on_the_plate,demo_11,20,agentview,akita_black_bowl_1,is_behind,akita_black_bowl_2
pick_up_the_black_bowl_next_to_the_plate_and_place_it_on_the_plate,demo_11,20,agentview,akita_black_bowl_2,is_in_front_of,akita_black_bowl_1
pick_up_the_black_bowl_next_to_the_plate_and_place_it_on_the_plate,demo_11,20,agentview,akita_black_bowl_1,is_left_of,cookies_1
pick_up_the_black_bowl_next_to_the_plate_and_place_it_on_the_plate,demo_11,20,agentview,cookies_1,is_right_of,akita_black_bowl_1
pick_up_the_black_bowl_next_to_the_plate_and_place_it_on_the_plate,demo_11,20,agentview,akita_black_bowl_1,is_left_of,glazed_rim_porcelain_ramekin_1
pick_up_the_black_bowl_next_to_the_plate_and_place_it_on_the_plate,demo_11,20,agentview,glazed_rim_porcelain_ramekin_1,is_right_of,akita_black_bowl_1
pick_up_the_black_bowl_next_to_the_plate_and_place_it_on_the_plate,demo_11,20,agentview,akita_black_bowl_1,is_behind,plate_1
pick_up_the_black_bowl_next_to_the_plate_and_place_it_on_the_plate,demo_11,20,agentview,plate_1,is_in_front_of,akita_black_bowl_1
pick_up_the_black_bowl_next_to_the_plate_and_place_it_on_the_plate,demo_11,20,agentview,akita_black_bowl_1,is_left_of,wooden_cabinet_1
pick_up_the_black_bowl_next_to_the_plate_and_place_it_on_the_plate,demo_11,20,agentview,wooden_cabinet_1,is_right_of,akita_black_bowl_1
pick_up_the_black_bowl_next_to_the_plate_and_place_it_on_the_plate,demo_11,20,agentview,akita_black_bowl_1,is_left_of,flat_stove_1
pick_up_the_black_bowl_next_to_the_plate_and_place_it_on_the_plate,demo_11,20,agentview,flat_stove_1,is_right_of,akita_black_bowl_1
pick_up_the_black_bowl_next_to_the_plate_and_place_it_on_the_plate,demo_11,20,agentview,akita_black_bowl_2,is_left_of,cookies_1
pick_up_the_black_bowl_next_to_the_plate_and_place_it_on_the_plate,demo_11,20,agentview,cookies_1,is_right_of,akita_black_bowl_2
pick_up_the_black_bowl_next_to_the_plate_and_place_it_on_the_plate,demo_11,20,agentview,akita_black_bowl_2,is_in_front_of,glazed_rim_porcelain_ramekin_1
pick_up_the_black_bowl_next_to_the_plate_and_place_it_on_the_plate,demo_11,20,agentview,glazed_rim_porcelain_ramekin_1,is_behind,akita_black_bowl_2
pick_up_the_black_bowl_next_to_the_plate_and_place_it_on_the_plate,demo_11,20,agentview,akita_black_bowl_2,is_left_of,plate_1
pick_up_the_black_bowl_next_to_the_plate_and_place_it_on_the_plate,demo_11,20,agentview,plate_1,is_right_of,akita_black_bowl_2
pick_up_the_black_bowl_next_to_the_plate_and_place_it_on_the_plate,demo_11,20,agentview,akita_black_bowl_2,is_left_of,wooden_cabinet_1
pick_up_the_black_bowl_next_to_the_plate_and_place_it_on_the_plate,demo_11,20,agentview,wooden_cabinet_1,is_right_of,akita_black_bowl_2
pick_up_the_black_bowl_next_to_the_plate_and_place_it_on_the_plate,demo_11,20,agentview,akita_black_bowl_2,is_left_of,flat_stove_1
pick_up_the_black_bowl_next_to_the_plate_and_place_it_on_the_plate,demo_11,20,agentview,flat_stove_1,is_right_of,akita_black_bowl_2
pick_up_the_black_bowl_next_to_the_plate_and_place_it_on_the_plate,demo_11,20,agentview,cookies_1,is_in_front_of,glazed_rim_porcelain_ramekin_1
pick_up_the_black_bowl_next_to_the_plate_and_place_it_on_the_plate,demo_11,20,agentview,glazed_rim_porcelain_ramekin_1,is_behind,cookies_1
pick_up_the_black_bowl_next_to_the_plate_and_place_it_on_the_plate,demo_11,20,agentview,cookies_1,is_right_of,plate_1
pick_up_the_black_bowl_next_to_the_plate_and_place_it_on_the_plate,demo_11,20,agentview,plate_1,is_left_of,cookies_1
pick_up_the_black_bowl_next_to_the_plate_and_place_it_on_the_plate,demo_11,20,agentview,cookies_1,is_left_of,wooden_cabinet_1
pick_up_the_black_bowl_next_to_the_plate_and_place_it_on_the_plate,demo_11,20,agentview,wooden_cabinet_1,is_right_of,cookies_1
pick_up_the_black_bowl_next_to_the_plate_and_place_it_on_the_plate,demo_11,20,agentview,cookies_1,is_in_front_of,flat_stove_1
pick_up_the_black_bowl_next_to_the_plate_and_place_it_on_the_plate,demo_11,20,agentview,flat_stove_1,is_behind,cookies_1
pick_up_the_black_bowl_next_to_the_plate_and_place_it_on_the_plate,demo_11,20,agentview,glazed_rim_porcelain_ramekin_1,is_behind,plate_1
pick_up_the_black_bowl_next_to_the_plate_and_place_it_on_the_plate,demo_11,20,agentview,plate_1,is_in_front_of,glazed_rim_porcelain_ramekin_1
pick_up_the_black_bowl_next_to_the_plate_and_place_it_on_the_plate,demo_11,20,agentview,glazed_rim_porcelain_ramekin_1,is_left_of,wooden_cabinet_1
pick_up_the_black_bowl_next_to_the_plate_and_place_it_on_the_plate,demo_11,20,agentview,wooden_cabinet_1,is_right_of,glazed_rim_porcelain_ramekin_1
pick_up_the_black_bowl_next_to_the_plate_and_place_it_on_the_plate,demo_11,20,agentview,glazed_rim_porcelain_ramekin_1,is_left_of,flat_stove_1
pick_up_the_black_bowl_next_to_the_plate_and_place_it_on_the_plate,demo_11,20,agentview,flat_stove_1,is_right_of,glazed_rim_porcelain_ramekin_1
pick_up_the_black_bowl_next_to_the_plate_and_place_it_on_the_plate,demo_11,20,agentview,plate_1,is_left_of,wooden_cabinet_1
pick_up_the_black_bowl_next_to_the_plate_and_place_it_on_the_plate,demo_11,20,agentview,wooden_cabinet_1,is_right_of,plate_1
pick_up_the_black_bowl_next_to_the_plate_and_place_it_on_the_plate,demo_11,20,agentview,plate_1,is_left_of,flat_stove_1
pick_up_the_black_bowl_next_to_the_plate_and_place_it_on_the_plate,demo_11,20,agentview,flat_stove_1,is_right_of,plate_1
pick_up_the_black_bowl_next_to_the_plate_and_place_it_on_the_plate,demo_11,20,agentview,wooden_cabinet_1,is_right_of,flat_stove_1
pick_up_the_black_bowl_next_to_the_plate_and_place_it_on_the_plate,demo_11,20,agentview,flat_stove_1,is_left_of,wooden_cabinet_1
pick_up_the_black_bowl_next_to_the_plate_and_place_it_on_the_plate,demo_11,25,agentview,akita_black_bowl_1,is_in_front_of,akita_black_bowl_2
pick_up_the_black_bowl_next_to_the_plate_and_place_it_on_the_plate,demo_11,25,agentview,akita_black_bowl_2,is_behind,akita_black_bowl_1
pick_up_the_black_bowl_next_to_the_plate_and_place_it_on_the_plate,demo_11,25,agentview,akita_black_bowl_1,is_left_of,cookies_1
pick_up_the_black_bowl_next_to_the_plate_and_place_it_on_the_plate,demo_11,25,agentview,cookies_1,is_right_of,akita_black_bowl_1
pick_up_the_black_bowl_next_to_the_plate_and_place_it_on_the_plate,demo_11,25,agentview,akita_black_bowl_1,is_in_front_of,glazed_rim_porcelain_ramekin_1
pick_up_the_black_bowl_next_to_the_plate_and_place_it_on_the_plate,demo_11,25,agentview,glazed_rim_porcelain_ramekin_1,is_behind,akita_black_bowl_1
pick_up_the_black_bowl_next_to_the_plate_and_place_it_on_the_plate,demo_11,25,agentview,akita_black_bowl_1,is_left_of,plate_1
pick_up_the_black_bowl_next_to_the_plate_and_place_it_on_the_plate,demo_11,30,agentview,akita_black_bowl_1,is_in_front_of,akita_black_bowl_2
pick_up_the_black_bowl_next_to_the_plate_and_place_it_on_the_plate,demo_11,30,agentview,akita_black_bowl_2,is_behind,akita_black_bowl_1
pick_up_the_black_bowl_next_to_the_plate_and_place_it_on_the_plate,demo_11,30,agentview,akita_black_bowl_1,is_left_of,cookies_1
pick_up_the_black_bowl_next_to_the_plate_and_place_it_on_the_plate,demo_11,30,agentview,cookies_1,is_right_of,akita_black_bowl_1
pick_up_the_black_bowl_next_to_the_plate_and_place_it_on_the_plate,demo_11,30,agentview,akita_black_bowl_1,is_left_of,glazed_rim_porcelain_ramekin_1
pick_up_the_black_bowl_next_to_the_plate_and_place_it_on_the_plate,demo_11,30,agentview,glazed_rim_porcelain_ramekin_1,is_right_of,akita_black_bowl_1
pick_up_the_black_bowl_next_to_the_plate_and_place_it_on_the_plate,demo_11,30,agentview,akita_black_bowl_1,is_left_of,plate_1
pick_up_the_black_bowl_next_to_the_plate_and_place_it_on_the_plate,demo_11,30,agentview,plate_1,is_right_of,akita_black_bowl_1
pick_up_the_black_bowl_next_to_the_plate_and_place_it_on_the_plate,demo_11,30,agentview,akita_black_bowl_1,is_left_of,wooden_cabinet_1
pick_up_the_black_bowl_next_to_the_plate_and_place_it_on_the_plate,demo_11,30,agentview,wooden_cabinet_1,is_right_of,akita_black_bowl_1
pick_up_the_black_bowl_next_to_the_plate_and_place_it_on_the_plate,demo_11,30,agentview,akita_black_bowl_1,is_left_of,flat_stove_1
pick_up_the_black_bowl_next_to_the_plate_and_place_it_on_the_plate,demo_11,30,agentview,flat_stove_1,is_right_of,akita_black_bowl_1
pick_up_the_black_bowl_next_to_the_plate_and_place_it_on_the_plate,demo_11,30,agentview,akita_black_bowl_2,is_left_of,cookies_1
pick_up_the_black_bowl_next_to_the_plate_and_place_it_on_the_plate,demo_11,30,agentview,cookies_1,is_right_of,akita_black_bowl_2
pick_up_the_black_bowl_next_to_the_plate_and_place_it_on_the_plate,demo_11,30,agentview,akita_black_bowl_2,is_left_of,glazed_rim_porcelain_ramekin_1
pick_up_the_black_bowl_next_to_the_plate_and_place_it_on_the_plate,demo_11,30,agentview,glazed_rim_porcelain_ramekin_1,is_right_of,akita_black_bowl_2
pick_up_the_black_bowl_next_to_the_plate_and_place_it_on_the_plate,demo_11,30,agentview,akita_black_bowl_2,is_behind,plate_1
pick_up_the_black_bowl_next_to_the_plate_and_place_it_on_the_plate,demo_11,30,agentview,plate_1,is_in_front_of,akita_black_bowl_2
pick_up_the_black_bowl_next_to_the_plate_and_place_it_on_the_plate,demo_11,30,agentview,akita_black_bowl_2,is_left_of,wooden_cabinet_1
pick_up_the_black_bowl_next_to_the_plate_and_place_it_on_the_plate,demo_11,30,agentview,wooden_cabinet_1,is_right_of,akita_black_bowl_2
pick_up_the_black_bowl_next_to_the_plate_and_place_it_on_the_plate,demo_11,30,agentview,akita_black_bowl_2,is_left_of,flat_stove_1
pick_up_the_black_bowl_next_to_the_plate_and_place_it_on_the_plate,demo_11,30,agentview,flat_stove_1,is_right_of,akita_black_bowl_2
pick_up_the_black_bowl_next_to_the_plate_and_place_it_on_the_plate,demo_11,30,agentview,cookies_1,is_in_front_of,glazed_rim_porcelain_ramekin_1
pick_up_the_black_bowl_next_to_the_plate_and_place_it_on_the_plate,demo_11,30,agentview,glazed_rim_porcelain_ramekin_1,is_behind,cookies_1
pick_up_the_black_bowl_next_to_the_plate_and_place_it_on_the_plate,demo_11,30,agentview,cookies_1,is_right_of,plate_1
pick_up_the_black_bowl_next_to_the_plate_and_place_it_on_the_plate,demo_11,30,agentview,plate_1,is_left_of,cookies_1
pick_up_the_black_bowl_next_to_the_plate_and_place_it_on_the_plate,demo_11,30,agentview,cookies_1,is_left_of,wooden_cabinet_1
pick_up_the_black_bowl_next_to_the_plate_and_place_it_on_the_plate,demo_11,30,agentview,wooden_cabinet_1,is_right_of,cookies_1
pick_up_the_black_bowl_next_to_the_plate_and_place_it_on_the_plate,demo_11,30,agentview,cookies_1,is_in_front_of,flat_stove_1
pick_up_the_black_bowl_next_to_the_plate_and_place_it_on_the_plate,demo_11,30,agentview,flat_stove_1,is_behind,cookies_1
pick_up_the_black_bowl_next_to_the_plate_and_place_it_on_the_plate,demo_11,30,agentview,glazed_rim_porcelain_ramekin_1,is_behind,plate_1
pick_up_the_black_bowl_next_to_the_plate_and_place_it_on_the_plate,demo_11,30,agentview,plate_1,is_in_front_of,glazed_rim_porcelain_ramekin_1
pick_up_the_black_bowl_next_to_the_plate_and_place_it_on_the_plate,demo_11,30,agentview,glazed_rim_porcelain_ramekin_1,is_left_of,wooden_cabinet_1
pick_up_the_black_bowl_next_to_the_plate_and_place_it_on_the_plate,demo_11,30,agentview,wooden_cabinet_1,is_right_of,glazed_rim_porcelain_ramekin_1
pick_up_the_black_bowl_next_to_the_plate_and_place_it_on_the_plate,demo_11,30,agentview,glazed_rim_porcelain_ramekin_1,is_left_of,flat_stove_1
pick_up_the_black_bowl_next_to_the_plate_and_place_it_on_the_plate,demo_11,30,agentview,flat_stove_1,is_right_of,glazed_rim_porcelain_ramekin_1
pick_up_the_black_bowl_next_to_the_plate_and_place_it_on_the_plate,demo_11,30,agentview,plate_1,is_left_of,wooden_cabinet_1
pick_up_the_black_bowl_next_to_the_plate_and_place_it_on_the_plate,demo_11,30,agentview,wooden_cabinet_1,is_right_of,plate_1
pick_up_the_black_bowl_next_to_the_plate_and_place_it_on_the_plate,demo_11,30,agentview,plate_1,is_left_of,flat_stove_1
pick_up_the_black_bowl_next_to_the_plate_and_place_it_on_the_plate,demo_11,30,agentview,flat_stove_1,is_right_of,plate_1
pick_up_the_black_bowl_next_to_the_plate_and_place_it_on_the_plate,demo_11,30,agentview,wooden_cabinet_1,is_right_of,flat_stove_1
pick_up_the_black_bowl_next_to_the_plate_and_place_it_on_the_plate,demo_11,30,agentview,flat_stove_1,is_left_of,wooden_cabinet_1
pick_up_the_black_bowl_next_to_the_plate_and_place_it_on_the_plate,demo_11,35,agentview,akita_black_bowl_1,is_left_of,akita_black_bowl_2
pick_up_the_black_bowl_next_to_the_plate_and_place_it_on_the_plate,demo_11,35,agentview,akita_black_bowl_1,is_left_of,cookies_1
pick_up_the_black_bowl_next_to_the_plate_and_place_it_on_the_plate,demo_11,35,agentview,akita_black_bowl_1,is_in_front_of,glazed_rim_porcelain_ramekin_1
pick_up_the_black_bowl_next_to_the_plate_and_place_it_on_the_plate,demo_11,35,agentview,akita_black_bowl_1,is_left_of,plate_1
pick_up_the_black_bowl_next_to_the_plate_and_place_it_on_the_plate,demo_11,35,agentview,akita_black_bowl_1,is_left_of,wooden_cabinet_1
pick_up_the_black_bowl_next_to_the_plate_and_place_it_on_the_plate,demo_11,35,agentview,akita_black_bowl_1,is_left_of,flat_stove_1
pick_up_the_black_bowl_next_to_the_plate_and_place_it_on_the_plate,demo_11,35,agentview,akita_black_bowl_2,is_right_of,akita_black_bowl_1
pick_up_the_black_bowl_next_to_the_plate_and_place_it_on_the_plate,demo_11,40,agentview,akita_black_bowl_1,is_left_of,akita_black_bowl_2
pick_up_the_black_bowl_next_to_the_plate_and_place_it_on_the_plate,demo_11,40,agentview,akita_black_bowl_2,is_right_of,akita_black_bowl_1
pick_up_the_black_bowl_next_to_the_plate_and_place_it_on_the_plate,demo_11,40,agentview,akita_black_bowl_1,is_left_of,cookies_1
pick_up_the_black_bowl_next_to_the_plate_and_place_it_on_the_plate,demo_11,40,agentview,cookies_1,is_right_of,akita_black_bowl_1
pick_up_the_black_bowl_next_to_the_plate_and_place_it_on_the_plate,demo_11,40,agentview,akita_black_bowl_1,is_left_of,glazed_rim_porcelain_ramekin_1
pick_up_the_black_bowl_next_to_the_plate_and_place_it_on_the_plate,demo_11,40,agentview,glazed_rim_porcelain_ramekin_1,is_right_of,akita_black_bowl_1
pick_up_the_black_bowl_next_to_the_plate_and_place_it_on_the_plate,demo_11,40,agentview,akita_black_bowl_1,is_left_of,plate_1
pick_up_the_black_bowl_next_to_the_plate_and_place_it_on_the_plate,demo_11,40,agentview,plate_1,is_right_of,akita_black_bowl_1
pick_up_the_black_bowl_next_to_the_plate_and_place_it_on_the_plate,demo_11,40,agentview,akita_black_bowl_1,is_left_of,wooden_cabinet_1
pick_up_the_black_bowl_next_to_the_plate_and_place_it_on_the_plate,demo_11,40,agentview,wooden_cabinet_1,is_right_of,akita_black_bowl_1
pick_up_the_black_bowl_next_to_the_plate_and_place_it_on_the_plate,demo_11,40,agentview,akita_black_bowl_1,is_left_of,flat_stove_1
pick_up_the_black_bowl_next_to_the_plate_and_place_it_on_the_plate,demo_11,40,agentview,flat_stove_1,is_right_of,akita_black_bowl_1
pick_up_the_black_bowl_next_to_the_plate_and_place_it_on_the_plate,demo_11,40,agentview,akita_black_bowl_2,is_right_of,cookies_1
pick_up_the_black_bowl_next_to_the_plate_and_place_it_on_the_plate,demo_11,40,agentview,cookies_1,is_left_of,akita_black_bowl_2
pick_up_the_black_bowl_next_to_the_plate_and_place_it_on_the_plate,demo_11,40,agentview,akita_black_bowl_2,is_right_of,glazed_rim_porcelain_ramekin_1
pick_up_the_black_bowl_next_to_the_plate_and_place_it_on_the_plate,demo_11,40,agentview,glazed_rim_porcelain_ramekin_1,is_left_of,akita_black_bowl_2
pick_up_the_black_bowl_next_to_the_plate_and_place_it_on_the_plate,demo_11,40,agentview,akita_black_bowl_2,is_right_of,plate_1
pick_up_the_black_bowl_next_to_the_plate_and_place_it_on_the_plate,demo_11,40,agentview,plate_1,is_left_of,akita_black_bowl_2
pick_up_the_black_bowl_next_to_the_plate_and_place_it_on_the_plate,demo_11,40,agentview,akita_black_bowl_2,is_behind,wooden_cabinet_1
pick_up_the_black_bowl_next_to_the_plate_and_place_it_on_the_plate,demo_11,40,agentview,wooden_cabinet_1,is_in_front_of,akita_black_bowl_2
pick_up_the_black_bowl_next_to_the_plate_and_place_it_on_the_plate,demo_11,40,agentview,akita_black_bowl_2,is_on_top_of,flat_stove_1
pick_up_the_black_bowl_next_to_the_plate_and_place_it_on_the_plate,demo_11,40,agentview,flat_stove_1,is_below_of,akita_black_bowl_2
pick_up_the_black_bowl_next_to_the_plate_and_place_it_on_the_plate,demo_11,40,agentview,cookies_1,is_right_of,glazed_rim_porcelain_ramekin_1
pick_up_the_black_bowl_next_to_the_plate_and_place_it_on_the_plate,demo_11,40,agentview,glazed_rim_porcelain_ramekin_1,is_left_of,cookies_1
pick_up_the_black_bowl_next_to_the_plate_and_place_it_on_the_plate,demo_11,40,agentview,cookies_1,is_right_of,plate_1
pick_up_the_black_bowl_next_to_the_plate_and_place_it_on_the_plate,demo_11,40,agentview,plate_1,is_left_of,cookies_1
pick_up_the_black_bowl_next_to_the_plate_and_place_it_on_the_plate,demo_11,40,agentview,cookies_1,is_left_of,wooden_cabinet_1
pick_up_the_black_bowl_next_to_the_plate_and_place_it_on_the_plate,demo_11,40,agentview,wooden_cabinet_1,is_right_of,cookies_1
pick_up_the_black_bowl_next_to_the_plate_and_place_it_on_the_plate,demo_11,40,agentview,cookies_1,is_left_of,flat_stove_1
pick_up_the_black_bowl_next_to_the_plate_and_place_it_on_the_plate,demo_11,40,agentview,flat_stove_1,is_right_of,cookies_1
pick_up_the_black_bowl_next_to_the_plate_and_place_it_on_the_plate,demo_11,40,agentview,glazed_rim_porcelain_ramekin_1,is_behind,plate_1
pick_up_the_black_bowl_next_to_the_plate_and_place_it_on_the_plate,demo_11,40,agentview,plate_1,is_in_front_of,glazed_rim_porcelain_ramekin_1
pick_up_the_black_bowl_next_to_the_plate_and_place_it_on_the_plate,demo_11,40,agentview,glazed_rim_porcelain_ramekin_1,is_left_of,wooden_cabinet_1
pick_up_the_black_bowl_next_to_the_plate_and_place_it_on_the_plate,demo_11,40,agentview,wooden_cabinet_1,is_right_of,glazed_rim_porcelain_ramekin_1
pick_up_the_black_bowl_next_to_the_plate_and_place_it_on_the_plate,demo_11,40,agentview,glazed_rim_porcelain_ramekin_1,is_left_of,flat_stove_1
pick_up_the_black_bowl_next_to_the_plate_and_place_it_on_the_plate,demo_11,40,agentview,flat_stove_1,is_right_of,glazed_rim_porcelain_ramekin_1
pick_up_the_black_bowl_next_to_the_plate_and_place_it_on_the_plate,demo_11,40,agentview,plate_1,is_left_of,wooden_cabinet_1
pick_up_the_black_bowl_next_to_the_plate_and_place_it_on_the_plate,demo_11,40,agentview,wooden_cabinet_1,is_right_of,plate_1
pick_up_the_black_bowl_next_to_the_plate_and_place_it_on_the_plate,demo_11,40,agentview,plate_1,is_left_of,flat_stove_1
pick_up_the_black_bowl_next_to_the_plate_and_place_it_on_the_plate,demo_11,40,agentview,flat_stove_1,is_right_of,plate_1
pick_up_the_black_bowl_next_to_the_plate_and_place_it_on_the_plate,demo_11,40,agentview,wooden_cabinet_1,is_in_front_of,flat_stove_1
pick_up_the_black_bowl_next_to_the_plate_and_place_it_on_the_plate,demo_11,40,agentview,flat_stove_1,is_behind,wooden_cabinet_1
pick_up_the_black_bowl_next_to_the_plate_and_place_it_on_the_plate,demo_11,45,agentview,akita_black_bowl_1,is_left_of,akita_black_bowl_2
pick_up_the_black_bowl_next_to_the_plate_and_place_it_on_the_plate,demo_11,45,agentview,akita_black_bowl_1,is_left_of,cookies_1
pick_up_the_black_bowl_next_to_the_plate_and_place_it_on_the_plate,demo_11,45,agentview,akita_black_bowl_1,is_left_of,glazed_rim_porcelain_ramekin_1
pick_up_the_black_bowl_next_to_the_plate_and_place_it_on_the_plate,demo_11,45,agentview,akita_black_bowl_1,is_left_of,plate_1
pick_up_the_black_bowl_next_to_the_plate_and_place_it_on_the_plate,demo_11,45,agentview,akita_black_bowl_1,is_left_of,wooden_cabinet_1
pick_up_the_black_bowl_next_to_the_plate_and_place_it_on_the_plate,demo_11,45,agentview,akita_black_bowl_1,is_left_of,flat_stove_1
pick_up_the_black_bowl_next_to_the_plate_and_place_it_on_the_plate,demo_11,45,agentview,akita_black_bowl_2,is_right_of,akita_black_bowl_1
pick_up_the_black_bowl_next_to_the_plate_and_place_it_on_the_plate,demo_11,45,agentview,akita_black_bowl_2,is_behind,cookies_1
pick_up_the_black_bowl_next_to_the_plate_and_place_it_on_the_plate,demo_11,45,agentview,akita_black_bowl_2,is_right_of,glazed_rim_porcelain_ramekin_1
pick_up_the_black_bowl_next_to_the_plate_and_place_it_on_the_plate,demo_11,45,agentview,akita_black_bowl_2,is_right_of,plate_1
pick_up_the_black_bowl_next_to_the_plate_and_place_it_on_the_plate,demo_11,45,agentview,akita_black_bowl_2,is_behind,wooden_cabinet_1
pick_up_the_black_bowl_next_to_the_plate_and_place_it_on_the_plate,demo_11,50,agentview,akita_black_bowl_1,is_left_of,akita_black_bowl_2
pick_up_the_black_bowl_next_to_the_plate_and_place_it_on_the_plate,demo_11,50,agentview,akita_black_bowl_2,is_right_of,akita_black_bowl_1
pick_up_the_black_bowl_next_to_the_plate_and_place_it_on_the_plate,demo_11,50,agentview,akita_black_bowl_1,is_left_of,cookies_1
pick_up_the_black_bowl_next_to_the_plate_and_place_it_on_the_plate,demo_11,50,agentview,cookies_1,is_right_of,akita_black_bowl_1
pick_up_the_black_bowl_next_to_the_plate_and_place_it_on_the_plate,demo_11,50,agentview,akita_black_bowl_1,is_left_of,glazed_rim_porcelain_ramekin_1
pick_up_the_black_bowl_next_to_the_plate_and_place_it_on_the_plate,demo_11,50,agentview,glazed_rim_porcelain_ramekin_1,is_right_of,akita_black_bowl_1
pick_up_the_black_bowl_next_to_the_plate_and_place_it_on_the_plate,demo_11,50,agentview,akita_black_bowl_1,is_left_of,plate_1
pick_up_the_black_bowl_next_to_the_plate_and_place_it_on_the_plate,demo_11,50,agentview,plate_1,is_right_of,akita_black_bowl_1
pick_up_the_black_bowl_next_to_the_plate_and_place_it_on_the_plate,demo_11,50,agentview,akita_black_bowl_1,is_left_of,wooden_cabinet_1
pick_up_the_black_bowl_next_to_the_plate_and_place_it_on_the_plate,demo_11,50,agentview,wooden_cabinet_1,is_right_of,akita_black_bowl_1
pick_up_the_black_bowl_next_to_the_plate_and_place_it_on_the_plate,demo_11,50,agentview,akita_black_bowl_1,is_left_of,flat_stove_1
pick_up_the_black_bowl_next_to_the_plate_and_place_it_on_the_plate,demo_11,50,agentview,flat_stove_1,is_right_of,akita_black_bowl_1
pick_up_the_black_bowl_next_to_the_plate_and_place_it_on_the_plate,demo_11,50,agentview,akita_black_bowl_2,is_behind,cookies_1
pick_up_the_black_bowl_next_to_the_plate_and_place_it_on_the_plate,demo_11,50,agentview,cookies_1,is_in_front_of,akita_black_bowl_2
pick_up_the_black_bowl_next_to_the_plate_and_place_it_on_the_plate,demo_11,50,agentview,akita_black_bowl_2,is_right_of,glazed_rim_porcelain_ramekin_1
pick_up_the_black_bowl_next_to_the_plate_and_place_it_on_the_plate,demo_11,50,agentview,glazed_rim_porcelain_ramekin_1,is_left_of,akita_black_bowl_2
pick_up_the_black_bowl_next_to_the_plate_and_place_it_on_the_plate,demo_11,50,agentview,akita_black_bowl_2,is_right_of,plate_1
pick_up_the_black_bowl_next_to_the_plate_and_place_it_on_the_plate,demo_11,50,agentview,plate_1,is_left_of,akita_black_bowl_2
pick_up_the_black_bowl_next_to_the_plate_and_place_it_on_the_plate,demo_11,50,agentview,akita_black_bowl_2,is_left_of,wooden_cabinet_1
pick_up_the_black_bowl_next_to_the_plate_and_place_it_on_the_plate,demo_11,50,agentview,wooden_cabinet_1,is_right_of,akita_black_bowl_2
pick_up_the_black_bowl_next_to_the_plate_and_place_it_on_the_plate,demo_11,50,agentview,akita_black_bowl_2,is_on_top_of,flat_stove_1
pick_up_the_black_bowl_next_to_the_plate_and_place_it_on_the_plate,demo_11,50,agentview,flat_stove_1,is_below_of,akita_black_bowl_2
pick_up_the_black_bowl_next_to_the_plate_and_place_it_on_the_plate,demo_11,50,agentview,cookies_1,is_in_front_of,glazed_rim_porcelain_ramekin_1
pick_up_the_black_bowl_next_to_the_plate_and_place_it_on_the_plate,demo_11,50,agentview,glazed_rim_porcelain_ramekin_1,is_behind,cookies_1
pick_up_the_black_bowl_next_to_the_plate_and_place_it_on_the_plate,demo_11,50,agentview,cookies_1,is_right_of,plate_1
pick_up_the_black_bowl_next_to_the_plate_and_place_it_on_the_plate,demo_11,50,agentview,plate_1,is_left_of,cookies_1
pick_up_the_black_bowl_next_to_the_plate_and_place_it_on_the_plate,demo_11,50,agentview,cookies_1,is_left_of,wooden_cabinet_1
pick_up_the_black_bowl_next_to_the_plate_and_place_it_on_the_plate,demo_11,50,agentview,wooden_cabinet_1,is_right_of,cookies_1
pick_up_the_black_bowl_next_to_the_plate_and_place_it_on_the_plate,demo_11,50,agentview,cookies_1,is_in_front_of,flat_stove_1
pick_up_the_black_bowl_next_to_the_plate_and_place_it_on_the_plate,demo_11,55,agentview,akita_black_bowl_1,is_left_of,akita_black_bowl_2
pick_up_the_black_bowl_next_to_the_plate_and_place_it_on_the_plate,demo_11,55,agentview,akita_black_bowl_2,is_right_of,akita_black_bowl_1
pick_up_the_black_bowl_next_to_the_plate_and_place_it_on_the_plate,demo_11,55,agentview,akita_black_bowl_1,is_left_of,cookies_1
pick_up_the_black_bowl_next_to_the_plate_and_place_it_on_the_plate,demo_11,55,agentview,cookies_1,is_right_of,akita_black_bowl_1
pick_up_the_black_bowl_next_to_the_plate_and_place_it_on_the_plate,demo_11,55,agentview,akita_black_bowl_1,is_left_of,glazed_rim_porcelain_ramekin_1
pick_up_the_black_bowl_next_to_the_plate_and_place_it_on_the_plate,demo_11,55,agentview,glazed_rim_porcelain_ramekin_1,is_right_of,akita_black_bowl_1
pick_up_the_black_bowl_next_to_the_plate_and_place_it_on_the_plate,demo_11,55,agentview,akita_black_bowl_1,is_behind,plate_1
pick_up_the_black_bowl_next_to_the_plate_and_place_it_on_the_plate,demo_11,55,agentview,plate_1,is_in_front_of,akita_black_bowl_1
pick_up_the_black_bowl_next_to_the_plate_and_place_it_on_the_plate,demo_11,55,agentview,akita_black_bowl_1,is_left_of,wooden_cabinet_1
pick_up_the_black_bowl_next_to_the_plate_and_place_it_on_the_plate,demo_11,55,agentview,wooden_cabinet_1,is_right_of,akita_black_bowl_1
pick_up_the_black_bowl_next_to_the_plate_and_place_it_on_the_plate,demo_11,55,agentview,akita_black_bowl_1,is_left_of,flat_stove_1
pick_up_the_black_bowl_next_to_the_plate_and_place_it_on_the_plate,demo_11,55,agentview,flat_stove_1,is_right_of,akita_black_bowl_1
pick_up_the_black_bowl_next_to_the_plate_and_place_it_on_the_plate,demo_11,55,agentview,akita_black_bowl_2,is_behind,cookies_1
pick_up_the_black_bowl_next_to_the_plate_and_place_it_on_the_plate,demo_11,55,agentview,cookies_1,is_in_front_of,akita_black_bowl_2
pick_up_the_black_bowl_next_to_the_plate_and_place_it_on_the_plate,demo_11,55,agentview,akita_black_bowl_2,is_right_of,glazed_rim_porcelain_ramekin_1
pick_up_the_black_bowl_next_to_the_plate_and_place_it_on_the_plate,demo_11,55,agentview,glazed_rim_porcelain_ramekin_1,is_left_of,akita_black_bowl_2
pick_up_the_black_bowl_next_to_the_plate_and_place_it_on_the_plate,demo_11,55,agentview,akita_black_bowl_2,is_right_of,plate_1
pick_up_the_black_bowl_next_to_the_plate_and_place_it_on_the_plate,demo_11,55,agentview,plate_1,is_left_of,akita_black_bowl_2
pick_up_the_black_bowl_next_to_the_plate_and_place_it_on_the_plate,demo_11,55,agentview,akita_black_bowl_2,is_left_of,wooden_cabinet_1
pick_up_the_black_bowl_next_to_the_plate_and_place_it_on_the_plate,demo_11,55,agentview,wooden_cabinet_1,is_right_of,akita_black_bowl_2
pick_up_the_black_bowl_next_to_the_plate_and_place_it_on_the_plate,demo_11,55,agentview,akita_black_bowl_2,is_on_top_of,flat_stove_1
pick_up_the_black_bowl_next_to_the_plate_and_place_it_on_the_plate,demo_11,55,agentview,flat_stove_1,is_below_of,akita_black_bowl_2
pick_up_the_black_bowl_next_to_the_plate_and_place_it_on_the_plate,demo_11,55,agentview,cookies_1,is_in_front_of,glazed_rim_porcelain_ramekin_1
pick_up_the_black_bowl_next_to_the_plate_and_place_it_on_the_plate,demo_11,55,agentview,glazed_rim_porcelain_ramekin_1,is_behind,cookies_1
pick_up_the_black_bowl_next_to_the_plate_and_place_it_on_the_plate,demo_11,55,agentview,cookies_1,is_right_of,plate_1
pick_up_the_black_bowl_next_to_the_plate_and_place_it_on_the_plate,demo_11,55,agentview,plate_1,is_left_of,cookies_1
pick_up_the_black_bowl_next_to_the_plate_and_place_it_on_the_plate,demo_11,55,agentview,cookies_1,is_left_of,wooden_cabinet_1
pick_up_the_black_bowl_next_to_the_plate_and_place_it_on_the_plate,demo_11,55,agentview,wooden_cabinet_1,is_right_of,cookies_1
pick_up_the_black_bowl_next_to_the_plate_and_place_it_on_the_plate,demo_11,55,agentview,cookies_1,is_in_front_of,flat_stove_1
pick_up_the_black_bowl_next_to_the_plate_and_place_it_on_the_plate,demo_11,55,agentview,flat_stove_1,is_behind,cookies_1
pick_up_the_black_bowl_next_to_the_plate_and_place_it_on_the_plate,demo_11,55,agentview,glazed_rim_porcelain_ramekin_1,is_behind,plate_1
pick_up_the_black_bowl_next_to_the_plate_and_place_it_on_the_plate,demo_11,55,agentview,plate_1,is_in_front_of,glazed_rim_porcelain_ramekin_1
pick_up_the_black_bowl_next_to_the_plate_and_place_it_on_the_plate,demo_11,55,agentview,glazed_rim_porcelain_ramekin_1,is_left_of,wooden_cabinet_1
pick_up_the_black_bowl_next_to_the_plate_and_place_it_on_the_plate,demo_11,55,agentview,wooden_cabinet_1,is_right_of,glazed_rim_porcelain_ramekin_1
pick_up_the_black_bowl_next_to_the_plate_and_place_it_on_the_plate,demo_11,55,agentview,glazed_rim_porcelain_ramekin_1,is_left_of,flat_stove_1
pick_up_the_black_bowl_next_to_the_plate_and_place_it_on_the_plate,demo_11,55,agentview,flat_stove_1,is_right_of,glazed_rim_porcelain_ramekin_1
pick_up_the_black_bowl_next_to_the_plate_and_place_it_on_the_plate,demo_11,55,agentview,plate_1,is_left_of,wooden_cabinet_1
pick_up_the_black_bowl_next_to_the_plate_and_place_it_on_the_plate,demo_11,55,agentview,wooden_cabinet_1,is_right_of,plate_1
pick_up_the_black_bowl_next_to_the_plate_and_place_it_on_the_plate,demo_11,55,agentview,plate_1,is_left_of,flat_stove_1
pick_up_the_black_bowl_next_to_the_plate_and_place_it_on_the_plate,demo_11,55,agentview,flat_stove_1,is_right_of,plate_1
pick_up_the_black_bowl_next_to_the_plate_and_place_it_on_the_plate,demo_11,55,agentview,wooden_cabinet_1,is_right_of,flat_stove_1
pick_up_the_black_bowl_next_to_the_plate_and_place_it_on_the_plate,demo_11,55,agentview,flat_stove_1,is_left_of,wooden_cabinet_1
pick_up_the_black_bowl_next_to_the_plate_and_place_it_on_the_plate,demo_11,60,agentview,akita_black_bowl_1,is_left_of,akita_black_bowl_2
pick_up_the_black_bowl_next_to_the_plate_and_place_it_on_the_plate,demo_11,60,agentview,akita_black_bowl_2,is_right_of,akita_black_bowl_1
pick_up_the_black_bowl_next_to_the_plate_and_place_it_on_the_plate,demo_11,60,agentview,akita_black_bowl_1,is_left_of,cookies_1
pick_up_the_black_bowl_next_to_the_plate_and_place_it_on_the_plate,demo_11,60,agentview,cookies_1,is_right_of,akita_black_bowl_1
pick_up_the_black_bowl_next_to_the_plate_and_place_it_on_the_plate,demo_11,60,agentview,akita_black_bowl_1,is_in_front_of,glazed_rim_porcelain_ramekin_1
pick_up_the_black_bowl_next_to_the_plate_and_place_it_on_the_plate,demo_11,60,agentview,glazed_rim_porcelain_ramekin_1,is_behind,akita_black_bowl_1
pick_up_the_black_bowl_next_to_the_plate_and_place_it_on_the_plate,demo_11,60,agentview,akita_black_bowl_1,is_left_of,plate_1
pick_up_the_black_bowl_next_to_the_plate_and_place_it_on_the_plate,demo_11,60,agentview,plate_1,is_right_of,akita_black_bowl_1
pick_up_the_black_bowl_next_to_the_plate_and_place_it_on_the_plate,demo_11,60,agentview,akita_black_bowl_1,is_left_of,wooden_cabinet_1
pick_up_the_black_bowl_next_to_the_plate_and_place_it_on_the_plate,demo_11,60,agentview,wooden_cabinet_1,is_right_of,akita_black_bowl_1
pick_up_the_black_bowl_next_to_the_plate_and_place_it_on_the_plate,demo_11,60,agentview,akita_black_bowl_1,is_left_of,flat_stove_1
pick_up_the_black_bowl_next_to_the_plate_and_place_it_on_the_plate,demo_11,60,agentview,flat_stove_1,is_right_of,akita_black_bowl_1
pick_up_the_black_bowl_next_to_the_plate_and_place_it_on_the_plate,demo_11,60,agentview,akita_black_bowl_2,is_behind,cookies_1
pick_up_the_black_bowl_next_to_the_plate_and_place_it_on_the_plate,demo_11,60,agentview,cookies_1,is_in_front_of,akita_black_bowl_2
pick_up_the_black_bowl_next_to_the_plate_and_place_it_on_the_plate,demo_11,60,agentview,akita_black_bowl_2,is_right_of,glazed_rim_porcelain_ramekin_1
pick_up_the_black_bowl_next_to_the_plate_and_place_it_on_the_plate,demo_11,60,agentview,glazed_rim_porcelain_ramekin_1,is_left_of,akita_black_bowl_2
pick_up_the_black_bowl_next_to_the_plate_and_place_it_on_the_plate,demo_11,60,agentview,akita_black_bowl_2,is_right_of,plate_1
pick_up_the_black_bowl_next_to_the_plate_and_place_it_on_the_plate,demo_11,60,agentview,plate_1,is_left_of,akita_black_bowl_2
pick_up_the_black_bowl_next_to_the_plate_and_place_it_on_the_plate,demo_11,60,agentview,akita_black_bowl_2,is_left_of,wooden_cabinet_1
pick_up_the_black_bowl_next_to_the_plate_and_place_it_on_the_plate,demo_11,60,agentview,wooden_cabinet_1,is_right_of,akita_black_bowl_2
pick_up_the_black_bowl_next_to_the_plate_and_place_it_on_the_plate,demo_11,60,agentview,akita_black_bowl_2,is_on_top_of,flat_stove_1
pick_up_the_black_bowl_next_to_the_plate_and_place_it_on_the_plate,demo_11,60,agentview,flat_stove_1,is_below_of,akita_black_bowl_2
pick_up_the_black_bowl_next_to_the_plate_and_place_it_on_the_plate,demo_11,60,agentview,cookies_1,is_in_front_of,glazed_rim_porcelain_ramekin_1
pick_up_the_black_bowl_next_to_the_plate_and_place_it_on_the_plate,demo_11,60,agentview,glazed_rim_porcelain_ramekin_1,is_behind,cookies_1
pick_up_the_black_bowl_next_to_the_plate_and_place_it_on_the_plate,demo_11,60,agentview,cookies_1,is_right_of,plate_1
pick_up_the_black_bowl_next_to_the_plate_and_place_it_on_the_plate,demo_11,60,agentview,plate_1,is_left_of,cookies_1
pick_up_the_black_bowl_next_to_the_plate_and_place_it_on_the_plate,demo_11,60,agentview,cookies_1,is_left_of,wooden_cabinet_1
pick_up_the_black_bowl_next_to_the_plate_and_place_it_on_the_plate,demo_11,60,agentview,wooden_cabinet_1,is_right_of,cookies_1
pick_up_the_black_bowl_next_to_the_plate_and_place_it_on_the_plate,demo_11,60,agentview,cookies_1,is_in_front_of,flat_stove_1
pick_up_the_black_bowl_next_to_the_plate_and_place_it_on_the_plate,demo_11,60,agentview,flat_stove_1,is_behind,cookies_1
pick_up_the_black_bowl_next_to_the_plate_and_place_it_on_the_plate,demo_11,60,agentview,glazed_rim_porcelain_ramekin_1,is_behind,plate_1
pick_up_the_black_bowl_next_to_the_plate_and_place_it_on_the_plate,demo_11,60,agentview,plate_1,is_in_front_of,glazed_rim_porcelain_ramekin_1
pick_up_the_black_bowl_next_to_the_plate_and_place_it_on_the_plate,demo_11,60,agentview,glazed_rim_porcelain_ramekin_1,is_left_of,wooden_cabinet_1
pick_up_the_black_bowl_next_to_the_plate_and_place_it_on_the_plate,demo_11,60,agentview,wooden_cabinet_1,is_right_of,glazed_rim_porcelain_ramekin_1
pick_up_the_black_bowl_next_to_the_plate_and_place_it_on_the_plate,demo_11,60,agentview,glazed_rim_porcelain_ramekin_1,is_left_of,flat_stove_1
pick_up_the_black_bowl_next_to_the_plate_and_place_it_on_the_plate,demo_11,60,agentview,flat_stove_1,is_right_of,glazed_rim_porcelain_ramekin_1
pick_up_the_black_bowl_next_to_the_plate_and_place_it_on_the_plate,demo_11,60,agentview,plate_1,is_left_of,wooden_cabinet_1
pick_up_the_black_bowl_next_to_the_plate_and_place_it_on_the_plate,demo_11,60,agentview,wooden_cabinet_1,is_right_of,plate_1
pick_up_the_black_bowl_next_to_the_plate_and_place_it_on_the_plate,demo_11,60,agentview,plate_1,is_left_of,flat_stove_1
pick_up_the_black_bowl_next_to_the_plate_and_place_it_on_the_plate,demo_11,60,agentview,flat_stove_1,is_right_of,plate_1
pick_up_the_black_bowl_next_to_the_plate_and_place_it_on_the_plate,demo_11,60,agentview,wooden_cabinet_1,is_right_of,flat_stove_1
pick_up_the_black_bowl_next_to_the_plate_and_place_it_on_the_plate,demo_11,60,agentview,flat_stove_1,is_left_of,wooden_cabinet_1
pick_up_the_black_bowl_next_to_the_plate_and_place_it_on_the_plate,demo_11,65,agentview,akita_black_bowl_1,is_left_of,akita_black_bowl_2
pick_up_the_black_bowl_next_to_the_plate_and_place_it_on_the_plate,demo_11,65,agentview,akita_black_bowl_2,is_right_of,akita_black_bowl_1
pick_up_the_black_bowl_next_to_the_plate_and_place_it_on_the_plate,demo_11,65,agentview,akita_black_bowl_1,is_left_of,cookies_1
pick_up_the_black_bowl_next_to_the_plate_and_place_it_on_the_plate,demo_11,65,agentview,cookies_1,is_right_of,akita_black_bowl_1
pick_up_the_black_bowl_next_to_the_plate_and_place_it_on_the_plate,demo_11,65,agentview,akita_black_bowl_1,is_left_of,glazed_rim_porcelain_ramekin_1
pick_up_the_black_bowl_next_to_the_plate_and_place_it_on_the_plate,demo_11,65,agentview,glazed_rim_porcelain_ramekin_1,is_right_of,akita_black_bowl_1
pick_up_the_black_bowl_next_to_the_plate_and_place_it_on_the_plate,demo_11,65,agentview,akita_black_bowl_1,is_left_of,plate_1
pick_up_the_black_bowl_next_to_the_plate_and_place_it_on_the_plate,demo_11,65,agentview,plate_1,is_right_of,akita_black_bowl_1
pick_up_the_black_bowl_next_to_the_plate_and_place_it_on_the_plate,demo_11,65,agentview,akita_black_bowl_1,is_left_of,wooden_cabinet_1
pick_up_the_black_bowl_next_to_the_plate_and_place_it_on_the_plate,demo_11,65,agentview,wooden_cabinet_1,is_right_of,akita_black_bowl_1
pick_up_the_black_bowl_next_to_the_plate_and_place_it_on_the_plate,demo_11,65,agentview,akita_black_bowl_1,is_left_of,flat_stove_1
pick_up_the_black_bowl_next_to_the_plate_and_place_it_on_the_plate,demo_11,65,agentview,flat_stove_1,is_right_of,akita_black_bowl_1
pick_up_the_black_bowl_next_to_the_plate_and_place_it_on_the_plate,demo_11,65,agentview,akita_black_bowl_2,is_behind,cookies_1
pick_up_the_black_bowl_next_to_the_plate_and_place_it_on_the_plate,demo_11,65,agentview,cookies_1,is_in_front_of,akita_black_bowl_2
pick_up_the_black_bowl_next_to_the_plate_and_place_it_on_the_plate,demo_11,65,agentview,akita_black_bowl_2,is_right_of,glazed_rim_porcelain_ramekin_1
pick_up_the_black_bowl_next_to_the_plate_and_place_it_on_the_plate,demo_11,65,agentview,glazed_rim_porcelain_ramekin_1,is_left_of,akita_black_bowl_2
pick_up_the_black_bowl_next_to_the_plate_and_place_it_on_the_plate,demo_11,65,agentview,akita_black_bowl_2,is_right_of,plate_1
pick_up_the_black_bowl_next_to_the_plate_and_place_it_on_the_plate,demo_11,65,agentview,plate_1,is_left_of,akita_black_bowl_2
pick_up_the_black_bowl_next_to_the_plate_and_place_it_on_the_plate,demo_11,65,agentview,akita_black_bowl_2,is_left_of,wooden_cabinet_1
pick_up_the_black_bowl_next_to_the_plate_and_place_it_on_the_plate,demo_11,70,agentview,akita_black_bowl_1,is_left_of,akita_black_bowl_2
pick_up_the_black_bowl_next_to_the_plate_and_place_it_on_the_plate,demo_11,70,agentview,akita_black_bowl_2,is_right_of,akita_black_bowl_1
pick_up_the_black_bowl_next_to_the_plate_and_place_it_on_the_plate,demo_11,70,agentview,akita_black_bowl_1,is_left_of,cookies_1
pick_up_the_black_bowl_next_to_the_plate_and_place_it_on_the_plate,demo_11,70,agentview,cookies_1,is_right_of,akita_black_bowl_1
pick_up_the_black_bowl_next_to_the_plate_and_place_it_on_the_plate,demo_11,70,agentview,akita_black_bowl_1,is_left_of,glazed_rim_porcelain_ramekin_1
pick_up_the_black_bowl_next_to_the_plate_and_place_it_on_the_plate,demo_11,70,agentview,glazed_rim_porcelain_ramekin_1,is_right_of,akita_black_bowl_1
pick_up_the_black_bowl_next_to_the_plate_and_place_it_on_the_plate,demo_11,70,agentview,akita_black_bowl_1,is_behind,plate_1
pick_up_the_black_bowl_next_to_the_plate_and_place_it_on_the_plate,demo_11,70,agentview,plate_1,is_in_front_of,akita_black_bowl_1
pick_up_the_black_bowl_next_to_the_plate_and_place_it_on_the_plate,demo_11,70,agentview,akita_black_bowl_1,is_left_of,wooden_cabinet_1
pick_up_the_black_bowl_next_to_the_plate_and_place_it_on_the_plate,demo_11,70,agentview,wooden_cabinet_1,is_right_of,akita_black_bowl_1
pick_up_the_black_bowl_next_to_the_plate_and_place_it_on_the_plate,demo_11,70,agentview,akita_black_bowl_1,is_left_of,flat_stove_1
pick_up_the_black_bowl_next_to_the_plate_and_place_it_on_the_plate,demo_11,70,agentview,flat_stove_1,is_right_of,akita_black_bowl_1
pick_up_the_black_bowl_next_to_the_plate_and_place_it_on_the_plate,demo_11,75,agentview,akita_black_bowl_1,is_left_of,akita_black_bowl_2
pick_up_the_black_bowl_next_to_the_plate_and_place_it_on_the_plate,demo_11,75,agentview,akita_black_bowl_1,is_left_of,cookies_1
pick_up_the_black_bowl_next_to_the_plate_and_place_it_on_the_plate,demo_11,75,agentview,akita_black_bowl_1,is_left_of,glazed_rim_porcelain_ramekin_1
pick_up_the_black_bowl_next_to_the_plate_and_place_it_on_the_plate,demo_11,75,agentview,akita_black_bowl_1,is_behind,plate_1
pick_up_the_black_bowl_next_to_the_plate_and_place_it_on_the_plate,demo_11,75,agentview,akita_black_bowl_1,is_left_of,wooden_cabinet_1
pick_up_the_black_bowl_next_to_the_plate_and_place_it_on_the_plate,demo_11,75,agentview,akita_black_bowl_1,is_left_of,flat_stove_1
pick_up_the_black_bowl_next_to_the_plate_and_place_it_on_the_plate,demo_11,75,agentview,akita_black_bowl_2,is_right_of,akita_black_bowl_1
pick_up_the_black_bowl_next_to_the_plate_and_place_it_on_the_plate,demo_11,80,agentview,akita_black_bowl_1,is_right_of,akita_black_bowl_2
pick_up_the_black_bowl_next_to_the_plate_and_place_it_on_the_plate,demo_11,80,agentview,akita_black_bowl_2,is_left_of,akita_black_bowl_1
pick_up_the_black_bowl_next_to_the_plate_and_place_it_on_the_plate,demo_11,80,agentview,akita_black_bowl_1,is_left_of,cookies_1
pick_up_the_black_bowl_next_to_the_plate_and_place_it_on_the_plate,demo_11,80,agentview,cookies_1,is_right_of,akita_black_bowl_1
pick_up_the_black_bowl_next_to_the_plate_and_place_it_on_the_plate,demo_11,80,agentview,akita_black_bowl_1,is_left_of,glazed_rim_porcelain_ramekin_1
pick_up_the_black_bowl_next_to_the_plate_and_place_it_on_the_plate,demo_11,80,agentview,glazed_rim_porcelain_ramekin_1,is_right_of,akita_black_bowl_1
pick_up_the_black_bowl_next_to_the_plate_and_place_it_on_the_plate,demo_11,80,agentview,akita_black_bowl_1,is_behind,plate_1
pick_up_the_black_bowl_next_to_the_plate_and_place_it_on_the_plate,demo_11,80,agentview,plate_1,is_in_front_of,akita_black_bowl_1
pick_up_the_black_bowl_next_to_the_plate_and_place_it_on_the_plate,demo_11,80,agentview,akita_black_bowl_1,is_left_of,wooden_cabinet_1
pick_up_the_black_bowl_next_to_the_plate_and_place_it_on_the_plate,demo_11,80,agentview,wooden_cabinet_1,is_right_of,akita_black_bowl_1
pick_up_the_black_bowl_next_to_the_plate_and_place_it_on_the_plate,demo_11,80,agentview,akita_black_bowl_1,is_left_of,flat_stove_1
pick_up_the_black_bowl_next_to_the_plate_and_place_it_on_the_plate,demo_11,80,agentview,flat_stove_1,is_right_of,akita_black_bowl_1
pick_up_the_black_bowl_next_to_the_plate_and_place_it_on_the_plate,demo_11,80,agentview,akita_black_bowl_2,is_left_of,cookies_1
pick_up_the_black_bowl_next_to_the_plate_and_place_it_on_the_plate,demo_11,80,agentview,cookies_1,is_right_of,akita_black_bowl_2
pick_up_the_black_bowl_next_to_the_plate_and_place_it_on_the_plate,demo_11,80,agentview,akita_black_bowl_2,is_left_of,glazed_rim_porcelain_ramekin_1
pick_up_the_black_bowl_next_to_the_plate_and_place_it_on_the_plate,demo_11,80,agentview,glazed_rim_porcelain_ramekin_1,is_right_of,akita_black_bowl_2
pick_up_the_black_bowl_next_to_the_plate_and_place_it_on_the_plate,demo_11,80,agentview,akita_black_bowl_2,is_left_of,plate_1
pick_up_the_black_bowl_next_to_the_plate_and_place_it_on_the_plate,demo_11,80,agentview,plate_1,is_right_of,akita_black_bowl_2
pick_up_the_black_bowl_next_to_the_plate_and_place_it_on_the_plate,demo_11,80,agentview,akita_black_bowl_2,is_left_of,wooden_cabinet_1
pick_up_the_black_bowl_next_to_the_plate_and_place_it_on_the_plate,demo_11,80,agentview,wooden_cabinet_1,is_right_of,akita_black_bowl_2
pick_up_the_black_bowl_next_to_the_plate_and_place_it_on_the_plate,demo_11,80,agentview,akita_black_bowl_2,is_left_of,flat_stove_1
pick_up_the_black_bowl_next_to_the_plate_and_place_it_on_the_plate,demo_11,80,agentview,flat_stove_1,is_right_of,akita_black_bowl_2
pick_up_the_black_bowl_next_to_the_plate_and_place_it_on_the_plate,demo_11,80,agentview,cookies_1,is_in_front_of,glazed_rim_porcelain_ramekin_1
pick_up_the_black_bowl_next_to_the_plate_and_place_it_on_the_plate,demo_11,80,agentview,glazed_rim_porcelain_ramekin_1,is_behind,cookies_1
pick_up_the_black_bowl_next_to_the_plate_and_place_it_on_the_plate,demo_11,80,agentview,cookies_1,is_right_of,plate_1
pick_up_the_black_bowl_next_to_the_plate_and_place_it_on_the_plate,demo_11,80,agentview,plate_1,is_left_of,cookies_1
pick_up_the_black_bowl_next_to_the_plate_and_place_it_on_the_plate,demo_11,80,agentview,cookies_1,is_left_of,wooden_cabinet_1
pick_up_the_black_bowl_next_to_the_plate_and_place_it_on_the_plate,demo_11,80,agentview,wooden_cabinet_1,is_right_of,cookies_1
pick_up_the_black_bowl_next_to_the_plate_and_place_it_on_the_plate,demo_11,80,agentview,cookies_1,is_in_front_of,flat_stove_1
pick_up_the_black_bowl_next_to_the_plate_and_place_it_on_the_plate,demo_11,80,agentview,flat_stove_1,is_behind,cookies_1
pick_up_the_black_bowl_next_to_the_plate_and_place_it_on_the_plate,demo_11,80,agentview,glazed_rim_porcelain_ramekin_1,is_right_of,plate_1
pick_up_the_black_bowl_next_to_the_plate_and_place_it_on_the_plate,demo_11,80,agentview,plate_1,is_left_of,glazed_rim_porcelain_ramekin_1
pick_up_the_black_bowl_next_to_the_plate_and_place_it_on_the_plate,demo_11,80,agentview,glazed_rim_porcelain_ramekin_1,is_left_of,wooden_cabinet_1
pick_up_the_black_bowl_next_to_the_plate_and_place_it_on_the_plate,demo_11,80,agentview,wooden_cabinet_1,is_right_of,glazed_rim_porcelain_ramekin_1
pick_up_the_black_bowl_next_to_the_plate_and_place_it_on_the_plate,demo_11,80,agentview,glazed_rim_porcelain_ramekin_1,is_on_top_of,flat_stove_1
pick_up_the_black_bowl_next_to_the_plate_and_place_it_on_the_plate,demo_11,80,agentview,flat_stove_1,is_below_of,glazed_rim_porcelain_ramekin_1
pick_up_the_black_bowl_next_to_the_plate_and_place_it_on_the_plate,demo_11,80,agentview,plate_1,is_left_of,wooden_cabinet_1
pick_up_the_black_bowl_next_to_the_plate_and_place_it_on_the_plate,demo_11,80,agentview,wooden_cabinet_1,is_right_of,plate_1
pick_up_the_black_bowl_next_to_the_plate_and_place_it_on_the_plate,demo_11,80,agentview,plate_1,is_left_of,flat_stove_1
pick_up_the_black_bowl_next_to_the_plate_and_place_it_on_the_plate,demo_11,80,agentview,flat_stove_1,is_right_of,plate_1
pick_up_the_black_bowl_next_to_the_plate_and_place_it_on_the_plate,demo_11,80,agentview,wooden_cabinet_1,is_right_of,flat_stove_1
pick_up_the_black_bowl_next_to_the_plate_and_place_it_on_the_plate,demo_11,80,agentview,flat_stove_1,is_left_of,wooden_cabinet_1
pick_up_the_black_bowl_next_to_the_plate_and_place_it_on_the_plate,demo_11,85,agentview,akita_black_bowl_1,is_right_of,akita_black_bowl_2
pick_up_the_black_bowl_next_to_the_plate_and_place_it_on_the_plate,demo_11,85,agentview,akita_black_bowl_2,is_left_of,akita_black_bowl_1
pick_up_the_black_bowl_next_to_the_plate_and_place_it_on_the_plate,demo_11,85,agentview,akita_black_bowl_1,is_left_of,cookies_1
pick_up_the_black_bowl_next_to_the_plate_and_place_it_on_the_plate,demo_11,85,agentview,cookies_1,is_right_of,akita_black_bowl_1
pick_up_the_black_bowl_next_to_the_plate_and_place_it_on_the_plate,demo_11,85,agentview,akita_black_bowl_1,is_left_of,glazed_rim_porcelain_ramekin_1
pick_up_the_black_bowl_next_to_the_plate_and_place_it_on_the_plate,demo_11,85,agentview,glazed_rim_porcelain_ramekin_1,is_right_of,akita_black_bowl_1
pick_up_the_black_bowl_next_to_the_plate_and_place_it_on_the_plate,demo_11,85,agentview,akita_black_bowl_1,is_behind,plate_1
pick_up_the_black_bowl_next_to_the_plate_and_place_it_on_the_plate,demo_11,85,agentview,plate_1,is_in_front_of,akita_black_bowl_1
pick_up_the_black_bowl_next_to_the_plate_and_place_it_on_the_plate,demo_11,85,agentview,akita_black_bowl_1,is_left_of,wooden_cabinet_1
pick_up_the_black_bowl_next_to_the_plate_and_place_it_on_the_plate,demo_11,85,agentview,wooden_cabinet_1,is_right_of,akita_black_bowl_1
pick_up_the_black_bowl_next_to_the_plate_and_place_it_on_the_plate,demo_11,85,agentview,akita_black_bowl_1,is_left_of,flat_stove_1
pick_up_the_black_bowl_next_to_the_plate_and_place_it_on_the_plate,demo_11,85,agentview,flat_stove_1,is_right_of,akita_black_bowl_1
pick_up_the_black_bowl_next_to_the_plate_and_place_it_on_the_plate,demo_11,85,agentview,akita_black_bowl_2,is_left_of,cookies_1
pick_up_the_black_bowl_next_to_the_plate_and_place_it_on_the_plate,demo_11,85,agentview,cookies_1,is_right_of,akita_black_bowl_2
pick_up_the_black_bowl_next_to_the_plate_and_place_it_on_the_plate,demo_11,85,agentview,akita_black_bowl_2,is_left_of,glazed_rim_porcelain_ramekin_1
pick_up_the_black_bowl_next_to_the_plate_and_place_it_on_the_plate,demo_11,85,agentview,glazed_rim_porcelain_ramekin_1,is_right_of,akita_black_bowl_2
pick_up_the_black_bowl_next_to_the_plate_and_place_it_on_the_plate,demo_11,85,agentview,akita_black_bowl_2,is_behind,plate_1
pick_up_the_black_bowl_next_to_the_plate_and_place_it_on_the_plate,demo_11,85,agentview,plate_1,is_in_front_of,akita_black_bowl_2
pick_up_the_black_bowl_next_to_the_plate_and_place_it_on_the_plate,demo_11,85,agentview,akita_black_bowl_2,is_left_of,wooden_cabinet_1
pick_up_the_black_bowl_next_to_the_plate_and_place_it_on_the_plate,demo_11,85,agentview,wooden_cabinet_1,is_right_of,akita_black_bowl_2
pick_up_the_black_bowl_next_to_the_plate_and_place_it_on_the_plate,demo_11,85,agentview,akita_black_bowl_2,is_left_of,flat_stove_1
pick_up_the_black_bowl_next_to_the_plate_and_place_it_on_the_plate,demo_11,85,agentview,flat_stove_1,is_right_of,akita_black_bowl_2
pick_up_the_black_bowl_next_to_the_plate_and_place_it_on_the_plate,demo_11,85,agentview,cookies_1,is_in_front_of,glazed_rim_porcelain_ramekin_1
pick_up_the_black_bowl_next_to_the_plate_and_place_it_on_the_plate,demo_11,85,agentview,glazed_rim_porcelain_ramekin_1,is_behind,cookies_1
pick_up_the_black_bowl_next_to_the_plate_and_place_it_on_the_plate,demo_11,85,agentview,cookies_1,is_right_of,plate_1
pick_up_the_black_bowl_next_to_the_plate_and_place_it_on_the_plate,demo_11,85,agentview,plate_1,is_left_of,cookies_1
pick_up_the_black_bowl_next_to_the_plate_and_place_it_on_the_plate,demo_11,85,agentview,cookies_1,is_left_of,wooden_cabinet_1
pick_up_the_black_bowl_next_to_the_plate_and_place_it_on_the_plate,demo_11,85,agentview,wooden_cabinet_1,is_right_of,cookies_1
pick_up_the_black_bowl_next_to_the_plate_and_place_it_on_the_plate,demo_11,85,agentview,cookies_1,is_in_front_of,flat_stove_1
pick_up_the_black_bowl_next_to_the_plate_and_place_it_on_the_plate,demo_11,85,agentview,flat_stove_1,is_behind,cookies_1
pick_up_the_black_bowl_next_to_the_plate_and_place_it_on_the_plate,demo_11,85,agentview,glazed_rim_porcelain_ramekin_1,is_right_of,plate_1
pick_up_the_black_bowl_next_to_the_plate_and_place_it_on_the_plate,demo_11,85,agentview,plate_1,is_left_of,glazed_rim_porcelain_ramekin_1
pick_up_the_black_bowl_next_to_the_plate_and_place_it_on_the_plate,demo_11,85,agentview,glazed_rim_porcelain_ramekin_1,is_left_of,wooden_cabinet_1
pick_up_the_black_bowl_next_to_the_plate_and_place_it_on_the_plate,demo_11,85,agentview,wooden_cabinet_1,is_right_of,glazed_rim_porcelain_ramekin_1
pick_up_the_black_bowl_next_to_the_plate_and_place_it_on_the_plate,demo_11,85,agentview,glazed_rim_porcelain_ramekin_1,is_on_top_of,flat_stove_1
pick_up_the_black_bowl_next_to_the_plate_and_place_it_on_the_plate,demo_11,85,agentview,flat_stove_1,is_below_of,glazed_rim_porcelain_ramekin_1
pick_up_the_black_bowl_next_to_the_plate_and_place_it_on_the_plate,demo_11,85,agentview,plate_1,is_left_of,wooden_cabinet_1
pick_up_the_black_bowl_next_to_the_plate_and_place_it_on_the_plate,demo_11,85,agentview,wooden_cabinet_1,is_right_of,plate_1
pick_up_the_black_bowl_next_to_the_plate_and_place_it_on_the_plate,demo_11,85,agentview,plate_1,is_left_of,flat_stove_1
pick_up_the_black_bowl_next_to_the_plate_and_place_it_on_the_plate,demo_11,85,agentview,flat_stove_1,is_right_of,plate_1
pick_up_the_black_bowl_next_to_the_plate_and_place_it_on_the_plate,demo_11,85,agentview,wooden_cabinet_1,is_right_of,flat_stove_1
pick_up_the_black_bowl_next_to_the_plate_and_place_it_on_the_plate,demo_11,85,agentview,flat_stove_1,is_left_of,wooden_cabinet_1
pick_up_the_black_bowl_next_to_the_plate_and_place_it_on_the_plate,demo_11,90,agentview,akita_black_bowl_1,is_right_of,akita_black_bowl_2
pick_up_the_black_bowl_next_to_the_plate_and_place_it_on_the_plate,demo_11,90,agentview,akita_black_bowl_2,is_left_of,akita_black_bowl_1
pick_up_the_black_bowl_next_to_the_plate_and_place_it_on_the_plate,demo_11,90,agentview,akita_black_bowl_1,is_left_of,cookies_1
pick_up_the_black_bowl_next_to_the_plate_and_place_it_on_the_plate,demo_11,90,agentview,cookies_1,is_right_of,akita_black_bowl_1
pick_up_the_black_bowl_next_to_the_plate_and_place_it_on_the_plate,demo_11,90,agentview,akita_black_bowl_1,is_right_of,glazed_rim_porcelain_ramekin_1
pick_up_the_black_bowl_next_to_the_plate_and_place_it_on_the_plate,demo_11,90,agentview,glazed_rim_porcelain_ramekin_1,is_left_of,akita_black_bowl_1
pick_up_the_black_bowl_next_to_the_plate_and_place_it_on_the_plate,demo_11,90,agentview,akita_black_bowl_1,is_behind,plate_1
pick_up_the_black_bowl_next_to_the_plate_and_place_it_on_the_plate,demo_11,95,agentview,akita_black_bowl_1,is_left_of,akita_black_bowl_2
pick_up_the_black_bowl_next_to_the_plate_and_place_it_on_the_plate,demo_11,95,agentview,akita_black_bowl_2,is_right_of,akita_black_bowl_1
pick_up_the_black_bowl_next_to_the_plate_and_place_it_on_the_plate,demo_11,95,agentview,akita_black_bowl_1,is_left_of,cookies_1
pick_up_the_black_bowl_next_to_the_plate_and_place_it_on_the_plate,demo_11,95,agentview,cookies_1,is_right_of,akita_black_bowl_1
pick_up_the_black_bowl_next_to_the_plate_and_place_it_on_the_plate,demo_11,95,agentview,akita_black_bowl_1,is_in_front_of,glazed_rim_porcelain_ramekin_1
pick_up_the_black_bowl_next_to_the_plate_and_place_it_on_the_plate,demo_11,95,agentview,glazed_rim_porcelain_ramekin_1,is_behind,akita_black_bowl_1
pick_up_the_black_bowl_next_to_the_plate_and_place_it_on_the_plate,demo_11,95,agentview,akita_black_bowl_1,is_behind,plate_1
pick_up_the_black_bowl_next_to_the_plate_and_place_it_on_the_plate,demo_11,95,agentview,plate_1,is_in_front_of,akita_black_bowl_1
pick_up_the_black_bowl_next_to_the_plate_and_place_it_on_the_plate,demo_11,95,agentview,akita_black_bowl_1,is_left_of,wooden_cabinet_1
pick_up_the_black_bowl_next_to_the_plate_and_place_it_on_the_plate,demo_11,95,agentview,wooden_cabinet_1,is_right_of,akita_black_bowl_1
pick_up_the_black_bowl_next_to_the_plate_and_place_it_on_the_plate,demo_11,95,agentview,akita_black_bowl_1,is_left_of,flat_stove_1
pick_up_the_black_bowl_next_to_the_plate_and_place_it_on_the_plate,demo_11,95,agentview,flat_stove_1,is_right_of,akita_black_bowl_1
pick_up_the_black_bowl_next_to_the_plate_and_place_it_on_the_plate,demo_11,95,agentview,akita_black_bowl_2,is_behind,cookies_1
pick_up_the_black_bowl_next_to_the_plate_and_place_it_on_the_plate,demo_11,95,agentview,cookies_1,is_in_front_of,akita_black_bowl_2
pick_up_the_black_bowl_next_to_the_plate_and_place_it_on_the_plate,demo_11,95,agentview,akita_black_bowl_2,is_right_of,glazed_rim_porcelain_ramekin_1
pick_up_the_black_bowl_next_to_the_plate_and_place_it_on_the_plate,demo_11,100,agentview,akita_black_bowl_1,is_on_top_of,plate_1
pick_up_the_black_bowl_next_to_the_plate_and_place_it_on_the_plate,demo_11,100,agentview,plate_1,is_below_of,akita_black_bowl_1
pick_up_the_black_bowl_next_to_the_plate_and_place_it_on_the_plate,demo_11,100,agentview,akita_black_bowl_1,is_in_front_of,glazed_rim_porcelain_ramekin_1
pick_up_the_black_bowl_next_to_the_plate_and_place_it_on_the_plate,demo_11,100,agentview,glazed_rim_porcelain_ramekin_1,is_behind,akita_black_bowl_1
pick_up_the_black_bowl_next_to_the_plate_and_place_it_on_the_plate,demo_11,100,agentview,akita_black_bowl_1,is_left_of,cookies_1
pick_up_the_black_bowl_next_to_the_plate_and_place_it_on_the_plate,demo_11,100,agentview,cookies_1,is_right_of,akita_black_bowl_1
pick_up_the_black_bowl_next_to_the_plate_and_place_it_on_the_plate,demo_11,100,agentview,akita_black_bowl_1,is_left_of,flat_stove_1
pick_up_the_black_bowl_next_to_the_plate_and_place_it_on_the_plate,demo_11,105,agentview,akita_black_bowl_1,is_left_of,akita_black_bowl_2
pick_up_the_black_bowl_next_to_the_plate_and_place_it_on_the_plate,demo_11,105,agentview,akita_black_bowl_2,is_right_of,akita_black_bowl_1
pick_up_the_black_bowl_next_to_the_plate_and_place_it_on_the_plate,demo_11,105,agentview,akita_black_bowl_1,is_left_of,cookies_1
pick_up_the_black_bowl_next_to_the_plate_and_place_it_on_the_plate,demo_11,105,agentview,cookies_1,is_right_of,akita_black_bowl_1
pick_up_the_black_bowl_next_to_the_plate_and_place_it_on_the_plate,demo_11,105,agentview,akita_black_bowl_1,is_right_of,glazed_rim_porcelain_ramekin_1
pick_up_the_black_bowl_next_to_the_plate_and_place_it_on_the_plate,demo_11,105,agentview,glazed_rim_porcelain_ramekin_1,is_left_of,akita_black_bowl_1
pick_up_the_black_bowl_next_to_the_plate_and_place_it_on_the_plate,demo_11,105,agentview,akita_black_bowl_1,is_behind,plate_1
pick_up_the_black_bowl_next_to_the_plate_and_place_it_on_the_plate,demo_11,105,agentview,plate_1,is_in_front_of,akita_black_bowl_1
pick_up_the_black_bowl_next_to_the_plate_and_place_it_on_the_plate,demo_11,105,agentview,akita_black_bowl_1,is_left_of,wooden_cabinet_1
pick_up_the_black_bowl_next_to_the_plate_and_place_it_on_the_plate,demo_11,105,agentview,wooden_cabinet_1,is_right_of,akita_black_bowl_1
pick_up_the_black_bowl_next_to_the_plate_and_place_it_on_the_plate,demo_11,105,agentview,akita_black_bowl_1,is_left_of,flat_stove_1
pick_up_the_black_bowl_next_to_the_plate_and_place_it_on_the_plate,demo_11,105,agentview,flat_stove_1,is_right_of,akita_black_bowl_1
pick_up_the_black_bowl_next_to_the_plate_and_place_it_on_the_plate,demo_11,105,agentview,akita_black_bowl_2,is_behind,cookies_1
pick_up_the_black_bowl_next_to_the_plate_and_place_it_on_the_plate,demo_11,105,agentview,cookies_1,is_in_front_of,akita_black_bowl_2
pick_up_the_black_bowl_next_to_the_plate_and_place_it_on_the_plate,demo_11,105,agentview,akita_black_bowl_2,is_right_of,glazed_rim_porcelain_ramekin_1
pick_up_the_black_bowl_next_to_the_plate_and_place_it_on_the_plate,demo_11,105,agentview,glazed_rim_porcelain_ramekin_1,is_left_of,akita_black_bowl_2
pick_up_the_black_bowl_next_to_the_plate_and_place_it_on_the_plate,demo_11,105,agentview,akita_black_bowl_2,is_behind,plate_1
pick_up_the_black_bowl_next_to_the_plate_and_place_it_on_the_plate,demo_11,105,agentview,plate_1,is_in_front_of,akita_black_bowl_2
pick_up_the_black_bowl_next_to_the_plate_and_place_it_on_the_plate,demo_11,105,agentview,akita_black_bowl_2,is_left_of,wooden_cabinet_1
pick_up_the_black_bowl_next_to_the_plate_and_place_it_on_the_plate,demo_11,105,agentview,wooden_cabinet_1,is_right_of,akita_black_bowl_2
pick_up_the_black_bowl_next_to_the_plate_and_place_it_on_the_plate,demo_11,105,agentview,akita_black_bowl_2,is_on_top_of,flat_stove_1
pick_up_the_black_bowl_next_to_the_plate_and_place_it_on_the_plate,demo_11,105,agentview,flat_stove_1,is_below_of,akita_black_bowl_2
pick_up_the_black_bowl_next_to_the_plate_and_place_it_on_the_plate,demo_11,105,agentview,cookies_1,is_right_of,glazed_rim_porcelain_ramekin_1
pick_up_the_black_bowl_next_to_the_plate_and_place_it_on_the_plate,demo_11,105,agentview,glazed_rim_porcelain_ramekin_1,is_left_of,cookies_1
pick_up_the_black_bowl_next_to_the_plate_and_place_it_on_the_plate,demo_11,110,agentview,akita_black_bowl_1,is_left_of,akita_black_bowl_2
pick_up_the_black_bowl_next_to_the_plate_and_place_it_on_the_plate,demo_11,110,agentview,akita_black_bowl_1,is_behind,cookies_1
pick_up_the_black_bowl_next_to_the_plate_and_place_it_on_the_plate,demo_11,110,agentview,akita_black_bowl_1,is_behind,glazed_rim_porcelain_ramekin_1
pick_up_the_black_bowl_next_to_the_plate_and_place_it_on_the_plate,demo_11,110,agentview,akita_black_bowl_1,is_left_of,plate_1
pick_up_the_black_bowl_next_to_the_plate_and_place_it_on_the_plate,demo_11,110,agentview,akita_black_bowl_1,is_left_of,wooden_cabinet_1
pick_up_the_black_bowl_next_to_the_plate_and_place_it_on_the_plate,demo_11,110,agentview,akita_black_bowl_1,is_left_of,flat_stove_1
pick_up_the_black_bowl_next_to_the_plate_and_place_it_on_the_plate,demo_11,110,agentview,akita_black_bowl_2,is_right_of,akita_black_bowl_1
pick_up_the_black_bowl_next_to_the_plate_and_place_it_on_the_plate,demo_11,115,agentview,akita_black_bowl_1,is_left_of,akita_black_bowl_2
pick_up_the_black_bowl_next_to_the_plate_and_place_it_on_the_plate,demo_11,115,agentview,akita_black_bowl_2,is_right_of,akita_black_bowl_1
pick_up_the_black_bowl_next_to_the_plate_and_place_it_on_the_plate,demo_11,115,agentview,akita_black_bowl_1,is_left_of,cookies_1
pick_up_the_black_bowl_next_to_the_plate_and_place_it_on_the_plate,demo_11,115,agentview,cookies_1,is_right_of,akita_black_bowl_1
pick_up_the_black_bowl_next_to_the_plate_and_place_it_on_the_plate,demo_11,115,agentview,akita_black_bowl_1,is_behind,glazed_rim_porcelain_ramekin_1
pick_up_the_black_bowl_next_to_the_plate_and_place_it_on_the_plate,demo_11,115,agentview,glazed_rim_porcelain_ramekin_1,is_in_front_of,akita_black_bowl_1
pick_up_the_black_bowl_next_to_the_plate_and_place_it_on_the_plate,demo_11,115,agentview,akita_black_bowl_1,is_behind,plate_1
pick_up_the_black_bowl_next_to_the_plate_and_place_it_on_the_plate,demo_11,120,agentview,akita_black_bowl_1,is_left_of,cookies_1
pick_up_the_black_bowl_next_to_the_plate_and_place_it_on_the_plate,demo_11,120,agentview,cookies_1,is_right_of,akita_black_bowl_1
pick_up_the_black_bowl_next_to_the_plate_and_place_it_on_the_plate,demo_11,120,agentview,akita_black_bowl_1,is_in_front_of,glazed_rim_porcelain_ramekin_1
pick_up_the_black_bowl_next_to_the_plate_and_place_it_on_the_plate,demo_11,120,agentview,glazed_rim_porcelain_ramekin_1,is_behind,akita_black_bowl_1
pick_up_the_black_bowl_next_to_the_plate_and_place_it_on_the_plate,demo_11,120,agentview,akita_black_bowl_1,is_left_of,plate_1
pick_up_the_black_bowl_next_to_the_plate_and_place_it_on_the_plate,demo_11,120,agentview,plate_1,is_right_of,akita_black_bowl_1
pick_up_the_black_bowl_next_to_the_plate_and_place_it_on_the_plate,demo_11,120,agentview,akita_black_bowl_1,is_left_of,wooden_cabinet_1
pick_up_the_black_bowl_next_to_the_plate_and_place_it_on_the_plate,demo_11,120,agentview,wooden_cabinet_1,is_right_of,akita_black_bowl_1
pick_up_the_black_bowl_next_to_the_plate_and_place_it_on_the_plate,demo_11,120,agentview,akita_black_bowl_1,is_left_of,flat_stove_1
pick_up_the_black_bowl_next_to_the_plate_and_place_it_on_the_plate,demo_11,120,agentview,flat_stove_1,is_right_of,akita_black_bowl_1
pick_up_the_black_bowl_next_to_the_plate_and_place_it_on_the_plate,demo_11,120,agentview,cookies_1,is_right_of,glazed_rim_porcelain_ramekin_1
pick_up_the_black_bowl_next_to_the_plate_and_place_it_on_the_plate,demo_11,120,agentview,glazed_rim_porcelain_ramekin_1,is_left_of,cookies_1
pick_up_the_black_bowl_next_to_the_plate_and_place_it_on_the_plate,demo_11,120,agentview,cookies_1,is_in_front_of,plate_1
pick_up_the_black_bowl_next_to_the_plate_and_place_it_on_the_plate,demo_11,120,agentview,plate_1,is_behind,cookies_1
pick_up_the_black_bowl_next_to_the_plate_and_place_it_on_the_plate,demo_11,120,agentview,cookies_1,is_left_of,wooden_cabinet_1
pick_up_the_black_bowl_next_to_the_plate_and_place_it_on_the_plate,demo_11,120,agentview,wooden_cabinet_1,is_right_of,cookies_1
pick_up_the_black_bowl_next_to_the_plate_and_place_it_on_the_plate,demo_11,120,agentview,cookies_1,is_in_front_of,flat_stove_1
pick_up_the_black_bowl_next_to_the_plate_and_place_it_on_the_plate,demo_11,120,agentview,flat_stove_1,is_behind,cookies_1
pick_up_the_black_bowl_next_to_the_plate_and_place_it_on_the_plate,demo_11,120,agentview,glazed_rim_porcelain_ramekin_1,is_left_of,plate_1
pick_up_the_black_bowl_next_to_the_plate_and_place_it_on_the_plate,demo_11,120,agentview,plate_1,is_right_of,glazed_rim_porcelain_ramekin_1
pick_up_the_black_bowl_next_to_the_plate_and_place_it_on_the_plate,demo_11,120,agentview,glazed_rim_porcelain_ramekin_1,is_left_of,wooden_cabinet
pick_up_the_black_bowl_next_to_the_plate_and_place_it_on_the_plate,demo_12,0,agentview,akita_black_bowl_1,is_behind,akita_black_bowl_2
pick_up_the_black_bowl_next_to_the_plate_and_place_it_on_the_plate,demo_12,0,agentview,akita_black_bowl_2,is_in_front_of,akita_black_bowl_1
pick_up_the_black_bowl_next_to_the_plate_and_place_it_on_the_plate,demo_12,0,agentview,akita_black_bowl_1,is_left_of,cookies_1
pick_up_the_black_bowl_next_to_the_plate_and_place_it_on_the_plate,demo_12,0,agentview,cookies_1,is_right_of,akita_black_bowl_1
pick_up_the_black_bowl_next_to_the_plate_and_place_it_on_the_plate,demo_12,0,agentview,akita_black_bowl_1,is_left_of,glazed_rim_porcelain_ramekin_1
pick_up_the_black_bowl_next_to_the_plate_and_place_it_on_the_plate,demo_12,0,agentview,glazed_rim_porcelain_ramekin_1,is_right_of,akita_black_bowl_1
pick_up_the_black_bowl_next_to_the_plate_and_place_it_on_the_plate,demo_12,0,agentview,akita_black_bowl_1,is_behind,plate_1
pick_up_the_black_bowl_next_to_the_plate_and_place_it_on_the_plate,demo_12,0,agentview,plate_1,is_in_front_of,akita_black_bowl_1
pick_up_the_black_bowl_next_to_the_plate_and_place_it_on_the_plate,demo_12,0,agentview,akita_black_bowl_1,is_left_of,wooden_cabinet_1
pick_up_the_black_bowl_next_to_the_plate_and_place_it_on_the_plate,demo_12,0,agentview,wooden_cabinet_1,is_right_of,akita_black_bowl_1
pick_up_the_black_bowl_next_to_the_plate_and_place_it_on_the_plate,demo_12,0,agentview,akita_black_bowl_1,is_left_of,flat_stove_1
pick_up_the_black_bowl_next_to_the_plate_and_place_it_on_the_plate,demo_12,0,agentview,flat_stove_1,is_right_of,akita_black_bowl_1
pick_up_the_black_bowl_next_to_the_plate_and_place_it_on_the_plate,demo_12,0,agentview,akita_black_bowl_2,is_left_of,cookies_1
pick_up_the_black_bowl_next_to_the_plate_and_place_it_on_the_plate,demo_12,0,agentview,cookies_1,is_right_of,akita_black_bowl_2
pick_up_the_black_bowl_next_to_the_plate_and_place_it_on_the_plate,demo_12,0,agentview,akita_black_bowl_2,is_left_of,glazed_rim_porcelain_ramekin_1
pick_up_the_black_bowl_next_to_the_plate_and_place_it_on_the_plate,demo_12,0,agentview,glazed_rim_porcelain_ramekin_1,is_right_of,akita_black_bowl_2
pick_up_the_black_bowl_next_to_the_plate_and_place_it_on_the_plate,demo_12,0,agentview,akita_black_bowl_2,is_behind,plate_1
pick_up_the_black_bowl_next_to_the_plate_and_place_it_on_the_plate,demo_12,0,agentview,plate_1,is_in_front_of,akita_black_bowl_2
pick_up_the_black_bowl_next_to_the_plate_and_place_it_on_the_plate,demo_12,0,agentview,akita_black_bowl_2,is_left_of,wooden_cabinet_1
pick_up_the_black_bowl_next_to_the_plate_and_place_it_on_the_plate,demo_12,0,agentview,wooden_cabinet_1,is_right_of,akita_black_bowl_2
pick_up_the_black_bowl_next_to_the_plate_and_place_it_on_the_plate,demo_12,0,agentview,akita_black_bowl_2,is_left_of,flat_stove_1
pick_up_the_black_bowl_next_to_the_plate_and_place_it_on_the_plate,demo_12,0,agentview,flat_stove_1,is_right_of,akita_black_bowl_2
pick_up_the_black_bowl_next_to_the_plate_and_place_it_on_the_plate,demo_12,0,agentview,cookies_1,is_in_front_of,glazed_rim_porcelain_ramekin_1
pick_up_the_black_bowl_next_to_the_plate_and_place_it_on_the_plate,demo_12,0,agentview,glazed_rim_porcelain_ramekin_1,is_behind,cookies_1
pick_up_the_black_bowl_next_to_the_plate_and_place_it_on_the_plate,demo_12,0,agentview,cookies_1,is_right_of,plate_1
pick_up_the_black_bowl_next_to_the_plate_and_place_it_on_the_plate,demo_12,0,agentview,plate_1,is_left_of,cookies_1
pick_up_the_black_bowl_next_to_the_plate_and_place_it_on_the_plate,demo_12,0,agentview,cookies_1,is_left_of,wooden_cabinet_1
pick_up_the_black_bowl_next_to_the_plate_and_place_it_on_the_plate,demo_12,0,agentview,wooden_cabinet_1,is_right_of,cookies_1
pick_up_the_black_bowl_next_to_the_plate_and_place_it_on_the_plate,demo_12,0,agentview,cookies_1,is_in_front_of,flat_stove_1
pick_up_the_black_bowl_next_to_the_plate_and_place_it_on_the_plate,demo_12,0,agentview,flat_stove_1,is_behind,cookies_1
pick_up_the_black_bowl_next_to_the_plate_and_place_it_on_the_plate,demo_12,0,agentview,glazed_rim_porcelain_ramekin_1,is_behind,plate_1
pick_up_the_black_bowl_next_to_the_plate_and_place_it_on_the_plate,demo_12,0,agentview,plate_1,is_in_front_of,glazed_rim_porcelain_ramekin_1
pick_up_the_black_bowl_next_to_the_plate_and_place_it_on_the_plate,demo_12,0,agentview,glazed_rim_porcelain_ramekin_1,is_left_of,wooden_cabinet_1
pick_up_the_black_bowl_next_to_the_plate_and_place_it_on_the_plate,demo_12,0,agentview,wooden_cabinet_1,is_right_of,glazed_rim_porcelain_ramekin_1
pick_up_the_black_bowl_next_to_the_plate_and_place_it_on_the_plate,demo_12,0,agentview,glazed_rim_porcelain_ramekin_1,is_left_of,flat_stove_1
pick_up_the_black_bowl_next_to_the_plate_and_place_it_on_the_plate,demo_12,0,agentview,flat_stove_1,is_right_of,glazed_rim_porcelain_ramekin_1
pick_up_the_black_bowl_next_to_the_plate_and_place_it_on_the_plate,demo_12,0,agentview,plate_1,is_left_of,wooden_cabinet_1
pick_up_the_black_bowl_next_to_the_plate_and_place_it_on_the_plate,demo_12,0,agentview,wooden_cabinet_1,is_right_of,plate_1
pick_up_the_black_bowl_next_to_the_plate_and_place_it_on_the_plate,demo_12,0,agentview,plate_1,is_left_of,flat_stove_1
pick_up_the_black_bowl_next_to_the_plate_and_place_it_on_the_plate,demo_12,0,agentview,flat_stove_1,is_right_of,plate_1
pick_up_the_black_bowl_next_to_the_plate_and_place_it_on_the_plate,demo_12,0,agentview,wooden_cabinet_1,is_right_of,flat_stove_1
pick_up_the_black_bowl_next_to_the_plate_and_place_it_on_the_plate,demo_12,0,agentview,flat_stove_1,is_left_of,wooden_cabinet_1
pick_up_the_black_bowl_next_to_the_plate_and_place_it_on_the_plate,demo_12,5,agentview,akita_black_bowl_1,is_behind,akita_black_bowl_2
pick_up_the_black_bowl_next_to_the_plate_and_place_it_on_the_plate,demo_12,5,agentview,akita_black_bowl_2,is_in_front_of,akita_black_bowl_1
pick_up_the_black_bowl_next_to_the_plate_and_place_it_on_the_plate,demo_12,5,agentview,akita_black_bowl_1,is_behind,cookies_1
pick_up_the_black_bowl_next_to_the_plate_and_place_it_on_the_plate,demo_12,5,agentview,cookies_1,is_in_front_of,akita_black_bowl_1
pick_up_the_black_bowl_next_to_the_plate_and_place_it_on_the_plate,demo_12,5,agentview,akita_black_bowl_1,is_left_of,glazed_rim_porcelain_ramekin_1
pick_up_the_black_bowl_next_to_the_plate_and_place_it_on_the_plate,demo_12,5,agentview,glazed_rim_porcelain_ramekin_1,is_right_of,akita_black_bowl_1
pick_up_the_black_bowl_next_to_the_plate_and_place_it_on_the_plate,demo_12,5,agentview,akita_black_bowl_1,is_behind,plate_1
pick_up_the_black_bowl_next_to_the_plate_and_place_it_on_the_plate,demo_12,5,agentview,plate_1,is_in_front_of,akita_black_bowl_1
pick_up_the_black_bowl_next_to_the_plate_and_place_it_on_the_plate,demo_12,5,agentview,akita_black_bowl_1,is_left_of,wooden_cabinet_1
pick_up_the_black_bowl_next_to_the_plate_and_place_it_on_the_plate,demo_12,5,agentview,wooden_cabinet_1,is_right_of,akita_black_bowl_1
pick_up_the_black_bowl_next_to_the_plate_and_place_it_on_the_plate,demo_12,5,agentview,akita_black_bowl_1,is_left_of,flat_stove_1
pick_up_the_black_bowl_next_to_the_plate_and_place_it_on_the_plate,demo_12,5,agentview,flat_stove_1,is_right_of,akita_black_bowl_1
pick_up_the_black_bowl_next_to_the_plate_and_place_it_on_the_plate,demo_12,5,agentview,akita_black_bowl_2,is_left_of,cookies_1
pick_up_the_black_bowl_next_to_the_plate_and_place_it_on_the_plate,demo_12,5,agentview,cookies_1,is_right_of,akita_black_bowl_2
pick_up_the_black_bowl_next_to_the_plate_and_place_it_on_the_plate,demo_12,5,agentview,akita_black_bowl_2,is_in_front_of,glazed_rim_porcelain_ramekin_1
pick_up_the_black_bowl_next_to_the_plate_and_place_it_on_the_plate,demo_12,5,agentview,glazed_rim_porcelain_ramekin_1,is_behind,akita_black_bowl_2
pick_up_the_black_bowl_next_to_the_plate_and_place_it_on_the_plate,demo_12,5,agentview,akita_black_bowl_2,is_left_of,plate_1
pick_up_the_black_bowl_next_to_the_plate_and_place_it_on_the_plate,demo_12,5,agentview,plate_1,is_right_of,akita_black_bowl_2
pick_up_the_black_bowl_next_to_the_plate_and_place_it_on_the_plate,demo_12,5,agentview,akita_black_bowl_2,is_left_of,wooden_cabinet_1
pick_up_the_black_bowl_next_to_the_plate_and_place_it_on_the_plate,demo_12,5,agentview,wooden_cabinet_1,is_right_of,akita_black_bowl_2
pick_up_the_black_bowl_next_to_the_plate_and_place_it_on_the_plate,demo_12,5,agentview,akita_black_bowl_2,is_left_of,flat_stove_1
pick_up_the_black_bowl_next_to_the_plate_and_place_it_on_the_plate,demo_12,5,agentview,flat_stove_1,is_right_of,akita_black_bowl_2
pick_up_the_black_bowl_next_to_the_plate_and_place_it_on_the_plate,demo_12,5,agentview,cookies_1,is_in_front_of,glazed_rim_porcelain_ramekin_1
pick_up_the_black_bowl_next_to_the_plate_and_place_it_on_the_plate,demo_12,5,agentview,glazed_rim_porcelain_ramekin_1,is_behind,cookies_1
pick_up_the_black_bowl_next_to_the_plate_and_place_it_on_the_plate,demo_12,5,agentview,cookies_1,is_right_of,plate_1
pick_up_the_black_bowl_next_to_the_plate_and_place_it_on_the_plate,demo_12,5,agentview,plate_1,is_left_of,cookies_1
pick_up_the_black_bowl_next_to_the_plate_and_place_it_on_the_plate,demo_12,5,agentview,cookies_1,is_left_of,wooden_cabinet_1
pick_up_the_black_bowl_next_to_the_plate_and_place_it_on_the_plate,demo_12,5,agentview,wooden_cabinet_1,is_right_of,cookies_1
pick_up_the_black_bowl_next_to_the_plate_and_place_it_on_the_plate,demo_12,5,agentview,cookies_1,is_in_front_of,flat_stove_1
pick_up_the_black_bowl_next_to_the_plate_and_place_it_on_the_plate,demo_12,5,agentview,flat_stove_1,is_behind,cookies_1
pick_up_the_black_bowl_next_to_the_plate_and_place_it_on_the_plate,demo_12,5,agentview,glazed_rim_porcelain_ramekin_1,is_behind,plate_1
pick_up_the_black_bowl_next_to_the_plate_and_place_it_on_the_plate,demo_12,5,agentview,plate_1,is_in_front_of,glazed_rim_porcelain_ramekin_1
pick_up_the_black_bowl_next_to_the_plate_and_place_it_on_the_plate,demo_12,5,agentview,glazed_rim_porcelain_ramekin_1,is_left_of,wooden_cabinet_1
pick_up_the_black_bowl_next_to_the_plate_and_place_it_on_the_plate,demo_12,5,agentview,wooden_cabinet_1,is_right_of,glazed_rim_porcelain_ramekin_1
pick_up_the_black_bowl_next_to_the_plate_and_place_it_on_the_plate,demo_12,5,agentview,glazed_rim_porcelain_ramekin_1,is_left_of,flat_stove_1
pick_up_the_black_bowl_next_to_the_plate_and_place_it_on_the_plate,demo_12,5,agentview,flat_stove_1,is_right_of,glazed_rim_porcelain_ramekin_1
pick_up_the_black_bowl_next_to_the_plate_and_place_it_on_the_plate,demo_12,5,agentview,plate_1,is_left_of,wooden_cabinet_1
pick_up_the_black_bowl_next_to_the_plate_and_place_it_on_the_plate,demo_12,5,agentview,wooden_cabinet_1,is_right_of,plate_1
pick_up_the_black_bowl_next_to_the_plate_and_place_it_on_the_plate,demo_12,5,agentview,plate_1,is_left_of,flat_stove_1
pick_up_the_black_bowl_next_to_the_plate_and_place_it_on_the_plate,demo_12,5,agentview,flat_stove_1,is_right_of,plate_1
pick_up_the_black_bowl_next_to_the_plate_and_place_it_on_the_plate,demo_12,5,agentview,wooden_cabinet_1,is_in_front_of,flat_stove_1
pick_up_the_black_bowl_next_to_the_plate_and_place_it_on_the_plate,demo_12,5,agentview,flat_stove_1,is_behind,wooden_cabinet_1
pick_up_the_black_bowl_next_to_the_plate_and_place_it_on_the_plate,demo_12,10,agentview,akita_black_bowl_1,is_behind,akita_black_bowl_2
pick_up_the_black_bowl_next_to_the_plate_and_place_it_on_the_plate,demo_12,10,agentview,akita_black_bowl_2,is_in_front_of,akita_black_bowl_1
pick_up_the_black_bowl_next_to_the_plate_and_place_it_on_the_plate,demo_12,10,agentview,akita_black_bowl_1,is_left_of,cookies_1
pick_up_the_black_bowl_next_to_the_plate_and_place_it_on_the_plate,demo_12,10,agentview,cookies_1,is_right_of,akita_black_bowl_1
pick_up_the_black_bowl_next_to_the_plate_and_place_it_on_the_plate,demo_12,10,agentview,akita_black_bowl_1,is_left_of,glazed_rim_porcelain_ramekin_1
pick_up_the_black_bowl_next_to_the_plate_and_place_it_on_the_plate,demo_12,10,agentview,glazed_rim_porcelain_ramekin_1,is_right_of,akita_black_bowl_1
pick_up_the_black_bowl_next_to_the_plate_and_place_it_on_the_plate,demo_12,10,agentview,akita_black_bowl_1,is_behind,plate_1
pick_up_the_black_bowl_next_to_the_plate_and_place_it_on_the_plate,demo_12,10,agentview,plate_1,is_in_front_of,akita_black_bowl_1
pick_up_the_black_bowl_next_to_the_plate_and_place_it_on_the_plate,demo_12,10,agentview,akita_black_bowl_1,is_left_of,wooden_cabinet_1
pick_up_the_black_bowl_next_to_the_plate_and_place_it_on_the_plate,demo_12,10,agentview,wooden_cabinet_1,is_right_of,akita_black_bowl_1
pick_up_the_black_bowl_next_to_the_plate_and_place_it_on_the_plate,demo_12,10,agentview,akita_black_bowl_1,is_left_of,flat_stove_1
pick_up_the_black_bowl_next_to_the_plate_and_place_it_on_the_plate,demo_12,10,agentview,flat_stove_1,is_right_of,akita_black_bowl_1
pick_up_the_black_bowl_next_to_the_plate_and_place_it_on_the_plate,demo_12,10,agentview,akita_black_bowl_2,is_left_of,cookies_1
pick_up_the_black_bowl_next_to_the_plate_and_place_it_on_the_plate,demo_12,10,agentview,cookies_1,is_right_of,akita_black_bowl_2
pick_up_the_black_bowl_next_to_the_plate_and_place_it_on_the_plate,demo_12,10,agentview,akita_black_bowl_2,is_left_of,glazed_rim_porcelain_ramekin_1
pick_up_the_black_bowl_next_to_the_plate_and_place_it_on_the_plate,demo_12,10,agentview,glazed_rim_porcelain_ramekin_1,is_right_of,akita_black_bowl_2
pick_up_the_black_bowl_next_to_the_plate_and_place_it_on_the_plate,demo_12,10,agentview,akita_black_bowl_2,is_left_of,plate_1
pick_up_the_black_bowl_next_to_the_plate_and_place_it_on_the_plate,demo_12,10,agentview,plate_1,is_right_of,akita_black_bowl_2
pick_up_the_black_bowl_next_to_the_plate_and_place_it_on_the_plate,demo_12,10,agentview,akita_black_bowl_2,is_left_of,wooden_cabinet_1
pick_up_the_black_bowl_next_to_the_plate_and_place_it_on_the_plate,demo_12,10,agentview,wooden_cabinet_1,is_right_of,akita_black_bowl_2
pick_up_the_black_bowl_next_to_the_plate_and_place_it_on_the_plate,demo_12,10,agentview,akita_black_bowl_2,is_left_of,flat_stove_1
pick_up_the_black_bowl_next_to_the_plate_and_place_it_on_the_plate,demo_12,10,agentview,flat_stove_1,is_right_of,akita_black_bowl_2
pick_up_the_black_bowl_next_to_the_plate_and_place_it_on_the_plate,demo_12,10,agentview,cookies_1,is_in_front_of,glazed_rim_porcelain_ramekin_1
pick_up_the_black_bowl_next_to_the_plate_and_place_it_on_the_plate,demo_12,10,agentview,glazed_rim_porcelain_ramekin_1,is_behind,cookies_1
pick_up_the_black_bowl_next_to_the_plate_and_place_it_on_the_plate,demo_12,10,agentview,cookies_1,is_right_of,plate_1
pick_up_the_black_bowl_next_to_the_plate_and_place_it_on_the_plate,demo_12,10,agentview,plate_1,is_left_of,cookies_1
pick_up_the_black_bowl_next_to_the_plate_and_place_it_on_the_plate,demo_12,10,agentview,cookies_1,is_left_of,wooden_cabinet_1
pick_up_the_black_bowl_next_to_the_plate_and_place_it_on_the_plate,demo_12,10,agentview,wooden_cabinet_1,is_right_of,cookies_1
pick_up_the_black_bowl_next_to_the_plate_and_place_it_on_the_plate,demo_12,10,agentview,cookies_1,is_in_front_of,flat_stove_1
pick_up_the_black_bowl_next_to_the_plate_and_place_it_on_the_plate,demo_12,10,agentview,flat_stove_1,is_behind,cookies_1
pick_up_the_black_bowl_next_to_the_plate_and_place_it_on_the_plate,demo_12,10,agentview,glazed_rim_porcelain_ramekin_1,is_behind,plate_1
pick_up_the_black_bowl_next_to_the_plate_and_place_it_on_the_plate,demo_12,10,agentview,plate_1,is_in_front_of,glazed_rim_porcelain_ramekin_1
pick_up_the_black_bowl_next_to_the_plate_and_place_it_on_the_plate,demo_12,10,agentview,glazed_rim_porcelain_ramekin_1,is_left_of,wooden_cabinet_1
pick_up_the_black_bowl_next_to_the_plate_and_place_it_on_the_plate,demo_12,15,agentview,akita_black_bowl_1,is_behind,akita_black_bowl_2
pick_up_the_black_bowl_next_to_the_plate_and_place_it_on_the_plate,demo_12,15,agentview,akita_black_bowl_2,is_in_front_of,akita_black_bowl_1
pick_up_the_black_bowl_next_to_the_plate_and_place_it_on_the_plate,demo_12,15,agentview,akita_black_bowl_1,is_left_of,cookies_1
pick_up_the_black_bowl_next_to_the_plate_and_place_it_on_the_plate,demo_12,15,agentview,cookies_1,is_right_of,akita_black_bowl_1
pick_up_the_black_bowl_next_to_the_plate_and_place_it_on_the_plate,demo_12,15,agentview,akita_black_bowl_1,is_left_of,glazed_rim_porcelain_ramekin_1
pick_up_the_black_bowl_next_to_the_plate_and_place_it_on_the_plate,demo_12,15,agentview,glazed_rim_porcelain_ramekin_1,is_right_of,akita_black_bowl_1
pick_up_the_black_bowl_next_to_the_plate_and_place_it_on_the_plate,demo_12,15,agentview,akita_black_bowl_1,is_behind,plate_1
pick_up_the_black_bowl_next_to_the_plate_and_place_it_on_the_plate,demo_12,15,agentview,plate_1,is_in_front_of,akita_black_bowl_1
pick_up_the_black_bowl_next_to_the_plate_and_place_it_on_the_plate,demo_12,15,agentview,akita_black_bowl_1,is_left_of,wooden_cabinet_1
pick_up_the_black_bowl_next_to_the_plate_and_place_it_on_the_plate,demo_12,15,agentview,wooden_cabinet_1,is_right_of,akita_black_bowl_1
pick_up_the_black_bowl_next_to_the_plate_and_place_it_on_the_plate,demo_12,15,agentview,akita_black_bowl_1,is_left_of,flat_stove_1
pick_up_the_black_bowl_next_to_the_plate_and_place_it_on_the_plate,demo_12,15,agentview,flat_stove_1,is_right_of,akita_black_bowl_1
pick_up_the_black_bowl_next_to_the_plate_and_place_it_on_the_plate,demo_12,15,agentview,akita_black_bowl_2,is_left_of,cookies_1
pick_up_the_black_bowl_next_to_the_plate_and_place_it_on_the_plate,demo_12,15,agentview,cookies_1,is_right_of,akita_black_bowl_2
pick_up_the_black_bowl_next_to_the_plate_and_place_it_on_the_plate,demo_12,15,agentview,akita_black_bowl_2,is_left_of,glazed_rim_porcelain_ramekin_1
pick_up_the_black_bowl_next_to_the_plate_and_place_it_on_the_plate,demo_12,15,agentview,glazed_rim_porcelain_ramekin_1,is_right_of,akita_black_bowl_2
pick_up_the_black_bowl_next_to_the_plate_and_place_it_on_the_plate,demo_12,15,agentview,akita_black_bowl_2,is_behind,plate_1
pick_up_the_black_bowl_next_to_the_plate_and_place_it_on_the_plate,demo_12,15,agentview,plate_1,is_in_front_of,akita_black_bowl_2
pick_up_the_black_bowl_next_to_the_plate_and_place_it_on_the_plate,demo_12,15,agentview,akita_black_bowl_2,is_left_of,wooden_cabinet_1
pick_up_the_black_bowl_next_to_the_plate_and_place_it_on_the_plate,demo_12,15,agentview,wooden_cabinet_1,is_right_of,akita_black_bowl_2
pick_up_the_black_bowl_next_to_the_plate_and_place_it_on_the_plate,demo_12,15,agentview,akita_black_bowl_2,is_left_of,flat_stove_1
pick_up_the_black_bowl_next_to_the_plate_and_place_it_on_the_plate,demo_12,15,agentview,flat_stove_1,is_right_of,akita_black_bowl_2
pick_up_the_black_bowl_next_to_the_plate_and_place_it_on_the_plate,demo_12,15,agentview,cookies_1,is_in_front_of,glazed_rim_porcelain_ramekin_1
pick_up_the_black_bowl_next_to_the_plate_and_place_it_on_the_plate,demo_12,15,agentview,glazed_rim_porcelain_ramekin_1,is_behind,cookies_1
pick_up_the_black_bowl_next_to_the_plate_and_place_it_on_the_plate,demo_12,15,agentview,cookies_1,is_right_of,plate_1
pick_up_the_black_bowl_next_to_the_plate_and_place_it_on_the_plate,demo_12,15,agentview,plate_1,is_left_of,cookies_1
pick_up_the_black_bowl_next_to_the_plate_and_place_it_on_the_plate,demo_12,15,agentview,cookies_1,is_left_of,wooden_cabinet_1
pick_up_the_black_bowl_next_to_the_plate_and_place_it_on_the_plate,demo_12,15,agentview,wooden_cabinet_1,is_right_of,cookies_1
pick_up_the_black_bowl_next_to_the_plate_and_place_it_on_the_plate,demo_12,15,agentview,cookies_1,is_left_of,flat_stove_1
pick_up_the_black_bowl_next_to_the_plate_and_place_it_on_the_plate,demo_12,15,agentview,flat_stove_1,is_right_of,cookies_1
pick_up_the_black_bowl_next_to_the_plate_and_place_it_on_the_plate,demo_12,15,agentview,glazed_rim_porcelain_ramekin_1,is_behind,plate_1
pick_up_the_black_bowl_next_to_the_plate_and_place_it_on_the_plate,demo_12,15,agentview,plate_1,is_in_front_of,glazed_rim_porcelain_ramekin_1
pick_up_the_black_bowl_next_to_the_plate_and_place_it_on_the_plate,demo_12,15,agentview,glazed_rim_porcelain_ramekin_1,is_left_of,wooden_cabinet_1
pick_up_the_black_bowl_next_to_the_plate_and_place_it_on_the_plate,demo_12,15,agentview,wooden_cabinet_1,is_right_of,glazed_rim_porcelain_ramekin_1
pick_up_the_black_bowl_next_to_the_plate_and_place_it_on_the_plate,demo_12,15,agentview,glazed_rim_porcelain_ramekin_1,is_left_of,flat_stove_1
pick_up_the_black_bowl_next_to_the_plate_and_place_it_on_the_plate,demo_12,15,agentview,flat_stove_1,is_right_of,glazed_rim_porcelain_ramekin_1
pick_up_the_black_bowl_next_to_the_plate_and_place_it_on_the_plate,demo_12,15,agentview,plate_1,is_left_of,wooden_cabinet_1
pick_up_the_black_bowl_next_to_the_plate_and_place_it_on_the_plate,demo_12,15,agentview,wooden_cabinet_1,is_right_of,plate_1
pick_up_the_black_bowl_next_to_the_plate_and_place_it_on_the_plate,demo_12,15,agentview,plate_1,is_left_of,flat_stove_1
pick_up_the_black_bowl_next_to_the_plate_and_place_it_on_the_plate,demo_12,15,agentview,flat_stove_1,is_right_of,plate_1
pick_up_the_black_bowl_next_to_the_plate_and_place_it_on_the_plate,demo_12,15,agentview,wooden_cabinet_1,is_in_front_of,flat_stove_1
pick_up_the_black_bowl_next_to_the_plate_and_place_it_on_the_plate,demo_12,15,agentview,flat_stove_1,is_behind,wooden_cabinet_1
pick_up_the_black_bowl_next_to_the_plate_and_place_it_on_the_plate,demo_12,20,agentview,akita_black_bowl_1,is_behind,akita_black_bowl_2
pick_up_the_black_bowl_next_to_the_plate_and_place_it_on_the_plate,demo_12,20,agentview,akita_black_bowl_2,is_in_front_of,akita_black_bowl_1
pick_up_the_black_bowl_next_to_the_plate_and_place_it_on_the_plate,demo_12,20,agentview,akita_black_bowl_1,is_left_of,glazed_rim_porcelain_ramekin_1
pick_up_the_black_bowl_next_to_the_plate_and_place_it_on_the_plate,demo_12,20,agentview,glazed_rim_porcelain_ramekin_1,is_right_of,akita_black_bowl_1
pick_up_the_black_bowl_next_to_the_plate_and_place_it_on_the_plate,demo_12,20,agentview,akita_black_bowl_1,is_behind,plate_1
pick_up_the_black_bowl_next_to_the_plate_and_place_it_on_the_plate,demo_12,20,agentview,plate_1,is_in_front_of,akita_black_bowl_1
pick_up_the_black_bowl_next_to_the_plate_and_place_it_on_the_plate,demo_12,20,agentview,akita_black_bowl_1,is_left_of,cookies_1
pick_up_the_black_bowl_next_to_the_plate_and_place_it_on_the_plate,demo_12,20,agentview,cookies_1,is_right_of,akita_black_bowl_1
pick_up_the_black_bowl_next_to_the_plate_and_place_it_on_the_plate,demo_12,20,agentview,akita_black_bowl_1,is_left_of,flat_stove_1
pick_up_the_black_bowl_next_to_the_plate_and_place_it_on_the_plate,demo_12,20,agentview,flat_stove_1,is_right_of,akita_black_bowl_1
pick_up_the_black_bowl_next_to_the_plate_and_place_it_on_the_plate,demo_12,20,agentview,akita_black_bowl_1,is_left_of,wooden_cabinet_1
pick_up_the_black_bowl_next_to_the_plate_and_place_it_on_the_plate,demo_12,20,agentview,wooden_cabinet_1,is_right_of,akita_black_bowl_1
pick_up_the_black_bowl_next_to_the_plate_and_place_it_on_the_plate,demo_12,20,agentview,akita_black_bowl_2,is_in_front_of,glazed_rim_porcelain_ramekin_1
pick_up_the_black_bowl_next_to_the_plate_and_place_it_on_the_plate,demo_12,20,agentview,glazed_rim_porcelain_ramekin_1,is_behind,akita_black_bowl_2
pick_up_the_black_bowl_next_to_the_plate_and_place_it_on_the_plate,demo_12,20,agentview,akita_black_bowl_2,is_behind,plate_1
pick_up_the_black_bowl_next_to_the_plate_and_place_it_on_the_plate,demo_12,20,agentview,plate_1,is_in_front_of,akita_black_bowl_2
pick_up_the_black_bowl_next_to_the_plate_and_place_it_on_the_plate,demo_12,20,agentview,akita_black_bowl_2,is_left_of,cookies_1
pick_up_the_black_bowl_next_to_the_plate_and_place_it_on_the_plate,demo_12,20,agentview,cookies_1,is_right_of,akita_black_bowl_2
pick_up_the_black_bowl_next_to_the_plate_and_place_it_on_the_plate,demo_12,20,agentview,akita_black_bowl_2,is_left_of,flat_stove_1
pick_up_the_black_bowl_next_to_the_plate_and_place_it_on_the_plate,demo_12,20,agentview,flat_stove_1,is_right_of,akita_black_bowl_2
pick_up_the_black_bowl_next_to_the_plate_and_place_it_on_the_plate,demo_12,20,agentview,akita_black_bowl_2,is_left_of,wooden_cabinet_1
pick_up_the_black_bowl_next_to_the_plate_and_place_it_on_the_plate,demo_12,20,agentview,wooden_cabinet_1,is_right_of,akita_black_bowl_2
pick_up_the_black_bowl_next_to_the_plate_and_place_it_on_the_plate,demo_12,20,agentview,glazed_rim_porcelain_ramekin_1,is_behind,plate_1
pick_up_the_black_bowl_next_to_the_plate_and_place_it_on_the_plate,demo_12,20,agentview,plate_1,is_in_front_of,glazed_rim_porcelain_ramekin_1
pick_up_the_black_bowl_next_to_the_plate_and_place_it_on_the_plate,demo_12,20,agentview,glazed_rim_porcelain_ramekin_1,is_left_of,cookies_1
pick_up_the_black_bowl_next_to_the_plate_and_place_it_on_the_plate,demo_12,20,agentview,cookies_1,is_right_of,glazed_rim_porcelain_ramekin_1
pick_up_the_black_bowl_next_to_the_plate_and_place_it_on_the_plate,demo_12,20,agentview,glazed_rim_porcelain_ramekin_1,is_left_of,flat_stove_1
pick_up_the_black_bowl_next_to_the_plate_and_place_it_on_the_plate,demo_12,20,agentview,flat_stove_1,is_right_of,glazed_rim_porcelain_ramekin_1
pick_up_the_black_bowl_next_to_the_plate_and_place_it_on_the_plate,demo_12,20,agentview,glazed_rim_porcelain_ramekin_1,is_left_of,wooden_cabinet_1
pick_up_the_black_bowl_next_to_the_plate_and_place_it_on_the_plate,demo_12,20,agentview,wooden_cabinet_1,is_right_of,glazed_rim_porcelain_ramekin_1
pick_up_the_black_bowl_next_to_the_plate_and_place_it_on_the_plate,demo_12,20,agentview,plate_1,is_left_of,cookies_1
pick_up_the_black_bowl_next_to_the_plate_and_place_it_on_the_plate,demo_12,20,agentview,cookies_1,is_right_of,plate_1
pick_up_the_black_bowl_next_to_the_plate_and_place_it_on_the_plate,demo_12,20,agentview,plate_1,is_left_of,flat_stove_1
pick_up_the_black_bowl_next_to_the_plate_and_place_it_on_the_plate,demo_12,20,agentview,flat_stove_1,is_right_of,plate_1
pick_up_the_black_bowl_next_to_the_plate_and_place_it_on_the_plate,demo_12,20,agentview,plate_1,is_left_of,wooden_cabinet_1
pick_up_the_black_bowl_next_to_the_plate_and_place_it_on_the_plate,demo_12,20,agentview,wooden_cabinet_1,is_right_of,plate_1
pick_up_the_black_bowl_next_to_the_plate_and_place_it_on_the_plate,demo_12,20,agentview,cookies_1,is_in_front_of,flat_stove_1
pick_up_the_black_bowl_next_to_the_plate_and_place_it_on_the_plate,demo_12,20,agentview,flat_stove_1,is_behind,cookies_1
pick_up_the_black_bowl_next_to_the_plate_and_place_it_on_the_plate,demo_12,20,agentview,cookies_1,is_left_of,wooden_cabinet_1
pick_up_the_black_bowl_next_to_the_plate_and_place_it_on_the_plate,demo_12,20,agentview,wooden_cabinet_1,is_right_of,cookies_1
pick_up_the_black_bowl_next_to_the_plate_and_place_it_on_the_plate,demo_12,20,agentview,flat_stove_1,is_behind,wooden_cabinet_1
pick_up_the_black_bowl_next_to_the_plate_and_place_it_on_the_plate,demo_12,20,agentview,wooden_cabinet_1,is_in_front_of,flat_stove_1
pick_up_the_black_bowl_next_to_the_plate_and_place_it_on_the_plate,demo_12,25,agentview,akita_black_bowl_1,is_behind,akita_black_bowl_2
pick_up_the_black_bowl_next_to_the_plate_and_place_it_on_the_plate,demo_12,25,agentview,akita_black_bowl_2,is_in_front_of,akita_black_bowl_1
pick_up_the_black_bowl_next_to_the_plate_and_place_it_on_the_plate,demo_12,25,agentview,akita_black_bowl_1,is_left_of,cookies_1
pick_up_the_black_bowl_next_to_the_plate_and_place_it_on_the_plate,demo_12,25,agentview,cookies_1,is_right_of,akita_black_bowl_1
pick_up_the_black_bowl_next_to_the_plate_and_place_it_on_the_plate,demo_12,25,agentview,akita_black_bowl_1,is_left_of,glazed_rim_porcelain_ramekin_1
pick_up_the_black_bowl_next_to_the_plate_and_place_it_on_the_plate,demo_12,25,agentview,glazed_rim_porcelain_ramekin_1,is_right_of,akita_black_bowl_1
pick_up_the_black_bowl_next_to_the_plate_and_place_it_on_the_plate,demo_12,25,agentview,akita_black_bowl_1,is_behind,plate_1
pick_up_the_black_bowl_next_to_the_plate_and_place_it_on_the_plate,demo_12,25,agentview,plate_1,is_in_front_of,akita_black_bowl_1
pick_up_the_black_bowl_next_to_the_plate_and_place_it_on_the_plate,demo_12,25,agentview,akita_black_bowl_1,is_left_of,wooden_cabinet_1
pick_up_the_black_bowl_next_to_the_plate_and_place_it_on_the_plate,demo_12,25,agentview,wooden_cabinet_1,is_right_of,akita_black_bowl_1
pick_up_the_black_bowl_next_to_the_plate_and_place_it_on_the_plate,demo_12,25,agentview,akita_black_bowl_1,is_left_of,flat_stove_1
pick_up_the_black_bowl_next_to_the_plate_and_place_it_on_the_plate,demo_12,25,agentview,flat_stove_1,is_right_of,akita_black_bowl_1
pick_up_the_black_bowl_next_to_the_plate_and_place_it_on_the_plate,demo_12,25,agentview,akita_black_bowl_2,is_left_of,cookies_1
pick_up_the_black_bowl_next_to_the_plate_and_place_it_on_the_plate,demo_12,25,agentview,cookies_1,is_right_of,akita_black_bowl_2
pick_up_the_black_bowl_next_to_the_plate_and_place_it_on_the_plate,demo_12,25,agentview,akita_black_bowl_2,is_in_front_of,glazed_rim_porcelain_ramekin_1
pick_up_the_black_bowl_next_to_the_plate_and_place_it_on_the_plate,demo_12,25,agentview,glazed_rim_porcelain_ramekin_1,is_behind,akita_black_bowl_2
pick_up_the_black_bowl_next_to_the_plate_and_place_it_on_the_plate,demo_12,25,agentview,akita_black_bowl_2,is_behind,plate_1
pick_up_the_black_bowl_next_to_the_plate_and_place_it_on_the_plate,demo_12,25,agentview,plate_1,is_in_front_of,akita_black_bowl_2
pick_up_the_black_bowl_next_to_the_plate_and_place_it_on_the_plate,demo_12,25,agentview,akita_black_bowl_2,is_left_of,wooden_cabinet_1
pick_up_the_black_bowl_next_to_the_plate_and_place_it_on_the_plate,demo_12,25,agentview,wooden_cabinet_1,is_right_of,akita_black_bowl_2
pick_up_the_black_bowl_next_to_the_plate_and_place_it_on_the_plate,demo_12,30,agentview,akita_black_bowl_1,is_in_front_of,akita_black_bowl_2
pick_up_the_black_bowl_next_to_the_plate_and_place_it_on_the_plate,demo_12,30,agentview,akita_black_bowl_2,is_behind,akita_black_bowl_1
pick_up_the_black_bowl_next_to_the_plate_and_place_it_on_the_plate,demo_12,30,agentview,akita_black_bowl_1,is_left_of,cookies_1
pick_up_the_black_bowl_next_to_the_plate_and_place_it_on_the_plate,demo_12,30,agentview,cookies_1,is_right_of,akita_black_bowl_1
pick_up_the_black_bowl_next_to_the_plate_and_place_it_on_the_plate,demo_12,30,agentview,akita_black_bowl_1,is_in_front_of,glazed_rim_porcelain_ramekin_1
pick_up_the_black_bowl_next_to_the_plate_and_place_it_on_the_plate,demo_12,30,agentview,glazed_rim_porcelain_ramekin_1,is_behind,akita_black_bowl_1
pick_up_the_black_bowl_next_to_the_plate_and_place_it_on_the_plate,demo_12,30,agentview,akita_black_bowl_1,is_behind,plate_1
pick_up_the_black_bowl_next_to_the_plate_and_place_it_on_the_plate,demo_12,35,agentview,akita_black_bowl_1,is_right_of,akita_black_bowl_2
pick_up_the_black_bowl_next_to_the_plate_and_place_it_on_the_plate,demo_12,35,agentview,akita_black_bowl_2,is_left_of,akita_black_bowl_1
pick_up_the_black_bowl_next_to_the_plate_and_place_it_on_the_plate,demo_12,35,agentview,akita_black_bowl_1,is_behind,cookies_1
pick_up_the_black_bowl_next_to_the_plate_and_place_it_on_the_plate,demo_12,35,agentview,cookies_1,is_in_front_of,akita_black_bowl_1
pick_up_the_black_bowl_next_to_the_plate_and_place_it_on_the_plate,demo_12,35,agentview,akita_black_bowl_1,is_left_of,glazed_rim_porcelain_ramekin_1
pick_up_the_black_bowl_next_to_the_plate_and_place_it_on_the_plate,demo_12,35,agentview,glazed_rim_porcelain_ramekin_1,is_right_of,akita_black_bowl_1
pick_up_the_black_bowl_next_to_the_plate_and_place_it_on_the_plate,demo_12,35,agentview,akita_black_bowl_1,is_right_of,plate_1
pick_up_the_black_bowl_next_to_the_plate_and_place_it_on_the_plate,demo_12,40,agentview,akita_black_bowl_1,is_left_of,akita_black_bowl_2
pick_up_the_black_bowl_next_to_the_plate_and_place_it_on_the_plate,demo_12,40,agentview,akita_black_bowl_2,is_right_of,akita_black_bowl_1
pick_up_the_black_bowl_next_to_the_plate_and_place_it_on_the_plate,demo_12,40,agentview,akita_black_bowl_1,is_left_of,cookies_1
pick_up_the_black_bowl_next_to_the_plate_and_place_it_on_the_plate,demo_12,40,agentview,cookies_1,is_right_of,akita_black_bowl_1
pick_up_the_black_bowl_next_to_the_plate_and_place_it_on_the_plate,demo_12,40,agentview,akita_black_bowl_1,is_left_of,glazed_rim_porcelain_ramekin_1
pick_up_the_black_bowl_next_to_the_plate_and_place_it_on_the_plate,demo_12,40,agentview,glazed_rim_porcelain_ramekin_1,is_right_of,akita_black_bowl_1
pick_up_the_black_bowl_next_to_the_plate_and_place_it_on_the_plate,demo_12,40,agentview,akita_black_bowl_1,is_left_of,plate_1
pick_up_the_black_bowl_next_to_the_plate_and_place_it_on_the_plate,demo_12,40,agentview,plate_1,is_right_of,akita_black_bowl_1
pick_up_the_black_bowl_next_to_the_plate_and_place_it_on_the_plate,demo_12,40,agentview,akita_black_bowl_1,is_left_of,wooden_cabinet_1
pick_up_the_black_bowl_next_to_the_plate_and_place_it_on_the_plate,demo_12,40,agentview,wooden_cabinet_1,is_right_of,akita_black_bowl_1
pick_up_the_black_bowl_next_to_the_plate_and_place_it_on_the_plate,demo_12,40,agentview,akita_black_bowl_1,is_left_of,flat_stove_1
pick_up_the_black_bowl_next_to_the_plate_and_place_it_on_the_plate,demo_12,40,agentview,flat_stove_1,is_right_of,akita_black_bowl_1
pick_up_the_black_bowl_next_to_the_plate_and_place_it_on_the_plate,demo_12,40,agentview,akita_black_bowl_2,is_behind,cookies_1
pick_up_the_black_bowl_next_to_the_plate_and_place_it_on_the_plate,demo_12,45,agentview,akita_black_bowl_1,is_left_of,akita_black_bowl_2
pick_up_the_black_bowl_next_to_the_plate_and_place_it_on_the_plate,demo_12,45,agentview,akita_black_bowl_2,is_right_of,akita_black_bowl_1
pick_up_the_black_bowl_next_to_the_plate_and_place_it_on_the_plate,demo_12,45,agentview,akita_black_bowl_1,is_left_of,cookies_1
pick_up_the_black_bowl_next_to_the_plate_and_place_it_on_the_plate,demo_12,45,agentview,cookies_1,is_right_of,akita_black_bowl_1
pick_up_the_black_bowl_next_to_the_plate_and_place_it_on_the_plate,demo_12,45,agentview,akita_black_bowl_1,is_behind,plate_1
pick_up_the_black_bowl_next_to_the_plate_and_place_it_on_the_plate,demo_12,45,agentview,plate_1,is_in_front_of,akita_black_bowl_1
pick_up_the_black_bowl_next_to_the_plate_and_place_it_on_the_plate,demo_12,45,agentview,akita_black_bowl_1,is_left_of,wooden_cabinet_1
pick_up_the_black_bowl_next_to_the_plate_and_place_it_on_the_plate,demo_12,45,agentview,wooden_cabinet_1,is_right_of,akita_black_bowl_1
pick_up_the_black_bowl_next_to_the_plate_and_place_it_on_the_plate,demo_12,45,agentview,akita_black_bowl_1,is_left_of,flat_stove_1
pick_up_the_black_bowl_next_to_the_plate_and_place_it_on_the_plate,demo_12,45,agentview,flat_stove_1,is_right_of,akita_black_bowl_1
pick_up_the_black_bowl_next_to_the_plate_and_place_it_on_the_plate,demo_12,45,agentview,akita_black_bowl_2,is_behind,cookies_1
pick_up_the_black_bowl_next_to_the_plate_and_place_it_on_the_plate,demo_12,45,agentview,cookies_1,is_in_front_of,akita_black_bowl_2
pick_up_the_black_bowl_next_to_the_plate_and_place_it_on_the_plate,demo_12,45,agentview,akita_black_bowl_2,is_right_of,plate_1
pick_up_the_black_bowl_next_to_the_plate_and_place_it_on_the_plate,demo_12,45,agentview,plate_1,is_left_of,akita_black_bowl_2
pick_up_the_black_bowl_next_to_the_plate_and_place_it_on_the_plate,demo_12,45,agentview,akita_black_bowl_2,is_left_of,wooden_cabinet_1
pick_up_the_black_bowl_next_to_the_plate_and_place_it_on_the_plate,demo_12,45,agentview,wooden_cabinet_1,is_right_of,akita_black_bowl_2
pick_up_the_black_bowl_next_to_the_plate_and_place_it_on_the_plate,demo_12,45,agentview,akita_black_bowl_2,is_on_top_of,flat_stove_1
pick_up_the_black_bowl_next_to_the_plate_and_place_it_on_the_plate,demo_12,45,agentview,flat_stove_1,is_below_of,akita_black_bowl_2
pick_up_the_black_bowl_next_to_the_plate_and_place_it_on_the_plate,demo_12,45,agentview,cookies_1,is_right_of,plate_1
pick_up_the_black_bowl_next_to_the_plate_and_place_it_on_the_plate,demo_12,45,agentview,plate_1,is_left_of,cookies_1
pick_up_the_black_bowl_next_to_the_plate_and_place_it_on_the_plate,demo_12,45,agentview,cookies_1,is_left_of,wooden_cabinet_1
pick_up_the_black_bowl_next_to_the_plate_and_place_it_on_the_plate,demo_12,45,agentview,wooden_cabinet_1,is_right_of,cookies_1
pick_up_the_black_bowl_next_to_the_plate_and_place_it_on_the_plate,demo_12,45,agentview,cookies_1,is_in_front_of,flat_stove_1
pick_up_the_black_bowl_next_to_the_plate_and_place_it_on_the_plate,demo_12,45,agentview,flat_stove_1,is_behind,cookies_1
pick_up_the_black_bowl_next_to_the_plate_and_place_it_on_the_plate,demo_12,50,agentview,akita_black_bowl_1,is_left_of,akita_black_bowl_2
pick_up_the_black_bowl_next_to_the_plate_and_place_it_on_the_plate,demo_12,50,agentview,akita_black_bowl_2,is_right_of,akita_black_bowl_1
pick_up_the_black_bowl_next_to_the_plate_and_place_it_on_the_plate,demo_12,50,agentview,akita_black_bowl_1,is_left_of,cookies_1
pick_up_the_black_bowl_next_to_the_plate_and_place_it_on_the_plate,demo_12,50,agentview,cookies_1,is_right_of,akita_black_bowl_1
pick_up_the_black_bowl_next_to_the_plate_and_place_it_on_the_plate,demo_12,50,agentview,akita_black_bowl_1,is_left_of,glazed_rim_porcelain_ramekin_1
pick_up_the_black_bowl_next_to_the_plate_and_place_it_on_the_plate,demo_12,50,agentview,glazed_rim_porcelain_ramekin_1,is_right_of,akita_black_bowl_1
pick_up_the_black_bowl_next_to_the_plate_and_place_it_on_the_plate,demo_12,50,agentview,akita_black_bowl_1,is_behind,plate_1
pick_up_the_black_bowl_next_to_the_plate_and_place_it_on_the_plate,demo_12,50,agentview,plate_1,is_in_front_of,akita_black_bowl_1
pick_up_the_black_bowl_next_to_the_plate_and_place_it_on_the_plate,demo_12,50,agentview,akita_black_bowl_1,is_left_of,wooden_cabinet_1
pick_up_the_black_bowl_next_to_the_plate_and_place_it_on_the_plate,demo_12,50,agentview,wooden_cabinet_1,is_right_of,akita_black_bowl_1
pick_up_the_black_bowl_next_to_the_plate_and_place_it_on_the_plate,demo_12,50,agentview,akita_black_bowl_1,is_left_of,flat_stove_1
pick_up_the_black_bowl_next_to_the_plate_and_place_it_on_the_plate,demo_12,50,agentview,flat_stove_1,is_right_of,akita_black_bowl_1
pick_up_the_black_bowl_next_to_the_plate_and_place_it_on_the_plate,demo_12,50,agentview,akita_black_bowl_2,is_behind,cookies_1
pick_up_the_black_bowl_next_to_the_plate_and_place_it_on_the_plate,demo_12,50,agentview,cookies_1,is_in_front_of,akita_black_bowl_2
pick_up_the_black_bowl_next_to_the_plate_and_place_it_on_the_plate,demo_12,50,agentview,akita_black_bowl_2,is_right_of,glazed_rim_porcelain_ramekin_1
pick_up_the_black_bowl_next_to_the_plate_and_place_it_on_the_plate,demo_12,50,agentview,glazed_rim_porcelain_ramekin_1,is_left_of,akita_black_bowl_2
pick_up_the_black_bowl_next_to_the_plate_and_place_it_on_the_plate,demo_12,50,agentview,akita_black_bowl_2,is_right_of,plate_1
pick_up_the_black_bowl_next_to_the_plate_and_place_it_on_the_plate,demo_12,50,agentview,plate_1,is_left_of,akita_black_bowl_2
pick_up_the_black_bowl_next_to_the_plate_and_place_it_on_the_plate,demo_12,50,agentview,akita_black_bowl_2,is_left_of,wooden_cabinet_1
pick_up_the_black_bowl_next_to_the_plate_and_place_it_on_the_plate,demo_12,50,agentview,wooden_cabinet_1,is_right_of,akita_black_bowl_2
pick_up_the_black_bowl_next_to_the_plate_and_place_it_on_the_plate,demo_12,50,agentview,akita_black_bowl_2,is_on_top_of,flat_stove_1
pick_up_the_black_bowl_next_to_the_plate_and_place_it_on_the_plate,demo_12,50,agentview,flat_stove_1,is_below_of,akita_black_bowl_2
pick_up_the_black_bowl_next_to_the_plate_and_place_it_on_the_plate,demo_12,50,agentview,cookies_1,is_in_front_of,glazed_rim_porcelain_ramekin_1
pick_up_the_black_bowl_next_to_the_plate_and_place_it_on_the_plate,demo_12,50,agentview,glazed_rim_porcelain_ramekin_1,is_behind,cookies_1
pick_up_the_black_bowl_next_to_the_plate_and_place_it_on_the_plate,demo_12,50,agentview,cookies_1,is_right_of,plate_1
pick_up_the_black_bowl_next_to_the_plate_and_place_it_on_the_plate,demo_12,50,agentview,plate_1,is_left_of,cookies_1
pick_up_the_black_bowl_next_to_the_plate_and_place_it_on_the_plate,demo_12,50,agentview,cookies_1,is_left_of,wooden_cabinet_1
pick_up_the_black_bowl_next_to_the_plate_and_place_it_on_the_plate,demo_12,50,agentview,wooden_cabinet_1,is_right_of,cookies_1
pick_up_the_black_bowl_next_to_the_plate_and_place_it_on_the_plate,demo_12,50,agentview,cookies_1,is_in_front_of,flat_stove_1
pick_up_the_black_bowl_next_to_the_plate_and_place_it_on_the_plate,demo_12,50,agentview,flat_stove_1,is_behind,cookies_1
pick_up_the_black_bowl_next_to_the_plate_and_place_it_on_the_plate,demo_12,50,agentview,glazed_rim_porcelain_ramekin_1,is_behind,plate_1
pick_up_the_black_bowl_next_to_the_plate_and_place_it_on_the_plate,demo_12,50,agentview,plate_1,is_in_front_of,glazed_rim_porcelain_ramekin_1
pick_up_the_black_bowl_next_to_the_plate_and_place_it_on_the_plate,demo_12,50,agentview,glazed_rim_porcelain_ramekin_1,is_left_of,wooden_cabinet_1
pick_up_the_black_bowl_next_to_the_plate_and_place_it_on_the_plate,demo_12,50,agentview,wooden_cabinet_1,is_right_of,glazed_rim_porcelain_ramekin_1
pick_up_the_black_bowl_next_to_the_plate_and_place_it_on_the_plate,demo_12,50,agentview,glazed_rim_porcelain_ramekin_1,is_left_of,flat_stove_1
pick_up_the_black_bowl_next_to_the_plate_and_place_it_on_the_plate,demo_12,50,agentview,flat_stove_1,is_right_of,glazed_rim_porcelain_ramekin_1
pick_up_the_black_bowl_next_to_the_plate_and_place_it_on_the_plate,demo_12,50,agentview,plate_1,is_left_of,wooden_cabinet_1
pick_up_the_black_bowl_next_to_the_plate_and_place_it_on_the_plate,demo_12,50,agentview,wooden_cabinet_1,is_right_of,plate_1
pick_up_the_black_bowl_next_to_the_plate_and_place_it_on_the_plate,demo_12,50,agentview,plate_1,is_left_of,flat_stove_1
pick_up_the_black_bowl_next_to_the_plate_and_place_it_on_the_plate,demo_12,50,agentview,flat_stove_1,is_right_of,plate_1
pick_up_the_black_bowl_next_to_the_plate_and_place_it_on_the_plate,demo_12,50,agentview,wooden_cabinet_1,is_right_of,flat_stove_1
pick_up_the_black_bowl_next_to_the_plate_and_place_it_on_the_plate,demo_12,50,agentview,flat_stove_1,is_left_of,wooden_cabinet_1
pick_up_the_black_bowl_next_to_the_plate_and_place_it_on_the_plate,demo_12,55,agentview,akita_black_bowl_1,is_left_of,akita_black_bowl_2
pick_up_the_black_bowl_next_to_the_plate_and_place_it_on_the_plate,demo_12,55,agentview,akita_black_bowl_2,is_right_of,akita_black_bowl_1
pick_up_the_black_bowl_next_to_the_plate_and_place_it_on_the_plate,demo_12,55,agentview,akita_black_bowl_1,is_left_of,cookies_1
pick_up_the_black_bowl_next_to_the_plate_and_place_it_on_the_plate,demo_12,55,agentview,cookies_1,is_right_of,akita_black_bowl_1
pick_up_the_black_bowl_next_to_the_plate_and_place_it_on_the_plate,demo_12,55,agentview,akita_black_bowl_1,is_left_of,glazed_rim_porcelain_ramekin_1
pick_up_the_black_bowl_next_to_the_plate_and_place_it_on_the_plate,demo_12,55,agentview,glazed_rim_porcelain_ramekin_1,is_right_of,akita_black_bowl_1
pick_up_the_black_bowl_next_to_the_plate_and_place_it_on_the_plate,demo_12,55,agentview,akita_black_bowl_1,is_left_of,plate_1
pick_up_the_black_bowl_next_to_the_plate_and_place_it_on_the_plate,demo_12,55,agentview,plate_1,is_right_of,akita_black_bowl_1
pick_up_the_black_bowl_next_to_the_plate_and_place_it_on_the_plate,demo_12,55,agentview,akita_black_bowl_1,is_left_of,wooden_cabinet_1
pick_up_the_black_bowl_next_to_the_plate_and_place_it_on_the_plate,demo_12,55,agentview,wooden_cabinet_1,is_right_of,akita_black_bowl_1
pick_up_the_black_bowl_next_to_the_plate_and_place_it_on_the_plate,demo_12,55,agentview,akita_black_bowl_1,is_left_of,flat_stove_1
pick_up_the_black_bowl_next_to_the_plate_and_place_it_on_the_plate,demo_12,55,agentview,flat_stove_1,is_right_of,akita_black_bowl_1
pick_up_the_black_bowl_next_to_the_plate_and_place_it_on_the_plate,demo_12,55,agentview,akita_black_bowl_2,is_behind,cookies_1
pick_up_the_black_bowl_next_to_the_plate_and_place_it_on_the_plate,demo_12,55,agentview,cookies_1,is_in_front_of,akita_black_bowl_2
pick_up_the_black_bowl_next_to_the_plate_and_place_it_on_the_plate,demo_12,55,agentview,akita_black_bowl_2,is_right_of,glazed_rim_porcelain_ramekin_1
pick_up_the_black_bowl_next_to_the_plate_and_place_it_on_the_plate,demo_12,55,agentview,glazed_rim_porcelain_ramekin_1,is_left_of,akita_black_bowl_2
pick_up_the_black_bowl_next_to_the_plate_and_place_it_on_the_plate,demo_12,55,agentview,akita_black_bowl_2,is_right_of,plate_1
pick_up_the_black_bowl_next_to_the_plate_and_place_it_on_the_plate,demo_12,55,agentview,plate_1,is_left_of,akita_black_bowl_2
pick_up_the_black_bowl_next_to_the_plate_and_place_it_on_the_plate,demo_12,55,agentview,akita_black_bowl_2,is_left_of,wooden_cabinet_1
pick_up_the_black_bowl_next_to_the_plate_and_place_it_on_the_plate,demo_12,60,agentview,akita_black_bowl_1,is_left_of,akita_black_bowl_2
pick_up_the_black_bowl_next_to_the_plate_and_place_it_on_the_plate,demo_12,60,agentview,akita_black_bowl_2,is_right_of,akita_black_bowl_1
pick_up_the_black_bowl_next_to_the_plate_and_place_it_on_the_plate,demo_12,60,agentview,akita_black_bowl_1,is_left_of,cookies_1
pick_up_the_black_bowl_next_to_the_plate_and_place_it_on_the_plate,demo_12,60,agentview,cookies_1,is_right_of,akita_black_bowl_1
pick_up_the_black_bowl_next_to_the_plate_and_place_it_on_the_plate,demo_12,60,agentview,akita_black_bowl_1,is_left_of,glazed_rim_porcelain_ramekin_1
pick_up_the_black_bowl_next_to_the_plate_and_place_it_on_the_plate,demo_12,60,agentview,glazed_rim_porcelain_ramekin_1,is_right_of,akita_black_bowl_1
pick_up_the_black_bowl_next_to_the_plate_and_place_it_on_the_plate,demo_12,60,agentview,akita_black_bowl_1,is_behind,plate_1
pick_up_the_black_bowl_next_to_the_plate_and_place_it_on_the_plate,demo_12,60,agentview,plate_1,is_in_front_of,akita_black_bowl_1
pick_up_the_black_bowl_next_to_the_plate_and_place_it_on_the_plate,demo_12,60,agentview,akita_black_bowl_1,is_left_of,wooden_cabinet_1
pick_up_the_black_bowl_next_to_the_plate_and_place_it_on_the_plate,demo_12,60,agentview,wooden_cabinet_1,is_right_of,akita_black_bowl_1
pick_up_the_black_bowl_next_to_the_plate_and_place_it_on_the_plate,demo_12,60,agentview,akita_black_bowl_1,is_left_of,flat_stove_1
pick_up_the_black_bowl_next_to_the_plate_and_place_it_on_the_plate,demo_12,60,agentview,flat_stove_1,is_right_of,akita_black_bowl_1
pick_up_the_black_bowl_next_to_the_plate_and_place_it_on_the_plate,demo_12,60,agentview,akita_black_bowl_2,is_behind,cookies_1
pick_up_the_black_bowl_next_to_the_plate_and_place_it_on_the_plate,demo_12,60,agentview,cookies_1,is_in_front_of,akita_black_bowl_2
pick_up_the_black_bowl_next_to_the_plate_and_place_it_on_the_plate,demo_12,60,agentview,akita_black_bowl_2,is_right_of,glazed_rim_porcelain_ramekin_1
pick_up_the_black_bowl_next_to_the_plate_and_place_it_on_the_plate,demo_12,60,agentview,glazed_rim_porcelain_ramekin_1,is_left_of,akita_black_bowl_2
pick_up_the_black_bowl_next_to_the_plate_and_place_it_on_the_plate,demo_12,60,agentview,akita_black_bowl_2,is_right_of,plate_1
pick_up_the_black_bowl_next_to_the_plate_and_place_it_on_the_plate,demo_12,60,agentview,plate_1,is_left_of,akita_black_bowl_2
pick_up_the_black_bowl_next_to_the_plate_and_place_it_on_the_plate,demo_12,60,agentview,akita_black_bowl_2,is_left_of,wooden_cabinet_1
pick_up_the_black_bowl_next_to_the_plate_and_place_it_on_the_plate,demo_12,60,agentview,wooden_cabinet_1,is_right_of,akita_black_bowl_2
pick_up_the_black_bowl_next_to_the_plate_and_place_it_on_the_plate,demo_12,60,agentview,akita_black_bowl_2,is_on_top_of,flat_stove_1
pick_up_the_black_bowl_next_to_the_plate_and_place_it_on_the_plate,demo_12,65,agentview,akita_black_bowl_1,is_left_of,akita_black_bowl_2
pick_up_the_black_bowl_next_to_the_plate_and_place_it_on_the_plate,demo_12,65,agentview,akita_black_bowl_2,is_right_of,akita_black_bowl_1
pick_up_the_black_bowl_next_to_the_plate_and_place_it_on_the_plate,demo_12,65,agentview,akita_black_bowl_1,is_left_of,cookies_1
pick_up_the_black_bowl_next_to_the_plate_and_place_it_on_the_plate,demo_12,65,agentview,cookies_1,is_right_of,akita_black_bowl_1
pick_up_the_black_bowl_next_to_the_plate_and_place_it_on_the_plate,demo_12,65,agentview,akita_black_bowl_1,is_left_of,glazed_rim_porcelain_ramekin_1
pick_up_the_black_bowl_next_to_the_plate_and_place_it_on_the_plate,demo_12,65,agentview,glazed_rim_porcelain_ramekin_1,is_right_of,akita_black_bowl_1
pick_up_the_black_bowl_next_to_the_plate_and_place_it_on_the_plate,demo_12,65,agentview,akita_black_bowl_1,is_behind,plate_1
pick_up_the_black_bowl_next_to_the_plate_and_place_it_on_the_plate,demo_12,65,agentview,plate_1,is_in_front_of,akita_black_bowl_1
pick_up_the_black_bowl_next_to_the_plate_and_place_it_on_the_plate,demo_12,65,agentview,akita_black_bowl_1,is_left_of,wooden_cabinet_1
pick_up_the_black_bowl_next_to_the_plate_and_place_it_on_the_plate,demo_12,65,agentview,wooden_cabinet_1,is_right_of,akita_black_bowl_1
pick_up_the_black_bowl_next_to_the_plate_and_place_it_on_the_plate,demo_12,70,agentview,plate_1,is_left_of,cookies_1
pick_up_the_black_bowl_next_to_the_plate_and_place_it_on_the_plate,demo_12,70,agentview,cookies_1,is_right_of,plate_1
pick_up_the_black_bowl_next_to_the_plate_and_place_it_on_the_plate,demo_12,70,agentview,plate_1,is_left_of,flat_stove_1
pick_up_the_black_bowl_next_to_the_plate_and_place_it_on_the_plate,demo_12,70,agentview,flat_stove_1,is_right_of,plate_1
pick_up_the_black_bowl_next_to_the_plate_and_place_it_on_the_plate,demo_12,70,agentview,plate_1,is_left_of,wooden_cabinet_1
pick_up_the_black_bowl_next_to_the_plate_and_place_it_on_the_plate,demo_12,70,agentview,wooden_cabinet_1,is_right_of,plate_1
pick_up_the_black_bowl_next_to_the_plate_and_place_it_on_the_plate,demo_12,70,agentview,plate_1,is_left_of,akita_black_bowl_1
pick_up_the_black_bowl_next_to_the_plate_and_place_it_on_the_plate,demo_12,70,agentview,akita_black_bowl_1,is_right_of,plate_1
pick_up_the_black_bowl_next_to_the_plate_and_place_it_on_the_plate,demo_12,70,agentview,cookies_1,is_in_front_of,flat_stove_1
pick_up_the_black_bowl_next_to_the_plate_and_place_it_on_the_plate,demo_12,70,agentview,flat_stove_1,is_behind,cookies_1
pick_up_the_black_bowl_next_to_the_plate_and_place_it_on_the_plate,demo_12,70,agentview,cookies_1,is_left_of,wooden_cabinet_1
pick_up_the_black_bowl_next_to_the_plate_and_place_it_on_the_plate,demo_12,70,agentview,wooden_cabinet_1,is_right_of,cookies_1
pick_up_the_black_bowl_next_to_the_plate_and_place_it_on_the_plate,demo_12,70,agentview,cookies_1,is_in_front_of,akita_black_bowl_1
pick_up_the_black_bowl_next_to_the_plate_and_place_it_on_the_plate,demo_12,70,agentview,akita_black_bowl_1,is_behind,cookies_1
pick_up_the_black_bowl_next_to_the_plate_and_place_it_on_the_plate,demo_12,70,agentview,flat_stove_1,is_left_of,wooden_cabinet_1
pick_up_the_black_bowl_next_to_the_plate_and_place_it_on_the_plate,demo_12,70,agentview,wooden_cabinet_1,is_right_of,flat_stove_1
pick_up_the_black_bowl_next_to_the_plate_and_place_it_on_the_plate,demo_12,70,agentview,flat_stove_1,is_below_of,akita_black_bowl_1
pick_up_the_black_bowl_next_to_the_plate_and_place_it_on_the_plate,demo_12,70,agentview,akita_black_bowl_1,is_on_top_of,flat_stove_1
pick_up_the_black_bowl_next_to_the_plate_and_place_it_on_the_plate,demo_12,70,agentview,wooden_cabinet_1,is_right_of,akita_black_bowl_1
pick_up_the_black_bowl_next_to_the_plate_and_place_it_on_the_plate,demo_12,70,agentview,akita_black_bowl_1,is_left_of,wooden_cabinet_1
pick_up_the_black_bowl_next_to_the_plate_and_place_it_on_the_plate,demo_12,75,agentview,akita_black_bowl_2,is_on_top_of,flat_stove_1
pick_up_the_black_bowl_next_to_the_plate_and_place_it_on_the_plate,demo_12,75,agentview,flat_stove_1,is_below_of,akita_black_bowl_2
pick_up_the_black_bowl_next_to_the_plate_and_place_it_on_the_plate,demo_12,75,agentview,glazed_rim_porcelain_ramekin_1,is_behind,plate_1
pick_up_the_black_bowl_next_to_the_plate_and_place_it_on_the_plate,demo_12,75,agentview,plate_1,is_in_front_of,glazed_rim_porcelain_ramekin_1
pick_up_the_black_bowl_next_to_the_plate_and_place_it_on_the_plate,demo_12,75,agentview,glazed_rim_porcelain_ramekin_1,is_left_of,cookies_1
pick_up_the_black_bowl_next_to_the_plate_and_place_it_on_the_plate,demo_12,75,agentview,cookies_1,is_right_of,glazed_rim_porcelain_ramekin_1
pick_up_the_black_bowl_next_to_the_plate_and_place_it_on_the_plate,demo_12,75,agentview,glazed_rim_porcelain_ramekin_1,is_left_of,wooden_cabinet_1
pick_up_the_black_bowl_next_to_the_plate_and_place_it_on_the_plate,demo_12,80,agentview,akita_black_bowl_1,is_behind,plate_1
pick_up_the_black_bowl_next_to_the_plate_and_place_it_on_the_plate,demo_12,80,agentview,plate_1,is_in_front_of,akita_black_bowl_1
pick_up_the_black_bowl_next_to_the_plate_and_place_it_on_the_plate,demo_12,80,agentview,akita_black_bowl_1,is_left_of,cookies_1
pick_up_the_black_bowl_next_to_the_plate_and_place_it_on_the_plate,demo_12,80,agentview,cookies_1,is_right_of,akita_black_bowl_1
pick_up_the_black_bowl_next_to_the_plate_and_place_it_on_the_plate,demo_12,80,agentview,akita_black_bowl_1,is_left_of,wooden_cabinet_1
pick_up_the_black_bowl_next_to_the_plate_and_place_it_on_the_plate,demo_12,80,agentview,wooden_cabinet_1,is_right_of,akita_black_bowl_1
pick_up_the_black_bowl_next_to_the_plate_and_place_it_on_the_plate,demo_12,80,agentview,akita_black_bowl_1,is_left_of,flat_stove_1
pick_up_the_black_bowl_next_to_the_plate_and_place_it_on_the_plate,demo_12,80,agentview,flat_stove_1,is_right_of,akita_black_bowl_1
pick_up_the_black_bowl_next_to_the_plate_and_place_it_on_the_plate,demo_12,80,agentview,akita_black_bowl_1,is_left_of,akita_black_bowl_2
pick_up_the_black_bowl_next_to_the_plate_and_place_it_on_the_plate,demo_12,80,agentview,akita_black_bowl_2,is_right_of,akita_black_bowl_1
pick_up_the_black_bowl_next_to_the_plate_and_place_it_on_the_plate,demo_12,80,agentview,akita_black_bowl_1,is_left_of,glazed_rim_porcelain_ramekin_1
pick_up_the_black_bowl_next_to_the_plate_and_place_it_on_the_plate,demo_12,80,agentview,glazed_rim_porcelain_ramekin_1,is_right_of,akita_black_bowl_1
pick_up_the_black_bowl_next_to_the_plate_and_place_it_on_the_plate,demo_12,80,agentview,plate_1,is_left_of,cookies_1
pick_up_the_black_bowl_next_to_the_plate_and_place_it_on_the_plate,demo_12,80,agentview,cookies_1,is_right_of,plate_1
pick_up_the_black_bowl_next_to_the_plate_and_place_it_on_the_plate,demo_12,80,agentview,plate_1,is_left_of,wooden_cabinet_1
pick_up_the_black_bowl_next_to_the_plate_and_place_it_on_the_plate,demo_12,80,agentview,wooden_cabinet_1,is_right_of,plate_1
pick_up_the_black_bowl_next_to_the_plate_and_place_it_on_the_plate,demo_12,80,agentview,plate_1,is_left_of,flat_stove_1
pick_up_the_black_bowl_next_to_the_plate_and_place_it_on_the_plate,demo_12,80,agentview,flat_stove_1,is_right_of,plate_1
pick_up_the_black_bowl_next_to_the_plate_and_place_it_on_the_plate,demo_12,80,agentview,plate_1,is_left_of,akita_black_bowl_2
pick_up_the_black_bowl_next_to_the_plate_and_place_it_on_the_plate,demo_12,80,agentview,akita_black_bowl_2,is_right_of,plate_1
pick_up_the_black_bowl_next_to_the_plate_and_place_it_on_the_plate,demo_12,80,agentview,plate_1,is_left_of,glazed_rim_porcelain_ramekin_1
pick_up_the_black_bowl_next_to_the_plate_and_place_it_on_the_plate,demo_12,80,agentview,glazed_rim_porcelain_ramekin_1,is_right_of,plate_1
pick_up_the_black_bowl_next_to_the_plate_and_place_it_on_the_plate,demo_12,80,agentview,cookies_1,is_left_of,wooden_cabinet_1
pick_up_the_black_bowl_next_to_the_plate_and_place_it_on_the_plate,demo_12,80,agentview,wooden_cabinet_1,is_right_of,cookies
pick_up_the_black_bowl_next_to_the_plate_and_place_it_on_the_plate,demo_12,85,agentview,akita_black_bowl_1,is_behind,plate_1
pick_up_the_black_bowl_next_to_the_plate_and_place_it_on_the_plate,demo_12,85,agentview,plate_1,is_in_front_of,akita_black_bowl_1
pick_up_the_black_bowl_next_to_the_plate_and_place_it_on_the_plate,demo_12,85,agentview,akita_black_bowl_1,is_left_of,cookies_1
pick_up_the_black_bowl_next_to_the_plate_and_place_it_on_the_plate,demo_12,85,agentview,cookies_1,is_right_of,akita_black_bowl_1
pick_up_the_black_bowl_next_to_the_plate_and_place_it_on_the_plate,demo_12,85,agentview,akita_black_bowl_1,is_left_of,flat_stove_1
pick_up_the_black_bowl_next_to_the_plate_and_place_it_on_the_plate,demo_12,85,agentview,flat_stove_1,is_right_of,akita_black_bowl_1
pick_up_the_black_bowl_next_to_the_plate_and_place_it_on_the_plate,demo_12,85,agentview,akita_black_bowl_1,is_left_of,akita_black_bowl_2
pick_up_the_black_bowl_next_to_the_plate_and_place_it_on_the_plate,demo_12,85,agentview,akita_black_bowl_2,is_right_of,akita_black_bowl_
pick_up_the_black_bowl_next_to_the_plate_and_place_it_on_the_plate,demo_12,90,agentview,akita_black_bowl_1,is_right_of,akita_black_bowl_2
pick_up_the_black_bowl_next_to_the_plate_and_place_it_on_the_plate,demo_12,90,agentview,akita_black_bowl_2,is_left_of,akita_black_bowl_1
pick_up_the_black_bowl_next_to_the_plate_and_place_it_on_the_plate,demo_12,90,agentview,akita_black_bowl_1,is_left_of,cookies_1
pick_up_the_black_bowl_next_to_the_plate_and_place_it_on_the_plate,demo_12,90,agentview,cookies_1,is_right_of,akita_black_bowl_1
pick_up_the_black_bowl_next_to_the_plate_and_place_it_on_the_plate,demo_12,90,agentview,akita_black_bowl_1,is_left_of,glazed_rim_porcelain_ramekin_1
pick_up_the_black_bowl_next_to_the_plate_and_place_it_on_the_plate,demo_12,90,agentview,glazed_rim_porcelain_ramekin_1,is_right_of,akita_black_bowl_1
pick_up_the_black_bowl_next_to_the_plate_and_place_it_on_the_plate,demo_12,90,agentview,akita_black_bowl_1,is_on_top_of,plate_1
pick_up_the_black_bowl_next_to_the_plate_and_place_it_on_the_plate,demo_12,90,agentview,plate_1,is_below_of,akita_black_bowl_1
pick_up_the_black_bowl_next_to_the_plate_and_place_it_on_the_plate,demo_12,90,agentview,akita_black_bowl_1,is_left_of,wooden_cabinet_1
pick_up_the_black_bowl_next_to_the_plate_and_place_it_on_the_plate,demo_12,90,agentview,wooden_cabinet_1,is_right_of,akita_black_bowl_1
pick_up_the_black_bowl_next_to_the_plate_and_place_it_on_the_plate,demo_12,90,agentview,akita_black_bowl_1,is_left_of,flat_stove_1
pick_up_the_black_bowl_next_to_the_plate_and_place_it_on_the_plate,demo_12,90,agentview,flat_stove_1,is_right_of,akita_black_bowl_1
pick_up_the_black_bowl_next_to_the_plate_and_place_it_on_the_plate,demo_12,90,agentview,akita_black_bowl_2,is_left_of,cookies_1
pick_up_the_black_bowl_next_to_the_plate_and_place_it_on_the_plate,demo_12,90,agentview,cookies_1,is_right_of,akita_black_bowl_2
pick_up_the_black_bowl_next_to_the_plate_and_place_it_on_the_plate,demo_12,90,agentview,akita_black_bowl_2,is_left_of,glazed_rim_porcelain_ramekin_1
pick_up_the_black_bowl_next_to_the_plate_and_place_it_on_the_plate,demo_12,90,agentview,glazed_rim_porcelain_ramekin_1,is_right_of,akita_black_bowl_2
pick_up_the_black_bowl_next_to_the_plate_and_place_it_on_the_plate,demo_12,90,agentview,akita_black_bowl_2,is_behind,plate_1
pick_up_the_black_bowl_next_to_the_plate_and_place_it_on_the_plate,demo_12,90,agentview,plate_1,is_in_front_of,akita_black_bowl_2
pick_up_the_black_bowl_next_to_the_plate_and_place_it_on_the_plate,demo_12,90,agentview,akita_black_bowl_2,is_left_of,wooden_cabinet_1
pick_up_the_black_bowl_next_to_the_plate_and_place_it_on_the_plate,demo_12,90,agentview,wooden_cabinet_1,is_right_of,akita_black_bowl_2
pick_up_the_black_bowl_next_to_the_plate_and_place_it_on_the_plate,demo_12,90,agentview,akita_black_bowl_2,is_left_of,flat_stove_1
pick_up_the_black_bowl_next_to_the_plate_and_place_it_on_the_plate,demo_12,90,agentview,flat_stove_1,is_right_of,akita_black_bowl_2
pick_up_the_black_bowl_next_to_the_plate_and_place_it_on_the_plate,demo_12,90,agentview,cookies_1,is_in_front_of,glazed_rim_porcelain_ramekin_1
pick_up_the_black_bowl_next_to_the_plate_and_place_it_on_the_plate,demo_12,90,agentview,glazed_rim_porcelain_ramekin_1,is_behind,cookies_1
pick_up_the_black_bowl_next_to_the_plate_and_place_it_on_the_plate,demo_12,90,agentview,cookies_1,is_right_of,plate_1
pick_up_the_black_bowl_next_to_the_plate_and_place_it_on_the_plate,demo_12,90,agentview,plate_1,is_left_of,cookies_1
pick_up_the_black_bowl_next_to_the_plate_and_place_it_on_the_plate,demo_12,90,agentview,cookies_1,is_left_of,wooden_cabinet_1
pick_up_the_black_bowl_next_to_the_plate_and_place_it_on_the_plate,demo_12,90,agentview,wooden_cabinet_1,is_right_of,cookies_1
pick_up_the_black_bowl_next_to_the_plate_and_place_it_on_the_plate,demo_12,90,agentview,cookies_1,is_in_front_of,flat_stove_1
pick_up_the_black_bowl_next_to_the_plate_and_place_it_on_the_plate,demo_12,90,agentview,flat_stove_1,is_behind,cookies_1
pick_up_the_black_bowl_next_to_the_plate_and_place_it_on_the_plate,demo_12,90,agentview,glazed_rim_porcelain_ramekin_1,is_right_of,plate_1
pick_up_the_black_bowl_next_to_the_plate_and_place_it_on_the_plate,demo_12,90,agentview,plate_1,is_left_of,glazed_rim_porcelain_ramekin_1
pick_up_the_black_bowl_next_to_the_plate_and_place_it_on_the_plate,demo_12,90,agentview,glazed_rim_porcelain_ramekin_1,is_left_of,wooden_cabinet_1
pick_up_the_black_bowl_next_to_the_plate_and_place_it_on_the_plate,demo_12,90,agentview,wooden_cabinet_1,is_right_of,glazed_rim_porcelain_ramekin_1
pick_up_the_black_bowl_next_to_the_plate_and_place_it_on_the_plate,demo_12,90,agentview,glazed_rim_porcelain_ramekin_1,is_on_top_of,flat_stove_1
pick_up_the_black_bowl_next_to_the_plate_and_place_it_on_the_plate,demo_12,90,agentview,flat_stove_1,is_below_of,glazed_rim_porcelain_ramekin_1
pick_up_the_black_bowl_next_to_the_plate_and_place_it_on_the_plate,demo_12,90,agentview,plate_1,is_left_of,wooden_cabinet_1
pick_up_the_black_bowl_next_to_the_plate_and_place_it_on_the_plate,demo_12,90,agentview,wooden_cabinet_1,is_right_of,plate_1
pick_up_the_black_bowl_next_to_the_plate_and_place_it_on_the_plate,demo_12,90,agentview,plate_1,is_left_of,flat_stove_1
pick_up_the_black_bowl_next_to_the_plate_and_place_it_on_the_plate,demo_12,90,agentview,flat_stove_1,is_right_of,plate_1
pick_up_the_black_bowl_next_to_the_plate_and_place_it_on_the_plate,demo_12,90,agentview,wooden_cabinet_1,is_right_of,flat_stove_1
pick_up_the_black_bowl_next_to_the_plate_and_place_it_on_the_plate,demo_12,90,agentview,flat_stove_1,is_left_of,wooden_cabinet_1
pick_up_the_black_bowl_next_to_the_plate_and_place_it_on_the_plate,demo_12,95,agentview,akita_black_bowl_1,is_behind,akita_black_bowl_2
pick_up_the_black_bowl_next_to_the_plate_and_place_it_on_the_plate,demo_12,95,agentview,akita_black_bowl_2,is_in_front_of,akita_black_bowl_1
pick_up_the_black_bowl_next_to_the_plate_and_place_it_on_the_plate,demo_12,95,agentview,akita_black_bowl_1,is_left_of,cookies_1
pick_up_the_black_bowl_next_to_the_plate_and_place_it_on_the_plate,demo_12,95,agentview,cookies_1,is_right_of,akita_black_bowl_1
pick_up_the_black_bowl_next_to_the_plate_and_place_it_on_the_plate,demo_12,95,agentview,akita_black_bowl_1,is_left_of,glazed_rim_porcelain_ramekin_1
pick_up_the_black_bowl_next_to_the_plate_and_place_it_on_the_plate,demo_12,95,agentview,glazed_rim_porcelain_ramekin_1,is_right_of,akita_black_bowl_1
pick_up_the_black_bowl_next_to_the_plate_and_place_it_on_the_plate,demo_12,95,agentview,akita_black_bowl_1,is_behind,plate_1
pick_up_the_black_bowl_next_to_the_plate_and_place_it_on_the_plate,demo_12,100,agentview,akita_black_bowl_1,is_right_of,akita_black_bowl_2
pick_up_the_black_bowl_next_to_the_plate_and_place_it_on_the_plate,demo_12,100,agentview,akita_black_bowl_2,is_left_of,akita_black_bowl_1
pick_up_the_black_bowl_next_to_the_plate_and_place_it_on_the_plate,demo_12,100,agentview,akita_black_bowl_1,is_left_of,cookies_1
pick_up_the_black_bowl_next_to_the_plate_and_place_it_on_the_plate,demo_12,100,agentview,cookies_1,is_right_of,akita_black_bowl_1
pick_up_the_black_bowl_next_to_the_plate_and_place_it_on_the_plate,demo_12,100,agentview,akita_black_bowl_1,is_left_of,glazed_rim_porcelain_ramekin_1
pick_up_the_black_bowl_next_to_the_plate_and_place_it_on_the_plate,demo_12,100,agentview,glazed_rim_porcelain_ramekin_1,is_right_of,akita_black_bowl_1
pick_up_the_black_bowl_next_to_the_plate_and_place_it_on_the_plate,demo_12,100,agentview,akita_black_bowl_1,is_behind,plate_1
pick_up_the_black_bowl_next_to_the_plate_and_place_it_on_the_plate,demo_12,105,agentview,akita_black_bowl_1,is_left_of,akita_black_bowl_2
pick_up_the_black_bowl_next_to_the_plate_and_place_it_on_the_plate,demo_12,105,agentview,akita_black_bowl_2,is_right_of,akita_black_bowl_1
pick_up_the_black_bowl_next_to_the_plate_and_place_it_on_the_plate,demo_12,105,agentview,akita_black_bowl_1,is_left_of,cookies_1
pick_up_the_black_bowl_next_to_the_plate_and_place_it_on_the_plate,demo_12,105,agentview,cookies_1,is_right_of,akita_black_bowl_1
pick_up_the_black_bowl_next_to_the_plate_and_place_it_on_the_plate,demo_12,105,agentview,akita_black_bowl_1,is_behind,glazed_rim_porcelain_ramekin_1
pick_up_the_black_bowl_next_to_the_plate_and_place_it_on_the_plate,demo_12,105,agentview,glazed_rim_porcelain_ramekin_1,is_in_front_of,akita_black_bowl_1
pick_up_the_black_bowl_next_to_the_plate_and_place_it_on_the_plate,demo_12,105,agentview,akita_black_bowl_1,is_behind,plate_1
pick_up_the_black_bowl_next_to_the_plate_and_place_it_on_the_plate,demo_12,105,agentview,plate_1,is_in_front_of,akita_black_bowl_1
pick_up_the_black_bowl_next_to_the_plate_and_place_it_on_the_plate,demo_12,105,agentview,akita_black_bowl_1,is_left_of,wooden_cabinet_1
pick_up_the_black_bowl_next_to_the_plate_and_place_it_on_the_plate,demo_12,105,agentview,wooden_cabinet_1,is_right_of,akita_black_bowl_1
pick_up_the_black_bowl_next_to_the_plate_and_place_it_on_the_plate,demo_12,105,agentview,akita_black_bowl_1,is_left_of,flat_stove_1
pick_up_the_black_bowl_next_to_the_plate_and_place_it_on_the_plate,demo_12,105,agentview,flat_stove_1,is_right_of,akita_black_bowl_1
pick_up_the_black_bowl_next_to_the_plate_and_place_it_on_the_plate,demo_12,105,agentview,akita_black_bowl_2,is_behind,cookies_1
pick_up_the_black_bowl_next_to_the_plate_and_place_it_on_the_plate,demo_12,105,agentview,cookies_1,is_in_front_of,akita_black_bowl_2
pick_up_the_black_bowl_next_to_the_plate_and_place_it_on_the_plate,demo_12,105,agentview,akita_black_bowl_2,is_right_of,glazed_rim_porcelain_ramekin_1
pick_up_the_black_bowl_next_to_the_plate_and_place_it_on_the_plate,demo_12,105,agentview,glazed_rim_porcelain_ramekin_1,is_left_of,akita_black_bowl_2
pick_up_the_black_bowl_next_to_the_plate_and_place_it_on_the_plate,demo_12,105,agentview,akita_black_bowl_2,is_right_of,plate_1
pick_up_the_black_bowl_next_to_the_plate_and_place_it_on_the_plate,demo_12,105,agentview,plate_1,is_left_of,akita_black_bowl_2
pick_up_the_black_bowl_next_to_the_plate_and_place_it_on_the_plate,demo_12,105,agentview,akita_black_bowl_2,is_left_of,wooden_cabinet_1
pick_up_the_black_bowl_next_to_the_plate_and_place_it_on_the_plate,demo_12,105,agentview,wooden_cabinet_1,is_right_of,akita_black_bowl_2
pick_up_the_black_bowl_next_to_the_plate_and_place_it_on_the_plate,demo_12,105,agentview,akita_black_bowl_2,is_on_top_of,flat_stove_1
pick_up_the_black_bowl_next_to_the_plate_and_place_it_on_the_plate,demo_12,105,agentview,flat_stove_1,is_below_of,akita_black_bowl_2
pick_up_the_black_bowl_next_to_the_plate_and_place_it_on_the_plate,demo_12,105,agentview,cookies_1,is_right_of,glazed_rim_porcelain_ramekin_1
pick_up_the_black_bowl_next_to_the_plate_and_place_it_on_the_plate,demo_12,105,agentview,glazed_rim_porcelain_ramekin_1,is_left_of,cookies_1
pick_up_the_black_bowl_next_to_the_plate_and_place_it_on_the_plate,demo_12,105,agentview,cookies_1,is_right_of,plate_1
pick_up_the_black_bowl_next_to_the_plate_and_place_it_on_the_plate,demo_12,105,agentview,plate_1,is_left_of,cookies_1
pick_up_the_black_bowl_next_to_the_plate_and_place_it_on_the_plate,demo_12,105,agentview,cookies_1,is_left_of,wooden_cabinet_1
pick_up_the_black_bowl_next_to_the_plate_and_place_it_on_the_plate,demo_12,105,agentview,wooden_cabinet_1,is_right_of,cookies_1
pick_up_the_black_bowl_next_to_the_plate_and_place_it_on_the_plate,demo_12,105,agentview,cookies_1,is_in_front_of,flat_stove_1
pick_up_the_black_bowl_next_to_the_plate_and_place_it_on_the_plate,demo_12,105,agentview,flat_stove_1,is_behind,cookies_1
pick_up_the_black_bowl_next_to_the_plate_and_place_it_on_the_plate,demo_12,105,agentview,glazed_rim_porcelain_ramekin_1,is_on_top_of,plate_1
pick_up_the_black_bowl_next_to_the_plate_and_place_it_on_the_plate,demo_12,105,agentview,plate_1,is_below_of,glazed_rim_porcelain_ramekin_1
pick_up_the_black_bowl_next_to_the_plate_and_place_it_on_the_plate,demo_12,105,agentview,glazed_rim_porcelain_ramekin_1,is_left_of,wooden_cabinet_1
pick_up_the_black_bowl_next_to_the_plate_and_place_it_on_the_plate,demo_12,105,agentview,wooden_cabinet_1,is_right_of,glazed_rim_porcelain_ramekin_1
pick_up_the_black_bowl_next_to_the_plate_and_place_it_on_the_plate,demo_12,105,agentview,glazed_rim_porcelain_ramekin_1,is_left_of,flat_stove_1
pick_up_the_black_bowl_next_to_the_plate_and_place_it_on_the_plate,demo_12,105,agentview,flat_stove_1,is_right_of,glazed_rim_porcelain_ramekin_1
pick_up_the_black_bowl_next_to_the_plate_and_place_it_on_the_plate,demo_12,105,agentview,plate_1,is_left_of,wooden_cabinet_1
pick_up_the_black_bowl_next_to_the_plate_and_place_it_on_the_plate,demo_12,105,agentview,wooden_cabinet_1,is_right_of,plate_1
pick_up_the_black_bowl_next_to_the_plate_and_place_it_on_the_plate,demo_12,105,agentview,plate_1,is_left_of,flat_stove_1
pick_up_the_black_bowl_next_to_the_plate_and_place_it_on_the_plate,demo_12,105,agentview,flat_stove_1,is_right_of,plate_1
pick_up_the_black_bowl_next_to_the_plate_and_place_it_on_the_plate,demo_12,105,agentview,wooden_cabinet_1,is_right_of,flat_stove_1
pick_up_the_black_bowl_next_to_the_plate_and_place_it_on_the_plate,demo_12,105,agentview,flat_stove_1,is_left_of,wooden_cabinet_1
pick_up_the_black_bowl_next_to_the_plate_and_place_it_on_the_plate,demo_13,0,agentview,akita_black_bowl_1,is_behind,akita_black_bowl_2
pick_up_the_black_bowl_next_to_the_plate_and_place_it_on_the_plate,demo_13,0,agentview,akita_black_bowl_2,is_in_front_of,akita_black_bowl_1
pick_up_the_black_bowl_next_to_the_plate_and_place_it_on_the_plate,demo_13,0,agentview,akita_black_bowl_1,is_left_of,cookies_1
pick_up_the_black_bowl_next_to_the_plate_and_place_it_on_the_plate,demo_13,0,agentview,cookies_1,is_right_of,akita_black_bowl_1
pick_up_the_black_bowl_next_to_the_plate_and_place_it_on_the_plate,demo_13,0,agentview,akita_black_bowl_1,is_left_of,glazed_rim_porcelain_ramekin_1
pick_up_the_black_bowl_next_to_the_plate_and_place_it_on_the_plate,demo_13,0,agentview,glazed_rim_porcelain_ramekin_1,is_right_of,akita_black_bowl_1
pick_up_the_black_bowl_next_to_the_plate_and_place_it_on_the_plate,demo_13,0,agentview,akita_black_bowl_1,is_behind,plate_1
pick_up_the_black_bowl_next_to_the_plate_and_place_it_on_the_plate,demo_13,0,agentview,plate_1,is_in_front_of,akita_black_bowl_1
pick_up_the_black_bowl_next_to_the_plate_and_place_it_on_the_plate,demo_13,0,agentview,akita_black_bowl_1,is_left_of,wooden_cabinet_1
pick_up_the_black_bowl_next_to_the_plate_and_place_it_on_the_plate,demo_13,0,agentview,wooden_cabinet_1,is_right_of,akita_black_bowl_1
pick_up_the_black_bowl_next_to_the_plate_and_place_it_on_the_plate,demo_13,0,agentview,akita_black_bowl_1,is_left_of,flat_stove_1
pick_up_the_black_bowl_next_to_the_plate_and_place_it_on_the_plate,demo_13,0,agentview,flat_stove_1,is_right_of,akita_black_bowl_1
pick_up_the_black_bowl_next_to_the_plate_and_place_it_on_the_plate,demo_13,0,agentview,akita_black_bowl_2,is_left_of,cookies_1
pick_up_the_black_bowl_next_to_the_plate_and_place_it_on_the_plate,demo_13,0,agentview,cookies_1,is_right_of,akita_black_bowl_2
pick_up_the_black_bowl_next_to_the_plate_and_place_it_on_the_plate,demo_13,0,agentview,akita_black_bowl_2,is_left_of,glazed_rim_porcelain_ramekin_1
pick_up_the_black_bowl_next_to_the_plate_and_place_it_on_the_plate,demo_13,0,agentview,glazed_rim_porcelain_ramekin_1,is_right_of,akita_black_bowl_2
pick_up_the_black_bowl_next_to_the_plate_and_place_it_on_the_plate,demo_13,0,agentview,akita_black_bowl_2,is_left_of,plate_1
pick_up_the_black_bowl_next_to_the_plate_and_place_it_on_the_plate,demo_13,0,agentview,plate_1,is_right_of,akita_black_bowl_2
pick_up_the_black_bowl_next_to_the_plate_and_place_it_on_the_plate,demo_13,0,agentview,akita_black_bowl_2,is_left_of,wooden_cabinet_1
pick_up_the_black_bowl_next_to_the_plate_and_place_it_on_the_plate,demo_13,0,agentview,wooden_cabinet_1,is_right_of,akita_black_bowl_2
pick_up_the_black_bowl_next_to_the_plate_and_place_it_on_the_plate,demo_13,0,agentview,akita_black_bowl_2,is_left_of,flat_stove_1
pick_up_the_black_bowl_next_to_the_plate_and_place_it_on_the_plate,demo_13,0,agentview,flat_stove_1,is_right_of,akita_black_bowl_2
pick_up_the_black_bowl_next_to_the_plate_and_place_it_on_the_plate,demo_13,0,agentview,cookies_1,is_in_front_of,glazed_rim_porcelain_ramekin_1
pick_up_the_black_bowl_next_to_the_plate_and_place_it_on_the_plate,demo_13,0,agentview,glazed_rim_porcelain_ramekin_1,is_behind,cookies_1
pick_up_the_black_bowl_next_to_the_plate_and_place_it_on_the_plate,demo_13,0,agentview,cookies_1,is_right_of,plate_1
pick_up_the_black_bowl_next_to_the_plate_and_place_it_on_the_plate,demo_13,0,agentview,plate_1,is_left_of,cookies_1
pick_up_the_black_bowl_next_to_the_plate_and_place_it_on_the_plate,demo_13,0,agentview,cookies_1,is_left_of,wooden_cabinet_1
pick_up_the_black_bowl_next_to_the_plate_and_place_it_on_the_plate,demo_13,0,agentview,wooden_cabinet_1,is_right_of,cookies_1
pick_up_the_black_bowl_next_to_the_plate_and_place_it_on_the_plate,demo_13,0,agentview,cookies_1,is_in_front_of,flat_stove_1
pick_up_the_black_bowl_next_to_the_plate_and_place_it_on_the_plate,demo_13,0,agentview,flat_stove_1,is_behind,cookies_1
pick_up_the_black_bowl_next_to_the_plate_and_place_it_on_the_plate,demo_13,0,agentview,glazed_rim_porcelain_ramekin_1,is_behind,plate_1
pick_up_the_black_bowl_next_to_the_plate_and_place_it_on_the_plate,demo_13,0,agentview,plate_1,is_in_front_of,glazed_rim_porcelain_ramekin_1
pick_up_the_black_bowl_next_to_the_plate_and_place_it_on_the_plate,demo_13,5,agentview,akita_black_bowl_1,is_behind,akita_black_bowl_2
pick_up_the_black_bowl_next_to_the_plate_and_place_it_on_the_plate,demo_13,5,agentview,akita_black_bowl_1,is_left_of,cookies_1
pick_up_the_black_bowl_next_to_the_plate_and_place_it_on_the_plate,demo_13,5,agentview,akita_black_bowl_1,is_left_of,glazed_rim_porcelain_ramekin_1
pick_up_the_black_bowl_next_to_the_plate_and_place_it_on_the_plate,demo_13,5,agentview,akita_black_bowl_1,is_behind,plate_1
pick_up_the_black_bowl_next_to_the_plate_and_place_it_on_the_plate,demo_13,5,agentview,akita_black_bowl_1,is_left_of,wooden_cabinet_1
pick_up_the_black_bowl_next_to_the_plate_and_place_it_on_the_plate,demo_13,5,agentview,akita_black_bowl_1,is_left_of,flat_stove_1
pick_up_the_black_bowl_next_to_the_plate_and_place_it_on_the_plate,demo_13,5,agentview,akita_black_bowl_2,is_in_front_of,akita_black_bowl_1
pick_up_the_black_bowl_next_to_the_plate_and_place_it_on_the_plate,demo_13,5,agentview,akita_black_bowl_2,is_left_of,cookies_1
pick_up_the_black_bowl_next_to_the_plate_and_place_it_on_the_plate,demo_13,5,agentview,akita_black_bowl_2,is_in_front_of,glazed_rim_porcelain_ramekin_1
pick_up_the_black_bowl_next_to_the_plate_and_place_it_on_the_plate,demo_13,5,agentview,akita_black_bowl_2,is_left_of,plate_1
pick_up_the_black_bowl_next_to_the_plate_and_place_it_on_the_plate,demo_13,5,agentview,akita_black_bowl_2,is_left_of,wooden_cabinet_1
pick_up_the_black_bowl_next_to_the_plate_and_place_it_on_the_plate,demo_13,5,agentview,akita_black_bowl_2,is_left_of,flat_stove_1
pick_up_the_black_bowl_next_to_the_plate_and_place_it_on_the_plate,demo_13,5,agentview,cookies_1,is_right_of,akita_black_bowl_1
pick_up_the_black_bowl_next_to_the_plate_and_place_it_on_the_plate,demo_13,5,agentview,cookies_1,is_right_of,akita_black_bowl_2
pick_up_the_black_bowl_next_to_the_plate_and_place_it_on_the_plate,demo_13,5,agentview,cookies_1,is_in_front_of,glazed_rim_porcelain_ramekin_1
pick_up_the_black_bowl_next_to_the_plate_and_place_it_on_the_plate,demo_13,5,agentview,cookies_1,is_right_of,plate_1
pick_up_the_black_bowl_next_to_the_plate_and_place_it_on_the_plate,demo_13,5,agentview,cookies_1,is_left_of,wooden_cabinet_1
pick_up_the_black_bowl_next_to_the_plate_and_place_it_on_the_plate,demo_13,5,agentview,cookies_1,is_in_front_of,flat_stove_1
pick_up_the_black_bowl_next_to_the_plate_and_place_it_on_the_plate,demo_13,5,agentview,glazed_rim_porcelain_ramekin_1,is_right_of,akita_black_bowl_1
pick_up_the_black_bowl_next_to_the_plate_and_place_it_on_the_plate,demo_13,5,agentview,glazed_rim_porcelain_ramekin_1,is_behind,akita_black_bowl_2
pick_up_the_black_bowl_next_to_the_plate_and_place_it_on_the_plate,demo_13,5,agentview,glazed_rim_porcelain_ramekin_1,is_behind,cookies_1
pick_up_the_black_bowl_next_to_the_plate_and_place_it_on_the_plate,demo_13,5,agentview,glazed_rim_porcelain_ramekin_1,is_behind,plate_1
pick_up_the_black_bowl_next_to_the_plate_and_place_it_on_the_plate,demo_13,5,agentview,glazed_rim_porcelain_ramekin_1,is_left_of,wooden_cabinet_1
pick_up_the_black_bowl_next_to_the_plate_and_place_it_on_the_plate,demo_13,5,agentview,glazed_rim_porcelain_ramekin_1,is_left_of,flat_stove_1
pick_up_the_black_bowl_next_to_the_plate_and_place_it_on_the_plate,demo_13,5,agentview,plate_1,is_in_front_of,akita_black_bowl_1
pick_up_the_black_bowl_next_to_the_plate_and_place_it_on_the_plate,demo_13,5,agentview,plate_1,is_right_of,akita_black_bowl_2
pick_up_the_black_bowl_next_to_the_plate_and_place_it_on_the_plate,demo_13,5,agentview,plate_1,is_left_of,cookies_1
pick_up_the_black_bowl_next_to_the_plate_and_place_it_on_the_plate,demo_13,5,agentview,plate_1,is_in_front_of,glazed_rim_porcelain_ramekin_1
pick_up_the_black_bowl_next_to_the_plate_and_place_it_on_the_plate,demo_13,5,agentview,plate_1,is_left_of,wooden_cabinet_1
pick_up_the_black_bowl_next_to_the_plate_and_place_it_on_the_plate,demo_13,5,agentview,plate_1,is_left_of,flat_stove_1
pick_up_the_black_bowl_next_to_the_plate_and_place_it_on_the_plate,demo_13,5,agentview,wooden_cabinet_1,is_right_of,akita_black_bowl_1
pick_up_the_black_bowl_next_to_the_plate_and_place_it_on_the_plate,demo_13,5,agentview,wooden_cabinet_1,is_right_of,akita_black_bowl
pick_up_the_black_bowl_next_to_the_plate_and_place_it_on_the_plate,demo_13,10,agentview,akita_black_bowl_1,is_behind,akita_black_bowl_2
pick_up_the_black_bowl_next_to_the_plate_and_place_it_on_the_plate,demo_13,10,agentview,akita_black_bowl_2,is_in_front_of,akita_black_bowl_1
pick_up_the_black_bowl_next_to_the_plate_and_place_it_on_the_plate,demo_13,10,agentview,akita_black_bowl_1,is_left_of,cookies_1
pick_up_the_black_bowl_next_to_the_plate_and_place_it_on_the_plate,demo_13,10,agentview,cookies_1,is_right_of,akita_black_bowl_1
pick_up_the_black_bowl_next_to_the_plate_and_place_it_on_the_plate,demo_13,10,agentview,akita_black_bowl_1,is_left_of,glazed_rim_porcelain_ramekin_1
pick_up_the_black_bowl_next_to_the_plate_and_place_it_on_the_plate,demo_13,10,agentview,glazed_rim_porcelain_ramekin_1,is_right_of,akita_black_bowl_1
pick_up_the_black_bowl_next_to_the_plate_and_place_it_on_the_plate,demo_13,10,agentview,akita_black_bowl_1,is_behind,plate_1
pick_up_the_black_bowl_next_to_the_plate_and_place_it_on_the_plate,demo_13,10,agentview,plate_1,is_in_front_of,akita_black_bowl_1
pick_up_the_black_bowl_next_to_the_plate_and_place_it_on_the_plate,demo_13,10,agentview,akita_black_bowl_1,is_left_of,wooden_cabinet_1
pick_up_the_black_bowl_next_to_the_plate_and_place_it_on_the_plate,demo_13,10,agentview,wooden_cabinet_1,is_right_of,akita_black_bowl_1
pick_up_the_black_bowl_next_to_the_plate_and_place_it_on_the_plate,demo_13,10,agentview,akita_black_bowl_1,is_left_of,flat_stove_1
pick_up_the_black_bowl_next_to_the_plate_and_place_it_on_the_plate,demo_13,10,agentview,flat_stove_1,is_right_of,akita_black_bowl_1
pick_up_the_black_bowl_next_to_the_plate_and_place_it_on_the_plate,demo_13,10,agentview,akita_black_bowl_2,is_left_of,cookies_1
pick_up_the_black_bowl_next_to_the_plate_and_place_it_on_the_plate,demo_13,10,agentview,cookies_1,is_right_of,akita_black_bowl_2
pick_up_the_black_bowl_next_to_the_plate_and_place_it_on_the_plate,demo_13,10,agentview,akita_black_bowl_2,is_left_of,glazed_rim_porcelain_ramekin_1
pick_up_the_black_bowl_next_to_the_plate_and_place_it_on_the_plate,demo_13,10,agentview,glazed_rim_porcelain_ramekin_1,is_right_of,akita_black_bowl_2
pick_up_the_black_bowl_next_to_the_plate_and_place_it_on_the_plate,demo_13,10,agentview,akita_black_bowl_2,is_left_of,plate_1
pick_up_the_black_bowl_next_to_the_plate_and_place_it_on_the_plate,demo_13,10,agentview,plate_1,is_right_of,akita_black_bowl_2
pick_up_the_black_bowl_next_to_the_plate_and_place_it_on_the_plate,demo_13,10,agentview,akita_black_bowl_2,is_left_of,wooden_cabinet_1
pick_up_the_black_bowl_next_to_the_plate_and_place_it_on_the_plate,demo_13,10,agentview,wooden_cabinet_1,is_right_of,akita_black_bowl_2
pick_up_the_black_bowl_next_to_the_plate_and_place_it_on_the_plate,demo_13,10,agentview,akita_black_bowl_2,is_left_of,flat_stove_1
pick_up_the_black_bowl_next_to_the_plate_and_place_it_on_the_plate,demo_13,10,agentview,flat_stove_1,is_right_of,akita_black_bowl_2
pick_up_the_black_bowl_next_to_the_plate_and_place_it_on_the_plate,demo_13,10,agentview,cookies_1,is_in_front_of,glazed_rim_porcelain_ramekin_1
pick_up_the_black_bowl_next_to_the_plate_and_place_it_on_the_plate,demo_13,10,agentview,glazed_rim_porcelain_ramekin_1,is_behind,cookies_1
pick_up_the_black_bowl_next_to_the_plate_and_place_it_on_the_plate,demo_13,10,agentview,cookies_1,is_right_of,plate_1
pick_up_the_black_bowl_next_to_the_plate_and_place_it_on_the_plate,demo_13,10,agentview,plate_1,is_left_of,cookies_1
pick_up_the_black_bowl_next_to_the_plate_and_place_it_on_the_plate,demo_13,10,agentview,cookies_1,is_left_of,wooden_cabinet_1
pick_up_the_black_bowl_next_to_the_plate_and_place_it_on_the_plate,demo_13,10,agentview,wooden_cabinet_1,is_right_of,cookies_1
pick_up_the_black_bowl_next_to_the_plate_and_place_it_on_the_plate,demo_13,10,agentview,cookies_1,is_in_front_of,flat_stove_1
pick_up_the_black_bowl_next_to_the_plate_and_place_it_on_the_plate,demo_13,10,agentview,flat_stove_1,is_behind,cookies_1
pick_up_the_black_bowl_next_to_the_plate_and_place_it_on_the_plate,demo_13,10,agentview,glazed_rim_porcelain_ramekin_1,is_behind,plate_1
pick_up_the_black_bowl_next_to_the_plate_and_place_it_on_the_plate,demo_13,10,agentview,plate_1,is_in_front_of,glazed_rim_porcelain_ramekin_1
pick_up_the_black_bowl_next_to_the_plate_and_place_it_on_the_plate,demo_13,10,agentview,glazed_rim_porcelain_ramekin_1,is_left_of,wooden_cabinet_1
pick_up_the_black_bowl_next_to_the_plate_and_place_it_on_the_plate,demo_13,10,agentview,wooden_cabinet_1,is_right_of,glazed_rim_porcelain_ramekin_1
pick_up_the_black_bowl_next_to_the_plate_and_place_it_on_the_plate,demo_13,10,agentview,glazed_rim_porcelain_ramekin_1,is_left_of,flat_stove_1
pick_up_the_black_bowl_next_to_the_plate_and_place_it_on_the_plate,demo_13,10,agentview,flat_stove_1,is_right_of,glazed_rim_porcelain_ramekin_1
pick_up_the_black_bowl_next_to_the_plate_and_place_it_on_the_plate,demo_13,10,agentview,plate_1,is_left_of,wooden_cabinet_1
pick_up_the_black_bowl_next_to_the_plate_and_place_it_on_the_plate,demo_13,10,agentview,wooden_cabinet_1,is_right_of,plate_1
pick_up_the_black_bowl_next_to_the_plate_and_place_it_on_the_plate,demo_13,10,agentview,plate_1,is_left_of,flat_stove_1
pick_up_the_black_bowl_next_to_the_plate_and_place_it_on_the_plate,demo_13,10,agentview,flat_stove_1,is_right_of,plate_1
pick_up_the_black_bowl_next_to_the_plate_and_place_it_on_the_plate,demo_13,10,agentview,wooden_cabinet_1,is_right_of,flat_stove_1
pick_up_the_black_bowl_next_to_the_plate_and_place_it_on_the_plate,demo_13,10,agentview,flat_stove_1,is_left_of,wooden_cabinet_1
pick_up_the_black_bowl_next_to_the_plate_and_place_it_on_the_plate,demo_13,15,agentview,akita_black_bowl_1,is_behind,akita_black_bowl_2
pick_up_the_black_bowl_next_to_the_plate_and_place_it_on_the_plate,demo_13,15,agentview,akita_black_bowl_1,is_left_of,cookies_1
pick_up_the_black_bowl_next_to_the_plate_and_place_it_on_the_plate,demo_13,15,agentview,akita_black_bowl_1,is_left_of,glazed_rim_porcelain_ramekin_1
pick_up_the_black_bowl_next_to_the_plate_and_place_it_on_the_plate,demo_13,15,agentview,akita_black_bowl_1,is_behind,plate_1
pick_up_the_black_bowl_next_to_the_plate_and_place_it_on_the_plate,demo_13,15,agentview,akita_black_bowl_1,is_left_of,wooden_cabinet_1
pick_up_the_black_bowl_next_to_the_plate_and_place_it_on_the_plate,demo_13,15,agentview,akita_black_bowl_1,is_left_of,flat_stove_1
pick_up_the_black_bowl_next_to_the_plate_and_place_it_on_the_plate,demo_13,15,agentview,akita_black_bowl_2,is_in_front_of,akita_black_bowl_1
pick_up_the_black_bowl_next_to_the_plate_and_place_it_on_the_plate,demo_13,15,agentview,akita_black_bowl_2,is_left_of,cookies_1
pick_up_the_black_bowl_next_to_the_plate_and_place_it_on_the_plate,demo_13,15,agentview,akita_black_bowl_2,is_left_of,glazed_rim_porcelain_ramekin_1
pick_up_the_black_bowl_next_to_the_plate_and_place_it_on_the_plate,demo_13,15,agentview,akita_black_bowl_2,is_left_of,plate_1
pick_up_the_black_bowl_next_to_the_plate_and_place_it_on_the_plate,demo_13,15,agentview,akita_black_bowl_2,is_left_of,wooden_cabinet_1
pick_up_the_black_bowl_next_to_the_plate_and_place_it_on_the_plate,demo_13,20,agentview,akita_black_bowl_1,is_behind,akita_black_bowl_2
pick_up_the_black_bowl_next_to_the_plate_and_place_it_on_the_plate,demo_13,20,agentview,akita_black_bowl_2,is_in_front_of,akita_black_bowl_1
pick_up_the_black_bowl_next_to_the_plate_and_place_it_on_the_plate,demo_13,20,agentview,akita_black_bowl_1,is_left_of,cookies_1
pick_up_the_black_bowl_next_to_the_plate_and_place_it_on_the_plate,demo_13,20,agentview,cookies_1,is_right_of,akita_black_bowl_1
pick_up_the_black_bowl_next_to_the_plate_and_place_it_on_the_plate,demo_13,20,agentview,akita_black_bowl_1,is_left_of,glazed_rim_porcelain_ramekin_1
pick_up_the_black_bowl_next_to_the_plate_and_place_it_on_the_plate,demo_13,20,agentview,glazed_rim_porcelain_ramekin_1,is_right_of,akita_black_bowl_1
pick_up_the_black_bowl_next_to_the_plate_and_place_it_on_the_plate,demo_13,20,agentview,akita_black_bowl_1,is_behind,plate_1
pick_up_the_black_bowl_next_to_the_plate_and_place_it_on_the_plate,demo_13,20,agentview,plate_1,is_in_front_of,akita_black_bowl_1
pick_up_the_black_bowl_next_to_the_plate_and_place_it_on_the_plate,demo_13,20,agentview,akita_black_bowl_1,is_left_of,wooden_cabinet_1
pick_up_the_black_bowl_next_to_the_plate_and_place_it_on_the_plate,demo_13,20,agentview,wooden_cabinet_1,is_right_of,akita_black_bowl_1
pick_up_the_black_bowl_next_to_the_plate_and_place_it_on_the_plate,demo_13,20,agentview,akita_black_bowl_1,is_left_of,flat_stove_1
pick_up_the_black_bowl_next_to_the_plate_and_place_it_on_the_plate,demo_13,20,agentview,flat_stove_1,is_right_of,akita_black_bowl_1
pick_up_the_black_bowl_next_to_the_plate_and_place_it_on_the_plate,demo_13,20,agentview,akita_black_bowl_2,is_left_of,cookies_1
pick_up_the_black_bowl_next_to_the_plate_and_place_it_on_the_plate,demo_13,20,agentview,cookies_1,is_right_of,akita_black_bowl_2
pick_up_the_black_bowl_next_to_the_plate_and_place_it_on_the_plate,demo_13,20,agentview,akita_black_bowl_2,is_in_front_of,glazed_rim_porcelain_ramekin_1
pick_up_the_black_bowl_next_to_the_plate_and_place_it_on_the_plate,demo_13,20,agentview,glazed_rim_porcelain_ramekin_1,is_behind,akita_black_bowl_2
pick_up_the_black_bowl_next_to_the_plate_and_place_it_on_the_plate,demo_13,20,agentview,akita_black_bowl_2,is_left_of,plate_1
pick_up_the_black_bowl_next_to_the_plate_and_place_it_on_the_plate,demo_13,20,agentview,plate_1,is_right_of,akita_black_bowl_2
pick_up_the_black_bowl_next_to_the_plate_and_place_it_on_the_plate,demo_13,20,agentview,akita_black_bowl_2,is_left_of,wooden_cabinet_1
pick_up_the_black_bowl_next_to_the_plate_and_place_it_on_the_plate,demo_13,20,agentview,wooden_cabinet_1,is_right_of,akita_black_bowl_2
pick_up_the_black_bowl_next_to_the_plate_and_place_it_on_the_plate,demo_13,20,agentview,akita_black_bowl_2,is_left_of,flat_stove_1
pick_up_the_black_bowl_next_to_the_plate_and_place_it_on_the_plate,demo_13,20,agentview,flat_stove_1,is_right_of,akita_black_bowl_2
pick_up_the_black_bowl_next_to_the_plate_and_place_it_on_the_plate,demo_13,20,agentview,cookies_1,is_in_front_of,glazed_rim_porcelain_ramekin_1
pick_up_the_black_bowl_next_to_the_plate_and_place_it_on_the_plate,demo_13,20,agentview,glazed_rim_porcelain_ramekin_1,is_behind,cookies_1
pick_up_the_black_bowl_next_to_the_plate_and_place_it_on_the_plate,demo_13,20,agentview,cookies_1,is_right_of,plate_1
pick_up_the_black_bowl_next_to_the_plate_and_place_it_on_the_plate,demo_13,20,agentview,plate_1,is_left_of,cookies_1
pick_up_the_black_bowl_next_to_the_plate_and_place_it_on_the_plate,demo_13,20,agentview,cookies_1,is_left_of,wooden_cabinet_1
pick_up_the_black_bowl_next_to_the_plate_and_place_it_on_the_plate,demo_13,20,agentview,wooden_cabinet_1,is_right_of,cookies_1
pick_up_the_black_bowl_next_to_the_plate_and_place_it_on_the_plate,demo_13,20,agentview,cookies_1,is_in_front_of,flat_stove_1
pick_up_the_black_bowl_next_to_the_plate_and_place_it_on_the_plate,demo_13,20,agentview,flat_stove_1,is_behind,cookies_1
pick_up_the_black_bowl_next_to_the_plate_and_place_it_on_the_plate,demo_13,20,agentview,glazed_rim_porcelain_ramekin_1,is_behind,plate_1
pick_up_the_black_bowl_next_to_the_plate_and_place_it_on_the_plate,demo_13,20,agentview,plate_1,is_in_front_of,glazed_rim_porcelain_ramekin_1
pick_up_the_black_bowl_next_to_the_plate_and_place_it_on_the_plate,demo_13,20,agentview,glazed_rim_porcelain_ramekin_1,is_left_of,wooden_cabinet_1
pick_up_the_black_bowl_next_to_the_plate_and_place_it_on_the_plate,demo_13,20,agentview,wooden_cabinet_1,is_right_of,glazed_rim_porcelain_ramekin_1
pick_up_the_black_bowl_next_to_the_plate_and_place_it_on_the_plate,demo_13,20,agentview,glazed_rim_porcelain_ramekin_1,is_left_of,flat_stove_1
pick_up_the_black_bowl_next_to_the_plate_and_place_it_on_the_plate,demo_13,20,agentview,flat_stove_1,is_right_of,glazed_rim_porcelain_ramekin_1
pick_up_the_black_bowl_next_to_the_plate_and_place_it_on_the_plate,demo_13,20,agentview,plate_1,is_left_of,wooden_cabinet_1
pick_up_the_black_bowl_next_to_the_plate_and_place_it_on_the_plate,demo_13,20,agentview,wooden_cabinet_1,is_right_of,plate_1
pick_up_the_black_bowl_next_to_the_plate_and_place_it_on_the_plate,demo_13,20,agentview,plate_1,is_left_of,flat_stove_1
pick_up_the_black_bowl_next_to_the_plate_and_place_it_on_the_plate,demo_13,20,agentview,flat_stove_1,is_right_of,plate_1
pick_up_the_black_bowl_next_to_the_plate_and_place_it_on_the_plate,demo_13,20,agentview,wooden_cabinet_1,is_right_of,flat_stove_1
pick_up_the_black_bowl_next_to_the_plate_and_place_it_on_the_plate,demo_13,20,agentview,flat_stove_1,is_left_of,wooden_cabinet_1
pick_up_the_black_bowl_next_to_the_plate_and_place_it_on_the_plate,demo_13,25,agentview,akita_black_bowl_1,is_behind,akita_black_bowl_2
pick_up_the_black_bowl_next_to_the_plate_and_place_it_on_the_plate,demo_13,25,agentview,akita_black_bowl_2,is_in_front_of,akita_black_bowl_1
pick_up_the_black_bowl_next_to_the_plate_and_place_it_on_the_plate,demo_13,25,agentview,akita_black_bowl_1,is_behind,cookies_1
pick_up_the_black_bowl_next_to_the_plate_and_place_it_on_the_plate,demo_13,25,agentview,cookies_1,is_in_front_of,akita_black_bowl_1
pick_up_the_black_bowl_next_to_the_plate_and_place_it_on_the_plate,demo_13,25,agentview,akita_black_bowl_1,is_behind,plate_1
pick_up_the_black_bowl_next_to_the_plate_and_place_it_on_the_plate,demo_13,25,agentview,plate_1,is_in_front_of,akita_black_bowl_1
pick_up_the_black_bowl_next_to_the_plate_and_place_it_on_the_plate,demo_13,25,agentview,akita_black_bowl_1,is_left_of,wooden_cabinet_1
pick_up_the_black_bowl_next_to_the_plate_and_place_it_on_the_plate,demo_13,25,agentview,wooden_cabinet_1,is_right_of,akita
pick_up_the_black_bowl_next_to_the_plate_and_place_it_on_the_plate,demo_13,30,agentview,akita_black_bowl_1,is_on_top_of,flat_stove_1
pick_up_the_black_bowl_next_to_the_plate_and_place_it_on_the_plate,demo_13,30,agentview,flat_stove_1,is_below_of,akita_black_bowl_1
pick_up_the_black_bowl_next_to_the_plate_and_place_it_on_the_plate,demo_13,30,agentview,akita_black_bowl_1,is_right_of,akita_black_bowl_2
pick_up_the_black_bowl_next_to_the_plate_and_place_it_on_the_plate,demo_13,30,agentview,akita_black_bowl_2,is_left_of,akita_black_bowl_1
pick_up_the_black_bowl_next_to_the_plate_and_place_it_on_the_plate,demo_13,30,agentview,akita_black_bowl_1,is_right_of,glazed_rim_porcelain_ramekin_1
pick_up_the_black_bowl_next_to_the_plate_and_place_it_on_the_plate,demo_13,30,agentview,glazed_rim_porcelain_ramekin_1,is_left_of,akita_black_bowl_1
pick_up_the_black_bowl_next_to_the_plate_and_place_it_on_the_plate,demo_13,30,agentview,akita_black_bowl_1,is_right_of,plate_1
pick_up_the_black_bowl_next_to_the_plate_and_place_it_on_the_plate,demo_13,30,agentview,plate_1,is_left_of,akita_black_bowl_1
pick_up_the_black_bowl_next_to_the_plate_and_place_it_on_the_plate,demo_13,30,agentview,akita_black_bowl_1,is_behind,cookies_1
pick_up_the_black_bowl_next_to_the_plate_and_place_it_on_the_plate,demo_13,30,agentview,cookies_1,is_in_front_of,akita_black_bowl_1
pick_up_the_black_bowl_next_to_the_plate_and_place_it_on_the_plate,demo_13,30,agentview,akita_black_bowl_1,is_left_of,wooden_cabinet_1
pick_up_the_black_bowl_next_to_the_plate_and_place_it_on_the_plate,demo_13,30,agentview,wooden_cabinet_1,is_right_of,akita_black_bowl_1
pick_up_the_black_bowl_next_to_the_plate_and_place_it_on_the_plate,demo_13,30,agentview,akita_black_bowl_2,contains,glazed_rim_porcelain_ramekin_1
pick_up_the_black_bowl_next_to_the_plate_and_place_it_on_the_plate,demo_13,30,agentview,glazed_rim_porcelain_ramekin_1,is_inside,akita_black_bowl_2
pick_up_the_black_bowl_next_to_the_plate_and_place_it_on_the_plate,demo_13,30,agentview,akita_black_bowl_2,is_behind,plate_1
pick_up_the_black_bowl_next_to_the_plate_and_place_it_on_the_plate,demo_13,30,agentview,plate_1,is_in_front_of,akita_black_bowl_2
pick_up_the_black_bowl_next_to_the_plate_and_place_it_on_the_plate,demo_13,30,agentview,akita_black_bowl_2,is_left_of,cookies_1
pick_up_the_black_bowl_next_to_the_plate_and_place_it_on_the_plate,demo_13,30,agentview,cookies_1,is_right_of,akita_black_bowl_2
pick_up_the_black_bowl_next_to_the_plate_and_place_it_on_the_plate,demo_13,30,agentview,akita_black_bowl_2,is_left_of,wooden_cabinet_1
pick_up_the_black_bowl_next_to_the_plate_and_place_it_on_the_plate,demo_13,30,agentview,wooden_cabinet_1,is_right_of,akita_black_bowl_2
pick_up_the_black_bowl_next_to_the_plate_and_place_it_on_the_plate,demo_13,30,agentview,akita_black_bowl_2,is_left_of,flat_stove_1
pick_up_the_black_bowl_next_to_the_plate_and_place_it_on_the_plate,demo_13,30,agentview,flat_stove_1,is_right_of,akita_black_bowl_2
pick_up_the_black_bowl_next_to_the_plate_and_place_it_on_the_plate,demo_13,30,agentview,glazed_rim_porcelain_ramekin_1,is_behind,plate_1
pick_up_the_black_bowl_next_to_the_plate_and_place_it_on_the_plate,demo_13,30,agentview,plate_1,is_in_front_of,glazed_rim_porcelain_ramekin_1
pick_up_the_black_bowl_next_to_the_plate_and_place_it_on_the_plate,demo_13,30,agentview,glazed_rim_porcelain_ramekin_1,is_left_of,cookies_1
pick_up_the_black_bowl_next_to_the_plate_and_place_it_on_the_plate,demo_13,30,agentview,cookies_1,is_right_of,glazed_rim_porcelain_ramekin_1
pick_up_the_black_bowl_next_to_the_plate_and_place_it_on_the_plate,demo_13,30,agentview,glazed_rim_porcelain_ramekin_1,is_left_of,wooden_cabinet_1
pick_up_the_black_bowl_next_to_the_plate_and_place_it_on_the_plate,demo_13,30,agentview,wooden_cabinet_1,is_right_of,glazed_rim_porcelain_ramekin_1
pick_up_the_black_bowl_next_to_the_plate_and_place_it_on_the_plate,demo_13,30,agentview,glazed_rim_porcelain_ramekin_1,is_left_of,flat_stove_1
pick_up_the_black_bowl_next_to_the_plate_and_place_it_on_the_plate,demo_13,30,agentview,flat_stove_1,is_right_of,glazed_rim_porcelain_ramekin_1
pick_up_the_black_bowl_next_to_the_plate_and_place_it_on_the_plate,demo_13,30,agentview,plate_1,is_left_of,cookies_1
pick_up_the_black_bowl_next_to_the_plate_and_place_it_on_the_plate,demo_13,30,agentview,cookies_1,is_right_of,plate_1
pick_up_the_black_bowl_next_to_the_plate_and_place_it_on_the_plate,demo_13,30,agentview,plate_1,is_left_of,wooden_cabinet_1
pick_up_the_black_bowl_next_to_the_plate_and_place_it_on_the_plate,demo_13,30,agentview,wooden_cabinet_1,is_right_of,plate_1
pick_up_the_black_bowl_next_to_the_plate_and_place_it_on_the_plate,demo_13,30,agentview,plate_1,is_left_of,flat_stove_1
pick_up_the_black_bowl_next_to_the_plate_and_place_it_on_the_plate,demo_13,30,agentview,flat_stove_1,is_right_of,plate_1
pick_up_the_black_bowl_next_to_the_plate_and_place_it_on_the_plate,demo_13,30,agentview,cookies_1,is_left_of,wooden_cabinet_1
pick_up_the_black_bowl_next_to_the_plate_and_place_it_on_the_plate,demo_13,35,agentview,akita_black_bowl_1,is_behind,plate_1
pick_up_the_black_bowl_next_to_the_plate_and_place_it_on_the_plate,demo_13,35,agentview,plate_1,is_in_front_of,akita_black_bowl_1
pick_up_the_black_bowl_next_to_the_plate_and_place_it_on_the_plate,demo_13,35,agentview,akita_black_bowl_1,is_left_of,cookies_1
pick_up_the_black_bowl_next_to_the_plate_and_place_it_on_the_plate,demo_13,35,agentview,cookies_1,is_right_of,akita_black_bowl_1
pick_up_the_black_bowl_next_to_the_plate_and_place_it_on_the_plate,demo_13,35,agentview,akita_black_bowl_1,is_left_of,flat_stove_1
pick_up_the_black_bowl_next_to_the_plate_and_place_it_on_the_plate,demo_13,35,agentview,flat_stove_1,is_right_of,akita_black_bowl_1
pick_up_the_black_bowl_next_to_the_plate_and_place_it_on_the_plate,demo_13,35,agentview,akita_black_bowl_1,is_left_of,akita_black_bowl_2
pick_up_the_black_bowl_next_to_the_plate_and_place_it_on_the_plate,demo_13,35,agentview,akita_black_bowl_2,is_right_of,akita
pick_up_the_black_bowl_next_to_the_plate_and_place_it_on_the_plate,demo_13,40,agentview,akita_black_bowl_1,is_behind,glazed_rim_porcelain_ramekin_1
pick_up_the_black_bowl_next_to_the_plate_and_place_it_on_the_plate,demo_13,40,agentview,glazed_rim_porcelain_ramekin_1,is_in_front_of,akita_black_bowl_1
pick_up_the_black_bowl_next_to_the_plate_and_place_it_on_the_plate,demo_13,40,agentview,akita_black_bowl_1,is_left_of,plate_1
pick_up_the_black_bowl_next_to_the_plate_and_place_it_on_the_plate,demo_13,40,agentview,plate_1,is_right_of,akita_black_bowl_1
pick_up_the_black_bowl_next_to_the_plate_and_place_it_on_the_plate,demo_13,40,agentview,akita_black_bowl_1,is_left_of,cookies_1
pick_up_the_black_bowl_next_to_the_plate_and_place_it_on_the_plate,demo_13,40,agentview,cookies_1,is_right_of,akita_black_bowl_1
pick_up_the_black_bowl_next_to_the_plate_and_place_it_on_the_plate,demo_13,40,agentview,akita_black_bowl_1,is_left_of,flat_stove_1
pick_up_the_black_bowl_next_to_the_plate_and_place_it_on_the_plate,demo_13,45,agentview,akita_black_bowl_1,is_behind,plate_1
pick_up_the_black_bowl_next_to_the_plate_and_place_it_on_the_plate,demo_13,45,agentview,plate_1,is_in_front_of,akita_black_bowl_1
pick_up_the_black_bowl_next_to_the_plate_and_place_it_on_the_plate,demo_13,45,agentview,akita_black_bowl_1,is_left_of,cookies_1
pick_up_the_black_bowl_next_to_the_plate_and_place_it_on_the_plate,demo_13,45,agentview,cookies_1,is_right_of,akita_black_bowl_1
pick_up_the_black_bowl_next_to_the_plate_and_place_it_on_the_plate,demo_13,45,agentview,akita_black_bowl_1,is_left_of,flat_stove_1
pick_up_the_black_bowl_next_to_the_plate_and_place_it_on_the_plate,demo_13,45,agentview,flat_stove_1,is_right_of,akita_black_bowl_1
pick_up_the_black_bowl_next_to_the_plate_and_place_it_on_the_plate,demo_13,45,agentview,akita_black_bowl_1,is_left_of,akita_black_bowl_2
pick_up_the_black_bowl_next_to_the_plate_and_place_it_on_the_plate,demo_13,45,agentview,akita_black_bowl_2,is_right_of,akita_black_bowl_1
pick_up_the_black_bowl_next_to_the_plate_and_place_it_on_the_plate,demo_13,45,agentview,akita_black_bowl_1,is_left_of,wooden_cabinet_1
pick_up_the_black_bowl_next_to_the_plate_and_place_it_on_the_plate,demo_13,45,agentview,wooden_cabinet_1,is_right_of,akita_black_bowl_1
pick_up_the_black_bowl_next_to_the_plate_and_place_it_on_the_plate,demo_13,45,agentview,plate_1,is_left_of,cookies_1
pick_up_the_black_bowl_next_to_the_plate_and_place_it_on_the_plate,demo_13,45,agentview,cookies_1,is_right_of,plate_1
pick_up_the_black_bowl_next_to_the_plate_and_place_it_on_the_plate,demo_13,45,agentview,plate_1,is_left_of,flat_stove_1
pick_up_the_black_bowl_next_to_the_plate_and_place_it_on_the_plate,demo_13,45,agentview,flat_stove_1,is_right_of,plate_1
pick_up_the_black_bowl_next_to_the_plate_and_place_it_on_the_plate,demo_13,45,agentview,plate_1,is_left_of,akita_black_bowl_2
pick_up_the_black_bowl_next_to_the_plate_and_place_it_on_the_plate,demo_13,45,agentview,akita_black_bowl_2,is_right_of,plate_1
pick_up_the_black_bowl_next_to_the_plate_and_place_it_on_the_plate,demo_13,45,agentview,plate_1,is_left_of,wooden_cabinet_1
pick_up_the_black_bowl_next_to_the_plate_and_place_it_on_the_plate,demo_13,45,agentview,wooden_cabinet_1,is_right_of,plate_1
pick_up_the_black_bowl_next_to_the_plate_and_place_it_on_the_plate,demo_13,45,agentview,cookies_1,is_in_front_of,flat_stove_1
pick_up_the_black_bowl_next_to_the_plate_and_place_it_on_the_plate,demo_13,45,agentview,flat_stove_1,is_behind,cookies_1
pick_up_the_black_bowl_next_to_the_plate_and_place_it_on_the_plate,demo_13,45,agentview,cookies_1,is_in_front_of,akita_black_bowl_2
pick_up_the_black_bowl_next_to_the_plate_and_place_it_on_the_plate,demo_13,45,agentview,akita_black_bowl_2,is_behind,cookies_1
pick_up_the_black_bowl_next_to_the_plate_and_place_it_on_the_plate,demo_13,45,agentview,cookies_1,is_left_of,wooden_cabinet_1
pick_up_the_black_bowl_next_to_the_plate_and_place_it_on_the_plate,demo_13,45,agentview,wooden_cabinet_1,is_right_of,cookies_1
pick_up_the_black_bowl_next_to_the_plate_and_place_it_on_the_plate,demo_13,45,agentview,akita_black_bowl_2,is_on_top_of,flat_stove_1
pick_up_the_black_bowl_next_to_the_plate_and_place_it_on_the_plate,demo_13,45,agentview,flat_stove_1,is_below_of,akita_black_bowl_2
pick_up_the_black_bowl_next_to_the_plate_and_place_it_on_the_plate,demo_13,45,agentview,flat_stove_1,is_left_of,wooden_cabinet_1
pick_up_the_black_bowl_next_to_the_plate_and_place_it_on_the_plate,demo_13,45,agentview,wooden_cabinet_1,is_right_of,flat_stove_1
pick_up_the_black_bowl_next_to_the_plate_and_place_it_on_the_plate,demo_13,45,agentview,akita_black_bowl_2,is_left_of,wooden_cabinet_1
pick_up_the_black_bowl_next_to_the_plate_and_place_it_on_the_plate,demo_13,45,agentview,wooden_cabinet_1,is_right_of,akita_black_bowl_2
pick_up_the_black_bowl_next_to_the_plate_and_place_it_on_the_plate,demo_13,50,agentview,akita_black_bowl_1,is_left_of,akita_black_bowl_2
pick_up_the_black_bowl_next_to_the_plate_and_place_it_on_the_plate,demo_13,50,agentview,akita_black_bowl_2,is_right_of,akita_black_bowl_1
pick_up_the_black_bowl_next_to_the_plate_and_place_it_on_the_plate,demo_13,50,agentview,akita_black_bowl_1,is_left_of,cookies_1
pick_up_the_black_bowl_next_to_the_plate_and_place_it_on_the_plate,demo_13,50,agentview,cookies_1,is_right_of,akita_black_bowl_1
pick_up_the_black_bowl_next_to_the_plate_and_place_it_on_the_plate,demo_13,50,agentview,akita_black_bowl_1,is_left_of,glazed_rim_porcelain_ramekin_1
pick_up_the_black_bowl_next_to_the_plate_and_place_it_on_the_plate,demo_13,50,agentview,glazed_rim_porcelain_ramekin_1,is_right_of,akita_black_bowl_1
pick_up_the_black_bowl_next_to_the_plate_and_place_it_on_the_plate,demo_13,50,agentview,akita_black_bowl_1,is_left_of,plate_1
pick_up_the_black_bowl_next_to_the_plate_and_place_it_on_the_plate,demo_13,50,agentview,plate_1,is_right_of,akita_black_bowl_1
pick_up_the_black_bowl_next_to_the_plate_and_place_it_on_the_plate,demo_13,50,agentview,akita_black_bowl_1,is_left_of,wooden_cabinet_1
pick_up_the_black_bowl_next_to_the_plate_and_place_it_on_the_plate,demo_13,50,agentview,wooden_cabinet_1,is_right_of,akita_black_bowl_1
pick_up_the_black_bowl_next_to_the_plate_and_place_it_on_the_plate,demo_13,50,agentview,akita_black_bowl_1,is_left_of,flat_stove_1
pick_up_the_black_bowl_next_to_the_plate_and_place_it_on_the_plate,demo_13,50,agentview,flat_stove_1,is_right_of,akita_black_bowl_1
pick_up_the_black_bowl_next_to_the_plate_and_place_it_on_the_plate,demo_13,50,agentview,akita_black_bowl_2,is_behind,cookies_1
pick_up_the_black_bowl_next_to_the_plate_and_place_it_on_the_plate,demo_13,50,agentview,cookies_1,is_in_front_of,akita_black_bowl_2
pick_up_the_black_bowl_next_to_the_plate_and_place_it_on_the_plate,demo_13,50,agentview,akita_black_bowl_2,is_right_of,glazed_rim_porcelain_ramekin_1
pick_up_the_black_bowl_next_to_the_plate_and_place_it_on_the_plate,demo_13,50,agentview,glazed_rim_porcelain_ramekin_1,is_left_of,akita_black_bowl_2
pick_up_the_black_bowl_next_to_the_plate_and_place_it_on_the_plate,demo_13,50,agentview,akita_black_bowl_2,is_right_of,plate_1
pick_up_the_black_bowl_next_to_the_plate_and_place_it_on_the_plate,demo_13,50,agentview,plate_1,is_left_of,akita_black_bowl_2
pick_up_the_black_bowl_next_to_the_plate_and_place_it_on_the_plate,demo_13,50,agentview,akita_black_bowl_2,is_left_of,wooden_cabinet_1
pick_up_the_black_bowl_next_to_the_plate_and_place_it_on_the_plate,demo_13,50,agentview,wooden_cabinet_1,is_right_of,akita_black_bowl_2
pick_up_the_black_bowl_next_to_the_plate_and_place_it_on_the_plate,demo_13,50,agentview,akita_black_bowl_2,is_on_top_of,flat_stove_1
pick_up_the_black_bowl_next_to_the_plate_and_place_it_on_the_plate,demo_13,50,agentview,flat_stove_1,is_below_of,akita_black_bowl_2
pick_up_the_black_bowl_next_to_the_plate_and_place_it_on_the_plate,demo_13,55,agentview,akita_black_bowl_1,is_behind,plate_1
pick_up_the_black_bowl_next_to_the_plate_and_place_it_on_the_plate,demo_13,55,agentview,plate_1,is_in_front_of,akita_black_bowl_1
pick_up_the_black_bowl_next_to_the_plate_and_place_it_on_the_plate,demo_13,55,agentview,akita_black_bowl_1,is_left_of,cookies_1
pick_up_the_black_bowl_next_to_the_plate_and_place_it_on_the_plate,demo_13,55,agentview,cookies_1,is_right_of,akita_black_bowl_1
pick_up_the_black_bowl_next_to_the_plate_and_place_it_on_the_plate,demo_13,55,agentview,akita_black_bowl_1,is_left_of,flat_stove_1
pick_up_the_black_bowl_next_to_the_plate_and_place_it_on_the_plate,demo_13,55,agentview,flat_stove_1,is_right_of,akita_black_bowl_1
pick_up_the_black_bowl_next_to_the_plate_and_place_it_on_the_plate,demo_13,55,agentview,akita_black_bowl_1,is_left_of,akita_black_bowl_2
pick_up_the_black_bowl_next_to_the_plate_and_place_it_on_the_plate,demo_13,55,agentview,akita_black_bowl_2,is_right_of,akita_black_bowl_1
pick_up_the_black_bowl_next_to_the_plate_and_place_it_on_the_plate,demo_13,55,agentview,akita_black_bowl_1,is_left_of,wooden_cabinet_1
pick_up_the_black_bowl_next_to_the_plate_and_place_it_on_the_plate,demo_13,55,agentview,wooden_cabinet_1,is_right_of,akita_black_bowl_1
pick_up_the_black_bowl_next_to_the_plate_and_place_it_on_the_plate,demo_13,55,agentview,akita_black_bowl_2,is_on_top_of,flat_stove_1
pick_up_the_black_bowl_next_to_the_plate_and_place_it_on_the_plate,demo_13,55,agentview,flat_stove_1,is_below_of,akita_black_bowl_2
pick_up_the_black_bowl_next_to_the_plate_and_place_it_on_the_plate,demo_13,55,agentview,akita_black_bowl_2,is_right_of,plate_1
pick_up_the_black_bowl_next_to_the_plate_and_place_it_on_the_plate,demo_13,55,agentview,plate_1,is_left_of,akita_black_bowl_2
pick_up_the_black_bowl_next_to_the_plate_and_place_it_on_the_plate,demo_13,55,agentview,akita_black_bowl_2,is_behind,cookies_1
pick_up_the_black_bowl_next_to_the_plate_and_place_it_on_the_plate,demo_13,55,agentview,cookies_1,is_in_front_of,akita_black_bowl_2
pick_up_the_black_bowl_next_to_the_plate_and_place_it_on_the_plate,demo_13,55,agentview,akita_black_bowl_2,is_behind,wooden_cabinet_1
pick_up_the_black_bowl_next_to_the_plate_and_place_it_on_the_plate,demo_13,55,agentview,wooden_cabinet_1,is_in_front_of,akita_black_bowl_2
pick_up_the_black_bowl_next_to_the_plate_and_place_it_on_the_plate,demo_13,55,agentview,cookies_1,is_right_of,plate_1
pick_up_the_black_bowl_next_to_the_plate_and_place_it_on_the_plate,demo_13,55,agentview,plate_1,is_left_of,cookies_1
pick_up_the_black_bowl_next_to_the_plate_and_place_it_on_the_plate,demo_13,55,agentview,cookies_1,is_in_front_of,flat_stove_1
pick_up_the_black_bowl_next_to_the_plate_and_place_it_on_the_plate,demo_13,55,agentview,flat_stove_1,is_behind,cookies_1
pick_up_the_black_bowl_next_to_the_plate_and_place_it_on_the_plate,demo_13,55,agentview,cookies_1,is_left_of,wooden_cabinet_1
pick_up_the_black_bowl_next_to_the_plate_and_place_it_on_the_plate,demo_13,55,agentview,wooden_cabinet_1,is_right_of,cookies_1
pick_up_the_black_bowl_next_to_the_plate_and_place_it_on_the_plate,demo_13,55,agentview,plate_1,is_left_of,flat_stove_1
pick_up_the_black_bowl_next_to_the_plate_and_place_it_on_the_plate,demo_13,55,agentview,flat_stove_1,is_right_of,plate_1
pick_up_the_black_bowl_next_to_the_plate_and_place_it_on_the_plate,demo_13,55,agentview,plate_1,is_left_of,wooden_cabinet_1
pick_up_the_black_bowl_next_to_the_plate_and_place_it_on_the_plate,demo_13,55,agentview,wooden_cabinet_1,is_right_of,plate_1
pick_up_the_black_bowl_next_to_the_plate_and_place_it_on_the_plate,demo_13,55,agentview,flat_stove_1,is_behind,wooden_cabinet_1
pick_up_the_black_bowl_next_to_the_plate_and_place_it_on_the_plate,demo_13,55,agentview,wooden_cabinet_1,is_in_front_of,flat_stove_1
pick_up_the_black_bowl_next_to_the_plate_and_place_it_on_the_plate,demo_13,60,agentview,akita_black_bowl_1,is_left_of,plate_1
pick_up_the_black_bowl_next_to_the_plate_and_place_it_on_the_plate,demo_13,60,agentview,plate_1,is_right_of,akita_black_bowl_1
pick_up_the_black_bowl_next_to_the_plate_and_place_it_on_the_plate,demo_13,60,agentview,akita_black_bowl_1,is_left_of,cookies_1
pick_up_the_black_bowl_next_to_the_plate_and_place_it_on_the_plate,demo_13,60,agentview,cookies_1,is_right_of,akita_black_bowl_1
pick_up_the_black_bowl_next_to_the_plate_and_place_it_on_the_plate,demo_13,60,agentview,akita_black_bowl_1,is_left_of,flat_stove_1
pick_up_the_black_bowl_next_to_the_plate_and_place_it_on_the_plate,demo_13,60,agentview,flat_stove_1,is_right_of,akita_black_bowl_1
pick_up_the_black_bowl_next_to_the_plate_and_place_it_on_the_plate,demo_13,60,agentview,akita_black_bowl_1,is_left_of,akita_black_bowl_2
pick_up_the_black_bowl_next_to_the_plate_and_place_it_on_the_plate,demo_13,60,agentview,akita_black_bowl_2,is_right_of,akita_black
pick_up_the_black_bowl_next_to_the_plate_and_place_it_on_the_plate,demo_13,65,agentview,akita_black_bowl_1,is_left_of,akita_black_bowl_2
pick_up_the_black_bowl_next_to_the_plate_and_place_it_on_the_plate,demo_13,65,agentview,akita_black_bowl_2,is_right_of,akita_black_bowl_1
pick_up_the_black_bowl_next_to_the_plate_and_place_it_on_the_plate,demo_13,65,agentview,akita_black_bowl_1,is_left_of,cookies_1
pick_up_the_black_bowl_next_to_the_plate_and_place_it_on_the_plate,demo_13,65,agentview,cookies_1,is_right_of,akita_black_bowl_1
pick_up_the_black_bowl_next_to_the_plate_and_place_it_on_the_plate,demo_13,65,agentview,akita_black_bowl_1,is_behind,plate_1
pick_up_the_black_bowl_next_to_the_plate_and_place_it_on_the_plate,demo_13,65,agentview,plate_1,is_in_front_of,akita_black_bowl_1
pick_up_the_black_bowl_next_to_the_plate_and_place_it_on_the_plate,demo_13,65,agentview,akita_black_bowl_1,is_left_of,wooden_cabinet_1
pick_up_the_black_bowl_next_to_the_plate_and_place_it_on_the_plate,demo_13,65,agentview,wooden_cabinet_1,is_right_of,akita_black_bowl_1
pick_up_the_black_bowl_next_to_the_plate_and_place_it_on_the_plate,demo_13,65,agentview,akita_black_bowl_1,is_left_of,flat_stove_1
pick_up_the_black_bowl_next_to_the_plate_and_place_it_on_the_plate,demo_13,65,agentview,flat_stove_1,is_right_of,akita_black_bowl_1
pick_up_the_black_bowl_next_to_the_plate_and_place_it_on_the_plate,demo_13,65,agentview,akita_black_bowl_2,is_behind,cookies_1
pick_up_the_black_bowl_next_to_the_plate_and_place_it_on_the_plate,demo_13,65,agentview,cookies_1,is_in_front_of,akita_black_bowl_2
pick_up_the_black_bowl_next_to_the_plate_and_place_it_on_the_plate,demo_13,65,agentview,akita_black_bowl_2,is_right_of,plate_1
pick_up_the_black_bowl_next_to_the_plate_and_place_it_on_the_plate,demo_13,65,agentview,plate_1,is_left_of,akita_black_bowl_2
pick_up_the_black_bowl_next_to_the_plate_and_place_it_on_the_plate,demo_13,65,agentview,akita_black_bowl_2,is_left_of,wooden_cabinet_1
pick_up_the_black_bowl_next_to_the_plate_and_place_it_on_the_plate,demo_13,65,agentview,wooden_cabinet_1,is_right_of,akita_black_bowl_2
pick_up_the_black_bowl_next_to_the_plate_and_place_it_on_the_plate,demo_13,65,agentview,akita_black_bowl_2,is_on_top_of,flat_stove_1
pick_up_the_black_bowl_next_to_the_plate_and_place_it_on_the_plate,demo_13,65,agentview,flat_stove_1,is_below_of,akita_black_bowl_2
pick_up_the_black_bowl_next_to_the_plate_and_place_it_on_the_plate,demo_13,65,agentview,cookies_1,is_right_of,plate_1
pick_up_the_black_bowl_next_to_the_plate_and_place_it_on_the_plate,demo_13,65,agentview,plate_1,is_left_of,cookies_1
pick_up_the_black_bowl_next_to_the_plate_and_place_it_on_the_plate,demo_13,65,agentview,cookies_1,is_left_of,wooden_cabinet_1
pick_up_the_black_bowl_next_to_the_plate_and_place_it_on_the_plate,demo_13,65,agentview,wooden_cabinet_1,is_right_of,cookies_1
pick_up_the_black_bowl_next_to_the_plate_and_place_it_on_the_plate,demo_13,65,agentview,cookies_1,is_in_front_of,flat_stove_1
pick_up_the_black_bowl_next_to_the_plate_and_place_it_on_the_plate,demo_13,65,agentview,flat_stove_1,is_behind,cookies_1
pick_up_the_black_bowl_next_to_the_plate_and_place_it_on_the_plate,demo_13,65,agentview,plate_1,is_left_of,wooden_cabinet_1
pick_up_the_black_bowl_next_to_the_plate_and_place_it_on_the_plate,demo_13,65,agentview,wooden_cabinet_1,is_right_of,plate_1
pick_up_the_black_bowl_next_to_the_plate_and_place_it_on_the_plate,demo_13,65,agentview,plate_1,is_left_of,flat_stove_1
pick_up_the_black_bowl_next_to_the_plate_and_place_it_on_the_plate,demo_13,65,agentview,flat_stove_1,is_right_of,plate_1
pick_up_the_black_bowl_next_to_the_plate_and_place_it_on_the_plate,demo_13,65,agentview,wooden_cabinet_1,is_right_of,flat_stove_1
pick_up_the_black_bowl_next_to_the_plate_and_place_it_on_the_plate,demo_13,65,agentview,flat_stove_1,is_left_of,wooden_cabinet_1
pick_up_the_black_bowl_next_to_the_plate_and_place_it_on_the_plate,demo_13,70,agentview,akita_black_bowl_1,is_left_of,akita_black_bowl_2
pick_up_the_black_bowl_next_to_the_plate_and_place_it_on_the_plate,demo_13,70,agentview,akita_black_bowl_2,is_right_of,akita_black_bowl_1
pick_up_the_black_bowl_next_to_the_plate_and_place_it_on_the_plate,demo_13,70,agentview,akita_black_bowl_1,is_left_of,cookies_1
pick_up_the_black_bowl_next_to_the_plate_and_place_it_on_the_plate,demo_13,70,agentview,cookies_1,is_right_of,akita_black_bowl_1
pick_up_the_black_bowl_next_to_the_plate_and_place_it_on_the_plate,demo_13,70,agentview,akita_black_bowl_1,is_behind,plate_1
pick_up_the_black_bowl_next_to_the_plate_and_place_it_on_the_plate,demo_13,70,agentview,plate_1,is_in_front_of,akita_black_bowl_1
pick_up_the_black_bowl_next_to_the_plate_and_place_it_on_the_plate,demo_13,70,agentview,akita_black_bowl_1,is_left_of,wooden_cabinet_1
pick_up_the_black_bowl_next_to_the_plate_and_place_it_on_the_plate,demo_13,70,agentview,wooden_cabinet_1,is_right_of,akita_black_bowl_1
pick_up_the_black_bowl_next_to_the_plate_and_place_it_on_the_plate,demo_13,70,agentview,akita_black_bowl_1,is_left_of,flat_stove_1
pick_up_the_black_bowl_next_to_the_plate_and_place_it_on_the_plate,demo_13,70,agentview,flat_stove_1,is_right_of,akita_black_bowl_1
pick_up_the_black_bowl_next_to_the_plate_and_place_it_on_the_plate,demo_13,70,agentview,akita_black_bowl_2,is_behind,cookies_1
pick_up_the_black_bowl_next_to_the_plate_and_place_it_on_the_plate,demo_13,70,agentview,cookies_1,is_in_front_of,akita_black_bowl_2
pick_up_the_black_bowl_next_to_the_plate_and_place_it_on_the_plate,demo_13,70,agentview,akita_black_bowl_2,is_right_of,plate_1
pick_up_the_black_bowl_next_to_the_plate_and_place_it_on_the_plate,demo_13,70,agentview,plate_1,is_left_of,akita_black_bowl_2
pick_up_the_black_bowl_next_to_the_plate_and_place_it_on_the_plate,demo_13,70,agentview,akita_black_bowl_2,is_left_of,wooden_cabinet_1
pick_up_the_black_bowl_next_to_the_plate_and_place_it_on_the_plate,demo_13,70,agentview,wooden_cabinet_1,is_right_of,akita_black_bowl_2
pick_up_the_black_bowl_next_to_the_plate_and_place_it_on_the_plate,demo_13,70,agentview,akita_black_bowl_2,is_on_top_of,flat_stove_1
pick_up_the_black_bowl_next_to_the_plate_and_place_it_on_the_plate,demo_13,70,agentview,flat_stove_1,is_below_of,akita_black_bowl_2
pick_up_the_black_bowl_next_to_the_plate_and_place_it_on_the_plate,demo_13,70,agentview,cookies_1,is_right_of,plate_1
pick_up_the_black_bowl_next_to_the_plate_and_place_it_on_the_plate,demo_13,70,agentview,plate_1,is_left_of,cookies_1
pick_up_the_black_bowl_next_to_the_plate_and_place_it_on_the_plate,demo_13,70,agentview,cookies_1,is_left_of,wooden_cabinet_1
pick_up_the_black_bowl_next_to_the_plate_and_place_it_on_the_plate,demo_13,70,agentview,wooden_cabinet_1,is_right_of,cookies_1
pick_up_the_black_bowl_next_to_the_plate_and_place_it_on_the_plate,demo_13,70,agentview,cookies_1,is_in_front_of,flat_stove_1
pick_up_the_black_bowl_next_to_the_plate_and_place_it_on_the_plate,demo_13,70,agentview,flat_stove_1,is_behind,cookies_1
pick_up_the_black_bowl_next_to_the_plate_and_place_it_on_the_plate,demo_13,70,agentview,plate_1,is_left_of,wooden_cabinet_1
pick_up_the_black_bowl_next_to_the_plate_and_place_it_on_the_plate,demo_13,70,agentview,wooden_cabinet_1,is_right_of,plate_1
pick_up_the_black_bowl_next_to_the_plate_and_place_it_on_the_plate,demo_13,70,agentview,plate_1,is_left_of,flat_stove_1
pick_up_the_black_bowl_next_to_the_plate_and_place_it_on_the_plate,demo_13,70,agentview,flat_stove_1,is_right_of,plate_1
pick_up_the_black_bowl_next_to_the_plate_and_place_it_on_the_plate,demo_13,70,agentview,wooden_cabinet_1,is_right_of,flat_stove_1
pick_up_the_black_bowl_next_to_the_plate_and_place_it_on_the_plate,demo_13,70,agentview,flat_stove_1,is_left_of,wooden_cabinet_1
pick_up_the_black_bowl_next_to_the_plate_and_place_it_on_the_plate,demo_13,75,agentview,akita_black_bowl_1,is_left_of,akita_black_bowl_2
pick_up_the_black_bowl_next_to_the_plate_and_place_it_on_the_plate,demo_13,75,agentview,akita_black_bowl_2,is_right_of,akita_black_bowl_1
pick_up_the_black_bowl_next_to_the_plate_and_place_it_on_the_plate,demo_13,75,agentview,akita_black_bowl_1,is_behind,cookies_1
pick_up_the_black_bowl_next_to_the_plate_and_place_it_on_the_plate,demo_13,75,agentview,cookies_1,is_in_front_of,akita_black_bowl_1
pick_up_the_black_bowl_next_to_the_plate_and_place_it_on_the_plate,demo_13,75,agentview,akita_black_bowl_1,is_behind,plate_1
pick_up_the_black_bowl_next_to_the_plate_and_place_it_on_the_plate,demo_13,75,agentview,plate_1,is_in_front_of,akita_black_bowl_1
pick_up_the_black_bowl_next_to_the_plate_and_place_it_on_the_plate,demo_13,75,agentview,akita_black_bowl_1,is_left_of,wooden_cabinet_1
pick_up_the_black_bowl_next_to_the_plate_and_place_it_on_the_plate,demo_13,75,agentview,wooden_cabinet_1,is_right_of,akita_
pick_up_the_black_bowl_next_to_the_plate_and_place_it_on_the_plate,demo_13,80,agentview,akita_black_bowl_1,is_right_of,akita_black_bowl_2
pick_up_the_black_bowl_next_to_the_plate_and_place_it_on_the_plate,demo_13,80,agentview,akita_black_bowl_2,is_left_of,akita_black_bowl_1
pick_up_the_black_bowl_next_to_the_plate_and_place_it_on_the_plate,demo_13,80,agentview,akita_black_bowl_1,is_behind,cookies_1
pick_up_the_black_bowl_next_to_the_plate_and_place_it_on_the_plate,demo_13,80,agentview,cookies_1,is_in_front_of,akita_black_bowl_1
pick_up_the_black_bowl_next_to_the_plate_and_place_it_on_the_plate,demo_13,80,agentview,akita_black_bowl_1,is_right_of,glazed_rim_porcelain_ramekin_1
pick_up_the_black_bowl_next_to_the_plate_and_place_it_on_the_plate,demo_13,80,agentview,glazed_rim_porcelain_ramekin_1,is_left_of,akita_black_bowl_1
pick_up_the_black_bowl_next_to_the_plate_and_place_it_on_the_plate,demo_13,80,agentview,akita_black_bowl_1,is_right_of,plate_1
pick_up_the_black_bowl_next_to_the_plate_and_place_it_on_the_plate,demo_13,80,agentview,plate_1,is_left_of,akita_black_bowl_1
pick_up_the_black_bowl_next_to_the_plate_and_place_it_on_the_plate,demo_13,80,agentview,akita_black_bowl_1,is_left_of,wooden_cabinet_1
pick_up_the_black_bowl_next_to_the_plate_and_place_it_on_the_plate,demo_13,80,agentview,wooden_cabinet_1,is_right_of,akita_black_bowl_1
pick_up_the_black_bowl_next_to_the_plate_and_place_it_on_the_plate,demo_13,80,agentview,akita_black_bowl_1,is_on_top_of,flat_stove_1
pick_up_the_black_bowl_next_to_the_plate_and_place_it_on_the_plate,demo_13,80,agentview,flat_stove_1,is_below_of,akita_black_bowl_1
pick_up_the_black_bowl_next_to_the_plate_and_place_it_on_the_plate,demo_13,80,agentview,akita_black_bowl_2,is_left_of,cookies_1
pick_up_the_black_bowl_next_to_the_plate_and_place_it_on_the_plate,demo_13,80,agentview,cookies_1,is_right_of,akita_black_bowl_2
pick_up_the_black_bowl_next_to_the_plate_and_place_it_on_the_plate,demo_13,80,agentview,akita_black_bowl_2,is_behind,glazed_rim_porcelain_ramekin_1
pick_up_the_black_bowl_next_to_the_plate_and_place_it_on_the_plate,demo_13,80,agentview,glazed_rim_porcelain_ramekin_1,is_in_front_of,akita_black_bowl_2
pick_up_the_black_bowl_next_to_the_plate_and_place_it_on_the_plate,demo_13,80,agentview,akita_black_bowl_2,is_behind,plate_1
pick_up_the_black_bowl_next_to_the_plate_and_place_it_on_the_plate,demo_13,80,agentview,plate_1,is_in_front_of,akita_black_bowl_2
pick_up_the_black_bowl_next_to_the_plate_and_place_it_on_the_plate,demo_13,80,agentview,akita_black_bowl_2,is_left_of,wooden_cabinet_1
pick_up_the_black_bowl_next_to_the_plate_and_place_it_on_the_plate,demo_13,80,agentview,wooden_cabinet_1,is_right_of,akita_black_bowl_2
pick_up_the_black_bowl_next_to_the_plate_and_place_it_on_the_plate,demo_13,80,agentview,akita_black_bowl_2,is_left_of,flat_stove_1
pick_up_the_black_bowl_next_to_the_plate_and_place_it_on_the_plate,demo_13,80,agentview,flat_stove_1,is_right_of,akita_black_bowl_2
pick_up_the_black_bowl_next_to_the_plate_and_place_it_on_the_plate,demo_13,80,agentview,cookies_1,is_right_of,glazed_rim_porcelain_ramekin_1
pick_up_the_black_bowl_next_to_the_plate_and_place_it_on_the_plate,demo_13,80,agentview,glazed_rim_porcelain_ramekin_1,is_left_of,cookies_1
pick_up_the_black_bowl_next_to_the_plate_and_place_it_on_the_plate,demo_13,80,agentview,cookies_1,is_right_of,plate_1
pick_up_the_black_bowl_next_to_the_plate_and_place_it_on_the_plate,demo_13,80,agentview,plate_1,is_left_of,cookies_1
pick_up_the_black_bowl_next_to_the_plate_and_place_it_on_the_plate,demo_13,80,agentview,cookies_1,is_left_of,wooden_cabinet_1
pick_up_the_black_bowl_next_to_the_plate_and_place_it_on_the_plate,demo_13,80,agentview,wooden_cabinet_1,is_right_of,cookies_1
pick_up_the_black_bowl_next_to_the_plate_and_place_it_on_the_plate,demo_13,80,agentview,cookies_1,is_in_front_of,flat_stove_1
pick_up_the_black_bowl_next_to_the_plate_and_place_it_on_the_plate,demo_13,80,agentview,flat_stove_1,is_behind,cookies_1
pick_up_the_black_bowl_next_to_the_plate_and_place_it_on_the_plate,demo_13,80,agentview,glazed_rim_porcelain_ramekin_1,is_on_top_of,plate_1
pick_up_the_black_bowl_next_to_the_plate_and_place_it_on_the_plate,demo_13,80,agentview,plate_1,is_below_of,glazed_rim_porcelain_ramekin_1
pick_up_the_black_bowl_next_to_the_plate_and_place_it_on_the_plate,demo_13,80,agentview,glazed_rim_porcelain_ramekin_1,is_left_of,wooden_cabinet_1
pick_up_the_black_bowl_next_to_the_plate_and_place_it_on_the_plate,demo_13,80,agentview,wooden_cabinet_1,is_right_of,glazed_rim_porcelain_ramekin_1
pick_up_the_black_bowl_next_to_the_plate_and_place_it_on_the_plate,demo_13,80,agentview,glazed_rim_porcelain_ramekin_1,is_left_of,flat_stove_1
pick_up_the_black_bowl_next_to_the_plate_and_place_it_on_the_plate,demo_13,80,agentview,flat_stove_1,is_right_of,glazed_rim_porcelain_ramekin_1
pick_up_the_black_bowl_next_to_the_plate_and_place_it_on_the_plate,demo_13,80,agentview,plate_1,is_left_of,wooden_cabinet_1
pick_up_the_black_bowl_next_to_the_plate_and_place_it_on_the_plate,demo_13,80,agentview,wooden_cabinet_1,is_right_of,plate_1
pick_up_the_black_bowl_next_to_the_plate_and_place_it_on_the_plate,demo_13,80,agentview,plate_1,is_left_of,flat_stove_1
pick_up_the_black_bowl_next_to_the_plate_and_place_it_on_the_plate,demo_13,80,agentview,flat_stove_1,is_right_of,plate_1
pick_up_the_black_bowl_next_to_the_plate_and_place_it_on_the_plate,demo_13,80,agentview,wooden_cabinet_1,is_right_of,flat_stove_1
pick_up_the_black_bowl_next_to_the_plate_and_place_it_on_the_plate,demo_13,80,agentview,flat_stove_1,is_left_of,wooden_cabinet_1
pick_up_the_black_bowl_next_to_the_plate_and_place_it_on_the_plate,demo_13,85,agentview,akita_black_bowl_1,is_left_of,akita_black_bowl_2
pick_up_the_black_bowl_next_to_the_plate_and_place_it_on_the_plate,demo_13,85,agentview,akita_black_bowl_2,is_right_of,akita_black_bowl_1
pick_up_the_black_bowl_next_to_the_plate_and_place_it_on_the_plate,demo_13,85,agentview,akita_black_bowl_1,is_behind,cookies_1
pick_up_the_black_bowl_next_to_the_plate_and_place_it_on_the_plate,demo_13,85,agentview,cookies_1,is_in_front_of,akita_black_bowl_1
pick_up_the_black_bowl_next_to_the_plate_and_place_it_on_the_plate,demo_13,85,agentview,akita_black_bowl_1,is_right_of,glazed_rim_porcelain_ramekin_1
pick_up_the_black_bowl_next_to_the_plate_and_place_it_on_the_plate,demo_13,85,agentview,glazed_rim_porcelain_ramekin_1,is_left_of,akita_black_bowl_1
pick_up_the_black_bowl_next_to_the_plate_and_place_it_on_the_plate,demo_13,85,agentview,akita_black_bowl_1,is_behind,plate_1
pick_up_the_black_bowl_next_to_the_plate_and_place_it_on_the_plate,demo_13,85,agentview,plate_1,is_in_front_of,akita_black_bowl_1
pick_up_the_black_bowl_next_to_the_plate_and_place_it_on_the_plate,demo_13,85,agentview,akita_black_bowl_1,is_left_of,wooden_cabinet_1
pick_up_the_black_bowl_next_to_the_plate_and_place_it_on_the_plate,demo_13,85,agentview,wooden_cabinet_1,is_right_of,akita_black_bowl_1
pick_up_the_black_bowl_next_to_the_plate_and_place_it_on_the_plate,demo_13,85,agentview,akita_black_bowl_1,is_left_of,flat_stove_1
pick_up_the_black_bowl_next_to_the_plate_and_place_it_on_the_plate,demo_13,85,agentview,flat_stove_1,is_right_of,akita_black_bowl_1
pick_up_the_black_bowl_next_to_the_plate_and_place_it_on_the_plate,demo_13,85,agentview,akita_black_bowl_2,is_behind,cookies_1
pick_up_the_black_bowl_next_to_the_plate_and_place_it_on_the_plate,demo_13,85,agentview,cookies_1,is_in_front_of,akita_black_bowl_2
pick_up_the_black_bowl_next_to_the_plate_and_place_it_on_the_plate,demo_13,85,agentview,akita_black_bowl_2,is_right_of,glazed_rim_porcelain_ramekin_1
pick_up_the_black_bowl_next_to_the_plate_and_place_it_on_the_plate,demo_13,85,agentview,glazed_rim_porcelain_ramekin_1,is_left_of,akita_black_bowl_2
pick_up_the_black_bowl_next_to_the_plate_and_place_it_on_the_plate,demo_13,85,agentview,akita_black_bowl_2,is_right_of,plate_1
pick_up_the_black_bowl_next_to_the_plate_and_place_it_on_the_plate,demo_13,85,agentview,plate_1,is_left_of,akita_black_bowl_2
pick_up_the_black_bowl_next_to_the_plate_and_place_it_on_the_plate,demo_13,85,agentview,akita_black_bowl_2,is_behind,wooden_cabinet_1
pick_up_the_black_bowl_next_to_the_plate_and_place_it_on_the_plate,demo_13,85,agentview,wooden_cabinet_1,is_in_front_of,akita_black_bowl_2
pick_up_the_black_bowl_next_to_the_plate_and_place_it_on_the_plate,demo_13,85,agentview,akita_black_bowl_2,is_on_top_of,flat_stove_1
pick_up_the_black_bowl_next_to_the_plate_and_place_it_on_the_plate,demo_13,85,agentview,flat_stove_1,is_below_of,akita_black_bowl_2
pick_up_the_black_bowl_next_to_the_plate_and_place_it_on_the_plate,demo_13,85,agentview,cookies_1,is_right_of,glazed_rim_porcelain_ramekin_1
pick_up_the_black_bowl_next_to_the_plate_and_place_it_on_the_plate,demo_13,85,agentview,glazed_rim_porcelain_ramekin_1,is_left_of,cookies_1
pick_up_the_black_bowl_next_to_the_plate_and_place_it_on_the_plate,demo_13,85,agentview,cookies_1,is_in_front_of,plate_1
pick_up_the_black_bowl_next_to_the_plate_and_place_it_on_the_plate,demo_13,85,agentview,plate_1,is_behind,cookies_1
pick_up_the_black_bowl_next_to_the_plate_and_place_it_on_the_plate,demo_13,85,agentview,cookies_1,is_left_of,wooden_cabinet_1
pick_up_the_black_bowl_next_to_the_plate_and_place_it_on_the_plate,demo_13,85,agentview,wooden_cabinet_1,is_right_of,cookies_1
pick_up_the_black_bowl_next_to_the_plate_and_place_it_on_the_plate,demo_13,85,agentview,cookies_1,is_in_front_of,flat_stove_1
pick_up_the_black_bowl_next_to_the_plate_and_place_it_on_the_plate,demo_13,85,agentview,flat_stove_1,is_behind,cookies_1
pick_up_the_black_bowl_next_to_the_plate_and_place_it_on_the_plate,demo_13,85,agentview,glazed_rim_porcelain_ramekin_1,is_left_of,plate_1
pick_up_the_black_bowl_next_to_the_plate_and_place_it_on_the_plate,demo_13,85,agentview,plate_1,is_right_of,glazed_rim_porcelain_ramekin_1
pick_up_the_black_bowl_next_to_the_plate_and_place_it_on_the_plate,demo_13,85,agentview,glazed_rim_porcelain_ramekin_1,is_left_of,wooden_cabinet_1
pick_up_the_black_bowl_next_to_the_plate_and_place_it_on_the_plate,demo_13,85,agentview,wooden_cabinet_1,is_right_of,glazed_rim_porcelain_ramekin_1
pick_up_the_black_bowl_next_to_the_plate_and_place_it_on_the_plate,demo_13,85,agentview,glazed_rim_porcelain_ramekin_1,is_left_of,flat_stove_1
pick_up_the_black_bowl_next_to_the_plate_and_place_it_on_the_plate,demo_13,85,agentview,flat_stove_1,is_right_of,glazed_rim_porcelain_ramekin_1
pick_up_the_black_bowl_next_to_the_plate_and_place_it_on_the_plate,demo_13,85,agentview,plate_1,is_left_of,wooden_cabinet_1
pick_up_the_black_bowl_next_to_the_plate_and_place_it_on_the_plate,demo_13,85,agentview,wooden_cabinet_1,is_right_of,plate_1
pick_up_the_black_bowl_next_to_the_plate_and_place_it_on_the_plate,demo_13,85,agentview,plate_1,is_left_of,flat_stove_1
pick_up_the_black_bowl_next_to_the_plate_and_place_it_on_the_plate,demo_13,85,agentview,flat_stove_1,is_right_of,plate_1
pick_up_the_black_bowl_next_to_the_plate_and_place_it_on_the_plate,demo_13,85,agentview,wooden_cabinet_1,is_in_front_of,flat_stove_1
pick_up_the_black_bowl_next_to_the_plate_and_place_it_on_the_plate,demo_13,85,agentview,flat_stove_1,is_behind,wooden_cabinet_1
pick_up_the_black_bowl_next_to_the_plate_and_place_it_on_the_plate,demo_13,90,agentview,akita_black_bowl_1,is_left_of,akita_black_bowl_2
pick_up_the_black_bowl_next_to_the_plate_and_place_it_on_the_plate,demo_13,90,agentview,akita_black_bowl_2,is_right_of,akita_black_bowl_1
pick_up_the_black_bowl_next_to_the_plate_and_place_it_on_the_plate,demo_13,90,agentview,akita_black_bowl_1,is_behind,cookies_1
pick_up_the_black_bowl_next_to_the_plate_and_place_it_on_the_plate,demo_13,90,agentview,cookies_1,is_in_front_of,akita_black_bowl_1
pick_up_the_black_bowl_next_to_the_plate_and_place_it_on_the_plate,demo_13,90,agentview,akita_black_bowl_1,is_right_of,glazed_rim_porcelain_ramekin_1
pick_up_the_black_bowl_next_to_the_plate_and_place_it_on_the_plate,demo_13,90,agentview,glazed_rim_porcelain_ramekin_1,is_left_of,akita_black_bowl_1
pick_up_the_black_bowl_next_to_the_plate_and_place_it_on_the_plate,demo_13,90,agentview,akita_black_bowl_1,is_on_top_of,plate_1
pick_up_the_black_bowl_next_to_the_plate_and_place_it_on_the_plate,demo_13,95,agentview,akita_black_bowl_1,is_in_front_of,akita_black_bowl_2
pick_up_the_black_bowl_next_to_the_plate_and_place_it_on_the_plate,demo_13,95,agentview,akita_black_bowl_2,is_behind,akita_black_bowl_1
pick_up_the_black_bowl_next_to_the_plate_and_place_it_on_the_plate,demo_13,95,agentview,akita_black_bowl_1,is_left_of,cookies_1
pick_up_the_black_bowl_next_to_the_plate_and_place_it_on_the_plate,demo_13,95,agentview,cookies_1,is_right_of,akita_black_bowl_1
pick_up_the_black_bowl_next_to_the_plate_and_place_it_on_the_plate,demo_13,95,agentview,akita_black_bowl_1,is_left_of,glazed_rim_porcelain_ramekin_1
pick_up_the_black_bowl_next_to_the_plate_and_place_it_on_the_plate,demo_13,95,agentview,glazed_rim_porcelain_ramekin_1,is_right_of,akita_black_bowl_1
pick_up_the_black_bowl_next_to_the_plate_and_place_it_on_the_plate,demo_13,95,agentview,akita_black_bowl_1,is_behind,plate_1
pick_up_the_black_bowl_next_to_the_plate_and_place_it_on_the_plate,demo_13,100,agentview,akita_black_bowl_1,is_behind,akita_black_bowl_2
pick_up_the_black_bowl_next_to_the_plate_and_place_it_on_the_plate,demo_13,100,agentview,akita_black_bowl_2,is_in_front_of,akita_black_bowl_1
pick_up_the_black_bowl_next_to_the_plate_and_place_it_on_the_plate,demo_13,100,agentview,akita_black_bowl_1,is_left_of,cookies_1
pick_up_the_black_bowl_next_to_the_plate_and_place_it_on_the_plate,demo_13,100,agentview,cookies_1,is_right_of,akita_black_bowl_1
pick_up_the_black_bowl_next_to_the_plate_and_place_it_on_the_plate,demo_13,100,agentview,akita_black_bowl_1,is_left_of,glazed_rim_porcelain_ramekin_1
pick_up_the_black_bowl_next_to_the_plate_and_place_it_on_the_plate,demo_13,100,agentview,glazed_rim_porcelain_ramekin_1,is_right_of,akita_black_bowl_1
pick_up_the_black_bowl_next_to_the_plate_and_place_it_on_the_plate,demo_13,100,agentview,akita_black_bowl_1,is_behind,plate_1
pick_up_the_black_bowl_next_to_the_plate_and_place_it_on_the_plate,demo_13,105,agentview,akita_black_bowl_1,is_behind,plate_1
pick_up_the_black_bowl_next_to_the_plate_and_place_it_on_the_plate,demo_13,105,agentview,plate_1,is_in_front_of,akita_black_bowl_1
pick_up_the_black_bowl_next_to_the_plate_and_place_it_on_the_plate,demo_13,105,agentview,akita_black_bowl_1,is_left_of,cookies_1
pick_up_the_black_bowl_next_to_the_plate_and_place_it_on_the_plate,demo_13,105,agentview,cookies_1,is_right_of,akita_black_bowl_1
pick_up_the_black_bowl_next_to_the_plate_and_place_it_on_the_plate,demo_13,105,agentview,akita_black_bowl_1,is_left_of,wooden_cabinet_1
pick_up_the_black_bowl_next_to_the_plate_and_place_it_on_the_plate,demo_13,105,agentview,wooden_cabinet_1,is_right_of,akita_black_bowl_1
pick_up_the_black_bowl_next_to_the_plate_and_place_it_on_the_plate,demo_13,105,agentview,akita_black_bowl_1,is_left_of,flat_stove_1
pick_up_the_black_bowl_next_to_the_plate_and_place_it_on_the_plate,demo_13,105,agentview,flat_stove_1,is_right_of,akita_black_bowl_1
pick_up_the_black_bowl_next_to_the_plate_and_place_it_on_the_plate,demo_13,105,agentview,akita_black_bowl_1,is_left_of,akita_black_bowl_2
pick_up_the_black_bowl_next_to_the_plate_and_place_it_on_the_plate,demo_13,105,agentview,akita_black_bowl_2,is_right_of,akita_black_bowl_1
pick_up_the_black_bowl_next_to_the_plate_and_place_it_on_the_plate,demo_13,105,agentview,akita_black_bowl_1,is_behind,glazed_rim_porcelain_ramekin_1
pick_up_the_black_bowl_next_to_the_plate_and_place_it_on_the_plate,demo_13,105,agentview,glazed_rim_porcelain_ramekin_1,is_in_front_of,akita_black_bowl_1
pick_up_the_black_bowl_next_to_the_plate_and_place_it_on_the_plate,demo_13,105,agentview,akita_black_bowl_2,is_on_top_of,flat_stove_1
pick_up_the_black_bowl_next_to_the_plate_and_place_it_on_the_plate,demo_13,105,agentview,flat_stove_1,is_below_of,akita_black_bowl_2
pick_up_the_black_bowl_next_to_the_plate_and_place_it_on_the_plate,demo_13,105,agentview,akita_black_bowl_2,is_behind,cookies_1
pick_up_the_black_bowl_next_to_the_plate_and_place_it_on_the_plate,demo_13,105,agentview,cookies_1,is_in_front_of,akita_black_bowl_2
pick_up_the_black_bowl_next_to_the_plate_and_place_it_on_the_plate,demo_13,105,agentview,akita_black_bowl_2,is_left_of,wooden_cabinet_1
pick_up_the_black_bowl_next_to_the_plate_and_place_it_on_the_plate,demo_13,105,agentview,wooden_cabinet_1,is_right_of,akita_black_bowl_2
pick_up_the_black_bowl_next_to_the_plate_and_place_it_on_the_plate,demo_13,105,agentview,akita_black_bowl_2,is_right_of,plate_1
pick_up_the_black_bowl_next_to_the_plate_and_place_it_on_the_plate,demo_13,105,agentview,plate_1,is_left_of,akita_black_bowl_2
pick_up_the_black_bowl_next_to_the_plate_and_place_it_on_the_plate,demo_13,105,agentview,akita_black_bowl_2,is_right_of,glazed_rim_porcelain_ramekin_1
pick_up_the_black_bowl_next_to_the_plate_and_place_it_on_the_plate,demo_13,105,agentview,glazed_rim_porcelain_ramekin_1,is_left_of,akita_black_bowl_2
pick_up_the_black_bowl_next_to_the_plate_and_place_it_on_the_plate,demo_13,105,agentview,cookies_1,is_right_of,plate_1
pick_up_the_black_bowl_next_to_the_plate_and_place_it_on_the_plate,demo_13,105,agentview,plate_1,is_left_of,cookies_1
pick_up_the_black_bowl_next_to_the_plate_and_place_it_on_the_plate,demo_13,105,agentview,cookies_1,is_in_front_of,flat_stove_1
pick_up_the_black_bowl_next_to_the_plate_and_place_it_on_the_plate,demo_13,105,agentview,flat_stove_1,is_behind,cookies_1
pick_up_the_black_bowl_next_to_the_plate_and_place_it_on_the_plate,demo_13,105,agentview,cookies_1,is_left_of,wooden_cabinet_1
pick_up_the_black_bowl_next_to_the_plate_and_place_it_on_the_plate,demo_13,105,agentview,wooden_cabinet_1,is_right_of,cookies_1
pick_up_the_black_bowl_next_to_the_plate_and_place_it_on_the_plate,demo_13,105,agentview,cookies_1,is_right_of,glazed_rim_porcelain_ramekin_1
pick_up_the_black_bowl_next_to_the_plate_and_place_it_on_the_plate,demo_13,105,agentview,glazed_rim_porcelain_ramekin_1,is_left_of,cookies_1
pick_up_the_black_bowl_next_to_the_plate_and_place_it_on_the_plate,demo_13,105,agentview,glazed_rim_porcelain_ramekin_1,is_on_top_of,plate_1
pick_up_the_black_bowl_next_to_the_plate_and_place_it_on_the_plate,demo_13,105,agentview,plate_1,is_below_of,glazed_rim_porcelain_ramekin_1
pick_up_the_black_bowl_next_to_the_plate_and_place_it_on_the_plate,demo_13,105,agentview,glazed_rim_porcelain_ramekin_1,is_left_of,wooden_cabinet_1
pick_up_the_black_bowl_next_to_the_plate_and_place_it_on_the_plate,demo_13,105,agentview,wooden_cabinet_1,is_right_of,glazed_rim_porcelain_ramekin_1
pick_up_the_black_bowl_next_to_the_plate_and_place_it_on_the_plate,demo_13,105,agentview,glazed_rim_porcelain_ramekin_1,is_left_of,flat_stove_1
pick_up_the_black_bowl_next_to_the_plate_and_place_it_on_the_plate,demo_13,105,agentview,flat_stove_1,is_right_of,glazed_rim_porcelain_ramekin_1
pick_up_the_black_bowl_next_to_the_plate_and_place_it_on_the_plate,demo_13,105,agentview,plate_1,is_left_of,wooden_cabinet_1
pick_up_the_black_bowl_next_to_the_plate_and_place_it_on_the_plate,demo_13,105,agentview,wooden_cabinet_1,is_right_of,plate_1
pick_up_the_black_bowl_next_to_the_plate_and_place_it_on_the_plate,demo_13,105,agentview,plate_1,is_left_of,flat_stove_1
pick_up_the_black_bowl_next_to_the_plate_and_place_it_on_the_plate,demo_13,105,agentview,flat_stove_1,is_right_of,plate_1
pick_up_the_black_bowl_next_to_the_plate_and_place_it_on_the_plate,demo_13,105,agentview,wooden_cabinet_1,is_right_of,flat_stove_1
pick_up_the_black_bowl_next_to_the_plate_and_place_it_on_the_plate,demo_13,105,agentview,flat_stove_1,is_left_of,wooden_cabinet_1
pick_up_the_black_bowl_next_to_the_plate_and_place_it_on_the_plate,demo_13,110,agentview,akita_black_bowl_1,is_left_of,akita_black_bowl_2
pick_up_the_black_bowl_next_to_the_plate_and_place_it_on_the_plate,demo_13,110,agentview,akita_black_bowl_2,is_right_of,akita_black_bowl_1
pick_up_the_black_bowl_next_to_the_plate_and_place_it_on_the_plate,demo_13,110,agentview,akita_black_bowl_1,is_left_of,cookies_1
pick_up_the_black_bowl_next_to_the_plate_and_place_it_on_the_plate,demo_13,110,agentview,cookies_1,is_right_of,akita_black_bowl_1
pick_up_the_black_bowl_next_to_the_plate_and_place_it_on_the_plate,demo_13,110,agentview,akita_black_bowl_1,is_in_front_of,glazed_rim_porcelain_ramekin_1
pick_up_the_black_bowl_next_to_the_plate_and_place_it_on_the_plate,demo_13,110,agentview,glazed_rim_porcelain_ramekin_1,is_behind,akita_black_bowl_1
pick_up_the_black_bowl_next_to_the_plate_and_place_it_on_the_plate,demo_13,110,agentview,akita_black_bowl_1,is_on_top_of,plate_1
pick_up_the_black_bowl_next_to_the_plate_and_place_it_on_the_plate,demo_13,110,agentview,plate_1,is_below_of,akita_black_bowl_1
pick_up_the_black_bowl_next_to_the_plate_and_place_it_on_the_plate,demo_13,110,agentview,akita_black_bowl_1,is_left_of,wooden_cabinet_1
pick_up_the_black_bowl_next_to_the_plate_and_place_it_on_the_plate,demo_13,110,agentview,wooden_cabinet_1,is_right_of,akita_black_bowl_1
pick_up_the_black_bowl_next_to_the_plate_and_place_it_on_the_plate,demo_13,110,agentview,akita_black_bowl_1,is_left_of,flat_stove_1
pick_up_the_black_bowl_next_to_the_plate_and_place_it_on_the_plate,demo_13,110,agentview,flat_stove_1,is_right_of,akita_black_bowl_1
pick_up_the_black_bowl_next_to_the_plate_and_place_it_on_the_plate,demo_13,110,agentview,akita_black_bowl_2,is_right_of,cookies_1
pick_up_the_black_bowl_next_to_the_plate_and_place_it_on_the_plate,demo_13,110,agentview,cookies_1,is_left_of,akita_black_bowl_2
pick_up_the_black_bowl_next_to_the_plate_and_place_it_on_the_plate,demo_13,110,agentview,akita_black_bowl_2,is_right_of,glazed_rim_porcelain_ramekin_1
pick_up_the_black_bowl_next_to_the_plate_and_place_it_on_the_plate,demo_13,110,agentview,glazed_rim_porcelain_ramekin_1,is_left_of,ak
pick_up_the_black_bowl_next_to_the_plate_and_place_it_on_the_plate,demo_13,115,agentview,akita_black_bowl_1,is_behind,plate_1
pick_up_the_black_bowl_next_to_the_plate_and_place_it_on_the_plate,demo_13,115,agentview,plate_1,is_in_front_of,akita_black_bowl_1
pick_up_the_black_bowl_next_to_the_plate_and_place_it_on_the_plate,demo_13,115,agentview,akita_black_bowl_1,is_right_of,akita_black_bowl_2
pick_up_the_black_bowl_next_to_the_plate_and_place_it_on_the_plate,demo_13,115,agentview,akita_black_bowl_2,is_left_of,akita_black_bowl_1
pick_up_the_black_bowl_next_to_the_plate_and_place_it_on_the_plate,demo_13,115,agentview,akita_black_bowl_1,is_right_of,glazed_rim_porcelain_ramekin_1
pick_up_the_black_bowl_next_to_the_plate_and_place_it_on_the_plate,demo_13,115,agentview,glazed_rim_porcelain_ramekin_1,is_left_of,akita_black_bowl_1
pick_up_the_black_bowl_next_to_the_plate_and_place_it_on_the_plate,demo_13,115,agentview,akita_black_bowl_1,is_left_of,cookies_1
pick_up_the_black_bowl_next_to_the_plate_and_place_it_on_the_plate,demo_13,120,agentview,akita_black_bowl_1,is_right_of,akita_black_bowl_2
pick_up_the_black_bowl_next_to_the_plate_and_place_it_on_the_plate,demo_13,120,agentview,akita_black_bowl_2,is_left_of,akita_black_bowl_1
pick_up_the_black_bowl_next_to_the_plate_and_place_it_on_the_plate,demo_13,120,agentview,akita_black_bowl_1,is_left_of,cookies_1
pick_up_the_black_bowl_next_to_the_plate_and_place_it_on_the_plate,demo_13,120,agentview,cookies_1,is_right_of,akita_black_bowl_1
pick_up_the_black_bowl_next_to_the_plate_and_place_it_on_the_plate,demo_13,120,agentview,akita_black_bowl_1,is_left_of,glazed_rim_porcelain_ramekin_1
pick_up_the_black_bowl_next_to_the_plate_and_place_it_on_the_plate,demo_13,120,agentview,glazed_rim_porcelain_ramekin_1,is_right_of,akita_black_bowl_1
pick_up_the_black_bowl_next_to_the_plate_and_place_it_on_the_plate,demo_13,120,agentview,akita_black_bowl_1,is_behind,plate_1
pick_up_the_black_bowl_next_to_the_plate_and_place_it_on_the_plate,demo_13,120,agentview,plate_1,is_in_front_of,akita_black_bowl_1
pick_up_the_black_bowl_next_to_the_plate_and_place_it_on_the_plate,demo_13,120,agentview,akita_black_bowl_1,is_left_of,wooden_cabinet_1
pick_up_the_black_bowl_next_to_the_plate_and_place_it_on_the_plate,demo_13,120,agentview,wooden_cabinet_1,is_right_of,akita_black_bowl_1
pick_up_the_black_bowl_next_to_the_plate_and_place_it_on_the_plate,demo_13,120,agentview,akita_black_bowl_1,is_left_of,flat_stove_1
pick_up_the_black_bowl_next_to_the_plate_and_place_it_on_the_plate,demo_13,120,agentview,flat_stove_1,is_right_of,akita_black_bowl_1
pick_up_the_black_bowl_next_to_the_plate_and_place_it_on_the_plate,demo_13,120,agentview,akita_black_bowl_2,is_left_of,cookies_1
pick_up_the_black_bowl_next_to_the_plate_and_place_it_on_the_plate,demo_13,120,agentview,cookies_1,is_right_of,akita_black_bowl_2
pick_up_the_black_bowl_next_to_the_plate_and_place_it_on_the_plate,demo_13,120,agentview,akita_black_bowl_2,is_left_of,glazed_rim_porcelain_ramekin_1
pick_up_the_black_bowl_next_to_the_plate_and_place_it_on_the_plate,demo_13,120,agentview,glazed_rim_porcelain_ramekin_1,is_right_of,akita_black_bowl_2
pick_up_the_black_bowl_next_to_the_plate_and_place_it_on_the_plate,demo_13,120,agentview,akita_black_bowl_2,is_left_of,plate_1
pick_up_the_black_bowl_next_to_the_plate_and_place_it_on_the_plate,demo_13,120,agentview,plate_1,is_right_of,akita_black_bowl_2
pick_up_the_black_bowl_next_to_the_plate_and_place_it_on_the_plate,demo_13,120,agentview,akita_black_bowl_2,is_left_of,wooden_cabinet_1
pick_up_the_black_bowl_next_to_the_plate_and_place_it_on_the_plate,demo_13,120,agentview,wooden_cabinet_1,is_right_of,akita_black_bowl_2
pick_up_the_black_bowl_next_to_the_plate_and_place_it_on_the_plate,demo_13,120,agentview,akita_black_bowl_2,is_left_of,flat_stove_1
pick_up_the_black_bowl_next_to_the_plate_and_place_it_on_the_plate,demo_13,120,agentview,flat_stove_1,is_right_of,akita_black_bowl_2
pick_up_the_black_bowl_next_to_the_plate_and_place_it_on_the_plate,demo_13,120,agentview,cookies_1,is_in_front_of,glazed_rim_porcelain_ramekin_1
pick_up_the_black_bowl_next_to_the_plate_and_place_it_on_the_plate,demo_13,120,agentview,glazed_rim_porcelain_ramekin_1,is_behind,cookies_1
pick_up_the_black_bowl_next_to_the_plate_and_place_it_on_the_plate,demo_13,120,agentview,cookies_1,is_right_of,plate_1
pick_up_the_black_bowl_next_to_the_plate_and_place_it_on_the_plate,demo_13,120,agentview,plate_1,is_left_of,cookies_1
pick_up_the_black_bowl_next_to_the_plate_and_place_it_on_the_plate,demo_13,120,agentview,cookies_1,is_left_of,wooden_cabinet_1
pick_up_the_black_bowl_next_to_the_plate_and_place_it_on_the_plate,demo_13,120,agentview,wooden_cabinet_1,is_right_of,cookies_1
pick_up_the_black_bowl_next_to_the_plate_and_place_it_on_the_plate,demo_13,120,agentview,cookies_1,is_in_front_of,flat_stove_1
pick_up_the_black_bowl_next_to_the_plate_and_place_it_on_the_plate,demo_13,120,agentview,flat_stove_1,is_behind,cookies_1
pick_up_the_black_bowl_next_to_the_plate_and_place_it_on_the_plate,demo_13,120,agentview,glazed_rim_porcelain_ramekin_1,is_right_of,plate_1
pick_up_the_black_bowl_next_to_the_plate_and_place_it_on_the_plate,demo_13,120,agentview,plate_1,is_left_of,glazed_rim_porcelain_ramekin_1
pick_up_the_black_bowl_next_to_the_plate_and_place_it_on_the_plate,demo_13,120,agentview,glazed_rim_porcelain_ramekin_1,is_left_of,wooden_cabinet_1
pick_up_the_black_bowl_next_to_the_plate_and_place_it_on_the_plate,demo_13,120,agentview,wooden_cabinet_1,is_right_of,glazed_rim_porcelain_ramekin_1
pick_up_the_black_bowl_next_to_the_plate_and_place_it_on_the_plate,demo_13,120,agentview,glazed_rim_porcelain_ramekin_1,is_on_top_of,flat_stove_1
pick_up_the_black_bowl_next_to_the_plate_and_place_it_on_the_plate,demo_13,120,agentview,flat_stove_1,is_below_of,glazed_rim_porcelain_ramekin_1
pick_up_the_black_bowl_next_to_the_plate_and_place_it_on_the_plate,demo_13,120,agentview,plate_1,is_left_of,wooden_cabinet_1
pick_up_the_black_bowl_next_to_the_plate_and_place_it_on_the_plate,demo_13,120,agentview,wooden_cabinet_1,is_right_of,plate_1
pick_up_the_black_bowl_next_to_the_plate_and_place_it_on_the_plate,demo_13,120,agentview,plate_1,is_left_of,flat_stove_1
pick_up_the_black_bowl_next_to_the_plate_and_place_it_on_the_plate,demo_13,120,agentview,flat_stove_1,is_right_of,plate_1
pick_up_the_black_bowl_next_to_the_plate_and_place_it_on_the_plate,demo_13,120,agentview,wooden_cabinet_1,is_right_of,flat_stove_1
pick_up_the_black_bowl_next_to_the_plate_and_place_it_on_the_plate,demo_13,120,agentview,flat_stove_1,is_left_of,wooden_cabinet_1
pick_up_the_black_bowl_next_to_the_plate_and_place_it_on_the_plate,demo_13,125,agentview,akita_black_bowl_1,is_left_of,akita_black_bowl_2
pick_up_the_black_bowl_next_to_the_plate_and_place_it_on_the_plate,demo_13,125,agentview,akita_black_bowl_2,is_right_of,akita_black_bowl_1
pick_up_the_black_bowl_next_to_the_plate_and_place_it_on_the_plate,demo_13,125,agentview,akita_black_bowl_1,is_left_of,cookies_1
pick_up_the_black_bowl_next_to_the_plate_and_place_it_on_the_plate,demo_13,125,agentview,cookies_1,is_right_of,akita_black_bowl_1
pick_up_the_black_bowl_next_to_the_plate_and_place_it_on_the_plate,demo_13,125,agentview,akita_black_bowl_1,is_left_of,glazed_rim_porcelain_ramekin_1
pick_up_the_black_bowl_next_to_the_plate_and_place_it_on_the_plate,demo_13,125,agentview,glazed_rim_porcelain_ramekin_1,is_right_of,akita_black_bowl_1
pick_up_the_black_bowl_next_to_the_plate_and_place_it_on_the_plate,demo_13,125,agentview,akita_black_bowl_1,is_left_of,plate_1
pick_up_the_black_bowl_next_to_the_plate_and_place_it_on_the_plate,demo_13,125,agentview,plate_1,is_right_of,akita_black_bowl_1
pick_up_the_black_bowl_next_to_the_plate_and_place_it_on_the_plate,demo_13,125,agentview,akita_black_bowl_1,is_left_of,wooden_cabinet_1
pick_up_the_black_bowl_next_to_the_plate_and_place_it_on_the_plate,demo_13,125,agentview,wooden_cabinet_1,is_right_of,akita_black_bowl_1
pick_up_the_black_bowl_next_to_the_plate_and_place_it_on_the_plate,demo_13,125,agentview,akita_black_bowl_1,is_left_of,flat_stove_1
pick_up_the_black_bowl_next_to_the_plate_and_place_it_on_the_plate,demo_13,125,agentview,flat_stove_1,is_right_of,akita_black_bowl_1
pick_up_the_black_bowl_next_to_the_plate_and_place_it_on_the_plate,demo_13,125,agentview,akita_black_bowl_2,is_behind,cookies_1
pick_up_the_black_bowl_next_to_the_plate_and_place_it_on_the_plate,demo_13,125,agentview,cookies_1,is_in_front_of,akita_black_bowl_2
pick_up_the_black_bowl_next_to_the_plate_and_place_it_on_the_plate,demo_13,125,agentview,akita_black_bowl_2,is_left_of,glazed_rim_porcelain_ramekin_1
pick_up_the_black_bowl_next_to_the_plate_and_place_it_on_the_plate,demo_13,125,agentview,glazed_rim_porcelain_ramekin_1,is_right_of,akita_black_bowl_2
pick_up_the_black_bowl_next_to_the_plate_and_place_it_on_the_plate,demo_13,125,agentview,akita_black_bowl_2,is_behind,plate_1
pick_up_the_black_bowl_next_to_the_plate_and_place_it_on_the_plate,demo_13,125,agentview,plate_1,is_in_front_of,akita_black_bowl_2
pick_up_the_black_bowl_next_to_the_plate_and_place_it_on_the_plate,demo_13,125,agentview,akita_black_bowl_2,is_left_of,wooden_cabinet_1
pick_up_the_black_bowl_next_to_the_plate_and_place_it_on_the_plate,demo_13,125,agentview,wooden_cabinet_1,is_right_of,akita_black_bowl_2
pick_up_the_black_bowl_next_to_the_plate_and_place_it_on_the_plate,demo_13,125,agentview,akita_black_bowl_2,is_left_of,flat_stove_1
pick_up_the_black_bowl_next_to_the_plate_and_place_it_on_the_plate,demo_13,125,agentview,flat_stove_1,is_right_of,akita_black_bowl_2
pick_up_the_black_bowl_next_to_the_plate_and_place_it_on_the_plate,demo_13,125,agentview,cookies_1,is_in_front_of,glazed_rim_porcelain_ramekin_1
pick_up_the_black_bowl_next_to_the_plate_and_place_it_on_the_plate,demo_13,125,agentview,glazed_rim_porcelain_ramekin_1,is_behind,cookies_1
pick_up_the_black_bowl_next_to_the_plate_and_place_it_on_the_plate,demo_13,125,agentview,cookies_1,is_right_of,plate_1
pick_up_the_black_bowl_next_to_the_plate_and_place_it_on_the_plate,demo_13,125,agentview,plate_1,is_left_of,cookies_1
pick_up_the_black_bowl_next_to_the_plate_and_place_it_on_the_plate,demo_13,125,agentview,cookies_1,is_left_of,wooden_cabinet_1
pick_up_the_black_bowl_next_to_the_plate_and_place_it_on_the_plate,demo_13,125,agentview,wooden_cabinet_1,is_right_of,cookies_1
pick_up_the_black_bowl_next_to_the_plate_and_place_it_on_the_plate,demo_13,125,agentview,cookies_1,is_in_front_of,flat_stove_1
pick_up_the_black_bowl_next_to_the_plate_and_place_it_on_the_plate,demo_13,125,agentview,flat_stove_1,is_behind,cookies_1
pick_up_the_black_bowl_next_to_the_plate_and_place_it_on_the_plate,demo_13,125,agentview,glazed_rim_porcelain_ramekin_1,is_right_of,plate_1
pick_up_the_black_bowl_next_to_the_plate_and_place_it_on_the_plate,demo_13,125,agentview,plate_1,is_left_of,glazed_rim_porcelain_ramekin_1
pick_up_the_black_bowl_next_to_the_plate_and_place_it_on_the_plate,demo_13,125,agentview,glazed_rim_porcelain_ramekin_1,is_left_of,wooden_cabinet_1
pick_up_the_black_bowl_next_to_the_plate_and_place_it_on_the_plate,demo_13,125,agentview,wooden_cabinet_1,is_right_of,glazed_rim_porcelain_ramekin_1
pick_up_the_black_bowl_next_to_the_plate_and_place_it_on_the_plate,demo_13,125,agentview,glazed_rim_porcelain_ramekin_1,is_on_top_of,flat_stove_1
pick_up_the_black_bowl_next_to_the_plate_and_place_it_on_the_plate,demo_13,125,agentview,flat_stove_1,is_below_of,glazed_rim_porcelain_ramekin_1
pick_up_the_black_bowl_next_to_the_plate_and_place_it_on_the_plate,demo_13,125,agentview,plate_1,is_left_of,wooden_cabinet_1
pick_up_the_black_bowl_next_to_the_plate_and_place_it_on_the_plate,demo_13,125,agentview,wooden_cabinet_1,is_right_of,plate_1
pick_up_the_black_bowl_next_to_the_plate_and_place_it_on_the_plate,demo_13,125,agentview,plate_1,is_left_of,flat_stove_1
pick_up_the_black_bowl_next_to_the_plate_and_place_it_on_the_plate,demo_13,125,agentview,flat_stove_1,is_right_of,plate_1
pick_up_the_black_bowl_next_to_the_plate_and_place_it_on_the_plate,demo_13,125,agentview,wooden_cabinet_1,is_right_of,flat_stove_1
pick_up_the_black_bowl_next_to_the_plate_and_place_it_on_the_plate,demo_13,125,agentview,flat_stove_1,is_left_of,wooden_cabinet_1
pick_up_the_black_bowl_next_to_the_plate_and_place_it_on_the_plate,demo_13,130,agentview,akita_black_bowl_1,is_left_of,akita_black_bowl_2
pick_up_the_black_bowl_next_to_the_plate_and_place_it_on_the_plate,demo_13,130,agentview,akita_black_bowl_2,is_right_of,akita_black_bowl_1
pick_up_the_black_bowl_next_to_the_plate_and_place_it_on_the_plate,demo_13,130,agentview,akita_black_bowl_1,is_left_of,cookies_1
pick_up_the_black_bowl_next_to_the_plate_and_place_it_on_the_plate,demo_13,130,agentview,cookies_1,is_right_of,akita_black_bowl_1
pick_up_the_black_bowl_next_to_the_plate_and_place_it_on_the_plate,demo_13,130,agentview,akita_black_bowl_1,is_in_front_of,glazed_rim_porcelain_ramekin_1
pick_up_the_black_bowl_next_to_the_plate_and_place_it_on_the_plate,demo_13,130,agentview,glazed_rim_porcelain_ramekin_1,is_behind,akita_black_bowl_1
pick_up_the_black_bowl_next_to_the_plate_and_place_it_on_the_plate,demo_13,130,agentview,akita_black_bowl_1,is_behind,plate_1
pick_up_the_black_bowl_next_to_the_plate_and_place_it_on_the_plate,demo_13,130,agentview,plate_1,is_in_front_of,akita_black_bowl_1
pick_up_the_black_bowl_next_to_the_plate_and_place_it_on_the_plate,demo_13,130,agentview,akita_black_bowl_1,is_left_of,wooden_cabinet_1
pick_up_the_black_bowl_next_to_the_plate_and_place_it_on_the_plate,demo_13,130,agentview,wooden_cabinet_1,is_right_of,akita_black_bowl_1
pick_up_the_black_bowl_next_to_the_plate_and_place_it_on_the_plate,demo_13,130,agentview,akita_black_bowl_1,is_left_of,flat_stove_1
pick_up_the_black_bowl_next_to_the_plate_and_place_it_on_the_plate,demo_13,130,agentview,flat_stove_1,is_right_of,akita_black_bowl_1
pick_up_the_black_bowl_next_to_the_plate_and_place_it_on_the_plate,demo_13,130,agentview,akita_black_bowl_2,is_behind,cookies_1
pick_up_the_black_bowl_next_to_the_plate_and_place_it_on_the_plate,demo_13,130,agentview,cookies_1,is_in_front_of,akita_black_bowl_2
pick_up_the_black_bowl_next_to_the_plate_and_place_it_on_the_plate,demo_13,130,agentview,akita_black_bowl_2,is_right_of,glazed_rim_porcelain_ramekin_1
pick_up_the_black_bowl_next_to_the_plate_and_place_it_on_the_plate,demo_13,130,agentview,glazed_rim_porcelain_ramekin_1,is_left_of,akita_black_bowl_2
pick_up_the_black_bowl_next_to_the_plate_and_place_it_on_the_plate,demo_13,130,agentview,akita_black_bowl_2,is_right_of,plate_1
pick_up_the_black_bowl_next_to_the_plate_and_place_it_on_the_plate,demo_13,130,agentview,plate_1,is_left_of,akita_black_bowl_2
pick_up_the_black_bowl_next_to_the_plate_and_place_it_on_the_plate,demo_13,130,agentview,akita_black_bowl_2,is_left_of,wooden_cabinet_1
pick_up_the_black_bowl_next_to_the_plate_and_place_it_on_the_plate,demo_13,130,agentview,wooden_cabinet_1,is_right_of,akita_black_bowl_2
pick_up_the_black_bowl_next_to_the_plate_and_place_it_on_the_plate,demo_13,135,agentview,akita_black_bowl_1,is_right_of,akita_black_bowl_2
pick_up_the_black_bowl_next_to_the_plate_and_place_it_on_the_plate,demo_13,135,agentview,akita_black_bowl_2,is_left_of,akita_black_bowl_1
pick_up_the_black_bowl_next_to_the_plate_and_place_it_on_the_plate,demo_13,135,agentview,akita_black_bowl_1,is_left_of,cookies_1
pick_up_the_black_bowl_next_to_the_plate_and_place_it_on_the_plate,demo_13,135,agentview,cookies_1,is_right_of,akita_black_bowl_1
pick_up_the_black_bowl_next_to_the_plate_and_place_it_on_the_plate,demo_13,135,agentview,akita_black_bowl_1,is_left_of,glazed_rim_porcelain_ramekin_1
pick_up_the_black_bowl_next_to_the_plate_and_place_it_on_the_plate,demo_13,135,agentview,glazed_rim_porcelain_ramekin_1,is_right_of,akita_black_bowl_1
pick_up_the_black_bowl_next_to_the_plate_and_place_it_on_the_plate,demo_13,135,agentview,akita_black_bowl_1,is_on_top_of,plate_1
pick_up_the_black_bowl_next_to_the_plate_and_place_it_on_the_plate,demo_13,135,agentview,plate_1,is_below_of,akita_black_bowl_1
pick_up_the_black_bowl_next_to_the_plate_and_place_it_on_the_plate,demo_13,135,agentview,akita_black_bowl_1,is_left_of,wooden_cabinet_1
pick_up_the_black_bowl_next_to_the_plate_and_place_it_on_the_plate,demo_13,135,agentview,wooden_cabinet_1,is_right_of,akita_black_bowl_1
pick_up_the_black_bowl_next_to_the_plate_and_place_it_on_the_plate,demo_13,135,agentview,akita_black_bowl_1,is_left_of,flat_stove_1
pick_up_the_black_bowl_next_to_the_plate_and_place_it_on_the_plate,demo_13,135,agentview,flat_stove_1,is_right_of,akita_black_bowl_1
pick_up_the_black_bowl_next_to_the_plate_and_place_it_on_the_plate,demo_13,135,agentview,akita_black_bowl_2,is_left_of,cookies_1
pick_up_the_black_bowl_next_to_the_plate_and_place_it_on_the_plate,demo_13,135,agentview,cookies_1,is_right_of,akita_black_bowl_2
pick_up_the_black_bowl_next_to_the_plate_and_place_it_on_the_plate,demo_13,135,agentview,akita_black_bowl_2,is_left_of,glazed_rim_porcelain_ramekin_1
pick_up_the_black_bowl_next_to_the_plate_and_place_it_on_the_plate,demo_13,135,agentview,glazed_rim_porcelain_ramekin_1,is_right_of,akita_black_bowl_2
pick_up_the_black_bowl_next_to_the_plate_and_place_it_on_the_plate,demo_13,135,agentview,akita_black_bowl_2,is_left_of,plate_1
pick_up_the_black_bowl_next_to_the_plate_and_place_it_on_the_plate,demo_13,135,agentview,plate_1,is_right_of,akita_black_bowl_2
pick_up_the_black_bowl_next_to_the_plate_and_place_it_on_the_plate,demo_13,135,agentview,akita_black_bowl_2,is_left_of,wooden_cabinet_1
pick_up_the_black_bowl_next_to_the_plate_and_place_it_on_the_plate,demo_13,135,agentview,wooden_cabinet_1,is_right_of,akita_black_bowl_2
pick_up_the_black_bowl_next_to_the_plate_and_place_it_on_the_plate,demo_13,135,agentview,akita_black_bowl_2,is_left_of,flat_stove_1
pick_up_the_black_bowl_next_to_the_plate_and_place_it_on_the_plate,demo_13,135,agentview,flat_stove_1,is_right_of,akita_black_bowl_2
pick_up_the_black_bowl_next_to_the_plate_and_place_it_on_the_plate,demo_13,135,agentview,cookies_1,is_in_front_of,glazed_rim_porcelain_ramekin_1
pick_up_the_black_bowl_next_to_the_plate_and_place_it_on_the_plate,demo_13,135,agentview,glazed_rim_porcelain_ramekin_1,is_behind,cookies_1
pick_up_the_black_bowl_next_to_the_plate_and_place_it_on_the_plate,demo_13,135,agentview,cookies_1,is_right_of,plate_1
pick_up_the_black_bowl_next_to_the_plate_and_place_it_on_the_plate,demo_13,135,agentview,plate_1,is_left_of,cookies_1
pick_up_the_black_bowl_next_to_the_plate_and_place_it_on_the_plate,demo_13,135,agentview,cookies_1,is_left_of,wooden_cabinet_1
pick_up_the_black_bowl_next_to_the_plate_and_place_it_on_the_plate,demo_13,135,agentview,wooden_cabinet_1,is_right_of,cookies_1
pick_up_the_black_bowl_next_to_the_plate_and_place_it_on_the_plate,demo_13,135,agentview,cookies_1,is_in_front_of,flat_stove_1
pick_up_the_black_bowl_next_to_the_plate_and_place_it_on_the_plate,demo_13,135,agentview,flat_stove_1,is_behind,cookies_1
pick_up_the_black_bowl_next_to_the_plate_and_place_it_on_the_plate,demo_13,135,agentview,glazed_rim_porcelain_ramekin_1,is_right_of,plate_1
pick_up_the_black_bowl_next_to_the_plate_and_place_it_on_the_plate,demo_13,135,agentview,plate_1,is_left_of,glazed_rim_porcelain_ramekin_1
pick_up_the_black_bowl_next_to_the_plate_and_place_it_on_the_plate,demo_13,135,agentview,glazed_rim_porcelain_ramekin_1,is_left_of,wooden_cabinet_1
pick_up_the_black_bowl_next_to_the_plate_and_place_it_on_the_plate,demo_13,135,agentview,wooden_cabinet_1,is_right_of,glazed_rim_porcelain_ramekin_1
pick_up_the_black_bowl_next_to_the_plate_and_place_it_on_the_plate,demo_13,135,agentview,glazed_rim_porcelain_ramekin_1,is_on_top_of,flat_stove_1
pick_up_the_black_bowl_next_to_the_plate_and_place_it_on_the_plate,demo_13,135,agentview,flat_stove_1,is_below_of,glazed_rim_porcelain_ramekin_1
pick_up_the_black_bowl_next_to_the_plate_and_place_it_on_the_plate,demo_13,135,agentview,plate_1,is_left_of,wooden_cabinet_1
pick_up_the_black_bowl_next_to_the_plate_and_place_it_on_the_plate,demo_13,135,agentview,wooden_cabinet_1,is_right_of,plate_1
pick_up_the_black_bowl_next_to_the_plate_and_place_it_on_the_plate,demo_13,135,agentview,plate_1,is_left_of,flat_stove_1
pick_up_the_black_bowl_next_to_the_plate_and_place_it_on_the_plate,demo_13,135,agentview,flat_stove_1,is_right_of,plate_1
pick_up_the_black_bowl_next_to_the_plate_and_place_it_on_the_plate,demo_13,135,agentview,wooden_cabinet_1,is_in_front_of,flat_stove_1
pick_up_the_black_bowl_next_to_the_plate_and_place_it_on_the_plate,demo_13,135,agentview,flat_stove_1,is_behind,wooden_cabinet_1
pick_up_the_black_bowl_next_to_the_plate_and_place_it_on_the_plate,demo_14,0,agentview,akita_black_bowl_1,is_behind,akita_black_bowl_2
pick_up_the_black_bowl_next_to_the_plate_and_place_it_on_the_plate,demo_14,0,agentview,akita_black_bowl_2,is_in_front_of,akita_black_bowl_1
pick_up_the_black_bowl_next_to_the_plate_and_place_it_on_the_plate,demo_14,0,agentview,akita_black_bowl_1,is_left_of,cookies_1
pick_up_the_black_bowl_next_to_the_plate_and_place_it_on_the_plate,demo_14,0,agentview,cookies_1,is_right_of,akita_black_bowl_1
pick_up_the_black_bowl_next_to_the_plate_and_place_it_on_the_plate,demo_14,0,agentview,akita_black_bowl_1,is_left_of,glazed_rim_porcelain_ramekin_1
pick_up_the_black_bowl_next_to_the_plate_and_place_it_on_the_plate,demo_14,0,agentview,glazed_rim_porcelain_ramekin_1,is_right_of,akita_black_bowl_1
pick_up_the_black_bowl_next_to_the_plate_and_place_it_on_the_plate,demo_14,0,agentview,akita_black_bowl_1,is_behind,plate_1
pick_up_the_black_bowl_next_to_the_plate_and_place_it_on_the_plate,demo_14,0,agentview,plate_1,is_in_front_of,akita_black_bowl_1
pick_up_the_black_bowl_next_to_the_plate_and_place_it_on_the_plate,demo_14,0,agentview,akita_black_bowl_1,is_left_of,wooden_cabinet_1
pick_up_the_black_bowl_next_to_the_plate_and_place_it_on_the_plate,demo_14,0,agentview,wooden_cabinet_1,is_right_of,akita_black_bowl_1
pick_up_the_black_bowl_next_to_the_plate_and_place_it_on_the_plate,demo_14,0,agentview,akita_black_bowl_1,is_left_of,flat_stove_1
pick_up_the_black_bowl_next_to_the_plate_and_place_it_on_the_plate,demo_14,0,agentview,flat_stove_1,is_right_of,akita_black_bowl_1
pick_up_the_black_bowl_next_to_the_plate_and_place_it_on_the_plate,demo_14,0,agentview,akita_black_bowl_2,is_left_of,cookies_1
pick_up_the_black_bowl_next_to_the_plate_and_place_it_on_the_plate,demo_14,0,agentview,cookies_1,is_right_of,akita_black_bowl_2
pick_up_the_black_bowl_next_to_the_plate_and_place_it_on_the_plate,demo_14,0,agentview,akita_black_bowl_2,is_left_of,glazed_rim_porcelain_ramekin_1
pick_up_the_black_bowl_next_to_the_plate_and_place_it_on_the_plate,demo_14,0,agentview,glazed_rim_porcelain_ramekin_1,is_right_of,akita_black_bowl_2
pick_up_the_black_bowl_next_to_the_plate_and_place_it_on_the_plate,demo_14,0,agentview,akita_black_bowl_2,is_left_of,plate_1
pick_up_the_black_bowl_next_to_the_plate_and_place_it_on_the_plate,demo_14,0,agentview,plate_1,is_right_of,akita_black_bowl_2
pick_up_the_black_bowl_next_to_the_plate_and_place_it_on_the_plate,demo_14,0,agentview,akita_black_bowl_2,is_left_of,wooden_cabinet_1
pick_up_the_black_bowl_next_to_the_plate_and_place_it_on_the_plate,demo_14,0,agentview,wooden_cabinet_1,is_right_of,akita_black_bowl_2
pick_up_the_black_bowl_next_to_the_plate_and_place_it_on_the_plate,demo_14,0,agentview,akita_black_bowl_2,is_left_of,flat_stove_1
pick_up_the_black_bowl_next_to_the_plate_and_place_it_on_the_plate,demo_14,0,agentview,flat_stove_1,is_right_of,akita_black_bowl_2
pick_up_the_black_bowl_next_to_the_plate_and_place_it_on_the_plate,demo_14,0,agentview,cookies_1,is_in_front_of,glazed_rim_porcelain_ramekin_1
pick_up_the_black_bowl_next_to_the_plate_and_place_it_on_the_plate,demo_14,0,agentview,glazed_rim_porcelain_ramekin_1,is_behind,cookies_1
pick_up_the_black_bowl_next_to_the_plate_and_place_it_on_the_plate,demo_14,0,agentview,cookies_1,is_right_of,plate_1
pick_up_the_black_bowl_next_to_the_plate_and_place_it_on_the_plate,demo_14,0,agentview,plate_1,is_left_of,cookies_1
pick_up_the_black_bowl_next_to_the_plate_and_place_it_on_the_plate,demo_14,0,agentview,cookies_1,is_left_of,wooden_cabinet_1
pick_up_the_black_bowl_next_to_the_plate_and_place_it_on_the_plate,demo_14,0,agentview,wooden_cabinet_1,is_right_of,cookies_1
pick_up_the_black_bowl_next_to_the_plate_and_place_it_on_the_plate,demo_14,0,agentview,cookies_1,is_in_front_of,flat_stove_1
pick_up_the_black_bowl_next_to_the_plate_and_place_it_on_the_plate,demo_14,0,agentview,flat_stove_1,is_behind,cookies_1
pick_up_the_black_bowl_next_to_the_plate_and_place_it_on_the_plate,demo_14,0,agentview,glazed_rim_porcelain_ramekin_1,is_behind,plate_1
pick_up_the_black_bowl_next_to_the_plate_and_place_it_on_the_plate,demo_14,0,agentview,plate_1,is_in_front_of,glazed_rim_porcelain_ramekin_1
pick_up_the_black_bowl_next_to_the_plate_and_place_it_on_the_plate,demo_14,0,agentview,glazed_rim_porcelain_ramekin_1,is_left_of,wooden_cabinet_1
pick_up_the_black_bowl_next_to_the_plate_and_place_it_on_the_plate,demo_14,0,agentview,wooden_cabinet_1,is_right_of,glazed_rim_porcelain_ramekin_1
pick_up_the_black_bowl_next_to_the_plate_and_place_it_on_the_plate,demo_14,0,agentview,glazed_rim_porcelain_ramekin_1,is_left_of,flat_stove_1
pick_up_the_black_bowl_next_to_the_plate_and_place_it_on_the_plate,demo_14,0,agentview,flat_stove_1,is_right_of,glazed_rim_porcelain_ramekin_1
pick_up_the_black_bowl_next_to_the_plate_and_place_it_on_the_plate,demo_14,0,agentview,plate_1,is_left_of,wooden_cabinet_1
pick_up_the_black_bowl_next_to_the_plate_and_place_it_on_the_plate,demo_14,0,agentview,wooden_cabinet_1,is_right_of,plate_1
pick_up_the_black_bowl_next_to_the_plate_and_place_it_on_the_plate,demo_14,0,agentview,plate_1,is_left_of,flat_stove_1
pick_up_the_black_bowl_next_to_the_plate_and_place_it_on_the_plate,demo_14,0,agentview,flat_stove_1,is_right_of,plate_1
pick_up_the_black_bowl_next_to_the_plate_and_place_it_on_the_plate,demo_14,0,agentview,wooden_cabinet_1,is_right_of,flat_stove_1
pick_up_the_black_bowl_next_to_the_plate_and_place_it_on_the_plate,demo_14,0,agentview,flat_stove_1,is_left_of,wooden_cabinet_1
pick_up_the_black_bowl_next_to_the_plate_and_place_it_on_the_plate,demo_14,5,agentview,akita_black_bowl_1,is_behind,akita_black_bowl_2
pick_up_the_black_bowl_next_to_the_plate_and_place_it_on_the_plate,demo_14,5,agentview,akita_black_bowl_2,is_in_front_of,akita_black_bowl_1
pick_up_the_black_bowl_next_to_the_plate_and_place_it_on_the_plate,demo_14,5,agentview,akita_black_bowl_1,is_left_of,cookies_1
pick_up_the_black_bowl_next_to_the_plate_and_place_it_on_the_plate,demo_14,5,agentview,cookies_1,is_right_of,akita_black_bowl_1
pick_up_the_black_bowl_next_to_the_plate_and_place_it_on_the_plate,demo_14,5,agentview,akita_black_bowl_1,is_left_of,glazed_rim_porcelain_ramekin_1
pick_up_the_black_bowl_next_to_the_plate_and_place_it_on_the_plate,demo_14,5,agentview,glazed_rim_porcelain_ramekin_1,is_right_of,akita_black_bowl_1
pick_up_the_black_bowl_next_to_the_plate_and_place_it_on_the_plate,demo_14,5,agentview,akita_black_bowl_1,is_behind,plate_1
pick_up_the_black_bowl_next_to_the_plate_and_place_it_on_the_plate,demo_14,5,agentview,plate_1,is_in_front_of,akita_black_bowl_1
pick_up_the_black_bowl_next_to_the_plate_and_place_it_on_the_plate,demo_14,5,agentview,akita_black_bowl_1,is_left_of,wooden_cabinet_1
pick_up_the_black_bowl_next_to_the_plate_and_place_it_on_the_plate,demo_14,5,agentview,wooden_cabinet_1,is_right_of,akita_black_bowl_1
pick_up_the_black_bowl_next_to_the_plate_and_place_it_on_the_plate,demo_14,5,agentview,akita_black_bowl_1,is_left_of,flat_stove_1
pick_up_the_black_bowl_next_to_the_plate_and_place_it_on_the_plate,demo_14,5,agentview,flat_stove_1,is_right_of,akita_black_bowl_1
pick_up_the_black_bowl_next_to_the_plate_and_place_it_on_the_plate,demo_14,5,agentview,akita_black_bowl_2,is_left_of,cookies_1
pick_up_the_black_bowl_next_to_the_plate_and_place_it_on_the_plate,demo_14,5,agentview,cookies_1,is_right_of,akita_black_bowl_2
pick_up_the_black_bowl_next_to_the_plate_and_place_it_on_the_plate,demo_14,5,agentview,akita_black_bowl_2,is_left_of,glazed_rim_porcelain_ramekin_1
pick_up_the_black_bowl_next_to_the_plate_and_place_it_on_the_plate,demo_14,5,agentview,glazed_rim_porcelain_ramekin_1,is_right_of,akita_black_bowl_2
pick_up_the_black_bowl_next_to_the_plate_and_place_it_on_the_plate,demo_14,5,agentview,akita_black_bowl_2,is_left_of,plate_1
pick_up_the_black_bowl_next_to_the_plate_and_place_it_on_the_plate,demo_14,5,agentview,plate_1,is_right_of,akita_black_bowl_2
pick_up_the_black_bowl_next_to_the_plate_and_place_it_on_the_plate,demo_14,5,agentview,akita_black_bowl_2,is_left_of,wooden_cabinet_1
pick_up_the_black_bowl_next_to_the_plate_and_place_it_on_the_plate,demo_14,5,agentview,wooden_cabinet_1,is_right_of,akita_black_bowl_2
pick_up_the_black_bowl_next_to_the_plate_and_place_it_on_the_plate,demo_14,5,agentview,akita_black_bowl_2,is_left_of,flat_stove_1
pick_up_the_black_bowl_next_to_the_plate_and_place_it_on_the_plate,demo_14,5,agentview,flat_stove_1,is_right_of,akita_black_bowl_2
pick_up_the_black_bowl_next_to_the_plate_and_place_it_on_the_plate,demo_14,5,agentview,cookies_1,is_in_front_of,glazed_rim_porcelain_ramekin_1
pick_up_the_black_bowl_next_to_the_plate_and_place_it_on_the_plate,demo_14,5,agentview,glazed_rim_porcelain_ramekin_1,is_behind,cookies_1
pick_up_the_black_bowl_next_to_the_plate_and_place_it_on_the_plate,demo_14,5,agentview,cookies_1,is_right_of,plate_1
pick_up_the_black_bowl_next_to_the_plate_and_place_it_on_the_plate,demo_14,5,agentview,plate_1,is_left_of,cookies_1
pick_up_the_black_bowl_next_to_the_plate_and_place_it_on_the_plate,demo_14,5,agentview,cookies_1,is_left_of,wooden_cabinet_1
pick_up_the_black_bowl_next_to_the_plate_and_place_it_on_the_plate,demo_14,5,agentview,wooden_cabinet_1,is_right_of,cookies_1
pick_up_the_black_bowl_next_to_the_plate_and_place_it_on_the_plate,demo_14,5,agentview,cookies_1,is_in_front_of,flat_stove_1
pick_up_the_black_bowl_next_to_the_plate_and_place_it_on_the_plate,demo_14,5,agentview,flat_stove_1,is_behind,cookies_1
pick_up_the_black_bowl_next_to_the_plate_and_place_it_on_the_plate,demo_14,5,agentview,glazed_rim_porcelain_ramekin_1,is_behind,plate_1
pick_up_the_black_bowl_next_to_the_plate_and_place_it_on_the_plate,demo_14,5,agentview,plate_1,is_in_front_of,glazed_rim_porcelain_ramekin_1
pick_up_the_black_bowl_next_to_the_plate_and_place_it_on_the_plate,demo_14,5,agentview,glazed_rim_porcelain_ramekin_1,is_left_of,wooden_cabinet_1
pick_up_the_black_bowl_next_to_the_plate_and_place_it_on_the_plate,demo_14,5,agentview,wooden_cabinet_1,is_right_of,glazed_rim_porcelain_ramekin_1
pick_up_the_black_bowl_next_to_the_plate_and_place_it_on_the_plate,demo_14,5,agentview,glazed_rim_porcelain_ramekin_1,is_left_of,flat_stove_1
pick_up_the_black_bowl_next_to_the_plate_and_place_it_on_the_plate,demo_14,5,agentview,flat_stove_1,is_right_of,glazed_rim_porcelain_ramekin_1
pick_up_the_black_bowl_next_to_the_plate_and_place_it_on_the_plate,demo_14,5,agentview,plate_1,is_left_of,wooden_cabinet_1
pick_up_the_black_bowl_next_to_the_plate_and_place_it_on_the_plate,demo_14,5,agentview,wooden_cabinet_1,is_right_of,plate_1
pick_up_the_black_bowl_next_to_the_plate_and_place_it_on_the_plate,demo_14,5,agentview,plate_1,is_left_of,flat_stove_1
pick_up_the_black_bowl_next_to_the_plate_and_place_it_on_the_plate,demo_14,5,agentview,flat_stove_1,is_right_of,plate_1
pick_up_the_black_bowl_next_to_the_plate_and_place_it_on_the_plate,demo_14,5,agentview,wooden_cabinet_1,is_right_of,flat_stove_1
pick_up_the_black_bowl_next_to_the_plate_and_place_it_on_the_plate,demo_14,5,agentview,flat_stove_1,is_left_of,wooden_cabinet_1
pick_up_the_black_bowl_next_to_the_plate_and_place_it_on_the_plate,demo_14,10,agentview,akita_black_bowl_1,is_behind,akita_black_bowl_2
pick_up_the_black_bowl_next_to_the_plate_and_place_it_on_the_plate,demo_14,10,agentview,akita_black_bowl_1,is_left_of,cookies_1
pick_up_the_black_bowl_next_to_the_plate_and_place_it_on_the_plate,demo_14,10,agentview,akita_black_bowl_1,is_left_of,glazed_rim_porcelain_ramekin_1
pick_up_the_black_bowl_next_to_the_plate_and_place_it_on_the_plate,demo_14,10,agentview,akita_black_bowl_1,is_behind,plate_1
pick_up_the_black_bowl_next_to_the_plate_and_place_it_on_the_plate,demo_14,10,agentview,akita_black_bowl_1,is_left_of,wooden_cabinet_1
pick_up_the_black_bowl_next_to_the_plate_and_place_it_on_the_plate,demo_14,10,agentview,akita_black_bowl_1,is_left_of,flat_stove_1
pick_up_the_black_bowl_next_to_the_plate_and_place_it_on_the_plate,demo_14,10,agentview,akita_black_bowl_2,is_in_front_of,akita_black_bowl_1
pick_up_the_black_bowl_next_to_the_plate_and_place_it_on_the_plate,demo_14,10,agentview,akita_black_bowl_2,is_left_of,cookies_1
pick_up_the_black_bowl_next_to_the_plate_and_place_it_on_the_plate,demo_14,10,agentview,akita_black_bowl_2,is_left_of,glazed_rim_porcelain_ramekin_1
pick_up_the_black_bowl_next_to_the_plate_and_place_it_on_the_plate,demo_14,10,agentview,akita_black_bowl_2,is_left_of,plate_1
pick_up_the_black_bowl_next_to_the_plate_and_place_it_on_the_plate,demo_14,10,agentview,akita_black_bowl_2,is_left_of,wooden_cabinet_1
pick_up_the_black_bowl_next_to_the_plate_and_place_it_on_the_plate,demo_14,10,agentview,akita_black_bowl_2,is_left_of,flat_stove_1
pick_up_the_black_bowl_next_to_the_plate_and_place_it_on_the_plate,demo_14,10,agentview,cookies_1,is_right_of,akita_black_bowl_1
pick_up_the_black_bowl_next_to_the_plate_and_place_it_on_the_plate,demo_14,10,agentview,cookies_1,is_right_of,akita_black_bowl_2
pick_up_the_black_bowl_next_to_the_plate_and_place_it_on_the_plate,demo_14,10,agentview,cookies_1,is_in_front_of,glazed_rim_porcelain_ramekin_1
pick_up_the_black_bowl_next_to_the_plate_and_place_it_on_the_plate,demo_14,10,agentview,cookies_1,is_right_of,plate_1
pick_up_the_black_bowl_next_to_the_plate_and_place_it_on_the_plate,demo_14,10,agentview,cookies_1,is_left_of,wooden_cabinet_1
pick_up_the_black_bowl_next_to_the_plate_and_place_it_on_the_plate,demo_14,10,agentview,cookies_1,is_in_front_of,flat_stove_1
pick_up_the_black_bowl_next_to_the_plate_and_place_it_on_the_plate,demo_14,10,agentview,glazed_rim_porcelain_ramekin_1,is_right_of,akita_black_bowl_1
pick_up_the_black_bowl_next_to_the_plate_and_place_it_on_the_plate,demo_14,10,agentview,glazed_rim_porcelain_ramekin_1,is_right_of,akita_black_bowl_2
pick_up_the_black_bowl_next_to_the_plate_and_place_it_on_the_plate,demo_14,10,agentview,glazed_rim_porcelain_ramekin_1,is_behind,cookies_1
pick_up_the_black_bowl_next_to_the_plate_and_place_it_on_the_plate,demo_14,15,agentview,akita_black_bowl_1,is_behind,akita_black_bowl_2
pick_up_the_black_bowl_next_to_the_plate_and_place_it_on_the_plate,demo_14,15,agentview,akita_black_bowl_2,is_in_front_of,akita_black_bowl_1
pick_up_the_black_bowl_next_to_the_plate_and_place_it_on_the_plate,demo_14,15,agentview,akita_black_bowl_1,is_behind,cookies_1
pick_up_the_black_bowl_next_to_the_plate_and_place_it_on_the_plate,demo_14,15,agentview,cookies_1,is_in_front_of,akita_black_bowl_1
pick_up_the_black_bowl_next_to_the_plate_and_place_it_on_the_plate,demo_14,15,agentview,akita_black_bowl_1,is_left_of,glazed_rim_porcelain_ramekin_1
pick_up_the_black_bowl_next_to_the_plate_and_place_it_on_the_plate,demo_14,15,agentview,glazed_rim_porcelain_ramekin_1,is_right_of,akita_black_bowl_1
pick_up_the_black_bowl_next_to_the_plate_and_place_it_on_the_plate,demo_14,15,agentview,akita_black_bowl_1,is_behind,plate_1
pick_up_the_black_bowl_next_to_the_plate_and_place_it_on_the_plate,demo_14,15,agentview,plate_1,is_in_front_of,akita_black_bowl_1
pick_up_the_black_bowl_next_to_the_plate_and_place_it_on_the_plate,demo_14,15,agentview,akita_black_bowl_1,is_left_of,wooden_cabinet_1
pick_up_the_black_bowl_next_to_the_plate_and_place_it_on_the_plate,demo_14,15,agentview,wooden_cabinet_1,is_right_of,akita_black_bowl_1
pick_up_the_black_bowl_next_to_the_plate_and_place_it_on_the_plate,demo_14,15,agentview,akita_black_bowl_1,is_left_of,flat_stove_1
pick_up_the_black_bowl_next_to_the_plate_and_place_it_on_the_plate,demo_14,15,agentview,flat_stove_1,is_right_of,akita_black_bowl_1
pick_up_the_black_bowl_next_to_the_plate_and_place_it_on_the_plate,demo_14,15,agentview,akita_black_bowl_2,is_left_of,cookies_1
pick_up_the_black_bowl_next_to_the_plate_and_place_it_on_the_plate,demo_14,15,agentview,cookies_1,is_right_of,akita_black_bowl_2
pick_up_the_black_bowl_next_to_the_plate_and_place_it_on_the_plate,demo_14,15,agentview,akita_black_bowl_2,is_in_front_of,glazed_rim_porcelain_ramekin_1
pick_up_the_black_bowl_next_to_the_plate_and_place_it_on_the_plate,demo_14,15,agentview,glazed_rim_porcelain_ramekin_1,is_behind,akita_black_bowl_2
pick_up_the_black_bowl_next_to_the_plate_and_place_it_on_the_plate,demo_14,15,agentview,akita_black_bowl_2,is_left_of,plate_1
pick_up_the_black_bowl_next_to_the_plate_and_place_it_on_the_plate,demo_14,15,agentview,plate_1,is_right_of,akita_black_bowl_2
pick_up_the_black_bowl_next_to_the_plate_and_place_it_on_the_plate,demo_14,15,agentview,akita_black_bowl_2,is_left_of,wooden_cabinet_1
pick_up_the_black_bowl_next_to_the_plate_and_place_it_on_the_plate,demo_14,15,agentview,wooden_cabinet_1,is_right_of,akita_black_bowl_2
pick_up_the_black_bowl_next_to_the_plate_and_place_it_on_the_plate,demo_14,15,agentview,akita_black_bowl_2,is_left_of,flat_stove_1
pick_up_the_black_bowl_next_to_the_plate_and_place_it_on_the_plate,demo_14,15,agentview,flat_stove_1,is_right_of,akita_black_bowl_2
pick_up_the_black_bowl_next_to_the_plate_and_place_it_on_the_plate,demo_14,15,agentview,cookies_1,is_in_front_of,glazed_rim_porcelain_ramekin_1
pick_up_the_black_bowl_next_to_the_plate_and_place_it_on_the_plate,demo_14,15,agentview,glazed_rim_porcelain_ramekin_1,is_behind,cookies_1
pick_up_the_black_bowl_next_to_the_plate_and_place_it_on_the_plate,demo_14,15,agentview,cookies_1,is_right_of,plate_1
pick_up_the_black_bowl_next_to_the_plate_and_place_it_on_the_plate,demo_14,15,agentview,plate_1,is_left_of,cookies_1
pick_up_the_black_bowl_next_to_the_plate_and_place_it_on_the_plate,demo_14,15,agentview,cookies_1,is_left_of,wooden_cabinet_1
pick_up_the_black_bowl_next_to_the_plate_and_place_it_on_the_plate,demo_14,15,agentview,wooden_cabinet_1,is_right_of,cookies_1
pick_up_the_black_bowl_next_to_the_plate_and_place_it_on_the_plate,demo_14,15,agentview,cookies_1,is_in_front_of,flat_stove_1
pick_up_the_black_bowl_next_to_the_plate_and_place_it_on_the_plate,demo_14,15,agentview,flat_stove_1,is_behind,cookies_1
pick_up_the_black_bowl_next_to_the_plate_and_place_it_on_the_plate,demo_14,15,agentview,glazed_rim_porcelain_ramekin_1,is_behind,plate_1
pick_up_the_black_bowl_next_to_the_plate_and_place_it_on_the_plate,demo_14,15,agentview,plate_1,is_in_front_of,glazed_rim_porcelain_ramekin_1
pick_up_the_black_bowl_next_to_the_plate_and_place_it_on_the_plate,demo_14,15,agentview,glazed_rim_porcelain_ramekin_1,is_left_of,wooden_cabinet_1
pick_up_the_black_bowl_next_to_the_plate_and_place_it_on_the_plate,demo_14,15,agentview,wooden_cabinet_1,is_right_of,glazed_rim_porcelain_ramekin_1
pick_up_the_black_bowl_next_to_the_plate_and_place_it_on_the_plate,demo_14,15,agentview,glazed_rim_porcelain_ramekin_1,is_left_of,flat_stove_1
pick_up_the_black_bowl_next_to_the_plate_and_place_it_on_the_plate,demo_14,15,agentview,flat_stove_1,is_right_of,glazed_rim_porcelain_ramekin_1
pick_up_the_black_bowl_next_to_the_plate_and_place_it_on_the_plate,demo_14,15,agentview,plate_1,is_left_of,wooden_cabinet_1
pick_up_the_black_bowl_next_to_the_plate_and_place_it_on_the_plate,demo_14,15,agentview,wooden_cabinet_1,is_right_of,plate_1
pick_up_the_black_bowl_next_to_the_plate_and_place_it_on_the_plate,demo_14,15,agentview,plate_1,is_left_of,flat_stove_1
pick_up_the_black_bowl_next_to_the_plate_and_place_it_on_the_plate,demo_14,15,agentview,flat_stove_1,is_right_of,plate_1
pick_up_the_black_bowl_next_to_the_plate_and_place_it_on_the_plate,demo_14,15,agentview,wooden_cabinet_1,is_in_front_of,flat_stove_1
pick_up_the_black_bowl_next_to_the_plate_and_place_it_on_the_plate,demo_14,15,agentview,flat_stove_1,is_behind,wooden_cabinet_1
pick_up_the_black_bowl_next_to_the_plate_and_place_it_on_the_plate,demo_14,20,agentview,akita_black_bowl_1,is_behind,akita_black_bowl_2
pick_up_the_black_bowl_next_to_the_plate_and_place_it_on_the_plate,demo_14,20,agentview,akita_black_bowl_2,is_in_front_of,akita_black_bowl_1
pick_up_the_black_bowl_next_to_the_plate_and_place_it_on_the_plate,demo_14,20,agentview,akita_black_bowl_1,is_left_of,cookies_1
pick_up_the_black_bowl_next_to_the_plate_and_place_it_on_the_plate,demo_14,20,agentview,cookies_1,is_right_of,akita_black_bowl_1
pick_up_the_black_bowl_next_to_the_plate_and_place_it_on_the_plate,demo_14,20,agentview,akita_black_bowl_1,is_left_of,glazed_rim_porcelain_ramekin_1
pick_up_the_black_bowl_next_to_the_plate_and_place_it_on_the_plate,demo_14,20,agentview,glazed_rim_porcelain_ramekin_1,is_right_of,akita_black_bowl_1
pick_up_the_black_bowl_next_to_the_plate_and_place_it_on_the_plate,demo_14,20,agentview,akita_black_bowl_1,is_behind,plate_1
pick_up_the_black_bowl_next_to_the_plate_and_place_it_on_the_plate,demo_14,20,agentview,plate_1,is_in_front_of,akita_black_bowl_1
pick_up_the_black_bowl_next_to_the_plate_and_place_it_on_the_plate,demo_14,20,agentview,akita_black_bowl_1,is_left_of,wooden_cabinet_1
pick_up_the_black_bowl_next_to_the_plate_and_place_it_on_the_plate,demo_14,20,agentview,wooden_cabinet_1,is_right_of,akita_black_bowl_1
pick_up_the_black_bowl_next_to_the_plate_and_place_it_on_the_plate,demo_14,20,agentview,akita_black_bowl_1,is_left_of,flat_stove_1
pick_up_the_black_bowl_next_to_the_plate_and_place_it_on_the_plate,demo_14,20,agentview,flat_stove_1,is_right_of,akita_black_bowl_1
pick_up_the_black_bowl_next_to_the_plate_and_place_it_on_the_plate,demo_14,20,agentview,akita_black_bowl_2,is_left_of,cookies_1
pick_up_the_black_bowl_next_to_the_plate_and_place_it_on_the_plate,demo_14,20,agentview,cookies_1,is_right_of,akita_black_bowl_2
pick_up_the_black_bowl_next_to_the_plate_and_place_it_on_the_plate,demo_14,20,agentview,akita_black_bowl_2,is_left_of,glazed_rim_porcelain_ramekin_1
pick_up_the_black_bowl_next_to_the_plate_and_place_it_on_the_plate,demo_14,20,agentview,glazed_rim_porcelain_ramekin_1,is_right_of,akita_black_bowl_2
pick_up_the_black_bowl_next_to_the_plate_and_place_it_on_the_plate,demo_14,20,agentview,akita_black_bowl_2,is_left_of,plate_1
pick_up_the_black_bowl_next_to_the_plate_and_place_it_on_the_plate,demo_14,20,agentview,plate_1,is_right_of,akita_black_bowl_2
pick_up_the_black_bowl_next_to_the_plate_and_place_it_on_the_plate,demo_14,20,agentview,akita_black_bowl_2,is_left_of,wooden_cabinet_1
pick_up_the_black_bowl_next_to_the_plate_and_place_it_on_the_plate,demo_14,20,agentview,wooden_cabinet_1,is_right_of,akita_black_bowl_2
pick_up_the_black_bowl_next_to_the_plate_and_place_it_on_the_plate,demo_14,20,agentview,akita_black_bowl_2,is_left_of,flat_stove_1
pick_up_the_black_bowl_next_to_the_plate_and_place_it_on_the_plate,demo_14,20,agentview,flat_stove_1,is_right_of,akita_black_bowl_2
pick_up_the_black_bowl_next_to_the_plate_and_place_it_on_the_plate,demo_14,20,agentview,cookies_1,is_in_front_of,glazed_rim_porcelain_ramekin_1
pick_up_the_black_bowl_next_to_the_plate_and_place_it_on_the_plate,demo_14,20,agentview,glazed_rim_porcelain_ramekin_1,is_behind,cookies_1
pick_up_the_black_bowl_next_to_the_plate_and_place_it_on_the_plate,demo_14,20,agentview,cookies_1,is_right_of,plate_1
pick_up_the_black_bowl_next_to_the_plate_and_place_it_on_the_plate,demo_14,20,agentview,plate_1,is_left_of,cookies_1
pick_up_the_black_bowl_next_to_the_plate_and_place_it_on_the_plate,demo_14,20,agentview,cookies_1,is_left_of,wooden_cabinet_1
pick_up_the_black_bowl_next_to_the_plate_and_place_it_on_the_plate,demo_14,20,agentview,wooden_cabinet_1,is_right_of,cookies_1
pick_up_the_black_bowl_next_to_the_plate_and_place_it_on_the_plate,demo_14,20,agentview,cookies_1,is_in_front_of,flat_stove_1
pick_up_the_black_bowl_next_to_the_plate_and_place_it_on_the_plate,demo_14,20,agentview,flat_stove_1,is_behind,cookies_1
pick_up_the_black_bowl_next_to_the_plate_and_place_it_on_the_plate,demo_14,20,agentview,glazed_rim_porcelain_ramekin_1,is_behind,plate_1
pick_up_the_black_bowl_next_to_the_plate_and_place_it_on_the_plate,demo_14,20,agentview,plate_1,is_in_front_of,glazed_rim_porcelain_ramekin_1
pick_up_the_black_bowl_next_to_the_plate_and_place_it_on_the_plate,demo_14,20,agentview,glazed_rim_porcelain_ramekin_1,is_left_of,wooden_cabinet_1
pick_up_the_black_bowl_next_to_the_plate_and_place_it_on_the_plate,demo_14,20,agentview,wooden_cabinet_1,is_right_of,glazed_rim_porcelain_ramekin_1
pick_up_the_black_bowl_next_to_the_plate_and_place_it_on_the_plate,demo_14,20,agentview,glazed_rim_porcelain_ramekin_1,is_left_of,flat_stove_1
pick_up_the_black_bowl_next_to_the_plate_and_place_it_on_the_plate,demo_14,20,agentview,flat_stove_1,is_right_of,glazed_rim_porcelain_ramekin_1
pick_up_the_black_bowl_next_to_the_plate_and_place_it_on_the_plate,demo_14,20,agentview,plate_1,is_left_of,wooden_cabinet_1
pick_up_the_black_bowl_next_to_the_plate_and_place_it_on_the_plate,demo_14,20,agentview,wooden_cabinet_1,is_right_of,plate_1
pick_up_the_black_bowl_next_to_the_plate_and_place_it_on_the_plate,demo_14,20,agentview,plate_1,is_left_of,flat_stove_1
pick_up_the_black_bowl_next_to_the_plate_and_place_it_on_the_plate,demo_14,20,agentview,flat_stove_1,is_right_of,plate_1
pick_up_the_black_bowl_next_to_the_plate_and_place_it_on_the_plate,demo_14,20,agentview,wooden_cabinet_1,is_right_of,flat_stove_1
pick_up_the_black_bowl_next_to_the_plate_and_place_it_on_the_plate,demo_14,20,agentview,flat_stove_1,is_left_of,wooden_cabinet_1
pick_up_the_black_bowl_next_to_the_plate_and_place_it_on_the_plate,demo_14,25,agentview,akita_black_bowl_1,is_in_front_of,akita_black_bowl_2
pick_up_the_black_bowl_next_to_the_plate_and_place_it_on_the_plate,demo_14,25,agentview,akita_black_bowl_2,is_behind,akita_black_bowl_1
pick_up_the_black_bowl_next_to_the_plate_and_place_it_on_the_plate,demo_14,25,agentview,akita_black_bowl_1,is_left_of,cookies_1
pick_up_the_black_bowl_next_to_the_plate_and_place_it_on_the_plate,demo_14,25,agentview,cookies_1,is_right_of,akita_black_bowl_1
pick_up_the_black_bowl_next_to_the_plate_and_place_it_on_the_plate,demo_14,25,agentview,akita_black_bowl_1,is_left_of,glazed_rim_porcelain_ramekin_1
pick_up_the_black_bowl_next_to_the_plate_and_place_it_on_the_plate,demo_14,25,agentview,glazed_rim_porcelain_ramekin_1,is_right_of,akita_black_bowl_1
pick_up_the_black_bowl_next_to_the_plate_and_place_it_on_the_plate,demo_14,25,agentview,akita_black_bowl_1,is_left_of,plate_1
pick_up_the_black_bowl_next_to_the_plate_and_place_it_on_the_plate,demo_14,25,agentview,plate_1,is_right_of,akita_black_bowl_1
pick_up_the_black_bowl_next_to_the_plate_and_place_it_on_the_plate,demo_14,25,agentview,akita_black_bowl_1,is_left_of,wooden_cabinet_1
pick_up_the_black_bowl_next_to_the_plate_and_place_it_on_the_plate,demo_14,25,agentview,wooden_cabinet_1,is_right_of,akita_black_bowl_1
pick_up_the_black_bowl_next_to_the_plate_and_place_it_on_the_plate,demo_14,25,agentview,akita_black_bowl_1,is_left_of,flat_stove_1
pick_up_the_black_bowl_next_to_the_plate_and_place_it_on_the_plate,demo_14,25,agentview,flat_stove_1,is_right_of,akita_black_bowl_1
pick_up_the_black_bowl_next_to_the_plate_and_place_it_on_the_plate,demo_14,25,agentview,akita_black_bowl_2,is_left_of,cookies_1
pick_up_the_black_bowl_next_to_the_plate_and_place_it_on_the_plate,demo_14,25,agentview,cookies_1,is_right_of,akita_black_bowl_2
pick_up_the_black_bowl_next_to_the_plate_and_place_it_on_the_plate,demo_14,25,agentview,akita_black_bowl_2,is_left_of,glazed_rim_porcelain_ramekin_1
pick_up_the_black_bowl_next_to_the_plate_and_place_it_on_the_plate,demo_14,25,agentview,glazed_rim_porcelain_ramekin_1,is_right_of,akita_black_bowl_2
pick_up_the_black_bowl_next_to_the_plate_and_place_it_on_the_plate,demo_14,25,agentview,akita_black_bowl_2,is_behind,plate_1
pick_up_the_black_bowl_next_to_the_plate_and_place_it_on_the_plate,demo_14,25,agentview,plate_1,is_in_front_of,akita_black_bowl_2
pick_up_the_black_bowl_next_to_the_plate_and_place_it_on_the_plate,demo_14,25,agentview,akita_black_bowl_2,is_left_of,wooden_cabinet_1
pick_up_the_black_bowl_next_to_the_plate_and_place_it_on_the_plate,demo_14,25,agentview,wooden_cabinet_1,is_right_of,akita_black_bowl_2
pick_up_the_black_bowl_next_to_the_plate_and_place_it_on_the_plate,demo_14,25,agentview,akita_black_bowl_2,is_left_of,flat_stove_1
pick_up_the_black_bowl_next_to_the_plate_and_place_it_on_the_plate,demo_14,25,agentview,flat_stove_1,is_right_of,akita_black_bowl_2
pick_up_the_black_bowl_next_to_the_plate_and_place_it_on_the_plate,demo_14,25,agentview,cookies_1,is_in_front_of,glazed_rim_porcelain_ramekin_1
pick_up_the_black_bowl_next_to_the_plate_and_place_it_on_the_plate,demo_14,25,agentview,glazed_rim_porcelain_ramekin_1,is_behind,cookies_1
pick_up_the_black_bowl_next_to_the_plate_and_place_it_on_the_plate,demo_14,25,agentview,cookies_1,is_right_of,plate_1
pick_up_the_black_bowl_next_to_the_plate_and_place_it_on_the_plate,demo_14,25,agentview,plate_1,is_left_of,cookies_1
pick_up_the_black_bowl_next_to_the_plate_and_place_it_on_the_plate,demo_14,25,agentview,cookies_1,is_left_of,wooden_cabinet_1
pick_up_the_black_bowl_next_to_the_plate_and_place_it_on_the_plate,demo_14,25,agentview,wooden_cabinet_1,is_right_of,cookies_1
pick_up_the_black_bowl_next_to_the_plate_and_place_it_on_the_plate,demo_14,25,agentview,cookies_1,is_in_front_of,flat_stove_1
pick_up_the_black_bowl_next_to_the_plate_and_place_it_on_the_plate,demo_14,25,agentview,flat_stove_1,is_behind,cookies_1
pick_up_the_black_bowl_next_to_the_plate_and_place_it_on_the_plate,demo_14,25,agentview,glazed_rim_porcelain_ramekin_1,is_behind,plate_1
pick_up_the_black_bowl_next_to_the_plate_and_place_it_on_the_plate,demo_14,25,agentview,plate_1,is_in_front_of,glazed_rim_porcelain_ramekin_1
pick_up_the_black_bowl_next_to_the_plate_and_place_it_on_the_plate,demo_14,25,agentview,glazed_rim_porcelain_ramekin_1,is_left_of,wooden_cabinet_1
pick_up_the_black_bowl_next_to_the_plate_and_place_it_on_the_plate,demo_14,25,agentview,wooden_cabinet_1,is_right_of,glazed_rim_porcelain_ramekin_1
pick_up_the_black_bowl_next_to_the_plate_and_place_it_on_the_plate,demo_14,25,agentview,glazed_rim_porcelain_ramekin_1,is_left_of,flat_stove_1
pick_up_the_black_bowl_next_to_the_plate_and_place_it_on_the_plate,demo_14,25,agentview,flat_stove_1,is_right_of,glazed_rim_porcelain_ramekin_1
pick_up_the_black_bowl_next_to_the_plate_and_place_it_on_the_plate,demo_14,25,agentview,plate_1,is_left_of,wooden_cabinet_1
pick_up_the_black_bowl_next_to_the_plate_and_place_it_on_the_plate,demo_14,25,agentview,wooden_cabinet_1,is_right_of,plate_1
pick_up_the_black_bowl_next_to_the_plate_and_place_it_on_the_plate,demo_14,25,agentview,plate_1,is_left_of,flat_stove_1
pick_up_the_black_bowl_next_to_the_plate_and_place_it_on_the_plate,demo_14,25,agentview,flat_stove_1,is_right_of,plate_1
pick_up_the_black_bowl_next_to_the_plate_and_place_it_on_the_plate,demo_14,25,agentview,wooden_cabinet_1,is_right_of,flat_stove_1
pick_up_the_black_bowl_next_to_the_plate_and_place_it_on_the_plate,demo_14,25,agentview,flat_stove_1,is_left_of,wooden_cabinet_1
pick_up_the_black_bowl_next_to_the_plate_and_place_it_on_the_plate,demo_14,30,agentview,akita_black_bowl_1,is_in_front_of,akita_black_bowl_2
pick_up_the_black_bowl_next_to_the_plate_and_place_it_on_the_plate,demo_14,30,agentview,akita_black_bowl_2,is_behind,akita_black_bowl_1
pick_up_the_black_bowl_next_to_the_plate_and_place_it_on_the_plate,demo_14,30,agentview,akita_black_bowl_1,is_left_of,cookies_1
pick_up_the_black_bowl_next_to_the_plate_and_place_it_on_the_plate,demo_14,30,agentview,cookies_1,is_right_of,akita_black_bowl_1
pick_up_the_black_bowl_next_to_the_plate_and_place_it_on_the_plate,demo_14,30,agentview,akita_black_bowl_1,is_left_of,glazed_rim_porcelain_ramekin_1
pick_up_the_black_bowl_next_to_the_plate_and_place_it_on_the_plate,demo_14,30,agentview,glazed_rim_porcelain_ramekin_1,is_right_of,akita_black_bowl_1
pick_up_the_black_bowl_next_to_the_plate_and_place_it_on_the_plate,demo_14,30,agentview,akita_black_bowl_1,is_left_of,plate_1
pick_up_the_black_bowl_next_to_the_plate_and_place_it_on_the_plate,demo_14,30,agentview,plate_1,is_right_of,akita_black_bowl_1
pick_up_the_black_bowl_next_to_the_plate_and_place_it_on_the_plate,demo_14,30,agentview,akita_black_bowl_1,is_left_of,wooden_cabinet_1
pick_up_the_black_bowl_next_to_the_plate_and_place_it_on_the_plate,demo_14,30,agentview,wooden_cabinet_1,is_right_of,akita_black_bowl_1
pick_up_the_black_bowl_next_to_the_plate_and_place_it_on_the_plate,demo_14,30,agentview,akita_black_bowl_1,is_left_of,flat_stove_1
pick_up_the_black_bowl_next_to_the_plate_and_place_it_on_the_plate,demo_14,30,agentview,flat_stove_1,is_right_of,akita_black_bowl_1
pick_up_the_black_bowl_next_to_the_plate_and_place_it_on_the_plate,demo_14,30,agentview,akita_black_bowl_2,is_left_of,cookies_1
pick_up_the_black_bowl_next_to_the_plate_and_place_it_on_the_plate,demo_14,30,agentview,cookies_1,is_right_of,akita_black_bowl_2
pick_up_the_black_bowl_next_to_the_plate_and_place_it_on_the_plate,demo_14,30,agentview,akita_black_bowl_2,is_left_of,glazed_rim_porcelain_ramekin_1
pick_up_the_black_bowl_next_to_the_plate_and_place_it_on_the_plate,demo_14,30,agentview,glazed_rim_porcelain_ramekin_1,is_right_of,akita_black_bowl_2
pick_up_the_black_bowl_next_to_the_plate_and_place_it_on_the_plate,demo_14,30,agentview,akita_black_bowl_2,is_behind,plate_1
pick_up_the_black_bowl_next_to_the_plate_and_place_it_on_the_plate,demo_14,30,agentview,plate_1,is_in_front_of,akita_black_bowl_2
pick_up_the_black_bowl_next_to_the_plate_and_place_it_on_the_plate,demo_14,30,agentview,akita_black_bowl_2,is_left_of,wooden_cabinet_1
pick_up_the_black_bowl_next_to_the_plate_and_place_it_on_the_plate,demo_14,30,agentview,wooden_cabinet_1,is_right_of,akita_black_bowl_2
pick_up_the_black_bowl_next_to_the_plate_and_place_it_on_the_plate,demo_14,30,agentview,akita_black_bowl_2,is_left_of,flat_stove_1
pick_up_the_black_bowl_next_to_the_plate_and_place_it_on_the_plate,demo_14,30,agentview,flat_stove_1,is_right_of,akita_black_bowl_2
pick_up_the_black_bowl_next_to_the_plate_and_place_it_on_the_plate,demo_14,30,agentview,cookies_1,is_in_front_of,glazed_rim_porcelain_ramekin_1
pick_up_the_black_bowl_next_to_the_plate_and_place_it_on_the_plate,demo_14,30,agentview,glazed_rim_porcelain_ramekin_1,is_behind,cookies_1
pick_up_the_black_bowl_next_to_the_plate_and_place_it_on_the_plate,demo_14,30,agentview,cookies_1,is_right_of,plate_1
pick_up_the_black_bowl_next_to_the_plate_and_place_it_on_the_plate,demo_14,30,agentview,plate_1,is_left_of,cookies_1
pick_up_the_black_bowl_next_to_the_plate_and_place_it_on_the_plate,demo_14,30,agentview,cookies_1,is_left_of,wooden_cabinet_1
pick_up_the_black_bowl_next_to_the_plate_and_place_it_on_the_plate,demo_14,30,agentview,wooden_cabinet_1,is_right_of,cookies_1
pick_up_the_black_bowl_next_to_the_plate_and_place_it_on_the_plate,demo_14,30,agentview,cookies_1,is_in_front_of,flat_stove_1
pick_up_the_black_bowl_next_to_the_plate_and_place_it_on_the_plate,demo_14,30,agentview,flat_stove_1,is_behind,cookies_1
pick_up_the_black_bowl_next_to_the_plate_and_place_it_on_the_plate,demo_14,30,agentview,glazed_rim_porcelain_ramekin_1,is_behind,plate_1
pick_up_the_black_bowl_next_to_the_plate_and_place_it_on_the_plate,demo_14,30,agentview,plate_1,is_in_front_of,glazed_rim_porcelain_ramekin_1
pick_up_the_black_bowl_next_to_the_plate_and_place_it_on_the_plate,demo_14,30,agentview,glazed_rim_porcelain_ramekin_1,is_left_of,wooden_cabinet_1
pick_up_the_black_bowl_next_to_the_plate_and_place_it_on_the_plate,demo_14,30,agentview,wooden_cabinet_1,is_right_of,glazed_rim_porcelain_ramekin_1
pick_up_the_black_bowl_next_to_the_plate_and_place_it_on_the_plate,demo_14,30,agentview,glazed_rim_porcelain_ramekin_1,is_left_of,flat_stove_1
pick_up_the_black_bowl_next_to_the_plate_and_place_it_on_the_plate,demo_14,30,agentview,flat_stove_1,is_right_of,glazed_rim_porcelain_ramekin_1
pick_up_the_black_bowl_next_to_the_plate_and_place_it_on_the_plate,demo_14,30,agentview,plate_1,is_left_of,wooden_cabinet_1
pick_up_the_black_bowl_next_to_the_plate_and_place_it_on_the_plate,demo_14,30,agentview,wooden_cabinet_1,is_right_of,plate_1
pick_up_the_black_bowl_next_to_the_plate_and_place_it_on_the_plate,demo_14,30,agentview,plate_1,is_left_of,flat_stove_1
pick_up_the_black_bowl_next_to_the_plate_and_place_it_on_the_plate,demo_14,30,agentview,flat_stove_1,is_right_of,plate_1
pick_up_the_black_bowl_next_to_the_plate_and_place_it_on_the_plate,demo_14,30,agentview,wooden_cabinet_1,is_in_front_of,flat_stove_1
pick_up_the_black_bowl_next_to_the_plate_and_place_it_on_the_plate,demo_14,30,agentview,flat_stove_1,is_behind,wooden_cabinet_1
pick_up_the_black_bowl_next_to_the_plate_and_place_it_on_the_plate,demo_14,35,agentview,akita_black_bowl_1,is_left_of,akita_black_bowl_2
pick_up_the_black_bowl_next_to_the_plate_and_place_it_on_the_plate,demo_14,35,agentview,akita_black_bowl_2,is_right_of,akita_black_bowl_1
pick_up_the_black_bowl_next_to_the_plate_and_place_it_on_the_plate,demo_14,35,agentview,akita_black_bowl_1,is_left_of,cookies_1
pick_up_the_black_bowl_next_to_the_plate_and_place_it_on_the_plate,demo_14,35,agentview,cookies_1,is_right_of,akita_black_bowl_1
pick_up_the_black_bowl_next_to_the_plate_and_place_it_on_the_plate,demo_14,35,agentview,akita_black_bowl_1,is_left_of,glazed_rim_porcelain_ramekin_1
pick_up_the_black_bowl_next_to_the_plate_and_place_it_on_the_plate,demo_14,35,agentview,glazed_rim_porcelain_ramekin_1,is_right_of,akita_black_bowl_1
pick_up_the_black_bowl_next_to_the_plate_and_place_it_on_the_plate,demo_14,35,agentview,akita_black_bowl_1,is_left_of,plate_1
pick_up_the_black_bowl_next_to_the_plate_and_place_it_on_the_plate,demo_14,35,agentview,plate_1,is_right_of,akita_black_bowl_1
pick_up_the_black_bowl_next_to_the_plate_and_place_it_on_the_plate,demo_14,35,agentview,akita_black_bowl_1,is_left_of,wooden_cabinet_1
pick_up_the_black_bowl_next_to_the_plate_and_place_it_on_the_plate,demo_14,35,agentview,wooden_cabinet_1,is_right_of,akita_black_bowl_1
pick_up_the_black_bowl_next_to_the_plate_and_place_it_on_the_plate,demo_14,40,agentview,akita_black_bowl_1,is_left_of,akita_black_bowl_2
pick_up_the_black_bowl_next_to_the_plate_and_place_it_on_the_plate,demo_14,40,agentview,akita_black_bowl_2,is_right_of,akita_black_bowl_1
pick_up_the_black_bowl_next_to_the_plate_and_place_it_on_the_plate,demo_14,40,agentview,akita_black_bowl_1,is_left_of,cookies_1
pick_up_the_black_bowl_next_to_the_plate_and_place_it_on_the_plate,demo_14,40,agentview,cookies_1,is_right_of,akita_black_bowl_1
pick_up_the_black_bowl_next_to_the_plate_and_place_it_on_the_plate,demo_14,40,agentview,akita_black_bowl_1,is_in_front_of,glazed_rim_porcelain_ramekin_1
pick_up_the_black_bowl_next_to_the_plate_and_place_it_on_the_plate,demo_14,40,agentview,glazed_rim_porcelain_ramekin_1,is_behind,akita_black_bowl_1
pick_up_the_black_bowl_next_to_the_plate_and_place_it_on_the_plate,demo_14,40,agentview,akita_black_bowl_1,is_behind,plate_1
pick_up_the_black_bowl_next_to_the_plate_and_place_it_on_the_plate,demo_14,40,agentview,plate_1,is_in_front_of,akita_black_bowl_1
pick_up_the_black_bowl_next_to_the_plate_and_place_it_on_the_plate,demo_14,40,agentview,akita_black_bowl_1,is_left_of,wooden_cabinet_1
pick_up_the_black_bowl_next_to_the_plate_and_place_it_on_the_plate,demo_14,40,agentview,wooden_cabinet_1,is_right_of,akita_black_bowl_1
pick_up_the_black_bowl_next_to_the_plate_and_place_it_on_the_plate,demo_14,40,agentview,akita_black_bowl_1,is_left_of,flat_stove_1
pick_up_the_black_bowl_next_to_the_plate_and_place_it_on_the_plate,demo_14,40,agentview,flat_stove_1,is_right_of,akita_black_bowl_1
pick_up_the_black_bowl_next_to_the_plate_and_place_it_on_the_plate,demo_14,40,agentview,akita_black_bowl_2,is_behind,cookies_1
pick_up_the_black_bowl_next_to_the_plate_and_place_it_on_the_plate,demo_14,40,agentview,cookies_1,is_in_front_of,akita_black_bowl_2
pick_up_the_black_bowl_next_to_the_plate_and_place_it_on_the_plate,demo_14,40,agentview,akita_black_bowl_2,is_right_of,glazed_rim_porcelain_ramekin_1
pick_up_the_black_bowl_next_to_the_plate_and_place_it_on_the_plate,demo_14,40,agentview,glazed_rim_porcelain_ramekin_1,is_left_of,akita_black_bowl_2
pick_up_the_black_bowl_next_to_the_plate_and_place_it_on_the_plate,demo_14,40,agentview,akita_black_bowl_2,is_right_of,plate_1
pick_up_the_black_bowl_next_to_the_plate_and_place_it_on_the_plate,demo_14,40,agentview,plate_1,is_left_of,akita_black_bowl_2
pick_up_the_black_bowl_next_to_the_plate_and_place_it_on_the_plate,demo_14,40,agentview,akita_black_bowl_2,is_left_of,wooden_cabinet_1
pick_up_the_black_bowl_next_to_the_plate_and_place_it_on_the_plate,demo_14,45,agentview,akita_black_bowl_1,is_left_of,akita_black_bowl_2
pick_up_the_black_bowl_next_to_the_plate_and_place_it_on_the_plate,demo_14,45,agentview,akita_black_bowl_2,is_right_of,akita_black_bowl_1
pick_up_the_black_bowl_next_to_the_plate_and_place_it_on_the_plate,demo_14,45,agentview,akita_black_bowl_1,is_left_of,cookies_1
pick_up_the_black_bowl_next_to_the_plate_and_place_it_on_the_plate,demo_14,45,agentview,cookies_1,is_right_of,akita_black_bowl_1
pick_up_the_black_bowl_next_to_the_plate_and_place_it_on_the_plate,demo_14,45,agentview,akita_black_bowl_1,is_left_of,glazed_rim_porcelain_ramekin_1
pick_up_the_black_bowl_next_to_the_plate_and_place_it_on_the_plate,demo_14,45,agentview,glazed_rim_porcelain_ramekin_1,is_right_of,akita_black_bowl_1
pick_up_the_black_bowl_next_to_the_plate_and_place_it_on_the_plate,demo_14,45,agentview,akita_black_bowl_1,is_behind,plate_1
pick_up_the_black_bowl_next_to_the_plate_and_place_it_on_the_plate,demo_14,45,agentview,plate_1,is_in_front_of,akita_black_bowl_1
pick_up_the_black_bowl_next_to_the_plate_and_place_it_on_the_plate,demo_14,45,agentview,akita_black_bowl_1,is_left_of,wooden_cabinet_1
pick_up_the_black_bowl_next_to_the_plate_and_place_it_on_the_plate,demo_14,45,agentview,wooden_cabinet_1,is_right_of,akita_black_bowl_1
pick_up_the_black_bowl_next_to_the_plate_and_place_it_on_the_plate,demo_14,45,agentview,akita_black_bowl_1,is_left_of,flat_stove_1
pick_up_the_black_bowl_next_to_the_plate_and_place_it_on_the_plate,demo_14,45,agentview,flat_stove_1,is_right_of,akita_black_bowl_1
pick_up_the_black_bowl_next_to_the_plate_and_place_it_on_the_plate,demo_14,45,agentview,akita_black_bowl_2,is_behind,cookies_1
pick_up_the_black_bowl_next_to_the_plate_and_place_it_on_the_plate,demo_14,45,agentview,cookies_1,is_in_front_of,akita_black_bowl_2
pick_up_the_black_bowl_next_to_the_plate_and_place_it_on_the_plate,demo_14,45,agentview,akita_black_bowl_2,is_right_of,glazed_rim_porcelain_ramekin_1
pick_up_the_black_bowl_next_to_the_plate_and_place_it_on_the_plate,demo_14,45,agentview,glazed_rim_porcelain_ramekin_1,is_left_of,akita_black_bowl_2
pick_up_the_black_bowl_next_to_the_plate_and_place_it_on_the_plate,demo_14,45,agentview,akita_black_bowl_2,is_right_of,plate_1
pick_up_the_black_bowl_next_to_the_plate_and_place_it_on_the_plate,demo_14,45,agentview,plate_1,is_left_of,akita_black_bowl_2
pick_up_the_black_bowl_next_to_the_plate_and_place_it_on_the_plate,demo_14,45,agentview,akita_black_bowl_2,is_left_of,wooden_cabinet_1
pick_up_the_black_bowl_next_to_the_plate_and_place_it_on_the_plate,demo_14,45,agentview,wooden_cabinet_1,is_right_of,akita_black_bowl_2
pick_up_the_black_bowl_next_to_the_plate_and_place_it_on_the_plate,demo_14,45,agentview,akita_black_bowl_2,is_on_top_of,flat_stove_1
pick_up_the_black_bowl_next_to_the_plate_and_place_it_on_the_plate,demo_14,45,agentview,flat_stove_1,is_below_of,akita_black_bowl_2
pick_up_the_black_bowl_next_to_the_plate_and_place_it_on_the_plate,demo_14,45,agentview,cookies_1,is_in_front_of,glazed_rim_porcelain_ramekin_1
pick_up_the_black_bowl_next_to_the_plate_and_place_it_on_the_plate,demo_14,45,agentview,glazed_rim_porcelain_ramekin_1,is_behind,cookies_1
pick_up_the_black_bowl_next_to_the_plate_and_place_it_on_the_plate,demo_14,45,agentview,cookies_1,is_right_of,plate_1
pick_up_the_black_bowl_next_to_the_plate_and_place_it_on_the_plate,demo_14,45,agentview,plate_1,is_left_of,cookies_1
pick_up_the_black_bowl_next_to_the_plate_and_place_it_on_the_plate,demo_14,45,agentview,cookies_1,is_left_of,wooden_cabinet_1
pick_up_the_black_bowl_next_to_the_plate_and_place_it_on_the_plate,demo_14,45,agentview,wooden_cabinet_1,is_right_of,cookies_1
pick_up_the_black_bowl_next_to_the_plate_and_place_it_on_the_plate,demo_14,45,agentview,cookies_1,is_in_front_of,flat_stove_1
pick_up_the_black_bowl_next_to_the_plate_and_place_it_on_the_plate,demo_14,45,agentview,flat_stove_1,is_behind,cookies_1
pick_up_the_black_bowl_next_to_the_plate_and_place_it_on_the_plate,demo_14,45,agentview,glazed_rim_porcelain_ramekin_1,is_behind,plate_1
pick_up_the_black_bowl_next_to_the_plate_and_place_it_on_the_plate,demo_14,45,agentview,plate_1,is_in_front_of,glazed_rim_porcelain_ramekin_1
pick_up_the_black_bowl_next_to_the_plate_and_place_it_on_the_plate,demo_14,45,agentview,glazed_rim_porcelain_ramekin_1,is_left_of,wooden_cabinet_1
pick_up_the_black_bowl_next_to_the_plate_and_place_it_on_the_plate,demo_14,45,agentview,wooden_cabinet_1,is_right_of,glazed_rim_porcelain_ramekin_1
pick_up_the_black_bowl_next_to_the_plate_and_place_it_on_the_plate,demo_14,45,agentview,glazed_rim_porcelain_ramekin_1,is_left_of,flat_stove_1
pick_up_the_black_bowl_next_to_the_plate_and_place_it_on_the_plate,demo_14,45,agentview,flat_stove_1,is_right_of,glazed_rim_porcelain_ramekin_1
pick_up_the_black_bowl_next_to_the_plate_and_place_it_on_the_plate,demo_14,45,agentview,plate_1,is_left_of,wooden_cabinet_1
pick_up_the_black_bowl_next_to_the_plate_and_place_it_on_the_plate,demo_14,45,agentview,wooden_cabinet_1,is_right_of,plate_1
pick_up_the_black_bowl_next_to_the_plate_and_place_it_on_the_plate,demo_14,45,agentview,plate_1,is_left_of,flat_stove_1
pick_up_the_black_bowl_next_to_the_plate_and_place_it_on_the_plate,demo_14,45,agentview,flat_stove_1,is_right_of,plate_1
pick_up_the_black_bowl_next_to_the_plate_and_place_it_on_the_plate,demo_14,45,agentview,wooden_cabinet_1,is_right_of,flat_stove_1
pick_up_the_black_bowl_next_to_the_plate_and_place_it_on_the_plate,demo_14,45,agentview,flat_stove_1,is_left_of,wooden_cabinet_1
pick_up_the_black_bowl_next_to_the_plate_and_place_it_on_the_plate,demo_14,50,agentview,akita_black_bowl_1,is_left_of,akita_black_bowl_2
pick_up_the_black_bowl_next_to_the_plate_and_place_it_on_the_plate,demo_14,50,agentview,akita_black_bowl_2,is_right_of,akita_black_bowl_1
pick_up_the_black_bowl_next_to_the_plate_and_place_it_on_the_plate,demo_14,50,agentview,akita_black_bowl_1,is_left_of,cookies_1
pick_up_the_black_bowl_next_to_the_plate_and_place_it_on_the_plate,demo_14,50,agentview,cookies_1,is_right_of,akita_black_bowl_1
pick_up_the_black_bowl_next_to_the_plate_and_place_it_on_the_plate,demo_14,50,agentview,akita_black_bowl_1,is_in_front_of,glazed_rim_porcelain_ramekin_1
pick_up_the_black_bowl_next_to_the_plate_and_place_it_on_the_plate,demo_14,50,agentview,glazed_rim_porcelain_ramekin_1,is_behind,akita_black_bowl_1
pick_up_the_black_bowl_next_to_the_plate_and_place_it_on_the_plate,demo_14,50,agentview,akita_black_bowl_1,is_behind,plate_1
pick_up_the_black_bowl_next_to_the_plate_and_place_it_on_the_plate,demo_14,50,agentview,plate_1,is_in_front_of,akita_black_bowl_1
pick_up_the_black_bowl_next_to_the_plate_and_place_it_on_the_plate,demo_14,50,agentview,akita_black_bowl_1,is_left_of,wooden_cabinet_1
pick_up_the_black_bowl_next_to_the_plate_and_place_it_on_the_plate,demo_14,50,agentview,wooden_cabinet_1,is_right_of,akita_black_bowl_1
pick_up_the_black_bowl_next_to_the_plate_and_place_it_on_the_plate,demo_14,50,agentview,akita_black_bowl_1,is_left_of,flat_stove_1
pick_up_the_black_bowl_next_to_the_plate_and_place_it_on_the_plate,demo_14,50,agentview,flat_stove_1,is_right_of,akita_black_bowl_1
pick_up_the_black_bowl_next_to_the_plate_and_place_it_on_the_plate,demo_14,50,agentview,akita_black_bowl_2,is_behind,cookies_1
pick_up_the_black_bowl_next_to_the_plate_and_place_it_on_the_plate,demo_14,50,agentview,cookies_1,is_in_front_of,akita_black_bowl_2
pick_up_the_black_bowl_next_to_the_plate_and_place_it_on_the_plate,demo_14,50,agentview,akita_black_bowl_2,is_right_of,glazed_rim_porcelain_ramekin_1
pick_up_the_black_bowl_next_to_the_plate_and_place_it_on_the_plate,demo_14,50,agentview,glazed_rim_porcelain_ramekin_1,is_left_of,akita_black_bowl_2
pick_up_the_black_bowl_next_to_the_plate_and_place_it_on_the_plate,demo_14,50,agentview,akita_black_bowl_2,is_right_of,plate_1
pick_up_the_black_bowl_next_to_the_plate_and_place_it_on_the_plate,demo_14,50,agentview,plate_1,is_left_of,akita_black_bowl_2
pick_up_the_black_bowl_next_to_the_plate_and_place_it_on_the_plate,demo_14,50,agentview,akita_black_bowl_2,is_behind,wooden_cabinet_1
pick_up_the_black_bowl_next_to_the_plate_and_place_it_on_the_plate,demo_14,50,agentview,wooden_cabinet_1,is_in_front_of,akita_black_bowl_2
pick_up_the_black_bowl_next_to_the_plate_and_place_it_on_the_plate,demo_14,50,agentview,akita_black_bowl_2,is_on_top_of,flat_stove_1
pick_up_the_black_bowl_next_to_the_plate_and_place_it_on_the_plate,demo_14,50,agentview,flat_stove_1,is_below_of,akita_black_bowl_2
pick_up_the_black_bowl_next_to_the_plate_and_place_it_on_the_plate,demo_14,50,agentview,cookies_1,is_in_front_of,glazed_rim_porcelain_ramekin_1
pick_up_the_black_bowl_next_to_the_plate_and_place_it_on_the_plate,demo_14,50,agentview,glazed_rim_porcelain_ramekin_1,is_behind,cookies_1
pick_up_the_black_bowl_next_to_the_plate_and_place_it_on_the_plate,demo_14,50,agentview,cookies_1,is_right_of,plate_1
pick_up_the_black_bowl_next_to_the_plate_and_place_it_on_the_plate,demo_14,50,agentview,plate_1,is_left_of,cookies_1
pick_up_the_black_bowl_next_to_the_plate_and_place_it_on_the_plate,demo_14,50,agentview,cookies_1,is_left_of,wooden_cabinet_1
pick_up_the_black_bowl_next_to_the_plate_and_place_it_on_the_plate,demo_14,50,agentview,wooden_cabinet_1,is_right_of,cookies_1
pick_up_the_black_bowl_next_to_the_plate_and_place_it_on_the_plate,demo_14,50,agentview,cookies_1,is_in_front_of,flat_stove_1
pick_up_the_black_bowl_next_to_the_plate_and_place_it_on_the_plate,demo_14,50,agentview,flat_stove_1,is_behind,cookies_1
pick_up_the_black_bowl_next_to_the_plate_and_place_it_on_the_plate,demo_14,50,agentview,glazed_rim_porcelain_ramekin_1,is_behind,plate_1
pick_up_the_black_bowl_next_to_the_plate_and_place_it_on_the_plate,demo_14,50,agentview,plate_1,is_in_front_of,glazed_rim_porcelain_ramekin_1
pick_up_the_black_bowl_next_to_the_plate_and_place_it_on_the_plate,demo_14,50,agentview,glazed_rim_porcelain_ramekin_1,is_left_of,wooden_cabinet_1
pick_up_the_black_bowl_next_to_the_plate_and_place_it_on_the_plate,demo_14,50,agentview,wooden_cabinet_1,is_right_of,glazed_rim_porcelain_ramekin_1
pick_up_the_black_bowl_next_to_the_plate_and_place_it_on_the_plate,demo_14,50,agentview,glazed_rim_porcelain_ramekin_1,is_left_of,flat_stove_1
pick_up_the_black_bowl_next_to_the_plate_and_place_it_on_the_plate,demo_14,50,agentview,flat_stove_1,is_right_of,glazed_rim_porcelain_ramekin_1
pick_up_the_black_bowl_next_to_the_plate_and_place_it_on_the_plate,demo_14,50,agentview,plate_1,is_left_of,wooden_cabinet_1
pick_up_the_black_bowl_next_to_the_plate_and_place_it_on_the_plate,demo_14,50,agentview,wooden_cabinet_1,is_right_of,plate_1
pick_up_the_black_bowl_next_to_the_plate_and_place_it_on_the_plate,demo_14,50,agentview,plate_1,is_left_of,flat_stove_1
pick_up_the_black_bowl_next_to_the_plate_and_place_it_on_the_plate,demo_14,50,agentview,flat_stove_1,is_right_of,plate_1
pick_up_the_black_bowl_next_to_the_plate_and_place_it_on_the_plate,demo_14,50,agentview,wooden_cabinet_1,is_in_front_of,flat_stove_1
pick_up_the_black_bowl_next_to_the_plate_and_place_it_on_the_plate,demo_14,50,agentview,flat_stove_1,is_behind,wooden_cabinet_1
pick_up_the_black_bowl_next_to_the_plate_and_place_it_on_the_plate,demo_14,55,agentview,akita_black_bowl_1,is_left_of,akita_black_bowl_2
pick_up_the_black_bowl_next_to_the_plate_and_place_it_on_the_plate,demo_14,55,agentview,akita_black_bowl_2,is_right_of,akita_black_bowl_1
pick_up_the_black_bowl_next_to_the_plate_and_place_it_on_the_plate,demo_14,55,agentview,akita_black_bowl_1,is_left_of,cookies_1
pick_up_the_black_bowl_next_to_the_plate_and_place_it_on_the_plate,demo_14,55,agentview,cookies_1,is_right_of,akita_black_bowl_1
pick_up_the_black_bowl_next_to_the_plate_and_place_it_on_the_plate,demo_14,55,agentview,akita_black_bowl_1,is_left_of,glazed_rim_porcelain_ramekin_1
pick_up_the_black_bowl_next_to_the_plate_and_place_it_on_the_plate,demo_14,55,agentview,glazed_rim_porcelain_ramekin_1,is_right_of,akita_black_bowl_1
pick_up_the_black_bowl_next_to_the_plate_and_place_it_on_the_plate,demo_14,55,agentview,akita_black_bowl_1,is_left_of,plate_1
pick_up_the_black_bowl_next_to_the_plate_and_place_it_on_the_plate,demo_14,55,agentview,plate_1,is_right_of,akita_black_bowl_1
pick_up_the_black_bowl_next_to_the_plate_and_place_it_on_the_plate,demo_14,55,agentview,akita_black_bowl_1,is_left_of,wooden_cabinet_1
pick_up_the_black_bowl_next_to_the_plate_and_place_it_on_the_plate,demo_14,55,agentview,wooden_cabinet_1,is_right_of,akita_black_bowl_1
pick_up_the_black_bowl_next_to_the_plate_and_place_it_on_the_plate,demo_14,55,agentview,akita_black_bowl_1,is_left_of,flat_stove_1
pick_up_the_black_bowl_next_to_the_plate_and_place_it_on_the_plate,demo_14,55,agentview,flat_stove_1,is_right_of,akita_black_bowl_1
pick_up_the_black_bowl_next_to_the_plate_and_place_it_on_the_plate,demo_14,55,agentview,akita_black_bowl_2,is_behind,cookies_1
pick_up_the_black_bowl_next_to_the_plate_and_place_it_on_the_plate,demo_14,55,agentview,cookies_1,is_in_front_of,akita_black_bowl_2
pick_up_the_black_bowl_next_to_the_plate_and_place_it_on_the_plate,demo_14,55,agentview,akita_black_bowl_2,is_right_of,glazed_rim_porcelain_ramekin_1
pick_up_the_black_bowl_next_to_the_plate_and_place_it_on_the_plate,demo_14,55,agentview,glazed_rim_porcelain_ramekin_1,is_left_of,akita_black_bowl_2
pick_up_the_black_bowl_next_to_the_plate_and_place_it_on_the_plate,demo_14,55,agentview,akita_black_bowl_2,is_right_of,plate_1
pick_up_the_black_bowl_next_to_the_plate_and_place_it_on_the_plate,demo_14,55,agentview,plate_1,is_left_of,akita_black_bowl_2
pick_up_the_black_bowl_next_to_the_plate_and_place_it_on_the_plate,demo_14,55,agentview,akita_black_bowl_2,is_left_of,wooden_cabinet_1
pick_up_the_black_bowl_next_to_the_plate_and_place_it_on_the_plate,demo_14,55,agentview,wooden_cabinet_1,is_right_of,akita_black_bowl_2
pick_up_the_black_bowl_next_to_the_plate_and_place_it_on_the_plate,demo_14,55,agentview,akita_black_bowl_2,is_on_top_of,flat_stove_1
pick_up_the_black_bowl_next_to_the_plate_and_place_it_on_the_plate,demo_14,55,agentview,flat_stove_1,is_below_of,akita_black_bowl_2
pick_up_the_black_bowl_next_to_the_plate_and_place_it_on_the_plate,demo_14,55,agentview,cookies_1,is_in_front_of,glazed_rim_porcelain_ramekin_1
pick_up_the_black_bowl_next_to_the_plate_and_place_it_on_the_plate,demo_14,55,agentview,glazed_rim_porcelain_ramekin_1,is_behind,cookies_1
pick_up_the_black_bowl_next_to_the_plate_and_place_it_on_the_plate,demo_14,55,agentview,cookies_1,is_right_of,plate_1
pick_up_the_black_bowl_next_to_the_plate_and_place_it_on_the_plate,demo_14,55,agentview,plate_1,is_left_of,cookies_1
pick_up_the_black_bowl_next_to_the_plate_and_place_it_on_the_plate,demo_14,55,agentview,cookies_1,is_left_of,wooden_cabinet_1
pick_up_the_black_bowl_next_to_the_plate_and_place_it_on_the_plate,demo_14,55,agentview,wooden_cabinet_1,is_right_of,cookies_1
pick_up_the_black_bowl_next_to_the_plate_and_place_it_on_the_plate,demo_14,55,agentview,cookies_1,is_in_front_of,flat_stove_1
pick_up_the_black_bowl_next_to_the_plate_and_place_it_on_the_plate,demo_14,55,agentview,flat_stove_1,is_behind,cookies_1
pick_up_the_black_bowl_next_to_the_plate_and_place_it_on_the_plate,demo_14,55,agentview,glazed_rim_porcelain_ramekin_1,is_behind,plate_1
pick_up_the_black_bowl_next_to_the_plate_and_place_it_on_the_plate,demo_14,55,agentview,plate_1,is_in_front_of,glazed_rim_porcelain_ramekin_1
pick_up_the_black_bowl_next_to_the_plate_and_place_it_on_the_plate,demo_14,55,agentview,glazed_rim_porcelain_ramekin_1,is_left_of,wooden_cabinet_1
pick_up_the_black_bowl_next_to_the_plate_and_place_it_on_the_plate,demo_14,55,agentview,wooden_cabinet_1,is_right_of,glazed_rim_porcelain_ramekin_1
pick_up_the_black_bowl_next_to_the_plate_and_place_it_on_the_plate,demo_14,55,agentview,glazed_rim_porcelain_ramekin_1,is_left_of,flat_stove_1
pick_up_the_black_bowl_next_to_the_plate_and_place_it_on_the_plate,demo_14,55,agentview,flat_stove_1,is_right_of,glazed_rim_porcelain_ramekin_1
pick_up_the_black_bowl_next_to_the_plate_and_place_it_on_the_plate,demo_14,55,agentview,plate_1,is_left_of,wooden_cabinet_1
pick_up_the_black_bowl_next_to_the_plate_and_place_it_on_the_plate,demo_14,55,agentview,wooden_cabinet_1,is_right_of,plate_1
pick_up_the_black_bowl_next_to_the_plate_and_place_it_on_the_plate,demo_14,55,agentview,plate_1,is_left_of,flat_stove_1
pick_up_the_black_bowl_next_to_the_plate_and_place_it_on_the_plate,demo_14,60,agentview,akita_black_bowl_1,is_left_of,akita_black_bowl_2
pick_up_the_black_bowl_next_to_the_plate_and_place_it_on_the_plate,demo_14,60,agentview,akita_black_bowl_2,is_right_of,akita_black_bowl_1
pick_up_the_black_bowl_next_to_the_plate_and_place_it_on_the_plate,demo_14,60,agentview,akita_black_bowl_1,is_left_of,cookies_1
pick_up_the_black_bowl_next_to_the_plate_and_place_it_on_the_plate,demo_14,60,agentview,cookies_1,is_right_of,akita_black_bowl_1
pick_up_the_black_bowl_next_to_the_plate_and_place_it_on_the_plate,demo_14,60,agentview,akita_black_bowl_1,is_left_of,glazed_rim_porcelain_ramekin_1
pick_up_the_black_bowl_next_to_the_plate_and_place_it_on_the_plate,demo_14,60,agentview,glazed_rim_porcelain_ramekin_1,is_right_of,akita_black_bowl_1
pick_up_the_black_bowl_next_to_the_plate_and_place_it_on_the_plate,demo_14,60,agentview,akita_black_bowl_1,is_behind,plate_1
pick_up_the_black_bowl_next_to_the_plate_and_place_it_on_the_plate,demo_14,60,agentview,plate_1,is_in_front_of,akita_black_bowl_1
pick_up_the_black_bowl_next_to_the_plate_and_place_it_on_the_plate,demo_14,60,agentview,akita_black_bowl_1,is_left_of,wooden_cabinet_1
pick_up_the_black_bowl_next_to_the_plate_and_place_it_on_the_plate,demo_14,60,agentview,wooden_cabinet_1,is_right_of,akita_black_bowl_1
pick_up_the_black_bowl_next_to_the_plate_and_place_it_on_the_plate,demo_14,60,agentview,akita_black_bowl_1,is_left_of,flat_stove_1
pick_up_the_black_bowl_next_to_the_plate_and_place_it_on_the_plate,demo_14,60,agentview,flat_stove_1,is_right_of,akita_black_bowl_1
pick_up_the_black_bowl_next_to_the_plate_and_place_it_on_the_plate,demo_14,60,agentview,akita_black_bowl_2,is_behind,cookies_1
pick_up_the_black_bowl_next_to_the_plate_and_place_it_on_the_plate,demo_14,60,agentview,cookies_1,is_in_front_of,akita_black_bowl_2
pick_up_the_black_bowl_next_to_the_plate_and_place_it_on_the_plate,demo_14,60,agentview,akita_black_bowl_2,is_right_of,glazed_rim_porcelain_ramekin_1
pick_up_the_black_bowl_next_to_the_plate_and_place_it_on_the_plate,demo_14,60,agentview,glazed_rim_porcelain_ramekin_1,is_left_of,akita_black_bowl_2
pick_up_the_black_bowl_next_to_the_plate_and_place_it_on_the_plate,demo_14,60,agentview,akita_black_bowl_2,is_right_of,plate_1
pick_up_the_black_bowl_next_to_the_plate_and_place_it_on_the_plate,demo_14,60,agentview,plate_1,is_left_of,akita_black_bowl_2
pick_up_the_black_bowl_next_to_the_plate_and_place_it_on_the_plate,demo_14,60,agentview,akita_black_bowl_2,is_behind,wooden_cabinet_1
pick_up_the_black_bowl_next_to_the_plate_and_place_it_on_the_plate,demo_14,60,agentview,wooden_cabinet_1,is_in_front_of,akita_black_bowl_2
pick_up_the_black_bowl_next_to_the_plate_and_place_it_on_the_plate,demo_14,60,agentview,akita_black_bowl_2,is_on_top_of,flat_stove_1
pick_up_the_black_bowl_next_to_the_plate_and_place_it_on_the_plate,demo_14,60,agentview,flat_stove_1,is_below_of,akita_black_bowl_2
pick_up_the_black_bowl_next_to_the_plate_and_place_it_on_the_plate,demo_14,60,agentview,cookies_1,is_right_of,glazed_rim_porcelain_ramekin_1
pick_up_the_black_bowl_next_to_the_plate_and_place_it_on_the_plate,demo_14,60,agentview,glazed_rim_porcelain_ramekin_1,is_left_of,cookies_1
pick_up_the_black_bowl_next_to_the_plate_and_place_it_on_the_plate,demo_14,60,agentview,cookies_1,is_right_of,plate_1
pick_up_the_black_bowl_next_to_the_plate_and_place_it_on_the_plate,demo_14,60,agentview,plate_1,is_left_of,cookies_1
pick_up_the_black_bowl_next_to_the_plate_and_place_it_on_the_plate,demo_14,60,agentview,cookies_1,is_left_of,wooden_cabinet_1
pick_up_the_black_bowl_next_to_the_plate_and_place_it_on_the_plate,demo_14,60,agentview,wooden_cabinet_1,is_right_of,cookies_1
pick_up_the_black_bowl_next_to_the_plate_and_place_it_on_the_plate,demo_14,60,agentview,cookies_1,is_in_front_of,flat_stove_1
pick_up_the_black_bowl_next_to_the_plate_and_place_it_on_the_plate,demo_14,60,agentview,flat_stove_1,is_behind,cookies_1
pick_up_the_black_bowl_next_to_the_plate_and_place_it_on_the_plate,demo_14,60,agentview,glazed_rim_porcelain_ramekin_1,is_behind,plate_1
pick_up_the_black_bowl_next_to_the_plate_and_place_it_on_the_plate,demo_14,60,agentview,plate_1,is_in_front_of,glazed_rim_porcelain_ramekin_1
pick_up_the_black_bowl_next_to_the_plate_and_place_it_on_the_plate,demo_14,60,agentview,glazed_rim_porcelain_ramekin_1,is_left_of,wooden_cabinet_1
pick_up_the_black_bowl_next_to_the_plate_and_place_it_on_the_plate,demo_14,60,agentview,wooden_cabinet_1,is_right_of,glazed_rim_porcelain_ramekin_1
pick_up_the_black_bowl_next_to_the_plate_and_place_it_on_the_plate,demo_14,60,agentview,glazed_rim_porcelain_ramekin_1,is_left_of,flat_stove_1
pick_up_the_black_bowl_next_to_the_plate_and_place_it_on_the_plate,demo_14,60,agentview,flat_stove_1,is_right_of,glazed_rim_porcelain_ramekin_1
pick_up_the_black_bowl_next_to_the_plate_and_place_it_on_the_plate,demo_14,60,agentview,plate_1,is_left_of,wooden_cabinet_1
pick_up_the_black_bowl_next_to_the_plate_and_place_it_on_the_plate,demo_14,60,agentview,wooden_cabinet_1,is_right_of,plate_1
pick_up_the_black_bowl_next_to_the_plate_and_place_it_on_the_plate,demo_14,60,agentview,plate_1,is_left_of,flat_stove_1
pick_up_the_black_bowl_next_to_the_plate_and_place_it_on_the_plate,demo_14,60,agentview,flat_stove_1,is_right_of,plate_1
pick_up_the_black_bowl_next_to_the_plate_and_place_it_on_the_plate,demo_14,60,agentview,wooden_cabinet_1,is_in_front_of,flat_stove_1
pick_up_the_black_bowl_next_to_the_plate_and_place_it_on_the_plate,demo_14,60,agentview,flat_stove_1,is_behind,wooden_cabinet_1
pick_up_the_black_bowl_next_to_the_plate_and_place_it_on_the_plate,demo_14,65,agentview,akita_black_bowl_1,is_right_of,akita_black_bowl_2
pick_up_the_black_bowl_next_to_the_plate_and_place_it_on_the_plate,demo_14,65,agentview,akita_black_bowl_2,is_left_of,akita_black_bowl_1
pick_up_the_black_bowl_next_to_the_plate_and_place_it_on_the_plate,demo_14,65,agentview,akita_black_bowl_1,is_behind,cookies_1
pick_up_the_black_bowl_next_to_the_plate_and_place_it_on_the_plate,demo_14,65,agentview,cookies_1,is_in_front_of,akita_black_bowl_1
pick_up_the_black_bowl_next_to_the_plate_and_place_it_on_the_plate,demo_14,65,agentview,akita_black_bowl_1,is_right_of,glazed_rim_porcelain_ramekin_1
pick_up_the_black_bowl_next_to_the_plate_and_place_it_on_the_plate,demo_14,65,agentview,glazed_rim_porcelain_ramekin_1,is_left_of,akita_black_bowl_1
pick_up_the_black_bowl_next_to_the_plate_and_place_it_on_the_plate,demo_14,65,agentview,akita_black_bowl_1,is_right_of,plate_1
pick_up_the_black_bowl_next_to_the_plate_and_place_it_on_the_plate,demo_14,65,agentview,plate_1,is_left_of,akita_black_bowl_1
pick_up_the_black_bowl_next_to_the_plate_and_place_it_on_the_plate,demo_14,65,agentview,akita_black_bowl_1,is_left_of,wooden_cabinet_1
pick_up_the_black_bowl_next_to_the_plate_and_place_it_on_the_plate,demo_14,65,agentview,wooden_cabinet_1,is_right_of,akita_black_bowl_1
pick_up_the_black_bowl_next_to_the_plate_and_place_it_on_the_plate,demo_14,65,agentview,akita_black_bowl_1,is_on_top_of,flat_stove_1
pick_up_the_black_bowl_next_to_the_plate_and_place_it_on_the_plate,demo_14,65,agentview,flat_stove_1,is_below_of,akita_black_bowl_1
pick_up_the_black_bowl_next_to_the_plate_and_place_it_on_the_plate,demo_14,65,agentview,akita_black_bowl_2,is_left_of,cookies_1
pick_up_the_black_bowl_next_to_the_plate_and_place_it_on_the_plate,demo_14,65,agentview,cookies_1,is_right_of,akita_black_bowl_2
pick_up_the_black_bowl_next_to_the_plate_and_place_it_on_the_plate,demo_14,65,agentview,akita_black_bowl_2,is_left_of,glazed_rim_porcelain_ramekin_1
pick_up_the_black_bowl_next_to_the_plate_and_place_it_on_the_plate,demo_14,65,agentview,glazed_rim_porcelain_ramekin_1,is_right_of,akita_black_bowl_2
pick_up_the_black_bowl_next_to_the_plate_and_place_it_on_the_plate,demo_14,65,agentview,akita_black_bowl_2,is_behind,plate_1
pick_up_the_black_bowl_next_to_the_plate_and_place_it_on_the_plate,demo_14,65,agentview,plate_1,is_in_front_of,akita_black_bowl_2
pick_up_the_black_bowl_next_to_the_plate_and_place_it_on_the_plate,demo_14,65,agentview,akita_black_bowl_2,is_left_of,wooden_cabinet_1
pick_up_the_black_bowl_next_to_the_plate_and_place_it_on_the_plate,demo_14,65,agentview,wooden_cabinet_1,is_right_of,akita_black_bowl_2
pick_up_the_black_bowl_next_to_the_plate_and_place_it_on_the_plate,demo_14,65,agentview,akita_black_bowl_2,is_left_of,flat_stove_1
pick_up_the_black_bowl_next_to_the_plate_and_place_it_on_the_plate,demo_14,65,agentview,flat_stove_1,is_right_of,akita_black_bowl_2
pick_up_the_black_bowl_next_to_the_plate_and_place_it_on_the_plate,demo_14,65,agentview,cookies_1,is_right_of,glazed_rim_porcelain_ramekin_1
pick_up_the_black_bowl_next_to_the_plate_and_place_it_on_the_plate,demo_14,65,agentview,glazed_rim_porcelain_ramekin_1,is_left_of,cookies_1
pick_up_the_black_bowl_next_to_the_plate_and_place_it_on_the_plate,demo_14,65,agentview,cookies_1,is_right_of,plate_1
pick_up_the_black_bowl_next_to_the_plate_and_place_it_on_the_plate,demo_14,65,agentview,plate_1,is_left_of,cookies_1
pick_up_the_black_bowl_next_to_the_plate_and_place_it_on_the_plate,demo_14,65,agentview,cookies_1,is_left_of,wooden_cabinet_1
pick_up_the_black_bowl_next_to_the_plate_and_place_it_on_the_plate,demo_14,65,agentview,wooden_cabinet_1,is_right_of,cookies_1
pick_up_the_black_bowl_next_to_the_plate_and_place_it_on_the_plate,demo_14,65,agentview,cookies_1,is_in_front_of,flat_stove_1
pick_up_the_black_bowl_next_to_the_plate_and_place_it_on_the_plate,demo_14,65,agentview,flat_stove_1,is_behind,cookies_1
pick_up_the_black_bowl_next_to_the_plate_and_place_it_on_the_plate,demo_14,65,agentview,glazed_rim_porcelain_ramekin_1,is_behind,plate_1
pick_up_the_black_bowl_next_to_the_plate_and_place_it_on_the_plate,demo_14,65,agentview,plate_1,is_in_front_of,glazed_rim_porcelain_ramekin_1
pick_up_the_black_bowl_next_to_the_plate_and_place_it_on_the_plate,demo_14,65,agentview,glazed_rim_porcelain_ramekin_1,is_left_of,wooden_cabinet_1
pick_up_the_black_bowl_next_to_the_plate_and_place_it_on_the_plate,demo_14,65,agentview,wooden_cabinet_1,is_right_of,glazed_rim_porcelain_ramekin_1
pick_up_the_black_bowl_next_to_the_plate_and_place_it_on_the_plate,demo_14,65,agentview,glazed_rim_porcelain_ramekin_1,is_left_of,flat_stove_1
pick_up_the_black_bowl_next_to_the_plate_and_place_it_on_the_plate,demo_14,65,agentview,flat_stove_1,is_right_of,glazed_rim_porcelain_ramekin_1
pick_up_the_black_bowl_next_to_the_plate_and_place_it_on_the_plate,demo_14,65,agentview,plate_1,is_left_of,wooden_cabinet_1
pick_up_the_black_bowl_next_to_the_plate_and_place_it_on_the_plate,demo_14,65,agentview,wooden_cabinet_1,is_right_of,plate_1
pick_up_the_black_bowl_next_to_the_plate_and_place_it_on_the_plate,demo_14,65,agentview,plate_1,is_left_of,flat_stove_1
pick_up_the_black_bowl_next_to_the_plate_and_place_it_on_the_plate,demo_14,65,agentview,flat_stove_1,is_right_of,plate_1
pick_up_the_black_bowl_next_to_the_plate_and_place_it_on_the_plate,demo_14,65,agentview,wooden_cabinet_1,is_right_of,flat_stove_1
pick_up_the_black_bowl_next_to_the_plate_and_place_it_on_the_plate,demo_14,65,agentview,flat_stove_1,is_left_of,wooden_cabinet_1
pick_up_the_black_bowl_next_to_the_plate_and_place_it_on_the_plate,demo_14,70,agentview,akita_black_bowl_1,is_in_front_of,akita_black_bowl_2
pick_up_the_black_bowl_next_to_the_plate_and_place_it_on_the_plate,demo_14,70,agentview,akita_black_bowl_2,is_behind,akita_black_bowl_1
pick_up_the_black_bowl_next_to_the_plate_and_place_it_on_the_plate,demo_14,70,agentview,akita_black_bowl_1,is_left_of,cookies_1
pick_up_the_black_bowl_next_to_the_plate_and_place_it_on_the_plate,demo_14,70,agentview,cookies_1,is_right_of,akita_black_bowl_1
pick_up_the_black_bowl_next_to_the_plate_and_place_it_on_the_plate,demo_14,70,agentview,akita_black_bowl_1,is_left_of,glazed_rim_porcelain_ramekin_1
pick_up_the_black_bowl_next_to_the_plate_and_place_it_on_the_plate,demo_14,70,agentview,glazed_rim_porcelain_ramekin_1,is_right_of,akita_black_bowl_1
pick_up_the_black_bowl_next_to_the_plate_and_place_it_on_the_plate,demo_14,70,agentview,akita_black_bowl_1,is_behind,plate_1
pick_up_the_black_bowl_next_to_the_plate_and_place_it_on_the_plate,demo_14,75,agentview,akita_black_bowl_1,is_left_of,akita_black_bowl_2
pick_up_the_black_bowl_next_to_the_plate_and_place_it_on_the_plate,demo_14,75,agentview,akita_black_bowl_2,is_right_of,akita_black_bowl_1
pick_up_the_black_bowl_next_to_the_plate_and_place_it_on_the_plate,demo_14,75,agentview,akita_black_bowl_1,is_left_of,cookies_1
pick_up_the_black_bowl_next_to_the_plate_and_place_it_on_the_plate,demo_14,75,agentview,cookies_1,is_right_of,akita_black_bowl_1
pick_up_the_black_bowl_next_to_the_plate_and_place_it_on_the_plate,demo_14,75,agentview,akita_black_bowl_1,contains,glazed_rim_porcelain_ramekin_1
pick_up_the_black_bowl_next_to_the_plate_and_place_it_on_the_plate,demo_14,75,agentview,glazed_rim_porcelain_ramekin_1,is_inside,akita_black_bowl_1
pick_up_the_black_bowl_next_to_the_plate_and_place_it_on_the_plate,demo_14,75,agentview,akita_black_bowl_1,is_behind,plate_1
pick_up_the_black_bowl_next_to_the_plate_and_place_it_on_the_plate,demo_14,75,agentview,plate_1,is_in_front_of,akita_black_bowl_1
pick_up_the_black_bowl_next_to_the_plate_and_place_it_on_the_plate,demo_14,75,agentview,akita_black_bowl_1,is_left_of,wooden_cabinet_1
pick_up_the_black_bowl_next_to_the_plate_and_place_it_on_the_plate,demo_14,75,agentview,wooden_cabinet_1,is_right_of,akita_black_bowl_1
pick_up_the_black_bowl_next_to_the_plate_and_place_it_on_the_plate,demo_14,75,agentview,akita_black_bowl_1,is_left_of,flat_stove_1
pick_up_the_black_bowl_next_to_the_plate_and_place_it_on_the_plate,demo_14,75,agentview,flat_stove_1,is_right_of,akita_black_bowl_1
pick_up_the_black_bowl_next_to_the_plate_and_place_it_on_the_plate,demo_14,75,agentview,akita_black_bowl_2,is_behind,cookies_1
pick_up_the_black_bowl_next_to_the_plate_and_place_it_on_the_plate,demo_14,75,agentview,cookies_1,is_in_front_of,akita_black_bowl_2
pick_up_the_black_bowl_next_to_the_plate_and_place_it_on_the_plate,demo_14,75,agentview,akita_black_bowl_2,is_right_of,glazed_rim_porcelain_ramekin_1
pick_up_the_black_bowl_next_to_the_plate_and_place_it_on_the_plate,demo_14,75,agentview,glazed_rim_porcelain_ramekin_1,is_left_of,akita_black_bowl_2
pick_up_the_black_bowl_next_to_the_plate_and_place_it_on_the_plate,demo_14,75,agentview,akita_black_bowl_2,is_right_of,plate_1
pick_up_the_black_bowl_next_to_the_plate_and_place_it_on_the_plate,demo_14,75,agentview,plate_1,is_left_of,akita_black_bowl_2
pick_up_the_black_bowl_next_to_the_plate_and_place_it_on_the_plate,demo_14,75,agentview,akita_black_bowl_2,is_left_of,wooden_cabinet_1
pick_up_the_black_bowl_next_to_the_plate_and_place_it_on_the_plate,demo_14,75,agentview,wooden_cabinet_1,is_right_of,akita_black_bowl_2
pick_up_the_black_bowl_next_to_the_plate_and_place_it_on_the_plate,demo_14,75,agentview,akita_black_bowl_2,is_on_top_of,flat_stove_1
pick_up_the_black_bowl_next_to_the_plate_and_place_it_on_the_plate,demo_14,75,agentview,flat_stove_1,is_below_of,akita_black_bowl_2
pick_up_the_black_bowl_next_to_the_plate_and_place_it_on_the_plate,demo_14,75,agentview,cookies_1,is_right_of,glazed_rim_porcelain_ramekin_1
pick_up_the_black_bowl_next_to_the_plate_and_place_it_on_the_plate,demo_14,75,agentview,glazed_rim_porcelain_ramekin_1,is_left_of,cookies_1
pick_up_the_black_bowl_next_to_the_plate_and_place_it_on_the_plate,demo_14,75,agentview,cookies_1,is_right_of,plate_1
pick_up_the_black_bowl_next_to_the_plate_and_place_it_on_the_plate,demo_14,75,agentview,plate_1,is_left_of,cookies_1
pick_up_the_black_bowl_next_to_the_plate_and_place_it_on_the_plate,demo_14,75,agentview,cookies_1,is_left_of,wooden_cabinet_1
pick_up_the_black_bowl_next_to_the_plate_and_place_it_on_the_plate,demo_14,75,agentview,wooden_cabinet_1,is_right_of,cookies_1
pick_up_the_black_bowl_next_to_the_plate_and_place_it_on_the_plate,demo_14,75,agentview,cookies_1,is_in_front_of,flat_stove_1
pick_up_the_black_bowl_next_to_the_plate_and_place_it_on_the_plate,demo_14,75,agentview,flat_stove_1,is_behind,cookies_1
pick_up_the_black_bowl_next_to_the_plate_and_place_it_on_the_plate,demo_14,75,agentview,glazed_rim_porcelain_ramekin_1,is_behind,plate_1
pick_up_the_black_bowl_next_to_the_plate_and_place_it_on_the_plate,demo_14,75,agentview,plate_1,is_in_front_of,glazed_rim_porcelain_ramekin_1
pick_up_the_black_bowl_next_to_the_plate_and_place_it_on_the_plate,demo_14,75,agentview,glazed_rim_porcelain_ramekin_1,is_left_of,wooden_cabinet_1
pick_up_the_black_bowl_next_to_the_plate_and_place_it_on_the_plate,demo_14,75,agentview,wooden_cabinet_1,is_right_of,glazed_rim_porcelain_ramekin_1
pick_up_the_black_bowl_next_to_the_plate_and_place_it_on_the_plate,demo_14,75,agentview,glazed_rim_porcelain_ramekin_1,is_left_of,flat_stove_1
pick_up_the_black_bowl_next_to_the_plate_and_place_it_on_the_plate,demo_14,75,agentview,flat_stove_1,is_right_of,glazed_rim_porcelain_ramekin_1
pick_up_the_black_bowl_next_to_the_plate_and_place_it_on_the_plate,demo_14,75,agentview,plate_1,is_left_of,wooden_cabinet_1
pick_up_the_black_bowl_next_to_the_plate_and_place_it_on_the_plate,demo_14,75,agentview,wooden_cabinet_1,is_right_of,plate_1
pick_up_the_black_bowl_next_to_the_plate_and_place_it_on_the_plate,demo_14,75,agentview,plate_1,is_left_of,flat_stove_1
pick_up_the_black_bowl_next_to_the_plate_and_place_it_on_the_plate,demo_14,75,agentview,flat_stove_1,is_right_of,plate_1
pick_up_the_black_bowl_next_to_the_plate_and_place_it_on_the_plate,demo_14,75,agentview,wooden_cabinet_1,is_right_of,flat_stove_1
pick_up_the_black_bowl_next_to_the_plate_and_place_it_on_the_plate,demo_14,75,agentview,flat_stove_1,is_left_of,wooden_cabinet_1
pick_up_the_black_bowl_next_to_the_plate_and_place_it_on_the_plate,demo_14,80,agentview,akita_black_bowl_1,is_behind,plate_1
pick_up_the_black_bowl_next_to_the_plate_and_place_it_on_the_plate,demo_14,80,agentview,plate_1,is_in_front_of,akita_black_bowl_1
pick_up_the_black_bowl_next_to_the_plate_and_place_it_on_the_plate,demo_14,80,agentview,akita_black_bowl_1,is_left_of,cookies_1
pick_up_the_black_bowl_next_to_the_plate_and_place_it_on_the_plate,demo_14,80,agentview,cookies_1,is_right_of,akita_black_bowl_1
pick_up_the_black_bowl_next_to_the_plate_and_place_it_on_the_plate,demo_14,80,agentview,akita_black_bowl_1,is_left_of,flat_stove_1
pick_up_the_black_bowl_next_to_the_plate_and_place_it_on_the_plate,demo_14,80,agentview,flat_stove_1,is_right_of,akita_black_bowl_1
pick_up_the_black_bowl_next_to_the_plate_and_place_it_on_the_plate,demo_14,80,agentview,akita_black_bowl_1,is_left_of,akita_black_bowl_2
pick_up_the_black_bowl_next_to_the_plate_and_place_it_on_the_plate,demo_14,80,agentview,akita_black_bowl_2,is_right_of,akita_black_bowl
pick_up_the_black_bowl_next_to_the_plate_and_place_it_on_the_plate,demo_14,85,agentview,akita_black_bowl_1,is_left_of,akita_black_bowl_2
pick_up_the_black_bowl_next_to_the_plate_and_place_it_on_the_plate,demo_14,85,agentview,akita_black_bowl_2,is_right_of,akita_black_bowl_1
pick_up_the_black_bowl_next_to_the_plate_and_place_it_on_the_plate,demo_14,85,agentview,akita_black_bowl_1,is_left_of,cookies_1
pick_up_the_black_bowl_next_to_the_plate_and_place_it_on_the_plate,demo_14,85,agentview,cookies_1,is_right_of,akita_black_bowl_1
pick_up_the_black_bowl_next_to_the_plate_and_place_it_on_the_plate,demo_14,85,agentview,akita_black_bowl_1,is_in_front_of,glazed_rim_porcelain_ramekin_1
pick_up_the_black_bowl_next_to_the_plate_and_place_it_on_the_plate,demo_14,85,agentview,glazed_rim_porcelain_ramekin_1,is_behind,akita_black_bowl_1
pick_up_the_black_bowl_next_to_the_plate_and_place_it_on_the_plate,demo_14,85,agentview,akita_black_bowl_1,is_left_of,plate_1
pick_up_the_black_bowl_next_to_the_plate_and_place_it_on_the_plate,demo_14,85,agentview,plate_1,is_right_of,akita_black_bowl_1
pick_up_the_black_bowl_next_to_the_plate_and_place_it_on_the_plate,demo_14,85,agentview,akita_black_bowl_1,is_left_of,wooden_cabinet_1
pick_up_the_black_bowl_next_to_the_plate_and_place_it_on_the_plate,demo_14,85,agentview,wooden_cabinet_1,is_right_of,akita_black_bowl_1
pick_up_the_black_bowl_next_to_the_plate_and_place_it_on_the_plate,demo_14,85,agentview,akita_black_bowl_1,is_left_of,flat_stove_1
pick_up_the_black_bowl_next_to_the_plate_and_place_it_on_the_plate,demo_14,85,agentview,flat_stove_1,is_right_of,akita_black_bowl_1
pick_up_the_black_bowl_next_to_the_plate_and_place_it_on_the_plate,demo_14,85,agentview,akita_black_bowl_2,is_behind,cookies_1
pick_up_the_black_bowl_next_to_the_plate_and_place_it_on_the_plate,demo_14,85,agentview,cookies_1,is_in_front_of,akita_black_bowl_2
pick_up_the_black_bowl_next_to_the_plate_and_place_it_on_the_plate,demo_14,85,agentview,akita_black_bowl_2,is_right_of,glazed_rim_porcelain_ramekin_1
pick_up_the_black_bowl_next_to_the_plate_and_place_it_on_the_plate,demo_14,85,agentview,glazed_rim_porcelain_ramekin_1,is_left_of,akita_black_bowl_2
pick_up_the_black_bowl_next_to_the_plate_and_place_it_on_the_plate,demo_14,85,agentview,akita_black_bowl_2,is_on_top_of,plate_1
pick_up_the_black_bowl_next_to_the_plate_and_place_it_on_the_plate,demo_14,85,agentview,plate_1,is_below_of,akita_black_bowl_2
pick_up_the_black_bowl_next_to_the_plate_and_place_it_on_the_plate,demo_14,85,agentview,akita_black_bowl_2,is_left_of,wooden_cabinet_1
pick_up_the_black_bowl_next_to_the_plate_and_place_it_on_the_plate,demo_14,85,agentview,wooden_cabinet_1,is_right_of,akita_black_bowl_2
pick_up_the_black_bowl_next_to_the_plate_and_place_it_on_the_plate,demo_14,85,agentview,akita_black_bowl_2,is_on_top_of,flat_stove_1
pick_up_the_black_bowl_next_to_the_plate_and_place_it_on_the_plate,demo_14,85,agentview,flat_stove_1,is_below_of,akita_black_bowl_2
pick_up_the_black_bowl_next_to_the_plate_and_place_it_on_the_plate,demo_14,85,agentview,cookies_1,is_right_of,glazed_rim_porcelain_ramekin_1
pick_up_the_black_bowl_next_to_the_plate_and_place_it_on_the_plate,demo_14,85,agentview,glazed_rim_porcelain_ramekin_1,is_left_of,cookies_1
pick_up_the_black_bowl_next_to_the_plate_and_place_it_on_the_plate,demo_14,85,agentview,cookies_1,is_in_front_of,plate_1
pick_up_the_black_bowl_next_to_the_plate_and_place_it_on_the_plate,demo_14,85,agentview,plate_1,is_behind,cookies_1
pick_up_the_black_bowl_next_to_the_plate_and_place_it_on_the_plate,demo_14,85,agentview,cookies_1,is_left_of,wooden_cabinet_1
pick_up_the_black_bowl_next_to_the_plate_and_place_it_on_the_plate,demo_14,85,agentview,wooden_cabinet_1,is_right_of,cookies_1
pick_up_the_black_bowl_next_to_the_plate_and_place_it_on_the_plate,demo_14,85,agentview,cookies_1,is_in_front_of,flat_stove_1
pick_up_the_black_bowl_next_to_the_plate_and_place_it_on_the_plate,demo_14,85,agentview,flat_stove_1,is_behind,cookies_1
pick_up_the_black_bowl_next_to_the_plate_and_place_it_on_the_plate,demo_14,85,agentview,glazed_rim_porcelain_ramekin_1,is_left_of,plate_1
pick_up_the_black_bowl_next_to_the_plate_and_place_it_on_the_plate,demo_14,85,agentview,plate_1,is_right_of,glazed_rim_porcelain_ramekin_1
pick_up_the_black_bowl_next_to_the_plate_and_place_it_on_the_plate,demo_14,85,agentview,glazed_rim_porcelain_ramekin_1,is_left_of,wooden_cabinet_1
pick_up_the_black_bowl_next_to_the_plate_and_place_it_on_the_plate,demo_14,85,agentview,wooden_cabinet_1,is_right_of,glazed_rim_porcelain_ramekin_1
pick_up_the_black_bowl_next_to_the_plate_and_place_it_on_the_plate,demo_14,85,agentview,glazed_rim_porcelain_ramekin_1,is_left_of,flat_stove_1
pick_up_the_black_bowl_next_to_the_plate_and_place_it_on_the_plate,demo_14,85,agentview,flat_stove_1,is_right_of,glazed_rim_porcelain_ramekin_1
pick_up_the_black_bowl_next_to_the_plate_and_place_it_on_the_plate,demo_14,85,agentview,plate_1,is_left_of,wooden_cabinet_1
pick_up_the_black_bowl_next_to_the_plate_and_place_it_on_the_plate,demo_14,85,agentview,wooden_cabinet_1,is_right_of,plate_1
pick_up_the_black_bowl_next_to_the_plate_and_place_it_on_the_plate,demo_14,85,agentview,plate_1,is_on_top_of,flat_stove_1
pick_up_the_black_bowl_next_to_the_plate_and_place_it_on_the_plate,demo_14,85,agentview,flat_stove_1,is_below_of,plate_1
pick_up_the_black_bowl_next_to_the_plate_and_place_it_on_the_plate,demo_14,85,agentview,wooden_cabinet_1,is_right_of,flat_stove_1
pick_up_the_black_bowl_next_to_the_plate_and_place_it_on_the_plate,demo_14,85,agentview,flat_stove_1,is_left_of,wooden_cabinet_1
pick_up_the_black_bowl_next_to_the_plate_and_place_it_on_the_plate,demo_14,90,agentview,akita_black_bowl_1,is_on_top_of,plate_1
pick_up_the_black_bowl_next_to_the_plate_and_place_it_on_the_plate,demo_14,90,agentview,akita_black_bowl_1,is_in_front_of,akita_black_bowl_2
pick_up_the_black_bowl_next_to_the_plate_and_place_it_on_the_plate,demo_14,90,agentview,akita_black_bowl_1,is_left_of,cookies_1
pick_up_the_black_bowl_next_to_the_plate_and_place_it_on_the_plate,demo_14,90,agentview,akita_black_bowl_1,is_in_front_of,glazed_rim_porcelain_ramekin_1
pick_up_the_black_bowl_next_to_the_plate_and_place_it_on_the_plate,demo_14,90,agentview,akita_black_bowl_1,is_left_of,wooden_cabinet_1
pick_up_the_black_bowl_next_to_the_plate_and_place_it_on_the_plate,demo_14,90,agentview,akita_black_bowl_1,is_in_front_of,flat_stove_1
pick_up_the_black_bowl_next_to_the_plate_and_place_it_on_the_plate,demo_14,90,agentview,plate_1,is_below_of,akita_black_bowl_1
pick_up_the_black_bowl_next_to_the_plate_and_place_it_on_the_plate,demo_14,90,agentview,akita_black_bowl_2,is_behind,akita_black_bowl_1
pick_up_the_black_bowl_next_to_the_plate_and_place_it_on_the_plate,demo_14,90,agentview,cookies_1,is_right_of,akita_black_bowl_1
pick_up_the_black_bowl_next_to_the_plate_and_place_it_on_the_plate,demo_14,90,agentview,glazed_rim_porcelain_ramekin_1,is_behind,akita_black_bowl_1
pick_up_the_black_bowl_next_to_the_plate_and_place_it_on_the_plate,demo_14,90,agentview,wooden_cabinet_1,is_right_of,akita_black_bowl_1
pick_up_the_black_bowl_next_to_the_plate_and_place_it_on_the_plate,demo_14,90,agentview,flat_stove_1,is_behind,akita_black_bowl_1
pick_up_the_black_bowl_next_to_the_plate_and_place_it_on_the_plate,demo_14,90,agentview,akita_black_bowl_2,is_on_top_of,flat_stove_1
pick_up_the_black_bowl_next_to_the_plate_and_place_it_on_the_plate,demo_14,90,agentview,akita_black_bowl_2,is_behind,cookies_1
pick_up_the_black_bowl_next_to_the_plate_and_place_it_on_the_plate,demo_14,90,agentview,akita_black_bowl_2,is_right_of,glazed_rim_porcelain_ramekin_1
pick_up_the_black_bowl_next_to_the_plate_and_place_it_on_the_plate,demo_14,90,agentview,akita_black_bowl_2,is_behind,plate_1
pick_up_the_black_bowl_next_to_the_plate_and_place_it_on_the_plate,demo_14,90,agentview,akita_black_bowl_2,is_behind,wooden_cabinet_1
pick_up_the_black_bowl_next_to_the_plate_and_place_it_on_the_plate,demo_14,90,agentview,flat_stove_1,is_below_of,akita_black_bowl_2
pick_up_the_black_bowl_next_to_the_plate_and_place_it_on_the_plate,demo_14,90,agentview,cookies_1,is_in_front_of,akita_black_bowl_2
pick_up_the_black_bowl_next_to_the_plate_and_place_it_on_the_plate,demo_14,90,agentview,glazed_rim_porcelain_ramekin_1,is_left_of,akita_black_bowl_2
pick_up_the_black_bowl_next_to_the_plate_and_place_it_on_the_plate,demo_14,90,agentview,plate_1,is_in_front_of,akita_black_bowl_2
pick_up_the_black_bowl_next_to_the_plate_and_place_it_on_the_plate,demo_14,90,agentview,wooden_cabinet_1,is_in_front_of,akita_black_bowl_2
pick_up_the_black_bowl_next_to_the_plate_and_place_it_on_the_plate,demo_14,90,agentview,cookies_1,is_right_of,glazed_rim_porcelain_ramekin_1
pick_up_the_black_bowl_next_to_the_plate_and_place_it_on_the_plate,demo_14,90,agentview,cookies_1,is_right_of,plate_1
pick_up_the_black_bowl_next_to_the_plate_and_place_it_on_the_plate,demo_14,90,agentview,cookies_1,is_left_of,wooden_cabinet_1
pick_up_the_black_bowl_next_to_the_plate_and_place_it_on_the_plate,demo_14,90,agentview,cookies_1,is_in_front_of,flat_stove_1
pick_up_the_black_bowl_next_to_the_plate_and_place_it_on_the_plate,demo_14,90,agentview,glazed_rim_porcelain_ramekin_1,is_left_of,cookies_1
pick_up_the_black_bowl_next_to_the_plate_and_place_it_on_the_plate,demo_14,90,agentview,plate_1,is_left_of,cookies_1
pick_up_the_black_bowl_next_to_the_plate_and_place_it_on_the_plate,demo_14,90,agentview,wooden_cabinet_1,is_right_of,cookies_1
pick_up_the_black_bowl_next_to_the_plate_and_place_it_on_the_plate,demo_14,90,agentview,flat_stove_1,is_behind,cookies_1
pick_up_the_black_bowl_next_to_the_plate_and_place_it_on_the_plate,demo_14,90,agentview,glazed_rim_porcelain_ramekin_1,is_behind,plate_1
pick_up_the_black_bowl_next_to_the_plate_and_place_it_on_the_plate,demo_14,90,agentview,glazed_rim_porcelain_ramekin_1,is_left_of,wooden_cabinet_1
pick_up_the_black_bowl_next_to_the_plate_and_place_it_on_the_plate,demo_14,90,agentview,glazed_rim_porcelain_ramekin_1,is_left_of,flat_stove_1
pick_up_the_black_bowl_next_to_the_plate_and_place_it_on_the_plate,demo_14,90,agentview,plate_1,is_in_front_of,glazed_rim_porcelain_ramekin_1
pick_up_the_black_bowl_next_to_the_plate_and_place_it_on_the_plate,demo_14,90,agentview,wooden_cabinet_1,is_right_of,glazed_rim_porcelain_ramekin_1
pick_up_the_black_bowl_next_to_the_plate_and_place_it_on_the_plate,demo_14,90,agentview,flat_stove_1,is_right_of,glazed_rim_porcelain_ramekin_1
pick_up_the_black_bowl_next_to_the_plate_and_place_it_on_the_plate,demo_14,90,agentview,plate_1,is_left_of,wooden_cabinet_1
pick_up_the_black_bowl_next_to_the_plate_and_place_it_on_the_plate,demo_14,90,agentview,plate_1,is_in_front_of,flat_stove_1
pick_up_the_black_bowl_next_to_the_plate_and_place_it_on_the_plate,demo_14,90,agentview,wooden_cabinet_1,is_right_of,plate_1
pick_up_the_black_bowl_next_to_the_plate_and_place_it_on_the_plate,demo_14,90,agentview,flat_stove_1,is_behind,plate_1
pick_up_the_black_bowl_next_to_the_plate_and_place_it_on_the_plate,demo_14,90,agentview,wooden_cabinet_1,is_in_front_of,flat_stove_1
pick_up_the_black_bowl_next_to_the_plate_and_place_it_on_the_plate,demo_14,90,agentview,flat_stove_1,is_behind,wooden_cabinet_1
pick_up_the_black_bowl_next_to_the_plate_and_place_it_on_the_plate,demo_14,95,agentview,akita_black_bowl_1,is_left_of,akita_black_bowl_2
pick_up_the_black_bowl_next_to_the_plate_and_place_it_on_the_plate,demo_14,95,agentview,akita_black_bowl_2,is_right_of,akita_black_bowl_1
pick_up_the_black_bowl_next_to_the_plate_and_place_it_on_the_plate,demo_14,95,agentview,akita_black_bowl_1,is_left_of,cookies_1
pick_up_the_black_bowl_next_to_the_plate_and_place_it_on_the_plate,demo_14,95,agentview,cookies_1,is_right_of,akita_black_bowl_1
pick_up_the_black_bowl_next_to_the_plate_and_place_it_on_the_plate,demo_14,95,agentview,akita_black_bowl_1,is_in_front_of,glazed_rim_porcelain_ramekin_1
pick_up_the_black_bowl_next_to_the_plate_and_place_it_on_the_plate,demo_14,95,agentview,glazed_rim_porcelain_ramekin_1,is_behind,akita_black_bowl_1
pick_up_the_black_bowl_next_to_the_plate_and_place_it_on_the_plate,demo_14,95,agentview,akita_black_bowl_1,is_on_top_of,plate_1
pick_up_the_black_bowl_next_to_the_plate_and_place_it_on_the_plate,demo_14,95,agentview,plate_1,is_below_of,akita_black_bowl_1
pick_up_the_black_bowl_next_to_the_plate_and_place_it_on_the_plate,demo_14,95,agentview,akita_black_bowl_1,is_left_of,wooden_cabinet_1
pick_up_the_black_bowl_next_to_the_plate_and_place_it_on_the_plate,demo_14,95,agentview,wooden_cabinet_1,is_right_of,akita_black_bowl_1
pick_up_the_black_bowl_next_to_the_plate_and_place_it_on_the_plate,demo_14,95,agentview,akita_black_bowl_1,is_left_of,flat_stove_1
pick_up_the_black_bowl_next_to_the_plate_and_place_it_on_the_plate,demo_14,95,agentview,flat_stove_1,is_right_of,akita_black_bowl_1
pick_up_the_black_bowl_next_to_the_plate_and_place_it_on_the_plate,demo_14,95,agentview,akita_black_bowl_2,is_behind,cookies_1
pick_up_the_black_bowl_next_to_the_plate_and_place_it_on_the_plate,demo_14,95,agentview,cookies_1,is_in_front_of,akita_black_bowl_2
pick_up_the_black_bowl_next_to_the_plate_and_place_it_on_the_plate,demo_14,95,agentview,akita_black_bowl_2,is_right_of,glazed_rim_porcelain_ramekin_1
pick_up_the_black_bowl_next_to_the_plate_and_place_it_on_the_plate,demo_14,95,agentview,glazed_rim_porcelain_ramekin_1,is_left_of,akita_black_bowl_2
pick_up_the_black_bowl_next_to_the_plate_and_place_it_on_the_plate,demo_14,95,agentview,akita_black_bowl_2,is_right_of,plate_1
pick_up_the_black_bowl_next_to_the_plate_and_place_it_on_the_plate,demo_14,95,agentview,plate_1,is_left_of,akita_black_bowl_2
pick_up_the_black_bowl_next_to_the_plate_and_place_it_on_the_plate,demo_14,95,agentview,akita_black_bowl_2,is_behind,wooden_cabinet_1
pick_up_the_black_bowl_next_to_the_plate_and_place_it_on_the_plate,demo_14,95,agentview,wooden_cabinet_1,is_in_front_of,akita_black_bowl_2
pick_up_the_black_bowl_next_to_the_plate_and_place_it_on_the_plate,demo_14,95,agentview,akita_black_bowl_2,is_on_top_of,flat_stove_1
pick_up_the_black_bowl_next_to_the_plate_and_place_it_on_the_plate,demo_14,95,agentview,flat_stove_1,is_below_of,akita_black_bowl_2
pick_up_the_black_bowl_next_to_the_plate_and_place_it_on_the_plate,demo_14,95,agentview,cookies_1,is_right_of,glazed_rim_porcelain_ramekin_1
pick_up_the_black_bowl_next_to_the_plate_and_place_it_on_the_plate,demo_14,95,agentview,glazed_rim_porcelain_ramekin_1,is_left_of,cookies_1
pick_up_the_black_bowl_next_to_the_plate_and_place_it_on_the_plate,demo_14,95,agentview,cookies_1,is_right_of,plate_1
pick_up_the_black_bowl_next_to_the_plate_and_place_it_on_the_plate,demo_14,95,agentview,plate_1,is_left_of,cookies_1
pick_up_the_black_bowl_next_to_the_plate_and_place_it_on_the_plate,demo_14,95,agentview,cookies_1,is_left_of,wooden_cabinet_1
pick_up_the_black_bowl_next_to_the_plate_and_place_it_on_the_plate,demo_14,95,agentview,wooden_cabinet_1,is_right_of,cookies_1
pick_up_the_black_bowl_next_to_the_plate_and_place_it_on_the_plate,demo_14,95,agentview,cookies_1,is_in_front_of,flat_stove_1
pick_up_the_black_bowl_next_to_the_plate_and_place_it_on_the_plate,demo_14,95,agentview,flat_stove_1,is_behind,cookies_1
pick_up_the_black_bowl_next_to_the_plate_and_place_it_on_the_plate,demo_14,95,agentview,glazed_rim_porcelain_ramekin_1,is_behind,plate_1
pick_up_the_black_bowl_next_to_the_plate_and_place_it_on_the_plate,demo_14,95,agentview,plate_1,is_in_front_of,glazed_rim_porcelain_ramekin_1
pick_up_the_black_bowl_next_to_the_plate_and_place_it_on_the_plate,demo_14,95,agentview,glazed_rim_porcelain_ramekin_1,is_left_of,wooden_cabinet_1
pick_up_the_black_bowl_next_to_the_plate_and_place_it_on_the_plate,demo_14,95,agentview,wooden_cabinet_1,is_right_of,glazed_rim_porcelain_ramekin_1
pick_up_the_black_bowl_next_to_the_plate_and_place_it_on_the_plate,demo_14,95,agentview,glazed_rim_porcelain_ramekin_1,is_left_of,flat_stove_1
pick_up_the_black_bowl_next_to_the_plate_and_place_it_on_the_plate,demo_14,95,agentview,flat_stove_1,is_right_of,glazed_rim_porcelain_ramekin_1
pick_up_the_black_bowl_next_to_the_plate_and_place_it_on_the_plate,demo_14,95,agentview,plate_1,is_left_of,wooden_cabinet_1
pick_up_the_black_bowl_next_to_the_plate_and_place_it_on_the_plate,demo_15,0,agentview,akita_black_bowl_1,is_behind,akita_black_bowl_2
pick_up_the_black_bowl_next_to_the_plate_and_place_it_on_the_plate,demo_15,0,agentview,akita_black_bowl_2,is_in_front_of,akita_black_bowl_1
pick_up_the_black_bowl_next_to_the_plate_and_place_it_on_the_plate,demo_15,0,agentview,akita_black_bowl_1,is_left_of,cookies_1
pick_up_the_black_bowl_next_to_the_plate_and_place_it_on_the_plate,demo_15,0,agentview,cookies_1,is_right_of,akita_black_bowl_1
pick_up_the_black_bowl_next_to_the_plate_and_place_it_on_the_plate,demo_15,0,agentview,akita_black_bowl_1,is_left_of,glazed_rim_porcelain_ramekin_1
pick_up_the_black_bowl_next_to_the_plate_and_place_it_on_the_plate,demo_15,0,agentview,glazed_rim_porcelain_ramekin_1,is_right_of,akita_black_bowl_1
pick_up_the_black_bowl_next_to_the_plate_and_place_it_on_the_plate,demo_15,0,agentview,akita_black_bowl_1,is_behind,plate_1
pick_up_the_black_bowl_next_to_the_plate_and_place_it_on_the_plate,demo_15,0,agentview,plate_1,is_in_front_of,akita_black_bowl_1
pick_up_the_black_bowl_next_to_the_plate_and_place_it_on_the_plate,demo_15,0,agentview,akita_black_bowl_1,is_left_of,wooden_cabinet_1
pick_up_the_black_bowl_next_to_the_plate_and_place_it_on_the_plate,demo_15,0,agentview,wooden_cabinet_1,is_right_of,akita_black_bowl_1
pick_up_the_black_bowl_next_to_the_plate_and_place_it_on_the_plate,demo_15,0,agentview,akita_black_bowl_1,is_left_of,flat_stove_1
pick_up_the_black_bowl_next_to_the_plate_and_place_it_on_the_plate,demo_15,0,agentview,flat_stove_1,is_right_of,akita_black_bowl_1
pick_up_the_black_bowl_next_to_the_plate_and_place_it_on_the_plate,demo_15,0,agentview,akita_black_bowl_2,is_left_of,cookies_1
pick_up_the_black_bowl_next_to_the_plate_and_place_it_on_the_plate,demo_15,0,agentview,cookies_1,is_right_of,akita_black_bowl_2
pick_up_the_black_bowl_next_to_the_plate_and_place_it_on_the_plate,demo_15,0,agentview,akita_black_bowl_2,is_in_front_of,glazed_rim_porcelain_ramekin_1
pick_up_the_black_bowl_next_to_the_plate_and_place_it_on_the_plate,demo_15,0,agentview,glazed_rim_porcelain_ramekin_1,is_behind,akita_black_bowl_2
pick_up_the_black_bowl_next_to_the_plate_and_place_it_on_the_plate,demo_15,0,agentview,akita_black_bowl_2,is_left_of,plate_1
pick_up_the_black_bowl_next_to_the_plate_and_place_it_on_the_plate,demo_15,0,agentview,plate_1,is_right_of,akita_black_bowl_2
pick_up_the_black_bowl_next_to_the_plate_and_place_it_on_the_plate,demo_15,0,agentview,akita_black_bowl_2,is_left_of,wooden_cabinet_1
pick_up_the_black_bowl_next_to_the_plate_and_place_it_on_the_plate,demo_15,0,agentview,wooden_cabinet_1,is_right_of,akita_black_bowl_2
pick_up_the_black_bowl_next_to_the_plate_and_place_it_on_the_plate,demo_15,0,agentview,akita_black_bowl_2,is_left_of,flat_stove_1
pick_up_the_black_bowl_next_to_the_plate_and_place_it_on_the_plate,demo_15,0,agentview,flat_stove_1,is_right_of,akita_black_bowl_2
pick_up_the_black_bowl_next_to_the_plate_and_place_it_on_the_plate,demo_15,0,agentview,cookies_1,is_in_front_of,glazed_rim_porcelain_ramekin_1
pick_up_the_black_bowl_next_to_the_plate_and_place_it_on_the_plate,demo_15,0,agentview,glazed_rim_porcelain_ramekin_1,is_behind,cookies_1
pick_up_the_black_bowl_next_to_the_plate_and_place_it_on_the_plate,demo_15,0,agentview,cookies_1,is_right_of,plate_1
pick_up_the_black_bowl_next_to_the_plate_and_place_it_on_the_plate,demo_15,0,agentview,plate_1,is_left_of,cookies_1
pick_up_the_black_bowl_next_to_the_plate_and_place_it_on_the_plate,demo_15,0,agentview,cookies_1,is_left_of,wooden_cabinet_1
pick_up_the_black_bowl_next_to_the_plate_and_place_it_on_the_plate,demo_15,0,agentview,wooden_cabinet_1,is_right_of,cookies_1
pick_up_the_black_bowl_next_to_the_plate_and_place_it_on_the_plate,demo_15,0,agentview,cookies_1,is_in_front_of,flat_stove_1
pick_up_the_black_bowl_next_to_the_plate_and_place_it_on_the_plate,demo_15,0,agentview,flat_stove_1,is_behind,cookies_1
pick_up_the_black_bowl_next_to_the_plate_and_place_it_on_the_plate,demo_15,0,agentview,glazed_rim_porcelain_ramekin_1,is_behind,plate_1
pick_up_the_black_bowl_next_to_the_plate_and_place_it_on_the_plate,demo_15,0,agentview,plate_1,is_in_front_of,glazed_rim_porcelain_ramekin_1
pick_up_the_black_bowl_next_to_the_plate_and_place_it_on_the_plate,demo_15,0,agentview,glazed_rim_porcelain_ramekin_1,is_left_of,wooden_cabinet_1
pick_up_the_black_bowl_next_to_the_plate_and_place_it_on_the_plate,demo_15,0,agentview,wooden_cabinet_1,is_right_of,glazed_rim_porcelain_ramekin_1
pick_up_the_black_bowl_next_to_the_plate_and_place_it_on_the_plate,demo_15,0,agentview,glazed_rim_porcelain_ramekin_1,is_left_of,flat_stove_1
pick_up_the_black_bowl_next_to_the_plate_and_place_it_on_the_plate,demo_15,0,agentview,flat_stove_1,is_right_of,glazed_rim_porcelain_ramekin_1
pick_up_the_black_bowl_next_to_the_plate_and_place_it_on_the_plate,demo_15,0,agentview,plate_1,is_left_of,wooden_cabinet_1
pick_up_the_black_bowl_next_to_the_plate_and_place_it_on_the_plate,demo_15,0,agentview,wooden_cabinet_1,is_right_of,plate_1
pick_up_the_black_bowl_next_to_the_plate_and_place_it_on_the_plate,demo_15,0,agentview,plate_1,is_left_of,flat_stove_1
pick_up_the_black_bowl_next_to_the_plate_and_place_it_on_the_plate,demo_15,0,agentview,flat_stove_1,is_right_of,plate_1
pick_up_the_black_bowl_next_to_the_plate_and_place_it_on_the_plate,demo_15,0,agentview,flat_stove_1,is_left_of,wooden_cabinet_1
pick_up_the_black_bowl_next_to_the_plate_and_place_it_on_the_plate,demo_15,0,agentview,wooden_cabinet_1,is_right_of,flat_stove_1
pick_up_the_black_bowl_next_to_the_plate_and_place_it_on_the_plate,demo_15,5,agentview,akita_black_bowl_1,is_behind,akita_black_bowl_2
pick_up_the_black_bowl_next_to_the_plate_and_place_it_on_the_plate,demo_15,5,agentview,akita_black_bowl_1,is_left_of,cookies_1
pick_up_the_black_bowl_next_to_the_plate_and_place_it_on_the_plate,demo_15,5,agentview,akita_black_bowl_1,is_left_of,glazed_rim_porcelain_ramekin_1
pick_up_the_black_bowl_next_to_the_plate_and_place_it_on_the_plate,demo_15,5,agentview,akita_black_bowl_1,is_behind,plate_1
pick_up_the_black_bowl_next_to_the_plate_and_place_it_on_the_plate,demo_15,5,agentview,akita_black_bowl_1,is_left_of,wooden_cabinet_1
pick_up_the_black_bowl_next_to_the_plate_and_place_it_on_the_plate,demo_15,5,agentview,akita_black_bowl_1,is_left_of,flat_stove_1
pick_up_the_black_bowl_next_to_the_plate_and_place_it_on_the_plate,demo_15,5,agentview,akita_black_bowl_2,is_in_front_of,akita_black_bowl_1
pick_up_the_black_bowl_next_to_the_plate_and_place_it_on_the_plate,demo_15,5,agentview,akita_black_bowl_2,is_left_of,cookies_1
pick_up_the_black_bowl_next_to_the_plate_and_place_it_on_the_plate,demo_15,5,agentview,akita_black_bowl_2,is_left_of,glazed_rim_porcelain_ramekin_1
pick_up_the_black_bowl_next_to_the_plate_and_place_it_on_the_plate,demo_15,5,agentview,akita_black_bowl_2,is_left_of,plate_1
pick_up_the_black_bowl_next_to_the_plate_and_place_it_on_the_plate,demo_15,5,agentview,akita_black_bowl_2,is_left_of,wooden_cabinet_1
pick_up_the_black_bowl_next_to_the_plate_and_place_it_on_the_plate,demo_15,5,agentview,akita_black_bowl_2,is_left_of,flat_stove_1
pick_up_the_black_bowl_next_to_the_plate_and_place_it_on_the_plate,demo_15,5,agentview,cookies_1,is_right_of,akita_black_bowl_1
pick_up_the_black_bowl_next_to_the_plate_and_place_it_on_the_plate,demo_15,5,agentview,cookies_1,is_right_of,akita_black_bowl_2
pick_up_the_black_bowl_next_to_the_plate_and_place_it_on_the_plate,demo_15,5,agentview,cookies_1,is_in_front_of,glazed_rim_porcelain_ramekin_1
pick_up_the_black_bowl_next_to_the_plate_and_place_it_on_the_plate,demo_15,5,agentview,cookies_1,is_right_of,plate_1
pick_up_the_black_bowl_next_to_the_plate_and_place_it_on_the_plate,demo_15,5,agentview,cookies_1,is_left_of,wooden_cabinet_1
pick_up_the_black_bowl_next_to_the_plate_and_place_it_on_the_plate,demo_15,5,agentview,cookies_1,is_in_front_of,flat_stove_1
pick_up_the_black_bowl_next_to_the_plate_and_place_it_on_the_plate,demo_15,5,agentview,glazed_rim_porcelain_ramekin_1,is_right_of,akita_black_bowl_1
pick_up_the_black_bowl_next_to_the_plate_and_place_it_on_the_plate,demo_15,5,agentview,glazed_rim_porcelain_ramekin_1,is_right_of,akita_black_bowl_2
pick_up_the_black_bowl_next_to_the_plate_and_place_it_on_the_plate,demo_15,5,agentview,glazed_rim_porcelain_ramekin_1,is_behind,cookies_1
pick_up_the_black_bowl_next_to_the_plate_and_place_it_on_the_plate,demo_15,5,agentview,glazed_rim_porcelain_ramekin_1,is_behind,plate_1
pick_up_the_black_bowl_next_to_the_plate_and_place_it_on_the_plate,demo_15,5,agentview,glazed_rim_porcelain_ramekin_1,is_left_of,wooden_cabinet_1
pick_up_the_black_bowl_next_to_the_plate_and_place_it_on_the_plate,demo_15,5,agentview,glazed_rim_porcelain_ramekin_1,is_left_of,flat_stove_1
pick_up_the_black_bowl_next_to_the_plate_and_place_it_on_the_plate,demo_15,5,agentview,plate_1,is_in_front_of,akita_black_bowl_1
pick_up_the_black_bowl_next_to_the_plate_and_place_it_on_the_plate,demo_15,5,agentview,plate_1,is_right_of,akita_black_bowl_2
pick_up_the_black_bowl_next_to_the_plate_and_place_it_on_the_plate,demo_15,5,agentview,plate_1,is_left_of,cookies_1
pick_up_the_black_bowl_next_to_the_plate_and_place_it_on_the_plate,demo_15,5,agentview,plate_1,is_in_front_of,glazed_rim_porcelain_ramekin_1
pick_up_the_black_bowl_next_to_the_plate_and_place_it_on_the_plate,demo_15,5,agentview,plate_1,is_left_of,wooden_cabinet_1
pick_up_the_black_bowl_next_to_the_plate_and_place_it_on_the_plate,demo_15,5,agentview,plate_1,is_left_of,flat_stove_1
pick_up_the_black_bowl_next_to_the_plate_and_place_it_on_the_plate,demo_15,5,agentview,wooden_cabinet_1,is_right_of,akita_black_bowl_1
pick_up_the_black_bowl_next_to_the_plate_and_place_it_on_the_plate,demo_15,5,agentview,wooden_cabinet_1,is_right_of,akita_black_bowl_2
pick_up_the_black_bowl_next_to_the_plate_and_place_it_on_the_plate,demo_15,5,agentview,wooden_cabinet_1,is_right_of,cookies_1
pick_up_the_black_bowl_next_to_the_plate_and_place_it_on_the_plate,demo_15,5,agentview,wooden_cabinet_1,is_right_of,glazed_rim_porcelain_ramekin_1
pick_up_the_black_bowl_next_to_the_plate_and_place_it_on_the_plate,demo_15,5,agentview,wooden_cabinet_1,is_right_of,plate_1
pick_up_the_black_bowl_next_to_the_plate_and_place_it_on_the_plate,demo_15,5,agentview,wooden_cabinet_1,is_right_of,flat_stove_1
pick_up_the_black_bowl_next_to_the_plate_and_place_it_on_the_plate,demo_15,5,agentview,flat_stove_1,is_right_of,akita_black_bowl_1
pick_up_the_black_bowl_next_to_the_plate_and_place_it_on_the_plate,demo_15,5,agentview,flat_stove_1,is_right_of,akita_black_bowl_2
pick_up_the_black_bowl_next_to_the_plate_and_place_it_on_the_plate,demo_15,5,agentview,flat_stove_1,is_behind,cookies_1
pick_up_the_black_bowl_next_to_the_plate_and_place_it_on_the_plate,demo_15,5,agentview,flat_stove_1,is_right_of,glazed_rim_porcelain_ramekin_1
pick_up_the_black_bowl_next_to_the_plate_and_place_it_on_the_plate,demo_15,5,agentview,flat_stove_1,is_right_of,plate_1
pick_up_the_black_bowl_next_to_the_plate_and_place_it_on_the_plate,demo_15,5,agentview,flat_stove_1,is_left_of,wooden_cabinet_1
pick_up_the_black_bowl_next_to_the_plate_and_place_it_on_the_plate,demo_15,10,agentview,akita_black_bowl_1,is_behind,akita_black_bowl_2
pick_up_the_black_bowl_next_to_the_plate_and_place_it_on_the_plate,demo_15,10,agentview,akita_black_bowl_2,is_in_front_of,akita_black_bowl_1
pick_up_the_black_bowl_next_to_the_plate_and_place_it_on_the_plate,demo_15,10,agentview,akita_black_bowl_1,is_behind,cookies_1
pick_up_the_black_bowl_next_to_the_plate_and_place_it_on_the_plate,demo_15,10,agentview,cookies_1,is_in_front_of,akita_black_bowl_1
pick_up_the_black_bowl_next_to_the_plate_and_place_it_on_the_plate,demo_15,10,agentview,akita_black_bowl_1,is_left_of,glazed_rim_porcelain_ramekin_1
pick_up_the_black_bowl_next_to_the_plate_and_place_it_on_the_plate,demo_15,10,agentview,glazed_rim_porcelain_ramekin_1,is_right_of,akita_black_bowl_1
pick_up_the_black_bowl_next_to_the_plate_and_place_it_on_the_plate,demo_15,10,agentview,akita_black_bowl_1,is_behind,plate_1
pick_up_the_black_bowl_next_to_the_plate_and_place_it_on_the_plate,demo_15,10,agentview,plate_1,is_in_front_of,akita_black_bowl_1
pick_up_the_black_bowl_next_to_the_plate_and_place_it_on_the_plate,demo_15,10,agentview,akita_black_bowl_1,is_left_of,wooden_cabinet_1
pick_up_the_black_bowl_next_to_the_plate_and_place_it_on_the_plate,demo_15,10,agentview,wooden_cabinet_1,is_right_of,akita_black_bowl_1
pick_up_the_black_bowl_next_to_the_plate_and_place_it_on_the_plate,demo_15,10,agentview,akita_black_bowl_1,is_left_of,flat_stove_1
pick_up_the_black_bowl_next_to_the_plate_and_place_it_on_the_plate,demo_15,10,agentview,flat_stove_1,is_right_of,akita_black_bowl_1
pick_up_the_black_bowl_next_to_the_plate_and_place_it_on_the_plate,demo_15,10,agentview,akita_black_bowl_2,is_left_of,cookies_1
pick_up_the_black_bowl_next_to_the_plate_and_place_it_on_the_plate,demo_15,10,agentview,cookies_1,is_right_of,akita_black_bowl_2
pick_up_the_black_bowl_next_to_the_plate_and_place_it_on_the_plate,demo_15,10,agentview,akita_black_bowl_2,is_in_front_of,glazed_rim_porcelain_ramekin_1
pick_up_the_black_bowl_next_to_the_plate_and_place_it_on_the_plate,demo_15,10,agentview,glazed_rim_porcelain_ramekin_1,is_behind,akita_black_bowl_2
pick_up_the_black_bowl_next_to_the_plate_and_place_it_on_the_plate,demo_15,10,agentview,akita_black_bowl_2,is_left_of,plate_1
pick_up_the_black_bowl_next_to_the_plate_and_place_it_on_the_plate,demo_15,10,agentview,plate_1,is_right_of,akita_black_bowl_2
pick_up_the_black_bowl_next_to_the_plate_and_place_it_on_the_plate,demo_15,10,agentview,akita_black_bowl_2,is_left_of,wooden_cabinet_1
pick_up_the_black_bowl_next_to_the_plate_and_place_it_on_the_plate,demo_15,10,agentview,wooden_cabinet_1,is_right_of,akita_black_bowl_2
pick_up_the_black_bowl_next_to_the_plate_and_place_it_on_the_plate,demo_15,10,agentview,akita_black_bowl_2,is_left_of,flat_stove_1
pick_up_the_black_bowl_next_to_the_plate_and_place_it_on_the_plate,demo_15,10,agentview,flat_stove_1,is_right_of,akita_black_bowl_2
pick_up_the_black_bowl_next_to_the_plate_and_place_it_on_the_plate,demo_15,10,agentview,cookies_1,is_in_front_of,glazed_rim_porcelain_ramekin_1
pick_up_the_black_bowl_next_to_the_plate_and_place_it_on_the_plate,demo_15,10,agentview,glazed_rim_porcelain_ramekin_1,is_behind,cookies_1
pick_up_the_black_bowl_next_to_the_plate_and_place_it_on_the_plate,demo_15,10,agentview,cookies_1,is_right_of,plate_1
pick_up_the_black_bowl_next_to_the_plate_and_place_it_on_the_plate,demo_15,10,agentview,plate_1,is_left_of,cookies_1
pick_up_the_black_bowl_next_to_the_plate_and_place_it_on_the_plate,demo_15,10,agentview,cookies_1,is_left_of,wooden_cabinet_1
pick_up_the_black_bowl_next_to_the_plate_and_place_it_on_the_plate,demo_15,10,agentview,wooden_cabinet_1,is_right_of,cookies_1
pick_up_the_black_bowl_next_to_the_plate_and_place_it_on_the_plate,demo_15,10,agentview,cookies_1,is_in_front_of,flat_stove_1
pick_up_the_black_bowl_next_to_the_plate_and_place_it_on_the_plate,demo_15,10,agentview,flat_stove_1,is_behind,cookies_1
pick_up_the_black_bowl_next_to_the_plate_and_place_it_on_the_plate,demo_15,10,agentview,glazed_rim_porcelain_ramekin_1,is_behind,plate_1
pick_up_the_black_bowl_next_to_the_plate_and_place_it_on_the_plate,demo_15,10,agentview,plate_1,is_in_front_of,glazed_rim_porcelain_ramekin_1
pick_up_the_black_bowl_next_to_the_plate_and_place_it_on_the_plate,demo_15,10,agentview,glazed_rim_porcelain_ramekin_1,is_left_of,wooden_cabinet_1
pick_up_the_black_bowl_next_to_the_plate_and_place_it_on_the_plate,demo_15,10,agentview,wooden_cabinet_1,is_right_of,glazed_rim_porcelain_ramekin_1
pick_up_the_black_bowl_next_to_the_plate_and_place_it_on_the_plate,demo_15,10,agentview,glazed_rim_porcelain_ramekin_1,is_left_of,flat_stove_1
pick_up_the_black_bowl_next_to_the_plate_and_place_it_on_the_plate,demo_15,10,agentview,flat_stove_1,is_right_of,glazed_rim_porcelain_ramekin_1
pick_up_the_black_bowl_next_to_the_plate_and_place_it_on_the_plate,demo_15,10,agentview,plate_1,is_left_of,wooden_cabinet_1
pick_up_the_black_bowl_next_to_the_plate_and_place_it_on_the_plate,demo_15,10,agentview,wooden_cabinet_1,is_right_of,plate_1
pick_up_the_black_bowl_next_to_the_plate_and_place_it_on_the_plate,demo_15,10,agentview,plate_1,is_left_of,flat_stove_1
pick_up_the_black_bowl_next_to_the_plate_and_place_it_on_the_plate,demo_15,10,agentview,flat_stove_1,is_right_of,plate_1
pick_up_the_black_bowl_next_to_the_plate_and_place_it_on_the_plate,demo_15,10,agentview,wooden_cabinet_1,is_in_front_of,flat_stove_1
pick_up_the_black_bowl_next_to_the_plate_and_place_it_on_the_plate,demo_15,10,agentview,flat_stove_1,is_behind,wooden_cabinet_1
pick_up_the_black_bowl_next_to_the_plate_and_place_it_on_the_plate,demo_15,15,agentview,akita_black_bowl_1,is_behind,akita_black_bowl_2
pick_up_the_black_bowl_next_to_the_plate_and_place_it_on_the_plate,demo_15,15,agentview,akita_black_bowl_2,is_in_front_of,akita_black_bowl_1
pick_up_the_black_bowl_next_to_the_plate_and_place_it_on_the_plate,demo_15,15,agentview,akita_black_bowl_1,is_left_of,cookies_1
pick_up_the_black_bowl_next_to_the_plate_and_place_it_on_the_plate,demo_15,15,agentview,cookies_1,is_right_of,akita_black_bowl_1
pick_up_the_black_bowl_next_to_the_plate_and_place_it_on_the_plate,demo_15,15,agentview,akita_black_bowl_1,is_left_of,glazed_rim_porcelain_ramekin_1
pick_up_the_black_bowl_next_to_the_plate_and_place_it_on_the_plate,demo_15,15,agentview,glazed_rim_porcelain_ramekin_1,is_right_of,akita_black_bowl_1
pick_up_the_black_bowl_next_to_the_plate_and_place_it_on_the_plate,demo_15,15,agentview,akita_black_bowl_1,is_behind,plate_1
pick_up_the_black_bowl_next_to_the_plate_and_place_it_on_the_plate,demo_15,15,agentview,plate_1,is_in_front_of,akita_black_bowl_1
pick_up_the_black_bowl_next_to_the_plate_and_place_it_on_the_plate,demo_15,15,agentview,akita_black_bowl_1,is_left_of,wooden_cabinet_1
pick_up_the_black_bowl_next_to_the_plate_and_place_it_on_the_plate,demo_15,15,agentview,wooden_cabinet_1,is_right_of,akita_black_bowl_1
pick_up_the_black_bowl_next_to_the_plate_and_place_it_on_the_plate,demo_15,15,agentview,akita_black_bowl_1,is_left_of,flat_stove_1
pick_up_the_black_bowl_next_to_the_plate_and_place_it_on_the_plate,demo_15,15,agentview,flat_stove_1,is_right_of,akita_black_bowl_1
pick_up_the_black_bowl_next_to_the_plate_and_place_it_on_the_plate,demo_15,15,agentview,akita_black_bowl_2,is_left_of,cookies_1
pick_up_the_black_bowl_next_to_the_plate_and_place_it_on_the_plate,demo_15,15,agentview,cookies_1,is_right_of,akita_black_bowl_2
pick_up_the_black_bowl_next_to_the_plate_and_place_it_on_the_plate,demo_15,15,agentview,akita_black_bowl_2,is_in_front_of,glazed_rim_porcelain_ramekin_1
pick_up_the_black_bowl_next_to_the_plate_and_place_it_on_the_plate,demo_15,15,agentview,glazed_rim_porcelain_ramekin_1,is_behind,akita_black_bowl_2
pick_up_the_black_bowl_next_to_the_plate_and_place_it_on_the_plate,demo_15,15,agentview,akita_black_bowl_2,is_left_of,plate_1
pick_up_the_black_bowl_next_to_the_plate_and_place_it_on_the_plate,demo_15,15,agentview,plate_1,is_right_of,akita_black_bowl_2
pick_up_the_black_bowl_next_to_the_plate_and_place_it_on_the_plate,demo_15,15,agentview,akita_black_bowl_2,is_left_of,wooden_cabinet_1
pick_up_the_black_bowl_next_to_the_plate_and_place_it_on_the_plate,demo_15,15,agentview,wooden_cabinet_1,is_right_of,akita_black_bowl_2
pick_up_the_black_bowl_next_to_the_plate_and_place_it_on_the_plate,demo_15,15,agentview,akita_black_bowl_2,is_left_of,flat_stove_1
pick_up_the_black_bowl_next_to_the_plate_and_place_it_on_the_plate,demo_15,15,agentview,flat_stove_1,is_right_of,akita_black_bowl_2
pick_up_the_black_bowl_next_to_the_plate_and_place_it_on_the_plate,demo_15,15,agentview,cookies_1,is_in_front_of,glazed_rim_porcelain_ramekin_1
pick_up_the_black_bowl_next_to_the_plate_and_place_it_on_the_plate,demo_15,15,agentview,glazed_rim_porcelain_ramekin_1,is_behind,cookies_1
pick_up_the_black_bowl_next_to_the_plate_and_place_it_on_the_plate,demo_15,15,agentview,cookies_1,is_right_of,plate_1
pick_up_the_black_bowl_next_to_the_plate_and_place_it_on_the_plate,demo_15,15,agentview,plate_1,is_left_of,cookies_1
pick_up_the_black_bowl_next_to_the_plate_and_place_it_on_the_plate,demo_15,15,agentview,cookies_1,is_left_of,wooden_cabinet_1
pick_up_the_black_bowl_next_to_the_plate_and_place_it_on_the_plate,demo_15,15,agentview,wooden_cabinet_1,is_right_of,cookies_1
pick_up_the_black_bowl_next_to_the_plate_and_place_it_on_the_plate,demo_15,15,agentview,cookies_1,is_in_front_of,flat_stove_1
pick_up_the_black_bowl_next_to_the_plate_and_place_it_on_the_plate,demo_15,15,agentview,flat_stove_1,is_behind,cookies_1
pick_up_the_black_bowl_next_to_the_plate_and_place_it_on_the_plate,demo_15,15,agentview,glazed_rim_porcelain_ramekin_1,is_behind,plate_1
pick_up_the_black_bowl_next_to_the_plate_and_place_it_on_the_plate,demo_15,15,agentview,plate_1,is_in_front_of,glazed_rim_porcelain_ramekin_1
pick_up_the_black_bowl_next_to_the_plate_and_place_it_on_the_plate,demo_15,15,agentview,glazed_rim_porcelain_ramekin_1,is_left_of,wooden_cabinet_1
pick_up_the_black_bowl_next_to_the_plate_and_place_it_on_the_plate,demo_15,15,agentview,wooden_cabinet_1,is_right_of,glazed_rim_porcelain_ramekin_1
pick_up_the_black_bowl_next_to_the_plate_and_place_it_on_the_plate,demo_15,15,agentview,glazed_rim_porcelain_ramekin_1,is_left_of,flat_stove_1
pick_up_the_black_bowl_next_to_the_plate_and_place_it_on_the_plate,demo_15,15,agentview,flat_stove_1,is_right_of,glazed_rim_porcelain_ramekin_1
pick_up_the_black_bowl_next_to_the_plate_and_place_it_on_the_plate,demo_15,15,agentview,plate_1,is_left_of,wooden_cabinet_1
pick_up_the_black_bowl_next_to_the_plate_and_place_it_on_the_plate,demo_15,15,agentview,wooden_cabinet_1,is_right_of,plate_1
pick_up_the_black_bowl_next_to_the_plate_and_place_it_on_the_plate,demo_15,15,agentview,plate_1,is_left_of,flat_stove_1
pick_up_the_black_bowl_next_to_the_plate_and_place_it_on_the_plate,demo_15,15,agentview,flat_stove_1,is_right_of,plate_1
pick_up_the_black_bowl_next_to_the_plate_and_place_it_on_the_plate,demo_15,15,agentview,wooden_cabinet_1,is_right_of,flat_stove_1
pick_up_the_black_bowl_next_to_the_plate_and_place_it_on_the_plate,demo_15,15,agentview,flat_stove_1,is_left_of,wooden_cabinet_1
pick_up_the_black_bowl_next_to_the_plate_and_place_it_on_the_plate,demo_15,20,agentview,akita_black_bowl_1,is_behind,akita_black_bowl_2
pick_up_the_black_bowl_next_to_the_plate_and_place_it_on_the_plate,demo_15,20,agentview,akita_black_bowl_2,is_in_front_of,akita_black_bowl_1
pick_up_the_black_bowl_next_to_the_plate_and_place_it_on_the_plate,demo_15,20,agentview,akita_black_bowl_1,is_left_of,cookies_1
pick_up_the_black_bowl_next_to_the_plate_and_place_it_on_the_plate,demo_15,20,agentview,cookies_1,is_right_of,akita_black_bowl_1
pick_up_the_black_bowl_next_to_the_plate_and_place_it_on_the_plate,demo_15,20,agentview,akita_black_bowl_1,is_left_of,glazed_rim_porcelain_ramekin_1
pick_up_the_black_bowl_next_to_the_plate_and_place_it_on_the_plate,demo_15,20,agentview,glazed_rim_porcelain_ramekin_1,is_right_of,akita_black_bowl_1
pick_up_the_black_bowl_next_to_the_plate_and_place_it_on_the_plate,demo_15,20,agentview,akita_black_bowl_1,is_behind,plate_1
pick_up_the_black_bowl_next_to_the_plate_and_place_it_on_the_plate,demo_15,20,agentview,plate_1,is_in_front_of,akita_black_bowl_1
pick_up_the_black_bowl_next_to_the_plate_and_place_it_on_the_plate,demo_15,20,agentview,akita_black_bowl_1,is_left_of,wooden_cabinet_1
pick_up_the_black_bowl_next_to_the_plate_and_place_it_on_the_plate,demo_15,20,agentview,wooden_cabinet_1,is_right_of,akita_black_bowl_1
pick_up_the_black_bowl_next_to_the_plate_and_place_it_on_the_plate,demo_15,20,agentview,akita_black_bowl_1,is_left_of,flat_stove_1
pick_up_the_black_bowl_next_to_the_plate_and_place_it_on_the_plate,demo_15,20,agentview,flat_stove_1,is_right_of,akita_black_bowl_1
pick_up_the_black_bowl_next_to_the_plate_and_place_it_on_the_plate,demo_15,20,agentview,akita_black_bowl_2,is_left_of,cookies_1
pick_up_the_black_bowl_next_to_the_plate_and_place_it_on_the_plate,demo_15,20,agentview,cookies_1,is_right_of,akita_black_bowl_2
pick_up_the_black_bowl_next_to_the_plate_and_place_it_on_the_plate,demo_15,20,agentview,akita_black_bowl_2,is_in_front_of,glazed_rim_porcelain_ramekin_1
pick_up_the_black_bowl_next_to_the_plate_and_place_it_on_the_plate,demo_15,20,agentview,glazed_rim_porcelain_ramekin_1,is_behind,akita_black_bowl_2
pick_up_the_black_bowl_next_to_the_plate_and_place_it_on_the_plate,demo_15,20,agentview,akita_black_bowl_2,is_left_of,plate_1
pick_up_the_black_bowl_next_to_the_plate_and_place_it_on_the_plate,demo_15,20,agentview,plate_1,is_right_of,akita_black_bowl_2
pick_up_the_black_bowl_next_to_the_plate_and_place_it_on_the_plate,demo_15,20,agentview,akita_black_bowl_2,is_left_of,wooden_cabinet_1
pick_up_the_black_bowl_next_to_the_plate_and_place_it_on_the_plate,demo_15,20,agentview,wooden_cabinet_1,is_right_of,akita_black_bowl_2
pick_up_the_black_bowl_next_to_the_plate_and_place_it_on_the_plate,demo_15,20,agentview,akita_black_bowl_2,is_left_of,flat_stove_1
pick_up_the_black_bowl_next_to_the_plate_and_place_it_on_the_plate,demo_15,20,agentview,flat_stove_1,is_right_of,akita_black_bowl_2
pick_up_the_black_bowl_next_to_the_plate_and_place_it_on_the_plate,demo_15,25,agentview,akita_black_bowl_1,is_behind,akita_black_bowl_2
pick_up_the_black_bowl_next_to_the_plate_and_place_it_on_the_plate,demo_15,25,agentview,akita_black_bowl_2,is_in_front_of,akita_black_bowl_1
pick_up_the_black_bowl_next_to_the_plate_and_place_it_on_the_plate,demo_15,25,agentview,akita_black_bowl_1,is_left_of,cookies_1
pick_up_the_black_bowl_next_to_the_plate_and_place_it_on_the_plate,demo_15,25,agentview,cookies_1,is_right_of,akita_black_bowl_1
pick_up_the_black_bowl_next_to_the_plate_and_place_it_on_the_plate,demo_15,25,agentview,akita_black_bowl_1,is_left_of,glazed_rim_porcelain_ramekin_1
pick_up_the_black_bowl_next_to_the_plate_and_place_it_on_the_plate,demo_15,25,agentview,glazed_rim_porcelain_ramekin_1,is_right_of,akita_black_bowl_1
pick_up_the_black_bowl_next_to_the_plate_and_place_it_on_the_plate,demo_15,25,agentview,akita_black_bowl_1,is_behind,plate_1
pick_up_the_black_bowl_next_to_the_plate_and_place_it_on_the_plate,demo_15,25,agentview,plate_1,is_in_front_of,akita_black_bowl_1
pick_up_the_black_bowl_next_to_the_plate_and_place_it_on_the_plate,demo_15,25,agentview,akita_black_bowl_1,is_left_of,wooden_cabinet_1
pick_up_the_black_bowl_next_to_the_plate_and_place_it_on_the_plate,demo_15,25,agentview,wooden_cabinet_1,is_right_of,akita_black_bowl_1
pick_up_the_black_bowl_next_to_the_plate_and_place_it_on_the_plate,demo_15,25,agentview,akita_black_bowl_1,is_left_of,flat_stove_1
pick_up_the_black_bowl_next_to_the_plate_and_place_it_on_the_plate,demo_15,25,agentview,flat_stove_1,is_right_of,akita_black_bowl_1
pick_up_the_black_bowl_next_to_the_plate_and_place_it_on_the_plate,demo_15,25,agentview,akita_black_bowl_2,is_left_of,cookies_1
pick_up_the_black_bowl_next_to_the_plate_and_place_it_on_the_plate,demo_15,25,agentview,cookies_1,is_right_of,akita_black_bowl_2
pick_up_the_black_bowl_next_to_the_plate_and_place_it_on_the_plate,demo_15,25,agentview,akita_black_bowl_2,is_left_of,glazed_rim_porcelain_ramekin_1
pick_up_the_black_bowl_next_to_the_plate_and_place_it_on_the_plate,demo_15,25,agentview,glazed_rim_porcelain_ramekin_1,is_right_of,akita_black_bowl_2
pick_up_the_black_bowl_next_to_the_plate_and_place_it_on_the_plate,demo_15,25,agentview,akita_black_bowl_2,is_left_of,plate_1
pick_up_the_black_bowl_next_to_the_plate_and_place_it_on_the_plate,demo_15,25,agentview,plate_1,is_right_of,akita_black_bowl_2
pick_up_the_black_bowl_next_to_the_plate_and_place_it_on_the_plate,demo_15,25,agentview,akita_black_bowl_2,is_left_of,wooden_cabinet_1
pick_up_the_black_bowl_next_to_the_plate_and_place_it_on_the_plate,demo_15,25,agentview,wooden_cabinet_1,is_right_of,akita_black_bowl_2
pick_up_the_black_bowl_next_to_the_plate_and_place_it_on_the_plate,demo_15,25,agentview,akita_black_bowl_2,is_left_of,flat_stove_1
pick_up_the_black_bowl_next_to_the_plate_and_place_it_on_the_plate,demo_15,25,agentview,flat_stove_1,is_right_of,akita_black_bowl_2
pick_up_the_black_bowl_next_to_the_plate_and_place_it_on_the_plate,demo_15,25,agentview,cookies_1,is_in_front_of,glazed_rim_porcelain_ramekin_1
pick_up_the_black_bowl_next_to_the_plate_and_place_it_on_the_plate,demo_15,25,agentview,glazed_rim_porcelain_ramekin_1,is_behind,cookies_1
pick_up_the_black_bowl_next_to_the_plate_and_place_it_on_the_plate,demo_15,25,agentview,cookies_1,is_right_of,plate_1
pick_up_the_black_bowl_next_to_the_plate_and_place_it_on_the_plate,demo_15,25,agentview,plate_1,is_left_of,cookies_1
pick_up_the_black_bowl_next_to_the_plate_and_place_it_on_the_plate,demo_15,25,agentview,cookies_1,is_left_of,wooden_cabinet_1
pick_up_the_black_bowl_next_to_the_plate_and_place_it_on_the_plate,demo_15,25,agentview,wooden_cabinet_1,is_right_of,cookies_1
pick_up_the_black_bowl_next_to_the_plate_and_place_it_on_the_plate,demo_15,25,agentview,cookies_1,is_in_front_of,flat_stove_1
pick_up_the_black_bowl_next_to_the_plate_and_place_it_on_the_plate,demo_15,25,agentview,flat_stove_1,is_behind,cookies_1
pick_up_the_black_bowl_next_to_the_plate_and_place_it_on_the_plate,demo_15,25,agentview,glazed_rim_porcelain_ramekin_1,is_behind,plate_1
pick_up_the_black_bowl_next_to_the_plate_and_place_it_on_the_plate,demo_15,25,agentview,plate_1,is_in_front_of,glazed_rim_porcelain_ramekin_1
pick_up_the_black_bowl_next_to_the_plate_and_place_it_on_the_plate,demo_15,25,agentview,glazed_rim_porcelain_ramekin_1,is_left_of,wooden_cabinet_1
pick_up_the_black_bowl_next_to_the_plate_and_place_it_on_the_plate,demo_15,25,agentview,wooden_cabinet_1,is_right_of,glazed_rim_porcelain_ramekin_1
pick_up_the_black_bowl_next_to_the_plate_and_place_it_on_the_plate,demo_15,25,agentview,glazed_rim_porcelain_ramekin_1,is_left_of,flat_stove_1
pick_up_the_black_bowl_next_to_the_plate_and_place_it_on_the_plate,demo_15,25,agentview,flat_stove_1,is_right_of,glazed_rim_porcelain_ramekin_1
pick_up_the_black_bowl_next_to_the_plate_and_place_it_on_the_plate,demo_15,25,agentview,plate_1,is_left_of,wooden_cabinet_1
pick_up_the_black_bowl_next_to_the_plate_and_place_it_on_the_plate,demo_15,25,agentview,wooden_cabinet_1,is_right_of,plate_1
pick_up_the_black_bowl_next_to_the_plate_and_place_it_on_the_plate,demo_15,25,agentview,plate_1,is_left_of,flat_stove_1
pick_up_the_black_bowl_next_to_the_plate_and_place_it_on_the_plate,demo_15,25,agentview,flat_stove_1,is_right_of,plate_1
pick_up_the_black_bowl_next_to_the_plate_and_place_it_on_the_plate,demo_15,25,agentview,wooden_cabinet_1,is_right_of,flat_stove_1
pick_up_the_black_bowl_next_to_the_plate_and_place_it_on_the_plate,demo_15,25,agentview,flat_stove_1,is_left_of,wooden_cabinet_1
pick_up_the_black_bowl_next_to_the_plate_and_place_it_on_the_plate,demo_15,30,agentview,akita_black_bowl_1,is_in_front_of,akita_black_bowl_2
pick_up_the_black_bowl_next_to_the_plate_and_place_it_on_the_plate,demo_15,30,agentview,akita_black_bowl_2,is_behind,akita_black_bowl_1
pick_up_the_black_bowl_next_to_the_plate_and_place_it_on_the_plate,demo_15,30,agentview,akita_black_bowl_1,is_left_of,cookies_1
pick_up_the_black_bowl_next_to_the_plate_and_place_it_on_the_plate,demo_15,30,agentview,cookies_1,is_right_of,akita_black_bowl_1
pick_up_the_black_bowl_next_to_the_plate_and_place_it_on_the_plate,demo_15,30,agentview,akita_black_bowl_1,is_left_of,glazed_rim_porcelain_ramekin_1
pick_up_the_black_bowl_next_to_the_plate_and_place_it_on_the_plate,demo_15,30,agentview,glazed_rim_porcelain_ramekin_1,is_right_of,akita_black_bowl_1
pick_up_the_black_bowl_next_to_the_plate_and_place_it_on_the_plate,demo_15,30,agentview,akita_black_bowl_1,is_left_of,plate_1
pick_up_the_black_bowl_next_to_the_plate_and_place_it_on_the_plate,demo_15,30,agentview,plate_1,is_right_of,akita_black_bowl_1
pick_up_the_black_bowl_next_to_the_plate_and_place_it_on_the_plate,demo_15,30,agentview,akita_black_bowl_1,is_left_of,wooden_cabinet_1
pick_up_the_black_bowl_next_to_the_plate_and_place_it_on_the_plate,demo_15,30,agentview,wooden_cabinet_1,is_right_of,akita_black_bowl_1
pick_up_the_black_bowl_next_to_the_plate_and_place_it_on_the_plate,demo_15,30,agentview,akita_black_bowl_1,is_left_of,flat_stove_1
pick_up_the_black_bowl_next_to_the_plate_and_place_it_on_the_plate,demo_15,30,agentview,flat_stove_1,is_right_of,akita_black_bowl_1
pick_up_the_black_bowl_next_to_the_plate_and_place_it_on_the_plate,demo_15,30,agentview,akita_black_bowl_2,is_left_of,cookies_1
pick_up_the_black_bowl_next_to_the_plate_and_place_it_on_the_plate,demo_15,30,agentview,cookies_1,is_right_of,akita_black_bowl_2
pick_up_the_black_bowl_next_to_the_plate_and_place_it_on_the_plate,demo_15,30,agentview,akita_black_bowl_2,is_left_of,glazed_rim_porcelain_ramekin_1
pick_up_the_black_bowl_next_to_the_plate_and_place_it_on_the_plate,demo_15,30,agentview,glazed_rim_porcelain_ramekin_1,is_right_of,akita_black_bowl_2
pick_up_the_black_bowl_next_to_the_plate_and_place_it_on_the_plate,demo_15,30,agentview,akita_black_bowl_2,is_behind,plate_1
pick_up_the_black_bowl_next_to_the_plate_and_place_it_on_the_plate,demo_15,30,agentview,plate_1,is_in_front_of,akita_black_bowl_2
pick_up_the_black_bowl_next_to_the_plate_and_place_it_on_the_plate,demo_15,30,agentview,akita_black_bowl_2,is_left_of,wooden_cabinet_1
pick_up_the_black_bowl_next_to_the_plate_and_place_it_on_the_plate,demo_15,30,agentview,wooden_cabinet_1,is_right_of,akita_black_bowl_2
pick_up_the_black_bowl_next_to_the_plate_and_place_it_on_the_plate,demo_15,30,agentview,akita_black_bowl_2,is_left_of,flat_stove_1
pick_up_the_black_bowl_next_to_the_plate_and_place_it_on_the_plate,demo_15,30,agentview,flat_stove_1,is_right_of,akita_black_bowl_2
pick_up_the_black_bowl_next_to_the_plate_and_place_it_on_the_plate,demo_15,30,agentview,cookies_1,is_in_front_of,glazed_rim_porcelain_ramekin_1
pick_up_the_black_bowl_next_to_the_plate_and_place_it_on_the_plate,demo_15,30,agentview,glazed_rim_porcelain_ramekin_1,is_behind,cookies_1
pick_up_the_black_bowl_next_to_the_plate_and_place_it_on_the_plate,demo_15,30,agentview,cookies_1,is_right_of,plate_1
pick_up_the_black_bowl_next_to_the_plate_and_place_it_on_the_plate,demo_15,30,agentview,plate_1,is_left_of,cookies_1
pick_up_the_black_bowl_next_to_the_plate_and_place_it_on_the_plate,demo_15,30,agentview,cookies_1,is_left_of,wooden_cabinet_1
pick_up_the_black_bowl_next_to_the_plate_and_place_it_on_the_plate,demo_15,30,agentview,wooden_cabinet_1,is_right_of,cookies_1
pick_up_the_black_bowl_next_to_the_plate_and_place_it_on_the_plate,demo_15,30,agentview,cookies_1,is_in_front_of,flat_stove_1
pick_up_the_black_bowl_next_to_the_plate_and_place_it_on_the_plate,demo_15,30,agentview,flat_stove_1,is_behind,cookies_1
pick_up_the_black_bowl_next_to_the_plate_and_place_it_on_the_plate,demo_15,30,agentview,glazed_rim_porcelain_ramekin_1,is_behind,plate_1
pick_up_the_black_bowl_next_to_the_plate_and_place_it_on_the_plate,demo_15,30,agentview,plate_1,is_in_front_of,glazed_rim_porcelain_ramekin_1
pick_up_the_black_bowl_next_to_the_plate_and_place_it_on_the_plate,demo_15,30,agentview,glazed_rim_porcelain_ramekin_1,is_left_of,wooden_cabinet_1
pick_up_the_black_bowl_next_to_the_plate_and_place_it_on_the_plate,demo_15,30,agentview,wooden_cabinet_1,is_right_of,glazed_rim_porcelain_ramekin_1
pick_up_the_black_bowl_next_to_the_plate_and_place_it_on_the_plate,demo_15,30,agentview,glazed_rim_porcelain_ramekin_1,is_left_of,flat_stove_1
pick_up_the_black_bowl_next_to_the_plate_and_place_it_on_the_plate,demo_15,30,agentview,flat_stove_1,is_right_of,glazed_rim_porcelain_ramekin_1
pick_up_the_black_bowl_next_to_the_plate_and_place_it_on_the_plate,demo_15,30,agentview,plate_1,is_left_of,wooden_cabinet_1
pick_up_the_black_bowl_next_to_the_plate_and_place_it_on_the_plate,demo_15,30,agentview,wooden_cabinet_1,is_right_of,plate_1
pick_up_the_black_bowl_next_to_the_plate_and_place_it_on_the_plate,demo_15,30,agentview,plate_1,is_left_of,flat_stove_1
pick_up_the_black_bowl_next_to_the_plate_and_place_it_on_the_plate,demo_15,30,agentview,flat_stove_1,is_right_of,plate_1
pick_up_the_black_bowl_next_to_the_plate_and_place_it_on_the_plate,demo_15,30,agentview,wooden_cabinet_1,is_right_of,flat_stove_1
pick_up_the_black_bowl_next_to_the_plate_and_place_it_on_the_plate,demo_15,30,agentview,flat_stove_1,is_left_of,wooden_cabinet_1
pick_up_the_black_bowl_next_to_the_plate_and_place_it_on_the_plate,demo_15,35,agentview,akita_black_bowl_1,is_left_of,plate_1
pick_up_the_black_bowl_next_to_the_plate_and_place_it_on_the_plate,demo_15,35,agentview,plate_1,is_right_of,akita_black_bowl_1
pick_up_the_black_bowl_next_to_the_plate_and_place_it_on_the_plate,demo_15,35,agentview,akita_black_bowl_1,is_left_of,cookies_1
pick_up_the_black_bowl_next_to_the_plate_and_place_it_on_the_plate,demo_15,35,agentview,cookies_1,is_right_of,akita_black_bowl_1
pick_up_the_black_bowl_next_to_the_plate_and_place_it_on_the_plate,demo_15,35,agentview,akita_black_bowl_1,is_left_of,flat_stove_1
pick_up_the_black_bowl_next_to_the_plate_and_place_it_on_the_plate,demo_15,35,agentview,flat_stove_1,is_right_of,akita_black_bowl_1
pick_up_the_black_bowl_next_to_the_plate_and_place_it_on_the_plate,demo_15,35,agentview,akita_black_bowl_1,is_left_of,akita_black_bowl_2
pick_up_the_black_bowl_next_to_the_plate_and_place_it_on_the_plate,demo_15,35,agentview,akita_black_bowl_2,is_right_of,akita_black_bowl_1
pick_up_the_black_bowl_next_to_the_plate_and_place_it_on_the_plate,demo_15,35,agentview,akita_black_bowl_1,is_left_of,wooden_cabinet_1
pick_up_the_black_bowl_next_to_the_plate_and_place_it_on_the_plate,demo_15,35,agentview,wooden_cabinet_1,is_right_of,akita_black_bowl_1
pick_up_the_black_bowl_next_to_the_plate_and_place_it_on_the_plate,demo_15,35,agentview,plate_1,is_left_of,cookies_1
pick_up_the_black_bowl_next_to_the_plate_and_place_it_on_the_plate,demo_15,35,agentview,cookies_1,is_right_of,plate_1
pick_up_the_black_bowl_next_to_the_plate_and_place_it_on_the_plate,demo_15,35,agentview,plate_1,is_left_of,flat_stove_1
pick_up_the_black_bowl_next_to_the_plate_and_place_it_on_the_plate,demo_15,35,agentview,flat_stove_1,is_right_of,plate_1
pick_up_the_black_bowl_next_to_the_plate_and_place_it_on_the_plate,demo_15,35,agentview,plate_1,is_left_of,akita_black_bowl_2
pick_up_the_black_bowl_next_to_the_plate_and_place_it_on_the_plate,demo_15,35,agentview,akita_black_bowl_2,is_right_of,plate_1
pick_up_the_black_bowl_next_to_the_plate_and_place_it_on_the_plate,demo_15,35,agentview,plate_1,is_left_of,wooden_cabinet_1
pick_up_the_black_bowl_next_to_the_plate_and_place_it_on_the_plate,demo_15,35,agentview,wooden_cabinet_1,is_right_of,plate_1
pick_up_the_black_bowl_next_to_the_plate_and_place_it_on_the_plate,demo_15,35,agentview,cookies_1,is_in_front_of,flat_stove_1
pick_up_the_black_bowl_next_to_the_plate_and_place_it_on_the_plate,demo_15,35,agentview,flat_stove_1,is_behind,cookies_1
pick_up_the_black_bowl_next_to_the_plate_and_place_it_on_the_plate,demo_15,35,agentview,cookies_1,is_in_front_of,akita_black_bowl_2
pick_up_the_black_bowl_next_to_the_plate_and_place_it_on_the_plate,demo_15,35,agentview,akita_black_bowl_2,is_behind,cookies_1
pick_up_the_black_bowl_next_to_the_plate_and_place_it_on_the_plate,demo_15,35,agentview,cookies_1,is_left_of,wooden_cabinet_1
pick_up_the_black_bowl_next_to_the_plate_and_place_it_on_the_plate,demo_15,35,agentview,wooden_cabinet_1,is_right_of,cookies_1
pick_up_the_black_bowl_next_to_the_plate_and_place_it_on_the_plate,demo_15,35,agentview,akita_black_bowl_2,is_on_top_of,flat_stove_1
pick_up_the_black_bowl_next_to_the_plate_and_place_it_on_the_plate,demo_15,35,agentview,flat_stove_1,is_below_of,akita_black_bowl_2
pick_up_the_black_bowl_next_to_the_plate_and_place_it_on_the_plate,demo_15,35,agentview,flat_stove_1,is_left_of,wooden_cabinet_1
pick_up_the_black_bowl_next_to_the_plate_and_place_it_on_the_plate,demo_15,35,agentview,wooden_cabinet_1,is_right_of,flat_stove_1
pick_up_the_black_bowl_next_to_the_plate_and_place_it_on_the_plate,demo_15,35,agentview,akita_black_bowl_2,is_left_of,wooden_cabinet_1
pick_up_the_black_bowl_next_to_the_plate_and_place_it_on_the_plate,demo_15,35,agentview,wooden_cabinet_1,is_right_of,akita_black_bowl_2
pick_up_the_black_bowl_next_to_the_plate_and_place_it_on_the_plate,demo_15,40,agentview,akita_black_bowl_1,is_left_of,plate_1
pick_up_the_black_bowl_next_to_the_plate_and_place_it_on_the_plate,demo_15,40,agentview,plate_1,is_right_of,akita_black_bowl_1
pick_up_the_black_bowl_next_to_the_plate_and_place_it_on_the_plate,demo_15,40,agentview,akita_black_bowl_1,is_left_of,cookies_1
pick_up_the_black_bowl_next_to_the_plate_and_place_it_on_the_plate,demo_15,40,agentview,cookies_1,is_right_of,akita_black_bowl_1
pick_up_the_black_bowl_next_to_the_plate_and_place_it_on_the_plate,demo_15,40,agentview,akita_black_bowl_1,is_left_of,wooden_cabinet_1
pick_up_the_black_bowl_next_to_the_plate_and_place_it_on_the_plate,demo_15,40,agentview,wooden_cabinet_1,is_right_of,akita_black_bowl_1
pick_up_the_black_bowl_next_to_the_plate_and_place_it_on_the_plate,demo_15,40,agentview,akita_black_bowl_1,is_left_of,flat_stove_1
pick_up_the_black_bowl_next_to_the_plate_and_place_it_on_the_plate,demo_15,40,agentview,flat_stove_1,is_right_of,akita_black_bowl_1
pick_up_the_black_bowl_next_to_the_plate_and_place_it_on_the_plate,demo_15,40,agentview,akita_black_bowl_1,is_left_of,akita_black_bowl_2
pick_up_the_black_bowl_next_to_the_plate_and_place_it_on_the_plate,demo_15,40,agentview,akita_black_bowl_2,is_right_of,akita_black_bowl_1
pick_up_the_black_bowl_next_to_the_plate_and_place_it_on_the_plate,demo_15,40,agentview,plate_1,is_left_of,cookies_1
pick_up_the_black_bowl_next_to_the_plate_and_place_it_on_the_plate,demo_15,40,agentview,cookies_1,is_right_of,plate_1
pick_up_the_black_bowl_next_to_the_plate_and_place_it_on_the_plate,demo_15,40,agentview,plate_1,is_left_of,wooden_cabinet_1
pick_up_the_black_bowl_next_to_the_plate_and_place_it_on_the_plate,demo_15,40,agentview,wooden_cabinet_1,is_right_of,plate_1
pick_up_the_black_bowl_next_to_the_plate_and_place_it_on_the_plate,demo_15,40,agentview,plate_1,is_left_of,flat_stove_1
pick_up_the_black_bowl_next_to_the_plate_and_place_it_on_the_plate,demo_15,40,agentview,flat_stove_1,is_right_of,plate_1
pick_up_the_black_bowl_next_to_the_plate_and_place_it_on_the_plate,demo_15,40,agentview,plate_1,is_left_of,akita_black_bowl_2
pick_up_the_black_bowl_next_to_the_plate_and_place_it_on_the_plate,demo_15,40,agentview,akita_black_bowl_2,is_right_of,plate_1
pick_up_the_black_bowl_next_to_the_plate_and_place_it_on_the_plate,demo_15,40,agentview,cookies_1,is_left_of,wooden_cabinet_1
pick_up_the_black_bowl_next_to_the_plate_and_place_it_on_the_plate,demo_15,40,agentview,wooden_cabinet_1,is_right_of,cookies_1
pick_up_the_black_bowl_next_to_the_plate_and_place_it_on_the_plate,demo_15,40,agentview,cookies_1,is_in_front_of,flat_stove_1
pick_up_the_black_bowl_next_to_the_plate_and_place_it_on_the_plate,demo_15,40,agentview,flat_stove_1,is_behind,cookies_1
pick_up_the_black_bowl_next_to_the_plate_and_place_it_on_the_plate,demo_15,40,agentview,cookies_1,is_in_front_of,akita_black_bowl_2
pick_up_the_black_bowl_next_to_the_plate_and_place_it_on_the_plate,demo_15,40,agentview,akita_black_bowl_2,is_behind,cookies_1
pick_up_the_black_bowl_next_to_the_plate_and_place_it_on_the_plate,demo_15,40,agentview,wooden_cabinet_1,is_right_of,flat_stove_1
pick_up_the_black_bowl_next_to_the_plate_and_place_it_on_the_plate,demo_15,40,agentview,flat_stove_1,is_left_of,wooden_cabinet_1
pick_up_the_black_bowl_next_to_the_plate_and_place_it_on_the_plate,demo_15,40,agentview,wooden_cabinet_1,is_right_of,akita_black_bowl_2
pick_up_the_black_bowl_next_to_the_plate_and_place_it_on_the_plate,demo_15,40,agentview,akita_black_bowl_2,is_left_of,wooden_cabinet_1
pick_up_the_black_bowl_next_to_the_plate_and_place_it_on_the_plate,demo_15,40,agentview,akita_black_bowl_2,is_on_top_of,flat_stove_1
pick_up_the_black_bowl_next_to_the_plate_and_place_it_on_the_plate,demo_15,40,agentview,flat_stove_1,is_below_of,akita_black_bowl_2
pick_up_the_black_bowl_next_to_the_plate_and_place_it_on_the_plate,demo_15,45,agentview,akita_black_bowl_1,is_left_of,akita_black_bowl_2
pick_up_the_black_bowl_next_to_the_plate_and_place_it_on_the_plate,demo_15,45,agentview,akita_black_bowl_2,is_right_of,akita_black_bowl_1
pick_up_the_black_bowl_next_to_the_plate_and_place_it_on_the_plate,demo_15,45,agentview,akita_black_bowl_1,is_left_of,cookies_1
pick_up_the_black_bowl_next_to_the_plate_and_place_it_on_the_plate,demo_15,45,agentview,cookies_1,is_right_of,akita_black_bowl_1
pick_up_the_black_bowl_next_to_the_plate_and_place_it_on_the_plate,demo_15,45,agentview,akita_black_bowl_1,is_left_of,glazed_rim_porcelain_ramekin_1
pick_up_the_black_bowl_next_to_the_plate_and_place_it_on_the_plate,demo_15,45,agentview,glazed_rim_porcelain_ramekin_1,is_right_of,akita_black_bowl_1
pick_up_the_black_bowl_next_to_the_plate_and_place_it_on_the_plate,demo_15,45,agentview,akita_black_bowl_1,is_left_of,plate_1
pick_up_the_black_bowl_next_to_the_plate_and_place_it_on_the_plate,demo_15,50,agentview,akita_black_bowl_1,is_behind,plate_1
pick_up_the_black_bowl_next_to_the_plate_and_place_it_on_the_plate,demo_15,50,agentview,plate_1,is_in_front_of,akita_black_bowl_1
pick_up_the_black_bowl_next_to_the_plate_and_place_it_on_the_plate,demo_15,50,agentview,akita_black_bowl_1,is_left_of,cookies_1
pick_up_the_black_bowl_next_to_the_plate_and_place_it_on_the_plate,demo_15,50,agentview,cookies_1,is_right_of,akita_black_bowl_1
pick_up_the_black_bowl_next_to_the_plate_and_place_it_on_the_plate,demo_15,50,agentview,akita_black_bowl_1,is_left_of,flat_stove_1
pick_up_the_black_bowl_next_to_the_plate_and_place_it_on_the_plate,demo_15,50,agentview,flat_stove_1,is_right_of,akita_black_bowl_1
pick_up_the_black_bowl_next_to_the_plate_and_place_it_on_the_plate,demo_15,50,agentview,akita_black_bowl_1,is_left_of,glazed_rim_porcelain_ramekin_1
pick_up_the_black_bowl_next_to_the_plate_and_place_it_on_the_plate,demo_15,55,agentview,akita_black_bowl_1,is_left_of,akita_black_bowl_2
pick_up_the_black_bowl_next_to_the_plate_and_place_it_on_the_plate,demo_15,55,agentview,akita_black_bowl_2,is_right_of,akita_black_bowl_1
pick_up_the_black_bowl_next_to_the_plate_and_place_it_on_the_plate,demo_15,55,agentview,akita_black_bowl_1,is_left_of,cookies_1
pick_up_the_black_bowl_next_to_the_plate_and_place_it_on_the_plate,demo_15,55,agentview,cookies_1,is_right_of,akita_black_bowl_1
pick_up_the_black_bowl_next_to_the_plate_and_place_it_on_the_plate,demo_15,55,agentview,akita_black_bowl_1,is_left_of,glazed_rim_porcelain_ramekin_1
pick_up_the_black_bowl_next_to_the_plate_and_place_it_on_the_plate,demo_15,55,agentview,glazed_rim_porcelain_ramekin_1,is_right_of,akita_black_bowl_1
pick_up_the_black_bowl_next_to_the_plate_and_place_it_on_the_plate,demo_15,55,agentview,akita_black_bowl_1,is_left_of,plate_1
pick_up_the_black_bowl_next_to_the_plate_and_place_it_on_the_plate,demo_15,60,agentview,akita_black_bowl_1,is_left_of,akita_black_bowl_2
pick_up_the_black_bowl_next_to_the_plate_and_place_it_on_the_plate,demo_15,60,agentview,akita_black_bowl_1,is_left_of,cookies_1
pick_up_the_black_bowl_next_to_the_plate_and_place_it_on_the_plate,demo_15,60,agentview,akita_black_bowl_1,is_left_of,glazed_rim_porcelain_ramekin_1
pick_up_the_black_bowl_next_to_the_plate_and_place_it_on_the_plate,demo_15,60,agentview,akita_black_bowl_1,is_behind,plate_1
pick_up_the_black_bowl_next_to_the_plate_and_place_it_on_the_plate,demo_15,60,agentview,akita_black_bowl_1,is_left_of,wooden_cabinet_1
pick_up_the_black_bowl_next_to_the_plate_and_place_it_on_the_plate,demo_15,60,agentview,akita_black_bowl_1,is_left_of,flat_stove_1
pick_up_the_black_bowl_next_to_the_plate_and_place_it_on_the_plate,demo_15,60,agentview,akita_black_bowl_2,is_right_of,akita_black_bowl_1
pick_up_the_black_bowl_next_to_the_plate_and_place_it_on_the_plate,demo_15,60,agentview,akita_black_bowl_2,is_behind,cookies_1
pick_up_the_black_bowl_next_to_the_plate_and_place_it_on_the_plate,demo_15,60,agentview,akita_black_bowl_2,is_right_of,glazed_rim_porcelain_ramekin_1
pick_up_the_black_bowl_next_to_the_plate_and_place_it_on_the_plate,demo_15,60,agentview,akita_black_bowl_2,is_right_of,plate_1
pick_up_the_black_bowl_next_to_the_plate_and_place_it_on_the_plate,demo_15,60,agentview,akita_black_bowl_2,is_behind,wooden_cabinet_1
pick_up_the_black_bowl_next_to_the_plate_and_place_it_on_the_plate,demo_15,60,agentview,akita_black_bowl_2,is_on_top_of,flat_stove_1
pick_up_the_black_bowl_next_to_the_plate_and_place_it_on_the_plate,demo_15,60,agentview,cookies_1,is_right_of,akita_black_bowl_1
pick_up_the_black_bowl_next_to_the_plate_and_place_it_on_the_plate,demo_15,60,agentview,cookies_1,is_in_front_of,akita_black_bowl_2
pick_up_the_black_bowl_next_to_the_plate_and_place_it_on_the_plate,demo_15,60,agentview,cookies_1,is_in_front_of,glazed_rim_porcelain_ramekin_1
pick_up_the_black_bowl_next_to_the_plate_and_place_it_on_the_plate,demo_15,60,agentview,cookies_1,is_right_of,plate_1
pick_up_the_black_bowl_next_to_the_plate_and_place_it_on_the_plate,demo_15,60,agentview,cookies_1,is_left_of,wooden_cabinet_1
pick_up_the_black_bowl_next_to_the_plate_and_place_it_on_the_plate,demo_15,60,agentview,cookies_1,is_in_front_of,flat_stove_1
pick_up_the_black_bowl_next_to_the_plate_and_place_it_on_the_plate,demo_15,60,agentview,glazed_rim_porcelain_ramekin_1,is_right_of,akita_black_bowl_1
pick_up_the_black_bowl_next_to_the_plate_and_place_it_on_the_plate,demo_15,65,agentview,akita_black_bowl_1,is_behind,plate_1
pick_up_the_black_bowl_next_to_the_plate_and_place_it_on_the_plate,demo_15,65,agentview,plate_1,is_in_front_of,akita_black_bowl_1
pick_up_the_black_bowl_next_to_the_plate_and_place_it_on_the_plate,demo_15,65,agentview,akita_black_bowl_1,is_left_of,cookies_1
pick_up_the_black_bowl_next_to_the_plate_and_place_it_on_the_plate,demo_15,65,agentview,cookies_1,is_right_of,akita_black_bowl_1
pick_up_the_black_bowl_next_to_the_plate_and_place_it_on_the_plate,demo_15,65,agentview,akita_black_bowl_1,is_left_of,flat_stove_1
pick_up_the_black_bowl_next_to_the_plate_and_place_it_on_the_plate,demo_15,65,agentview,flat_stove_1,is_right_of,akita_black_bowl_1
pick_up_the_black_bowl_next_to_the_plate_and_place_it_on_the_plate,demo_15,65,agentview,akita_black_bowl_1,is_left_of,akita_black_bowl_2
pick_up_the_black_bowl_next_to_the_plate_and_place_it_on_the_plate,demo_15,65,agentview,akita_black_bowl_2,is_right_of,akita_black_bowl_1
pick_up_the_black_bowl_next_to_the_plate_and_place_it_on_the_plate,demo_15,65,agentview,akita_black_bowl_1,is_left_of,wooden_cabinet_1
pick_up_the_black_bowl_next_to_the_plate_and_place_it_on_the_plate,demo_15,65,agentview,wooden_cabinet_1,is_right_of,akita_black_bowl_1
pick_up_the_black_bowl_next_to_the_plate_and_place_it_on_the_plate,demo_15,65,agentview,plate_1,is_left_of,cookies_1
pick_up_the_black_bowl_next_to_the_plate_and_place_it_on_the_plate,demo_15,65,agentview,cookies_1,is_right_of,plate_1
pick_up_the_black_bowl_next_to_the_plate_and_place_it_on_the_plate,demo_15,65,agentview,plate_1,is_left_of,flat_stove_1
pick_up_the_black_bowl_next_to_the_plate_and_place_it_on_the_plate,demo_15,65,agentview,flat_stove_1,is_right_of,plate_1
pick_up_the_black_bowl_next_to_the_plate_and_place_it_on_the_plate,demo_15,65,agentview,plate_1,is_left_of,akita_black_bowl_2
pick_up_the_black_bowl_next_to_the_plate_and_place_it_on_the_plate,demo_15,65,agentview,akita_black_bowl_2,is_right_of,plate_1
pick_up_the_black_bowl_next_to_the_plate_and_place_it_on_the_plate,demo_15,65,agentview,plate_1,is_left_of,wooden_cabinet_1
pick_up_the_black_bowl_next_to_the_plate_and_place_it_on_the_plate,demo_15,65,agentview,wooden_cabinet_1,is_right_of,plate_1
pick_up_the_black_bowl_next_to_the_plate_and_place_it_on_the_plate,demo_15,65,agentview,cookies_1,is_in_front_of,flat_stove_1
pick_up_the_black_bowl_next_to_the_plate_and_place_it_on_the_plate,demo_15,65,agentview,flat_stove_1,is_behind,cookies_1
pick_up_the_black_bowl_next_to_the_plate_and_place_it_on_the_plate,demo_15,65,agentview,cookies_1,is_in_front_of,akita_black_bowl_2
pick_up_the_black_bowl_next_to_the_plate_and_place_it_on_the_plate,demo_15,65,agentview,akita_black_bowl_2,is_behind,cookies_1
pick_up_the_black_bowl_next_to_the_plate_and_place_it_on_the_plate,demo_15,65,agentview,cookies_1,is_left_of,wooden_cabinet_1
pick_up_the_black_bowl_next_to_the_plate_and_place_it_on_the_plate,demo_15,65,agentview,wooden_cabinet_1,is_right_of,cookies_1
pick_up_the_black_bowl_next_to_the_plate_and_place_it_on_the_plate,demo_15,65,agentview,flat_stove_1,is_below_of,akita_black_bowl_2
pick_up_the_black_bowl_next_to_the_plate_and_place_it_on_the_plate,demo_15,65,agentview,akita_black_bowl_2,is_on_top_of,flat_stove_1
pick_up_the_black_bowl_next_to_the_plate_and_place_it_on_the_plate,demo_15,65,agentview,flat_stove_1,is_left_of,wooden_cabinet_1
pick_up_the_black_bowl_next_to_the_plate_and_place_it_on_the_plate,demo_15,65,agentview,wooden_cabinet_1,is_right_of,flat_stove_1
pick_up_the_black_bowl_next_to_the_plate_and_place_it_on_the_plate,demo_15,65,agentview,akita_black_bowl_2,is_left_of,wooden_cabinet_1
pick_up_the_black_bowl_next_to_the_plate_and_place_it_on_the_plate,demo_15,65,agentview,wooden_cabinet_1,is_right_of,akita_black_bowl_2
pick_up_the_black_bowl_next_to_the_plate_and_place_it_on_the_plate,demo_15,70,agentview,akita_black_bowl_1,is_behind,plate_1
pick_up_the_black_bowl_next_to_the_plate_and_place_it_on_the_plate,demo_15,70,agentview,plate_1,is_in_front_of,akita_black_bowl_1
pick_up_the_black_bowl_next_to_the_plate_and_place_it_on_the_plate,demo_15,70,agentview,akita_black_bowl_1,is_left_of,cookies_1
pick_up_the_black_bowl_next_to_the_plate_and_place_it_on_the_plate,demo_15,70,agentview,cookies_1,is_right_of,akita_black_bowl_1
pick_up_the_black_bowl_next_to_the_plate_and_place_it_on_the_plate,demo_15,70,agentview,akita_black_bowl_1,is_left_of,flat_stove_1
pick_up_the_black_bowl_next_to_the_plate_and_place_it_on_the_plate,demo_15,70,agentview,flat_stove_1,is_right_of,akita_black_bowl_1
pick_up_the_black_bowl_next_to_the_plate_and_place_it_on_the_plate,demo_15,70,agentview,akita_black_bowl_1,is_left_of,akita_black_bowl_2
pick_up_the_black_bowl_next_to_the_plate_and_place_it_on_the_plate,demo_15,70,agentview,akita_black_bowl_2,is_right_of,akita
pick_up_the_black_bowl_next_to_the_plate_and_place_it_on_the_plate,demo_15,75,agentview,akita_black_bowl_1,is_right_of,akita_black_bowl_2
pick_up_the_black_bowl_next_to_the_plate_and_place_it_on_the_plate,demo_15,75,agentview,akita_black_bowl_2,is_left_of,akita_black_bowl_1
pick_up_the_black_bowl_next_to_the_plate_and_place_it_on_the_plate,demo_15,75,agentview,akita_black_bowl_1,is_behind,cookies_1
pick_up_the_black_bowl_next_to_the_plate_and_place_it_on_the_plate,demo_15,75,agentview,cookies_1,is_in_front_of,akita_black_bowl_1
pick_up_the_black_bowl_next_to_the_plate_and_place_it_on_the_plate,demo_15,75,agentview,akita_black_bowl_1,is_right_of,plate_1
pick_up_the_black_bowl_next_to_the_plate_and_place_it_on_the_plate,demo_15,75,agentview,plate_1,is_left_of,akita_black_bowl_1
pick_up_the_black_bowl_next_to_the_plate_and_place_it_on_the_plate,demo_15,75,agentview,akita_black_bowl_1,is_left_of,wooden_cabinet_1
pick_up_the_black_bowl_next_to_the_plate_and_place_it_on_the_plate,demo_15,75,agentview,wooden_cabinet_1,is_right_of,akita
pick_up_the_black_bowl_next_to_the_plate_and_place_it_on_the_plate,demo_15,80,agentview,akita_black_bowl_1,is_left_of,akita_black_bowl_2
pick_up_the_black_bowl_next_to_the_plate_and_place_it_on_the_plate,demo_15,80,agentview,akita_black_bowl_2,is_right_of,akita_black_bowl_1
pick_up_the_black_bowl_next_to_the_plate_and_place_it_on_the_plate,demo_15,80,agentview,akita_black_bowl_1,is_left_of,cookies_1
pick_up_the_black_bowl_next_to_the_plate_and_place_it_on_the_plate,demo_15,80,agentview,cookies_1,is_right_of,akita_black_bowl_1
pick_up_the_black_bowl_next_to_the_plate_and_place_it_on_the_plate,demo_15,80,agentview,akita_black_bowl_1,is_left_of,glazed_rim_porcelain_ramekin_1
pick_up_the_black_bowl_next_to_the_plate_and_place_it_on_the_plate,demo_15,80,agentview,glazed_rim_porcelain_ramekin_1,is_right_of,akita_black_bowl_1
pick_up_the_black_bowl_next_to_the_plate_and_place_it_on_the_plate,demo_15,80,agentview,akita_black_bowl_1,is_behind,plate_1
pick_up_the_black_bowl_next_to_the_plate_and_place_it_on_the_plate,demo_15,85,agentview,akita_black_bowl_1,is_left_of,akita_black_bowl_2
pick_up_the_black_bowl_next_to_the_plate_and_place_it_on_the_plate,demo_15,85,agentview,akita_black_bowl_2,is_right_of,akita_black_bowl_1
pick_up_the_black_bowl_next_to_the_plate_and_place_it_on_the_plate,demo_15,85,agentview,akita_black_bowl_1,is_left_of,cookies_1
pick_up_the_black_bowl_next_to_the_plate_and_place_it_on_the_plate,demo_15,85,agentview,cookies_1,is_right_of,akita_black_bowl_1
pick_up_the_black_bowl_next_to_the_plate_and_place_it_on_the_plate,demo_15,85,agentview,akita_black_bowl_1,is_behind,glazed_rim_porcelain_ramekin_1
pick_up_the_black_bowl_next_to_the_plate_and_place_it_on_the_plate,demo_15,85,agentview,glazed_rim_porcelain_ramekin_1,is_in_front_of,akita_black_bowl_1
pick_up_the_black_bowl_next_to_the_plate_and_place_it_on_the_plate,demo_15,85,agentview,akita_black_bowl_1,is_behind,plate_1
pick_up_the_black_bowl_next_to_the_plate_and_place_it_on_the_plate,demo_15,85,agentview,plate_1,is_in_front_of,akita_black_bowl_1
pick_up_the_black_bowl_next_to_the_plate_and_place_it_on_the_plate,demo_15,85,agentview,akita_black_bowl_1,is_left_of,wooden_cabinet_1
pick_up_the_black_bowl_next_to_the_plate_and_place_it_on_the_plate,demo_15,85,agentview,wooden_cabinet_1,is_right_of,akita_black_bowl_1
pick_up_the_black_bowl_next_to_the_plate_and_place_it_on_the_plate,demo_15,85,agentview,akita_black_bowl_1,is_left_of,flat_stove_1
pick_up_the_black_bowl_next_to_the_plate_and_place_it_on_the_plate,demo_15,85,agentview,flat_stove_1,is_right_of,akita_black_bowl_1
pick_up_the_black_bowl_next_to_the_plate_and_place_it_on_the_plate,demo_15,85,agentview,akita_black_bowl_2,is_right_of,cookies_1
pick_up_the_black_bowl_next_to_the_plate_and_place_it_on_the_plate,demo_15,85,agentview,cookies_1,is_left_of,akita_black_bowl_2
pick_up_the_black_bowl_next_to_the_plate_and_place_it_on_the_plate,demo_15,85,agentview,akita_black_bowl_2,is_right_of,glazed_rim_porcelain_ramekin_1
pick_up_the_black_bowl_next_to_the_plate_and_place_it_on_the_plate,demo_15,85,agentview,glazed_rim_porcelain_ramekin_1,is_left_of,akita_black_bowl_2
pick_up_the_black_bowl_next_to_the_plate_and_place_it_on_the_plate,demo_15,85,agentview,akita_black_bowl_2,is_right_of,plate_1
pick_up_the_black_bowl_next_to_the_plate_and_place_it_on_the_plate,demo_15,85,agentview,plate_1,is_left_of,akita_black_bowl_2
pick_up_the_black_bowl_next_to_the_plate_and_place_it_on_the_plate,demo_15,85,agentview,akita_black_bowl_2,is_behind,wooden_cabinet_1
pick_up_the_black_bowl_next_to_the_plate_and_place_it_on_the_plate,demo_15,85,agentview,wooden_cabinet_1,is_in_front_of,akita_black_bowl_2
pick_up_the_black_bowl_next_to_the_plate_and_place_it_on_the_plate,demo_15,85,agentview,akita_black_bowl_2,is_on_top_of,flat_stove_1
pick_up_the_black_bowl_next_to_the_plate_and_place_it_on_the_plate,demo_15,85,agentview,flat_stove_1,is_below_of,akita_black_bowl_2
pick_up_the_black_bowl_next_to_the_plate_and_place_it_on_the_plate,demo_15,85,agentview,cookies_1,is_right_of,glazed_rim_porcelain_ramekin_1
pick_up_the_black_bowl_next_to_the_plate_and_place_it_on_the_plate,demo_15,85,agentview,glazed_rim_porcelain_ramekin_1,is_left_of,cookies_1
pick_up_the_black_bowl_next_to_the_plate_and_place_it_on_the_plate,demo_15,85,agentview,cookies_1,is_right_of,plate_1
pick_up_the_black_bowl_next_to_the_plate_and_place_it_on_the_plate,demo_15,85,agentview,plate_1,is_left_of,cookies_1
pick_up_the_black_bowl_next_to_the_plate_and_place_it_on_the_plate,demo_15,85,agentview,cookies_1,is_left_of,wooden_cabinet_1
pick_up_the_black_bowl_next_to_the_plate_and_place_it_on_the_plate,demo_15,85,agentview,wooden_cabinet_1,is_right_of,cookies_1
pick_up_the_black_bowl_next_to_the_plate_and_place_it_on_the_plate,demo_15,85,agentview,cookies_1,is_left_of,flat_stove_1
pick_up_the_black_bowl_next_to_the_plate_and_place_it_on_the_plate,demo_15,85,agentview,flat_stove_1,is_right_of,cookies_1
pick_up_the_black_bowl_next_to_the_plate_and_place_it_on_the_plate,demo_15,85,agentview,glazed_rim_porcelain_ramekin_1,is_behind,plate_1
pick_up_the_black_bowl_next_to_the_plate_and_place_it_on_the_plate,demo_15,85,agentview,plate_1,is_in_front_of,glazed_rim_porcelain_ramekin_1
pick_up_the_black_bowl_next_to_the_plate_and_place_it_on_the_plate,demo_15,85,agentview,glazed_rim_porcelain_ramekin_1,is_left_of,wooden_cabinet_1
pick_up_the_black_bowl_next_to_the_plate_and_place_it_on_the_plate,demo_15,85,agentview,wooden_cabinet_1,is_right_of,glazed_rim_porcelain_ramekin_1
pick_up_the_black_bowl_next_to_the_plate_and_place_it_on_the_plate,demo_15,85,agentview,glazed_rim_porcelain_ramekin_1,is_left_of,flat_stove_1
pick_up_the_black_bowl_next_to_the_plate_and_place_it_on_the_plate,demo_15,85,agentview,flat_stove_1,is_right_of,glazed_rim_porcelain_ramekin_1
pick_up_the_black_bowl_next_to_the_plate_and_place_it_on_the_plate,demo_15,85,agentview,plate_1,is_left_of,wooden_cabinet_1
pick_up_the_black_bowl_next_to_the_plate_and_place_it_on_the_plate,demo_15,85,agentview,wooden_cabinet_1,is_right_of,plate_1
pick_up_the_black_bowl_next_to_the_plate_and_place_it_on_the_plate,demo_15,85,agentview,plate_1,is_left_of,flat_stove_1
pick_up_the_black_bowl_next_to_the_plate_and_place_it_on_the_plate,demo_15,85,agentview,flat_stove_1,is_right_of,plate_1
pick_up_the_black_bowl_next_to_the_plate_and_place_it_on_the_plate,demo_15,85,agentview,wooden_cabinet_1,is_in_front_of,flat_stove_1
pick_up_the_black_bowl_next_to_the_plate_and_place_it_on_the_plate,demo_15,85,agentview,flat_stove_1,is_behind,wooden_cabinet_1
pick_up_the_black_bowl_next_to_the_plate_and_place_it_on_the_plate,demo_15,90,agentview,akita_black_bowl_1,is_behind,plate_1
pick_up_the_black_bowl_next_to_the_plate_and_place_it_on_the_plate,demo_15,90,agentview,plate_1,is_in_front_of,akita_black_bowl_1
pick_up_the_black_bowl_next_to_the_plate_and_place_it_on_the_plate,demo_15,90,agentview,akita_black_bowl_1,is_left_of,cookies_1
pick_up_the_black_bowl_next_to_the_plate_and_place_it_on_the_plate,demo_15,90,agentview,cookies_1,is_right_of,akita_black_bowl_1
pick_up_the_black_bowl_next_to_the_plate_and_place_it_on_the_plate,demo_15,90,agentview,akita_black_bowl_1,is_left_of,flat_stove_1
pick_up_the_black_bowl_next_to_the_plate_and_place_it_on_the_plate,demo_15,90,agentview,flat_stove_1,is_right_of,akita_black_bowl_1
pick_up_the_black_bowl_next_to_the_plate_and_place_it_on_the_plate,demo_15,90,agentview,akita_black_bowl_1,is_left_of,akita_black_bowl_2
pick_up_the_black_bowl_next_to_the_plate_and_place_it_on_the_plate,demo_15,90,agentview,akita_black_bowl_2,is_right_of,akita_black_bowl_1
pick_up_the_black_bowl_next_to_the_plate_and_place_it_on_the_plate,demo_15,90,agentview,akita_black_bowl_1,is_left_of,wooden_cabinet_1
pick_up_the_black_bowl_next_to_the_plate_and_place_it_on_the_plate,demo_15,90,agentview,wooden_cabinet_1,is_right_of,akita_black_bowl_1
pick_up_the_black_bowl_next_to_the_plate_and_place_it_on_the_plate,demo_15,90,agentview,akita_black_bowl_2,is_on_top_of,flat_stove_1
pick_up_the_black_bowl_next_to_the_plate_and_place_it_on_the_plate,demo_15,90,agentview,flat_stove_1,is_below_of,akita_black_bowl_2
pick_up_the_black_bowl_next_to_the_plate_and_place_it_on_the_plate,demo_15,90,agentview,akita_black_bowl_2,is_right_of,plate_1
pick_up_the_black_bowl_next_to_the_plate_and_place_it_on_the_plate,demo_15,90,agentview,plate_1,is_left_of,akita_black_bowl_2
pick_up_the_black_bowl_next_to_the_plate_and_place_it_on_the_plate,demo_15,90,agentview,akita_black_bowl_2,is_behind,cookies_1
pick_up_the_black_bowl_next_to_the_plate_and_place_it_on_the_plate,demo_15,90,agentview,cookies_1,is_in_front_of,akita_black_bowl_2
pick_up_the_black_bowl_next_to_the_plate_and_place_it_on_the_plate,demo_15,90,agentview,akita_black_bowl_2,is_left_of,wooden_cabinet_1
pick_up_the_black_bowl_next_to_the_plate_and_place_it_on_the_plate,demo_15,90,agentview,wooden_cabinet_1,is_right_of,akita_black_bowl_2
pick_up_the_black_bowl_next_to_the_plate_and_place_it_on_the_plate,demo_15,90,agentview,cookies_1,is_right_of,plate_1
pick_up_the_black_bowl_next_to_the_plate_and_place_it_on_the_plate,demo_15,90,agentview,plate_1,is_left_of,cookies_1
pick_up_the_black_bowl_next_to_the_plate_and_place_it_on_the_plate,demo_15,90,agentview,cookies_1,is_in_front_of,flat_stove_1
pick_up_the_black_bowl_next_to_the_plate_and_place_it_on_the_plate,demo_15,90,agentview,flat_stove_1,is_behind,cookies_1
pick_up_the_black_bowl_next_to_the_plate_and_place_it_on_the_plate,demo_15,90,agentview,cookies_1,is_left_of,wooden_cabinet_1
pick_up_the_black_bowl_next_to_the_plate_and_place_it_on_the_plate,demo_15,90,agentview,wooden_cabinet_1,is_right_of,cookies_1
pick_up_the_black_bowl_next_to_the_plate_and_place_it_on_the_plate,demo_15,90,agentview,plate_1,is_left_of,flat_stove_1
pick_up_the_black_bowl_next_to_the_plate_and_place_it_on_the_plate,demo_15,90,agentview,flat_stove_1,is_right_of,plate_1
pick_up_the_black_bowl_next_to_the_plate_and_place_it_on_the_plate,demo_15,90,agentview,plate_1,is_left_of,wooden_cabinet_1
pick_up_the_black_bowl_next_to_the_plate_and_place_it_on_the_plate,demo_15,90,agentview,wooden_cabinet_1,is_right_of,plate_1
pick_up_the_black_bowl_next_to_the_plate_and_place_it_on_the_plate,demo_15,90,agentview,flat_stove_1,is_left_of,wooden_cabinet_1
pick_up_the_black_bowl_next_to_the_plate_and_place_it_on_the_plate,demo_15,90,agentview,wooden_cabinet_1,is_right_of,flat_stove_1
pick_up_the_black_bowl_next_to_the_plate_and_place_it_on_the_plate,demo_15,95,agentview,akita_black_bowl_1,is_left_of,akita_black_bowl_2
pick_up_the_black_bowl_next_to_the_plate_and_place_it_on_the_plate,demo_15,95,agentview,akita_black_bowl_2,is_right_of,akita_black_bowl_1
pick_up_the_black_bowl_next_to_the_plate_and_place_it_on_the_plate,demo_15,95,agentview,akita_black_bowl_1,is_left_of,cookies_1
pick_up_the_black_bowl_next_to_the_plate_and_place_it_on_the_plate,demo_15,95,agentview,cookies_1,is_right_of,akita_black_bowl_1
pick_up_the_black_bowl_next_to_the_plate_and_place_it_on_the_plate,demo_15,95,agentview,akita_black_bowl_1,is_behind,glazed_rim_porcelain_ramekin_1
pick_up_the_black_bowl_next_to_the_plate_and_place_it_on_the_plate,demo_15,95,agentview,glazed_rim_porcelain_ramekin_1,is_in_front_of,akita_black_bowl_1
pick_up_the_black_bowl_next_to_the_plate_and_place_it_on_the_plate,demo_15,95,agentview,akita_black_bowl_1,is_behind,plate_1
pick_up_the_black_bowl_next_to_the_plate_and_place_it_on_the_plate,demo_15,100,agentview,akita_black_bowl_1,is_left_of,akita_black_bowl_2
pick_up_the_black_bowl_next_to_the_plate_and_place_it_on_the_plate,demo_15,100,agentview,akita_black_bowl_2,is_right_of,akita_black_bowl_1
pick_up_the_black_bowl_next_to_the_plate_and_place_it_on_the_plate,demo_15,100,agentview,akita_black_bowl_1,is_left_of,cookies_1
pick_up_the_black_bowl_next_to_the_plate_and_place_it_on_the_plate,demo_15,100,agentview,cookies_1,is_right_of,akita_black_bowl_1
pick_up_the_black_bowl_next_to_the_plate_and_place_it_on_the_plate,demo_15,100,agentview,akita_black_bowl_1,is_behind,plate_1
pick_up_the_black_bowl_next_to_the_plate_and_place_it_on_the_plate,demo_15,100,agentview,plate_1,is_in_front_of,akita_black_bowl_1
pick_up_the_black_bowl_next_to_the_plate_and_place_it_on_the_plate,demo_15,100,agentview,akita_black_bowl_1,is_left_of,wooden_cabinet_1
pick_up_the_black_bowl_next_to_the_plate_and_place_it_on_the_plate,demo_15,100,agentview,wooden_cabinet_1,is_right_of,akita_black_bowl_1
pick_up_the_black_bowl_next_to_the_plate_and_place_it_on_the_plate,demo_15,100,agentview,akita_black_bowl_1,is_left_of,flat_stove_1
pick_up_the_black_bowl_next_to_the_plate_and_place_it_on_the_plate,demo_15,100,agentview,flat_stove_1,is_right_of,akita_black_bowl_1
pick_up_the_black_bowl_next_to_the_plate_and_place_it_on_the_plate,demo_15,100,agentview,akita_black_bowl_2,is_behind,cookies_1
pick_up_the_black_bowl_next_to_the_plate_and_place_it_on_the_plate,demo_15,100,agentview,cookies_1,is_in_front_of,akita_black_bowl_2
pick_up_the_black_bowl_next_to_the_plate_and_place_it_on_the_plate,demo_15,100,agentview,akita_black_bowl_2,is_right_of,plate_1
pick_up_the_black_bowl_next_to_the_plate_and_place_it_on_the_plate,demo_15,100,agentview,plate_1,is_left_of,akita_black_bowl_2
pick_up_the_black_bowl_next_to_the_plate_and_place_it_on_the_plate,demo_15,100,agentview,akita_black_bowl_2,is_left_of,wooden_cabinet_1
pick_up_the_black_bowl_next_to_the_plate_and_place_it_on_the_plate,demo_15,100,agentview,wooden_cabinet_1,is_right_of,akita_black_bowl_2
pick_up_the_black_bowl_next_to_the_plate_and_place_it_on_the_plate,demo_15,100,agentview,akita_black_bowl_2,is_on_top_of,flat_stove_1
pick_up_the_black_bowl_next_to_the_plate_and_place_it_on_the_plate,demo_15,100,agentview,flat_stove_1,is_below_of,akita_black_bowl_2
pick_up_the_black_bowl_next_to_the_plate_and_place_it_on_the_plate,demo_15,100,agentview,cookies_1,is_right_of,plate_1
pick_up_the_black_bowl_next_to_the_plate_and_place_it_on_the_plate,demo_15,100,agentview,plate_1,is_left_of,cookies_1
pick_up_the_black_bowl_next_to_the_plate_and_place_it_on_the_plate,demo_15,100,agentview,cookies_1,is_left_of,wooden_cabinet_1
pick_up_the_black_bowl_next_to_the_plate_and_place_it_on_the_plate,demo_15,100,agentview,wooden_cabinet_1,is_right_of,cookies_1
pick_up_the_black_bowl_next_to_the_plate_and_place_it_on_the_plate,demo_15,100,agentview,cookies_1,is_in_front_of,flat_stove_1
pick_up_the_black_bowl_next_to_the_plate_and_place_it_on_the_plate,demo_15,100,agentview,flat_stove_1,is_behind,cookies_1
pick_up_the_black_bowl_next_to_the_plate_and_place_it_on_the_plate,demo_15,100,agentview,plate_1,is_left_of,wooden_cabinet_1
pick_up_the_black_bowl_next_to_the_plate_and_place_it_on_the_plate,demo_15,100,agentview,wooden_cabinet_1,is_right_of,plate_1
pick_up_the_black_bowl_next_to_the_plate_and_place_it_on_the_plate,demo_15,100,agentview,plate_1,is_left_of,flat_stove_1
pick_up_the_black_bowl_next_to_the_plate_and_place_it_on_the_plate,demo_15,100,agentview,flat_stove_1,is_right_of,plate_1
pick_up_the_black_bowl_next_to_the_plate_and_place_it_on_the_plate,demo_15,100,agentview,wooden_cabinet_1,is_right_of,flat_stove_1
pick_up_the_black_bowl_next_to_the_plate_and_place_it_on_the_plate,demo_15,100,agentview,flat_stove_1,is_left_of,wooden_cabinet_1
pick_up_the_black_bowl_next_to_the_plate_and_place_it_on_the_plate,demo_15,105,agentview,akita_black_bowl_1,is_left_of,akita_black_bowl_2
pick_up_the_black_bowl_next_to_the_plate_and_place_it_on_the_plate,demo_15,105,agentview,akita_black_bowl_2,is_right_of,akita_black_bowl_1
pick_up_the_black_bowl_next_to_the_plate_and_place_it_on_the_plate,demo_15,105,agentview,akita_black_bowl_1,is_left_of,cookies_1
pick_up_the_black_bowl_next_to_the_plate_and_place_it_on_the_plate,demo_15,105,agentview,cookies_1,is_right_of,akita_black_bowl_1
pick_up_the_black_bowl_next_to_the_plate_and_place_it_on_the_plate,demo_15,105,agentview,akita_black_bowl_1,is_left_of,glazed_rim_porcelain_ramekin_1
pick_up_the_black_bowl_next_to_the_plate_and_place_it_on_the_plate,demo_15,105,agentview,glazed_rim_porcelain_ramekin_1,is_right_of,akita_black_bowl_1
pick_up_the_black_bowl_next_to_the_plate_and_place_it_on_the_plate,demo_15,105,agentview,akita_black_bowl_1,is_behind,plate_1
pick_up_the_black_bowl_next_to_the_plate_and_place_it_on_the_plate,demo_15,105,agentview,plate_1,is_in_front_of,akita_black_bowl_1
pick_up_the_black_bowl_next_to_the_plate_and_place_it_on_the_plate,demo_15,105,agentview,akita_black_bowl_1,is_left_of,wooden_cabinet_1
pick_up_the_black_bowl_next_to_the_plate_and_place_it_on_the_plate,demo_15,105,agentview,wooden_cabinet_1,is_right_of,akita_black_bowl_1
pick_up_the_black_bowl_next_to_the_plate_and_place_it_on_the_plate,demo_15,105,agentview,akita_black_bowl_1,is_left_of,flat_stove_1
pick_up_the_black_bowl_next_to_the_plate_and_place_it_on_the_plate,demo_15,105,agentview,flat_stove_1,is_right_of,akita_black_bowl_1
pick_up_the_black_bowl_next_to_the_plate_and_place_it_on_the_plate,demo_15,105,agentview,akita_black_bowl_2,is_behind,cookies_1
pick_up_the_black_bowl_next_to_the_plate_and_place_it_on_the_plate,demo_15,105,agentview,cookies_1,is_in_front_of,akita_black_bowl_2
pick_up_the_black_bowl_next_to_the_plate_and_place_it_on_the_plate,demo_15,105,agentview,akita_black_bowl_2,is_left_of,glazed_rim_porcelain_ramekin_1
pick_up_the_black_bowl_next_to_the_plate_and_place_it_on_the_plate,demo_15,105,agentview,glazed_rim_porcelain_ramekin_1,is_right_of,akita_black_bowl_2
pick_up_the_black_bowl_next_to_the_plate_and_place_it_on_the_plate,demo_15,105,agentview,akita_black_bowl_2,is_right_of,plate_1
pick_up_the_black_bowl_next_to_the_plate_and_place_it_on_the_plate,demo_15,105,agentview,plate_1,is_left_of,akita_black_bowl_2
pick_up_the_black_bowl_next_to_the_plate_and_place_it_on_the_plate,demo_15,105,agentview,akita_black_bowl_2,is_left_of,wooden_cabinet_1
pick_up_the_black_bowl_next_to_the_plate_and_place_it_on_the_plate,demo_15,105,agentview,wooden_cabinet_1,is_right_of,akita_black_bowl_2
pick_up_the_black_bowl_next_to_the_plate_and_place_it_on_the_plate,demo_15,105,agentview,akita_black_bowl_2,is_on_top_of,flat_stove_1
pick_up_the_black_bowl_next_to_the_plate_and_place_it_on_the_plate,demo_15,105,agentview,flat_stove_1,is_below_of,akita_black_bowl_2
pick_up_the_black_bowl_next_to_the_plate_and_place_it_on_the_plate,demo_15,105,agentview,cookies_1,is_left_of,glazed_rim_porcelain_ramekin_1
pick_up_the_black_bowl_next_to_the_plate_and_place_it_on_the_plate,demo_15,105,agentview,glazed_rim_porcelain_ramekin_1,is_right_of,cookies_1
pick_up_the_black_bowl_next_to_the_plate_and_place_it_on_the_plate,demo_15,105,agentview,cookies_1,is_right_of,plate_1
pick_up_the_black_bowl_next_to_the_plate_and_place_it_on_the_plate,demo_15,105,agentview,plate_1,is_left_of,cookies_1
pick_up_the_black_bowl_next_to_the_plate_and_place_it_on_the_plate,demo_15,105,agentview,cookies_1,is_left_of,wooden_cabinet_1
pick_up_the_black_bowl_next_to_the_plate_and_place_it_on_the_plate,demo_15,105,agentview,wooden_cabinet_1,is_right_of,cookies_1
pick_up_the_black_bowl_next_to_the_plate_and_place_it_on_the_plate,demo_15,105,agentview,cookies_1,is_in_front_of,flat_stove_1
pick_up_the_black_bowl_next_to_the_plate_and_place_it_on_the_plate,demo_15,105,agentview,flat_stove_1,is_behind,cookies_1
pick_up_the_black_bowl_next_to_the_plate_and_place_it_on_the_plate,demo_15,105,agentview,glazed_rim_porcelain_ramekin_1,is_right_of,plate_1
pick_up_the_black_bowl_next_to_the_plate_and_place_it_on_the_plate,demo_15,105,agentview,plate_1,is_left_of,glazed_rim_porcelain_ramekin_1
pick_up_the_black_bowl_next_to_the_plate_and_place_it_on_the_plate,demo_15,105,agentview,glazed_rim_porcelain_ramekin_1,is_inside,wooden_cabinet_1
pick_up_the_black_bowl_next_to_the_plate_and_place_it_on_the_plate,demo_15,105,agentview,wooden_cabinet_1,contains,glazed_rim_porcelain_ramekin_1
pick_up_the_black_bowl_next_to_the_plate_and_place_it_on_the_plate,demo_15,105,agentview,glazed_rim_porcelain_ramekin_1,is_right_of,flat_stove_1
pick_up_the_black_bowl_next_to_the_plate_and_place_it_on_the_plate,demo_15,105,agentview,flat_stove_1,is_left_of,glazed_rim_porcelain_ramekin_1
pick_up_the_black_bowl_next_to_the_plate_and_place_it_on_the_plate,demo_15,105,agentview,plate_1,is_left_of,wooden_cabinet_1
pick_up_the_black_bowl_next_to_the_plate_and_place_it_on_the_plate,demo_15,105,agentview,wooden_cabinet_1,is_right_of,plate_1
pick_up_the_black_bowl_next_to_the_plate_and_place_it_on_the_plate,demo_15,105,agentview,plate_1,is_left_of,flat_stove_1
pick_up_the_black_bowl_next_to_the_plate_and_place_it_on_the_plate,demo_15,105,agentview,flat_stove_1,is_right_of,plate_1
pick_up_the_black_bowl_next_to_the_plate_and_place_it_on_the_plate,demo_15,105,agentview,wooden_cabinet_1,is_right_of,flat_stove_1
pick_up_the_black_bowl_next_to_the_plate_and_place_it_on_the_plate,demo_15,105,agentview,flat_stove_1,is_left_of,wooden_cabinet_1
pick_up_the_black_bowl_next_to_the_plate_and_place_it_on_the_plate,demo_15,110,agentview,akita_black_bowl_1,is_left_of,akita_black_bowl_2
pick_up_the_black_bowl_next_to_the_plate_and_place_it_on_the_plate,demo_15,110,agentview,akita_black_bowl_2,is_right_of,akita_black_bowl_1
pick_up_the_black_bowl_next_to_the_plate_and_place_it_on_the_plate,demo_15,110,agentview,akita_black_bowl_1,is_left_of,cookies_1
pick_up_the_black_bowl_next_to_the_plate_and_place_it_on_the_plate,demo_15,110,agentview,cookies_1,is_right_of,akita_black_bowl_1
pick_up_the_black_bowl_next_to_the_plate_and_place_it_on_the_plate,demo_15,110,agentview,akita_black_bowl_1,is_behind,plate_1
pick_up_the_black_bowl_next_to_the_plate_and_place_it_on_the_plate,demo_15,110,agentview,plate_1,is_in_front_of,akita_black_bowl_1
pick_up_the_black_bowl_next_to_the_plate_and_place_it_on_the_plate,demo_15,110,agentview,akita_black_bowl_1,is_left_of,wooden_cabinet_1
pick_up_the_black_bowl_next_to_the_plate_and_place_it_on_the_plate,demo_15,110,agentview,wooden_cabinet_1,is_right_of,akita_black_bowl_1
pick_up_the_black_bowl_next_to_the_plate_and_place_it_on_the_plate,demo_15,110,agentview,akita_black_bowl_1,is_left_of,flat_stove_1
pick_up_the_black_bowl_next_to_the_plate_and_place_it_on_the_plate,demo_15,110,agentview,flat_stove_1,is_right_of,akita_black_bowl_1
pick_up_the_black_bowl_next_to_the_plate_and_place_it_on_the_plate,demo_15,110,agentview,akita_black_bowl_2,is_behind,cookies_1
pick_up_the_black_bowl_next_to_the_plate_and_place_it_on_the_plate,demo_15,110,agentview,cookies_1,is_in_front_of,akita_black_bowl_2
pick_up_the_black_bowl_next_to_the_plate_and_place_it_on_the_plate,demo_15,110,agentview,akita_black_bowl_2,is_right_of,plate_1
pick_up_the_black_bowl_next_to_the_plate_and_place_it_on_the_plate,demo_15,110,agentview,plate_1,is_left_of,akita_black_bowl_2
pick_up_the_black_bowl_next_to_the_plate_and_place_it_on_the_plate,demo_15,110,agentview,akita_black_bowl_2,is_left_of,wooden_cabinet_1
pick_up_the_black_bowl_next_to_the_plate_and_place_it_on_the_plate,demo_15,110,agentview,wooden_cabinet_1,is_right_of,akita_black_bowl_2
pick_up_the_black_bowl_next_to_the_plate_and_place_it_on_the_plate,demo_15,110,agentview,akita_black_bowl_2,is_on_top_of,flat_stove_1
pick_up_the_black_bowl_next_to_the_plate_and_place_it_on_the_plate,demo_15,110,agentview,flat_stove_1,is_below_of,akita_black_bowl_2
pick_up_the_black_bowl_next_to_the_plate_and_place_it_on_the_plate,demo_15,110,agentview,cookies_1,is_right_of,plate_1
pick_up_the_black_bowl_next_to_the_plate_and_place_it_on_the_plate,demo_15,110,agentview,plate_1,is_left_of,cookies_1
pick_up_the_black_bowl_next_to_the_plate_and_place_it_on_the_plate,demo_15,110,agentview,cookies_1,is_left_of,wooden_cabinet_1
pick_up_the_black_bowl_next_to_the_plate_and_place_it_on_the_plate,demo_15,110,agentview,wooden_cabinet_1,is_right_of,cookies_1
pick_up_the_black_bowl_next_to_the_plate_and_place_it_on_the_plate,demo_15,110,agentview,cookies_1,is_in_front_of,flat_stove_1
pick_up_the_black_bowl_next_to_the_plate_and_place_it_on_the_plate,demo_15,110,agentview,flat_stove_1,is_behind,cookies_1
pick_up_the_black_bowl_next_to_the_plate_and_place_it_on_the_plate,demo_15,110,agentview,plate_1,is_left_of,wooden_cabinet_1
pick_up_the_black_bowl_next_to_the_plate_and_place_it_on_the_plate,demo_15,110,agentview,wooden_cabinet_1,is_right_of,plate_1
pick_up_the_black_bowl_next_to_the_plate_and_place_it_on_the_plate,demo_15,110,agentview,plate_1,is_left_of,flat_stove_1
pick_up_the_black_bowl_next_to_the_plate_and_place_it_on_the_plate,demo_15,110,agentview,flat_stove_1,is_right_of,plate_1
pick_up_the_black_bowl_next_to_the_plate_and_place_it_on_the_plate,demo_15,110,agentview,wooden_cabinet_1,is_right_of,flat_stove_1
pick_up_the_black_bowl_next_to_the_plate_and_place_it_on_the_plate,demo_15,110,agentview,flat_stove_1,is_left_of,wooden_cabinet_1
pick_up_the_black_bowl_next_to_the_plate_and_place_it_on_the_plate,demo_15,115,agentview,akita_black_bowl_1,is_behind,plate_1
pick_up_the_black_bowl_next_to_the_plate_and_place_it_on_the_plate,demo_15,115,agentview,plate_1,is_in_front_of,akita_black_bowl_1
pick_up_the_black_bowl_next_to_the_plate_and_place_it_on_the_plate,demo_15,115,agentview,akita_black_bowl_1,is_left_of,cookies_1
pick_up_the_black_bowl_next_to_the_plate_and_place_it_on_the_plate,demo_15,115,agentview,cookies_1,is_right_of,akita_black_bowl_1
pick_up_the_black_bowl_next_to_the_plate_and_place_it_on_the_plate,demo_15,115,agentview,akita_black_bowl_1,is_left_of,flat_stove_1
pick_up_the_black_bowl_next_to_the_plate_and_place_it_on_the_plate,demo_15,115,agentview,flat_stove_1,is_right_of,akita_black_bowl_1
pick_up_the_black_bowl_next_to_the_plate_and_place_it_on_the_plate,demo_15,115,agentview,akita_black_bowl_1,is_left_of,wooden_cabinet_1
pick_up_the_black_bowl_next_to_the_plate_and_place_it_on_the_plate,demo_15,115,agentview,wooden_cabinet_1,is_right_of,akita_black_bowl_1
pick_up_the_black_bowl_next_to_the_plate_and_place_it_on_the_plate,demo_15,115,agentview,plate_1,is_left_of,cookies_1
pick_up_the_black_bowl_next_to_the_plate_and_place_it_on_the_plate,demo_15,115,agentview,cookies_1,is_right_of,plate_1
pick_up_the_black_bowl_next_to_the_plate_and_place_it_on_the_plate,demo_15,115,agentview,plate_1,is_left_of,flat_stove_1
pick_up_the_black_bowl_next_to_the_plate_and_place_it_on_the_plate,demo_15,115,agentview,flat_stove_1,is_right_of,plate_1
pick_up_the_black_bowl_next_to_the_plate_and_place_it_on_the_plate,demo_15,115,agentview,plate_1,is_left_of,wooden_cabinet_1
pick_up_the_black_bowl_next_to_the_plate_and_place_it_on_the_plate,demo_15,115,agentview,wooden_cabinet_1,is_right_of,plate_1
pick_up_the_black_bowl_next_to_the_plate_and_place_it_on_the_plate,demo_15,115,agentview,cookies_1,is_in_front_of,flat_stove_1
pick_up_the_black_bowl_next_to_the_plate_and_place_it_on_the_plate,demo_15,115,agentview,flat_stove_1,is_behind,cookies_1
pick_up_the_black_bowl_next_to_the_plate_and_place_it_on_the_plate,demo_15,115,agentview,cookies_1,is_left_of,wooden_cabinet_1
pick_up_the_black_bowl_next_to_the_plate_and_place_it_on_the_plate,demo_15,115,agentview,wooden_cabinet_1,is_right_of,cookies_1
pick_up_the_black_bowl_next_to_the_plate_and_place_it_on_the_plate,demo_15,115,agentview,flat_stove_1,is_left_of,wooden_cabinet_1
pick_up_the_black_bowl_next_to_the_plate_and_place_it_on_the_plate,demo_15,115,agentview,wooden_cabinet_1,is_right_of,flat_stove_1
pick_up_the_black_bowl_next_to_the_plate_and_place_it_on_the_plate,demo_15,120,agentview,akita_black_bowl_1,is_behind,plate_1
pick_up_the_black_bowl_next_to_the_plate_and_place_it_on_the_plate,demo_15,120,agentview,plate_1,is_in_front_of,akita_black_bowl_1
pick_up_the_black_bowl_next_to_the_plate_and_place_it_on_the_plate,demo_15,120,agentview,akita_black_bowl_1,is_left_of,cookies_1
pick_up_the_black_bowl_next_to_the_plate_and_place_it_on_the_plate,demo_15,120,agentview,cookies_1,is_right_of,akita_black_bowl_1
pick_up_the_black_bowl_next_to_the_plate_and_place_it_on_the_plate,demo_15,120,agentview,akita_black_bowl_1,is_left_of,flat_stove_1
pick_up_the_black_bowl_next_to_the_plate_and_place_it_on_the_plate,demo_15,120,agentview,flat_stove_1,is_right_of,akita_black_bowl_1
pick_up_the_black_bowl_next_to_the_plate_and_place_it_on_the_plate,demo_15,120,agentview,akita_black_bowl_1,is_left_of,wooden_cabinet_1
pick_up_the_black_bowl_next_to_the_plate_and_place_it_on_the_plate,demo_15,120,agentview,wooden_cabinet_1,is_right_of,akita_black_bowl_1
pick_up_the_black_bowl_next_to_the_plate_and_place_it_on_the_plate,demo_15,120,agentview,plate_1,is_left_of,cookies_1
pick_up_the_black_bowl_next_to_the_plate_and_place_it_on_the_plate,demo_15,120,agentview,cookies_1,is_right_of,plate_1
pick_up_the_black_bowl_next_to_the_plate_and_place_it_on_the_plate,demo_15,120,agentview,plate_1,is_left_of,flat_stove_1
pick_up_the_black_bowl_next_to_the_plate_and_place_it_on_the_plate,demo_15,120,agentview,flat_stove_1,is_right_of,plate_1
pick_up_the_black_bowl_next_to_the_plate_and_place_it_on_the_plate,demo_15,120,agentview,plate_1,is_left_of,wooden_cabinet_1
pick_up_the_black_bowl_next_to_the_plate_and_place_it_on_the_plate,demo_15,120,agentview,wooden_cabinet_1,is_right_of,plate_1
pick_up_the_black_bowl_next_to_the_plate_and_place_it_on_the_plate,demo_15,120,agentview,cookies_1,is_in_front_of,flat_stove_1
pick_up_the_black_bowl_next_to_the_plate_and_place_it_on_the_plate,demo_15,120,agentview,flat_stove_1,is_behind,cookies_1
pick_up_the_black_bowl_next_to_the_plate_and_place_it_on_the_plate,demo_15,120,agentview,cookies_1,is_left_of,wooden_cabinet_1
pick_up_the_black_bowl_next_to_the_plate_and_place_it_on_the_plate,demo_15,120,agentview,wooden_cabinet_1,is_right_of,cookies_1
pick_up_the_black_bowl_next_to_the_plate_and_place_it_on_the_plate,demo_15,120,agentview,flat_stove_1,is_left_of,wooden_cabinet_1
pick_up_the_black_bowl_next_to_the_plate_and_place_it_on_the_plate,demo_15,120,agentview,wooden_cabinet_1,is_right_of,flat_stove_1
pick_up_the_black_bowl_next_to_the_plate_and_place_it_on_the_plate,demo_15,125,agentview,akita_black_bowl_1,is_left_of,akita_black_bowl_2
pick_up_the_black_bowl_next_to_the_plate_and_place_it_on_the_plate,demo_15,125,agentview,akita_black_bowl_2,is_right_of,akita_black_bowl_1
pick_up_the_black_bowl_next_to_the_plate_and_place_it_on_the_plate,demo_15,125,agentview,akita_black_bowl_1,is_left_of,cookies_1
pick_up_the_black_bowl_next_to_the_plate_and_place_it_on_the_plate,demo_15,125,agentview,cookies_1,is_right_of,akita_black_bowl_1
pick_up_the_black_bowl_next_to_the_plate_and_place_it_on_the_plate,demo_15,125,agentview,akita_black_bowl_1,is_in_front_of,glazed_rim_porcelain_ramekin_1
pick_up_the_black_bowl_next_to_the_plate_and_place_it_on_the_plate,demo_15,125,agentview,glazed_rim_porcelain_ramekin_1,is_behind,akita_black_bowl_1
pick_up_the_black_bowl_next_to_the_plate_and_place_it_on_the_plate,demo_15,125,agentview,akita_black_bowl_1,is_behind,plate_1
pick_up_the_black_bowl_next_to_the_plate_and_place_it_on_the_plate,demo_15,125,agentview,plate_1,is_in_front_of,akita_black_bowl_1
pick_up_the_black_bowl_next_to_the_plate_and_place_it_on_the_plate,demo_15,125,agentview,akita_black_bowl_1,is_left_of,wooden_cabinet_1
pick_up_the_black_bowl_next_to_the_plate_and_place_it_on_the_plate,demo_15,125,agentview,wooden_cabinet_1,is_right_of,akita_black_bowl_1
pick_up_the_black_bowl_next_to_the_plate_and_place_it_on_the_plate,demo_15,125,agentview,akita_black_bowl_1,is_left_of,flat_stove_1
pick_up_the_black_bowl_next_to_the_plate_and_place_it_on_the_plate,demo_15,125,agentview,flat_stove_1,is_right_of,akita_black_bowl_1
pick_up_the_black_bowl_next_to_the_plate_and_place_it_on_the_plate,demo_15,125,agentview,akita_black_bowl_2,is_behind,cookies_1
pick_up_the_black_bowl_next_to_the_plate_and_place_it_on_the_plate,demo_15,125,agentview,cookies_1,is_in_front_of,akita_black_bowl_2
pick_up_the_black_bowl_next_to_the_plate_and_place_it_on_the_plate,demo_15,125,agentview,akita_black_bowl_2,is_right_of,glazed_rim_porcelain_ramekin_1
pick_up_the_black_bowl_next_to_the_plate_and_place_it_on_the_plate,demo_15,125,agentview,glazed_rim_porcelain_ramekin_1,is_left_of,akita_black_bowl_2
pick_up_the_black_bowl_next_to_the_plate_and_place_it_on_the_plate,demo_15,125,agentview,akita_black_bowl_2,is_right_of,plate_1
pick_up_the_black_bowl_next_to_the_plate_and_place_it_on_the_plate,demo_15,125,agentview,plate_1,is_left_of,akita_black_bowl_2
pick_up_the_black_bowl_next_to_the_plate_and_place_it_on_the_plate,demo_15,125,agentview,akita_black_bowl_2,is_left_of,wooden_cabinet_1
pick_up_the_black_bowl_next_to_the_plate_and_place_it_on_the_plate,demo_15,125,agentview,wooden_cabinet_1,is_right_of,akita_black_bowl_2
pick_up_the_black_bowl_next_to_the_plate_and_place_it_on_the_plate,demo_15,125,agentview,akita_black_bowl_2,is_on_top_of,flat_stove_1
pick_up_the_black_bowl_next_to_the_plate_and_place_it_on_the_plate,demo_15,125,agentview,flat_stove_1,is_below_of,akita_black_bowl_2
pick_up_the_black_bowl_next_to_the_plate_and_place_it_on_the_plate,demo_15,125,agentview,cookies_1,is_right_of,glazed_rim_porcelain_ramekin_1
pick_up_the_black_bowl_next_to_the_plate_and_place_it_on_the_plate,demo_15,125,agentview,glazed_rim_porcelain_ramekin_1,is_left_of,cookies_1
pick_up_the_black_bowl_next_to_the_plate_and_place_it_on_the_plate,demo_15,125,agentview,cookies_1,is_right_of,plate_1
pick_up_the_black_bowl_next_to_the_plate_and_place_it_on_the_plate,demo_15,125,agentview,plate_1,is_left_of,cookies_1
pick_up_the_black_bowl_next_to_the_plate_and_place_it_on_the_plate,demo_15,125,agentview,cookies_1,is_left_of,wooden_cabinet_1
pick_up_the_black_bowl_next_to_the_plate_and_place_it_on_the_plate,demo_15,125,agentview,wooden_cabinet_1,is_right_of,cookies_1
pick_up_the_black_bowl_next_to_the_plate_and_place_it_on_the_plate,demo_15,125,agentview,cookies_1,is_in_front_of,flat_stove_1
pick_up_the_black_bowl_next_to_the_plate_and_place_it_on_the_plate,demo_15,125,agentview,flat_stove_1,is_behind,cookies_1
pick_up_the_black_bowl_next_to_the_plate_and_place_it_on_the_plate,demo_15,125,agentview,glazed_rim_porcelain_ramekin_1,is_behind,plate_1
pick_up_the_black_bowl_next_to_the_plate_and_place_it_on_the_plate,demo_15,125,agentview,plate_1,is_in_front_of,glazed_rim_porcelain_ramekin_1
pick_up_the_black_bowl_next_to_the_plate_and_place_it_on_the_plate,demo_15,125,agentview,glazed_rim_porcelain_ramekin_1,is_left_of,wooden_cabinet_1
pick_up_the_black_bowl_next_to_the_plate_and_place_it_on_the_plate,demo_15,125,agentview,wooden_cabinet_1,is_right_of,glazed_rim_porcelain_ramekin_1
pick_up_the_black_bowl_next_to_the_plate_and_place_it_on_the_plate,demo_15,125,agentview,glazed_rim_porcelain_ramekin_1,is_left_of,flat_stove_1
pick_up_the_black_bowl_next_to_the_plate_and_place_it_on_the_plate,demo_15,125,agentview,flat_stove_1,is_right_of,glazed_rim_porcelain_ramekin_1
pick_up_the_black_bowl_next_to_the_plate_and_place_it_on_the_plate,demo_15,125,agentview,plate_1,is_left_of,wooden_cabinet_1
pick_up_the_black_bowl_next_to_the_plate_and_place_it_on_the_plate,demo_15,125,agentview,wooden_cabinet_1,is_right_of,plate_1
pick_up_the_black_bowl_next_to_the_plate_and_place_it_on_the_plate,demo_15,125,agentview,plate_1,is_left_of,flat_stove_1
pick_up_the_black_bowl_next_to_the_plate_and_place_it_on_the_plate,demo_15,125,agentview,flat_stove_1,is_right_of,plate_1
pick_up_the_black_bowl_next_to_the_plate_and_place_it_on_the_plate,demo_15,125,agentview,wooden_cabinet_1,is_right_of,flat_stove_1
pick_up_the_black_bowl_next_to_the_plate_and_place_it_on_the_plate,demo_15,125,agentview,flat_stove_1,is_left_of,wooden_cabinet_1
pick_up_the_black_bowl_next_to_the_plate_and_place_it_on_the_plate,demo_15,130,agentview,akita_black_bowl_1,is_behind,plate_1
pick_up_the_black_bowl_next_to_the_plate_and_place_it_on_the_plate,demo_15,130,agentview,plate_1,is_in_front_of,akita_black_bowl_1
pick_up_the_black_bowl_next_to_the_plate_and_place_it_on_the_plate,demo_15,130,agentview,akita_black_bowl_1,is_left_of,cookies_1
pick_up_the_black_bowl_next_to_the_plate_and_place_it_on_the_plate,demo_15,130,agentview,cookies_1,is_right_of,akita_black_bowl_1
pick_up_the_black_bowl_next_to_the_plate_and_place_it_on_the_plate,demo_15,130,agentview,akita_black_bowl_1,is_left_of,flat_stove_1
pick_up_the_black_bowl_next_to_the_plate_and_place_it_on_the_plate,demo_15,130,agentview,flat_stove_1,is_right_of,akita_black_bowl_1
pick_up_the_black_bowl_next_to_the_plate_and_place_it_on_the_plate,demo_15,130,agentview,akita_black_bowl_1,is_left_of,wooden_cabinet_1
pick_up_the_black_bowl_next_to_the_plate_and_place_it_on_the_plate,demo_15,130,agentview,wooden_cabinet_1,is_right_of,akita_black_bowl_1
pick_up_the_black_bowl_next_to_the_plate_and_place_it_on_the_plate,demo_15,135,agentview,akita_black_bowl_1,is_right_of,akita_black_bowl_2
pick_up_the_black_bowl_next_to_the_plate_and_place_it_on_the_plate,demo_15,135,agentview,akita_black_bowl_2,is_left_of,akita_black_bowl_1
pick_up_the_black_bowl_next_to_the_plate_and_place_it_on_the_plate,demo_15,135,agentview,akita_black_bowl_1,is_left_of,cookies_1
pick_up_the_black_bowl_next_to_the_plate_and_place_it_on_the_plate,demo_15,135,agentview,cookies_1,is_right_of,akita_black_bowl_1
pick_up_the_black_bowl_next_to_the_plate_and_place_it_on_the_plate,demo_15,135,agentview,akita_black_bowl_1,is_right_of,glazed_rim_porcelain_ramekin_1
pick_up_the_black_bowl_next_to_the_plate_and_place_it_on_the_plate,demo_15,135,agentview,glazed_rim_porcelain_ramekin_1,is_left_of,akita_black_bowl_1
pick_up_the_black_bowl_next_to_the_plate_and_place_it_on_the_plate,demo_15,135,agentview,akita_black_bowl_1,is_behind,plate_1
pick_up_the_black_bowl_next_to_the_plate_and_place_it_on_the_plate,demo_15,135,agentview,plate_1,is_in_front_of,akita_black_bowl_1
pick_up_the_black_bowl_next_to_the_plate_and_place_it_on_the_plate,demo_15,135,agentview,akita_black_bowl_1,is_left_of,wooden_cabinet_1
pick_up_the_black_bowl_next_to_the_plate_and_place_it_on_the_plate,demo_15,135,agentview,wooden_cabinet_1,is_right_of,akita_black_bowl_1
pick_up_the_black_bowl_next_to_the_plate_and_place_it_on_the_plate,demo_15,135,agentview,akita_black_bowl_1,is_left_of,flat_stove_1
pick_up_the_black_bowl_next_to_the_plate_and_place_it_on_the_plate,demo_15,135,agentview,flat_stove_1,is_right_of,akita_black_bowl_1
pick_up_the_black_bowl_next_to_the_plate_and_place_it_on_the_plate,demo_15,135,agentview,akita_black_bowl_2,is_left_of,cookies_1
pick_up_the_black_bowl_next_to_the_plate_and_place_it_on_the_plate,demo_15,135,agentview,cookies_1,is_right_of,akita_black_bowl_2
pick_up_the_black_bowl_next_to_the_plate_and_place_it_on_the_plate,demo_15,135,agentview,akita_black_bowl_2,is_behind,glazed_rim_porcelain_ramekin_1
pick_up_the_black_bowl_next_to_the_plate_and_place_it_on_the_plate,demo_15,135,agentview,glazed_rim_porcelain_ramekin_1,is_in_front_of,akita_black_bowl_2
pick_up_the_black_bowl_next_to_the_plate_and_place_it_on_the_plate,demo_15,135,agentview,akita_black_bowl_2,is_left_of,plate_1
pick_up_the_black_bowl_next_to_the_plate_and_place_it_on_the_plate,demo_15,135,agentview,plate_1,is_right_of,akita_black_bowl_2
pick_up_the_black_bowl_next_to_the_plate_and_place_it_on_the_plate,demo_15,135,agentview,akita_black_bowl_2,is_left_of,wooden_cabinet_1
pick_up_the_black_bowl_next_to_the_plate_and_place_it_on_the_plate,demo_15,135,agentview,wooden_cabinet_1,is_right_of,akita_black_bowl_2
pick_up_the_black_bowl_next_to_the_plate_and_place_it_on_the_plate,demo_15,135,agentview,akita_black_bowl_2,is_left_of,flat_stove_1
pick_up_the_black_bowl_next_to_the_plate_and_place_it_on_the_plate,demo_15,135,agentview,flat_stove_1,is_right_of,akita_black_bowl_2
pick_up_the_black_bowl_next_to_the_plate_and_place_it_on_the_plate,demo_15,135,agentview,cookies_1,is_right_of,glazed_rim_porcelain_ramekin_1
pick_up_the_black_bowl_next_to_the_plate_and_place_it_on_the_plate,demo_15,135,agentview,glazed_rim_porcelain_ramekin_1,is_left_of,cookies_1
pick_up_the_black_bowl_next_to_the_plate_and_place_it_on_the_plate,demo_15,135,agentview,cookies_1,is_right_of,plate_1
pick_up_the_black_bowl_next_to_the_plate_and_place_it_on_the_plate,demo_15,135,agentview,plate_1,is_left_of,cookies_1
pick_up_the_black_bowl_next_to_the_plate_and_place_it_on_the_plate,demo_15,135,agentview,cookies_1,is_left_of,wooden_cabinet_1
pick_up_the_black_bowl_next_to_the_plate_and_place_it_on_the_plate,demo_15,135,agentview,wooden_cabinet_1,is_right_of,cookies_1
pick_up_the_black_bowl_next_to_the_plate_and_place_it_on_the_plate,demo_15,135,agentview,cookies_1,is_in_front_of,flat_stove_1
pick_up_the_black_bowl_next_to_the_plate_and_place_it_on_the_plate,demo_15,135,agentview,flat_stove_1,is_behind,cookies_1
pick_up_the_black_bowl_next_to_the_plate_and_place_it_on_the_plate,demo_15,135,agentview,glazed_rim_porcelain_ramekin_1,is_left_of,plate_1
pick_up_the_black_bowl_next_to_the_plate_and_place_it_on_the_plate,demo_15,135,agentview,plate_1,is_right_of,glazed_rim_porcelain_ramekin_1
pick_up_the_black_bowl_next_to_the_plate_and_place_it_on_the_plate,demo_15,135,agentview,glazed_rim_porcelain_ramekin_1,is_left_of,wooden_cabinet_1
pick_up_the_black_bowl_next_to_the_plate_and_place_it_on_the_plate,demo_15,135,agentview,wooden_cabinet_1,is_right_of,glazed_rim_porcelain_ramekin_1
pick_up_the_black_bowl_next_to_the_plate_and_place_it_on_the_plate,demo_15,135,agentview,glazed_rim_porcelain_ramekin_1,is_left_of,flat_stove_1
pick_up_the_black_bowl_next_to_the_plate_and_place_it_on_the_plate,demo_15,135,agentview,flat_stove_1,is_right_of,glazed_rim_porcelain_ramekin_1
pick_up_the_black_bowl_next_to_the_plate_and_place_it_on_the_plate,demo_15,135,agentview,plate_1,is_left_of,wooden_cabinet_1
pick_up_the_black_bowl_next_to_the_plate_and_place_it_on_the_plate,demo_15,135,agentview,wooden_cabinet_1,is_right_of,plate_1
pick_up_the_black_bowl_next_to_the_plate_and_place_it_on_the_plate,demo_15,135,agentview,plate_1,is_left_of,flat_stove_1
pick_up_the_black_bowl_next_to_the_plate_and_place_it_on_the_plate,demo_15,135,agentview,flat_stove_1,is_right_of,plate_1
pick_up_the_black_bowl_next_to_the_plate_and_place_it_on_the_plate,demo_15,135,agentview,wooden_cabinet_1,is_right_of,flat_stove_1
pick_up_the_black_bowl_next_to_the_plate_and_place_it_on_the_plate,demo_15,135,agentview,flat_stove_1,is_left_of,wooden_cabinet_1
pick_up_the_black_bowl_next_to_the_plate_and_place_it_on_the_plate,demo_15,140,agentview,akita_black_bowl_1,is_behind,plate_1
pick_up_the_black_bowl_next_to_the_plate_and_place_it_on_the_plate,demo_15,140,agentview,plate_1,is_in_front_of,akita_black_bowl_1
pick_up_the_black_bowl_next_to_the_plate_and_place_it_on_the_plate,demo_15,140,agentview,akita_black_bowl_1,is_left_of,cookies_1
pick_up_the_black_bowl_next_to_the_plate_and_place_it_on_the_plate,demo_15,140,agentview,cookies_1,is_right_of,akita_black_bowl_1
pick_up_the_black_bowl_next_to_the_plate_and_place_it_on_the_plate,demo_15,140,agentview,akita_black_bowl_1,is_left_of,flat_stove_1
pick_up_the_black_bowl_next_to_the_plate_and_place_it_on_the_plate,demo_15,140,agentview,flat_stove_1,is_right_of,akita_black_bowl_1
pick_up_the_black_bowl_next_to_the_plate_and_place_it_on_the_plate,demo_15,140,agentview,akita_black_bowl_1,is_left_of,wooden_cabinet_1
pick_up_the_black_bowl_next_to_the_plate_and_place_it_on_the_plate,demo_15,140,agentview,wooden_cabinet_1,is_right_of,akita_black_bowl_1
pick_up_the_black_bowl_next_to_the_plate_and_place_it_on_the_plate,demo_15,145,agentview,akita_black_bowl_1,is_behind,plate_1
pick_up_the_black_bowl_next_to_the_plate_and_place_it_on_the_plate,demo_15,145,agentview,plate_1,is_in_front_of,akita_black_bowl_1
pick_up_the_black_bowl_next_to_the_plate_and_place_it_on_the_plate,demo_15,145,agentview,akita_black_bowl_1,is_in_front_of,akita_black_bowl_2
pick_up_the_black_bowl_next_to_the_plate_and_place_it_on_the_plate,demo_15,145,agentview,akita_black_bowl_2,is_behind,akita_black_bowl_1
pick_up_the_black_bowl_next_to_the_plate_and_place_it_on_the_plate,demo_15,145,agentview,akita_black_bowl_1,is_in_front_of,glazed_rim_porcelain_ramekin_1
pick_up_the_black_bowl_next_to_the_plate_and_place_it_on_the_plate,demo_15,145,agentview,glazed_rim_porcelain_ramekin_1,is_behind,akita_black_bowl_1
pick_up_the_black_bowl_next_to_the_plate_and_place_it_on_the_plate,demo_15,145,agentview,akita_black_bowl_1,is_left_of,cookies_1
pick_up_the_black_bowl_next_to_the_plate_and_place_it_on_the_plate,demo_15,150,agentview,akita_black_bowl_1,is_in_front_of,akita_black_bowl_2
pick_up_the_black_bowl_next_to_the_plate_and_place_it_on_the_plate,demo_15,150,agentview,akita_black_bowl_2,is_behind,akita_black_bowl_1
pick_up_the_black_bowl_next_to_the_plate_and_place_it_on_the_plate,demo_15,150,agentview,akita_black_bowl_1,is_left_of,cookies_1
pick_up_the_black_bowl_next_to_the_plate_and_place_it_on_the_plate,demo_15,150,agentview,cookies_1,is_right_of,akita_black_bowl_1
pick_up_the_black_bowl_next_to_the_plate_and_place_it_on_the_plate,demo_15,150,agentview,akita_black_bowl_1,is_left_of,glazed_rim_porcelain_ramekin_1
pick_up_the_black_bowl_next_to_the_plate_and_place_it_on_the_plate,demo_15,150,agentview,glazed_rim_porcelain_ramekin_1,is_right_of,akita_black_bowl_1
pick_up_the_black_bowl_next_to_the_plate_and_place_it_on_the_plate,demo_15,150,agentview,akita_black_bowl_1,is_on_top_of,plate_1
pick_up_the_black_bowl_next_to_the_plate_and_place_it_on_the_plate,demo_15,150,agentview,plate_1,is_below_of,akita_black_bowl_1
pick_up_the_black_bowl_next_to_the_plate_and_place_it_on_the_plate,demo_15,150,agentview,akita_black_bowl_1,is_left_of,wooden_cabinet_1
pick_up_the_black_bowl_next_to_the_plate_and_place_it_on_the_plate,demo_15,150,agentview,wooden_cabinet_1,is_right_of,akita_black_bowl_1
pick_up_the_black_bowl_next_to_the_plate_and_place_it_on_the_plate,demo_15,150,agentview,akita_black_bowl_1,is_left_of,flat_stove_1
pick_up_the_black_bowl_next_to_the_plate_and_place_it_on_the_plate,demo_15,150,agentview,flat_stove_1,is_right_of,akita_black_bowl_1
pick_up_the_black_bowl_next_to_the_plate_and_place_it_on_the_plate,demo_15,150,agentview,akita_black_bowl_2,is_left_of,cookies_1
pick_up_the_black_bowl_next_to_the_plate_and_place_it_on_the_plate,demo_15,150,agentview,cookies_1,is_right_of,akita_black_bowl_2
pick_up_the_black_bowl_next_to_the_plate_and_place_it_on_the_plate,demo_15,150,agentview,akita_black_bowl_2,is_left_of,glazed_rim_porcelain_ramekin_1
pick_up_the_black_bowl_next_to_the_plate_and_place_it_on_the_plate,demo_15,150,agentview,glazed_rim_porcelain_ramekin_1,is_right_of,akita_black_bowl_2
pick_up_the_black_bowl_next_to_the_plate_and_place_it_on_the_plate,demo_15,150,agentview,akita_black_bowl_2,is_behind,plate_1
pick_up_the_black_bowl_next_to_the_plate_and_place_it_on_the_plate,demo_15,150,agentview,plate_1,is_in_front_of,akita_black_bowl_2
pick_up_the_black_bowl_next_to_the_plate_and_place_it_on_the_plate,demo_15,150,agentview,akita_black_bowl_2,is_left_of,wooden_cabinet_1
pick_up_the_black_bowl_next_to_the_plate_and_place_it_on_the_plate,demo_15,150,agentview,wooden_cabinet_1,is_right_of,akita_black_bowl_2
pick_up_the_black_bowl_next_to_the_plate_and_place_it_on_the_plate,demo_15,150,agentview,akita_black_bowl_2,is_left_of,flat_stove_1
pick_up_the_black_bowl_next_to_the_plate_and_place_it_on_the_plate,demo_15,150,agentview,flat_stove_1,is_right_of,akita_black_bowl_2
pick_up_the_black_bowl_next_to_the_plate_and_place_it_on_the_plate,demo_15,150,agentview,cookies_1,is_in_front_of,glazed_rim_porcelain_ramekin_1
pick_up_the_black_bowl_next_to_the_plate_and_place_it_on_the_plate,demo_15,150,agentview,glazed_rim_porcelain_ramekin_1,is_behind,cookies_1
pick_up_the_black_bowl_next_to_the_plate_and_place_it_on_the_plate,demo_15,150,agentview,cookies_1,is_right_of,plate_1
pick_up_the_black_bowl_next_to_the_plate_and_place_it_on_the_plate,demo_15,150,agentview,plate_1,is_left_of,cookies_1
pick_up_the_black_bowl_next_to_the_plate_and_place_it_on_the_plate,demo_15,150,agentview,cookies_1,is_left_of,wooden_cabinet_1
pick_up_the_black_bowl_next_to_the_plate_and_place_it_on_the_plate,demo_15,150,agentview,wooden_cabinet_1,is_right_of,cookies_1
pick_up_the_black_bowl_next_to_the_plate_and_place_it_on_the_plate,demo_15,150,agentview,cookies_1,is_in_front_of,flat_stove_1
pick_up_the_black_bowl_next_to_the_plate_and_place_it_on_the_plate,demo_15,150,agentview,flat_stove_1,is_behind,cookies_1
pick_up_the_black_bowl_next_to_the_plate_and_place_it_on_the_plate,demo_15,150,agentview,glazed_rim_porcelain_ramekin_1,is_right_of,plate_1
pick_up_the_black_bowl_next_to_the_plate_and_place_it_on_the_plate,demo_15,150,agentview,plate_1,is_left_of,glazed_rim_porcelain_ramekin_1
pick_up_the_black_bowl_next_to_the_plate_and_place_it_on_the_plate,demo_15,150,agentview,glazed_rim_porcelain_ramekin_1,is_left_of,wooden_cabinet_1
pick_up_the_black_bowl_next_to_the_plate_and_place_it_on_the_plate,demo_15,150,agentview,wooden_cabinet_1,is_right_of,glazed_rim_porcelain_ramekin_1
pick_up_the_black_bowl_next_to_the_plate_and_place_it_on_the_plate,demo_15,150,agentview,glazed_rim_porcelain_ramekin_1,is_on_top_of,flat_stove_1
pick_up_the_black_bowl_next_to_the_plate_and_place_it_on_the_plate,demo_15,150,agentview,flat_stove_1,is_below_of,glazed_rim_porcelain_ramekin_1
pick_up_the_black_bowl_next_to_the_plate_and_place_it_on_the_plate,demo_15,150,agentview,plate_1,is_left_of,wooden_cabinet_1
pick_up_the_black_bowl_next_to_the_plate_and_place_it_on_the_plate,demo_15,150,agentview,wooden_cabinet_1,is_right_of,plate_1
pick_up_the_black_bowl_next_to_the_plate_and_place_it_on_the_plate,demo_15,150,agentview,plate_1,is_left_of,flat_stove_1
pick_up_the_black_bowl_next_to_the_plate_and_place_it_on_the_plate,demo_15,150,agentview,flat_stove_1,is_right_of,plate_1
pick_up_the_black_bowl_next_to_the_plate_and_place_it_on_the_plate,demo_15,150,agentview,wooden_cabinet_1,is_right_of,flat_stove_1
pick_up_the_black_bowl_next_to_the_plate_and_place_it_on_the_plate,demo_15,150,agentview,flat_stove_1,is_left_of,wooden_cabinet_1
pick_up_the_black_bowl_next_to_the_plate_and_place_it_on_the_plate,demo_16,0,agentview,akita_black_bowl_1,is_behind,akita_black_bowl_2
pick_up_the_black_bowl_next_to_the_plate_and_place_it_on_the_plate,demo_16,0,agentview,akita_black_bowl_2,is_in_front_of,akita_black_bowl_1
pick_up_the_black_bowl_next_to_the_plate_and_place_it_on_the_plate,demo_16,0,agentview,akita_black_bowl_1,is_left_of,cookies_1
pick_up_the_black_bowl_next_to_the_plate_and_place_it_on_the_plate,demo_16,0,agentview,cookies_1,is_right_of,akita_black_bowl_1
pick_up_the_black_bowl_next_to_the_plate_and_place_it_on_the_plate,demo_16,0,agentview,akita_black_bowl_1,is_left_of,glazed_rim_porcelain_ramekin_1
pick_up_the_black_bowl_next_to_the_plate_and_place_it_on_the_plate,demo_16,0,agentview,glazed_rim_porcelain_ramekin_1,is_right_of,akita_black_bowl_1
pick_up_the_black_bowl_next_to_the_plate_and_place_it_on_the_plate,demo_16,0,agentview,akita_black_bowl_1,is_behind,plate_1
pick_up_the_black_bowl_next_to_the_plate_and_place_it_on_the_plate,demo_16,0,agentview,plate_1,is_in_front_of,akita_black_bowl_1
pick_up_the_black_bowl_next_to_the_plate_and_place_it_on_the_plate,demo_16,0,agentview,akita_black_bowl_1,is_left_of,wooden_cabinet_1
pick_up_the_black_bowl_next_to_the_plate_and_place_it_on_the_plate,demo_16,0,agentview,wooden_cabinet_1,is_right_of,akita_black_bowl_1
pick_up_the_black_bowl_next_to_the_plate_and_place_it_on_the_plate,demo_16,0,agentview,akita_black_bowl_1,is_left_of,flat_stove_1
pick_up_the_black_bowl_next_to_the_plate_and_place_it_on_the_plate,demo_16,0,agentview,flat_stove_1,is_right_of,akita_black_bowl_1
pick_up_the_black_bowl_next_to_the_plate_and_place_it_on_the_plate,demo_16,0,agentview,akita_black_bowl_2,is_left_of,cookies_1
pick_up_the_black_bowl_next_to_the_plate_and_place_it_on_the_plate,demo_16,0,agentview,cookies_1,is_right_of,akita_black_bowl_2
pick_up_the_black_bowl_next_to_the_plate_and_place_it_on_the_plate,demo_16,0,agentview,akita_black_bowl_2,is_left_of,glazed_rim_porcelain_ramekin_1
pick_up_the_black_bowl_next_to_the_plate_and_place_it_on_the_plate,demo_16,0,agentview,glazed_rim_porcelain_ramekin_1,is_right_of,akita_black_bowl_2
pick_up_the_black_bowl_next_to_the_plate_and_place_it_on_the_plate,demo_16,0,agentview,akita_black_bowl_2,is_left_of,plate_1
pick_up_the_black_bowl_next_to_the_plate_and_place_it_on_the_plate,demo_16,0,agentview,plate_1,is_right_of,akita_black_bowl_2
pick_up_the_black_bowl_next_to_the_plate_and_place_it_on_the_plate,demo_16,0,agentview,akita_black_bowl_2,is_left_of,wooden_cabinet_1
pick_up_the_black_bowl_next_to_the_plate_and_place_it_on_the_plate,demo_16,0,agentview,wooden_cabinet_1,is_right_of,akita_black_bowl_2
pick_up_the_black_bowl_next_to_the_plate_and_place_it_on_the_plate,demo_16,0,agentview,akita_black_bowl_2,is_left_of,flat_stove_1
pick_up_the_black_bowl_next_to_the_plate_and_place_it_on_the_plate,demo_16,0,agentview,flat_stove_1,is_right_of,akita_black_bowl_2
pick_up_the_black_bowl_next_to_the_plate_and_place_it_on_the_plate,demo_16,0,agentview,cookies_1,is_in_front_of,glazed_rim_porcelain_ramekin_1
pick_up_the_black_bowl_next_to_the_plate_and_place_it_on_the_plate,demo_16,0,agentview,glazed_rim_porcelain_ramekin_1,is_behind,cookies_1
pick_up_the_black_bowl_next_to_the_plate_and_place_it_on_the_plate,demo_16,0,agentview,cookies_1,is_right_of,plate_1
pick_up_the_black_bowl_next_to_the_plate_and_place_it_on_the_plate,demo_16,0,agentview,plate_1,is_left_of,cookies_1
pick_up_the_black_bowl_next_to_the_plate_and_place_it_on_the_plate,demo_16,0,agentview,cookies_1,is_left_of,wooden_cabinet_1
pick_up_the_black_bowl_next_to_the_plate_and_place_it_on_the_plate,demo_16,0,agentview,wooden_cabinet_1,is_right_of,cookies_1
pick_up_the_black_bowl_next_to_the_plate_and_place_it_on_the_plate,demo_16,0,agentview,cookies_1,is_in_front_of,flat_stove_1
pick_up_the_black_bowl_next_to_the_plate_and_place_it_on_the_plate,demo_16,0,agentview,flat_stove_1,is_behind,cookies_1
pick_up_the_black_bowl_next_to_the_plate_and_place_it_on_the_plate,demo_16,0,agentview,glazed_rim_porcelain_ramekin_1,is_behind,plate_1
pick_up_the_black_bowl_next_to_the_plate_and_place_it_on_the_plate,demo_16,0,agentview,plate_1,is_in_front_of,glazed_rim_porcelain_ramekin_1
pick_up_the_black_bowl_next_to_the_plate_and_place_it_on_the_plate,demo_16,0,agentview,glazed_rim_porcelain_ramekin_1,is_left_of,wooden_cabinet_1
pick_up_the_black_bowl_next_to_the_plate_and_place_it_on_the_plate,demo_16,0,agentview,wooden_cabinet_1,is_right_of,glazed_rim_porcelain_ramekin_1
pick_up_the_black_bowl_next_to_the_plate_and_place_it_on_the_plate,demo_16,0,agentview,glazed_rim_porcelain_ramekin_1,is_left_of,flat_stove_1
pick_up_the_black_bowl_next_to_the_plate_and_place_it_on_the_plate,demo_16,0,agentview,flat_stove_1,is_right_of,glazed_rim_porcelain_ramekin_1
pick_up_the_black_bowl_next_to_the_plate_and_place_it_on_the_plate,demo_16,0,agentview,plate_1,is_left_of,wooden_cabinet_1
pick_up_the_black_bowl_next_to_the_plate_and_place_it_on_the_plate,demo_16,0,agentview,wooden_cabinet_1,is_right_of,plate_1
pick_up_the_black_bowl_next_to_the_plate_and_place_it_on_the_plate,demo_16,0,agentview,plate_1,is_left_of,flat_stove_1
pick_up_the_black_bowl_next_to_the_plate_and_place_it_on_the_plate,demo_16,0,agentview,flat_stove_1,is_right_of,plate_1
pick_up_the_black_bowl_next_to_the_plate_and_place_it_on_the_plate,demo_16,0,agentview,wooden_cabinet_1,is_right_of,flat_stove_1
pick_up_the_black_bowl_next_to_the_plate_and_place_it_on_the_plate,demo_16,0,agentview,flat_stove_1,is_left_of,wooden_cabinet_1
pick_up_the_black_bowl_next_to_the_plate_and_place_it_on_the_plate,demo_16,5,agentview,akita_black_bowl_1,is_behind,akita_black_bowl_2
pick_up_the_black_bowl_next_to_the_plate_and_place_it_on_the_plate,demo_16,5,agentview,akita_black_bowl_2,is_in_front_of,akita_black_bowl_1
pick_up_the_black_bowl_next_to_the_plate_and_place_it_on_the_plate,demo_16,5,agentview,akita_black_bowl_1,is_left_of,cookies_1
pick_up_the_black_bowl_next_to_the_plate_and_place_it_on_the_plate,demo_16,5,agentview,cookies_1,is_right_of,akita_black_bowl_1
pick_up_the_black_bowl_next_to_the_plate_and_place_it_on_the_plate,demo_16,5,agentview,akita_black_bowl_1,is_left_of,glazed_rim_porcelain_ramekin_1
pick_up_the_black_bowl_next_to_the_plate_and_place_it_on_the_plate,demo_16,5,agentview,glazed_rim_porcelain_ramekin_1,is_right_of,akita_black_bowl_1
pick_up_the_black_bowl_next_to_the_plate_and_place_it_on_the_plate,demo_16,5,agentview,akita_black_bowl_1,is_behind,plate_1
pick_up_the_black_bowl_next_to_the_plate_and_place_it_on_the_plate,demo_16,5,agentview,plate_1,is_in_front_of,akita_black_bowl_1
pick_up_the_black_bowl_next_to_the_plate_and_place_it_on_the_plate,demo_16,5,agentview,akita_black_bowl_1,is_left_of,wooden_cabinet_1
pick_up_the_black_bowl_next_to_the_plate_and_place_it_on_the_plate,demo_16,5,agentview,wooden_cabinet_1,is_right_of,akita_black_bowl_1
pick_up_the_black_bowl_next_to_the_plate_and_place_it_on_the_plate,demo_16,5,agentview,akita_black_bowl_1,is_left_of,flat_stove_1
pick_up_the_black_bowl_next_to_the_plate_and_place_it_on_the_plate,demo_16,5,agentview,flat_stove_1,is_right_of,akita_black_bowl_1
pick_up_the_black_bowl_next_to_the_plate_and_place_it_on_the_plate,demo_16,5,agentview,akita_black_bowl_2,is_left_of,cookies_1
pick_up_the_black_bowl_next_to_the_plate_and_place_it_on_the_plate,demo_16,5,agentview,cookies_1,is_right_of,akita_black_bowl_2
pick_up_the_black_bowl_next_to_the_plate_and_place_it_on_the_plate,demo_16,5,agentview,akita_black_bowl_2,is_in_front_of,glazed_rim_porcelain_ramekin_1
pick_up_the_black_bowl_next_to_the_plate_and_place_it_on_the_plate,demo_16,5,agentview,glazed_rim_porcelain_ramekin_1,is_behind,akita_black_bowl_2
pick_up_the_black_bowl_next_to_the_plate_and_place_it_on_the_plate,demo_16,5,agentview,akita_black_bowl_2,is_left_of,plate_1
pick_up_the_black_bowl_next_to_the_plate_and_place_it_on_the_plate,demo_16,5,agentview,plate_1,is_right_of,akita_black_bowl_2
pick_up_the_black_bowl_next_to_the_plate_and_place_it_on_the_plate,demo_16,5,agentview,akita_black_bowl_2,is_left_of,wooden_cabinet_1
pick_up_the_black_bowl_next_to_the_plate_and_place_it_on_the_plate,demo_16,5,agentview,wooden_cabinet_1,is_right_of,akita_black_bowl_2
pick_up_the_black_bowl_next_to_the_plate_and_place_it_on_the_plate,demo_16,5,agentview,akita_black_bowl_2,is_left_of,flat_stove_1
pick_up_the_black_bowl_next_to_the_plate_and_place_it_on_the_plate,demo_16,5,agentview,flat_stove_1,is_right_of,akita_black_bowl_2
pick_up_the_black_bowl_next_to_the_plate_and_place_it_on_the_plate,demo_16,5,agentview,cookies_1,is_in_front_of,glazed_rim_porcelain_ramekin_1
pick_up_the_black_bowl_next_to_the_plate_and_place_it_on_the_plate,demo_16,5,agentview,glazed_rim_porcelain_ramekin_1,is_behind,cookies_1
pick_up_the_black_bowl_next_to_the_plate_and_place_it_on_the_plate,demo_16,5,agentview,cookies_1,is_right_of,plate_1
pick_up_the_black_bowl_next_to_the_plate_and_place_it_on_the_plate,demo_16,5,agentview,plate_1,is_left_of,cookies_1
pick_up_the_black_bowl_next_to_the_plate_and_place_it_on_the_plate,demo_16,5,agentview,cookies_1,is_left_of,wooden_cabinet_1
pick_up_the_black_bowl_next_to_the_plate_and_place_it_on_the_plate,demo_16,5,agentview,wooden_cabinet_1,is_right_of,cookies_1
pick_up_the_black_bowl_next_to_the_plate_and_place_it_on_the_plate,demo_16,5,agentview,cookies_1,is_in_front_of,flat_stove_1
pick_up_the_black_bowl_next_to_the_plate_and_place_it_on_the_plate,demo_16,5,agentview,flat_stove_1,is_behind,cookies_1
pick_up_the_black_bowl_next_to_the_plate_and_place_it_on_the_plate,demo_16,5,agentview,glazed_rim_porcelain_ramekin_1,is_behind,plate_1
pick_up_the_black_bowl_next_to_the_plate_and_place_it_on_the_plate,demo_16,5,agentview,plate_1,is_in_front_of,glazed_rim_porcelain_ramekin_1
pick_up_the_black_bowl_next_to_the_plate_and_place_it_on_the_plate,demo_16,5,agentview,glazed_rim_porcelain_ramekin_1,is_left_of,wooden_cabinet_1
pick_up_the_black_bowl_next_to_the_plate_and_place_it_on_the_plate,demo_16,5,agentview,wooden_cabinet_1,is_right_of,glazed_rim_porcelain_ramekin_1
pick_up_the_black_bowl_next_to_the_plate_and_place_it_on_the_plate,demo_16,5,agentview,glazed_rim_porcelain_ramekin_1,is_left_of,flat_stove_1
pick_up_the_black_bowl_next_to_the_plate_and_place_it_on_the_plate,demo_16,5,agentview,flat_stove_1,is_right_of,glazed_rim_porcelain_ramekin_1
pick_up_the_black_bowl_next_to_the_plate_and_place_it_on_the_plate,demo_16,5,agentview,plate_1,is_left_of,wooden_cabinet_1
pick_up_the_black_bowl_next_to_the_plate_and_place_it_on_the_plate,demo_16,5,agentview,wooden_cabinet_1,is_right_of,plate_1
pick_up_the_black_bowl_next_to_the_plate_and_place_it_on_the_plate,demo_16,5,agentview,plate_1,is_left_of,flat_stove_1
pick_up_the_black_bowl_next_to_the_plate_and_place_it_on_the_plate,demo_16,5,agentview,flat_stove_1,is_right_of,plate_1
pick_up_the_black_bowl_next_to_the_plate_and_place_it_on_the_plate,demo_16,5,agentview,wooden_cabinet_1,is_in_front_of,flat_stove_1
pick_up_the_black_bowl_next_to_the_plate_and_place_it_on_the_plate,demo_16,5,agentview,flat_stove_1,is_behind,wooden_cabinet_1
pick_up_the_black_bowl_next_to_the_plate_and_place_it_on_the_plate,demo_16,10,agentview,akita_black_bowl_1,is_behind,akita_black_bowl_2
pick_up_the_black_bowl_next_to_the_plate_and_place_it_on_the_plate,demo_16,10,agentview,akita_black_bowl_2,is_in_front_of,akita_black_bowl_1
pick_up_the_black_bowl_next_to_the_plate_and_place_it_on_the_plate,demo_16,10,agentview,akita_black_bowl_1,is_left_of,cookies_1
pick_up_the_black_bowl_next_to_the_plate_and_place_it_on_the_plate,demo_16,10,agentview,cookies_1,is_right_of,akita_black_bowl_1
pick_up_the_black_bowl_next_to_the_plate_and_place_it_on_the_plate,demo_16,10,agentview,akita_black_bowl_1,is_left_of,glazed_rim_porcelain_ramekin_1
pick_up_the_black_bowl_next_to_the_plate_and_place_it_on_the_plate,demo_16,10,agentview,glazed_rim_porcelain_ramekin_1,is_right_of,akita_black_bowl_1
pick_up_the_black_bowl_next_to_the_plate_and_place_it_on_the_plate,demo_16,10,agentview,akita_black_bowl_1,is_behind,plate_1
pick_up_the_black_bowl_next_to_the_plate_and_place_it_on_the_plate,demo_16,10,agentview,plate_1,is_in_front_of,akita_black_bowl_1
pick_up_the_black_bowl_next_to_the_plate_and_place_it_on_the_plate,demo_16,10,agentview,akita_black_bowl_1,is_left_of,wooden_cabinet_1
pick_up_the_black_bowl_next_to_the_plate_and_place_it_on_the_plate,demo_16,10,agentview,wooden_cabinet_1,is_right_of,akita_black_bowl_1
pick_up_the_black_bowl_next_to_the_plate_and_place_it_on_the_plate,demo_16,10,agentview,akita_black_bowl_1,is_left_of,flat_stove_1
pick_up_the_black_bowl_next_to_the_plate_and_place_it_on_the_plate,demo_16,10,agentview,flat_stove_1,is_right_of,akita_black_bowl_1
pick_up_the_black_bowl_next_to_the_plate_and_place_it_on_the_plate,demo_16,10,agentview,akita_black_bowl_2,is_left_of,cookies_1
pick_up_the_black_bowl_next_to_the_plate_and_place_it_on_the_plate,demo_16,10,agentview,cookies_1,is_right_of,akita_black_bowl_2
pick_up_the_black_bowl_next_to_the_plate_and_place_it_on_the_plate,demo_16,10,agentview,akita_black_bowl_2,is_in_front_of,glazed_rim_porcelain_ramekin_1
pick_up_the_black_bowl_next_to_the_plate_and_place_it_on_the_plate,demo_16,10,agentview,glazed_rim_porcelain_ramekin_1,is_behind,akita_black_bowl_2
pick_up_the_black_bowl_next_to_the_plate_and_place_it_on_the_plate,demo_16,10,agentview,akita_black_bowl_2,is_left_of,plate_1
pick_up_the_black_bowl_next_to_the_plate_and_place_it_on_the_plate,demo_16,10,agentview,plate_1,is_right_of,akita_black_bowl_2
pick_up_the_black_bowl_next_to_the_plate_and_place_it_on_the_plate,demo_16,10,agentview,akita_black_bowl_2,is_left_of,wooden_cabinet_1
pick_up_the_black_bowl_next_to_the_plate_and_place_it_on_the_plate,demo_16,10,agentview,wooden_cabinet_1,is_right_of,akita_black_bowl_2
pick_up_the_black_bowl_next_to_the_plate_and_place_it_on_the_plate,demo_16,10,agentview,akita_black_bowl_2,is_left_of,flat_stove_1
pick_up_the_black_bowl_next_to_the_plate_and_place_it_on_the_plate,demo_16,10,agentview,flat_stove_1,is_right_of,akita_black_bowl_2
pick_up_the_black_bowl_next_to_the_plate_and_place_it_on_the_plate,demo_16,10,agentview,cookies_1,is_in_front_of,glazed_rim_porcelain_ramekin_1
pick_up_the_black_bowl_next_to_the_plate_and_place_it_on_the_plate,demo_16,10,agentview,glazed_rim_porcelain_ramekin_1,is_behind,cookies_1
pick_up_the_black_bowl_next_to_the_plate_and_place_it_on_the_plate,demo_16,10,agentview,cookies_1,is_right_of,plate_1
pick_up_the_black_bowl_next_to_the_plate_and_place_it_on_the_plate,demo_16,10,agentview,plate_1,is_left_of,cookies_1
pick_up_the_black_bowl_next_to_the_plate_and_place_it_on_the_plate,demo_16,10,agentview,cookies_1,is_left_of,wooden_cabinet_1
pick_up_the_black_bowl_next_to_the_plate_and_place_it_on_the_plate,demo_16,10,agentview,wooden_cabinet_1,is_right_of,cookies_1
pick_up_the_black_bowl_next_to_the_plate_and_place_it_on_the_plate,demo_16,10,agentview,cookies_1,is_in_front_of,flat_stove_1
pick_up_the_black_bowl_next_to_the_plate_and_place_it_on_the_plate,demo_16,10,agentview,flat_stove_1,is_behind,cookies_1
pick_up_the_black_bowl_next_to_the_plate_and_place_it_on_the_plate,demo_16,10,agentview,glazed_rim_porcelain_ramekin_1,is_behind,plate_1
pick_up_the_black_bowl_next_to_the_plate_and_place_it_on_the_plate,demo_16,10,agentview,plate_1,is_in_front_of,glazed_rim_porcelain_ramekin_1
pick_up_the_black_bowl_next_to_the_plate_and_place_it_on_the_plate,demo_16,10,agentview,glazed_rim_porcelain_ramekin_1,is_left_of,wooden_cabinet_1
pick_up_the_black_bowl_next_to_the_plate_and_place_it_on_the_plate,demo_16,10,agentview,wooden_cabinet_1,is_right_of,glazed_rim_porcelain_ramekin_1
pick_up_the_black_bowl_next_to_the_plate_and_place_it_on_the_plate,demo_16,10,agentview,glazed_rim_porcelain_ramekin_1,is_left_of,flat_stove_1
pick_up_the_black_bowl_next_to_the_plate_and_place_it_on_the_plate,demo_16,10,agentview,flat_stove_1,is_right_of,glazed_rim_porcelain_ramekin_1
pick_up_the_black_bowl_next_to_the_plate_and_place_it_on_the_plate,demo_16,10,agentview,plate_1,is_left_of,wooden_cabinet_1
pick_up_the_black_bowl_next_to_the_plate_and_place_it_on_the_plate,demo_16,10,agentview,wooden_cabinet_1,is_right_of,plate_1
pick_up_the_black_bowl_next_to_the_plate_and_place_it_on_the_plate,demo_16,10,agentview,plate_1,is_left_of,flat_stove_1
pick_up_the_black_bowl_next_to_the_plate_and_place_it_on_the_plate,demo_16,10,agentview,flat_stove_1,is_right_of,plate_1
pick_up_the_black_bowl_next_to_the_plate_and_place_it_on_the_plate,demo_16,10,agentview,wooden_cabinet_1,is_in_front_of,flat_stove_1
pick_up_the_black_bowl_next_to_the_plate_and_place_it_on_the_plate,demo_16,10,agentview,flat_stove_1,is_behind,wooden_cabinet_1
pick_up_the_black_bowl_next_to_the_plate_and_place_it_on_the_plate,demo_16,15,agentview,akita_black_bowl_1,is_behind,akita_black_bowl_2
pick_up_the_black_bowl_next_to_the_plate_and_place_it_on_the_plate,demo_16,15,agentview,akita_black_bowl_2,is_in_front_of,akita_black_bowl_1
pick_up_the_black_bowl_next_to_the_plate_and_place_it_on_the_plate,demo_16,15,agentview,akita_black_bowl_1,is_left_of,cookies_1
pick_up_the_black_bowl_next_to_the_plate_and_place_it_on_the_plate,demo_16,15,agentview,cookies_1,is_right_of,akita_black_bowl_1
pick_up_the_black_bowl_next_to_the_plate_and_place_it_on_the_plate,demo_16,15,agentview,akita_black_bowl_1,is_left_of,glazed_rim_porcelain_ramekin_1
pick_up_the_black_bowl_next_to_the_plate_and_place_it_on_the_plate,demo_16,15,agentview,glazed_rim_porcelain_ramekin_1,is_right_of,akita_black_bowl_1
pick_up_the_black_bowl_next_to_the_plate_and_place_it_on_the_plate,demo_16,15,agentview,akita_black_bowl_1,is_behind,plate_1
pick_up_the_black_bowl_next_to_the_plate_and_place_it_on_the_plate,demo_16,15,agentview,plate_1,is_in_front_of,akita_black_bowl_1
pick_up_the_black_bowl_next_to_the_plate_and_place_it_on_the_plate,demo_16,15,agentview,akita_black_bowl_1,is_left_of,wooden_cabinet_1
pick_up_the_black_bowl_next_to_the_plate_and_place_it_on_the_plate,demo_16,15,agentview,wooden_cabinet_1,is_right_of,akita_black_bowl_1
pick_up_the_black_bowl_next_to_the_plate_and_place_it_on_the_plate,demo_16,15,agentview,akita_black_bowl_1,is_left_of,flat_stove_1
pick_up_the_black_bowl_next_to_the_plate_and_place_it_on_the_plate,demo_16,15,agentview,flat_stove_1,is_right_of,akita_black_bowl_1
pick_up_the_black_bowl_next_to_the_plate_and_place_it_on_the_plate,demo_16,15,agentview,akita_black_bowl_2,is_left_of,cookies_1
pick_up_the_black_bowl_next_to_the_plate_and_place_it_on_the_plate,demo_16,15,agentview,cookies_1,is_right_of,akita_black_bowl_2
pick_up_the_black_bowl_next_to_the_plate_and_place_it_on_the_plate,demo_16,15,agentview,akita_black_bowl_2,is_left_of,glazed_rim_porcelain_ramekin_1
pick_up_the_black_bowl_next_to_the_plate_and_place_it_on_the_plate,demo_16,15,agentview,glazed_rim_porcelain_ramekin_1,is_right_of,akita_black_bowl_2
pick_up_the_black_bowl_next_to_the_plate_and_place_it_on_the_plate,demo_16,15,agentview,akita_black_bowl_2,is_left_of,plate_1
pick_up_the_black_bowl_next_to_the_plate_and_place_it_on_the_plate,demo_16,15,agentview,plate_1,is_right_of,akita_black_bowl_2
pick_up_the_black_bowl_next_to_the_plate_and_place_it_on_the_plate,demo_16,15,agentview,akita_black_bowl_2,is_left_of,wooden_cabinet_1
pick_up_the_black_bowl_next_to_the_plate_and_place_it_on_the_plate,demo_16,15,agentview,wooden_cabinet_1,is_right_of,akita_black_bowl_2
pick_up_the_black_bowl_next_to_the_plate_and_place_it_on_the_plate,demo_16,15,agentview,akita_black_bowl_2,is_left_of,flat_stove_1
pick_up_the_black_bowl_next_to_the_plate_and_place_it_on_the_plate,demo_16,15,agentview,flat_stove_1,is_right_of,akita_black_bowl_2
pick_up_the_black_bowl_next_to_the_plate_and_place_it_on_the_plate,demo_16,15,agentview,cookies_1,is_in_front_of,glazed_rim_porcelain_ramekin_1
pick_up_the_black_bowl_next_to_the_plate_and_place_it_on_the_plate,demo_16,15,agentview,glazed_rim_porcelain_ramekin_1,is_behind,cookies_1
pick_up_the_black_bowl_next_to_the_plate_and_place_it_on_the_plate,demo_16,15,agentview,cookies_1,is_right_of,plate_1
pick_up_the_black_bowl_next_to_the_plate_and_place_it_on_the_plate,demo_16,15,agentview,plate_1,is_left_of,cookies_1
pick_up_the_black_bowl_next_to_the_plate_and_place_it_on_the_plate,demo_16,15,agentview,cookies_1,is_left_of,wooden_cabinet_1
pick_up_the_black_bowl_next_to_the_plate_and_place_it_on_the_plate,demo_16,15,agentview,wooden_cabinet_1,is_right_of,cookies_1
pick_up_the_black_bowl_next_to_the_plate_and_place_it_on_the_plate,demo_16,15,agentview,cookies_1,is_in_front_of,flat_stove_1
pick_up_the_black_bowl_next_to_the_plate_and_place_it_on_the_plate,demo_16,15,agentview,flat_stove_1,is_behind,cookies_1
pick_up_the_black_bowl_next_to_the_plate_and_place_it_on_the_plate,demo_16,15,agentview,glazed_rim_porcelain_ramekin_1,is_behind,plate_1
pick_up_the_black_bowl_next_to_the_plate_and_place_it_on_the_plate,demo_16,15,agentview,plate_1,is_in_front_of,glazed_rim_porcelain_ramekin_1
pick_up_the_black_bowl_next_to_the_plate_and_place_it_on_the_plate,demo_16,15,agentview,glazed_rim_porcelain_ramekin_1,is_left_of,wooden_cabinet_1
pick_up_the_black_bowl_next_to_the_plate_and_place_it_on_the_plate,demo_16,15,agentview,wooden_cabinet_1,is_right_of,glazed_rim_porcelain_ramekin_1
pick_up_the_black_bowl_next_to_the_plate_and_place_it_on_the_plate,demo_16,15,agentview,glazed_rim_porcelain_ramekin_1,is_left_of,flat_stove_1
pick_up_the_black_bowl_next_to_the_plate_and_place_it_on_the_plate,demo_16,15,agentview,flat_stove_1,is_right_of,glazed_rim_porcelain_ramekin_1
pick_up_the_black_bowl_next_to_the_plate_and_place_it_on_the_plate,demo_16,20,agentview,akita_black_bowl_1,is_behind,akita_black_bowl_2
pick_up_the_black_bowl_next_to_the_plate_and_place_it_on_the_plate,demo_16,20,agentview,akita_black_bowl_1,is_left_of,cookies_1
pick_up_the_black_bowl_next_to_the_plate_and_place_it_on_the_plate,demo_16,20,agentview,akita_black_bowl_1,is_left_of,glazed_rim_porcelain_ramekin_1
pick_up_the_black_bowl_next_to_the_plate_and_place_it_on_the_plate,demo_16,20,agentview,akita_black_bowl_1,is_behind,plate_1
pick_up_the_black_bowl_next_to_the_plate_and_place_it_on_the_plate,demo_16,20,agentview,akita_black_bowl_1,is_left_of,wooden_cabinet_1
pick_up_the_black_bowl_next_to_the_plate_and_place_it_on_the_plate,demo_16,20,agentview,akita_black_bowl_1,is_left_of,flat_stove_1
pick_up_the_black_bowl_next_to_the_plate_and_place_it_on_the_plate,demo_16,20,agentview,akita_black_bowl_2,is_in_front_of,akita_black_bowl_1
pick_up_the_black_bowl_next_to_the_plate_and_place_it_on_the_plate,demo_16,25,agentview,akita_black_bowl_1,is_behind,akita_black_bowl_2
pick_up_the_black_bowl_next_to_the_plate_and_place_it_on_the_plate,demo_16,25,agentview,akita_black_bowl_2,is_in_front_of,akita_black_bowl_1
pick_up_the_black_bowl_next_to_the_plate_and_place_it_on_the_plate,demo_16,25,agentview,akita_black_bowl_1,is_left_of,cookies_1
pick_up_the_black_bowl_next_to_the_plate_and_place_it_on_the_plate,demo_16,25,agentview,cookies_1,is_right_of,akita_black_bowl_1
pick_up_the_black_bowl_next_to_the_plate_and_place_it_on_the_plate,demo_16,25,agentview,akita_black_bowl_1,is_left_of,glazed_rim_porcelain_ramekin_1
pick_up_the_black_bowl_next_to_the_plate_and_place_it_on_the_plate,demo_16,25,agentview,glazed_rim_porcelain_ramekin_1,is_right_of,akita_black_bowl_1
pick_up_the_black_bowl_next_to_the_plate_and_place_it_on_the_plate,demo_16,25,agentview,akita_black_bowl_1,is_behind,plate_1
pick_up_the_black_bowl_next_to_the_plate_and_place_it_on_the_plate,demo_16,25,agentview,plate_1,is_in_front_of,akita_black_bowl_1
pick_up_the_black_bowl_next_to_the_plate_and_place_it_on_the_plate,demo_16,25,agentview,akita_black_bowl_1,is_left_of,wooden_cabinet_1
pick_up_the_black_bowl_next_to_the_plate_and_place_it_on_the_plate,demo_16,25,agentview,wooden_cabinet_1,is_right_of,akita_black_bowl_1
pick_up_the_black_bowl_next_to_the_plate_and_place_it_on_the_plate,demo_16,25,agentview,akita_black_bowl_1,is_left_of,flat_stove_1
pick_up_the_black_bowl_next_to_the_plate_and_place_it_on_the_plate,demo_16,25,agentview,flat_stove_1,is_right_of,akita_black_bowl_1
pick_up_the_black_bowl_next_to_the_plate_and_place_it_on_the_plate,demo_16,25,agentview,akita_black_bowl_2,is_left_of,cookies_1
pick_up_the_black_bowl_next_to_the_plate_and_place_it_on_the_plate,demo_16,25,agentview,cookies_1,is_right_of,akita_black_bowl_2
pick_up_the_black_bowl_next_to_the_plate_and_place_it_on_the_plate,demo_16,25,agentview,akita_black_bowl_2,is_left_of,glazed_rim_porcelain_ramekin_1
pick_up_the_black_bowl_next_to_the_plate_and_place_it_on_the_plate,demo_16,25,agentview,glazed_rim_porcelain_ramekin_1,is_right_of,akita_black_bowl_2
pick_up_the_black_bowl_next_to_the_plate_and_place_it_on_the_plate,demo_16,25,agentview,akita_black_bowl_2,is_left_of,plate_1
pick_up_the_black_bowl_next_to_the_plate_and_place_it_on_the_plate,demo_16,25,agentview,plate_1,is_right_of,akita_black_bowl_2
pick_up_the_black_bowl_next_to_the_plate_and_place_it_on_the_plate,demo_16,25,agentview,akita_black_bowl_2,is_left_of,wooden_cabinet_1
pick_up_the_black_bowl_next_to_the_plate_and_place_it_on_the_plate,demo_16,25,agentview,wooden_cabinet_1,is_right_of,akita_black_bowl_2
pick_up_the_black_bowl_next_to_the_plate_and_place_it_on_the_plate,demo_16,25,agentview,akita_black_bowl_2,is_left_of,flat_stove_1
pick_up_the_black_bowl_next_to_the_plate_and_place_it_on_the_plate,demo_16,25,agentview,flat_stove_1,is_right_of,akita_black_bowl_2
pick_up_the_black_bowl_next_to_the_plate_and_place_it_on_the_plate,demo_16,25,agentview,cookies_1,is_in_front_of,glazed_rim_porcelain_ramekin_1
pick_up_the_black_bowl_next_to_the_plate_and_place_it_on_the_plate,demo_16,25,agentview,glazed_rim_porcelain_ramekin_1,is_behind,cookies_1
pick_up_the_black_bowl_next_to_the_plate_and_place_it_on_the_plate,demo_16,25,agentview,cookies_1,is_right_of,plate_1
pick_up_the_black_bowl_next_to_the_plate_and_place_it_on_the_plate,demo_16,25,agentview,plate_1,is_left_of,cookies_1
pick_up_the_black_bowl_next_to_the_plate_and_place_it_on_the_plate,demo_16,25,agentview,cookies_1,is_left_of,wooden_cabinet_1
pick_up_the_black_bowl_next_to_the_plate_and_place_it_on_the_plate,demo_16,25,agentview,wooden_cabinet_1,is_right_of,cookies_1
pick_up_the_black_bowl_next_to_the_plate_and_place_it_on_the_plate,demo_16,25,agentview,cookies_1,is_in_front_of,flat_stove_1
pick_up_the_black_bowl_next_to_the_plate_and_place_it_on_the_plate,demo_16,25,agentview,flat_stove_1,is_behind,cookies_1
pick_up_the_black_bowl_next_to_the_plate_and_place_it_on_the_plate,demo_16,25,agentview,glazed_rim_porcelain_ramekin_1,is_behind,plate_1
pick_up_the_black_bowl_next_to_the_plate_and_place_it_on_the_plate,demo_16,25,agentview,plate_1,is_in_front_of,glazed_rim_porcelain_ramekin_1
pick_up_the_black_bowl_next_to_the_plate_and_place_it_on_the_plate,demo_16,25,agentview,glazed_rim_porcelain_ramekin_1,is_left_of,wooden_cabinet_1
pick_up_the_black_bowl_next_to_the_plate_and_place_it_on_the_plate,demo_16,25,agentview,wooden_cabinet_1,is_right_of,glazed_rim_porcelain_ramekin_1
pick_up_the_black_bowl_next_to_the_plate_and_place_it_on_the_plate,demo_16,25,agentview,glazed_rim_porcelain_ramekin_1,is_left_of,flat_stove_1
pick_up_the_black_bowl_next_to_the_plate_and_place_it_on_the_plate,demo_16,25,agentview,flat_stove_1,is_right_of,glazed_rim_porcelain_ramekin_1
pick_up_the_black_bowl_next_to_the_plate_and_place_it_on_the_plate,demo_16,25,agentview,plate_1,is_left_of,wooden_cabinet_1
pick_up_the_black_bowl_next_to_the_plate_and_place_it_on_the_plate,demo_16,25,agentview,wooden_cabinet_1,is_right_of,plate_1
pick_up_the_black_bowl_next_to_the_plate_and_place_it_on_the_plate,demo_16,25,agentview,plate_1,is_left_of,flat_stove_1
pick_up_the_black_bowl_next_to_the_plate_and_place_it_on_the_plate,demo_16,25,agentview,flat_stove_1,is_right_of,plate_1
pick_up_the_black_bowl_next_to_the_plate_and_place_it_on_the_plate,demo_16,25,agentview,wooden_cabinet_1,is_right_of,flat_stove_1
pick_up_the_black_bowl_next_to_the_plate_and_place_it_on_the_plate,demo_16,25,agentview,flat_stove_1,is_left_of,wooden_cabinet_1
pick_up_the_black_bowl_next_to_the_plate_and_place_it_on_the_plate,demo_16,30,agentview,akita_black_bowl_1,is_in_front_of,akita_black_bowl_2
pick_up_the_black_bowl_next_to_the_plate_and_place_it_on_the_plate,demo_16,30,agentview,akita_black_bowl_2,is_behind,akita_black_bowl_1
pick_up_the_black_bowl_next_to_the_plate_and_place_it_on_the_plate,demo_16,30,agentview,akita_black_bowl_1,is_left_of,cookies_1
pick_up_the_black_bowl_next_to_the_plate_and_place_it_on_the_plate,demo_16,30,agentview,cookies_1,is_right_of,akita_black_bowl_1
pick_up_the_black_bowl_next_to_the_plate_and_place_it_on_the_plate,demo_16,30,agentview,akita_black_bowl_1,is_in_front_of,glazed_rim_porcelain_ramekin_1
pick_up_the_black_bowl_next_to_the_plate_and_place_it_on_the_plate,demo_16,30,agentview,glazed_rim_porcelain_ramekin_1,is_behind,akita_black_bowl_1
pick_up_the_black_bowl_next_to_the_plate_and_place_it_on_the_plate,demo_16,30,agentview,akita_black_bowl_1,is_left_of,plate_1
pick_up_the_black_bowl_next_to_the_plate_and_place_it_on_the_plate,demo_16,30,agentview,plate_1,is_right_of,akita_black_bowl_1
pick_up_the_black_bowl_next_to_the_plate_and_place_it_on_the_plate,demo_16,30,agentview,akita_black_bowl_1,is_left_of,wooden_cabinet_1
pick_up_the_black_bowl_next_to_the_plate_and_place_it_on_the_plate,demo_16,30,agentview,wooden_cabinet_1,is_right_of,akita_black_bowl_1
pick_up_the_black_bowl_next_to_the_plate_and_place_it_on_the_plate,demo_16,30,agentview,akita_black_bowl_1,is_left_of,flat_stove_1
pick_up_the_black_bowl_next_to_the_plate_and_place_it_on_the_plate,demo_16,30,agentview,flat_stove_1,is_right_of,akita_black_bowl_1
pick_up_the_black_bowl_next_to_the_plate_and_place_it_on_the_plate,demo_16,30,agentview,akita_black_bowl_2,is_behind,cookies_1
pick_up_the_black_bowl_next_to_the_plate_and_place_it_on_the_plate,demo_16,30,agentview,cookies_1,is_in_front_of,akita_black_bowl_2
pick_up_the_black_bowl_next_to_the_plate_and_place_it_on_the_plate,demo_16,30,agentview,akita_black_bowl_2,is_left_of,glazed_rim_porcelain_ramekin_1
pick_up_the_black_bowl_next_to_the_plate_and_place_it_on_the_plate,demo_16,30,agentview,glazed_rim_porcelain_ramekin_1,is_right_of,akita_black_bowl_2
pick_up_the_black_bowl_next_to_the_plate_and_place_it_on_the_plate,demo_16,30,agentview,akita_black_bowl_2,is_behind,plate_1
pick_up_the_black_bowl_next_to_the_plate_and_place_it_on_the_plate,demo_16,30,agentview,plate_1,is_in_front_of,akita_black_bowl_2
pick_up_the_black_bowl_next_to_the_plate_and_place_it_on_the_plate,demo_16,30,agentview,akita_black_bowl_2,is_left_of,wooden_cabinet_1
pick_up_the_black_bowl_next_to_the_plate_and_place_it_on_the_plate,demo_16,30,agentview,wooden_cabinet_1,is_right_of,akita_black_bowl_2
pick_up_the_black_bowl_next_to_the_plate_and_place_it_on_the_plate,demo_16,30,agentview,akita_black_bowl_2,is_left_of,flat_stove_1
pick_up_the_black_bowl_next_to_the_plate_and_place_it_on_the_plate,demo_16,30,agentview,flat_stove_1,is_right_of,akita_black_bowl_2
pick_up_the_black_bowl_next_to_the_plate_and_place_it_on_the_plate,demo_16,30,agentview,cookies_1,is_in_front_of,glazed_rim_porcelain_ramekin_1
pick_up_the_black_bowl_next_to_the_plate_and_place_it_on_the_plate,demo_16,30,agentview,glazed_rim_porcelain_ramekin_1,is_behind,cookies_1
pick_up_the_black_bowl_next_to_the_plate_and_place_it_on_the_plate,demo_16,30,agentview,cookies_1,is_right_of,plate_1
pick_up_the_black_bowl_next_to_the_plate_and_place_it_on_the_plate,demo_16,30,agentview,plate_1,is_left_of,cookies_1
pick_up_the_black_bowl_next_to_the_plate_and_place_it_on_the_plate,demo_16,30,agentview,cookies_1,is_left_of,wooden_cabinet_1
pick_up_the_black_bowl_next_to_the_plate_and_place_it_on_the_plate,demo_16,30,agentview,wooden_cabinet_1,is_right_of,cookies_1
pick_up_the_black_bowl_next_to_the_plate_and_place_it_on_the_plate,demo_16,30,agentview,cookies_1,is_in_front_of,flat_stove_1
pick_up_the_black_bowl_next_to_the_plate_and_place_it_on_the_plate,demo_16,30,agentview,flat_stove_1,is_behind,cookies_1
pick_up_the_black_bowl_next_to_the_plate_and_place_it_on_the_plate,demo_16,30,agentview,glazed_rim_porcelain_ramekin_1,is_behind,plate_1
pick_up_the_black_bowl_next_to_the_plate_and_place_it_on_the_plate,demo_16,30,agentview,plate_1,is_in_front_of,glazed_rim_porcelain_ramekin_1
pick_up_the_black_bowl_next_to_the_plate_and_place_it_on_the_plate,demo_16,30,agentview,glazed_rim_porcelain_ramekin_1,is_left_of,wooden_cabinet_1
pick_up_the_black_bowl_next_to_the_plate_and_place_it_on_the_plate,demo_16,30,agentview,wooden_cabinet_1,is_right_of,glazed_rim_porcelain_ramekin_1
pick_up_the_black_bowl_next_to_the_plate_and_place_it_on_the_plate,demo_16,30,agentview,glazed_rim_porcelain_ramekin_1,is_left_of,flat_stove_1
pick_up_the_black_bowl_next_to_the_plate_and_place_it_on_the_plate,demo_16,30,agentview,flat_stove_1,is_right_of,glazed_rim_porcelain_ramekin_1
pick_up_the_black_bowl_next_to_the_plate_and_place_it_on_the_plate,demo_16,30,agentview,plate_1,is_left_of,wooden_cabinet_1
pick_up_the_black_bowl_next_to_the_plate_and_place_it_on_the_plate,demo_16,30,agentview,wooden_cabinet_1,is_right_of,plate_1
pick_up_the_black_bowl_next_to_the_plate_and_place_it_on_the_plate,demo_16,30,agentview,plate_1,is_left_of,flat_stove_1
pick_up_the_black_bowl_next_to_the_plate_and_place_it_on_the_plate,demo_16,30,agentview,flat_stove_1,is_right_of,plate_1
pick_up_the_black_bowl_next_to_the_plate_and_place_it_on_the_plate,demo_16,30,agentview,wooden_cabinet_1,is_right_of,flat_stove_1
pick_up_the_black_bowl_next_to_the_plate_and_place_it_on_the_plate,demo_16,30,agentview,flat_stove_1,is_left_of,wooden_cabinet_1
pick_up_the_black_bowl_next_to_the_plate_and_place_it_on_the_plate,demo_16,35,agentview,akita_black_bowl_1,is_behind,akita_black_bowl_2
pick_up_the_black_bowl_next_to_the_plate_and_place_it_on_the_plate,demo_16,35,agentview,akita_black_bowl_1,is_behind,cookies_1
pick_up_the_black_bowl_next_to_the_plate_and_place_it_on_the_plate,demo_16,35,agentview,akita_black_bowl_1,is_right_of,glazed_rim_porcelain_ramekin_1
pick_up_the_black_bowl_next_to_the_plate_and_place_it_on_the_plate,demo_16,35,agentview,akita_black_bowl_1,is_behind,plate_1
pick_up_the_black_bowl_next_to_the_plate_and_place_it_on_the_plate,demo_16,35,agentview,akita_black_bowl_1,is_left_of,wooden_cabinet_1
pick_up_the_black_bowl_next_to_the_plate_and_place_it_on_the_plate,demo_16,35,agentview,akita_black_bowl_1,is_on_top_of,flat_stove_1
pick_up_the_black_bowl_next_to_the_plate_and_place_it_on_the_plate,demo_16,35,agentview,akita_black_bowl_2,is_in_front_of,akita_black_bowl_1
pick_up_the_black_bowl_next_to_the_plate_and_place_it_on_the_plate,demo_16,35,agentview,akita_black_bowl_2,is_left_of,cookies_1
pick_up_the_black_bowl_next_to_the_plate_and_place_it_on_the_plate,demo_16,35,agentview,akita_black_bowl_2,is_in_front_of,glazed_rim_porcelain_ramekin_1
pick_up_the_black_bowl_next_to_the_plate_and_place_it_on_the_plate,demo_16,35,agentview,akita_black_bowl_2,is_left_of,plate_1
pick_up_the_black_bowl_next_to_the_plate_and_place_it_on_the_plate,demo_16,35,agentview,akita_black_bowl_2,is_left_of,wooden_cabinet_1
pick_up_the_black_bowl_next_to_the_plate_and_place_it_on_the_plate,demo_16,35,agentview,akita_black_bowl_2,is_in_front_of,flat_stove_1
pick_up_the_black_bowl_next_to_the_plate_and_place_it_on_the_plate,demo_16,35,agentview,cookies_1,is_in_front_of,akita_black_bowl_1
pick_up_the_black_bowl_next_to_the_plate_and_place_it_on_the_plate,demo_16,35,agentview,cookies_1,is_right_of,akita_black_bowl_2
pick_up_the_black_bowl_next_to_the_plate_and_place_it_on_the_plate,demo_16,35,agentview,cookies_1,is_in_front_of,glazed_rim_porcelain_ramekin_1
pick_up_the_black_bowl_next_to_the_plate_and_place_it_on_the_plate,demo_16,35,agentview,cookies_1,is_right_of,plate_1
pick_up_the_black_bowl_next_to_the_plate_and_place_it_on_the_plate,demo_16,35,agentview,cookies_1,is_left_of,wooden_cabinet_1
pick_up_the_black_bowl_next_to_the_plate_and_place_it_on_the_plate,demo_16,35,agentview,cookies_1,is_in_front_of,flat_stove_1
pick_up_the_black_bowl_next_to_the_plate_and_place_it_on_the_plate,demo_16,35,agentview,glazed_rim_porcelain_ramekin_1,is_left_of,akita_black_bowl_1
pick_up_the_black_bowl_next_to_the_plate_and_place_it_on_the_plate,demo_16,35,agentview,glazed_rim_porcelain_ramekin_1,is_behind,akita_black_bowl_2
pick_up_the_black_bowl_next_to_the_plate_and_place_it_on_the_plate,demo_16,35,agentview,glazed_rim_porcelain_ramekin_1,is_behind,cookies_1
pick_up_the_black_bowl_next_to_the_plate_and_place_it_on_the_plate,demo_16,35,agentview,glazed_rim_porcelain_ramekin_1,is_behind,plate_1
pick_up_the_black_bowl_next_to_the_plate_and_place_it_on_the_plate,demo_16,35,agentview,glazed_rim_porcelain_ramekin_1,is_left_of,wooden_cabinet_1
pick_up_the_black_bowl_next_to_the_plate_and_place_it_on_the_plate,demo_16,35,agentview,glazed_rim_porcelain_ramekin_1,is_left_of,flat_stove_1
pick_up_the_black_bowl_next_to_the_plate_and_place_it_on_the_plate,demo_16,35,agentview,plate_1,is_in_front_of,akita_black_bowl_1
pick_up_the_black_bowl_next_to_the_plate_and_place_it_on_the_plate,demo_16,35,agentview,plate_1,is_right_of,akita_black_bowl_2
pick_up_the_black_bowl_next_to_the_plate_and_place_it_on_the_plate,demo_16,35,agentview,plate_1,is_left_of,cookies_1
pick_up_the_black_bowl_next_to_the_plate_and_place_it_on_the_plate,demo_16,35,agentview,plate_1,is_in_front_of,glazed_rim_porcelain_ramekin_1
pick_up_the_black_bowl_next_to_the_plate_and_place_it_on_the_plate,demo_16,35,agentview,plate_1,is_left_of,wooden_cabinet_1
pick_up_the_black_bowl_next_to_the_plate_and_place_it_on_the_plate,demo_16,35,agentview,plate_1,is_in_front_of,flat_stove_1
pick_up_the_black_bowl_next_to_the_plate_and_place_it_on_the_plate,demo_16,35,agentview,wooden_cabinet_1,is_right_of,akita_black_bowl_1
pick_up_the_black_bowl_next_to_the_plate_and_place_it_on_the_plate,demo_16,35,agentview,wooden_cabinet_1,is_right_of,akita_black_bowl_2
pick_up_the_black_bowl_next_to_the_plate_and_place_it_on_the_plate,demo_16,35,agentview,wooden_cabinet_1,is_right_of,cookies_1
pick_up_the_black_bowl_next_to_the_plate_and_place_it_on_the_plate,demo_16,35,agentview,wooden_cabinet_1,is_right_of,glazed_rim_porcelain_ramekin_1
pick_up_the_black_bowl_next_to_the_plate_and_place_it_on_the_plate,demo_16,35,agentview,wooden_cabinet_1,is_right_of,plate_1
pick_up_the_black_bowl_next_to_the_plate_and_place_it_on_the_plate,demo_16,35,agentview,wooden_cabinet_1,is_right_of,flat_stove_1
pick_up_the_black_bowl_next_to_the_plate_and_place_it_on_the_plate,demo_16,35,agentview,flat_stove_1,is_below_of,akita_black_bowl_1
pick_up_the_black_bowl_next_to_the_plate_and_place_it_on_the_plate,demo_16,35,agentview,flat_stove_1,is_behind,akita_black_bowl_2
pick_up_the_black_bowl_next_to_the_plate_and_place_it_on_the_plate,demo_16,35,agentview,flat_stove_1,is_behind,cookies_1
pick_up_the_black_bowl_next_to_the_plate_and_place_it_on_the_plate,demo_16,35,agentview,flat_stove_1,is_right_of,glazed_rim_porcelain_ramekin_1
pick_up_the_black_bowl_next_to_the_plate_and_place_it_on_the_plate,demo_16,35,agentview,flat_stove_1,is_behind,plate_1
pick_up_the_black_bowl_next_to_the_plate_and_place_it_on_the_plate,demo_16,35,agentview,flat_stove_1,is_left_of,wooden_cabinet_1
pick_up_the_black_bowl_next_to_the_plate_and_place_it_on_the_plate,demo_16,40,agentview,akita_black_bowl_1,contains,glazed_rim_porcelain_ramekin_1
pick_up_the_black_bowl_next_to_the_plate_and_place_it_on_the_plate,demo_16,40,agentview,glazed_rim_porcelain_ramekin_1,is_inside,akita_black_bowl_1
pick_up_the_black_bowl_next_to_the_plate_and_place_it_on_the_plate,demo_16,40,agentview,akita_black_bowl_1,is_left_of,plate_1
pick_up_the_black_bowl_next_to_the_plate_and_place_it_on_the_plate,demo_16,40,agentview,plate_1,is_right_of,akita_black_bowl_1
pick_up_the_black_bowl_next_to_the_plate_and_place_it_on_the_plate,demo_16,40,agentview,akita_black_bowl_1,is_left_of,cookies_1
pick_up_the_black_bowl_next_to_the_plate_and_place_it_on_the_plate,demo_16,40,agentview,cookies_1,is_right_of,akita_black_bowl_1
pick_up_the_black_bowl_next_to_the_plate_and_place_it_on_the_plate,demo_16,40,agentview,akita_black_bowl_1,is_left_of,flat_stove_1
pick_up_the_black_bowl_next_to_the_plate_and_place_it_on_the_plate,demo_16,40,agentview,flat_stove_1,is_right_of,akita_
pick_up_the_black_bowl_next_to_the_plate_and_place_it_on_the_plate,demo_16,45,agentview,akita_black_bowl_1,is_right_of,akita_black_bowl_2
pick_up_the_black_bowl_next_to_the_plate_and_place_it_on_the_plate,demo_16,45,agentview,akita_black_bowl_2,is_left_of,akita_black_bowl_1
pick_up_the_black_bowl_next_to_the_plate_and_place_it_on_the_plate,demo_16,45,agentview,akita_black_bowl_1,is_behind,cookies_1
pick_up_the_black_bowl_next_to_the_plate_and_place_it_on_the_plate,demo_16,45,agentview,cookies_1,is_in_front_of,akita_black_bowl_1
pick_up_the_black_bowl_next_to_the_plate_and_place_it_on_the_plate,demo_16,45,agentview,akita_black_bowl_1,is_right_of,plate_1
pick_up_the_black_bowl_next_to_the_plate_and_place_it_on_the_plate,demo_16,45,agentview,plate_1,is_left_of,akita_black_bowl_1
pick_up_the_black_bowl_next_to_the_plate_and_place_it_on_the_plate,demo_16,45,agentview,akita_black_bowl_1,is_left_of,wooden_cabinet_1
pick_up_the_black_bowl_next_to_the_plate_and_place_it_on_the_plate,demo_16,45,agentview,wooden_cabinet_1,is_right_of,akita_black_bowl
pick_up_the_black_bowl_next_to_the_plate_and_place_it_on_the_plate,demo_16,50,agentview,akita_black_bowl_1,is_left_of,akita_black_bowl_2
pick_up_the_black_bowl_next_to_the_plate_and_place_it_on_the_plate,demo_16,50,agentview,akita_black_bowl_2,is_right_of,akita_black_bowl_1
pick_up_the_black_bowl_next_to_the_plate_and_place_it_on_the_plate,demo_16,50,agentview,akita_black_bowl_1,is_left_of,cookies_1
pick_up_the_black_bowl_next_to_the_plate_and_place_it_on_the_plate,demo_16,50,agentview,cookies_1,is_right_of,akita_black_bowl_1
pick_up_the_black_bowl_next_to_the_plate_and_place_it_on_the_plate,demo_16,50,agentview,akita_black_bowl_1,is_left_of,glazed_rim_porcelain_ramekin_1
pick_up_the_black_bowl_next_to_the_plate_and_place_it_on_the_plate,demo_16,50,agentview,glazed_rim_porcelain_ramekin_1,is_right_of,akita_black_bowl_1
pick_up_the_black_bowl_next_to_the_plate_and_place_it_on_the_plate,demo_16,50,agentview,akita_black_bowl_1,is_behind,plate_1
pick_up_the_black_bowl_next_to_the_plate_and_place_it_on_the_plate,demo_16,55,agentview,akita_black_bowl_1,is_left_of,akita_black_bowl_2
pick_up_the_black_bowl_next_to_the_plate_and_place_it_on_the_plate,demo_16,55,agentview,akita_black_bowl_2,is_right_of,akita_black_bowl_1
pick_up_the_black_bowl_next_to_the_plate_and_place_it_on_the_plate,demo_16,55,agentview,akita_black_bowl_1,is_left_of,cookies_1
pick_up_the_black_bowl_next_to_the_plate_and_place_it_on_the_plate,demo_16,55,agentview,cookies_1,is_right_of,akita_black_bowl_1
pick_up_the_black_bowl_next_to_the_plate_and_place_it_on_the_plate,demo_16,55,agentview,akita_black_bowl_1,is_left_of,flat_stove_1
pick_up_the_black_bowl_next_to_the_plate_and_place_it_on_the_plate,demo_16,55,agentview,flat_stove_1,is_right_of,akita_black_bowl_1
pick_up_the_black_bowl_next_to_the_plate_and_place_it_on_the_plate,demo_16,55,agentview,akita_black_bowl_1,is_left_of,glazed_rim_porcelain_ramekin_1
pick_up_the_black_bowl_next_to_the_plate_and_place_it_on_the_plate,demo_16,60,agentview,akita_black_bowl_1,is_left_of,akita_black_bowl_2
pick_up_the_black_bowl_next_to_the_plate_and_place_it_on_the_plate,demo_16,60,agentview,akita_black_bowl_2,is_right_of,akita_black_bowl_1
pick_up_the_black_bowl_next_to_the_plate_and_place_it_on_the_plate,demo_16,60,agentview,akita_black_bowl_1,is_left_of,cookies_1
pick_up_the_black_bowl_next_to_the_plate_and_place_it_on_the_plate,demo_16,60,agentview,cookies_1,is_right_of,akita_black_bowl_1
pick_up_the_black_bowl_next_to_the_plate_and_place_it_on_the_plate,demo_16,60,agentview,akita_black_bowl_1,is_behind,plate_1
pick_up_the_black_bowl_next_to_the_plate_and_place_it_on_the_plate,demo_16,60,agentview,plate_1,is_in_front_of,akita_black_bowl_1
pick_up_the_black_bowl_next_to_the_plate_and_place_it_on_the_plate,demo_16,60,agentview,akita_black_bowl_1,is_left_of,wooden_cabinet_1
pick_up_the_black_bowl_next_to_the_plate_and_place_it_on_the_plate,demo_16,60,agentview,wooden_cabinet_1,is_right_of,akita_black_bowl_1
pick_up_the_black_bowl_next_to_the_plate_and_place_it_on_the_plate,demo_16,60,agentview,akita_black_bowl_1,is_left_of,flat_stove_1
pick_up_the_black_bowl_next_to_the_plate_and_place_it_on_the_plate,demo_16,60,agentview,flat_stove_1,is_right_of,akita_black_bowl_1
pick_up_the_black_bowl_next_to_the_plate_and_place_it_on_the_plate,demo_16,60,agentview,akita_black_bowl_2,is_behind,cookies_1
pick_up_the_black_bowl_next_to_the_plate_and_place_it_on_the_plate,demo_16,60,agentview,cookies_1,is_in_front_of,akita_black_bowl_2
pick_up_the_black_bowl_next_to_the_plate_and_place_it_on_the_plate,demo_16,60,agentview,akita_black_bowl_2,is_right_of,plate_1
pick_up_the_black_bowl_next_to_the_plate_and_place_it_on_the_plate,demo_16,60,agentview,plate_1,is_left_of,akita_black_bowl_2
pick_up_the_black_bowl_next_to_the_plate_and_place_it_on_the_plate,demo_16,60,agentview,akita_black_bowl_2,is_left_of,wooden_cabinet_1
pick_up_the_black_bowl_next_to_the_plate_and_place_it_on_the_plate,demo_16,60,agentview,wooden_cabinet_1,is_right_of,akita_black_bowl_2
pick_up_the_black_bowl_next_to_the_plate_and_place_it_on_the_plate,demo_16,60,agentview,akita_black_bowl_2,is_on_top_of,flat_stove_1
pick_up_the_black_bowl_next_to_the_plate_and_place_it_on_the_plate,demo_16,60,agentview,flat_stove_1,is_below_of,akita_black_bowl_2
pick_up_the_black_bowl_next_to_the_plate_and_place_it_on_the_plate,demo_16,60,agentview,cookies_1,is_right_of,plate_1
pick_up_the_black_bowl_next_to_the_plate_and_place_it_on_the_plate,demo_16,60,agentview,plate_1,is_left_of,cookies_1
pick_up_the_black_bowl_next_to_the_plate_and_place_it_on_the_plate,demo_16,60,agentview,cookies_1,is_left_of,wooden_cabinet_1
pick_up_the_black_bowl_next_to_the_plate_and_place_it_on_the_plate,demo_16,60,agentview,wooden_cabinet_1,is_right_of,cookies_1
pick_up_the_black_bowl_next_to_the_plate_and_place_it_on_the_plate,demo_16,60,agentview,cookies_1,is_in_front_of,flat_stove_1
pick_up_the_black_bowl_next_to_the_plate_and_place_it_on_the_plate,demo_16,60,agentview,flat_stove_1,is_behind,cookies_1
pick_up_the_black_bowl_next_to_the_plate_and_place_it_on_the_plate,demo_16,60,agentview,plate_1,is_left_of,wooden_cabinet_1
pick_up_the_black_bowl_next_to_the_plate_and_place_it_on_the_plate,demo_16,60,agentview,wooden_cabinet_1,is_right_of,plate_1
pick_up_the_black_bowl_next_to_the_plate_and_place_it_on_the_plate,demo_16,60,agentview,plate_1,is_left_of,flat_stove_1
pick_up_the_black_bowl_next_to_the_plate_and_place_it_on_the_plate,demo_16,60,agentview,flat_stove_1,is_right_of,plate_1
pick_up_the_black_bowl_next_to_the_plate_and_place_it_on_the_plate,demo_16,60,agentview,wooden_cabinet_1,is_right_of,flat_stove_1
pick_up_the_black_bowl_next_to_the_plate_and_place_it_on_the_plate,demo_16,60,agentview,flat_stove_1,is_left_of,wooden_cabinet_1
pick_up_the_black_bowl_next_to_the_plate_and_place_it_on_the_plate,demo_16,65,agentview,akita_black_bowl_1,is_left_of,akita_black_bowl_2
pick_up_the_black_bowl_next_to_the_plate_and_place_it_on_the_plate,demo_16,65,agentview,akita_black_bowl_2,is_right_of,akita_black_bowl_1
pick_up_the_black_bowl_next_to_the_plate_and_place_it_on_the_plate,demo_16,65,agentview,akita_black_bowl_1,is_left_of,cookies_1
pick_up_the_black_bowl_next_to_the_plate_and_place_it_on_the_plate,demo_16,65,agentview,cookies_1,is_right_of,akita_black_bowl_1
pick_up_the_black_bowl_next_to_the_plate_and_place_it_on_the_plate,demo_16,65,agentview,akita_black_bowl_1,is_left_of,glazed_rim_porcelain_ramekin_1
pick_up_the_black_bowl_next_to_the_plate_and_place_it_on_the_plate,demo_16,65,agentview,glazed_rim_porcelain_ramekin_1,is_right_of,akita_black_bowl_1
pick_up_the_black_bowl_next_to_the_plate_and_place_it_on_the_plate,demo_16,65,agentview,akita_black_bowl_1,is_behind,plate_1
pick_up_the_black_bowl_next_to_the_plate_and_place_it_on_the_plate,demo_16,65,agentview,plate_1,is_in_front_of,akita_black_bowl_1
pick_up_the_black_bowl_next_to_the_plate_and_place_it_on_the_plate,demo_16,65,agentview,akita_black_bowl_1,is_left_of,wooden_cabinet_1
pick_up_the_black_bowl_next_to_the_plate_and_place_it_on_the_plate,demo_16,65,agentview,wooden_cabinet_1,is_right_of,akita_black_bowl_1
pick_up_the_black_bowl_next_to_the_plate_and_place_it_on_the_plate,demo_16,65,agentview,akita_black_bowl_1,is_left_of,flat_stove_1
pick_up_the_black_bowl_next_to_the_plate_and_place_it_on_the_plate,demo_16,65,agentview,flat_stove_1,is_right_of,akita_black_bowl_1
pick_up_the_black_bowl_next_to_the_plate_and_place_it_on_the_plate,demo_16,65,agentview,akita_black_bowl_2,is_behind,cookies_1
pick_up_the_black_bowl_next_to_the_plate_and_place_it_on_the_plate,demo_16,65,agentview,cookies_1,is_in_front_of,akita_black_bowl_2
pick_up_the_black_bowl_next_to_the_plate_and_place_it_on_the_plate,demo_16,65,agentview,akita_black_bowl_2,is_left_of,glazed_rim_porcelain_ramekin_1
pick_up_the_black_bowl_next_to_the_plate_and_place_it_on_the_plate,demo_16,65,agentview,glazed_rim_porcelain_ramekin_1,is_right_of,akita_black_bowl_2
pick_up_the_black_bowl_next_to_the_plate_and_place_it_on_the_plate,demo_16,65,agentview,akita_black_bowl_2,is_right_of,plate_1
pick_up_the_black_bowl_next_to_the_plate_and_place_it_on_the_plate,demo_16,65,agentview,plate_1,is_left_of,akita_black_bowl_2
pick_up_the_black_bowl_next_to_the_plate_and_place_it_on_the_plate,demo_16,65,agentview,akita_black_bowl_2,is_left_of,wooden_cabinet_1
pick_up_the_black_bowl_next_to_the_plate_and_place_it_on_the_plate,demo_16,65,agentview,wooden_cabinet_1,is_right_of,akita_black_bowl_2
pick_up_the_black_bowl_next_to_the_plate_and_place_it_on_the_plate,demo_16,65,agentview,akita_black_bowl_2,is_on_top_of,flat_stove_1
pick_up_the_black_bowl_next_to_the_plate_and_place_it_on_the_plate,demo_16,65,agentview,flat_stove_1,is_below_of,akita_black_bowl_2
pick_up_the_black_bowl_next_to_the_plate_and_place_it_on_the_plate,demo_16,65,agentview,cookies_1,is_left_of,glazed_rim_porcelain_ramekin_1
pick_up_the_black_bowl_next_to_the_plate_and_place_it_on_the_plate,demo_16,65,agentview,glazed_rim_porcelain_ramekin_1,is_right_of,cookies_1
pick_up_the_black_bowl_next_to_the_plate_and_place_it_on_the_plate,demo_16,65,agentview,cookies_1,is_right_of,plate_1
pick_up_the_black_bowl_next_to_the_plate_and_place_it_on_the_plate,demo_16,65,agentview,plate_1,is_left_of,cookies_1
pick_up_the_black_bowl_next_to_the_plate_and_place_it_on_the_plate,demo_16,65,agentview,cookies_1,is_left_of,wooden_cabinet_1
pick_up_the_black_bowl_next_to_the_plate_and_place_it_on_the_plate,demo_16,65,agentview,wooden_cabinet_1,is_right_of,cookies_1
pick_up_the_black_bowl_next_to_the_plate_and_place_it_on_the_plate,demo_16,70,agentview,akita_black_bowl_1,is_on_top_of,flat_stove_1
pick_up_the_black_bowl_next_to_the_plate_and_place_it_on_the_plate,demo_16,70,agentview,flat_stove_1,is_below_of,akita_black_bowl_1
pick_up_the_black_bowl_next_to_the_plate_and_place_it_on_the_plate,demo_16,70,agentview,akita_black_bowl_1,is_right_of,akita_black_bowl_2
pick_up_the_black_bowl_next_to_the_plate_and_place_it_on_the_plate,demo_16,70,agentview,akita_black_bowl_2,is_left_of,akita_black_bowl_1
pick_up_the_black_bowl_next_to_the_plate_and_place_it_on_the_plate,demo_16,70,agentview,akita_black_bowl_1,is_behind,cookies_1
pick_up_the_black_bowl_next_to_the_plate_and_place_it_on_the_plate,demo_16,70,agentview,cookies_1,is_in_front_of,akita_black_bowl_1
pick_up_the_black_bowl_next_to_the_plate_and_place_it_on_the_plate,demo_16,70,agentview,akita_black_bowl_1,is_right_of,plate_1
pick_up_the_black_bowl_next_to_the_plate_and_place_it_on_the_plate,demo_16,70,agentview,plate_1,is_left_of,akita_black_bowl_1
pick_up_the_black_bowl_next_to_the_plate_and_place_it_on_the_plate,demo_16,70,agentview,akita_black_bowl_1,is_left_of,wooden_cabinet_1
pick_up_the_black_bowl_next_to_the_plate_and_place_it_on_the_plate,demo_16,70,agentview,wooden_cabinet_1,is_right_of,akita_black_bowl_1
pick_up_the_black_bowl_next_to_the_plate_and_place_it_on_the_plate,demo_16,70,agentview,akita_black_bowl_2,is_left_of,cookies_1
pick_up_the_black_bowl_next_to_the_plate_and_place_it_on_the_plate,demo_16,75,agentview,plate_1,is_left_of,cookies_1
pick_up_the_black_bowl_next_to_the_plate_and_place_it_on_the_plate,demo_16,75,agentview,cookies_1,is_right_of,plate_1
pick_up_the_black_bowl_next_to_the_plate_and_place_it_on_the_plate,demo_16,75,agentview,plate_1,is_left_of,flat_stove_1
pick_up_the_black_bowl_next_to_the_plate_and_place_it_on_the_plate,demo_16,75,agentview,flat_stove_1,is_right_of,plate_1
pick_up_the_black_bowl_next_to_the_plate_and_place_it_on_the_plate,demo_16,75,agentview,plate_1,is_left_of,akita_black_bowl_1
pick_up_the_black_bowl_next_to_the_plate_and_place_it_on_the_plate,demo_16,75,agentview,akita_black_bowl_1,is_right_of,plate_1
pick_up_the_black_bowl_next_to_the_plate_and_place_it_on_the_plate,demo_16,75,agentview,plate_1,is_left_of,wooden_cabinet_1
pick_up_the_black_bowl_next_to_the_plate_and_place_it_on_the_plate,demo_16,75,agentview,wooden_cabinet_1,is_right_of,plate_1
pick_up_the_black_bowl_next_to_the_plate_and_place_it_on_the_plate,demo_16,75,agentview,cookies_1,is_in_front_of,flat_stove_1
pick_up_the_black_bowl_next_to_the_plate_and_place_it_on_the_plate,demo_16,75,agentview,flat_stove_1,is_behind,cookies_1
pick_up_the_black_bowl_next_to_the_plate_and_place_it_on_the_plate,demo_16,75,agentview,cookies_1,is_in_front_of,akita_black_bowl_1
pick_up_the_black_bowl_next_to_the_plate_and_place_it_on_the_plate,demo_16,75,agentview,akita_black_bowl_1,is_behind,cookies_1
pick_up_the_black_bowl_next_to_the_plate_and_place_it_on_the_plate,demo_16,75,agentview,cookies_1,is_left_of,wooden_cabinet_1
pick_up_the_black_bowl_next_to_the_plate_and_place_it_on_the_plate,demo_16,75,agentview,wooden_cabinet_1,is_right_of,cookies_1
pick_up_the_black_bowl_next_to_the_plate_and_place_it_on_the_plate,demo_16,75,agentview,flat_stove_1,is_left_of,wooden_cabinet_1
pick_up_the_black_bowl_next_to_the_plate_and_place_it_on_the_plate,demo_16,75,agentview,wooden_cabinet_1,is_right_of,flat_stove_1
pick_up_the_black_bowl_next_to_the_plate_and_place_it_on_the_plate,demo_16,75,agentview,akita_black_bowl_1,is_on_top_of,flat_stove_1
pick_up_the_black_bowl_next_to_the_plate_and_place_it_on_the_plate,demo_16,75,agentview,flat_stove_1,is_below_of,akita_black_bowl_1
pick_up_the_black_bowl_next_to_the_plate_and_place_it_on_the_plate,demo_16,75,agentview,akita_black_bowl_1,is_left_of,wooden_cabinet_1
pick_up_the_black_bowl_next_to_the_plate_and_place_it_on_the_plate,demo_16,75,agentview,wooden_cabinet_1,is_right_of,akita_black_bowl_1
