task,demo,frame,camera,objectA,relation,objectB
pick_up_the_black_bowl_on_the_cookie_box_and_place_it_on_the_plate,demo_0,0,agentview,akita_black_bowl_1,is_on_top_of,cookies_1
pick_up_the_black_bowl_on_the_cookie_box_and_place_it_on_the_plate,demo_0,0,agentview,cookies_1,is_below_of,akita_black_bowl_1
pick_up_the_black_bowl_on_the_cookie_box_and_place_it_on_the_plate,demo_0,0,agentview,akita_black_bowl_2,is_on_top_of,wooden_cabinet_1
pick_up_the_black_bowl_on_the_cookie_box_and_place_it_on_the_plate,demo_0,0,agentview,wooden_cabinet_1,is_below_of,akita_black_bowl_2
pick_up_the_black_bowl_on_the_cookie_box_and_place_it_on_the_plate,demo_0,0,agentview,glazed_rim_porcelain_ramekin_1,is_on_top_of,wooden_cabinet_1
pick_up_the_black_bowl_on_the_cookie_box_and_place_it_on_the_plate,demo_0,0,agentview,wooden_cabinet_1,is_below_of,glazed_rim_porcelain_ramekin_1
pick_up_the_black_bowl_on_the_cookie_box_and_place_it_on_the_plate,demo_0,0,agentview,plate_1,is_on_top_of,flat_stove_1
pick_up_the_black_bowl_on_the_cookie_box_and_place_it_on_the_plate,demo_0,0,agentview,flat_stove_1,is_below_of,plate_1
pick_up_the_black_bowl_on_the_cookie_box_and_place_it_on_the_plate,demo_0,0,agentview,akita_black_bowl_1,is_behind,akita_black_bowl_2
pick_up_the_black_bowl_on_the_cookie_box_and_place_it_on_the_plate,demo_0,0,agentview,akita_black_bowl_2,is_in_front_of,akita_black_bowl_1
pick_up_the_black_bowl_on_the_cookie_box_and_place_it_on_the_plate,demo_0,0,agentview,akita_black_bowl_1,is_behind,glazed_rim_porcelain_ramekin_1
pick_up_the_black_bowl_on_the_cookie_box_and_place_it_on_the_plate,demo_0,0,agentview,glazed_rim_porcelain_ramekin_1,is_in_front_of,akita_black_bowl_1
pick_up_the_black_bowl_on_the_cookie_box_and_place_it_on_the_plate,demo_0,0,agentview,akita_black_bowl_1,is_behind,plate_1
pick_up_the_black_bowl_on_the_cookie_box_and_place_it_on_the_plate,demo_0,0,agentview,plate_1,is_in_front_of,akita_black_bowl_1
pick_up_the_black_bowl_on_the_cookie_box_and_place_it_on_the_plate,demo_0,0,agentview,akita_black_bowl_2,is_left_of,glazed_rim_porcelain_ramekin_1
pick_up_the_black_bowl_on_the_cookie_box_and_place_it_on_the_plate,demo_0,0,agentview,glazed_rim_porcelain_ramekin_1,is_right_of,akita_black_bowl_2
pick_up_the_black_bowl_on_the_cookie_box_and_place_it_on_the_plate,demo_0,0,agentview,akita_black_bowl_2,is_behind,plate_1
pick_up_the_black_bowl_on_the_cookie_box_and_place_it_on_the_plate,demo_0,0,agentview,plate_1,is_in_front_of,akita_black_bowl_2
pick_up_the_black_bowl_on_the_cookie_box_and_place_it_on_the_plate,demo_0,0,agentview,glazed_rim_porcelain_ramekin_1,is_behind,plate_1
pick_up_the_black_bowl_on_the_cookie_box_and_place_it_on_the_plate,demo_0,0,agentview,plate_1,is_in_front_of,glazed_rim_porcelain_ramekin_1
pick_up_the_black_bowl_on_the_cookie_box_and_place_it_on_the_plate,demo_0,0,agentview,cookies_1,is_behind,wooden_cabinet_1
pick_up_the_black_bowl_on_the_cookie_box_and_place_it_on_the_plate,demo_0,0,agentview,wooden_cabinet_1,is_in_front_of,cookies_1
pick_up_the_black_bowl_on_the_cookie_box_and_place_it_on_the_plate,demo_0,0,agentview,cookies_1,is_behind,flat_stove_1
pick_up_the_black_bowl_on_the_cookie_box_and_place_it_on_the_plate,demo_0,0,agentview,flat_stove_1,is_in_front_of,cookies_1
pick_up_the_black_bowl_on_the_cookie_box_and_place_it_on_the_plate,demo_0,5,agentview,akita_black_bowl_1,is_on_top_of,cookies_1
pick_up_the_black_bowl_on_the_cookie_box_and_place_it_on_the_plate,demo_0,5,agentview,cookies_1,is_below_of,akita_black_bowl_1
pick_up_the_black_bowl_on_the_cookie_box_and_place_it_on_the_plate,demo_0,5,agentview,akita_black_bowl_1,is_behind,akita_black_bowl_2
pick_up_the_black_bowl_on_the_cookie_box_and_place_it_on_the_plate,demo_0,5,agentview,akita_black_bowl_2,is_in_front_of,akita_black_bowl_1
pick_up_the_black_bowl_on_the_cookie_box_and_place_it_on_the_plate,demo_0,5,agentview,akita_black_bowl_1,is_behind,glazed_rim_porcelain_ramekin_1
pick_up_the_black_bowl_on_the_cookie_box_and_place_it_on_the_plate,demo_0,5,agentview,glazed_rim_porcelain_ramekin_1,is_in_front_of,akita_black_bowl_1
pick_up_the_black_bowl_on_the_cookie_box_and_place_it_on_the_plate,demo_0,5,agentview,akita_black_bowl_1,is_behind,plate_1
pick_up_the_black_bowl_on_the_cookie_box_and_place_it_on_the_plate,demo_0,5,agentview,plate_1,is_in_front_of,akita_black_bowl_1
pick_up_the_black_bowl_on_the_cookie_box_and_place_it_on_the_plate,demo_0,5,agentview,akita_black_bowl_1,is_right_of,wooden_cabinet_1
pick_up_the_black_bowl_on_the_cookie_box_and_place_it_on_the_plate,demo_0,5,agentview,wooden_cabinet_1,is_left_of,akita_black_bowl_1
pick_up_the_black_bowl_on_the_cookie_box_and_place_it_on_the_plate,demo_0,5,agentview,akita_black_bowl_1,is_right_of,flat_stove_1
pick_up_the_black_bowl_on_the_cookie_box_and_place_it_on_the_plate,demo_0,5,agentview,flat_stove_1,is_left_of,akita_black_bowl_1
pick_up_the_black_bowl_on_the_cookie_box_and_place_it_on_the_plate,demo_0,5,agentview,akita_black_bowl_2,is_left_of,glazed_rim_porcelain_ramekin_1
pick_up_the_black_bowl_on_the_cookie_box_and_place_it_on_the_plate,demo_0,5,agentview,glazed_rim_porcelain_ramekin_1,is_right_of,akita_black_bowl_2
pick_up_the_black_bowl_on_the_cookie_box_and_place_it_on_the_plate,demo_0,5,agentview,akita_black_bowl_2,is_behind,plate_1
pick_up_the_black_bowl_on_the_cookie_box_and_place_it_on_the_plate,demo_0,5,agentview,plate_1,is_in_front_of,akita_black_bowl_2
pick_up_the_black_bowl_on_the_cookie_box_and_place_it_on_the_plate,demo_0,5,agentview,akita_black_bowl_2,is_right_of,wooden_cabinet_1
pick_up_the_black_bowl_on_the_cookie_box_and_place_it_on_the_plate,demo_0,5,agentview,wooden_cabinet_1,is_left_of,akita_black_bowl_2
pick_up_the_black_bowl_on_the_cookie_box_and_place_it_on_the_plate,demo_0,5,agentview,akita_black_bowl_2,is_right_of,flat_stove_1
pick_up_the_black_bowl_on_the_cookie_box_and_place_it_on_the_plate,demo_0,5,agentview,flat_stove_1,is_left_of,akita_black_bowl_2
pick_up_the_black_bowl_on_the_cookie_box_and_place_it_on_the_plate,demo_0,5,agentview,cookies_1,is_behind,akita_black_bowl_2
pick_up_the_black_bowl_on_the_cookie_box_and_place_it_on_the_plate,demo_0,5,agentview,akita_black_bowl_2,is_in_front_of,cookies_1
pick_up_the_black_bowl_on_the_cookie_box_and_place_it_on_the_plate,demo_0,5,agentview,cookies_1,is_behind,glazed_rim_porcelain_ramekin_1
pick_up_the_black_bowl_on_the_cookie_box_and_place_it_on_the_plate,demo_0,5,agentview,glazed_rim_porcelain_ramekin_1,is_in_front_of,cookies_1
pick_up_the_black_bowl_on_the_cookie_box_and_place_it_on_the_plate,demo_0,5,agentview,cookies_1,is_behind,plate_1
pick_up_the_black_bowl_on_the_cookie_box_and_place_it_on_the_plate,demo_0,5,agentview,plate_1,is_in_front_of,cookies_1
pick_up_the_black_bowl_on_the_cookie_box_and_place_it_on_the_plate,demo_0,5,agentview,cookies_1,is_right_of,wooden_cabinet_1
pick_up_the_black_bowl_on_the_cookie_box_and_place_it_on_the_plate,demo_0,5,agentview,wooden_cabinet_1,is_left_of,cookies_1
pick_up_the_black_bowl_on_the_cookie_box_and_place_it_on_the_plate,demo_0,5,agentview,cookies_1,is_right_of,flat_stove_1
pick_up_the_black_bowl_on_the_cookie_box_and_place_it_on_the_plate,demo_0,5,agentview,flat_stove_1,is_left_of,cookies_1
pick_up_the_black_bowl_on_the_cookie_box_and_place_it_on_the_plate,demo_0,5,agentview,glazed_rim_porcelain_ramekin_1,is_behind,plate_1
pick_up_the_black_bowl_on_the_cookie_box_and_place_it_on_the_plate,demo_0,5,agentview,plate_1,is_in_front_of,glazed_rim_porcelain_ramekin_1
pick_up_the_black_bowl_on_the_cookie_box_and_place_it_on_the_plate,demo_0,5,agentview,glazed_rim_porcelain_ramekin_1,is_right_of,wooden_cabinet_1
pick_up_the_black_bowl_on_the_cookie_box_and_place_it_on_the_plate,demo_0,5,agentview,wooden_cabinet_1,is_left_of,glazed_rim_porcelain_ramekin_1
pick_up_the_black_bowl_on_the_cookie_box_and_place_it_on_the_plate,demo_0,5,agentview,glazed_rim_porcelain_ramekin_1,is_right_of,flat_stove_1
pick_up_the_black_bowl_on_the_cookie_box_and_place_it_on_the_plate,demo_0,5,agentview,flat_stove_1,is_left_of,glazed_rim_porcelain_ramekin_1
pick_up_the_black_bowl_on_the_cookie_box_and_place_it_on_the_plate,demo_0,5,agentview,plate_1,is_right_of,wooden_cabinet_1
pick_up_the_black_bowl_on_the_cookie_box_and_place_it_on_the_plate,demo_0,5,agentview,wooden_cabinet_1,is_left_of,plate_1
pick_up_the_black_bowl_on_the_cookie_box_and_place_it_on_the_plate,demo_0,5,agentview,plate_1,is_right_of,flat_stove_1
pick_up_the_black_bowl_on_the_cookie_box_and_place_it_on_the_plate,demo_0,5,agentview,flat_stove_1,is_left_of,plate_1
pick_up_the_black_bowl_on_the_cookie_box_and_place_it_on_the_plate,demo_0,5,agentview,wooden_cabinet_1,is_behind,flat_stove_1
pick_up_the_black_bowl_on_the_cookie_box_and_place_it_on_the_plate,demo_0,5,agentview,flat_stove_1,is_in_front_of,wooden_cabinet_1
pick_up_the_black_bowl_on_the_cookie_box_and_place_it_on_the_plate,demo_0,10,agentview,akita_black_bowl_1,is_on_top_of,cookies_1
pick_up_the_black_bowl_on_the_cookie_box_and_place_it_on_the_plate,demo_0,10,agentview,cookies_1,is_below_of,akita_black_bowl_1
pick_up_the_black_bowl_on_the_cookie_box_and_place_it_on_the_plate,demo_0,10,agentview,akita_black_bowl_1,is_behind,akita_black_bowl_2
pick_up_the_black_bowl_on_the_cookie_box_and_place_it_on_the_plate,demo_0,10,agentview,akita_black_bowl_2,is_in_front_of,akita_black_bowl_1
pick_up_the_black_bowl_on_the_cookie_box_and_place_it_on_the_plate,demo_0,10,agentview,akita_black_bowl_1,is_behind,glazed_rim_porcelain_ramekin_1
pick_up_the_black_bowl_on_the_cookie_box_and_place_it_on_the_plate,demo_0,10,agentview,glazed_rim_porcelain_ramekin_1,is_in_front_of,akita_black_bowl_1
pick_up_the_black_bowl_on_the_cookie_box_and_place_it_on_the_plate,demo_0,10,agentview,akita_black_bowl_1,is_behind,plate_1
pick_up_the_black_bowl_on_the_cookie_box_and_place_it_on_the_plate,demo_0,10,agentview,plate_1,is_in_front_of,akita_black_bowl_1
pick_up_the_black_bowl_on_the_cookie_box_and_place_it_on_the_plate,demo_0,10,agentview,akita_black_bowl_1,is_behind,flat_stove_1
pick_up_the_black_bowl_on_the_cookie_box_and_place_it_on_the_plate,demo_0,10,agentview,flat_stove_1,is_in_front_of,akita_black_bowl_1
pick_up_the_black_bowl_on_the_cookie_box_and_place_it_on_the_plate,demo_0,10,agentview,akita_black_bowl_2,is_left_of,glazed_rim_porcelain_ramekin_1
pick_up_the_black_bowl_on_the_cookie_box_and_place_it_on_the_plate,demo_0,10,agentview,glazed_rim_porcelain_ramekin_1,is_right_of,akita_black_bowl_2
pick_up_the_black_bowl_on_the_cookie_box_and_place_it_on_the_plate,demo_0,10,agentview,akita_black_bowl_2,is_left_of,plate_1
pick_up_the_black_bowl_on_the_cookie_box_and_place_it_on_the_plate,demo_0,10,agentview,plate_1,is_right_of,akita_black_bowl_2
pick_up_the_black_bowl_on_the_cookie_box_and_place_it_on_the_plate,demo_0,10,agentview,akita_black_bowl_2,is_behind,flat_stove_1
pick_up_the_black_bowl_on_the_cookie_box_and_place_it_on_the_plate,demo_0,10,agentview,flat_stove_1,is_in_front_of,akita_black_bowl_2
pick_up_the_black_bowl_on_the_cookie_box_and_place_it_on_the_plate,demo_0,10,agentview,glazed_rim_porcelain_ramekin_1,is_left_of,plate_1
pick_up_the_black_bowl_on_the_cookie_box_and_place_it_on_the_plate,demo_0,10,agentview,plate_1,is_right_of,glazed_rim_porcelain_ramekin_1
pick_up_the_black_bowl_on_the_cookie_box_and_place_it_on_the_plate,demo_0,10,agentview,glazed_rim_porcelain_ramekin_1,is_behind,flat_stove_1
pick_up_the_black_bowl_on_the_cookie_box_and_place_it_on_the_plate,demo_0,10,agentview,flat_stove_1,is_in_front_of,glazed_rim_porcelain_ramekin_1
pick_up_the_black_bowl_on_the_cookie_box_and_place_it_on_the_plate,demo_0,10,agentview,plate_1,is_behind,flat_stove_1
pick_up_the_black_bowl_on_the_cookie_box_and_place_it_on_the_plate,demo_0,10,agentview,flat_stove_1,is_in_front_of,plate_1
pick_up_the_black_bowl_on_the_cookie_box_and_place_it_on_the_plate,demo_0,10,agentview,akita_black_bowl_1,is_behind,wooden_cabinet_1
pick_up_the_black_bowl_on_the_cookie_box_and_place_it_on_the_plate,demo_0,10,agentview,wooden_cabinet_1,is_in_front_of,akita_black_bowl_1
pick_up_the_black_bowl_on_the_cookie_box_and_place_it_on_the_plate,demo_0,10,agentview,akita_black_bowl_2,is_behind,wooden_cabinet_1
pick_up_the_black_bowl_on_the_cookie_box_and_place_it_on_the_plate,demo_0,10,agentview,wooden_cabinet_1,is_in_front_of,akita_black_bowl_2
pick_up_the_black_bowl_on_the_cookie_box_and_place_it_on_the_plate,demo_0,10,agentview,glazed_rim_porcelain_ramekin_1,is_behind,wooden_cabinet_1
pick_up_the_black_bowl_on_the_cookie_box_and_place_it_on_the_plate,demo_0,10,agentview,wooden_cabinet_1,is_in_front_of,glazed_rim_porcelain_ramekin_1
pick_up_the_black_bowl_on_the_cookie_box_and_place_it_on_the_plate,demo_0,10,agentview,plate_1,is_behind,wooden_cabinet_1
pick_up_the_black_bowl_on_the_cookie_box_and_place_it_on_the_plate,demo_0,10,agentview,wooden_cabinet_1,is_in_front_of,plate_1
pick_up_the_black_bowl_on_the_cookie_box_and_place_it_on_the_plate,demo_0,10,agentview,flat_stove_1,is_on_top_of,wooden_cabinet_1
pick_up_the_black_bowl_on_the_cookie_box_and_place_it_on_the_plate,demo_0,10,agentview,wooden_cabinet_1,is_below_of,flat_stove_1
pick_up_the_black_bowl_on_the_cookie_box_and_place_it_on_the_plate,demo_0,15,agentview,akita_black_bowl_1,is_on_top_of,cookies_1
pick_up_the_black_bowl_on_the_cookie_box_and_place_it_on_the_plate,demo_0,15,agentview,cookies_1,is_below_of,akita_black_bowl_1
pick_up_the_black_bowl_on_the_cookie_box_and_place_it_on_the_plate,demo_0,15,agentview,akita_black_bowl_1,is_behind,akita_black_bowl_2
pick_up_the_black_bowl_on_the_cookie_box_and_place_it_on_the_plate,demo_0,15,agentview,akita_black_bowl_2,is_in_front_of,akita_black_bowl_1
pick_up_the_black_bowl_on_the_cookie_box_and_place_it_on_the_plate,demo_0,15,agentview,akita_black_bowl_1,is_behind,glazed_rim_porcelain_ramekin_1
pick_up_the_black_bowl_on_the_cookie_box_and_place_it_on_the_plate,demo_0,15,agentview,glazed_rim_porcelain_ramekin_1,is_in_front_of,akita_black_bowl_1
pick_up_the_black_bowl_on_the_cookie_box_and_place_it_on_the_plate,demo_0,15,agentview,akita_black_bowl_1,is_behind,plate_1
pick_up_the_black_bowl_on_the_cookie_box_and_place_it_on_the_plate,demo_0,15,agentview,plate_1,is_in_front_of,akita_black_bowl_1
pick_up_the_black_bowl_on_the_cookie_box_and_place_it_on_the_plate,demo_0,15,agentview,akita_black_bowl_1,is_behind,wooden_cabinet_1
pick_up_the_black_bowl_on_the_cookie_box_and_place_it_on_the_plate,demo_0,15,agentview,wooden_cabinet_1,is_in_front_of,akita_black_bowl_1
pick_up_the_black_bowl_on_the_cookie_box_and_place_it_on_the_plate,demo_0,15,agentview,akita_black_bowl_1,is_right_of,flat_stove_1
pick_up_the_black_bowl_on_the_cookie_box_and_place_it_on_the_plate,demo_0,15,agentview,flat_stove_1,is_left_of,akita_black_bowl_1
pick_up_the_black_bowl_on_the_cookie_box_and_place_it_on_the_plate,demo_0,15,agentview,akita_black_bowl_2,is_left_of,glazed_rim_porcelain_ramekin_1
pick_up_the_black_bowl_on_the_cookie_box_and_place_it_on_the_plate,demo_0,15,agentview,glazed_rim_porcelain_ramekin_1,is_right_of,akita_black_bowl_2
pick_up_the_black_bowl_on_the_cookie_box_and_place_it_on_the_plate,demo_0,15,agentview,akita_black_bowl_2,is_left_of,plate_1
pick_up_the_black_bowl_on_the_cookie_box_and_place_it_on_the_plate,demo_0,15,agentview,plate_1,is_right_of,akita_black_bowl_2
pick_up_the_black_bowl_on_the_cookie_box_and_place_it_on_the_plate,demo_0,15,agentview,akita_black_bowl_2,is_behind,wooden_cabinet_1
pick_up_the_black_bowl_on_the_cookie_box_and_place_it_on_the_plate,demo_0,15,agentview,wooden_cabinet_1,is_in_front_of,akita_black_bowl_2
pick_up_the_black_bowl_on_the_cookie_box_and_place_it_on_the_plate,demo_0,15,agentview,akita_black_bowl_2,is_right_of,flat_stove_1
pick_up_the_black_bowl_on_the_cookie_box_and_place_it_on_the_plate,demo_0,15,agentview,flat_stove_1,is_left_of,akita_black_bowl_2
pick_up_the_black_bowl_on_the_cookie_box_and_place_it_on_the_plate,demo_0,15,agentview,cookies_1,is_behind,glazed_rim_porcelain_ramekin_1
pick_up_the_black_bowl_on_the_cookie_box_and_place_it_on_the_plate,demo_0,15,agentview,glazed_rim_porcelain_ramekin_1,is_in_front_of,cookies_1
pick_up_the_black_bowl_on_the_cookie_box_and_place_it_on_the_plate,demo_0,15,agentview,cookies_1,is_behind,plate_1
pick_up_the_black_bowl_on_the_cookie_box_and_place_it_on_the_plate,demo_0,15,agentview,plate_1,is_in_front_of,cookies_1
pick_up_the_black_bowl_on_the_cookie_box_and_place_it_on_the_plate,demo_0,15,agentview,cookies_1,is_behind,wooden_cabinet_1
pick_up_the_black_bowl_on_the_cookie_box_and_place_it_on_the_plate,demo_0,15,agentview,wooden_cabinet_1,is_in_front_of,cookies_1
pick_up_the_black_bowl_on_the_cookie_box_and_place_it_on_the_plate,demo_0,15,agentview,cookies_1,is_right_of,flat_stove_1
pick_up_the_black_bowl_on_the_cookie_box_and_place_it_on_the_plate,demo_0,15,agentview,flat_stove_1,is_left_of,cookies_1
pick_up_the_black_bowl_on_the_cookie_box_and_place_it_on_the_plate,demo_0,15,agentview,glazed_rim_porcelain_ramekin_1,is_left_of,plate_1
pick_up_the_black_bowl_on_the_cookie_box_and_place_it_on_the_plate,demo_0,15,agentview,plate_1,is_right_of,glazed_rim_porcelain_ramekin_1
pick_up_the_black_bowl_on_the_cookie_box_and_place_it_on_the_plate,demo_0,15,agentview,glazed_rim_porcelain_ramekin_1,is_behind,wooden_cabinet_1
pick_up_the_black_bowl_on_the_cookie_box_and_place_it_on_the_plate,demo_0,15,agentview,wooden_cabinet_1,is_in_front_of,glazed_rim_porcelain_ramekin_1
pick_up_the_black_bowl_on_the_cookie_box_and_place_it_on_the_plate,demo_0,15,agentview,glazed_rim_porcelain_ramekin_1,is_right_of,flat_stove_1
pick_up_the_black_bowl_on_the_cookie_box_and_place_it_on_the_plate,demo_0,15,agentview,flat_stove_1,is_left_of,glazed_rim_porcelain_ramekin_1
pick_up_the_black_bowl_on_the_cookie_box_and_place_it_on_the_plate,demo_0,15,agentview,plate_1,is_behind,wooden_cabinet_1
pick_up_the_black_bowl_on_the_cookie_box_and_place_it_on_the_plate,demo_0,15,agentview,wooden_cabinet_1,is_in_front_of,plate_1
pick_up_the_black_bowl_on_the_cookie_box_and_place_it_on_the_plate,demo_0,15,agentview,plate_1,is_right_of,flat_stove_1
pick_up_the_black_bowl_on_the_cookie_box_and_place_it_on_the_plate,demo_0,15,agentview,flat_stove_1,is_left_of,plate_1
pick_up_the_black_bowl_on_the_cookie_box_and_place_it_on_the_plate,demo_0,15,agentview,wooden_cabinet_1,is_right_of,flat_stove_1
pick_up_the_black_bowl_on_the_cookie_box_and_place_it_on_the_plate,demo_0,15,agentview,flat_stove_1,is_left_of,wooden_cabinet_1
pick_up_the_black_bowl_on_the_cookie_box_and_place_it_on_the_plate,demo_0,20,agentview,akita_black_bowl_1,is_on_top_of,cookies_1
pick_up_the_black_bowl_on_the_cookie_box_and_place_it_on_the_plate,demo_0,20,agentview,cookies_1,is_below_of,akita_black_bowl_1
pick_up_the_black_bowl_on_the_cookie_box_and_place_it_on_the_plate,demo_0,20,agentview,akita_black_bowl_2,is_right_of,akita_black_bowl_1
pick_up_the_black_bowl_on_the_cookie_box_and_place_it_on_the_plate,demo_0,20,agentview,akita_black_bowl_1,is_left_of,akita_black_bowl_2
pick_up_the_black_bowl_on_the_cookie_box_and_place_it_on_the_plate,demo_0,20,agentview,akita_black_bowl_2,is_behind,akita_black_bowl_1
pick_up_the_black_bowl_on_the_cookie_box_and_place_it_on_the_plate,demo_0,20,agentview,akita_black_bowl_1,is_in_front_of,akita_black_bowl_2
pick_up_the_black_bowl_on_the_cookie_box_and_place_it_on_the_plate,demo_0,20,agentview,glazed_rim_porcelain_ramekin_1,is_left_of,akita_black_bowl_1
pick_up_the_black_bowl_on_the_cookie_box_and_place_it_on_the_plate,demo_0,20,agentview,akita_black_bowl_1,is_right_of,glazed_rim_porcelain_ramekin_1
pick_up_the_black_bowl_on_the_cookie_box_and_place_it_on_the_plate,demo_0,20,agentview,glazed_rim_porcelain_ramekin_1,is_left_of,akita_black_bowl_2
pick_up_the_black_bowl_on_the_cookie_box_and_place_it_on_the_plate,demo_0,20,agentview,akita_black_bowl_2,is_right_of,glazed_rim_porcelain_ramekin_1
pick_up_the_black_bowl_on_the_cookie_box_and_place_it_on_the_plate,demo_0,20,agentview,glazed_rim_porcelain_ramekin_1,is_behind,akita_black_bowl_1
pick_up_the_black_bowl_on_the_cookie_box_and_place_it_on_the_plate,demo_0,20,agentview,akita_black_bowl_1,is_in_front_of,glazed_rim_porcelain_ramekin_1
pick_up_the_black_bowl_on_the_cookie_box_and_place_it_on_the_plate,demo_0,20,agentview,glazed_rim_porcelain_ramekin_1,is_in_front_of,akita_black_bowl_2
pick_up_the_black_bowl_on_the_cookie_box_and_place_it_on_the_plate,demo_0,20,agentview,akita_black_bowl_2,is_behind,glazed_rim_porcelain_ramekin_1
pick_up_the_black_bowl_on_the_cookie_box_and_place_it_on_the_plate,demo_0,20,agentview,plate_1,is_right_of,akita_black_bowl_1
pick_up_the_black_bowl_on_the_cookie_box_and_place_it_on_the_plate,demo_0,20,agentview,akita_black_bowl_1,is_left_of,plate_1
pick_up_the_black_bowl_on_the_cookie_box_and_place_it_on_the_plate,demo_0,20,agentview,plate_1,is_right_of,glazed_rim_porcelain_ramekin_1
pick_up_the_black_bowl_on_the_cookie_box_and_place_it_on_the_plate,demo_0,20,agentview,glazed_rim_porcelain_ramekin_1,is_left_of,plate_1
pick_up_the_black_bowl_on_the_cookie_box_and_place_it_on_the_plate,demo_0,20,agentview,plate_1,is_right_of,akita_black_bowl_2
pick_up_the_black_bowl_on_the_cookie_box_and_place_it_on_the_plate,demo_0,20,agentview,akita_black_bowl_2,is_left_of,plate_1
pick_up_the_black_bowl_on_the_cookie_box_and_place_it_on_the_plate,demo_0,20,agentview,plate_1,is_behind,akita_black_bowl_1
pick_up_the_black_bowl_on_the_cookie_box_and_place_it_on_the_plate,demo_0,20,agentview,akita_black_bowl_1,is_in_front_of,plate_1
pick_up_the_black_bowl_on_the_cookie_box_and_place_it_on_the_plate,demo_0,20,agentview,plate_1,is_behind,glazed_rim_porcelain_ramekin_1
pick_up_the_black_bowl_on_the_cookie_box_and_place_it_on_the_plate,demo_0,20,agentview,glazed_rim_porcelain_ramekin_1,is_in_front_of,plate_1
pick_up_the_black_bowl_on_the_cookie_box_and_place_it_on_the_plate,demo_0,20,agentview,plate_1,is_behind,akita_black_bowl_2
pick_up_the_black_bowl_on_the_cookie_box_and_place_it_on_the_plate,demo_0,20,agentview,akita_black_bowl_2,is_in_front_of,plate_1
pick_up_the_black_bowl_on_the_cookie_box_and_place_it_on_the_plate,demo_0,20,agentview,cookies_1,is_behind,akita_black_bowl_1
pick_up_the_black_bowl_on_the_cookie_box_and_place_it_on_the_plate,demo_0,20,agentview,akita_black_bowl_1,is_in_front_of,cookies_1
pick_up_the_black_bowl_on_the_cookie_box_and_place_it_on_the_plate,demo_0,20,agentview,cookies_1,is_behind,glazed_rim_porcelain_ramekin_1
pick_up_the_black_bowl_on_the_cookie_box_and_place_it_on_the_plate,demo_0,20,agentview,glazed_rim_porcelain_ramekin_1,is_in_front_of,cookies_1
pick_up_the_black_bowl_on_the_cookie_box_and_place_it_on_the_plate,demo_0,20,agentview,cookies_1,is_left_of,plate_1
pick_up_the_black_bowl_on_the_cookie_box_and_place_it_on_the_plate,demo_0,20,agentview,plate_1,is_right_of,cookies_1
pick_up_the_black_bowl_on_the_cookie_box_and_place_it_on_the_plate,demo_0,20,agentview,cookies_1,is_behind,akita_black_bowl_2
pick_up_the_black_bowl_on_the_cookie_box_and_place_it_on_the_plate,demo_0,20,agentview,akita_black_bowl_2,is_in_front_of,cookies_1
pick_up_the_black_bowl_on_the_cookie_box_and_place_it_on_the_plate,demo_0,20,agentview,wooden_cabinet_1,is_behind,akita_black_bowl_1
pick_up_the_black_bowl_on_the_cookie_box_and_place_it_on_the_plate,demo_0,20,agentview,akita_black_bowl_1,is_in_front_of,wooden_cabinet_1
pick_up_the_black_bowl_on_the_cookie_box_and_place_it_on_the_plate,demo_0,20,agentview,wooden_cabinet_1,is_behind,glazed_rim_porcelain_ramekin_1
pick_up_the_black_bowl_on_the_cookie_box_and_place_it_on_the_plate,demo_0,20,agentview,glazed_rim_porcelain_ramekin_1,is_in_front_of,wooden_cabinet_1
pick_up_the_black_bowl_on_the_cookie_box_and_place_it_on_the_plate,demo_0,20,agentview,wooden_cabinet_1,is_behind,plate_1
pick_up_the_black_bowl_on_the_cookie_box_and_place_it_on_the_plate,demo_0,20,agentview,plate_1,is_in_front_of,wooden_cabinet_1
pick_up_the_black_bowl_on_the_cookie_box_and_place_it_on_the_plate,demo_0,20,agentview,wooden_cabinet_1,is_behind,akita_black_bowl_2
pick_up_the_black_bowl_on_the_cookie_box_and_place_it_on_the_plate,demo_0,20,agentview,akita_black_bowl_2,is_in_front_of,wooden_cabinet_1
pick_up_the_black_bowl_on_the_cookie_box_and_place_it_on_the_plate,demo_0,20,agentview,wooden_cabinet_1,is_behind,cookies_1
pick_up_the_black_bowl_on_the_cookie_box_and_place_it_on_the_plate,demo_0,20,agentview,cookies_1,is_in_front_of,wooden_cabinet_1
pick_up_the_black_bowl_on_the_cookie_box_and_place_it_on_the_plate,demo_0,20,agentview,flat_stove_1,is_behind,akita_black_bowl_1
pick_up_the_black_bowl_on_the_cookie_box_and_place_it_on_the_plate,demo_0,20,agentview,akita_black_bowl_1,is_in_front_of,flat_stove_1
pick_up_the_black_bowl_on_the_cookie_box_and_place_it_on_the_plate,demo_0,20,agentview,flat_stove_1,is_behind,glazed_rim_porcelain_ramekin_1
pick_up_the_black_bowl_on_the_cookie_box_and_place_it_on_the_plate,demo_0,20,agentview,glazed_rim_porcelain_ramekin_1,is_in_front_of,flat_stove_1
pick_up_the_black_bowl_on_the_cookie_box_and_place_it_on_the_plate,demo_0,20,agentview,flat_stove_1,is_behind,plate_1
pick_up_the_black_bowl_on_the_cookie_box_and_place_it_on_the_plate,demo_0,20,agentview,plate_1,is_in_front_of,flat_stove_1
pick_up_the_black_bowl_on_the_cookie_box_and_place_it_on_the_plate,demo_0,20,agentview,flat_stove_1,is_behind,akita_black_bowl_2
pick_up_the_black_bowl_on_the_cookie_box_and_place_it_on_the_plate,demo_0,20,agentview,akita_black_bowl_2,is_in_front_of,flat_stove_1
pick_up_the_black_bowl_on_the_cookie_box_and_place_it_on_the_plate,demo_0,20,agentview,flat_stove_1,is_behind,cookies_1
pick_up_the_black_bowl_on_the_cookie_box_and_place_it_on_the_plate,demo_0,20,agentview,cookies_1,is_in_front_of,flat_stove_1
pick_up_the_black_bowl_on_the_cookie_box_and_place_it_on_the_plate,demo_0,25,agentview,akita_black_bowl_1,is_on_top_of,cookies_1
pick_up_the_black_bowl_on_the_cookie_box_and_place_it_on_the_plate,demo_0,25,agentview,cookies_1,is_below_of,akita_black_bowl_1
pick_up_the_black_bowl_on_the_cookie_box_and_place_it_on_the_plate,demo_0,25,agentview,akita_black_bowl_1,is_behind,akita_black_bowl_2
pick_up_the_black_bowl_on_the_cookie_box_and_place_it_on_the_plate,demo_0,25,agentview,akita_black_bowl_2,is_in_front_of,akita_black_bowl_1
pick_up_the_black_bowl_on_the_cookie_box_and_place_it_on_the_plate,demo_0,25,agentview,akita_black_bowl_1,is_behind,glazed_rim_porcelain_ramekin_1
pick_up_the_black_bowl_on_the_cookie_box_and_place_it_on_the_plate,demo_0,25,agentview,glazed_rim_porcelain_ramekin_1,is_in_front_of,akita_black_bowl_1
pick_up_the_black_bowl_on_the_cookie_box_and_place_it_on_the_plate,demo_0,25,agentview,akita_black_bowl_1,is_behind,plate_1
pick_up_the_black_bowl_on_the_cookie_box_and_place_it_on_the_plate,demo_0,25,agentview,plate_1,is_in_front_of,akita_black_bowl_1
pick_up_the_black_bowl_on_the_cookie_box_and_place_it_on_the_plate,demo_0,25,agentview,akita_black_bowl_1,is_behind,wooden_cabinet_1
pick_up_the_black_bowl_on_the_cookie_box_and_place_it_on_the_plate,demo_0,25,agentview,wooden_cabinet_1,is_in_front_of,akita_black_bowl_1
pick_up_the_black_bowl_on_the_cookie_box_and_place_it_on_the_plate,demo_0,25,agentview,akita_black_bowl_1,is_right_of,akita_black_bowl_2
pick_up_the_black_bowl_on_the_cookie_box_and_place_it_on_the_plate,demo_0,25,agentview,akita_black_bowl_2,is_left_of,akita_black_bowl_1
pick_up_the_black_bowl_on_the_cookie_box_and_place_it_on_the_plate,demo_0,25,agentview,akita_black_bowl_1,is_right_of,glazed_rim_porcelain_ramekin_1
pick_up_the_black_bowl_on_the_cookie_box_and_place_it_on_the_plate,demo_0,25,agentview,glazed_rim_porcelain_ramekin_1,is_left_of,akita_black_bowl_1
pick_up_the_black_bowl_on_the_cookie_box_and_place_it_on_the_plate,demo_0,25,agentview,akita_black_bowl_2,is_on_top_of,flat_stove_1
pick_up_the_black_bowl_on_the_cookie_box_and_place_it_on_the_plate,demo_0,25,agentview,flat_stove_1,is_below_of,akita_black_bowl_2
pick_up_the_black_bowl_on_the_cookie_box_and_place_it_on_the_plate,demo_0,25,agentview,akita_black_bowl_2,is_in_front_of,akita_black_bowl_1
pick_up_the_black_bowl_on_the_cookie_box_and_place_it_on_the_plate,demo_0,25,agentview,akita_black_bowl_1,is_behind,akita_black_bowl_2
pick_up_the_black_bowl_on_the_cookie_box_and_place_it_on_the_plate,demo_0,25,agentview,akita_black_bowl_2,is_behind,glazed_rim_porcelain_ramekin_1
pick_up_the_black_bowl_on_the_cookie_box_and_place_it_on_the_plate,demo_0,25,agentview,glazed_rim_porcelain_ramekin_1,is_in_front_of,akita_black_bowl_2
pick_up_the_black_bowl_on_the_cookie_box_and_place_it_on_the_plate,demo_0,25,agentview,akita_black_bowl_2,is_behind,plate_1
pick_up_the_black_bowl_on_the_cookie_box_and_place_it_on_the_plate,demo_0,25,agentview,plate_1,is_in_front_of,akita_black_bowl_2
pick_up_the_black_bowl_on_the_cookie_box_and_place_it_on_the_plate,demo_0,25,agentview,akita_black_bowl_2,is_behind,wooden_cabinet_1
pick_up_the_black_bowl_on_the_cookie_box_and_place_it_on_the_plate,demo_0,25,agentview,wooden_cabinet_1,is_in_front_of,akita_black_bowl_2
pick_up_the_black_bowl_on_the_cookie_box_and_place_it_on_the_plate,demo_0,25,agentview,akita_black_bowl_2,is_left_of,akita_black_bowl_1
pick_up_the_black_bowl_on_the_cookie_box_and_place_it_on_the_plate,demo_0,25,agentview,akita_black_bowl_1,is_right_of,akita_black_bowl_2
pick_up_the_black_bowl_on_the_cookie_box_and_place_it_on_the_plate,demo_0,25,agentview,akita_black_bowl_2,is_right_of,glazed_rim_porcelain_ramekin_1
pick_up_the_black_bowl_on_the_cookie_box_and_place_it_on_the_plate,demo_0,25,agentview,glazed_rim_porcelain_ramekin_1,is_left_of,akita_black_bowl_2
pick_up_the_black_bowl_on_the_cookie_box_and_place_it_on_the_plate,demo_0,25,agentview,cookies_1,is_below_of,akita_black_bowl_1
pick_up_the_black_bowl_on_the_cookie_box_and_place_it_on_the_plate,demo_0,25,agentview,akita_black_bowl_1,is_on_top_of,cookies_1
pick_up_the_black_bowl_on_the_cookie_box_and_place_it_on_the_plate,demo_0,25,agentview,cookies_1,is_behind,akita_black_bowl_2
pick_up_the_black_bowl_on_the_cookie_box_and_place_it_on_the_plate,demo_0,25,agentview,akita_black_bowl_2,is_in_front_of,cookies_1
pick_up_the_black_bowl_on_the_cookie_box_and_place_it_on_the_plate,demo_0,25,agentview,cookies_1,is_behind,glazed_rim_porcelain_ramekin_1
pick_up_the_black_bowl_on_the_cookie_box_and_place_it_on_the_plate,demo_0,25,agentview,glazed_rim_porcelain_ramekin_1,is_in_front_of,cookies_1
pick_up_the_black_bowl_on_the_cookie_box_and_place_it_on_the_plate,demo_0,25,agentview,cookies_1,is_behind,plate_1
pick_up_the_black_bowl_on_the_cookie_box_and_place_it_on_the_plate,demo_0,25,agentview,plate_1,is_in_front_of,cookies_1
pick_up_the_black_bowl_on_the_cookie_box_and_place_it_on_the_plate,demo_0,25,agentview,cookies_1,is_behind,wooden_cabinet_1
pick_up_the_black_bowl_on_the_cookie_box_and_place_it_on_the_plate,demo_0,25,agentview,wooden_cabinet_1,is_in_front_of,cookies_1
pick_up_the_black_bowl_on_the_cookie_box_and_place_it_on_the_plate,demo_0,25,agentview,cookies_1,is_right_of,akita_black_bowl_2
pick_up_the_black_bowl_on_the_cookie_box_and_place_it_on_the_plate,demo_0,25,agentview,akita_black_bowl_2,is_left_of,cookies_1
pick_up_the_black_bowl_on_the_cookie_box_and_place_it_on_the_plate,demo_0,25,agentview,cookies_1,is_right_of,glazed_rim_porcelain_ramekin_1
pick_up_the_black_bowl_on_the_cookie_box_and_place_it_on_the_plate,demo_0,25,agentview,glazed_rim_porcelain_ramekin_1,is_left_of,cookies_1
pick_up_the_black_bowl_on_the_cookie_box_and_place_it_on_the_plate,demo_0,25,agentview,glazed_rim_porcelain_ramekin_1,is_in_front_of,akita_black_bowl_1
pick_up_the_black_bowl_on_the_cookie_box_and_place_it_on_the_plate,demo_0,25,agentview,akita_black_bowl_1,is_behind,glazed_rim_porcelain_ramekin_1
pick_up_the_black_bowl_on_the_cookie_box_and_place_it_on_the_plate,demo_0,25,agentview,glazed_rim_porcelain_ramekin_1,is_in_front_of,akita_black_bowl_2
pick_up_the_black_bowl_on_the_cookie_box_and_place_it_on_the_plate,demo_0,25,agentview,akita_black_bowl_2,is_behind,glazed_rim_porcelain_ramekin_1
pick_up_the_black_bowl_on_the_cookie_box_and_place_it_on_the_plate,demo_0,25,agentview,glazed_rim_porcelain_ramekin_1,is_in_front_of,cookies_1
pick_up_the_black_bowl_on_the_cookie_box_and_place_it_on_the_plate,demo_0,25,agentview,cookies_1,is_behind,glazed_rim_porcelain_ramekin_1
pick_up_the_black_bowl_on_the_cookie_box_and_place_it_on_the_plate,demo_0,25,agentview,glazed_rim_porcelain_ramekin_1,is_in_front_of,plate_1
pick_up_the_black_bowl_on_the_cookie_box_and_place_it_on_the_plate,demo_0,25,agentview,plate_1,is_behind,glazed_rim_porcelain_ramekin_1
pick_up_the_black_bowl_on_the_cookie_box_and_place_it_on_the_plate,demo_0,25,agentview,glazed_rim_porcelain_ramekin_1,is_in_front_of,wooden_cabinet_1
pick_up_the_black_bowl_on_the_cookie_box_and_place_it_on_the_plate,demo_0,25,agentview,wooden_cabinet_1,is_behind,glazed_rim_porcelain_ramekin_1
pick_up_the_black_bowl_on_the_cookie_box_and_place_it_on_the_plate,demo_0,25,agentview,glazed_rim_porcelain_ramekin_1,is_left_of,akita_black_bowl_1
pick_up_the_black_bowl_on_the_cookie_box_and_place_it_on_the_plate,demo_0,25,agentview,akita_black_bowl_1,is_right_of,glazed_rim_porcelain_ramekin_1
pick_up_the_black_bowl_on_the_cookie_box_and_place_it_on_the_plate,demo_0,25,agentview,glazed_rim_porcelain_ramekin_1,is_left_of,akita_black_bowl_2
pick_up_the_black_bowl_on_the_cookie_box_and_place_it_on_the_plate,demo_0,25,agentview,akita_black_bowl_2,is_right_of,glazed_rim_porcelain_ramekin_1
pick_up_the_black_bowl_on_the_cookie_box_and_place_it_on_the_plate,demo_0,25,agentview,glazed_rim_porcelain_ramekin_1,is_left_of,cookies_1
pick_up_the_black_bowl_on_the_cookie_box_and_place_it_on_the_plate,demo_0,25,agentview,cookies_1,is_right_of,glazed_rim_porcelain_ramekin_1
pick_up_the_black_bowl_on_the_cookie_box_and_place_it_on_the_plate,demo_0,25,agentview,plate_1,is_on_top_of,flat_stove_1
pick_up_the_black_bowl_on_the_cookie_box_and_place_it_on_the_plate,demo_0,25,agentview,flat_stove_1,is_below_of,plate_1
pick_up_the_black_bowl_on_the_cookie_box_and_place_it_on_the_plate,demo_0,25,agentview,plate_1,is_in_front_of,akita_black_bowl_1
pick_up_the_black_bowl_on_the_cookie_box_and_place_it_on_the_plate,demo_0,25,agentview,akita_black_bowl_1,is_behind,plate_1
pick_up_the_black_bowl_on_the_cookie_box_and_place_it_on_the_plate,demo_0,25,agentview,plate_1,is_in_front_of,akita_black_bowl_2
pick_up_the_black_bowl_on_the_cookie_box_and_place_it_on_the_plate,demo_0,25,agentview,akita_black_bowl_2,is_behind,plate_1
pick_up_the_black_bowl_on_the_cookie_box_and_place_it_on_the_plate,demo_0,25,agentview,plate_1,is_in_front_of,cookies_1
pick_up_the_black_bowl_on_the_cookie_box_and_place_it_on_the_plate,demo_0,25,agentview,cookies_1,is_behind,plate_1
pick_up_the_black_bowl_on_the_cookie_box_and_place_it_on_the_plate,demo_0,25,agentview,plate_1,is_in_front_of,glazed_rim_porcelain_ramekin_1
pick_up_the_black_bowl_on_the_cookie_box_and_place_it_on_the_plate,demo_0,25,agentview,glazed_rim_porcelain_ramekin_1,is_behind,plate_1
pick_up_the_black_bowl_on_the_cookie_box_and_place_it_on_the_plate,demo_0,25,agentview,plate_1,is_in_front_of,wooden_cabinet_1
pick_up_the_black_bowl_on_the_cookie_box_and_place_it_on_the_plate,demo_0,25,agentview,wooden_cabinet_1,is_behind,plate_1
pick_up_the_black_bowl_on_the_cookie_box_and_place_it_on_the_plate,demo_0,25,agentview,plate_1,is_right_of,akita_black_bowl_2
pick_up_the_black_bowl_on_the_cookie_box_and_place_it_on_the_plate,demo_0,25,agentview,akita_black_bowl_2,is_left_of,plate_1
pick_up_the_black_bowl_on_the_cookie_box_and_place_it_on_the_plate,demo_0,25,agentview,plate_1,is_right_of,glazed_rim_porcelain_ramekin_1
pick_up_the_black_bowl_on_the_cookie_box_and_place_it_on_the_plate,demo_0,25,agentview,glazed_rim_porcelain_ramekin_1,is_left_of,plate_1
pick_up_the_black_bowl_on_the_cookie_box_and_place_it_on_the_plate,demo_0,25,agentview,wooden_cabinet_1,is_in_front_of,akita_black_bowl_1
pick_up_the_black_bowl_on_the_cookie_box_and_place_it_on_the_plate,demo_0,25,agentview,akita_black_bowl_1,is_behind,wooden_cabinet_1
pick_up_the_black_bowl_on_the_cookie_box_and_place_it_on_the_plate,demo_0,25,agentview,wooden_cabinet_1,is_in_front_of,akita_black_bowl_2
pick_up_the_black_bowl_on_the_cookie_box_and_place_it_on_the_plate,demo_0,25,agentview,akita_black_bowl_2,is_behind,wooden_cabinet_1
pick_up_the_black_bowl_on_the_cookie_box_and_place_it_on_the_plate,demo_0,25,agentview,wooden_cabinet_1,is_in_front_of,cookies_1
pick_up_the_black_bowl_on_the_cookie_box_and_place_it_on_the_plate,demo_0,25,agentview,cookies_1,is_behind,wooden_cabinet_1
pick_up_the_black_bowl_on_the_cookie_box_and_place_it_on_the_plate,demo_0,25,agentview,wooden_cabinet_1,is_in_front_of,glazed_rim_porcelain_ramekin_1
pick_up_the_black_bowl_on_the_cookie_box_and_place_it_on_the_plate,demo_0,25,agentview,glazed_rim_porcelain_ramekin_1,is_behind,wooden_cabinet_1
pick_up_the_black_bowl_on_the_cookie_box_and_place_it_on_the_plate,demo_0,25,agentview,wooden_cabinet_1,is_behind,plate_1
pick_up_the_black_bowl_on_the_cookie_box_and_place_it_on_the_plate,demo_0,25,agentview,plate_1,is_in_front_of,wooden_cabinet_1
pick_up_the_black_bowl_on_the_cookie_box_and_place_it_on_the_plate,demo_0,25,agentview,wooden_cabinet_1,is_left_of,akita_black_bowl_1
pick_up_the_black_bowl_on_the_cookie_box_and_place_it_on_the_plate,demo_0,25,agentview,akita_black_bowl_1,is_right_of,wooden_cabinet_1
pick_up_the_black_bowl_on_the_cookie_box_and_place_it_on_the_plate,demo_0,25,agentview,wooden_cabinet_1,is_left_of,akita_black_bowl_2
pick_up_the_black_bowl_on_the_cookie_box_and_place_it_on_the_plate,demo_0,25,agentview,akita_black_bowl_2,is_right_of,wooden_cabinet_1
pick_up_the_black_bowl_on_the_cookie_box_and_place_it_on_the_plate,demo_0,25,agentview,flat_stove_1,is_below_of,akita_black_bowl_2
pick_up_the_black_bowl_on_the_cookie_box_and_place_it_on_the_plate,demo_0,25,agentview,akita_black_bowl_2,is_on_top_of,flat_stove_1
pick_up_the_black_bowl_on_the_cookie_box_and_place_it_on_the_plate,demo_0,25,agentview,flat_stove_1,is_below_of,plate_1
pick_up_the_black_bowl_on_the_cookie_box_and_place_it_on_the_plate,demo_0,25,agentview,plate_1,is_on_top_of,flat_stove_1
pick_up_the_black_bowl_on_the_cookie_box_and_place_it_on_the_plate,demo_0,30,agentview,akita_black_bowl_1,is_on_top_of,cookies_1
pick_up_the_black_bowl_on_the_cookie_box_and_place_it_on_the_plate,demo_0,30,agentview,cookies_1,is_below_of,akita_black_bowl_1
pick_up_the_black_bowl_on_the_cookie_box_and_place_it_on_the_plate,demo_0,30,agentview,akita_black_bowl_2,is_on_top_of,plate_1
pick_up_the_black_bowl_on_the_cookie_box_and_place_it_on_the_plate,demo_0,30,agentview,plate_1,is_below_of,akita_black_bowl_2
pick_up_the_black_bowl_on_the_cookie_box_and_place_it_on_the_plate,demo_0,30,agentview,glazed_rim_porcelain_ramekin_1,is_left_of,akita_black_bowl_1
pick_up_the_black_bowl_on_the_cookie_box_and_place_it_on_the_plate,demo_0,30,agentview,akita_black_bowl_1,is_right_of,glazed_rim_porcelain_ramekin_1
pick_up_the_black_bowl_on_the_cookie_box_and_place_it_on_the_plate,demo_0,30,agentview,glazed_rim_porcelain_ramekin_1,is_left_of,akita_black_bowl_2
pick_up_the_black_bowl_on_the_cookie_box_and_place_it_on_the_plate,demo_0,30,agentview,akita_black_bowl_2,is_right_of,glazed_rim_porcelain_ramekin_1
pick_up_the_black_bowl_on_the_cookie_box_and_place_it_on_the_plate,demo_0,30,agentview,glazed_rim_porcelain_ramekin_1,is_left_of,cookies_1
pick_up_the_black_bowl_on_the_cookie_box_and_place_it_on_the_plate,demo_0,30,agentview,cookies_1,is_right_of,glazed_rim_porcelain_ramekin_1
pick_up_the_black_bowl_on_the_cookie_box_and_place_it_on_the_plate,demo_0,30,agentview,glazed_rim_porcelain_ramekin_1,is_left_of,plate_1
pick_up_the_black_bowl_on_the_cookie_box_and_place_it_on_the_plate,demo_0,30,agentview,plate_1,is_right_of,glazed_rim_porcelain_ramekin_1
pick_up_the_black_bowl_on_the_cookie_box_and_place_it_on_the_plate,demo_0,30,agentview,akita_black_bowl_1,is_behind,akita_black_bowl_2
pick_up_the_black_bowl_on_the_cookie_box_and_place_it_on_the_plate,demo_0,30,agentview,akita_black_bowl_2,is_in_front_of,akita_black_bowl_1
pick_up_the_black_bowl_on_the_cookie_box_and_place_it_on_the_plate,demo_0,30,agentview,akita_black_bowl_1,is_behind,glazed_rim_porcelain_ramekin_1
pick_up_the_black_bowl_on_the_cookie_box_and_place_it_on_the_plate,demo_0,30,agentview,glazed_rim_porcelain_ramekin_1,is_in_front_of,akita_black_bowl_1
pick_up_the_black_bowl_on_the_cookie_box_and_place_it_on_the_plate,demo_0,30,agentview,akita_black_bowl_1,is_behind,plate_1
pick_up_the_black_bowl_on_the_cookie_box_and_place_it_on_the_plate,demo_0,30,agentview,plate_1,is_in_front_of,akita_black_bowl_1
pick_up_the_black_bowl_on_the_cookie_box_and_place_it_on_the_plate,demo_0,30,agentview,cookies_1,is_behind,akita_black_bowl_2
pick_up_the_black_bowl_on_the_cookie_box_and_place_it_on_the_plate,demo_0,30,agentview,akita_black_bowl_2,is_in_front_of,cookies_1
pick_up_the_black_bowl_on_the_cookie_box_and_place_it_on_the_plate,demo_0,30,agentview,cookies_1,is_behind,glazed_rim_porcelain_ramekin_1
pick_up_the_black_bowl_on_the_cookie_box_and_place_it_on_the_plate,demo_0,30,agentview,glazed_rim_porcelain_ramekin_1,is_in_front_of,cookies_1
pick_up_the_black_bowl_on_the_cookie_box_and_place_it_on_the_plate,demo_0,30,agentview,cookies_1,is_behind,plate_1
pick_up_the_black_bowl_on_the_cookie_box_and_place_it_on_the_plate,demo_0,30,agentview,plate_1,is_in_front_of,cookies_1
pick_up_the_black_bowl_on_the_cookie_box_and_place_it_on_the_plate,demo_0,30,agentview,akita_black_bowl_2,is_behind,glazed_rim_porcelain_ramekin_1
pick_up_the_black_bowl_on_the_cookie_box_and_place_it_on_the_plate,demo_0,30,agentview,glazed_rim_porcelain_ramekin_1,is_in_front_of,akita_black_bowl_2
pick_up_the_black_bowl_on_the_cookie_box_and_place_it_on_the_plate,demo_0,30,agentview,akita_black_bowl_2,is_on_top_of,flat_stove_1
pick_up_the_black_bowl_on_the_cookie_box_and_place_it_on_the_plate,demo_0,30,agentview,flat_stove_1,is_below_of,akita_black_bowl_2
pick_up_the_black_bowl_on_the_cookie_box_and_place_it_on_the_plate,demo_0,30,agentview,plate_1,is_on_top_of,flat_stove_1
pick_up_the_black_bowl_on_the_cookie_box_and_place_it_on_the_plate,demo_0,30,agentview,flat_stove_1,is_below_of,plate_1
pick_up_the_black_bowl_on_the_cookie_box_and_place_it_on_the_plate,demo_0,35,agentview,akita_black_bowl_1,is_on_top_of,cookies_1
pick_up_the_black_bowl_on_the_cookie_box_and_place_it_on_the_plate,demo_0,35,agentview,cookies_1,is_below_of,akita_black_bowl_1
pick_up_the_black_bowl_on_the_cookie_box_and_place_it_on_the_plate,demo_0,35,agentview,akita_black_bowl_1,is_behind,akita_black_bowl_2
pick_up_the_black_bowl_on_the_cookie_box_and_place_it_on_the_plate,demo_0,35,agentview,akita_black_bowl_2,is_in_front_of,akita_black_bowl_1
pick_up_the_black_bowl_on_the_cookie_box_and_place_it_on_the_plate,demo_0,35,agentview,akita_black_bowl_1,is_behind,glazed_rim_porcelain_ramekin_1
pick_up_the_black_bowl_on_the_cookie_box_and_place_it_on_the_plate,demo_0,35,agentview,glazed_rim_porcelain_ramekin_1,is_in_front_of,akita_black_bowl_1
pick_up_the_black_bowl_on_the_cookie_box_and_place_it_on_the_plate,demo_0,35,agentview,akita_black_bowl_1,is_behind,plate_1
pick_up_the_black_bowl_on_the_cookie_box_and_place_it_on_the_plate,demo_0,35,agentview,plate_1,is_in_front_of,akita_black_bowl_1
pick_up_the_black_bowl_on_the_cookie_box_and_place_it_on_the_plate,demo_0,35,agentview,akita_black_bowl_1,is_behind,wooden_cabinet_1
pick_up_the_black_bowl_on_the_cookie_box_and_place_it_on_the_plate,demo_0,35,agentview,wooden_cabinet_1,is_in_front_of,akita_black_bowl_1
pick_up_the_black_bowl_on_the_cookie_box_and_place_it_on_the_plate,demo_0,35,agentview,akita_black_bowl_1,is_behind,flat_stove_1
pick_up_the_black_bowl_on_the_cookie_box_and_place_it_on_the_plate,demo_0,35,agentview,flat_stove_1,is_in_front_of,akita_black_bowl_1
pick_up_the_black_bowl_on_the_cookie_box_and_place_it_on_the_plate,demo_0,35,agentview,akita_black_bowl_2,is_left_of,glazed_rim_porcelain_ramekin_1
pick_up_the_black_bowl_on_the_cookie_box_and_place_it_on_the_plate,demo_0,35,agentview,glazed_rim_porcelain_ramekin_1,is_right_of,akita_black_bowl_2
pick_up_the_black_bowl_on_the_cookie_box_and_place_it_on_the_plate,demo_0,35,agentview,akita_black_bowl_2,is_left_of,plate_1
pick_up_the_black_bowl_on_the_cookie_box_and_place_it_on_the_plate,demo_0,35,agentview,plate_1,is_right_of,akita_black_bowl_2
pick_up_the_black_bowl_on_the_cookie_box_and_place_it_on_the_plate,demo_0,35,agentview,akita_black_bowl_2,is_in_front_of,wooden_cabinet_1
pick_up_the_black_bowl_on_the_cookie_box_and_place_it_on_the_plate,demo_0,35,agentview,wooden_cabinet_1,is_behind,akita_black_bowl_2
pick_up_the_black_bowl_on_the_cookie_box_and_place_it_on_the_plate,demo_0,35,agentview,akita_black_bowl_2,is_in_front_of,flat_stove_1
pick_up_the_black_bowl_on_the_cookie_box_and_place_it_on_the_plate,demo_0,35,agentview,flat_stove_1,is_behind,akita_black_bowl_2
pick_up_the_black_bowl_on_the_cookie_box_and_place_it_on_the_plate,demo_0,35,agentview,glazed_rim_porcelain_ramekin_1,is_left_of,plate_1
pick_up_the_black_bowl_on_the_cookie_box_and_place_it_on_the_plate,demo_0,35,agentview,plate_1,is_right_of,glazed_rim_porcelain_ramekin_1
pick_up_the_black_bowl_on_the_cookie_box_and_place_it_on_the_plate,demo_0,35,agentview,glazed_rim_porcelain_ramekin_1,is_in_front_of,wooden_cabinet_1
pick_up_the_black_bowl_on_the_cookie_box_and_place_it_on_the_plate,demo_0,35,agentview,wooden_cabinet_1,is_behind,glazed_rim_porcelain_ramekin_1
pick_up_the_black_bowl_on_the_cookie_box_and_place_it_on_the_plate,demo_0,35,agentview,glazed_rim_porcelain_ramekin_1,is_in_front_of,flat_stove_1
pick_up_the_black_bowl_on_the_cookie_box_and_place_it_on_the_plate,demo_0,35,agentview,flat_stove_1,is_behind,glazed_rim_porcelain_ramekin_1
pick_up_the_black_bowl_on_the_cookie_box_and_place_it_on_the_plate,demo_0,35,agentview,plate_1,is_in_front_of,wooden_cabinet_1
pick_up_the_black_bowl_on_the_cookie_box_and_place_it_on_the_plate,demo_0,35,agentview,wooden_cabinet_1,is_behind,plate_1
pick_up_the_black_bowl_on_the_cookie_box_and_place_it_on_the_plate,demo_0,35,agentview,plate_1,is_in_front_of,flat_stove_1
pick_up_the_black_bowl_on_the_cookie_box_and_place_it_on_the_plate,demo_0,35,agentview,flat_stove_1,is_behind,plate_1
pick_up_the_black_bowl_on_the_cookie_box_and_place_it_on_the_plate,demo_0,35,agentview,wooden_cabinet_1,is_left_of,flat_stove_1
pick_up_the_black_bowl_on_the_cookie_box_and_place_it_on_the_plate,demo_0,35,agentview,flat_stove_1,is_right_of,wooden_cabinet_1
pick_up_the_black_bowl_on_the_cookie_box_and_place_it_on_the_plate,demo_0,40,agentview,akita_black_bowl_1,is_on_top_of,cookies_1
pick_up_the_black_bowl_on_the_cookie_box_and_place_it_on_the_plate,demo_0,40,agentview,cookies_1,is_below_of,akita_black_bowl_1
pick_up_the_black_bowl_on_the_cookie_box_and_place_it_on_the_plate,demo_0,40,agentview,akita_black_bowl_2,is_on_top_of,plate_1
pick_up_the_black_bowl_on_the_cookie_box_and_place_it_on_the_plate,demo_0,40,agentview,plate_1,is_below_of,akita_black_bowl_2
pick_up_the_black_bowl_on_the_cookie_box_and_place_it_on_the_plate,demo_0,40,agentview,glazed_rim_porcelain_ramekin_1,is_right_of,akita_black_bowl_1
pick_up_the_black_bowl_on_the_cookie_box_and_place_it_on_the_plate,demo_0,40,agentview,akita_black_bowl_1,is_left_of,glazed_rim_porcelain_ramekin_1
pick_up_the_black_bowl_on_the_cookie_box_and_place_it_on_the_plate,demo_0,40,agentview,glazed_rim_porcelain_ramekin_1,is_right_of,akita_black_bowl_2
pick_up_the_black_bowl_on_the_cookie_box_and_place_it_on_the_plate,demo_0,40,agentview,akita_black_bowl_2,is_left_of,glazed_rim_porcelain_ramekin_1
pick_up_the_black_bowl_on_the_cookie_box_and_place_it_on_the_plate,demo_0,40,agentview,glazed_rim_porcelain_ramekin_1,is_behind,akita_black_bowl_1
pick_up_the_black_bowl_on_the_cookie_box_and_place_it_on_the_plate,demo_0,40,agentview,akita_black_bowl_1,is_in_front_of,glazed_rim_porcelain_ramekin_1
pick_up_the_black_bowl_on_the_cookie_box_and_place_it_on_the_plate,demo_0,40,agentview,glazed_rim_porcelain_ramekin_1,is_behind,akita_black_bowl_2
pick_up_the_black_bowl_on_the_cookie_box_and_place_it_on_the_plate,demo_0,40,agentview,akita_black_bowl_2,is_in_front_of,glazed_rim_porcelain_ramekin_1
pick_up_the_black_bowl_on_the_cookie_box_and_place_it_on_the_plate,demo_0,40,agentview,akita_black_bowl_1,is_in_front_of,akita_black_bowl_2
pick_up_the_black_bowl_on_the_cookie_box_and_place_it_on_the_plate,demo_0,40,agentview,akita_black_bowl_2,is_behind,akita_black_bowl_1
pick_up_the_black_bowl_on_the_cookie_box_and_place_it_on_the_plate,demo_0,40,agentview,akita_black_bowl_1,is_on_top_of,cookies_1
pick_up_the_black_bowl_on_the_cookie_box_and_place_it_on_the_plate,demo_0,40,agentview,cookies_1,is_below_of,akita_black_bowl_1
pick_up_the_black_bowl_on_the_cookie_box_and_place_it_on_the_plate,demo_0,40,agentview,akita_black_bowl_1,is_left_of,plate_1
pick_up_the_black_bowl_on_the_cookie_box_and_place_it_on_the_plate,demo_0,40,agentview,plate_1,is_right_of,akita_black_bowl_1
pick_up_the_black_bowl_on_the_cookie_box_and_place_it_on_the_plate,demo_0,40,agentview,akita_black_bowl_2,is_on_top_of,plate_1
pick_up_the_black_bowl_on_the_cookie_box_and_place_it_on_the_plate,demo_0,40,agentview,plate_1,is_below_of,akita_black_bowl_2
pick_up_the_black_bowl_on_the_cookie_box_and_place_it_on_the_plate,demo_0,40,agentview,akita_black_bowl_2,is_right_of,akita_black_bowl_1
pick_up_the_black_bowl_on_the_cookie_box_and_place_it_on_the_plate,demo_0,40,agentview,akita_black_bowl_1,is_left_of,akita_black_bowl_2
pick_up_the_black_bowl_on_the_cookie_box_and_place_it_on_the_plate,demo_0,40,agentview,cookies_1,is_behind,plate_1
pick_up_the_black_bowl_on_the_cookie_box_and_place_it_on_the_plate,demo_0,40,agentview,plate_1,is_in_front_of,cookies_1
pick_up_the_black_bowl_on_the_cookie_box_and_place_it_on_the_plate,demo_0,40,agentview,cookies_1,is_left_of,glazed_rim_porcelain_ramekin_1
pick_up_the_black_bowl_on_the_cookie_box_and_place_it_on_the_plate,demo_0,40,agentview,glazed_rim_porcelain_ramekin_1,is_right_of,cookies_1
pick_up_the_black_bowl_on_the_cookie_box_and_place_it_on_the_plate,demo_0,40,agentview,plate_1,is_right_of,cookies_1
pick_up_the_black_bowl_on_the_cookie_box_and_place_it_on_the_plate,demo_0,40,agentview,cookies_1,is_left_of,plate_1
pick_up_the_black_bowl_on_the_cookie_box_and_place_it_on_the_plate,demo_0,40,agentview,plate_1,is_left_of,glazed_rim_porcelain_ramekin_1
pick_up_the_black_bowl_on_the_cookie_box_and_place_it_on_the_plate,demo_0,40,agentview,glazed_rim_porcelain_ramekin_1,is_right_of,plate_1
pick_up_the_black_bowl_on_the_cookie_box_and_place_it_on_the_plate,demo_0,40,agentview,wooden_cabinet_1,is_behind,akita_black_bowl_1
pick_up_the_black_bowl_on_the_cookie_box_and_place_it_on_the_plate,demo_0,40,agentview,akita_black_bowl_1,is_in_front_of,wooden_cabinet_1
pick_up_the_black_bowl_on_the_cookie_box_and_place_it_on_the_plate,demo_0,40,agentview,wooden_cabinet_1,is_behind,akita_black_bowl_2
pick_up_the_black_bowl_on_the_cookie_box_and_place_it_on_the_plate,demo_0,40,agentview,akita_black_bowl_2,is_in_front_of,wooden_cabinet_1
pick_up_the_black_bowl_on_the_cookie_box_and_place_it_on_the_plate,demo_0,40,agentview,wooden_cabinet_1,is_behind,cookies_1
pick_up_the_black_bowl_on_the_cookie_box_and_place_it_on_the_plate,demo_0,40,agentview,cookies_1,is_in_front_of,wooden_cabinet_1
pick_up_the_black_bowl_on_the_cookie_box_and_place_it_on_the_plate,demo_0,40,agentview,wooden_cabinet_1,is_behind,glazed_rim_porcelain_ramekin_1
pick_up_the_black_bowl_on_the_cookie_box_and_place_it_on_the_plate,demo_0,40,agentview,glazed_rim_porcelain_ramekin_1,is_in_front_of,wooden_cabinet_1
pick_up_the_black_bowl_on_the_cookie_box_and_place_it_on_the_plate,demo_0,40,agentview,wooden_cabinet_1,is_behind,plate_1
pick_up_the_black_bowl_on_the_cookie_box_and_place_it_on_the_plate,demo_0,40,agentview,plate_1,is_in_front_of,wooden_cabinet_1
pick_up_the_black_bowl_on_the_cookie_box_and_place_it_on_the_plate,demo_0,40,agentview,flat_stove_1,is_behind,akita_black_bowl_1
pick_up_the_black_bowl_on_the_cookie_box_and_place_it_on_the_plate,demo_0,40,agentview,akita_black_bowl_1,is_in_front_of,flat_stove_1
pick_up_the_black_bowl_on_the_cookie_box_and_place_it_on_the_plate,demo_0,40,agentview,flat_stove_1,is_behind,akita_black_bowl_2
pick_up_the_black_bowl_on_the_cookie_box_and_place_it_on_the_plate,demo_0,40,agentview,akita_black_bowl_2,is_in_front_of,flat_stove_1
pick_up_the_black_bowl_on_the_cookie_box_and_place_it_on_the_plate,demo_0,40,agentview,flat_stove_1,is_behind,cookies_1
pick_up_the_black_bowl_on_the_cookie_box_and_place_it_on_the_plate,demo_0,40,agentview,cookies_1,is_in_front_of,flat_stove_1
pick_up_the_black_bowl_on_the_cookie_box_and_place_it_on_the_plate,demo_0,40,agentview,flat_stove_1,is_behind,glazed_rim_porcelain_ramekin_1
pick_up_the_black_bowl_on_the_cookie_box_and_place_it_on_the_plate,demo_0,40,agentview,glazed_rim_porcelain_ramekin_1,is_in_front_of,flat_stove_1
pick_up_the_black_bowl_on_the_cookie_box_and_place_it_on_the_plate,demo_0,40,agentview,flat_stove_1,is_behind,plate_1
pick_up_the_black_bowl_on_the_cookie_box_and_place_it_on_the_plate,demo_0,40,agentview,plate_1,is_in_front_of,flat_stove_1
pick_up_the_black_bowl_on_the_cookie_box_and_place_it_on_the_plate,demo_0,45,agentview,akita_black_bowl_1,is_on_top_of,cookies_1
pick_up_the_black_bowl_on_the_cookie_box_and_place_it_on_the_plate,demo_0,45,agentview,cookies_1,is_below_of,akita_black_bowl_1
pick_up_the_black_bowl_on_the_cookie_box_and_place_it_on_the_plate,demo_0,45,agentview,akita_black_bowl_1,is_behind,akita_black_bowl_2
pick_up_the_black_bowl_on_the_cookie_box_and_place_it_on_the_plate,demo_0,45,agentview,akita_black_bowl_2,is_in_front_of,akita_black_bowl_1
pick_up_the_black_bowl_on_the_cookie_box_and_place_it_on_the_plate,demo_0,45,agentview,akita_black_bowl_1,is_behind,glazed_rim_porcelain_ramekin_1
pick_up_the_black_bowl_on_the_cookie_box_and_place_it_on_the_plate,demo_0,45,agentview,glazed_rim_porcelain_ramekin_1,is_in_front_of,akita_black_bowl_1
pick_up_the_black_bowl_on_the_cookie_box_and_place_it_on_the_plate,demo_0,45,agentview,akita_black_bowl_1,is_behind,plate_1
pick_up_the_black_bowl_on_the_cookie_box_and_place_it_on_the_plate,demo_0,45,agentview,plate_1,is_in_front_of,akita_black_bowl_1
pick_up_the_black_bowl_on_the_cookie_box_and_place_it_on_the_plate,demo_0,45,agentview,akita_black_bowl_1,is_right_of,akita_black_bowl_2
pick_up_the_black_bowl_on_the_cookie_box_and_place_it_on_the_plate,demo_0,45,agentview,akita_black_bowl_2,is_left_of,akita_black_bowl_1
pick_up_the_black_bowl_on_the_cookie_box_and_place_it_on_the_plate,demo_0,45,agentview,akita_black_bowl_1,is_right_of,glazed_rim_porcelain_ramekin_1
pick_up_the_black_bowl_on_the_cookie_box_and_place_it_on_the_plate,demo_0,45,agentview,glazed_rim_porcelain_ramekin_1,is_left_of,akita_black_bowl_1
pick_up_the_black_bowl_on_the_cookie_box_and_place_it_on_the_plate,demo_0,45,agentview,akita_black_bowl_2,is_on_top_of,wooden_cabinet_1
pick_up_the_black_bowl_on_the_cookie_box_and_place_it_on_the_plate,demo_0,45,agentview,wooden_cabinet_1,is_below_of,akita_black_bowl_2
pick_up_the_black_bowl_on_the_cookie_box_and_place_it_on_the_plate,demo_0,45,agentview,akita_black_bowl_2,is_in_front_of,akita_black_bowl_1
pick_up_the_black_bowl_on_the_cookie_box_and_place_it_on_the_plate,demo_0,45,agentview,akita_black_bowl_1,is_behind,akita_black_bowl_2
pick_up_the_black_bowl_on_the_cookie_box_and_place_it_on_the_plate,demo_0,45,agentview,akita_black_bowl_2,is_behind,glazed_rim_porcelain_ramekin_1
pick_up_the_black_bowl_on_the_cookie_box_and_place_it_on_the_plate,demo_0,45,agentview,glazed_rim_porcelain_ramekin_1,is_in_front_of,akita_black_bowl_2
pick_up_the_black_bowl_on_the_cookie_box_and_place_it_on_the_plate,demo_0,45,agentview,akita_black_bowl_2,is_behind,plate_1
pick_up_the_black_bowl_on_the_cookie_box_and_place_it_on_the_plate,demo_0,45,agentview,plate_1,is_in_front_of,akita_black_bowl_2
pick_up_the_black_bowl_on_the_cookie_box_and_place_it_on_the_plate,demo_0,45,agentview,akita_black_bowl_2,is_right_of,glazed_rim_porcelain_ramekin_1
pick_up_the_black_bowl_on_the_cookie_box_and_place_it_on_the_plate,demo_0,45,agentview,glazed_rim_porcelain_ramekin_1,is_left_of,akita_black_bowl_2
pick_up_the_black_bowl_on_the_cookie_box_and_place_it_on_the_plate,demo_0,45,agentview,cookies_1,is_on_top_of,flat_stove_1
pick_up_the_black_bowl_on_the_cookie_box_and_place_it_on_the_plate,demo_0,45,agentview,flat_stove_1,is_below_of,cookies_1
pick_up_the_black_bowl_on_the_cookie_box_and_place_it_on_the_plate,demo_0,45,agentview,cookies_1,is_behind,akita_black_bowl_2
pick_up_the_black_bowl_on_the_cookie_box_and_place_it_on_the_plate,demo_0,45,agentview,akita_black_bowl_2,is_in_front_of,cookies_1
pick_up_the_black_bowl_on_the_cookie_box_and_place_it_on_the_plate,demo_0,45,agentview,cookies_1,is_behind,glazed_rim_porcelain_ramekin_1
pick_up_the_black_bowl_on_the_cookie_box_and_place_it_on_the_plate,demo_0,45,agentview,glazed_rim_porcelain_ramekin_1,is_in_front_of,cookies_1
pick_up_the_black_bowl_on_the_cookie_box_and_place_it_on_the_plate,demo_0,45,agentview,cookies_1,is_behind,plate_1
pick_up_the_black_bowl_on_the_cookie_box_and_place_it_on_the_plate,demo_0,45,agentview,plate_1,is_in_front_of,cookies_1
pick_up_the_black_bowl_on_the_cookie_box_and_place_it_on_the_plate,demo_0,45,agentview,cookies_1,is_right_of,akita_black_bowl_2
pick_up_the_black_bowl_on_the_cookie_box_and_place_it_on_the_plate,demo_0,45,agentview,akita_black_bowl_2,is_left_of,cookies_1
pick_up_the_black_bowl_on_the_cookie_box_and_place_it_on_the_plate,demo_0,45,agentview,glazed_rim_porcelain_ramekin_1,is_on_top_of,wooden_cabinet_1
pick_up_the_black_bowl_on_the_cookie_box_and_place_it_on_the_plate,demo_0,45,agentview,wooden_cabinet_1,is_below_of,glazed_rim_porcelain_ramekin_1
pick_up_the_black_bowl_on_the_cookie_box_and_place_it_on_the_plate,demo_0,45,agentview,glazed_rim_porcelain_ramekin_1,is_in_front_of,akita_black_bowl_1
pick_up_the_black_bowl_on_the_cookie_box_and_place_it_on_the_plate,demo_0,45,agentview,akita_black_bowl_1,is_behind,glazed_rim_porcelain_ramekin_1
pick_up_the_black_bowl_on_the_cookie_box_and_place_it_on_the_plate,demo_0,45,agentview,glazed_rim_porcelain_ramekin_1,is_in_front_of,akita_black_bowl_2
pick_up_the_black_bowl_on_the_cookie_box_and_place_it_on_the_plate,demo_0,45,agentview,akita_black_bowl_2,is_behind,glazed_rim_porcelain_ramekin_1
pick_up_the_black_bowl_on_the_cookie_box_and_place_it_on_the_plate,demo_0,45,agentview,glazed_rim_porcelain_ramekin_1,is_in_front_of,cookies_1
pick_up_the_black_bowl_on_the_cookie_box_and_place_it_on_the_plate,demo_0,45,agentview,cookies_1,is_behind,glazed_rim_porcelain_ramekin_1
pick_up_the_black_bowl_on_the_cookie_box_and_place_it_on_the_plate,demo_0,45,agentview,glazed_rim_porcelain_ramekin_1,is_in_front_of,plate_1
pick_up_the_black_bowl_on_the_cookie_box_and_place_it_on_the_plate,demo_0,45,agentview,plate_1,is_behind,glazed_rim_porcelain_ramekin_1
pick_up_the_black_bowl_on_the_cookie_box_and_place_it_on_the_plate,demo_0,45,agentview,glazed_rim_porcelain_ramekin_1,is_left_of,akita_black_bowl_1
pick_up_the_black_bowl_on_the_cookie_box_and_place_it_on_the_plate,demo_0,45,agentview,akita_black_bowl_1,is_right_of,glazed_rim_porcelain_ramekin_1
pick_up_the_black_bowl_on_the_cookie_box_and_place_it_on_the_plate,demo_0,45,agentview,glazed_rim_porcelain_ramekin_1,is_left_of,akita_black_bowl_2
pick_up_the_black_bowl_on_the_cookie_box_and_place_it_on_the_plate,demo_0,45,agentview,akita_black_bowl_2,is_right_of,glazed_rim_porcelain_ramekin_1
pick_up_the_black_bowl_on_the_cookie_box_and_place_it_on_the_plate,demo_0,45,agentview,plate_1,is_on_top_of,wooden_cabinet_1
pick_up_the_black_bowl_on_the_cookie_box_and_place_it_on_the_plate,demo_0,45,agentview,wooden_cabinet_1,is_below_of,plate_1
pick_up_the_black_bowl_on_the_cookie_box_and_place_it_on_the_plate,demo_0,45,agentview,plate_1,is_in_front_of,akita_black_bowl_1
pick_up_the_black_bowl_on_the_cookie_box_and_place_it_on_the_plate,demo_0,45,agentview,akita_black_bowl_1,is_behind,plate_1
pick_up_the_black_bowl_on_the_cookie_box_and_place_it_on_the_plate,demo_0,45,agentview,plate_1,is_in_front_of,akita_black_bowl_2
pick_up_the_black_bowl_on_the_cookie_box_and_place_it_on_the_plate,demo_0,45,agentview,akita_black_bowl_2,is_behind,plate_1
pick_up_the_black_bowl_on_the_cookie_box_and_place_it_on_the_plate,demo_0,45,agentview,plate_1,is_in_front_of,cookies_1
pick_up_the_black_bowl_on_the_cookie_box_and_place_it_on_the_plate,demo_0,45,agentview,cookies_1,is_behind,plate_1
pick_up_the_black_bowl_on_the_cookie_box_and_place_it_on_the_plate,demo_0,45,agentview,plate_1,is_behind,glazed_rim_porcelain_ramekin_1
pick_up_the_black_bowl_on_the_cookie_box_and_place_it_on_the_plate,demo_0,45,agentview,glazed_rim_porcelain_ramekin_1,is_in_front_of,plate_1
pick_up_the_black_bowl_on_the_cookie_box_and_place_it_on_the_plate,demo_0,45,agentview,wooden_cabinet_1,is_below_of,akita_black_bowl_2
pick_up_the_black_bowl_on_the_cookie_box_and_place_it_on_the_plate,demo_0,45,agentview,akita_black_bowl_2,is_on_top_of,wooden_cabinet_1
pick_up_the_black_bowl_on_the_cookie_box_and_place_it_on_the_plate,demo_0,45,agentview,wooden_cabinet_1,is_below_of,glazed_rim_porcelain_ramekin_1
pick_up_the_black_bowl_on_the_cookie_box_and_place_it_on_the_plate,demo_0,45,agentview,glazed_rim_porcelain_ramekin_1,is_on_top_of,wooden_cabinet_1
pick_up_the_black_bowl_on_the_cookie_box_and_place_it_on_the_plate,demo_0,45,agentview,wooden_cabinet_1,is_below_of,plate_1
pick_up_the_black_bowl_on_the_cookie_box_and_place_it_on_the_plate,demo_0,45,agentview,plate_1,is_on_top_of,wooden_cabinet_1
pick_up_the_black_bowl_on_the_cookie_box_and_place_it_on_the_plate,demo_0,45,agentview,flat_stove_1,is_below_of,cookies_1
pick_up_the_black_bowl_on_the_cookie_box_and_place_it_on_the_plate,demo_0,45,agentview,cookies_1,is_on_top_of,flat_stove_1
pick_up_the_black_bowl_on_the_cookie_box_and_place_it_on_the_plate,demo_0,50,agentview,akita_black_bowl_1,is_on_top_of,cookies_1
pick_up_the_black_bowl_on_the_cookie_box_and_place_it_on_the_plate,demo_0,50,agentview,cookies_1,is_below_of,akita_black_bowl_1
pick_up_the_black_bowl_on_the_cookie_box_and_place_it_on_the_plate,demo_0,50,agentview,akita_black_bowl_1,is_in_front_of,akita_black_bowl_2
pick_up_the_black_bowl_on_the_cookie_box_and_place_it_on_the_plate,demo_0,50,agentview,akita_black_bowl_1,is_in_front_of,glazed_rim_porcelain_ramekin_1
pick_up_the_black_bowl_on_the_cookie_box_and_place_it_on_the_plate,demo_0,50,agentview,akita_black_bowl_1,is_in_front_of,plate_1
pick_up_the_black_bowl_on_the_cookie_box_and_place_it_on_the_plate,demo_0,50,agentview,akita_black_bowl_1,is_in_front_of,wooden_cabinet_1
pick_up_the_black_bowl_on_the_cookie_box_and_place_it_on_the_plate,demo_0,50,agentview,akita_black_bowl_1,is_behind,flat_stove_1
pick_up_the_black_bowl_on_the_cookie_box_and_place_it_on_the_plate,demo_0,50,agentview,akita_black_bowl_2,is_behind,akita_black_bowl_1
pick_up_the_black_bowl_on_the_cookie_box_and_place_it_on_the_plate,demo_0,50,agentview,akita_black_bowl_2,is_on_top_of,plate_1
pick_up_the_black_bowl_on_the_cookie_box_and_place_it_on_the_plate,demo_0,50,agentview,akita_black_bowl_2,is_in_front_of,glazed_rim_porcelain_ramekin_1
pick_up_the_black_bowl_on_the_cookie_box_and_place_it_on_the_plate,demo_0,50,agentview,akita_black_bowl_2,is_in_front_of,wooden_cabinet_1
pick_up_the_black_bowl_on_the_cookie_box_and_place_it_on_the_plate,demo_0,50,agentview,akita_black_bowl_2,is_behind,flat_stove_1
pick_up_the_black_bowl_on_the_cookie_box_and_place_it_on_the_plate,demo_0,50,agentview,akita_black_bowl_2,is_right_of,akita_black_bowl_1
pick_up_the_black_bowl_on_the_cookie_box_and_place_it_on_the_plate,demo_0,50,agentview,cookies_1,is_on_top_of,flat_stove_1
pick_up_the_black_bowl_on_the_cookie_box_and_place_it_on_the_plate,demo_0,50,agentview,cookies_1,is_in_front_of,akita_black_bowl_2
pick_up_the_black_bowl_on_the_cookie_box_and_place_it_on_the_plate,demo_0,50,agentview,cookies_1,is_in_front_of,glazed_rim_porcelain_ramekin_1
pick_up_the_black_bowl_on_the_cookie_box_and_place_it_on_the_plate,demo_0,50,agentview,cookies_1,is_in_front_of,plate_1
pick_up_the_black_bowl_on_the_cookie_box_and_place_it_on_the_plate,demo_0,50,agentview,cookies_1,is_in_front_of,wooden_cabinet_1
pick_up_the_black_bowl_on_the_cookie_box_and_place_it_on_the_plate,demo_0,50,agentview,glazed_rim_porcelain_ramekin_1,is_behind,akita_black_bowl_1
pick_up_the_black_bowl_on_the_cookie_box_and_place_it_on_the_plate,demo_0,50,agentview,glazed_rim_porcelain_ramekin_1,is_behind,akita_black_bowl_2
pick_up_the_black_bowl_on_the_cookie_box_and_place_it_on_the_plate,demo_0,50,agentview,glazed_rim_porcelain_ramekin_1,is_behind,cookies_1
pick_up_the_black_bowl_on_the_cookie_box_and_place_it_on_the_plate,demo_0,50,agentview,glazed_rim_porcelain_ramekin_1,is_on_top_of,wooden_cabinet_1
pick_up_the_black_bowl_on_the_cookie_box_and_place_it_on_the_plate,demo_0,50,agentview,glazed_rim_porcelain_ramekin_1,is_in_front_of,plate_1
pick_up_the_black_bowl_on_the_cookie_box_and_place_it_on_the_plate,demo_0,50,agentview,glazed_rim_porcelain_ramekin_1,is_behind,flat_stove_1
pick_up_the_black_bowl_on_the_cookie_box_and_place_it_on_the_plate,demo_0,50,agentview,glazed_rim_porcelain_ramekin_1,is_left_of,akita_black_bowl_1
pick_up_the_black_bowl_on_the_cookie_box_and_place_it_on_the_plate,demo_0,50,agentview,glazed_rim_porcelain_ramekin_1,is_left_of,akita_black_bowl_2
pick_up_the_black_bowl_on_the_cookie_box_and_place_it_on_the_plate,demo_0,50,agentview,plate_1,is_behind,akita_black_bowl_1
pick_up_the_black_bowl_on_the_cookie_box_and_place_it_on_the_plate,demo_0,50,agentview,plate_1,is_behind,cookies_1
pick_up_the_black_bowl_on_the_cookie_box_and_place_it_on_the_plate,demo_0,50,agentview,plate_1,is_on_top_of,flat_stove_1
pick_up_the_black_bowl_on_the_cookie_box_and_place_it_on_the_plate,demo_0,50,agentview,plate_1,is_behind,glazed_rim_porcelain_ramekin_1
pick_up_the_black_bowl_on_the_cookie_box_and_place_it_on_the_plate,demo_0,50,agentview,plate_1,is_in_front_of,wooden_cabinet_1
pick_up_the_black_bowl_on_the_cookie_box_and_place_it_on_the_plate,demo_0,50,agentview,wooden_cabinet_1,is_behind,akita_black_bowl_1
pick_up_the_black_bowl_on_the_cookie_box_and_place_it_on_the_plate,demo_0,50,agentview,wooden_cabinet_1,is_behind,akita_black_bowl_2
pick_up_the_black_bowl_on_the_cookie_box_and_place_it_on_the_plate,demo_0,50,agentview,wooden_cabinet_1,is_behind,cookies_1
pick_up_the_black_bowl_on_the_cookie_box_and_place_it_on_the_plate,demo_0,50,agentview,wooden_cabinet_1,is_below_of,glazed_rim_porcelain_ramekin_1
pick_up_the_black_bowl_on_the_cookie_box_and_place_it_on_the_plate,demo_0,50,agentview,wooden_cabinet_1,is_behind,plate_1
pick_up_the_black_bowl_on_the_cookie_box_and_place_it_on_the_plate,demo_0,50,agentview,wooden_cabinet_1,is_behind,flat_stove_1
pick_up_the_black_bowl_on_the_cookie_box_and_place_it_on_the_plate,demo_0,50,agentview,flat_stove_1,is_in_front_of,akita_black_bowl_1
pick_up_the_black_bowl_on_the_cookie_box_and_place_it_on_the_plate,demo_0,50,agentview,flat_stove_1,is_in_front_of,akita_black_bowl_2
pick_up_the_black_bowl_on_the_cookie_box_and_place_it_on_the_plate,demo_0,50,agentview,flat_stove_1,is_below_of,cookies_1
pick_up_the_black_bowl_on_the_cookie_box_and_place_it_on_the_plate,demo_0,50,agentview,flat_stove_1,is_in_front_of,glazed_rim_porcelain_ramekin_1
pick_up_the_black_bowl_on_the_cookie_box_and_place_it_on_the_plate,demo_0,50,agentview,flat_stove_1,is_below_of,plate_1
pick_up_the_black_bowl_on_the_cookie_box_and_place_it_on_the_plate,demo_0,50,agentview,flat_stove_1,is_in_front_of,wooden_cabinet_1
pick_up_the_black_bowl_on_the_cookie_box_and_place_it_on_the_plate,demo_0,55,agentview,akita_black_bowl_1,is_on_top_of,cookies_1
pick_up_the_black_bowl_on_the_cookie_box_and_place_it_on_the_plate,demo_0,55,agentview,cookies_1,is_below_of,akita_black_bowl_1
pick_up_the_black_bowl_on_the_cookie_box_and_place_it_on_the_plate,demo_0,55,agentview,akita_black_bowl_1,is_behind,akita_black_bowl_2
pick_up_the_black_bowl_on_the_cookie_box_and_place_it_on_the_plate,demo_0,55,agentview,akita_black_bowl_2,is_in_front_of,akita_black_bowl_1
pick_up_the_black_bowl_on_the_cookie_box_and_place_it_on_the_plate,demo_0,55,agentview,akita_black_bowl_1,is_behind,glazed_rim_porcelain_ramekin_1
pick_up_the_black_bowl_on_the_cookie_box_and_place_it_on_the_plate,demo_0,55,agentview,glazed_rim_porcelain_ramekin_1,is_in_front_of,akita_black_bowl_1
pick_up_the_black_bowl_on_the_cookie_box_and_place_it_on_the_plate,demo_0,55,agentview,akita_black_bowl_1,is_behind,plate_1
pick_up_the_black_bowl_on_the_cookie_box_and_place_it_on_the_plate,demo_0,55,agentview,plate_1,is_in_front_of,akita_black_bowl_1
pick_up_the_black_bowl_on_the_cookie_box_and_place_it_on_the_plate,demo_0,55,agentview,akita_black_bowl_1,is_behind,wooden_cabinet_1
pick_up_the_black_bowl_on_the_cookie_box_and_place_it_on_the_plate,demo_0,55,agentview,wooden_cabinet_1,is_in_front_of,akita_black_bowl_1
pick_up_the_black_bowl_on_the_cookie_box_and_place_it_on_the_plate,demo_0,55,agentview,akita_black_bowl_1,is_behind,flat_stove_1
pick_up_the_black_bowl_on_the_cookie_box_and_place_it_on_the_plate,demo_0,55,agentview,flat_stove_1,is_in_front_of,akita_black_bowl_1
pick_up_the_black_bowl_on_the_cookie_box_and_place_it_on_the_plate,demo_0,55,agentview,akita_black_bowl_2,is_on_top_of,plate_1
pick_up_the_black_bowl_on_the_cookie_box_and_place_it_on_the_plate,demo_0,55,agentview,plate_1,is_below_of,akita_black_bowl_2
pick_up_the_black_bowl_on_the_cookie_box_and_place_it_on_the_plate,demo_0,55,agentview,akita_black_bowl_2,is_in_front_of,akita_black_bowl_1
pick_up_the_black_bowl_on_the_cookie_box_and_place_it_on_the_plate,demo_0,55,agentview,akita_black_bowl_1,is_behind,akita_black_bowl_2
pick_up_the_black_bowl_on_the_cookie_box_and_place_it_on_the_plate,demo_0,55,agentview,akita_black_bowl_2,is_left_of,glazed_rim_porcelain_ramekin_1
pick_up_the_black_bowl_on_the_cookie_box_and_place_it_on_the_plate,demo_0,55,agentview,glazed_rim_porcelain_ramekin_1,is_right_of,akita_black_bowl_2
pick_up_the_black_bowl_on_the_cookie_box_and_place_it_on_the_plate,demo_0,55,agentview,akita_black_bowl_2,is_left_of,plate_1
pick_up_the_black_bowl_on_the_cookie_box_and_place_it_on_the_plate,demo_0,55,agentview,plate_1,is_right_of,akita_black_bowl_2
pick_up_the_black_bowl_on_the_cookie_box_and_place_it_on_the_plate,demo_0,55,agentview,akita_black_bowl_2,is_behind,wooden_cabinet_1
pick_up_the_black_bowl_on_the_cookie_box_and_place_it_on_the_plate,demo_0,55,agentview,wooden_cabinet_1,is_in_front_of,akita_black_bowl_2
pick_up_the_black_bowl_on_the_cookie_box_and_place_it_on_the_plate,demo_0,55,agentview,akita_black_bowl_2,is_behind,flat_stove_1
pick_up_the_black_bowl_on_the_cookie_box_and_place_it_on_the_plate,demo_0,55,agentview,flat_stove_1,is_in_front_of,akita_black_bowl_2
pick_up_the_black_bowl_on_the_cookie_box_and_place_it_on_the_plate,demo_0,55,agentview,cookies_1,is_below_of,akita_black_bowl_1
pick_up_the_black_bowl_on_the_cookie_box_and_place_it_on_the_plate,demo_0,55,agentview,akita_black_bowl_1,is_on_top_of,cookies_1
pick_up_the_black_bowl_on_the_cookie_box_and_place_it_on_the_plate,demo_0,55,agentview,cookies_1,is_behind,akita_black_bowl_2
pick_up_the_black_bowl_on_the_cookie_box_and_place_it_on_the_plate,demo_0,55,agentview,akita_black_bowl_2,is_in_front_of,cookies_1
pick_up_the_black_bowl_on_the_cookie_box_and_place_it_on_the_plate,demo_0,55,agentview,cookies_1,is_behind,glazed_rim_porcelain_ramekin_1
pick_up_the_black_bowl_on_the_cookie_box_and_place_it_on_the_plate,demo_0,55,agentview,glazed_rim_porcelain_ramekin_1,is_in_front_of,cookies_1
pick_up_the_black_bowl_on_the_cookie_box_and_place_it_on_the_plate,demo_0,55,agentview,cookies_1,is_behind,plate_1
pick_up_the_black_bowl_on_the_cookie_box_and_place_it_on_the_plate,demo_0,55,agentview,plate_1,is_in_front_of,cookies_1
pick_up_the_black_bowl_on_the_cookie_box_and_place_it_on_the_plate,demo_0,55,agentview,cookies_1,is_behind,wooden_cabinet_1
pick_up_the_black_bowl_on_the_cookie_box_and_place_it_on_the_plate,demo_0,55,agentview,wooden_cabinet_1,is_in_front_of,cookies_1
pick_up_the_black_bowl_on_the_cookie_box_and_place_it_on_the_plate,demo_0,55,agentview,cookies_1,is_behind,flat_stove_1
pick_up_the_black_bowl_on_the_cookie_box_and_place_it_on_the_plate,demo_0,55,agentview,flat_stove_1,is_in_front_of,cookies_1
pick_up_the_black_bowl_on_the_cookie_box_and_place_it_on_the_plate,demo_0,55,agentview,glazed_rim_porcelain_ramekin_1,is_right_of,akita_black_bowl_2
pick_up_the_black_bowl_on_the_cookie_box_and_place_it_on_the_plate,demo_0,55,agentview,akita_black_bowl_2,is_left_of,glazed_rim_porcelain_ramekin_1
pick_up_the_black_bowl_on_the_cookie_box_and_place_it_on_the_plate,demo_0,55,agentview,glazed_rim_porcelain_ramekin_1,is_right_of,plate_1
pick_up_the_black_bowl_on_the_cookie_box_and_place_it_on_the_plate,demo_0,55,agentview,plate_1,is_left_of,glazed_rim_porcelain_ramekin_1
pick_up_the_black_bowl_on_the_cookie_box_and_place_it_on_the_plate,demo_0,55,agentview,glazed_rim_porcelain_ramekin_1,is_in_front_of,akita_black_bowl_1
pick_up_the_black_bowl_on_the_cookie_box_and_place_it_on_the_plate,demo_0,55,agentview,akita_black_bowl_1,is_behind,glazed_rim_porcelain_ramekin_1
pick_up_the_black_bowl_on_the_cookie_box_and_place_it_on_the_plate,demo_0,55,agentview,glazed_rim_porcelain_ramekin_1,is_in_front_of,cookies_1
pick_up_the_black_bowl_on_the_cookie_box_and_place_it_on_the_plate,demo_0,55,agentview,cookies_1,is_behind,glazed_rim_porcelain_ramekin_1
pick_up_the_black_bowl_on_the_cookie_box_and_place_it_on_the_plate,demo_0,55,agentview,glazed_rim_porcelain_ramekin_1,is_behind,wooden_cabinet_1
pick_up_the_black_bowl_on_the_cookie_box_and_place_it_on_the_plate,demo_0,55,agentview,wooden_cabinet_1,is_in_front_of,glazed_rim_porcelain_ramekin_1
pick_up_the_black_bowl_on_the_cookie_box_and_place_it_on_the_plate,demo_0,55,agentview,glazed_rim_porcelain_ramekin_1,is_behind,flat_stove_1
pick_up_the_black_bowl_on_the_cookie_box_and_place_it_on_the_plate,demo_0,55,agentview,flat_stove_1,is_in_front_of,glazed_rim_porcelain_ramekin_1
pick_up_the_black_bowl_on_the_cookie_box_and_place_it_on_the_plate,demo_0,55,agentview,plate_1,is_below_of,akita_black_bowl_2
pick_up_the_black_bowl_on_the_cookie_box_and_place_it_on_the_plate,demo_0,55,agentview,akita_black_bowl_2,is_on_top_of,plate_1
pick_up_the_black_bowl_on_the_cookie_box_and_place_it_on_the_plate,demo_0,55,agentview,plate_1,is_right_of,akita_black_bowl_2
pick_up_the_black_bowl_on_the_cookie_box_and_place_it_on_the_plate,demo_0,55,agentview,akita_black_bowl_2,is_left_of,plate_1
pick_up_the_black_bowl_on_the_cookie_box_and_place_it_on_the_plate,demo_0,55,agentview,plate_1,is_left_of,glazed_rim_porcelain_ramekin_1
pick_up_the_black_bowl_on_the_cookie_box_and_place_it_on_the_plate,demo_0,55,agentview,glazed_rim_porcelain_ramekin_1,is_right_of,plate_1
pick_up_the_black_bowl_on_the_cookie_box_and_place_it_on_the_plate,demo_0,55,agentview,plate_1,is_in_front_of,akita_black_bowl_1
pick_up_the_black_bowl_on_the_cookie_box_and_place_it_on_the_plate,demo_0,55,agentview,akita_black_bowl_1,is_behind,plate_1
pick_up_the_black_bowl_on_the_cookie_box_and_place_it_on_the_plate,demo_0,55,agentview,plate_1,is_in_front_of,cookies_1
pick_up_the_black_bowl_on_the_cookie_box_and_place_it_on_the_plate,demo_0,55,agentview,cookies_1,is_behind,plate_1
pick_up_the_black_bowl_on_the_cookie_box_and_place_it_on_the_plate,demo_0,55,agentview,plate_1,is_behind,wooden_cabinet_1
pick_up_the_black_bowl_on_the_cookie_box_and_place_it_on_the_plate,demo_0,55,agentview,wooden_cabinet_1,is_in_front_of,plate_1
pick_up_the_black_bowl_on_the_cookie_box_and_place_it_on_the_plate,demo_0,55,agentview,plate_1,is_behind,flat_stove_1
pick_up_the_black_bowl_on_the_cookie_box_and_place_it_on_the_plate,demo_0,55,agentview,flat_stove_1,is_in_front_of,plate_1
pick_up_the_black_bowl_on_the_cookie_box_and_place_it_on_the_plate,demo_0,55,agentview,wooden_cabinet_1,is_in_front_of,akita_black_bowl_1
pick_up_the_black_bowl_on_the_cookie_box_and_place_it_on_the_plate,demo_0,55,agentview,akita_black_bowl_1,is_behind,wooden_cabinet_1
pick_up_the_black_bowl_on_the_cookie_box_and_place_it_on_the_plate,demo_0,55,agentview,wooden_cabinet_1,is_in_front_of,akita_black_bowl_2
pick_up_the_black_bowl_on_the_cookie_box_and_place_it_on_the_plate,demo_0,55,agentview,akita_black_bowl_2,is_behind,wooden_cabinet_1
pick_up_the_black_bowl_on_the_cookie_box_and_place_it_on_the_plate,demo_0,55,agentview,wooden_cabinet_1,is_in_front_of,cookies_1
pick_up_the_black_bowl_on_the_cookie_box_and_place_it_on_the_plate,demo_0,55,agentview,cookies_1,is_behind,wooden_cabinet_1
pick_up_the_black_bowl_on_the_cookie_box_and_place_it_on_the_plate,demo_0,55,agentview,wooden_cabinet_1,is_in_front_of,glazed_rim_porcelain_ramekin_1
pick_up_the_black_bowl_on_the_cookie_box_and_place_it_on_the_plate,demo_0,55,agentview,glazed_rim_porcelain_ramekin_1,is_behind,wooden_cabinet_1
pick_up_the_black_bowl_on_the_cookie_box_and_place_it_on_the_plate,demo_0,55,agentview,wooden_cabinet_1,is_in_front_of,plate_1
pick_up_the_black_bowl_on_the_cookie_box_and_place_it_on_the_plate,demo_0,55,agentview,plate_1,is_behind,wooden_cabinet_1
pick_up_the_black_bowl_on_the_cookie_box_and_place_it_on_the_plate,demo_0,55,agentview,wooden_cabinet_1,is_right_of,flat_stove_1
pick_up_the_black_bowl_on_the_cookie_box_and_place_it_on_the_plate,demo_0,55,agentview,flat_stove_1,is_left_of,wooden_cabinet_1
pick_up_the_black_bowl_on_the_cookie_box_and_place_it_on_the_plate,demo_0,55,agentview,flat_stove_1,is_in_front_of,akita_black_bowl_1
pick_up_the_black_bowl_on_the_cookie_box_and_place_it_on_the_plate,demo_0,55,agentview,akita_black_bowl_1,is_behind,flat_stove_1
pick_up_the_black_bowl_on_the_cookie_box_and_place_it_on_the_plate,demo_0,55,agentview,flat_stove_1,is_in_front_of,akita_black_bowl_2
pick_up_the_black_bowl_on_the_cookie_box_and_place_it_on_the_plate,demo_0,55,agentview,akita_black_bowl_2,is_behind,flat_stove_1
pick_up_the_black_bowl_on_the_cookie_box_and_place_it_on_the_plate,demo_0,55,agentview,flat_stove_1,is_in_front_of,cookies_1
pick_up_the_black_bowl_on_the_cookie_box_and_place_it_on_the_plate,demo_0,55,agentview,cookies_1,is_behind,flat_stove_1
pick_up_the_black_bowl_on_the_cookie_box_and_place_it_on_the_plate,demo_0,55,agentview,flat_stove_1,is_in_front_of,glazed_rim_porcelain_ramekin_1
pick_up_the_black_bowl_on_the_cookie_box_and_place_it_on_the_plate,demo_0,55,agentview,glazed_rim_porcelain_ramekin_1,is_behind,flat_stove_1
pick_up_the_black_bowl_on_the_cookie_box_and_place_it_on_the_plate,demo_0,55,agentview,flat_stove_1,is_in_front_of,plate_1
pick_up_the_black_bowl_on_the_cookie_box_and_place_it_on_the_plate,demo_0,55,agentview,plate_1,is_behind,flat_stove_1
pick_up_the_black_bowl_on_the_cookie_box_and_place_it_on_the_plate,demo_0,55,agentview,flat_stove_1,is_left_of,wooden_cabinet_1
pick_up_the_black_bowl_on_the_cookie_box_and_place_it_on_the_plate,demo_0,55,agentview,wooden_cabinet_1,is_right_of,flat_stove_1
pick_up_the_black_bowl_on_the_cookie_box_and_place_it_on_the_plate,demo_0,60,agentview,akita_black_bowl_1,is_on_top_of,cookies_1
pick_up_the_black_bowl_on_the_cookie_box_and_place_it_on_the_plate,demo_0,60,agentview,cookies_1,is_below_of,akita_black_bowl_1
pick_up_the_black_bowl_on_the_cookie_box_and_place_it_on_the_plate,demo_0,60,agentview,akita_black_bowl_1,is_behind,akita_black_bowl_2
pick_up_the_black_bowl_on_the_cookie_box_and_place_it_on_the_plate,demo_0,60,agentview,akita_black_bowl_2,is_in_front_of,akita_black_bowl_1
pick_up_the_black_bowl_on_the_cookie_box_and_place_it_on_the_plate,demo_0,60,agentview,akita_black_bowl_1,is_behind,glazed_rim_porcelain_ramekin_1
pick_up_the_black_bowl_on_the_cookie_box_and_place_it_on_the_plate,demo_0,60,agentview,glazed_rim_porcelain_ramekin_1,is_in_front_of,akita_black_bowl_1
pick_up_the_black_bowl_on_the_cookie_box_and_place_it_on_the_plate,demo_0,60,agentview,akita_black_bowl_1,is_behind,plate_1
pick_up_the_black_bowl_on_the_cookie_box_and_place_it_on_the_plate,demo_0,60,agentview,plate_1,is_in_front_of,akita_black_bowl_1
pick_up_the_black_bowl_on_the_cookie_box_and_place_it_on_the_plate,demo_0,60,agentview,akita_black_bowl_1,is_behind,wooden_cabinet_1
pick_up_the_black_bowl_on_the_cookie_box_and_place_it_on_the_plate,demo_0,60,agentview,wooden_cabinet_1,is_in_front_of,akita_black_bowl_1
pick_up_the_black_bowl_on_the_cookie_box_and_place_it_on_the_plate,demo_0,60,agentview,akita_black_bowl_1,is_behind,flat_stove_1
pick_up_the_black_bowl_on_the_cookie_box_and_place_it_on_the_plate,demo_0,60,agentview,flat_stove_1,is_in_front_of,akita_black_bowl_1
pick_up_the_black_bowl_on_the_cookie_box_and_place_it_on_the_plate,demo_0,60,agentview,akita_black_bowl_2,is_on_top_of,plate_1
pick_up_the_black_bowl_on_the_cookie_box_and_place_it_on_the_plate,demo_0,60,agentview,plate_1,is_below_of,akita_black_bowl_2
pick_up_the_black_bowl_on_the_cookie_box_and_place_it_on_the_plate,demo_0,60,agentview,akita_black_bowl_2,is_right_of,glazed_rim_porcelain_ramekin_1
pick_up_the_black_bowl_on_the_cookie_box_and_place_it_on_the_plate,demo_0,60,agentview,glazed_rim_porcelain_ramekin_1,is_left_of,akita_black_bowl_2
pick_up_the_black_bowl_on_the_cookie_box_and_place_it_on_the_plate,demo_0,60,agentview,akita_black_bowl_2,is_behind,wooden_cabinet_1
pick_up_the_black_bowl_on_the_cookie_box_and_place_it_on_the_plate,demo_0,60,agentview,wooden_cabinet_1,is_in_front_of,akita_black_bowl_2
pick_up_the_black_bowl_on_the_cookie_box_and_place_it_on_the_plate,demo_0,60,agentview,akita_black_bowl_2,is_behind,flat_stove_1
pick_up_the_black_bowl_on_the_cookie_box_and_place_it_on_the_plate,demo_0,60,agentview,flat_stove_1,is_in_front_of,akita_black_bowl_2
pick_up_the_black_bowl_on_the_cookie_box_and_place_it_on_the_plate,demo_0,60,agentview,cookies_1,is_behind,akita_black_bowl_2
pick_up_the_black_bowl_on_the_cookie_box_and_place_it_on_the_plate,demo_0,60,agentview,akita_black_bowl_2,is_in_front_of,cookies_1
pick_up_the_black_bowl_on_the_cookie_box_and_place_it_on_the_plate,demo_0,60,agentview,cookies_1,is_behind,glazed_rim_porcelain_ramekin_1
pick_up_the_black_bowl_on_the_cookie_box_and_place_it_on_the_plate,demo_0,60,agentview,glazed_rim_porcelain_ramekin_1,is_in_front_of,cookies_1
pick_up_the_black_bowl_on_the_cookie_box_and_place_it_on_the_plate,demo_0,60,agentview,cookies_1,is_behind,plate_1
pick_up_the_black_bowl_on_the_cookie_box_and_place_it_on_the_plate,demo_0,60,agentview,plate_1,is_in_front_of,cookies_1
pick_up_the_black_bowl_on_the_cookie_box_and_place_it_on_the_plate,demo_0,60,agentview,cookies_1,is_behind,wooden_cabinet_1
pick_up_the_black_bowl_on_the_cookie_box_and_place_it_on_the_plate,demo_0,60,agentview,wooden_cabinet_1,is_in_front_of,cookies_1
pick_up_the_black_bowl_on_the_cookie_box_and_place_it_on_the_plate,demo_0,60,agentview,cookies_1,is_behind,flat_stove_1
pick_up_the_black_bowl_on_the_cookie_box_and_place_it_on_the_plate,demo_0,60,agentview,flat_stove_1,is_in_front_of,cookies_1
pick_up_the_black_bowl_on_the_cookie_box_and_place_it_on_the_plate,demo_0,60,agentview,glazed_rim_porcelain_ramekin_1,is_on_top_of,flat_stove_1
pick_up_the_black_bowl_on_the_cookie_box_and_place_it_on_the_plate,demo_0,60,agentview,flat_stove_1,is_below_of,glazed_rim_porcelain_ramekin_1
pick_up_the_black_bowl_on_the_cookie_box_and_place_it_on_the_plate,demo_0,60,agentview,glazed_rim_porcelain_ramekin_1,is_left_of,plate_1
pick_up_the_black_bowl_on_the_cookie_box_and_place_it_on_the_plate,demo_0,60,agentview,plate_1,is_right_of,glazed_rim_porcelain_ramekin_1
pick_up_the_black_bowl_on_the_cookie_box_and_place_it_on_the_plate,demo_0,60,agentview,glazed_rim_porcelain_ramekin_1,is_behind,wooden_cabinet_1
pick_up_the_black_bowl_on_the_cookie_box_and_place_it_on_the_plate,demo_0,60,agentview,wooden_cabinet_1,is_in_front_of,glazed_rim_porcelain_ramekin_1
pick_up_the_black_bowl_on_the_cookie_box_and_place_it_on_the_plate,demo_0,60,agentview,plate_1,is_behind,wooden_cabinet_1
pick_up_the_black_bowl_on_the_cookie_box_and_place_it_on_the_plate,demo_0,60,agentview,wooden_cabinet_1,is_in_front_of,plate_1
pick_up_the_black_bowl_on_the_cookie_box_and_place_it_on_the_plate,demo_0,60,agentview,wooden_cabinet_1,is_left_of,flat_stove_1
pick_up_the_black_bowl_on_the_cookie_box_and_place_it_on_the_plate,demo_0,60,agentview,flat_stove_1,is_right_of,wooden_cabinet_1
pick_up_the_black_bowl_on_the_cookie_box_and_place_it_on_the_plate,demo_0,65,agentview,akita_black_bowl_1,is_on_top_of,cookies_1
pick_up_the_black_bowl_on_the_cookie_box_and_place_it_on_the_plate,demo_0,65,agentview,cookies_1,is_below_of,akita_black_bowl_1
pick_up_the_black_bowl_on_the_cookie_box_and_place_it_on_the_plate,demo_0,65,agentview,akita_black_bowl_1,is_in_front_of,akita_black_bowl_2
pick_up_the_black_bowl_on_the_cookie_box_and_place_it_on_the_plate,demo_0,65,agentview,akita_black_bowl_1,is_right_of,glazed_rim_porcelain_ramekin_1
pick_up_the_black_bowl_on_the_cookie_box_and_place_it_on_the_plate,demo_0,65,agentview,akita_black_bowl_1,is_behind,plate_1
pick_up_the_black_bowl_on_the_cookie_box_and_place_it_on_the_plate,demo_0,65,agentview,akita_black_bowl_2,is_behind,akita_black_bowl_1
pick_up_the_black_bowl_on_the_cookie_box_and_place_it_on_the_plate,demo_0,65,agentview,akita_black_bowl_2,is_left_of,glazed_rim_porcelain_ramekin_1
pick_up_the_black_bowl_on_the_cookie_box_and_place_it_on_the_plate,demo_0,65,agentview,akita_black_bowl_2,is_behind,plate_1
pick_up_the_black_bowl_on_the_cookie_box_and_place_it_on_the_plate,demo_0,65,agentview,cookies_1,is_on_top_of,flat_stove_1
pick_up_the_black_bowl_on_the_cookie_box_and_place_it_on_the_plate,demo_0,65,agentview,flat_stove_1,is_below_of,cookies_1
pick_up_the_black_bowl_on_the_cookie_box_and_place_it_on_the_plate,demo_0,65,agentview,cookies_1,is_in_front_of,akita_black_bowl_2
pick_up_the_black_bowl_on_the_cookie_box_and_place_it_on_the_plate,demo_0,65,agentview,cookies_1,is_right_of,glazed_rim_porcelain_ramekin_1
pick_up_the_black_bowl_on_the_cookie_box_and_place_it_on_the_plate,demo_0,65,agentview,cookies_1,is_behind,plate_1
pick_up_the_black_bowl_on_the_cookie_box_and_place_it_on_the_plate,demo_0,65,agentview,glazed_rim_porcelain_ramekin_1,is_left_of,akita_black_bowl_1
pick_up_the_black_bowl_on_the_cookie_box_and_place_it_on_the_plate,demo_0,65,agentview,glazed_rim_porcelain_ramekin_1,is_left_of,cookies_1
pick_up_the_black_bowl_on_the_cookie_box_and_place_it_on_the_plate,demo_0,65,agentview,glazed_rim_porcelain_ramekin_1,is_behind,plate_1
pick_up_the_black_bowl_on_the_cookie_box_and_place_it_on_the_plate,demo_0,65,agentview,plate_1,is_in_front_of,akita_black_bowl_1
pick_up_the_black_bowl_on_the_cookie_box_and_place_it_on_the_plate,demo_0,65,agentview,plate_1,is_in_front_of,akita_black_bowl_2
pick_up_the_black_bowl_on_the_cookie_box_and_place_it_on_the_plate,demo_0,65,agentview,plate_1,is_in_front_of,cookies_1
pick_up_the_black_bowl_on_the_cookie_box_and_place_it_on_the_plate,demo_0,65,agentview,plate_1,is_in_front_of,glazed_rim_porcelain_ramekin_1
pick_up_the_black_bowl_on_the_cookie_box_and_place_it_on_the_plate,demo_0,65,agentview,plate_1,is_on_top_of,flat_stove_1
pick_up_the_black_bowl_on_the_cookie_box_and_place_it_on_the_plate,demo_0,65,agentview,flat_stove_1,is_below_of,plate_1
pick_up_the_black_bowl_on_the_cookie_box_and_place_it_on_the_plate,demo_0,65,agentview,wooden_cabinet_1,is_behind,akita_black_bowl_1
pick_up_the_black_bowl_on_the_cookie_box_and_place_it_on_the_plate,demo_0,65,agentview,wooden_cabinet_1,is_behind,akita_black_bowl_2
pick_up_the_black_bowl_on_the_cookie_box_and_place_it_on_the_plate,demo_0,65,agentview,wooden_cabinet_1,is_behind,cookies_1
pick_up_the_black_bowl_on_the_cookie_box_and_place_it_on_the_plate,demo_0,65,agentview,wooden_cabinet_1,is_behind,glazed_rim_porcelain_ramekin_1
pick_up_the_black_bowl_on_the_cookie_box_and_place_it_on_the_plate,demo_0,65,agentview,wooden_cabinet_1,is_behind,plate_1
pick_up_the_black_bowl_on_the_cookie_box_and_place_it_on_the_plate,demo_0,65,agentview,akita_black_bowl_2,is_left_of,akita_black_bowl_1
pick_up_the_black_bowl_on_the_cookie_box_and_place_it_on_the_plate,demo_0,70,agentview,akita_black_bowl_1,is_on_top_of,cookies_1
pick_up_the_black_bowl_on_the_cookie_box_and_place_it_on_the_plate,demo_0,70,agentview,cookies_1,is_below_of,akita_black_bowl_1
pick_up_the_black_bowl_on_the_cookie_box_and_place_it_on_the_plate,demo_0,70,agentview,akita_black_bowl_1,is_behind,akita_black_bowl_2
pick_up_the_black_bowl_on_the_cookie_box_and_place_it_on_the_plate,demo_0,70,agentview,akita_black_bowl_2,is_in_front_of,akita_black_bowl_1
pick_up_the_black_bowl_on_the_cookie_box_and_place_it_on_the_plate,demo_0,70,agentview,akita_black_bowl_1,is_behind,glazed_rim_porcelain_ramekin_1
pick_up_the_black_bowl_on_the_cookie_box_and_place_it_on_the_plate,demo_0,70,agentview,glazed_rim_porcelain_ramekin_1,is_in_front_of,akita_black_bowl_1
pick_up_the_black_bowl_on_the_cookie_box_and_place_it_on_the_plate,demo_0,70,agentview,akita_black_bowl_1,is_behind,plate_1
pick_up_the_black_bowl_on_the_cookie_box_and_place_it_on_the_plate,demo_0,70,agentview,plate_1,is_in_front_of,akita_black_bowl_1
pick_up_the_black_bowl_on_the_cookie_box_and_place_it_on_the_plate,demo_0,70,agentview,akita_black_bowl_1,is_behind,wooden_cabinet_1
pick_up_the_black_bowl_on_the_cookie_box_and_place_it_on_the_plate,demo_0,70,agentview,wooden_cabinet_1,is_in_front_of,akita_black_bowl_1
pick_up_the_black_bowl_on_the_cookie_box_and_place_it_on_the_plate,demo_0,70,agentview,akita_black_bowl_1,is_behind,flat_stove_1
pick_up_the_black_bowl_on_the_cookie_box_and_place_it_on_the_plate,demo_0,70,agentview,flat_stove_1,is_in_front_of,akita_black_bowl_1
pick_up_the_black_bowl_on_the_cookie_box_and_place_it_on_the_plate,demo_0,70,agentview,akita_black_bowl_2,is_on_top_of,wooden_cabinet_1
pick_up_the_black_bowl_on_the_cookie_box_and_place_it_on_the_plate,demo_0,70,agentview,wooden_cabinet_1,is_below_of,akita_black_bowl_2
pick_up_the_black_bowl_on_the_cookie_box_and_place_it_on_the_plate,demo_0,70,agentview,akita_black_bowl_2,is_right_of,glazed_rim_porcelain_ramekin_1
pick_up_the_black_bowl_on_the_cookie_box_and_place_it_on_the_plate,demo_0,70,agentview,glazed_rim_porcelain_ramekin_1,is_left_of,akita_black_bowl_2
pick_up_the_black_bowl_on_the_cookie_box_and_place_it_on_the_plate,demo_0,70,agentview,akita_black_bowl_2,is_behind,plate_1
pick_up_the_black_bowl_on_the_cookie_box_and_place_it_on_the_plate,demo_0,70,agentview,plate_1,is_in_front_of,akita_black_bowl_2
pick_up_the_black_bowl_on_the_cookie_box_and_place_it_on_the_plate,demo_0,70,agentview,akita_black_bowl_2,is_right_of,flat_stove_1
pick_up_the_black_bowl_on_the_cookie_box_and_place_it_on_the_plate,demo_0,70,agentview,flat_stove_1,is_left_of,akita_black_bowl_2
pick_up_the_black_bowl_on_the_cookie_box_and_place_it_on_the_plate,demo_0,70,agentview,cookies_1,is_behind,akita_black_bowl_2
pick_up_the_black_bowl_on_the_cookie_box_and_place_it_on_the_plate,demo_0,70,agentview,akita_black_bowl_2,is_in_front_of,cookies_1
pick_up_the_black_bowl_on_the_cookie_box_and_place_it_on_the_plate,demo_0,70,agentview,cookies_1,is_behind,glazed_rim_porcelain_ramekin_1
pick_up_the_black_bowl_on_the_cookie_box_and_place_it_on_the_plate,demo_0,70,agentview,glazed_rim_porcelain_ramekin_1,is_in_front_of,cookies_1
pick_up_the_black_bowl_on_the_cookie_box_and_place_it_on_the_plate,demo_0,70,agentview,cookies_1,is_behind,plate_1
pick_up_the_black_bowl_on_the_cookie_box_and_place_it_on_the_plate,demo_0,70,agentview,plate_1,is_in_front_of,cookies_1
pick_up_the_black_bowl_on_the_cookie_box_and_place_it_on_the_plate,demo_0,70,agentview,cookies_1,is_behind,wooden_cabinet_1
pick_up_the_black_bowl_on_the_cookie_box_and_place_it_on_the_plate,demo_0,70,agentview,wooden_cabinet_1,is_in_front_of,cookies_1
pick_up_the_black_bowl_on_the_cookie_box_and_place_it_on_the_plate,demo_0,70,agentview,cookies_1,is_behind,flat_stove_1
pick_up_the_black_bowl_on_the_cookie_box_and_place_it_on_the_plate,demo_0,70,agentview,flat_stove_1,is_in_front_of,cookies_1
pick_up_the_black_bowl_on_the_cookie_box_and_place_it_on_the_plate,demo_0,70,agentview,glazed_rim_porcelain_ramekin_1,is_left_of,plate_1
pick_up_the_black_bowl_on_the_cookie_box_and_place_it_on_the_plate,demo_0,70,agentview,plate_1,is_right_of,glazed_rim_porcelain_ramekin_1
pick_up_the_black_bowl_on_the_cookie_box_and_place_it_on_the_plate,demo_0,70,agentview,glazed_rim_porcelain_ramekin_1,is_behind,flat_stove_1
pick_up_the_black_bowl_on_the_cookie_box_and_place_it_on_the_plate,demo_0,70,agentview,flat_stove_1,is_in_front_of,glazed_rim_porcelain_ramekin_1
pick_up_the_black_bowl_on_the_cookie_box_and_place_it_on_the_plate,demo_0,70,agentview,plate_1,is_on_top_of,flat_stove_1
pick_up_the_black_bowl_on_the_cookie_box_and_place_it_on_the_plate,demo_0,70,agentview,flat_stove_1,is_below_of,plate_1
pick_up_the_black_bowl_on_the_cookie_box_and_place_it_on_the_plate,demo_0,70,agentview,wooden_cabinet_1,is_behind,flat_stove_1
pick_up_the_black_bowl_on_the_cookie_box_and_place_it_on_the_plate,demo_0,70,agentview,flat_stove_1,is_in_front_of,wooden_cabinet_1
pick_up_the_black_bowl_on_the_cookie_box_and_place_it_on_the_plate,demo_0,75,agentview,akita_black_bowl_1,is_on_top_of,cookies_1
pick_up_the_black_bowl_on_the_cookie_box_and_place_it_on_the_plate,demo_0,75,agentview,cookies_1,is_below_of,akita_black_bowl_1
pick_up_the_black_bowl_on_the_cookie_box_and_place_it_on_the_plate,demo_0,75,agentview,akita_black_bowl_1,is_behind,akita_black_bowl_2
pick_up_the_black_bowl_on_the_cookie_box_and_place_it_on_the_plate,demo_0,75,agentview,akita_black_bowl_2,is_in_front_of,akita_black_bowl_1
pick_up_the_black_bowl_on_the_cookie_box_and_place_it_on_the_plate,demo_0,75,agentview,akita_black_bowl_1,is_behind,glazed_rim_porcelain_ramekin_1
pick_up_the_black_bowl_on_the_cookie_box_and_place_it_on_the_plate,demo_0,75,agentview,glazed_rim_porcelain_ramekin_1,is_in_front_of,akita_black_bowl_1
pick_up_the_black_bowl_on_the_cookie_box_and_place_it_on_the_plate,demo_0,75,agentview,akita_black_bowl_1,is_behind,plate_1
pick_up_the_black_bowl_on_the_cookie_box_and_place_it_on_the_plate,demo_0,75,agentview,plate_1,is_in_front_of,akita_black_bowl_1
pick_up_the_black_bowl_on_the_cookie_box_and_place_it_on_the_plate,demo_0,75,agentview,akita_black_bowl_1,is_behind,wooden_cabinet_1
pick_up_the_black_bowl_on_the_cookie_box_and_place_it_on_the_plate,demo_0,75,agentview,wooden_cabinet_1,is_in_front_of,akita_black_bowl_1
pick_up_the_black_bowl_on_the_cookie_box_and_place_it_on_the_plate,demo_0,75,agentview,akita_black_bowl_1,is_behind,flat_stove_1
pick_up_the_black_bowl_on_the_cookie_box_and_place_it_on_the_plate,demo_0,75,agentview,flat_stove_1,is_in_front_of,akita_black_bowl_1
pick_up_the_black_bowl_on_the_cookie_box_and_place_it_on_the_plate,demo_0,75,agentview,akita_black_bowl_2,is_on_top_of,plate_1
pick_up_the_black_bowl_on_the_cookie_box_and_place_it_on_the_plate,demo_0,75,agentview,plate_1,is_below_of,akita_black_bowl_2
pick_up_the_black_bowl_on_the_cookie_box_and_place_it_on_the_plate,demo_0,75,agentview,akita_black_bowl_2,is_right_of,glazed_rim_porcelain_ramekin_1
pick_up_the_black_bowl_on_the_cookie_box_and_place_it_on_the_plate,demo_0,75,agentview,glazed_rim_porcelain_ramekin_1,is_left_of,akita_black_bowl_2
pick_up_the_black_bowl_on_the_cookie_box_and_place_it_on_the_plate,demo_0,75,agentview,akita_black_bowl_2,is_behind,wooden_cabinet_1
pick_up_the_black_bowl_on_the_cookie_box_and_place_it_on_the_plate,demo_0,75,agentview,wooden_cabinet_1,is_in_front_of,akita_black_bowl_2
pick_up_the_black_bowl_on_the_cookie_box_and_place_it_on_the_plate,demo_0,75,agentview,akita_black_bowl_2,is_behind,flat_stove_1
pick_up_the_black_bowl_on_the_cookie_box_and_place_it_on_the_plate,demo_0,75,agentview,flat_stove_1,is_in_front_of,akita_black_bowl_2
pick_up_the_black_bowl_on_the_cookie_box_and_place_it_on_the_plate,demo_0,75,agentview,cookies_1,is_behind,akita_black_bowl_2
pick_up_the_black_bowl_on_the_cookie_box_and_place_it_on_the_plate,demo_0,75,agentview,akita_black_bowl_2,is_in_front_of,cookies_1
pick_up_the_black_bowl_on_the_cookie_box_and_place_it_on_the_plate,demo_0,75,agentview,cookies_1,is_behind,glazed_rim_porcelain_ramekin_1
pick_up_the_black_bowl_on_the_cookie_box_and_place_it_on_the_plate,demo_0,75,agentview,glazed_rim_porcelain_ramekin_1,is_in_front_of,cookies_1
pick_up_the_black_bowl_on_the_cookie_box_and_place_it_on_the_plate,demo_0,75,agentview,cookies_1,is_behind,plate_1
pick_up_the_black_bowl_on_the_cookie_box_and_place_it_on_the_plate,demo_0,75,agentview,plate_1,is_in_front_of,cookies_1
pick_up_the_black_bowl_on_the_cookie_box_and_place_it_on_the_plate,demo_0,75,agentview,cookies_1,is_right_of,wooden_cabinet_1
pick_up_the_black_bowl_on_the_cookie_box_and_place_it_on_the_plate,demo_0,75,agentview,wooden_cabinet_1,is_left_of,cookies_1
pick_up_the_black_bowl_on_the_cookie_box_and_place_it_on_the_plate,demo_0,75,agentview,cookies_1,is_behind,flat_stove_1
pick_up_the_black_bowl_on_the_cookie_box_and_place_it_on_the_plate,demo_0,75,agentview,flat_stove_1,is_in_front_of,cookies_1
pick_up_the_black_bowl_on_the_cookie_box_and_place_it_on_the_plate,demo_0,75,agentview,glazed_rim_porcelain_ramekin_1,is_behind,plate_1
pick_up_the_black_bowl_on_the_cookie_box_and_place_it_on_the_plate,demo_0,75,agentview,plate_1,is_in_front_of,glazed_rim_porcelain_ramekin_1
pick_up_the_black_bowl_on_the_cookie_box_and_place_it_on_the_plate,demo_0,75,agentview,glazed_rim_porcelain_ramekin_1,is_left_of,wooden_cabinet_1
pick_up_the_black_bowl_on_the_cookie_box_and_place_it_on_the_plate,demo_0,75,agentview,wooden_cabinet_1,is_right_of,glazed_rim_porcelain_ramekin_1
pick_up_the_black_bowl_on_the_cookie_box_and_place_it_on_the_plate,demo_0,75,agentview,glazed_rim_porcelain_ramekin_1,is_behind,flat_stove_1
pick_up_the_black_bowl_on_the_cookie_box_and_place_it_on_the_plate,demo_0,75,agentview,flat_stove_1,is_in_front_of,glazed_rim_porcelain_ramekin_1
pick_up_the_black_bowl_on_the_cookie_box_and_place_it_on_the_plate,demo_0,75,agentview,plate_1,is_on_top_of,flat_stove_1
pick_up_the_black_bowl_on_the_cookie_box_and_place_it_on_the_plate,demo_0,75,agentview,flat_stove_1,is_below_of,plate_1
pick_up_the_black_bowl_on_the_cookie_box_and_place_it_on_the_plate,demo_0,75,agentview,plate_1,is_right_of,wooden_cabinet_1
pick_up_the_black_bowl_on_the_cookie_box_and_place_it_on_the_plate,demo_0,75,agentview,wooden_cabinet_1,is_left_of,plate_1
pick_up_the_black_bowl_on_the_cookie_box_and_place_it_on_the_plate,demo_0,75,agentview,wooden_cabinet_1,is_behind,flat_stove_1
pick_up_the_black_bowl_on_the_cookie_box_and_place_it_on_the_plate,demo_0,75,agentview,flat_stove_1,is_in_front_of,wooden_cabinet_1
pick_up_the_black_bowl_on_the_cookie_box_and_place_it_on_the_plate,demo_0,80,agentview,akita_black_bowl_1,is_on_top_of,cookies_1
pick_up_the_black_bowl_on_the_cookie_box_and_place_it_on_the_plate,demo_0,80,agentview,cookies_1,is_below_of,akita_black_bowl_1
pick_up_the_black_bowl_on_the_cookie_box_and_place_it_on_the_plate,demo_0,80,agentview,akita_black_bowl_1,is_in_front_of,akita_black_bowl_2
pick_up_the_black_bowl_on_the_cookie_box_and_place_it_on_the_plate,demo_0,80,agentview,akita_black_bowl_1,is_right_of,glazed_rim_porcelain_ramekin_1
pick_up_the_black_bowl_on_the_cookie_box_and_place_it_on_the_plate,demo_0,80,agentview,akita_black_bowl_1,is_behind,plate_1
pick_up_the_black_bowl_on_the_cookie_box_and_place_it_on_the_plate,demo_0,80,agentview,akita_black_bowl_2,is_behind,akita_black_bowl_1
pick_up_the_black_bowl_on_the_cookie_box_and_place_it_on_the_plate,demo_0,80,agentview,akita_black_bowl_2,is_left_of,glazed_rim_porcelain_ramekin_1
pick_up_the_black_bowl_on_the_cookie_box_and_place_it_on_the_plate,demo_0,80,agentview,akita_black_bowl_2,is_behind,plate_1
pick_up_the_black_bowl_on_the_cookie_box_and_place_it_on_the_plate,demo_0,80,agentview,cookies_1,is_on_top_of,plate_1
pick_up_the_black_bowl_on_the_cookie_box_and_place_it_on_the_plate,demo_0,80,agentview,plate_1,is_below_of,cookies_1
pick_up_the_black_bowl_on_the_cookie_box_and_place_it_on_the_plate,demo_0,80,agentview,cookies_1,is_in_front_of,akita_black_bowl_2
pick_up_the_black_bowl_on_the_cookie_box_and_place_it_on_the_plate,demo_0,80,agentview,cookies_1,is_right_of,glazed_rim_porcelain_ramekin_1
pick_up_the_black_bowl_on_the_cookie_box_and_place_it_on_the_plate,demo_0,80,agentview,cookies_1,is_behind,plate_1
pick_up_the_black_bowl_on_the_cookie_box_and_place_it_on_the_plate,demo_0,80,agentview,glazed_rim_porcelain_ramekin_1,is_left_of,akita_black_bowl_1
pick_up_the_black_bowl_on_the_cookie_box_and_place_it_on_the_plate,demo_0,80,agentview,glazed_rim_porcelain_ramekin_1,is_left_of,cookies_1
pick_up_the_black_bowl_on_the_cookie_box_and_place_it_on_the_plate,demo_0,80,agentview,glazed_rim_porcelain_ramekin_1,is_in_front_of,akita_black_bowl_2
pick_up_the_black_bowl_on_the_cookie_box_and_place_it_on_the_plate,demo_0,80,agentview,glazed_rim_porcelain_ramekin_1,is_behind,plate_1
pick_up_the_black_bowl_on_the_cookie_box_and_place_it_on_the_plate,demo_0,80,agentview,plate_1,is_in_front_of,akita_black_bowl_1
pick_up_the_black_bowl_on_the_cookie_box_and_place_it_on_the_plate,demo_0,80,agentview,plate_1,is_in_front_of,akita_black_bowl_2
pick_up_the_black_bowl_on_the_cookie_box_and_place_it_on_the_plate,demo_0,80,agentview,plate_1,is_in_front_of,glazed_rim_porcelain_ramekin_1
pick_up_the_black_bowl_on_the_cookie_box_and_place_it_on_the_plate,demo_0,80,agentview,plate_1,is_in_front_of,cookies_1
pick_up_the_black_bowl_on_the_cookie_box_and_place_it_on_the_plate,demo_0,80,agentview,flat_stove_1,contains,akita_black_bowl_1
pick_up_the_black_bowl_on_the_cookie_box_and_place_it_on_the_plate,demo_0,80,agentview,flat_stove_1,contains,akita_black_bowl_2
pick_up_the_black_bowl_on_the_cookie_box_and_place_it_on_the_plate,demo_0,80,agentview,flat_stove_1,contains,glazed_rim_porcelain_ramekin_1
pick_up_the_black_bowl_on_the_cookie_box_and_place_it_on_the_plate,demo_0,80,agentview,flat_stove_1,contains,cookies_1
pick_up_the_black_bowl_on_the_cookie_box_and_place_it_on_the_plate,demo_0,80,agentview,flat_stove_1,contains,plate_1
pick_up_the_black_bowl_on_the_cookie_box_and_place_it_on_the_plate,demo_0,80,agentview,akita_black_bowl_1,is_inside,flat_stove_1
pick_up_the_black_bowl_on_the_cookie_box_and_place_it_on_the_plate,demo_0,80,agentview,akita_black_bowl_2,is_inside,flat_stove_1
pick_up_the_black_bowl_on_the_cookie_box_and_place_it_on_the_plate,demo_0,80,agentview,glazed_rim_porcelain_ramekin_1,is_inside,flat_stove_1
pick_up_the_black_bowl_on_the_cookie_box_and_place_it_on_the_plate,demo_0,80,agentview,cookies_1,is_inside,flat_stove_1
pick_up_the_black_bowl_on_the_cookie_box_and_place_it_on_the_plate,demo_0,80,agentview,plate_1,is_inside,flat_stove_1
pick_up_the_black_bowl_on_the_cookie_box_and_place_it_on_the_plate,demo_0,85,agentview,akita_black_bowl_1,is_on_top_of,cookies_1
pick_up_the_black_bowl_on_the_cookie_box_and_place_it_on_the_plate,demo_0,85,agentview,cookies_1,is_below_of,akita_black_bowl_1
pick_up_the_black_bowl_on_the_cookie_box_and_place_it_on_the_plate,demo_0,85,agentview,akita_black_bowl_1,is_behind,akita_black_bowl_2
pick_up_the_black_bowl_on_the_cookie_box_and_place_it_on_the_plate,demo_0,85,agentview,akita_black_bowl_2,is_in_front_of,akita_black_bowl_1
pick_up_the_black_bowl_on_the_cookie_box_and_place_it_on_the_plate,demo_0,85,agentview,akita_black_bowl_1,is_behind,glazed_rim_porcelain_ramekin_1
pick_up_the_black_bowl_on_the_cookie_box_and_place_it_on_the_plate,demo_0,85,agentview,glazed_rim_porcelain_ramekin_1,is_in_front_of,akita_black_bowl_1
pick_up_the_black_bowl_on_the_cookie_box_and_place_it_on_the_plate,demo_0,85,agentview,akita_black_bowl_1,is_behind,plate_1
pick_up_the_black_bowl_on_the_cookie_box_and_place_it_on_the_plate,demo_0,85,agentview,plate_1,is_in_front_of,akita_black_bowl_1
pick_up_the_black_bowl_on_the_cookie_box_and_place_it_on_the_plate,demo_0,85,agentview,akita_black_bowl_1,is_behind,wooden_cabinet_1
pick_up_the_black_bowl_on_the_cookie_box_and_place_it_on_the_plate,demo_0,85,agentview,wooden_cabinet_1,is_in_front_of,akita_black_bowl_1
pick_up_the_black_bowl_on_the_cookie_box_and_place_it_on_the_plate,demo_0,85,agentview,akita_black_bowl_1,is_behind,flat_stove_1
pick_up_the_black_bowl_on_the_cookie_box_and_place_it_on_the_plate,demo_0,85,agentview,flat_stove_1,is_in_front_of,akita_black_bowl_1
pick_up_the_black_bowl_on_the_cookie_box_and_place_it_on_the_plate,demo_0,85,agentview,akita_black_bowl_2,is_left_of,glazed_rim_porcelain_ramekin_1
pick_up_the_black_bowl_on_the_cookie_box_and_place_it_on_the_plate,demo_0,85,agentview,glazed_rim_porcelain_ramekin_1,is_right_of,akita_black_bowl_2
pick_up_the_black_bowl_on_the_cookie_box_and_place_it_on_the_plate,demo_0,85,agentview,akita_black_bowl_2,is_behind,plate_1
pick_up_the_black_bowl_on_the_cookie_box_and_place_it_on_the_plate,demo_0,85,agentview,plate_1,is_in_front_of,akita_black_bowl_2
pick_up_the_black_bowl_on_the_cookie_box_and_place_it_on_the_plate,demo_0,85,agentview,akita_black_bowl_2,is_left_of,wooden_cabinet_1
pick_up_the_black_bowl_on_the_cookie_box_and_place_it_on_the_plate,demo_0,85,agentview,wooden_cabinet_1,is_right_of,akita_black_bowl_2
pick_up_the_black_bowl_on_the_cookie_box_and_place_it_on_the_plate,demo_0,85,agentview,akita_black_bowl_2,is_behind,flat_stove_1
pick_up_the_black_bowl_on_the_cookie_box_and_place_it_on_the_plate,demo_0,85,agentview,flat_stove_1,is_in_front_of,akita_black_bowl_2
pick_up_the_black_bowl_on_the_cookie_box_and_place_it_on_the_plate,demo_0,85,agentview,cookies_1,is_behind,glazed_rim_porcelain_ramekin_1
pick_up_the_black_bowl_on_the_cookie_box_and_place_it_on_the_plate,demo_0,85,agentview,glazed_rim_porcelain_ramekin_1,is_in_front_of,cookies_1
pick_up_the_black_bowl_on_the_cookie_box_and_place_it_on_the_plate,demo_0,85,agentview,cookies_1,is_behind,plate_1
pick_up_the_black_bowl_on_the_cookie_box_and_place_it_on_the_plate,demo_0,85,agentview,plate_1,is_in_front_of,cookies_1
pick_up_the_black_bowl_on_the_cookie_box_and_place_it_on_the_plate,demo_0,85,agentview,cookies_1,is_left_of,wooden_cabinet_1
pick_up_the_black_bowl_on_the_cookie_box_and_place_it_on_the_plate,demo_0,85,agentview,wooden_cabinet_1,is_right_of,cookies_1
pick_up_the_black_bowl_on_the_cookie_box_and_place_it_on_the_plate,demo_0,85,agentview,cookies_1,is_behind,flat_stove_1
pick_up_the_black_bowl_on_the_cookie_box_and_place_it_on_the_plate,demo_0,85,agentview,flat_stove_1,is_in_front_of,cookies_1
pick_up_the_black_bowl_on_the_cookie_box_and_place_it_on_the_plate,demo_0,85,agentview,glazed_rim_porcelain_ramekin_1,is_behind,plate_1
pick_up_the_black_bowl_on_the_cookie_box_and_place_it_on_the_plate,demo_0,85,agentview,plate_1,is_in_front_of,glazed_rim_porcelain_ramekin_1
pick_up_the_black_bowl_on_the_cookie_box_and_place_it_on_the_plate,demo_0,85,agentview,glazed_rim_porcelain_ramekin_1,is_left_of,wooden_cabinet_1
pick_up_the_black_bowl_on_the_cookie_box_and_place_it_on_the_plate,demo_0,85,agentview,wooden_cabinet_1,is_right_of,glazed_rim_porcelain_ramekin_1
pick_up_the_black_bowl_on_the_cookie_box_and_place_it_on_the_plate,demo_0,85,agentview,glazed_rim_porcelain_ramekin_1,is_behind,flat_stove_1
pick_up_the_black_bowl_on_the_cookie_box_and_place_it_on_the_plate,demo_0,85,agentview,flat_stove_1,is_in_front_of,glazed_rim_porcelain_ramekin_1
pick_up_the_black_bowl_on_the_cookie_box_and_place_it_on_the_plate,demo_0,85,agentview,plate_1,is_left_of,wooden_cabinet_1
pick_up_the_black_bowl_on_the_cookie_box_and_place_it_on_the_plate,demo_0,85,agentview,wooden_cabinet_1,is_right_of,plate_1
pick_up_the_black_bowl_on_the_cookie_box_and_place_it_on_the_plate,demo_0,85,agentview,plate_1,is_behind,flat_stove_1
pick_up_the_black_bowl_on_the_cookie_box_and_place_it_on_the_plate,demo_0,85,agentview,flat_stove_1,is_in_front_of,plate_1
pick_up_the_black_bowl_on_the_cookie_box_and_place_it_on_the_plate,demo_0,85,agentview,wooden_cabinet_1,is_behind,flat_stove_1
pick_up_the_black_bowl_on_the_cookie_box_and_place_it_on_the_plate,demo_0,85,agentview,flat_stove_1,is_in_front_of,wooden_cabinet_1
pick_up_the_black_bowl_on_the_cookie_box_and_place_it_on_the_plate,demo_0,90,agentview,akita_black_bowl_1,is_on_top_of,cookies_1
pick_up_the_black_bowl_on_the_cookie_box_and_place_it_on_the_plate,demo_0,90,agentview,cookies_1,is_below_of,akita_black_bowl_1
pick_up_the_black_bowl_on_the_cookie_box_and_place_it_on_the_plate,demo_0,90,agentview,akita_black_bowl_1,is_behind,akita_black_bowl_2
pick_up_the_black_bowl_on_the_cookie_box_and_place_it_on_the_plate,demo_0,90,agentview,akita_black_bowl_2,is_in_front_of,akita_black_bowl_1
pick_up_the_black_bowl_on_the_cookie_box_and_place_it_on_the_plate,demo_0,90,agentview,akita_black_bowl_1,is_behind,glazed_rim_porcelain_ramekin_1
pick_up_the_black_bowl_on_the_cookie_box_and_place_it_on_the_plate,demo_0,90,agentview,glazed_rim_porcelain_ramekin_1,is_in_front_of,akita_black_bowl_1
pick_up_the_black_bowl_on_the_cookie_box_and_place_it_on_the_plate,demo_0,90,agentview,akita_black_bowl_1,is_behind,plate_1
pick_up_the_black_bowl_on_the_cookie_box_and_place_it_on_the_plate,demo_0,90,agentview,plate_1,is_in_front_of,akita_black_bowl_1
pick_up_the_black_bowl_on_the_cookie_box_and_place_it_on_the_plate,demo_0,90,agentview,akita_black_bowl_1,is_left_of,wooden_cabinet_1
pick_up_the_black_bowl_on_the_cookie_box_and_place_it_on_the_plate,demo_0,90,agentview,wooden_cabinet_1,is_right_of,akita_black_bowl_1
pick_up_the_black_bowl_on_the_cookie_box_and_place_it_on_the_plate,demo_0,90,agentview,akita_black_bowl_1,is_in_front_of,flat_stove_1
pick_up_the_black_bowl_on_the_cookie_box_and_place_it_on_the_plate,demo_0,90,agentview,flat_stove_1,is_behind,akita_black_bowl_1
pick_up_the_black_bowl_on_the_cookie_box_and_place_it_on_the_plate,demo_0,90,agentview,akita_black_bowl_2,is_on_top_of,plate_1
pick_up_the_black_bowl_on_the_cookie_box_and_place_it_on_the_plate,demo_0,90,agentview,plate_1,is_below_of,akita_black_bowl_2
pick_up_the_black_bowl_on_the_cookie_box_and_place_it_on_the_plate,demo_0,90,agentview,akita_black_bowl_2,is_in_front_of,glazed_rim_porcelain_ramekin_1
pick_up_the_black_bowl_on_the_cookie_box_and_place_it_on_the_plate,demo_0,90,agentview,glazed_rim_porcelain_ramekin_1,is_behind,akita_black_bowl_2
pick_up_the_black_bowl_on_the_cookie_box_and_place_it_on_the_plate,demo_0,90,agentview,akita_black_bowl_2,is_left_of,wooden_cabinet_1
pick_up_the_black_bowl_on_the_cookie_box_and_place_it_on_the_plate,demo_0,90,agentview,wooden_cabinet_1,is_right_of,akita_black_bowl_2
pick_up_the_black_bowl_on_the_cookie_box_and_place_it_on_the_plate,demo_0,90,agentview,akita_black_bowl_2,is_in_front_of,flat_stove_1
pick_up_the_black_bowl_on_the_cookie_box_and_place_it_on_the_plate,demo_0,90,agentview,flat_stove_1,is_behind,akita_black_bowl_2
pick_up_the_black_bowl_on_the_cookie_box_and_place_it_on_the_plate,demo_0,90,agentview,cookies_1,is_behind,glazed_rim_porcelain_ramekin_1
pick_up_the_black_bowl_on_the_cookie_box_and_place_it_on_the_plate,demo_0,90,agentview,glazed_rim_porcelain_ramekin_1,is_in_front_of,cookies_1
pick_up_the_black_bowl_on_the_cookie_box_and_place_it_on_the_plate,demo_0,90,agentview,cookies_1,is_behind,plate_1
pick_up_the_black_bowl_on_the_cookie_box_and_place_it_on_the_plate,demo_0,90,agentview,plate_1,is_in_front_of,cookies_1
pick_up_the_black_bowl_on_the_cookie_box_and_place_it_on_the_plate,demo_0,90,agentview,cookies_1,is_left_of,wooden_cabinet_1
pick_up_the_black_bowl_on_the_cookie_box_and_place_it_on_the_plate,demo_0,90,agentview,wooden_cabinet_1,is_right_of,cookies_1
pick_up_the_black_bowl_on_the_cookie_box_and_place_it_on_the_plate,demo_0,90,agentview,cookies_1,is_in_front_of,flat_stove_1
pick_up_the_black_bowl_on_the_cookie_box_and_place_it_on_the_plate,demo_0,90,agentview,flat_stove_1,is_behind,cookies_1
pick_up_the_black_bowl_on_the_cookie_box_and_place_it_on_the_plate,demo_0,90,agentview,glazed_rim_porcelain_ramekin_1,is_left_of,plate_1
pick_up_the_black_bowl_on_the_cookie_box_and_place_it_on_the_plate,demo_0,90,agentview,plate_1,is_right_of,glazed_rim_porcelain_ramekin_1
pick_up_the_black_bowl_on_the_cookie_box_and_place_it_on_the_plate,demo_0,90,agentview,glazed_rim_porcelain_ramekin_1,is_left_of,wooden_cabinet_1
pick_up_the_black_bowl_on_the_cookie_box_and_place_it_on_the_plate,demo_0,90,agentview,wooden_cabinet_1,is_right_of,glazed_rim_porcelain_ramekin_1
pick_up_the_black_bowl_on_the_cookie_box_and_place_it_on_the_plate,demo_0,90,agentview,glazed_rim_porcelain_ramekin_1,is_in_front_of,flat_stove_1
pick_up_the_black_bowl_on_the_cookie_box_and_place_it_on_the_plate,demo_0,90,agentview,flat_stove_1,is_behind,glazed_rim_porcelain_ramekin_1
pick_up_the_black_bowl_on_the_cookie_box_and_place_it_on_the_plate,demo_0,90,agentview,plate_1,is_left_of,wooden_cabinet_1
pick_up_the_black_bowl_on_the_cookie_box_and_place_it_on_the_plate,demo_0,90,agentview,wooden_cabinet_1,is_right_of,plate_1
pick_up_the_black_bowl_on_the_cookie_box_and_place_it_on_the_plate,demo_0,90,agentview,plate_1,is_in_front_of,flat_stove_1
pick_up_the_black_bowl_on_the_cookie_box_and_place_it_on_the_plate,demo_0,90,agentview,flat_stove_1,is_behind,plate_1
pick_up_the_black_bowl_on_the_cookie_box_and_place_it_on_the_plate,demo_0,90,agentview,wooden_cabinet_1,is_behind,flat_stove_1
pick_up_the_black_bowl_on_the_cookie_box_and_place_it_on_the_plate,demo_0,90,agentview,flat_stove_1,is_in_front_of,wooden_cabinet_1
pick_up_the_black_bowl_on_the_cookie_box_and_place_it_on_the_plate,demo_0,95,agentview,akita_black_bowl_1,is_on_top_of,cookies_1
pick_up_the_black_bowl_on_the_cookie_box_and_place_it_on_the_plate,demo_0,95,agentview,cookies_1,is_below_of,akita_black_bowl_1
pick_up_the_black_bowl_on_the_cookie_box_and_place_it_on_the_plate,demo_0,95,agentview,akita_black_bowl_1,is_behind,akita_black_bowl_2
pick_up_the_black_bowl_on_the_cookie_box_and_place_it_on_the_plate,demo_0,95,agentview,akita_black_bowl_2,is_in_front_of,akita_black_bowl_1
pick_up_the_black_bowl_on_the_cookie_box_and_place_it_on_the_plate,demo_0,95,agentview,akita_black_bowl_1,is_behind,glazed_rim_porcelain_ramekin_1
pick_up_the_black_bowl_on_the_cookie_box_and_place_it_on_the_plate,demo_0,95,agentview,glazed_rim_porcelain_ramekin_1,is_in_front_of,akita_black_bowl_1
pick_up_the_black_bowl_on_the_cookie_box_and_place_it_on_the_plate,demo_0,95,agentview,akita_black_bowl_1,is_behind,plate_1
pick_up_the_black_bowl_on_the_cookie_box_and_place_it_on_the_plate,demo_0,95,agentview,plate_1,is_in_front_of,akita_black_bowl_1
pick_up_the_black_bowl_on_the_cookie_box_and_place_it_on_the_plate,demo_0,95,agentview,akita_black_bowl_1,is_behind,wooden_cabinet_1
pick_up_the_black_bowl_on_the_cookie_box_and_place_it_on_the_plate,demo_0,95,agentview,wooden_cabinet_1,is_in_front_of,akita_black_bowl_1
pick_up_the_black_bowl_on_the_cookie_box_and_place_it_on_the_plate,demo_0,95,agentview,akita_black_bowl_1,is_behind,flat_stove_1
pick_up_the_black_bowl_on_the_cookie_box_and_place_it_on_the_plate,demo_0,95,agentview,flat_stove_1,is_in_front_of,akita_black_bowl_1
pick_up_the_black_bowl_on_the_cookie_box_and_place_it_on_the_plate,demo_0,95,agentview,akita_black_bowl_2,is_left_of,glazed_rim_porcelain_ramekin_1
pick_up_the_black_bowl_on_the_cookie_box_and_place_it_on_the_plate,demo_0,95,agentview,glazed_rim_porcelain_ramekin_1,is_right_of,akita_black_bowl_2
pick_up_the_black_bowl_on_the_cookie_box_and_place_it_on_the_plate,demo_0,95,agentview,akita_black_bowl_2,is_left_of,plate_1
pick_up_the_black_bowl_on_the_cookie_box_and_place_it_on_the_plate,demo_0,95,agentview,plate_1,is_right_of,akita_black_bowl_2
pick_up_the_black_bowl_on_the_cookie_box_and_place_it_on_the_plate,demo_0,95,agentview,akita_black_bowl_2,is_behind,wooden_cabinet_1
pick_up_the_black_bowl_on_the_cookie_box_and_place_it_on_the_plate,demo_0,95,agentview,wooden_cabinet_1,is_in_front_of,akita_black_bowl_2
pick_up_the_black_bowl_on_the_cookie_box_and_place_it_on_the_plate,demo_0,95,agentview,akita_black_bowl_2,is_behind,flat_stove_1
pick_up_the_black_bowl_on_the_cookie_box_and_place_it_on_the_plate,demo_0,95,agentview,flat_stove_1,is_in_front_of,akita_black_bowl_2
pick_up_the_black_bowl_on_the_cookie_box_and_place_it_on_the_plate,demo_0,95,agentview,glazed_rim_porcelain_ramekin_1,is_left_of,plate_1
pick_up_the_black_bowl_on_the_cookie_box_and_place_it_on_the_plate,demo_0,95,agentview,plate_1,is_right_of,glazed_rim_porcelain_ramekin_1
pick_up_the_black_bowl_on_the_cookie_box_and_place_it_on_the_plate,demo_0,95,agentview,glazed_rim_porcelain_ramekin_1,is_behind,wooden_cabinet_1
pick_up_the_black_bowl_on_the_cookie_box_and_place_it_on_the_plate,demo_0,95,agentview,wooden_cabinet_1,is_in_front_of,glazed_rim_porcelain_ramekin_1
pick_up_the_black_bowl_on_the_cookie_box_and_place_it_on_the_plate,demo_0,95,agentview,glazed_rim_porcelain_ramekin_1,is_behind,flat_stove_1
pick_up_the_black_bowl_on_the_cookie_box_and_place_it_on_the_plate,demo_0,95,agentview,flat_stove_1,is_in_front_of,glazed_rim_porcelain_ramekin_1
pick_up_the_black_bowl_on_the_cookie_box_and_place_it_on_the_plate,demo_0,95,agentview,plate_1,is_behind,wooden_cabinet_1
pick_up_the_black_bowl_on_the_cookie_box_and_place_it_on_the_plate,demo_0,95,agentview,wooden_cabinet_1,is_in_front_of,plate_1
pick_up_the_black_bowl_on_the_cookie_box_and_place_it_on_the_plate,demo_0,95,agentview,plate_1,is_behind,flat_stove_1
pick_up_the_black_bowl_on_the_cookie_box_and_place_it_on_the_plate,demo_0,95,agentview,flat_stove_1,is_in_front_of,plate_1
pick_up_the_black_bowl_on_the_cookie_box_and_place_it_on_the_plate,demo_0,95,agentview,wooden_cabinet_1,is_left_of,flat_stove_1
pick_up_the_black_bowl_on_the_cookie_box_and_place_it_on_the_plate,demo_0,95,agentview,flat_stove_1,is_right_of,wooden_cabinet_1
pick_up_the_black_bowl_on_the_cookie_box_and_place_it_on_the_plate,demo_0,95,agentview,cookies_1,is_behind,akita_black_bowl_2
pick_up_the_black_bowl_on_the_cookie_box_and_place_it_on_the_plate,demo_0,95,agentview,akita_black_bowl_2,is_in_front_of,cookies_1
pick_up_the_black_bowl_on_the_cookie_box_and_place_it_on_the_plate,demo_0,95,agentview,cookies_1,is_behind,glazed_rim_porcelain_ramekin_1
pick_up_the_black_bowl_on_the_cookie_box_and_place_it_on_the_plate,demo_0,95,agentview,glazed_rim_porcelain_ramekin_1,is_in_front_of,cookies_1
pick_up_the_black_bowl_on_the_cookie_box_and_place_it_on_the_plate,demo_0,95,agentview,cookies_1,is_behind,plate_1
pick_up_the_black_bowl_on_the_cookie_box_and_place_it_on_the_plate,demo_0,95,agentview,plate_1,is_in_front_of,cookies_1
pick_up_the_black_bowl_on_the_cookie_box_and_place_it_on_the_plate,demo_0,95,agentview,cookies_1,is_behind,wooden_cabinet_1
pick_up_the_black_bowl_on_the_cookie_box_and_place_it_on_the_plate,demo_0,95,agentview,wooden_cabinet_1,is_in_front_of,cookies_1
pick_up_the_black_bowl_on_the_cookie_box_and_place_it_on_the_plate,demo_0,95,agentview,cookies_1,is_behind,flat_stove_1
pick_up_the_black_bowl_on_the_cookie_box_and_place_it_on_the_plate,demo_0,95,agentview,flat_stove_1,is_in_front_of,cookies_1
pick_up_the_black_bowl_on_the_cookie_box_and_place_it_on_the_plate,demo_12,0,agentview,akita_black_bowl_1,is_on_top_of,cookies_1
pick_up_the_black_bowl_on_the_cookie_box_and_place_it_on_the_plate,demo_12,0,agentview,cookies_1,is_below_of,akita_black_bowl_1
pick_up_the_black_bowl_on_the_cookie_box_and_place_it_on_the_plate,demo_12,0,agentview,akita_black_bowl_1,is_behind,akita_black_bowl_2
pick_up_the_black_bowl_on_the_cookie_box_and_place_it_on_the_plate,demo_12,0,agentview,akita_black_bowl_2,is_in_front_of,akita_black_bowl_1
pick_up_the_black_bowl_on_the_cookie_box_and_place_it_on_the_plate,demo_12,0,agentview,akita_black_bowl_1,is_behind,glazed_rim_porcelain_ramekin_1
pick_up_the_black_bowl_on_the_cookie_box_and_place_it_on_the_plate,demo_12,0,agentview,glazed_rim_porcelain_ramekin_1,is_in_front_of,akita_black_bowl_1
pick_up_the_black_bowl_on_the_cookie_box_and_place_it_on_the_plate,demo_12,0,agentview,akita_black_bowl_1,is_behind,plate_1
pick_up_the_black_bowl_on_the_cookie_box_and_place_it_on_the_plate,demo_12,0,agentview,plate_1,is_in_front_of,akita_black_bowl_1
pick_up_the_black_bowl_on_the_cookie_box_and_place_it_on_the_plate,demo_12,0,agentview,akita_black_bowl_1,is_behind,wooden_cabinet_1
pick_up_the_black_bowl_on_the_cookie_box_and_place_it_on_the_plate,demo_12,0,agentview,wooden_cabinet_1,is_in_front_of,akita_black_bowl_1
pick_up_the_black_bowl_on_the_cookie_box_and_place_it_on_the_plate,demo_12,0,agentview,akita_black_bowl_1,is_left_of,flat_stove_1
pick_up_the_black_bowl_on_the_cookie_box_and_place_it_on_the_plate,demo_12,0,agentview,flat_stove_1,is_right_of,akita_black_bowl_1
pick_up_the_black_bowl_on_the_cookie_box_and_place_it_on_the_plate,demo_12,0,agentview,akita_black_bowl_2,is_on_top_of,plate_1
pick_up_the_black_bowl_on_the_cookie_box_and_place_it_on_the_plate,demo_12,0,agentview,plate_1,is_below_of,akita_black_bowl_2
pick_up_the_black_bowl_on_the_cookie_box_and_place_it_on_the_plate,demo_12,0,agentview,akita_black_bowl_2,is_in_front_of,glazed_rim_porcelain_ramekin_1
pick_up_the_black_bowl_on_the_cookie_box_and_place_it_on_the_plate,demo_12,0,agentview,glazed_rim_porcelain_ramekin_1,is_behind,akita_black_bowl_2
pick_up_the_black_bowl_on_the_cookie_box_and_place_it_on_the_plate,demo_12,0,agentview,akita_black_bowl_2,is_in_front_of,cookies_1
pick_up_the_black_bowl_on_the_cookie_box_and_place_it_on_the_plate,demo_12,0,agentview,cookies_1,is_behind,akita_black_bowl_2
pick_up_the_black_bowl_on_the_cookie_box_and_place_it_on_the_plate,demo_12,0,agentview,akita_black_bowl_2,is_left_of,flat_stove_1
pick_up_the_black_bowl_on_the_cookie_box_and_place_it_on_the_plate,demo_12,0,agentview,flat_stove_1,is_right_of,akita_black_bowl_2
pick_up_the_black_bowl_on_the_cookie_box_and_place_it_on_the_plate,demo_12,0,agentview,cookies_1,is_behind,glazed_rim_porcelain_ramekin_1
pick_up_the_black_bowl_on_the_cookie_box_and_place_it_on_the_plate,demo_12,0,agentview,glazed_rim_porcelain_ramekin_1,is_in_front_of,cookies_1
pick_up_the_black_bowl_on_the_cookie_box_and_place_it_on_the_plate,demo_12,0,agentview,cookies_1,is_behind,plate_1
pick_up_the_black_bowl_on_the_cookie_box_and_place_it_on_the_plate,demo_12,0,agentview,plate_1,is_in_front_of,cookies_1
pick_up_the_black_bowl_on_the_cookie_box_and_place_it_on_the_plate,demo_12,0,agentview,cookies_1,is_behind,wooden_cabinet_1
pick_up_the_black_bowl_on_the_cookie_box_and_place_it_on_the_plate,demo_12,0,agentview,wooden_cabinet_1,is_in_front_of,cookies_1
pick_up_the_black_bowl_on_the_cookie_box_and_place_it_on_the_plate,demo_12,0,agentview,cookies_1,is_left_of,flat_stove_1
pick_up_the_black_bowl_on_the_cookie_box_and_place_it_on_the_plate,demo_12,0,agentview,flat_stove_1,is_right_of,cookies_1
pick_up_the_black_bowl_on_the_cookie_box_and_place_it_on_the_plate,demo_12,0,agentview,glazed_rim_porcelain_ramekin_1,is_left_of,akita_black_bowl_2
pick_up_the_black_bowl_on_the_cookie_box_and_place_it_on_the_plate,demo_12,0,agentview,akita_black_bowl_2,is_right_of,glazed_rim_porcelain_ramekin_1
pick_up_the_black_bowl_on_the_cookie_box_and_place_it_on_the_plate,demo_12,0,agentview,glazed_rim_porcelain_ramekin_1,is_left_of,plate_1
pick_up_the_black_bowl_on_the_cookie_box_and_place_it_on_the_plate,demo_12,0,agentview,plate_1,is_right_of,glazed_rim_porcelain_ramekin_1
pick_up_the_black_bowl_on_the_cookie_box_and_place_it_on_the_plate,demo_12,0,agentview,glazed_rim_porcelain_ramekin_1,is_in_front_of,wooden_cabinet_1
pick_up_the_black_bowl_on_the_cookie_box_and_place_it_on_the_plate,demo_12,0,agentview,wooden_cabinet_1,is_behind,glazed_rim_porcelain_ramekin_1
pick_up_the_black_bowl_on_the_cookie_box_and_place_it_on_the_plate,demo_12,0,agentview,glazed_rim_porcelain_ramekin_1,is_left_of,flat_stove_1
pick_up_the_black_bowl_on_the_cookie_box_and_place_it_on_the_plate,demo_12,0,agentview,flat_stove_1,is_right_of,glazed_rim_porcelain_ramekin_1
pick_up_the_black_bowl_on_the_cookie_box_and_place_it_on_the_plate,demo_12,0,agentview,plate_1,is_in_front_of,wooden_cabinet_1
pick_up_the_black_bowl_on_the_cookie_box_and_place_it_on_the_plate,demo_12,0,agentview,wooden_cabinet_1,is_behind,plate_1
pick_up_the_black_bowl_on_the_cookie_box_and_place_it_on_the_plate,demo_12,0,agentview,plate_1,is_left_of,flat_stove_1
pick_up_the_black_bowl_on_the_cookie_box_and_place_it_on_the_plate,demo_12,0,agentview,flat_stove_1,is_right_of,plate_1
pick_up_the_black_bowl_on_the_cookie_box_and_place_it_on_the_plate,demo_12,0,agentview,wooden_cabinet_1,is_left_of,flat_stove_1
pick_up_the_black_bowl_on_the_cookie_box_and_place_it_on_the_plate,demo_12,0,agentview,flat_stove_1,is_right_of,wooden_cabinet_1
pick_up_the_black_bowl_on_the_cookie_box_and_place_it_on_the_plate,demo_12,5,agentview,akita_black_bowl_1,is_on_top_of,cookies_1
pick_up_the_black_bowl_on_the_cookie_box_and_place_it_on_the_plate,demo_12,5,agentview,cookies_1,is_below_of,akita_black_bowl_1
pick_up_the_black_bowl_on_the_cookie_box_and_place_it_on_the_plate,demo_12,5,agentview,akita_black_bowl_1,is_behind,akita_black_bowl_2
pick_up_the_black_bowl_on_the_cookie_box_and_place_it_on_the_plate,demo_12,5,agentview,akita_black_bowl_2,is_in_front_of,akita_black_bowl_1
pick_up_the_black_bowl_on_the_cookie_box_and_place_it_on_the_plate,demo_12,5,agentview,akita_black_bowl_1,is_behind,glazed_rim_porcelain_ramekin_1
pick_up_the_black_bowl_on_the_cookie_box_and_place_it_on_the_plate,demo_12,5,agentview,glazed_rim_porcelain_ramekin_1,is_in_front_of,akita_black_bowl_1
pick_up_the_black_bowl_on_the_cookie_box_and_place_it_on_the_plate,demo_12,5,agentview,akita_black_bowl_1,is_behind,plate_1
pick_up_the_black_bowl_on_the_cookie_box_and_place_it_on_the_plate,demo_12,5,agentview,plate_1,is_in_front_of,akita_black_bowl_1
pick_up_the_black_bowl_on_the_cookie_box_and_place_it_on_the_plate,demo_12,5,agentview,akita_black_bowl_1,is_behind,wooden_cabinet_1
pick_up_the_black_bowl_on_the_cookie_box_and_place_it_on_the_plate,demo_12,5,agentview,wooden_cabinet_1,is_in_front_of,akita_black_bowl_1
pick_up_the_black_bowl_on_the_cookie_box_and_place_it_on_the_plate,demo_12,5,agentview,akita_black_bowl_1,is_behind,flat_stove_1
pick_up_the_black_bowl_on_the_cookie_box_and_place_it_on_the_plate,demo_12,5,agentview,flat_stove_1,is_in_front_of,akita_black_bowl_1
pick_up_the_black_bowl_on_the_cookie_box_and_place_it_on_the_plate,demo_12,5,agentview,akita_black_bowl_2,is_left_of,glazed_rim_porcelain_ramekin_1
pick_up_the_black_bowl_on_the_cookie_box_and_place_it_on_the_plate,demo_12,5,agentview,glazed_rim_porcelain_ramekin_1,is_right_of,akita_black_bowl_2
pick_up_the_black_bowl_on_the_cookie_box_and_place_it_on_the_plate,demo_12,5,agentview,akita_black_bowl_2,is_left_of,plate_1
pick_up_the_black_bowl_on_the_cookie_box_and_place_it_on_the_plate,demo_12,5,agentview,plate_1,is_right_of,akita_black_bowl_2
pick_up_the_black_bowl_on_the_cookie_box_and_place_it_on_the_plate,demo_12,5,agentview,akita_black_bowl_2,is_in_front_of,wooden_cabinet_1
pick_up_the_black_bowl_on_the_cookie_box_and_place_it_on_the_plate,demo_12,5,agentview,wooden_cabinet_1,is_behind,akita_black_bowl_2
pick_up_the_black_bowl_on_the_cookie_box_and_place_it_on_the_plate,demo_12,5,agentview,akita_black_bowl_2,is_in_front_of,flat_stove_1
pick_up_the_black_bowl_on_the_cookie_box_and_place_it_on_the_plate,demo_12,5,agentview,flat_stove_1,is_behind,akita_black_bowl_2
pick_up_the_black_bowl_on_the_cookie_box_and_place_it_on_the_plate,demo_12,5,agentview,glazed_rim_porcelain_ramekin_1,is_left_of,plate_1
pick_up_the_black_bowl_on_the_cookie_box_and_place_it_on_the_plate,demo_12,5,agentview,plate_1,is_right_of,glazed_rim_porcelain_ramekin_1
pick_up_the_black_bowl_on_the_cookie_box_and_place_it_on_the_plate,demo_12,5,agentview,glazed_rim_porcelain_ramekin_1,is_in_front_of,wooden_cabinet_1
pick_up_the_black_bowl_on_the_cookie_box_and_place_it_on_the_plate,demo_12,5,agentview,wooden_cabinet_1,is_behind,glazed_rim_porcelain_ramekin_1
pick_up_the_black_bowl_on_the_cookie_box_and_place_it_on_the_plate,demo_12,5,agentview,glazed_rim_porcelain_ramekin_1,is_in_front_of,flat_stove_1
pick_up_the_black_bowl_on_the_cookie_box_and_place_it_on_the_plate,demo_12,5,agentview,flat_stove_1,is_behind,glazed_rim_porcelain_ramekin_1
pick_up_the_black_bowl_on_the_cookie_box_and_place_it_on_the_plate,demo_12,5,agentview,plate_1,is_in_front_of,wooden_cabinet_1
pick_up_the_black_bowl_on_the_cookie_box_and_place_it_on_the_plate,demo_12,5,agentview,wooden_cabinet_1,is_behind,plate_1
pick_up_the_black_bowl_on_the_cookie_box_and_place_it_on_the_plate,demo_12,5,agentview,plate_1,is_in_front_of,flat_stove_1
pick_up_the_black_bowl_on_the_cookie_box_and_place_it_on_the_plate,demo_12,5,agentview,flat_stove_1,is_behind,plate_1
pick_up_the_black_bowl_on_the_cookie_box_and_place_it_on_the_plate,demo_12,5,agentview,cookies_1,is_behind,akita_black_bowl_2
pick_up_the_black_bowl_on_the_cookie_box_and_place_it_on_the_plate,demo_12,5,agentview,akita_black_bowl_2,is_in_front_of,cookies_1
pick_up_the_black_bowl_on_the_cookie_box_and_place_it_on_the_plate,demo_12,5,agentview,cookies_1,is_behind,glazed_rim_porcelain_ramekin_1
pick_up_the_black_bowl_on_the_cookie_box_and_place_it_on_the_plate,demo_12,5,agentview,glazed_rim_porcelain_ramekin_1,is_in_front_of,cookies_1
pick_up_the_black_bowl_on_the_cookie_box_and_place_it_on_the_plate,demo_12,5,agentview,cookies_1,is_behind,plate_1
pick_up_the_black_bowl_on_the_cookie_box_and_place_it_on_the_plate,demo_12,5,agentview,plate_1,is_in_front_of,cookies_1
pick_up_the_black_bowl_on_the_cookie_box_and_place_it_on_the_plate,demo_12,5,agentview,cookies_1,is_left_of,wooden_cabinet_1
pick_up_the_black_bowl_on_the_cookie_box_and_place_it_on_the_plate,demo_12,5,agentview,wooden_cabinet_1,is_right_of,cookies_1
pick_up_the_black_bowl_on_the_cookie_box_and_place_it_on_the_plate,demo_12,5,agentview,cookies_1,is_left_of,flat_stove_1
pick_up_the_black_bowl_on_the_cookie_box_and_place_it_on_the_plate,demo_12,5,agentview,flat_stove_1,is_right_of,cookies_1
pick_up_the_black_bowl_on_the_cookie_box_and_place_it_on_the_plate,demo_12,5,agentview,wooden_cabinet_1,is_behind,flat_stove_1
pick_up_the_black_bowl_on_the_cookie_box_and_place_it_on_the_plate,demo_12,5,agentview,flat_stove_1,is_in_front_of,wooden_cabinet_1
pick_up_the_black_bowl_on_the_cookie_box_and_place_it_on_the_plate,demo_12,15,agentview,akita_black_bowl_1,is_on_top_of,cookies_1
pick_up_the_black_bowl_on_the_cookie_box_and_place_it_on_the_plate,demo_12,15,agentview,cookies_1,is_below_of,akita_black_bowl_1
pick_up_the_black_bowl_on_the_cookie_box_and_place_it_on_the_plate,demo_12,15,agentview,akita_black_bowl_1,is_behind,akita_black_bowl_2
pick_up_the_black_bowl_on_the_cookie_box_and_place_it_on_the_plate,demo_12,15,agentview,akita_black_bowl_2,is_in_front_of,akita_black_bowl_1
pick_up_the_black_bowl_on_the_cookie_box_and_place_it_on_the_plate,demo_12,15,agentview,akita_black_bowl_1,is_behind,glazed_rim_porcelain_ramekin_1
pick_up_the_black_bowl_on_the_cookie_box_and_place_it_on_the_plate,demo_12,15,agentview,glazed_rim_porcelain_ramekin_1,is_in_front_of,akita_black_bowl_1
pick_up_the_black_bowl_on_the_cookie_box_and_place_it_on_the_plate,demo_12,15,agentview,akita_black_bowl_1,is_behind,plate_1
pick_up_the_black_bowl_on_the_cookie_box_and_place_it_on_the_plate,demo_12,15,agentview,plate_1,is_in_front_of,akita_black_bowl_1
pick_up_the_black_bowl_on_the_cookie_box_and_place_it_on_the_plate,demo_12,15,agentview,akita_black_bowl_1,is_behind,wooden_cabinet_1
pick_up_the_black_bowl_on_the_cookie_box_and_place_it_on_the_plate,demo_12,15,agentview,wooden_cabinet_1,is_in_front_of,akita_black_bowl_1
pick_up_the_black_bowl_on_the_cookie_box_and_place_it_on_the_plate,demo_12,15,agentview,akita_black_bowl_1,is_behind,flat_stove_1
pick_up_the_black_bowl_on_the_cookie_box_and_place_it_on_the_plate,demo_12,15,agentview,flat_stove_1,is_in_front_of,akita_black_bowl_1
pick_up_the_black_bowl_on_the_cookie_box_and_place_it_on_the_plate,demo_12,15,agentview,akita_black_bowl_2,is_left_of,glazed_rim_porcelain_ramekin_1
pick_up_the_black_bowl_on_the_cookie_box_and_place_it_on_the_plate,demo_12,15,agentview,glazed_rim_porcelain_ramekin_1,is_right_of,akita_black_bowl_2
pick_up_the_black_bowl_on_the_cookie_box_and_place_it_on_the_plate,demo_12,15,agentview,akita_black_bowl_2,is_left_of,plate_1
pick_up_the_black_bowl_on_the_cookie_box_and_place_it_on_the_plate,demo_12,15,agentview,plate_1,is_right_of,akita_black_bowl_2
pick_up_the_black_bowl_on_the_cookie_box_and_place_it_on_the_plate,demo_12,15,agentview,akita_black_bowl_2,is_in_front_of,wooden_cabinet_1
pick_up_the_black_bowl_on_the_cookie_box_and_place_it_on_the_plate,demo_12,15,agentview,wooden_cabinet_1,is_behind,akita_black_bowl_2
pick_up_the_black_bowl_on_the_cookie_box_and_place_it_on_the_plate,demo_12,15,agentview,akita_black_bowl_2,is_in_front_of,flat_stove_1
pick_up_the_black_bowl_on_the_cookie_box_and_place_it_on_the_plate,demo_12,15,agentview,flat_stove_1,is_behind,akita_black_bowl_2
pick_up_the_black_bowl_on_the_cookie_box_and_place_it_on_the_plate,demo_12,15,agentview,glazed_rim_porcelain_ramekin_1,is_left_of,plate_1
pick_up_the_black_bowl_on_the_cookie_box_and_place_it_on_the_plate,demo_12,15,agentview,plate_1,is_right_of,glazed_rim_porcelain_ramekin_1
pick_up_the_black_bowl_on_the_cookie_box_and_place_it_on_the_plate,demo_12,15,agentview,glazed_rim_porcelain_ramekin_1,is_in_front_of,wooden_cabinet_1
pick_up_the_black_bowl_on_the_cookie_box_and_place_it_on_the_plate,demo_12,15,agentview,wooden_cabinet_1,is_behind,glazed_rim_porcelain_ramekin_1
pick_up_the_black_bowl_on_the_cookie_box_and_place_it_on_the_plate,demo_12,15,agentview,glazed_rim_porcelain_ramekin_1,is_in_front_of,flat_stove_1
pick_up_the_black_bowl_on_the_cookie_box_and_place_it_on_the_plate,demo_12,15,agentview,flat_stove_1,is_behind,glazed_rim_porcelain_ramekin_1
pick_up_the_black_bowl_on_the_cookie_box_and_place_it_on_the_plate,demo_12,15,agentview,plate_1,is_in_front_of,wooden_cabinet_1
pick_up_the_black_bowl_on_the_cookie_box_and_place_it_on_the_plate,demo_12,15,agentview,wooden_cabinet_1,is_behind,plate_1
pick_up_the_black_bowl_on_the_cookie_box_and_place_it_on_the_plate,demo_12,15,agentview,plate_1,is_in_front_of,flat_stove_1
pick_up_the_black_bowl_on_the_cookie_box_and_place_it_on_the_plate,demo_12,15,agentview,flat_stove_1,is_behind,plate_1
pick_up_the_black_bowl_on_the_cookie_box_and_place_it_on_the_plate,demo_12,15,agentview,cookies_1,is_behind,wooden_cabinet_1
pick_up_the_black_bowl_on_the_cookie_box_and_place_it_on_the_plate,demo_12,15,agentview,wooden_cabinet_1,is_in_front_of,cookies_1
pick_up_the_black_bowl_on_the_cookie_box_and_place_it_on_the_plate,demo_12,15,agentview,cookies_1,is_behind,flat_stove_1
pick_up_the_black_bowl_on_the_cookie_box_and_place_it_on_the_plate,demo_12,15,agentview,flat_stove_1,is_in_front_of,cookies_1
pick_up_the_black_bowl_on_the_cookie_box_and_place_it_on_the_plate,demo_12,15,agentview,wooden_cabinet_1,is_left_of,flat_stove_1
pick_up_the_black_bowl_on_the_cookie_box_and_place_it_on_the_plate,demo_12,15,agentview,flat_stove_1,is_right_of,wooden_cabinet_1
pick_up_the_black_bowl_on_the_cookie_box_and_place_it_on_the_plate,demo_12,20,agentview,akita_black_bowl_1,is_on_top_of,cookies_1
pick_up_the_black_bowl_on_the_cookie_box_and_place_it_on_the_plate,demo_12,20,agentview,cookies_1,is_below_of,akita_black_bowl_1
pick_up_the_black_bowl_on_the_cookie_box_and_place_it_on_the_plate,demo_12,20,agentview,akita_black_bowl_1,is_behind,akita_black_bowl_2
pick_up_the_black_bowl_on_the_cookie_box_and_place_it_on_the_plate,demo_12,20,agentview,akita_black_bowl_2,is_in_front_of,akita_black_bowl_1
pick_up_the_black_bowl_on_the_cookie_box_and_place_it_on_the_plate,demo_12,20,agentview,akita_black_bowl_1,is_behind,glazed_rim_porcelain_ramekin_1
pick_up_the_black_bowl_on_the_cookie_box_and_place_it_on_the_plate,demo_12,20,agentview,glazed_rim_porcelain_ramekin_1,is_in_front_of,akita_black_bowl_1
pick_up_the_black_bowl_on_the_cookie_box_and_place_it_on_the_plate,demo_12,20,agentview,akita_black_bowl_1,is_behind,plate_1
pick_up_the_black_bowl_on_the_cookie_box_and_place_it_on_the_plate,demo_12,20,agentview,plate_1,is_in_front_of,akita_black_bowl_1
pick_up_the_black_bowl_on_the_cookie_box_and_place_it_on_the_plate,demo_12,20,agentview,akita_black_bowl_1,is_behind,wooden_cabinet_1
pick_up_the_black_bowl_on_the_cookie_box_and_place_it_on_the_plate,demo_12,20,agentview,wooden_cabinet_1,is_in_front_of,akita_black_bowl_1
pick_up_the_black_bowl_on_the_cookie_box_and_place_it_on_the_plate,demo_12,20,agentview,akita_black_bowl_1,is_right_of,glazed_rim_porcelain_ramekin_1
pick_up_the_black_bowl_on_the_cookie_box_and_place_it_on_the_plate,demo_12,20,agentview,glazed_rim_porcelain_ramekin_1,is_left_of,akita_black_bowl_1
pick_up_the_black_bowl_on_the_cookie_box_and_place_it_on_the_plate,demo_12,20,agentview,akita_black_bowl_2,is_on_top_of,plate_1
pick_up_the_black_bowl_on_the_cookie_box_and_place_it_on_the_plate,demo_12,20,agentview,plate_1,is_below_of,akita_black_bowl_2
pick_up_the_black_bowl_on_the_cookie_box_and_place_it_on_the_plate,demo_12,20,agentview,akita_black_bowl_2,is_behind,glazed_rim_porcelain_ramekin_1
pick_up_the_black_bowl_on_the_cookie_box_and_place_it_on_the_plate,demo_12,20,agentview,glazed_rim_porcelain_ramekin_1,is_in_front_of,akita_black_bowl_2
pick_up_the_black_bowl_on_the_cookie_box_and_place_it_on_the_plate,demo_12,20,agentview,akita_black_bowl_2,is_in_front_of,akita_black_bowl_1
pick_up_the_black_bowl_on_the_cookie_box_and_place_it_on_the_plate,demo_12,20,agentview,akita_black_bowl_1,is_behind,akita_black_bowl_2
pick_up_the_black_bowl_on_the_cookie_box_and_place_it_on_the_plate,demo_12,20,agentview,akita_black_bowl_2,is_right_of,glazed_rim_porcelain_ramekin_1
pick_up_the_black_bowl_on_the_cookie_box_and_place_it_on_the_plate,demo_12,20,agentview,glazed_rim_porcelain_ramekin_1,is_left_of,akita_black_bowl_2
pick_up_the_black_bowl_on_the_cookie_box_and_place_it_on_the_plate,demo_12,20,agentview,cookies_1,is_on_top_of,flat_stove_1
pick_up_the_black_bowl_on_the_cookie_box_and_place_it_on_the_plate,demo_12,20,agentview,flat_stove_1,is_below_of,cookies_1
pick_up_the_black_bowl_on_the_cookie_box_and_place_it_on_the_plate,demo_12,20,agentview,cookies_1,is_behind,glazed_rim_porcelain_ramekin_1
pick_up_the_black_bowl_on_the_cookie_box_and_place_it_on_the_plate,demo_12,20,agentview,glazed_rim_porcelain_ramekin_1,is_in_front_of,cookies_1
pick_up_the_black_bowl_on_the_cookie_box_and_place_it_on_the_plate,demo_12,20,agentview,cookies_1,is_behind,plate_1
pick_up_the_black_bowl_on_the_cookie_box_and_place_it_on_the_plate,demo_12,20,agentview,plate_1,is_in_front_of,cookies_1
pick_up_the_black_bowl_on_the_cookie_box_and_place_it_on_the_plate,demo_12,20,agentview,cookies_1,is_behind,wooden_cabinet_1
pick_up_the_black_bowl_on_the_cookie_box_and_place_it_on_the_plate,demo_12,20,agentview,wooden_cabinet_1,is_in_front_of,cookies_1
pick_up_the_black_bowl_on_the_cookie_box_and_place_it_on_the_plate,demo_12,20,agentview,cookies_1,is_right_of,glazed_rim_porcelain_ramekin_1
pick_up_the_black_bowl_on_the_cookie_box_and_place_it_on_the_plate,demo_12,20,agentview,glazed_rim_porcelain_ramekin_1,is_left_of,cookies_1
pick_up_the_black_bowl_on_the_cookie_box_and_place_it_on_the_plate,demo_12,20,agentview,glazed_rim_porcelain_ramekin_1,is_behind,plate_1
pick_up_the_black_bowl_on_the_cookie_box_and_place_it_on_the_plate,demo_12,20,agentview,plate_1,is_in_front_of,glazed_rim_porcelain_ramekin_1
pick_up_the_black_bowl_on_the_cookie_box_and_place_it_on_the_plate,demo_12,20,agentview,glazed_rim_porcelain_ramekin_1,is_behind,wooden_cabinet_1
pick_up_the_black_bowl_on_the_cookie_box_and_place_it_on_the_plate,demo_12,20,agentview,wooden_cabinet_1,is_in_front_of,glazed_rim_porcelain_ramekin_1
pick_up_the_black_bowl_on_the_cookie_box_and_place_it_on_the_plate,demo_12,20,agentview,glazed_rim_porcelain_ramekin_1,is_left_of,akita_black_bowl_1
pick_up_the_black_bowl_on_the_cookie_box_and_place_it_on_the_plate,demo_12,20,agentview,akita_black_bowl_1,is_right_of,glazed_rim_porcelain_ramekin_1
pick_up_the_black_bowl_on_the_cookie_box_and_place_it_on_the_plate,demo_12,20,agentview,glazed_rim_porcelain_ramekin_1,is_left_of,akita_black_bowl_2
pick_up_the_black_bowl_on_the_cookie_box_and_place_it_on_the_plate,demo_12,20,agentview,akita_black_bowl_2,is_right_of,glazed_rim_porcelain_ramekin_1
pick_up_the_black_bowl_on_the_cookie_box_and_place_it_on_the_plate,demo_12,20,agentview,glazed_rim_porcelain_ramekin_1,is_left_of,cookies_1
pick_up_the_black_bowl_on_the_cookie_box_and_place_it_on_the_plate,demo_12,20,agentview,cookies_1,is_right_of,glazed_rim_porcelain_ramekin_1
pick_up_the_black_bowl_on_the_cookie_box_and_place_it_on_the_plate,demo_12,20,agentview,plate_1,is_behind,wooden_cabinet_1
pick_up_the_black_bowl_on_the_cookie_box_and_place_it_on_the_plate,demo_12,20,agentview,wooden_cabinet_1,is_in_front_of,plate_1
pick_up_the_black_bowl_on_the_cookie_box_and_place_it_on_the_plate,demo_12,20,agentview,plate_1,is_right_of,glazed_rim_porcelain_ramekin_1
pick_up_the_black_bowl_on_the_cookie_box_and_place_it_on_the_plate,demo_12,20,agentview,glazed_rim_porcelain_ramekin_1,is_left_of,plate_1
pick_up_the_black_bowl_on_the_cookie_box_and_place_it_on_the_plate,demo_12,20,agentview,wooden_cabinet_1,is_right_of,glazed_rim_porcelain_ramekin_1
pick_up_the_black_bowl_on_the_cookie_box_and_place_it_on_the_plate,demo_12,20,agentview,glazed_rim_porcelain_ramekin_1,is_left_of,wooden_cabinet_1
pick_up_the_black_bowl_on_the_cookie_box_and_place_it_on_the_plate,demo_12,25,agentview,akita_black_bowl_1,is_on_top_of,cookies_1
pick_up_the_black_bowl_on_the_cookie_box_and_place_it_on_the_plate,demo_12,25,agentview,cookies_1,is_below_of,akita_black_bowl_1
pick_up_the_black_bowl_on_the_cookie_box_and_place_it_on_the_plate,demo_12,25,agentview,akita_black_bowl_1,is_behind,akita_black_bowl_2
pick_up_the_black_bowl_on_the_cookie_box_and_place_it_on_the_plate,demo_12,25,agentview,akita_black_bowl_2,is_in_front_of,akita_black_bowl_1
pick_up_the_black_bowl_on_the_cookie_box_and_place_it_on_the_plate,demo_12,25,agentview,akita_black_bowl_1,is_behind,glazed_rim_porcelain_ramekin_1
pick_up_the_black_bowl_on_the_cookie_box_and_place_it_on_the_plate,demo_12,25,agentview,glazed_rim_porcelain_ramekin_1,is_in_front_of,akita_black_bowl_1
pick_up_the_black_bowl_on_the_cookie_box_and_place_it_on_the_plate,demo_12,25,agentview,akita_black_bowl_1,is_behind,plate_1
pick_up_the_black_bowl_on_the_cookie_box_and_place_it_on_the_plate,demo_12,25,agentview,plate_1,is_in_front_of,akita_black_bowl_1
pick_up_the_black_bowl_on_the_cookie_box_and_place_it_on_the_plate,demo_12,25,agentview,akita_black_bowl_1,is_left_of,wooden_cabinet_1
pick_up_the_black_bowl_on_the_cookie_box_and_place_it_on_the_plate,demo_12,25,agentview,wooden_cabinet_1,is_right_of,akita_black_bowl_1
pick_up_the_black_bowl_on_the_cookie_box_and_place_it_on_the_plate,demo_12,25,agentview,akita_black_bowl_2,is_on_top_of,flat_stove_1
pick_up_the_black_bowl_on_the_cookie_box_and_place_it_on_the_plate,demo_12,25,agentview,flat_stove_1,is_below_of,akita_black_bowl_2
pick_up_the_black_bowl_on_the_cookie_box_and_place_it_on_the_plate,demo_12,25,agentview,akita_black_bowl_2,is_in_front_of,cookies_1
pick_up_the_black_bowl_on_the_cookie_box_and_place_it_on_the_plate,demo_12,25,agentview,cookies_1,is_behind,akita_black_bowl_2
pick_up_the_black_bowl_on_the_cookie_box_and_place_it_on_the_plate,demo_12,25,agentview,akita_black_bowl_2,is_left_of,glazed_rim_porcelain_ramekin_1
pick_up_the_black_bowl_on_the_cookie_box_and_place_it_on_the_plate,demo_12,25,agentview,glazed_rim_porcelain_ramekin_1,is_right_of,akita_black_bowl_2
pick_up_the_black_bowl_on_the_cookie_box_and_place_it_on_the_plate,demo_12,25,agentview,akita_black_bowl_2,is_left_of,plate_1
pick_up_the_black_bowl_on_the_cookie_box_and_place_it_on_the_plate,demo_12,25,agentview,plate_1,is_right_of,akita_black_bowl_2
pick_up_the_black_bowl_on_the_cookie_box_and_place_it_on_the_plate,demo_12,25,agentview,akita_black_bowl_2,is_in_front_of,wooden_cabinet_1
pick_up_the_black_bowl_on_the_cookie_box_and_place_it_on_the_plate,demo_12,25,agentview,wooden_cabinet_1,is_behind,akita_black_bowl_2
pick_up_the_black_bowl_on_the_cookie_box_and_place_it_on_the_plate,demo_12,25,agentview,glazed_rim_porcelain_ramekin_1,is_on_top_of,flat_stove_1
pick_up_the_black_bowl_on_the_cookie_box_and_place_it_on_the_plate,demo_12,25,agentview,flat_stove_1,is_below_of,glazed_rim_porcelain_ramekin_1
pick_up_the_black_bowl_on_the_cookie_box_and_place_it_on_the_plate,demo_12,25,agentview,glazed_rim_porcelain_ramekin_1,is_right_of,cookies_1
pick_up_the_black_bowl_on_the_cookie_box_and_place_it_on_the_plate,demo_12,25,agentview,cookies_1,is_left_of,glazed_rim_porcelain_ramekin_1
pick_up_the_black_bowl_on_the_cookie_box_and_place_it_on_the_plate,demo_12,25,agentview,glazed_rim_porcelain_ramekin_1,is_in_front_of,plate_1
pick_up_the_black_bowl_on_the_cookie_box_and_place_it_on_the_plate,demo_12,25,agentview,plate_1,is_behind,glazed_rim_porcelain_ramekin_1
pick_up_the_black_bowl_on_the_cookie_box_and_place_it_on_the_plate,demo_12,25,agentview,glazed_rim_porcelain_ramekin_1,is_in_front_of,wooden_cabinet_1
pick_up_the_black_bowl_on_the_cookie_box_and_place_it_on_the_plate,demo_12,25,agentview,wooden_cabinet_1,is_behind,glazed_rim_porcelain_ramekin_1
pick_up_the_black_bowl_on_the_cookie_box_and_place_it_on_the_plate,demo_12,25,agentview,plate_1,is_on_top_of,flat_stove_1
pick_up_the_black_bowl_on_the_cookie_box_and_place_it_on_the_plate,demo_12,25,agentview,flat_stove_1,is_below_of,plate_1
pick_up_the_black_bowl_on_the_cookie_box_and_place_it_on_the_plate,demo_12,25,agentview,plate_1,is_right_of,cookies_1
pick_up_the_black_bowl_on_the_cookie_box_and_place_it_on_the_plate,demo_12,25,agentview,cookies_1,is_left_of,plate_1
pick_up_the_black_bowl_on_the_cookie_box_and_place_it_on_the_plate,demo_12,25,agentview,plate_1,is_behind,wooden_cabinet_1
pick_up_the_black_bowl_on_the_cookie_box_and_place_it_on_the_plate,demo_12,25,agentview,wooden_cabinet_1,is_in_front_of,plate_1
pick_up_the_black_bowl_on_the_cookie_box_and_place_it_on_the_plate,demo_12,25,agentview,cookies_1,is_on_top_of,flat_stove_1
pick_up_the_black_bowl_on_the_cookie_box_and_place_it_on_the_plate,demo_12,25,agentview,flat_stove_1,is_below_of,cookies_1
pick_up_the_black_bowl_on_the_cookie_box_and_place_it_on_the_plate,demo_12,25,agentview,cookies_1,is_left_of,wooden_cabinet_1
pick_up_the_black_bowl_on_the_cookie_box_and_place_it_on_the_plate,demo_12,25,agentview,wooden_cabinet_1,is_right_of,cookies_1
pick_up_the_black_bowl_on_the_cookie_box_and_place_it_on_the_plate,demo_12,25,agentview,wooden_cabinet_1,is_on_top_of,flat_stove_1
pick_up_the_black_bowl_on_the_cookie_box_and_place_it_on_the_plate,demo_12,25,agentview,flat_stove_1,is_below_of,wooden_cabinet_1
pick_up_the_black_bowl_on_the_cookie_box_and_place_it_on_the_plate,demo_12,30,agentview,akita_black_bowl_1,is_on_top_of,cookies_1
pick_up_the_black_bowl_on_the_cookie_box_and_place_it_on_the_plate,demo_12,30,agentview,cookies_1,is_below_of,akita_black_bowl_1
pick_up_the_black_bowl_on_the_cookie_box_and_place_it_on_the_plate,demo_12,30,agentview,akita_black_bowl_1,is_behind,akita_black_bowl_2
pick_up_the_black_bowl_on_the_cookie_box_and_place_it_on_the_plate,demo_12,30,agentview,akita_black_bowl_2,is_in_front_of,akita_black_bowl_1
pick_up_the_black_bowl_on_the_cookie_box_and_place_it_on_the_plate,demo_12,30,agentview,akita_black_bowl_1,is_behind,glazed_rim_porcelain_ramekin_1
pick_up_the_black_bowl_on_the_cookie_box_and_place_it_on_the_plate,demo_12,30,agentview,glazed_rim_porcelain_ramekin_1,is_in_front_of,akita_black_bowl_1
pick_up_the_black_bowl_on_the_cookie_box_and_place_it_on_the_plate,demo_12,30,agentview,akita_black_bowl_1,is_behind,plate_1
pick_up_the_black_bowl_on_the_cookie_box_and_place_it_on_the_plate,demo_12,30,agentview,plate_1,is_in_front_of,akita_black_bowl_1
pick_up_the_black_bowl_on_the_cookie_box_and_place_it_on_the_plate,demo_12,30,agentview,akita_black_bowl_1,is_behind,wooden_cabinet_1
pick_up_the_black_bowl_on_the_cookie_box_and_place_it_on_the_plate,demo_12,30,agentview,wooden_cabinet_1,is_in_front_of,akita_black_bowl_1
pick_up_the_black_bowl_on_the_cookie_box_and_place_it_on_the_plate,demo_12,30,agentview,akita_black_bowl_1,is_behind,flat_stove_1
pick_up_the_black_bowl_on_the_cookie_box_and_place_it_on_the_plate,demo_12,30,agentview,flat_stove_1,is_in_front_of,akita_black_bowl_1
pick_up_the_black_bowl_on_the_cookie_box_and_place_it_on_the_plate,demo_12,30,agentview,akita_black_bowl_2,is_on_top_of,plate_1
pick_up_the_black_bowl_on_the_cookie_box_and_place_it_on_the_plate,demo_12,30,agentview,plate_1,is_below_of,akita_black_bowl_2
pick_up_the_black_bowl_on_the_cookie_box_and_place_it_on_the_plate,demo_12,30,agentview,akita_black_bowl_2,is_right_of,glazed_rim_porcelain_ramekin_1
pick_up_the_black_bowl_on_the_cookie_box_and_place_it_on_the_plate,demo_12,30,agentview,glazed_rim_porcelain_ramekin_1,is_left_of,akita_black_bowl_2
pick_up_the_black_bowl_on_the_cookie_box_and_place_it_on_the_plate,demo_12,30,agentview,akita_black_bowl_2,is_in_front_of,cookies_1
pick_up_the_black_bowl_on_the_cookie_box_and_place_it_on_the_plate,demo_12,30,agentview,cookies_1,is_behind,akita_black_bowl_2
pick_up_the_black_bowl_on_the_cookie_box_and_place_it_on_the_plate,demo_12,30,agentview,akita_black_bowl_2,is_in_front_of,wooden_cabinet_1
pick_up_the_black_bowl_on_the_cookie_box_and_place_it_on_the_plate,demo_12,30,agentview,wooden_cabinet_1,is_behind,akita_black_bowl_2
pick_up_the_black_bowl_on_the_cookie_box_and_place_it_on_the_plate,demo_12,30,agentview,akita_black_bowl_2,is_in_front_of,flat_stove_1
pick_up_the_black_bowl_on_the_cookie_box_and_place_it_on_the_plate,demo_12,30,agentview,flat_stove_1,is_behind,akita_black_bowl_2
pick_up_the_black_bowl_on_the_cookie_box_and_place_it_on_the_plate,demo_12,30,agentview,cookies_1,is_behind,glazed_rim_porcelain_ramekin_1
pick_up_the_black_bowl_on_the_cookie_box_and_place_it_on_the_plate,demo_12,30,agentview,glazed_rim_porcelain_ramekin_1,is_in_front_of,cookies_1
pick_up_the_black_bowl_on_the_cookie_box_and_place_it_on_the_plate,demo_12,30,agentview,cookies_1,is_behind,plate_1
pick_up_the_black_bowl_on_the_cookie_box_and_place_it_on_the_plate,demo_12,30,agentview,plate_1,is_in_front_of,cookies_1
pick_up_the_black_bowl_on_the_cookie_box_and_place_it_on_the_plate,demo_12,30,agentview,cookies_1,is_behind,wooden_cabinet_1
pick_up_the_black_bowl_on_the_cookie_box_and_place_it_on_the_plate,demo_12,30,agentview,wooden_cabinet_1,is_in_front_of,cookies_1
pick_up_the_black_bowl_on_the_cookie_box_and_place_it_on_the_plate,demo_12,30,agentview,cookies_1,is_behind,flat_stove_1
pick_up_the_black_bowl_on_the_cookie_box_and_place_it_on_the_plate,demo_12,30,agentview,flat_stove_1,is_in_front_of,cookies_1
pick_up_the_black_bowl_on_the_cookie_box_and_place_it_on_the_plate,demo_12,30,agentview,glazed_rim_porcelain_ramekin_1,is_on_top_of,plate_1
pick_up_the_black_bowl_on_the_cookie_box_and_place_it_on_the_plate,demo_12,30,agentview,plate_1,is_below_of,glazed_rim_porcelain_ramekin_1
pick_up_the_black_bowl_on_the_cookie_box_and_place_it_on_the_plate,demo_12,30,agentview,glazed_rim_porcelain_ramekin_1,is_in_front_of,wooden_cabinet_1
pick_up_the_black_bowl_on_the_cookie_box_and_place_it_on_the_plate,demo_12,30,agentview,wooden_cabinet_1,is_behind,glazed_rim_porcelain_ramekin_1
pick_up_the_black_bowl_on_the_cookie_box_and_place_it_on_the_plate,demo_12,30,agentview,glazed_rim_porcelain_ramekin_1,is_in_front_of,flat_stove_1
pick_up_the_black_bowl_on_the_cookie_box_and_place_it_on_the_plate,demo_12,30,agentview,flat_stove_1,is_behind,glazed_rim_porcelain_ramekin_1
pick_up_the_black_bowl_on_the_cookie_box_and_place_it_on_the_plate,demo_12,30,agentview,plate_1,is_on_top_of,flat_stove_1
pick_up_the_black_bowl_on_the_cookie_box_and_place_it_on_the_plate,demo_12,30,agentview,flat_stove_1,is_below_of,plate_1
pick_up_the_black_bowl_on_the_cookie_box_and_place_it_on_the_plate,demo_12,30,agentview,plate_1,is_in_front_of,wooden_cabinet_1
pick_up_the_black_bowl_on_the_cookie_box_and_place_it_on_the_plate,demo_12,30,agentview,wooden_cabinet_1,is_behind,plate_1
pick_up_the_black_bowl_on_the_cookie_box_and_place_it_on_the_plate,demo_12,30,agentview,wooden_cabinet_1,is_behind,flat_stove_1
pick_up_the_black_bowl_on_the_cookie_box_and_place_it_on_the_plate,demo_12,30,agentview,flat_stove_1,is_in_front_of,wooden_cabinet_1
pick_up_the_black_bowl_on_the_cookie_box_and_place_it_on_the_plate,demo_12,35,agentview,akita_black_bowl_1,is_on_top_of,cookies_1
pick_up_the_black_bowl_on_the_cookie_box_and_place_it_on_the_plate,demo_12,35,agentview,cookies_1,is_below_of,akita_black_bowl_1
pick_up_the_black_bowl_on_the_cookie_box_and_place_it_on_the_plate,demo_12,35,agentview,akita_black_bowl_2,is_on_top_of,plate_1
pick_up_the_black_bowl_on_the_cookie_box_and_place_it_on_the_plate,demo_12,35,agentview,plate_1,is_below_of,akita_black_bowl_2
pick_up_the_black_bowl_on_the_cookie_box_and_place_it_on_the_plate,demo_12,35,agentview,glazed_rim_porcelain_ramekin_1,is_on_top_of,flat_stove_1
pick_up_the_black_bowl_on_the_cookie_box_and_place_it_on_the_plate,demo_12,35,agentview,flat_stove_1,is_below_of,glazed_rim_porcelain_ramekin_1
pick_up_the_black_bowl_on_the_cookie_box_and_place_it_on_the_plate,demo_12,35,agentview,akita_black_bowl_1,is_behind,akita_black_bowl_2
pick_up_the_black_bowl_on_the_cookie_box_and_place_it_on_the_plate,demo_12,35,agentview,akita_black_bowl_2,is_in_front_of,akita_black_bowl_1
pick_up_the_black_bowl_on_the_cookie_box_and_place_it_on_the_plate,demo_12,35,agentview,akita_black_bowl_1,is_behind,plate_1
pick_up_the_black_bowl_on_the_cookie_box_and_place_it_on_the_plate,demo_12,35,agentview,plate_1,is_in_front_of,akita_black_bowl_1
pick_up_the_black_bowl_on_the_cookie_box_and_place_it_on_the_plate,demo_12,35,agentview,akita_black_bowl_1,is_behind,glazed_rim_porcelain_ramekin_1
pick_up_the_black_bowl_on_the_cookie_box_and_place_it_on_the_plate,demo_12,35,agentview,glazed_rim_porcelain_ramekin_1,is_in_front_of,akita_black_bowl_1
pick_up_the_black_bowl_on_the_cookie_box_and_place_it_on_the_plate,demo_12,35,agentview,akita_black_bowl_2,is_right_of,akita_black_bowl_1
pick_up_the_black_bowl_on_the_cookie_box_and_place_it_on_the_plate,demo_12,35,agentview,akita_black_bowl_1,is_left_of,akita_black_bowl_2
pick_up_the_black_bowl_on_the_cookie_box_and_place_it_on_the_plate,demo_12,35,agentview,akita_black_bowl_2,is_behind,glazed_rim_porcelain_ramekin_1
pick_up_the_black_bowl_on_the_cookie_box_and_place_it_on_the_plate,demo_12,35,agentview,glazed_rim_porcelain_ramekin_1,is_in_front_of,akita_black_bowl_2
pick_up_the_black_bowl_on_the_cookie_box_and_place_it_on_the_plate,demo_12,35,agentview,cookies_1,is_behind,akita_black_bowl_2
pick_up_the_black_bowl_on_the_cookie_box_and_place_it_on_the_plate,demo_12,35,agentview,akita_black_bowl_2,is_in_front_of,cookies_1
pick_up_the_black_bowl_on_the_cookie_box_and_place_it_on_the_plate,demo_12,35,agentview,cookies_1,is_behind,plate_1
pick_up_the_black_bowl_on_the_cookie_box_and_place_it_on_the_plate,demo_12,35,agentview,plate_1,is_in_front_of,cookies_1
pick_up_the_black_bowl_on_the_cookie_box_and_place_it_on_the_plate,demo_12,35,agentview,cookies_1,is_behind,glazed_rim_porcelain_ramekin_1
pick_up_the_black_bowl_on_the_cookie_box_and_place_it_on_the_plate,demo_12,35,agentview,glazed_rim_porcelain_ramekin_1,is_in_front_of,cookies_1
pick_up_the_black_bowl_on_the_cookie_box_and_place_it_on_the_plate,demo_12,35,agentview,plate_1,is_right_of,cookies_1
pick_up_the_black_bowl_on_the_cookie_box_and_place_it_on_the_plate,demo_12,35,agentview,cookies_1,is_left_of,plate_1
pick_up_the_black_bowl_on_the_cookie_box_and_place_it_on_the_plate,demo_12,35,agentview,plate_1,is_left_of,glazed_rim_porcelain_ramekin_1
pick_up_the_black_bowl_on_the_cookie_box_and_place_it_on_the_plate,demo_12,35,agentview,glazed_rim_porcelain_ramekin_1,is_right_of,plate_1
pick_up_the_black_bowl_on_the_cookie_box_and_place_it_on_the_plate,demo_12,35,agentview,wooden_cabinet_1,is_behind,akita_black_bowl_1
pick_up_the_black_bowl_on_the_cookie_box_and_place_it_on_the_plate,demo_12,35,agentview,akita_black_bowl_1,is_in_front_of,wooden_cabinet_1
pick_up_the_black_bowl_on_the_cookie_box_and_place_it_on_the_plate,demo_12,35,agentview,wooden_cabinet_1,is_behind,akita_black_bowl_2
pick_up_the_black_bowl_on_the_cookie_box_and_place_it_on_the_plate,demo_12,35,agentview,akita_black_bowl_2,is_in_front_of,wooden_cabinet_1
pick_up_the_black_bowl_on_the_cookie_box_and_place_it_on_the_plate,demo_12,35,agentview,wooden_cabinet_1,is_behind,cookies_1
pick_up_the_black_bowl_on_the_cookie_box_and_place_it_on_the_plate,demo_12,35,agentview,cookies_1,is_in_front_of,wooden_cabinet_1
pick_up_the_black_bowl_on_the_cookie_box_and_place_it_on_the_plate,demo_12,35,agentview,wooden_cabinet_1,is_behind,glazed_rim_porcelain_ramekin_1
pick_up_the_black_bowl_on_the_cookie_box_and_place_it_on_the_plate,demo_12,35,agentview,glazed_rim_porcelain_ramekin_1,is_in_front_of,wooden_cabinet_1
pick_up_the_black_bowl_on_the_cookie_box_and_place_it_on_the_plate,demo_12,35,agentview,wooden_cabinet_1,is_behind,plate_1
pick_up_the_black_bowl_on_the_cookie_box_and_place_it_on_the_plate,demo_12,35,agentview,plate_1,is_in_front_of,wooden_cabinet_1
pick_up_the_black_bowl_on_the_cookie_box_and_place_it_on_the_plate,demo_12,35,agentview,flat_stove_1,is_behind,akita_black_bowl_1
pick_up_the_black_bowl_on_the_cookie_box_and_place_it_on_the_plate,demo_12,35,agentview,akita_black_bowl_1,is_in_front_of,flat_stove_1
pick_up_the_black_bowl_on_the_cookie_box_and_place_it_on_the_plate,demo_12,35,agentview,flat_stove_1,is_behind,akita_black_bowl_2
pick_up_the_black_bowl_on_the_cookie_box_and_place_it_on_the_plate,demo_12,35,agentview,akita_black_bowl_2,is_in_front_of,flat_stove_1
pick_up_the_black_bowl_on_the_cookie_box_and_place_it_on_the_plate,demo_12,35,agentview,flat_stove_1,is_behind,cookies_1
pick_up_the_black_bowl_on_the_cookie_box_and_place_it_on_the_plate,demo_12,35,agentview,cookies_1,is_in_front_of,flat_stove_1
pick_up_the_black_bowl_on_the_cookie_box_and_place_it_on_the_plate,demo_12,35,agentview,flat_stove_1,is_right_of,wooden_cabinet_1
pick_up_the_black_bowl_on_the_cookie_box_and_place_it_on_the_plate,demo_12,35,agentview,wooden_cabinet_1,is_left_of,flat_stove_1
pick_up_the_black_bowl_on_the_cookie_box_and_place_it_on_the_plate,demo_12,40,agentview,akita_black_bowl_1,is_on_top_of,cookies_1
pick_up_the_black_bowl_on_the_cookie_box_and_place_it_on_the_plate,demo_12,40,agentview,cookies_1,is_below_of,akita_black_bowl_1
pick_up_the_black_bowl_on_the_cookie_box_and_place_it_on_the_plate,demo_12,40,agentview,akita_black_bowl_1,is_behind,akita_black_bowl_2
pick_up_the_black_bowl_on_the_cookie_box_and_place_it_on_the_plate,demo_12,40,agentview,akita_black_bowl_2,is_in_front_of,akita_black_bowl_1
pick_up_the_black_bowl_on_the_cookie_box_and_place_it_on_the_plate,demo_12,40,agentview,akita_black_bowl_1,is_behind,glazed_rim_porcelain_ramekin_1
pick_up_the_black_bowl_on_the_cookie_box_and_place_it_on_the_plate,demo_12,40,agentview,glazed_rim_porcelain_ramekin_1,is_in_front_of,akita_black_bowl_1
pick_up_the_black_bowl_on_the_cookie_box_and_place_it_on_the_plate,demo_12,40,agentview,akita_black_bowl_1,is_behind,plate_1
pick_up_the_black_bowl_on_the_cookie_box_and_place_it_on_the_plate,demo_12,40,agentview,plate_1,is_in_front_of,akita_black_bowl_1
pick_up_the_black_bowl_on_the_cookie_box_and_place_it_on_the_plate,demo_12,40,agentview,akita_black_bowl_1,is_behind,wooden_cabinet_1
pick_up_the_black_bowl_on_the_cookie_box_and_place_it_on_the_plate,demo_12,40,agentview,wooden_cabinet_1,is_in_front_of,akita_black_bowl_1
pick_up_the_black_bowl_on_the_cookie_box_and_place_it_on_the_plate,demo_12,40,agentview,akita_black_bowl_1,is_behind,flat_stove_1
pick_up_the_black_bowl_on_the_cookie_box_and_place_it_on_the_plate,demo_12,40,agentview,flat_stove_1,is_in_front_of,akita_black_bowl_1
pick_up_the_black_bowl_on_the_cookie_box_and_place_it_on_the_plate,demo_12,40,agentview,akita_black_bowl_2,is_on_top_of,flat_stove_1
pick_up_the_black_bowl_on_the_cookie_box_and_place_it_on_the_plate,demo_12,40,agentview,flat_stove_1,is_below_of,akita_black_bowl_2
pick_up_the_black_bowl_on_the_cookie_box_and_place_it_on_the_plate,demo_12,40,agentview,akita_black_bowl_2,is_right_of,glazed_rim_porcelain_ramekin_1
pick_up_the_black_bowl_on_the_cookie_box_and_place_it_on_the_plate,demo_12,40,agentview,glazed_rim_porcelain_ramekin_1,is_left_of,akita_black_bowl_2
pick_up_the_black_bowl_on_the_cookie_box_and_place_it_on_the_plate,demo_12,40,agentview,akita_black_bowl_2,is_behind,plate_1
pick_up_the_black_bowl_on_the_cookie_box_and_place_it_on_the_plate,demo_12,40,agentview,plate_1,is_in_front_of,akita_black_bowl_2
pick_up_the_black_bowl_on_the_cookie_box_and_place_it_on_the_plate,demo_12,40,agentview,akita_black_bowl_2,is_right_of,wooden_cabinet_1
pick_up_the_black_bowl_on_the_cookie_box_and_place_it_on_the_plate,demo_12,40,agentview,wooden_cabinet_1,is_left_of,akita_black_bowl_2
pick_up_the_black_bowl_on_the_cookie_box_and_place_it_on_the_plate,demo_12,40,agentview,cookies_1,is_behind,akita_black_bowl_2
pick_up_the_black_bowl_on_the_cookie_box_and_place_it_on_the_plate,demo_12,40,agentview,akita_black_bowl_2,is_in_front_of,cookies_1
pick_up_the_black_bowl_on_the_cookie_box_and_place_it_on_the_plate,demo_12,40,agentview,cookies_1,is_behind,glazed_rim_porcelain_ramekin_1
pick_up_the_black_bowl_on_the_cookie_box_and_place_it_on_the_plate,demo_12,40,agentview,glazed_rim_porcelain_ramekin_1,is_in_front_of,cookies_1
pick_up_the_black_bowl_on_the_cookie_box_and_place_it_on_the_plate,demo_12,40,agentview,cookies_1,is_behind,plate_1
pick_up_the_black_bowl_on_the_cookie_box_and_place_it_on_the_plate,demo_12,40,agentview,plate_1,is_in_front_of,cookies_1
pick_up_the_black_bowl_on_the_cookie_box_and_place_it_on_the_plate,demo_12,40,agentview,cookies_1,is_behind,wooden_cabinet_1
pick_up_the_black_bowl_on_the_cookie_box_and_place_it_on_the_plate,demo_12,40,agentview,wooden_cabinet_1,is_in_front_of,cookies_1
pick_up_the_black_bowl_on_the_cookie_box_and_place_it_on_the_plate,demo_12,40,agentview,cookies_1,is_right_of,flat_stove_1
pick_up_the_black_bowl_on_the_cookie_box_and_place_it_on_the_plate,demo_12,40,agentview,flat_stove_1,is_left_of,cookies_1
pick_up_the_black_bowl_on_the_cookie_box_and_place_it_on_the_plate,demo_12,40,agentview,glazed_rim_porcelain_ramekin_1,is_behind,plate_1
pick_up_the_black_bowl_on_the_cookie_box_and_place_it_on_the_plate,demo_12,40,agentview,plate_1,is_in_front_of,glazed_rim_porcelain_ramekin_1
pick_up_the_black_bowl_on_the_cookie_box_and_place_it_on_the_plate,demo_12,40,agentview,glazed_rim_porcelain_ramekin_1,is_left_of,wooden_cabinet_1
pick_up_the_black_bowl_on_the_cookie_box_and_place_it_on_the_plate,demo_12,40,agentview,wooden_cabinet_1,is_right_of,glazed_rim_porcelain_ramekin_1
pick_up_the_black_bowl_on_the_cookie_box_and_place_it_on_the_plate,demo_12,40,agentview,plate_1,is_on_top_of,wooden_cabinet_1
pick_up_the_black_bowl_on_the_cookie_box_and_place_it_on_the_plate,demo_12,40,agentview,wooden_cabinet_1,is_below_of,plate_1
pick_up_the_black_bowl_on_the_cookie_box_and_place_it_on_the_plate,demo_12,40,agentview,plate_1,is_right_of,flat_stove_1
pick_up_the_black_bowl_on_the_cookie_box_and_place_it_on_the_plate,demo_12,40,agentview,flat_stove_1,is_left_of,plate_1
pick_up_the_black_bowl_on_the_cookie_box_and_place_it_on_the_plate,demo_12,40,agentview,wooden_cabinet_1,is_left_of,flat_stove_1
pick_up_the_black_bowl_on_the_cookie_box_and_place_it_on_the_plate,demo_12,40,agentview,flat_stove_1,is_right_of,wooden_cabinet_1
pick_up_the_black_bowl_on_the_cookie_box_and_place_it_on_the_plate,demo_12,45,agentview,akita_black_bowl_1,is_on_top_of,cookies_1
pick_up_the_black_bowl_on_the_cookie_box_and_place_it_on_the_plate,demo_12,45,agentview,cookies_1,is_below_of,akita_black_bowl_1
pick_up_the_black_bowl_on_the_cookie_box_and_place_it_on_the_plate,demo_12,45,agentview,akita_black_bowl_1,is_in_front_of,akita_black_bowl_2
pick_up_the_black_bowl_on_the_cookie_box_and_place_it_on_the_plate,demo_12,45,agentview,akita_black_bowl_1,is_in_front_of,glazed_rim_porcelain_ramekin_1
pick_up_the_black_bowl_on_the_cookie_box_and_place_it_on_the_plate,demo_12,45,agentview,akita_black_bowl_1,is_in_front_of,plate_1
pick_up_the_black_bowl_on_the_cookie_box_and_place_it_on_the_plate,demo_12,45,agentview,akita_black_bowl_1,is_right_of,akita_black_bowl_2
pick_up_the_black_bowl_on_the_cookie_box_and_place_it_on_the_plate,demo_12,45,agentview,akita_black_bowl_1,is_right_of,glazed_rim_porcelain_ramekin_1
pick_up_the_black_bowl_on_the_cookie_box_and_place_it_on_the_plate,demo_12,45,agentview,akita_black_bowl_2,is_behind,akita_black_bowl_1
pick_up_the_black_bowl_on_the_cookie_box_and_place_it_on_the_plate,demo_12,45,agentview,akita_black_bowl_2,is_on_top_of,wooden_cabinet_1
pick_up_the_black_bowl_on_the_cookie_box_and_place_it_on_the_plate,demo_12,45,agentview,akita_black_bowl_2,is_left_of,akita_black_bowl_1
pick_up_the_black_bowl_on_the_cookie_box_and_place_it_on_the_plate,demo_12,45,agentview,akita_black_bowl_2,is_left_of,glazed_rim_porcelain_ramekin_1
pick_up_the_black_bowl_on_the_cookie_box_and_place_it_on_the_plate,demo_12,45,agentview,akita_black_bowl_2,is_in_front_of,plate_1
pick_up_the_black_bowl_on_the_cookie_box_and_place_it_on_the_plate,demo_12,45,agentview,glazed_rim_porcelain_ramekin_1,is_behind,akita_black_bowl_1
pick_up_the_black_bowl_on_the_cookie_box_and_place_it_on_the_plate,demo_12,45,agentview,glazed_rim_porcelain_ramekin_1,is_left_of,akita_black_bowl_1
pick_up_the_black_bowl_on_the_cookie_box_and_place_it_on_the_plate,demo_12,45,agentview,glazed_rim_porcelain_ramekin_1,is_right_of,akita_black_bowl_2
pick_up_the_black_bowl_on_the_cookie_box_and_place_it_on_the_plate,demo_12,45,agentview,glazed_rim_porcelain_ramekin_1,is_in_front_of,plate_1
pick_up_the_black_bowl_on_the_cookie_box_and_place_it_on_the_plate,demo_12,45,agentview,cookies_1,is_on_top_of,flat_stove_1
pick_up_the_black_bowl_on_the_cookie_box_and_place_it_on_the_plate,demo_12,45,agentview,cookies_1,is_behind,akita_black_bowl_2
pick_up_the_black_bowl_on_the_cookie_box_and_place_it_on_the_plate,demo_12,45,agentview,cookies_1,is_behind,glazed_rim_porcelain_ramekin_1
pick_up_the_black_bowl_on_the_cookie_box_and_place_it_on_the_plate,demo_12,45,agentview,cookies_1,is_behind,plate_1
pick_up_the_black_bowl_on_the_cookie_box_and_place_it_on_the_plate,demo_12,45,agentview,flat_stove_1,is_below_of,cookies_1
pick_up_the_black_bowl_on_the_cookie_box_and_place_it_on_the_plate,demo_12,45,agentview,plate_1,is_behind,akita_black_bowl_1
pick_up_the_black_bowl_on_the_cookie_box_and_place_it_on_the_plate,demo_12,45,agentview,plate_1,is_behind,akita_black_bowl_2
pick_up_the_black_bowl_on_the_cookie_box_and_place_it_on_the_plate,demo_12,45,agentview,plate_1,is_behind,glazed_rim_porcelain_ramekin_1
pick_up_the_black_bowl_on_the_cookie_box_and_place_it_on_the_plate,demo_12,45,agentview,plate_1,is_in_front_of,cookies_1
pick_up_the_black_bowl_on_the_cookie_box_and_place_it_on_the_plate,demo_12,45,agentview,wooden_cabinet_1,is_below_of,akita_black_bowl_2
pick_up_the_black_bowl_on_the_cookie_box_and_place_it_on_the_plate,demo_12,50,agentview,akita_black_bowl_1,is_on_top_of,cookies_1
pick_up_the_black_bowl_on_the_cookie_box_and_place_it_on_the_plate,demo_12,50,agentview,cookies_1,is_below_of,akita_black_bowl_1
pick_up_the_black_bowl_on_the_cookie_box_and_place_it_on_the_plate,demo_12,50,agentview,akita_black_bowl_1,is_in_front_of,akita_black_bowl_2
pick_up_the_black_bowl_on_the_cookie_box_and_place_it_on_the_plate,demo_12,50,agentview,akita_black_bowl_1,is_in_front_of,glazed_rim_porcelain_ramekin_1
pick_up_the_black_bowl_on_the_cookie_box_and_place_it_on_the_plate,demo_12,50,agentview,akita_black_bowl_1,is_in_front_of,plate_1
pick_up_the_black_bowl_on_the_cookie_box_and_place_it_on_the_plate,demo_12,50,agentview,akita_black_bowl_1,is_left_of,akita_black_bowl_2
pick_up_the_black_bowl_on_the_cookie_box_and_place_it_on_the_plate,demo_12,50,agentview,akita_black_bowl_2,is_right_of,akita_black_bowl_1
pick_up_the_black_bowl_on_the_cookie_box_and_place_it_on_the_plate,demo_12,50,agentview,akita_black_bowl_2,is_behind,akita_black_bowl_1
pick_up_the_black_bowl_on_the_cookie_box_and_place_it_on_the_plate,demo_12,50,agentview,akita_black_bowl_2,is_on_top_of,wooden_cabinet_1
pick_up_the_black_bowl_on_the_cookie_box_and_place_it_on_the_plate,demo_12,50,agentview,akita_black_bowl_2,is_in_front_of,glazed_rim_porcelain_ramekin_1
pick_up_the_black_bowl_on_the_cookie_box_and_place_it_on_the_plate,demo_12,50,agentview,akita_black_bowl_2,is_in_front_of,plate_1
pick_up_the_black_bowl_on_the_cookie_box_and_place_it_on_the_plate,demo_12,50,agentview,akita_black_bowl_2,is_right_of,glazed_rim_porcelain_ramekin_1
pick_up_the_black_bowl_on_the_cookie_box_and_place_it_on_the_plate,demo_12,50,agentview,wooden_cabinet_1,is_below_of,akita_black_bowl_2
pick_up_the_black_bowl_on_the_cookie_box_and_place_it_on_the_plate,demo_12,50,agentview,glazed_rim_porcelain_ramekin_1,is_behind,akita_black_bowl_1
pick_up_the_black_bowl_on_the_cookie_box_and_place_it_on_the_plate,demo_12,50,agentview,glazed_rim_porcelain_ramekin_1,is_behind,akita_black_bowl_2
pick_up_the_black_bowl_on_the_cookie_box_and_place_it_on_the_plate,demo_12,50,agentview,glazed_rim_porcelain_ramekin_1,is_right_of,akita_black_bowl_1
pick_up_the_black_bowl_on_the_cookie_box_and_place_it_on_the_plate,demo_12,50,agentview,glazed_rim_porcelain_ramekin_1,is_left_of,akita_black_bowl_2
pick_up_the_black_bowl_on_the_cookie_box_and_place_it_on_the_plate,demo_12,50,agentview,glazed_rim_porcelain_ramekin_1,is_in_front_of,plate_1
pick_up_the_black_bowl_on_the_cookie_box_and_place_it_on_the_plate,demo_12,50,agentview,plate_1,is_behind,akita_black_bowl_1
pick_up_the_black_bowl_on_the_cookie_box_and_place_it_on_the_plate,demo_12,50,agentview,plate_1,is_behind,akita_black_bowl_2
pick_up_the_black_bowl_on_the_cookie_box_and_place_it_on_the_plate,demo_12,50,agentview,plate_1,is_behind,glazed_rim_porcelain_ramekin_1
pick_up_the_black_bowl_on_the_cookie_box_and_place_it_on_the_plate,demo_12,50,agentview,plate_1,is_on_top_of,flat_stove_1
pick_up_the_black_bowl_on_the_cookie_box_and_place_it_on_the_plate,demo_12,50,agentview,flat_stove_1,is_below_of,plate_1
pick_up_the_black_bowl_on_the_cookie_box_and_place_it_on_the_plate,demo_12,50,agentview,cookies_1,is_on_top_of,flat_stove_1
pick_up_the_black_bowl_on_the_cookie_box_and_place_it_on_the_plate,demo_12,50,agentview,flat_stove_1,is_below_of,cookies_1
pick_up_the_black_bowl_on_the_cookie_box_and_place_it_on_the_plate,demo_12,55,agentview,akita_black_bowl_1,is_on_top_of,cookies_1
pick_up_the_black_bowl_on_the_cookie_box_and_place_it_on_the_plate,demo_12,55,agentview,cookies_1,is_below_of,akita_black_bowl_1
pick_up_the_black_bowl_on_the_cookie_box_and_place_it_on_the_plate,demo_12,55,agentview,akita_black_bowl_1,is_in_front_of,akita_black_bowl_2
pick_up_the_black_bowl_on_the_cookie_box_and_place_it_on_the_plate,demo_12,55,agentview,akita_black_bowl_1,is_in_front_of,glazed_rim_porcelain_ramekin_1
pick_up_the_black_bowl_on_the_cookie_box_and_place_it_on_the_plate,demo_12,55,agentview,akita_black_bowl_1,is_in_front_of,plate_1
pick_up_the_black_bowl_on_the_cookie_box_and_place_it_on_the_plate,demo_12,55,agentview,akita_black_bowl_1,is_behind,wooden_cabinet_1
pick_up_the_black_bowl_on_the_cookie_box_and_place_it_on_the_plate,demo_12,55,agentview,akita_black_bowl_1,is_right_of,akita_black_bowl_2
pick_up_the_black_bowl_on_the_cookie_box_and_place_it_on_the_plate,demo_12,55,agentview,akita_black_bowl_1,is_right_of,glazed_rim_porcelain_ramekin_1
pick_up_the_black_bowl_on_the_cookie_box_and_place_it_on_the_plate,demo_12,55,agentview,akita_black_bowl_2,is_behind,akita_black_bowl_1
pick_up_the_black_bowl_on_the_cookie_box_and_place_it_on_the_plate,demo_12,55,agentview,akita_black_bowl_2,is_in_front_of,glazed_rim_porcelain_ramekin_1
pick_up_the_black_bowl_on_the_cookie_box_and_place_it_on_the_plate,demo_12,55,agentview,akita_black_bowl_2,is_in_front_of,plate_1
pick_up_the_black_bowl_on_the_cookie_box_and_place_it_on_the_plate,demo_12,55,agentview,akita_black_bowl_2,is_behind,wooden_cabinet_1
pick_up_the_black_bowl_on_the_cookie_box_and_place_it_on_the_plate,demo_12,55,agentview,akita_black_bowl_2,is_left_of,akita_black_bowl_1
pick_up_the_black_bowl_on_the_cookie_box_and_place_it_on_the_plate,demo_12,55,agentview,akita_black_bowl_2,is_right_of,glazed_rim_porcelain_ramekin_1
pick_up_the_black_bowl_on_the_cookie_box_and_place_it_on_the_plate,demo_12,55,agentview,cookies_1,is_on_top_of,flat_stove_1
pick_up_the_black_bowl_on_the_cookie_box_and_place_it_on_the_plate,demo_12,55,agentview,flat_stove_1,is_below_of,cookies_1
pick_up_the_black_bowl_on_the_cookie_box_and_place_it_on_the_plate,demo_12,55,agentview,glazed_rim_porcelain_ramekin_1,is_behind,akita_black_bowl_1
pick_up_the_black_bowl_on_the_cookie_box_and_place_it_on_the_plate,demo_12,55,agentview,glazed_rim_porcelain_ramekin_1,is_behind,akita_black_bowl_2
pick_up_the_black_bowl_on_the_cookie_box_and_place_it_on_the_plate,demo_12,55,agentview,glazed_rim_porcelain_ramekin_1,is_in_front_of,plate_1
pick_up_the_black_bowl_on_the_cookie_box_and_place_it_on_the_plate,demo_12,55,agentview,glazed_rim_porcelain_ramekin_1,is_behind,wooden_cabinet_1
pick_up_the_black_bowl_on_the_cookie_box_and_place_it_on_the_plate,demo_12,55,agentview,glazed_rim_porcelain_ramekin_1,is_left_of,akita_black_bowl_1
pick_up_the_black_bowl_on_the_cookie_box_and_place_it_on_the_plate,demo_12,55,agentview,glazed_rim_porcelain_ramekin_1,is_left_of,akita_black_bowl_2
pick_up_the_black_bowl_on_the_cookie_box_and_place_it_on_the_plate,demo_12,55,agentview,plate_1,is_behind,akita_black_bowl_1
pick_up_the_black_bowl_on_the_cookie_box_and_place_it_on_the_plate,demo_12,55,agentview,plate_1,is_behind,akita_black_bowl_2
pick_up_the_black_bowl_on_the_cookie_box_and_place_it_on_the_plate,demo_12,55,agentview,plate_1,is_behind,glazed_rim_porcelain_ramekin_1
pick_up_the_black_bowl_on_the_cookie_box_and_place_it_on_the_plate,demo_12,55,agentview,plate_1,is_behind,wooden_cabinet_1
pick_up_the_black_bowl_on_the_cookie_box_and_place_it_on_the_plate,demo_12,55,agentview,plate_1,is_right_of,glazed_rim_porcelain_ramekin_1
pick_up_the_black_bowl_on_the_cookie_box_and_place_it_on_the_plate,demo_12,55,agentview,wooden_cabinet_1,is_in_front_of,akita_black_bowl_1
pick_up_the_black_bowl_on_the_cookie_box_and_place_it_on_the_plate,demo_12,55,agentview,wooden_cabinet_1,is_in_front_of,akita_black_bowl_2
pick_up_the_black_bowl_on_the_cookie_box_and_place_it_on_the_plate,demo_12,55,agentview,wooden_cabinet_1,is_in_front_of,glazed_rim_porcelain_ramekin_1
pick_up_the_black_bowl_on_the_cookie_box_and_place_it_on_the_plate,demo_12,55,agentview,wooden_cabinet_1,is_in_front_of,plate_1
