[2026-07-24 03:14:26] Run started: sg_format_ablation_2026_07_24_03_14_26
[2026-07-24 03:14:26] Manifest written: C:\Users\hassa\OneDrive\Desktop\EmbodimentSemantic\vla_benchmarking\ablation_outputs\sg_format_ablation_2026_07_24_03_14_26\ablation_manifest.json
[2026-07-24 03:14:26] Formats: triplet_published, triplet_human, triplet_human_bar, triplet_human_shared_subject, natural_separate, natural_compact, natural_compact_current, natural_compact_no_label, natural_compact_context_first
[2026-07-24 03:14:26] Tasks: [0, 1, 2, 3, 4, 5, 6, 7, 8, 9]
[2026-07-24 03:14:26] Episodes per task/format: 1
[2026-07-24 03:14:26] Estimated prompt rows per format: 10
[2026-07-24 03:14:26] [1/9] START triplet_published -> C:\Users\hassa\OneDrive\Desktop\EmbodimentSemantic\vla_benchmarking\ablation_outputs\sg_format_ablation_2026_07_24_03_14_26\triplet_published
[2026-07-24 03:14:31] PROGRESS format=triplet_published [1/9] format_est=0.0% overall_est=0.0% prompt_rows=0/10
[2026-07-24 03:15:32] PROGRESS format=triplet_published [1/9] format_est=0.0% overall_est=0.0% prompt_rows=0/10
[2026-07-24 03:16:32] PROGRESS format=triplet_published [1/9] format_est=0.0% overall_est=0.0% prompt_rows=0/10
[2026-07-24 03:16:47] PROGRESS format=triplet_published [1/9] format_est=10.0% overall_est=1.1% prompt_rows=1/10
[2026-07-24 03:17:47] PROGRESS format=triplet_published [1/9] format_est=10.0% overall_est=1.1% prompt_rows=1/10
[2026-07-24 03:18:02] PROGRESS format=triplet_published [1/9] format_est=100.0% overall_est=11.1% prompt_rows=11/10
[2026-07-24 03:18:47] PROGRESS format=triplet_published [1/9] format_est=100.0% overall_est=11.1% prompt_rows=21/10
[2026-07-24 03:19:38] PROGRESS format=triplet_published [1/9] format_est=100.0% overall_est=11.1% prompt_rows=31/10
[2026-07-24 03:20:23] PROGRESS format=triplet_published [1/9] format_est=100.0% overall_est=11.1% prompt_rows=33/10
[2026-07-24 03:20:28] PROGRESS format=triplet_published [1/9] format_est=100.0% overall_est=11.1% prompt_rows=41/10
[2026-07-24 03:21:23] PROGRESS format=triplet_published [1/9] format_est=100.0% overall_est=11.1% prompt_rows=51/10
[2026-07-24 03:22:23] PROGRESS format=triplet_published [1/9] format_est=100.0% overall_est=11.1% prompt_rows=61/10
[2026-07-24 03:23:24] PROGRESS format=triplet_published [1/9] format_est=100.0% overall_est=11.1% prompt_rows=61/10
[2026-07-24 03:23:39] PROGRESS format=triplet_published [1/9] format_est=100.0% overall_est=11.1% prompt_rows=71/10
[2026-07-24 03:24:39] PROGRESS format=triplet_published [1/9] format_est=100.0% overall_est=11.1% prompt_rows=71/10
[2026-07-24 03:24:44] PROGRESS format=triplet_published [1/9] format_est=100.0% overall_est=11.1% prompt_rows=81/10
[2026-07-24 03:25:44] PROGRESS format=triplet_published [1/9] format_est=100.0% overall_est=11.1% prompt_rows=81/10
[2026-07-24 03:25:49] PROGRESS format=triplet_published [1/9] format_est=100.0% overall_est=11.1% prompt_rows=89/10
[2026-07-24 03:25:54] PROGRESS format=triplet_published [1/9] format_est=100.0% overall_est=11.1% prompt_rows=91/10
[2026-07-24 03:26:55] PROGRESS format=triplet_published [1/9] format_est=100.0% overall_est=11.1% prompt_rows=91/10
[2026-07-24 03:27:00] PROGRESS format=triplet_published [1/9] format_est=100.0% overall_est=11.1% prompt_rows=101/10
[2026-07-24 03:28:00] PROGRESS format=triplet_published [1/9] format_est=100.0% overall_est=11.1% prompt_rows=101/10
[2026-07-24 03:28:05] PROGRESS format=triplet_published [1/9] format_est=100.0% overall_est=11.1% prompt_rows=109/10
[2026-07-24 03:28:10] PROGRESS format=triplet_published [1/9] format_est=100.0% overall_est=11.1% prompt_rows=111/10
[2026-07-24 03:29:10] PROGRESS format=triplet_published [1/9] format_est=100.0% overall_est=11.1% prompt_rows=121/10
[2026-07-24 03:30:01] PROGRESS format=triplet_published [1/9] format_est=100.0% overall_est=11.1% prompt_rows=131/10
[2026-07-24 03:30:56] PROGRESS format=triplet_published [1/9] format_est=100.0% overall_est=11.1% prompt_rows=141/10
[2026-07-24 03:31:51] PROGRESS format=triplet_published [1/9] format_est=100.0% overall_est=11.1% prompt_rows=151/10
[2026-07-24 03:32:52] PROGRESS format=triplet_published [1/9] format_est=100.0% overall_est=11.1% prompt_rows=151/10
[2026-07-24 03:32:57] PROGRESS format=triplet_published [1/9] format_est=100.0% overall_est=11.1% prompt_rows=160/10
[2026-07-24 03:33:02] PROGRESS format=triplet_published [1/9] format_est=100.0% overall_est=11.1% prompt_rows=161/10
[2026-07-24 03:34:02] PROGRESS format=triplet_published [1/9] format_est=100.0% overall_est=11.1% prompt_rows=161/10
[2026-07-24 03:34:07] PROGRESS format=triplet_published [1/9] format_est=100.0% overall_est=11.1% prompt_rows=171/10
[2026-07-24 03:35:07] PROGRESS format=triplet_published [1/9] format_est=100.0% overall_est=11.1% prompt_rows=171/10
[2026-07-24 03:35:12] PROGRESS format=triplet_published [1/9] format_est=100.0% overall_est=11.1% prompt_rows=180/10
[2026-07-24 03:35:17] PROGRESS format=triplet_published [1/9] format_est=100.0% overall_est=11.1% prompt_rows=181/10
[2026-07-24 03:36:17] PROGRESS format=triplet_published [1/9] format_est=100.0% overall_est=11.1% prompt_rows=181/10
[2026-07-24 03:36:22] PROGRESS format=triplet_published [1/9] format_est=100.0% overall_est=11.1% prompt_rows=191/10
[2026-07-24 03:37:23] PROGRESS format=triplet_published [1/9] format_est=100.0% overall_est=11.1% prompt_rows=191/10
[2026-07-24 03:37:28] PROGRESS format=triplet_published [1/9] format_est=100.0% overall_est=11.1% prompt_rows=197/10
[2026-07-24 03:37:33] PROGRESS format=triplet_published [1/9] format_est=100.0% overall_est=11.1% prompt_rows=201/10
[2026-07-24 03:38:33] PROGRESS format=triplet_published [1/9] format_est=100.0% overall_est=11.1% prompt_rows=201/10
[2026-07-24 03:38:38] PROGRESS format=triplet_published [1/9] format_est=100.0% overall_est=11.1% prompt_rows=211/10
[2026-07-24 03:39:38] PROGRESS format=triplet_published [1/9] format_est=100.0% overall_est=11.1% prompt_rows=211/10
[2026-07-24 03:39:43] PROGRESS format=triplet_published [1/9] format_est=100.0% overall_est=11.1% prompt_rows=221/10
[2026-07-24 03:40:44] PROGRESS format=triplet_published [1/9] format_est=100.0% overall_est=11.1% prompt_rows=221/10
[2026-07-24 03:40:49] PROGRESS format=triplet_published [1/9] format_est=100.0% overall_est=11.1% prompt_rows=227/10
[2026-07-24 03:40:54] PROGRESS format=triplet_published [1/9] format_est=100.0% overall_est=11.1% prompt_rows=231/10
[2026-07-24 03:41:54] PROGRESS format=triplet_published [1/9] format_est=100.0% overall_est=11.1% prompt_rows=231/10
[2026-07-24 03:41:59] PROGRESS format=triplet_published [1/9] format_est=100.0% overall_est=11.1% prompt_rows=241/10
[2026-07-24 03:42:59] PROGRESS format=triplet_published [1/9] format_est=100.0% overall_est=11.1% prompt_rows=241/10
[2026-07-24 03:43:09] PROGRESS format=triplet_published [1/9] format_est=100.0% overall_est=11.1% prompt_rows=251/10
[2026-07-24 03:44:09] PROGRESS format=triplet_published [1/9] format_est=100.0% overall_est=11.1% prompt_rows=251/10
[2026-07-24 03:44:14] PROGRESS format=triplet_published [1/9] format_est=100.0% overall_est=11.1% prompt_rows=256/10
[2026-07-24 03:44:19] PROGRESS format=triplet_published [1/9] format_est=100.0% overall_est=11.1% prompt_rows=261/10
[2026-07-24 03:45:20] PROGRESS format=triplet_published [1/9] format_est=100.0% overall_est=11.1% prompt_rows=261/10
[2026-07-24 03:45:25] PROGRESS format=triplet_published [1/9] format_est=100.0% overall_est=11.1% prompt_rows=271/10
[2026-07-24 03:46:25] PROGRESS format=triplet_published [1/9] format_est=100.0% overall_est=11.1% prompt_rows=271/10
[2026-07-24 03:46:35] PROGRESS format=triplet_published [1/9] format_est=100.0% overall_est=11.1% prompt_rows=280/10
[2026-07-24 03:46:50] PROGRESS format=triplet_published [1/9] format_est=100.0% overall_est=11.1% prompt_rows=281/10
[2026-07-24 03:47:50] PROGRESS format=triplet_published [1/9] format_est=100.0% overall_est=11.1% prompt_rows=281/10
[2026-07-24 03:47:55] PROGRESS format=triplet_published [1/9] format_est=100.0% overall_est=11.1% prompt_rows=286/10
[2026-07-24 03:48:01] PROGRESS format=triplet_published [1/9] format_est=100.0% overall_est=11.1% prompt_rows=291/10
[2026-07-24 03:49:01] PROGRESS format=triplet_published [1/9] format_est=100.0% overall_est=11.1% prompt_rows=291/10
[2026-07-24 03:49:06] PROGRESS format=triplet_published [1/9] format_est=100.0% overall_est=11.1% prompt_rows=299/10
[2026-07-24 03:49:11] PROGRESS format=triplet_published [1/9] format_est=100.0% overall_est=11.1% prompt_rows=301/10
[2026-07-24 03:50:11] PROGRESS format=triplet_published [1/9] format_est=100.0% overall_est=11.1% prompt_rows=301/10
[2026-07-24 03:50:16] PROGRESS format=triplet_published [1/9] format_est=100.0% overall_est=11.1% prompt_rows=311/10
[2026-07-24 03:51:17] PROGRESS format=triplet_published [1/9] format_est=100.0% overall_est=11.1% prompt_rows=311/10
[2026-07-24 03:51:22] PROGRESS format=triplet_published [1/9] format_est=100.0% overall_est=11.1% prompt_rows=321/10
[2026-07-24 03:52:22] PROGRESS format=triplet_published [1/9] format_est=100.0% overall_est=11.1% prompt_rows=321/10
[2026-07-24 03:52:27] PROGRESS format=triplet_published [1/9] format_est=100.0% overall_est=11.1% prompt_rows=325/10
[2026-07-24 03:52:32] PROGRESS format=triplet_published [1/9] format_est=100.0% overall_est=11.1% prompt_rows=331/10
[2026-07-24 03:53:32] PROGRESS format=triplet_published [1/9] format_est=100.0% overall_est=11.1% prompt_rows=331/10
[2026-07-24 03:53:37] PROGRESS format=triplet_published [1/9] format_est=100.0% overall_est=11.1% prompt_rows=337/10
[2026-07-24 03:53:42] PROGRESS format=triplet_published [1/9] format_est=100.0% overall_est=11.1% prompt_rows=341/10
[2026-07-24 03:54:43] PROGRESS format=triplet_published [1/9] format_est=100.0% overall_est=11.1% prompt_rows=345/10
[2026-07-24 03:54:48] PROGRESS format=triplet_published [1/9] format_est=100.0% overall_est=11.1% prompt_rows=351/10
[2026-07-24 03:55:48] PROGRESS format=triplet_published [1/9] format_est=100.0% overall_est=11.1% prompt_rows=351/10
[2026-07-24 03:55:53] PROGRESS format=triplet_published [1/9] format_est=100.0% overall_est=11.1% prompt_rows=356/10
[2026-07-24 03:55:58] PROGRESS format=triplet_published [1/9] format_est=100.0% overall_est=11.1% prompt_rows=361/10
[2026-07-24 03:56:59] PROGRESS format=triplet_published [1/9] format_est=100.0% overall_est=11.1% prompt_rows=361/10
[2026-07-24 03:57:04] PROGRESS format=triplet_published [1/9] format_est=100.0% overall_est=11.1% prompt_rows=371/10
[2026-07-24 03:58:04] PROGRESS format=triplet_published [1/9] format_est=100.0% overall_est=11.1% prompt_rows=371/10
[2026-07-24 03:58:09] PROGRESS format=triplet_published [1/9] format_est=100.0% overall_est=11.1% prompt_rows=377/10
[2026-07-24 03:58:14] PROGRESS format=triplet_published [1/9] format_est=100.0% overall_est=11.1% prompt_rows=381/10
[2026-07-24 03:59:14] PROGRESS format=triplet_published [1/9] format_est=100.0% overall_est=11.1% prompt_rows=381/10
[2026-07-24 03:59:19] PROGRESS format=triplet_published [1/9] format_est=100.0% overall_est=11.1% prompt_rows=391/10
[2026-07-24 04:00:20] PROGRESS format=triplet_published [1/9] format_est=100.0% overall_est=11.1% prompt_rows=391/10
[2026-07-24 04:00:25] PROGRESS format=triplet_published [1/9] format_est=100.0% overall_est=11.1% prompt_rows=393/10
[2026-07-24 04:00:30] PROGRESS format=triplet_published [1/9] format_est=100.0% overall_est=11.1% prompt_rows=401/10
[2026-07-24 04:01:30] PROGRESS format=triplet_published [1/9] format_est=100.0% overall_est=11.1% prompt_rows=401/10
[2026-07-24 04:01:35] PROGRESS format=triplet_published [1/9] format_est=100.0% overall_est=11.1% prompt_rows=411/10
[2026-07-24 04:02:35] PROGRESS format=triplet_published [1/9] format_est=100.0% overall_est=11.1% prompt_rows=411/10
[2026-07-24 04:02:45] PROGRESS format=triplet_published [1/9] format_est=100.0% overall_est=11.1% prompt_rows=421/10
[2026-07-24 04:03:46] PROGRESS format=triplet_published [1/9] format_est=100.0% overall_est=11.1% prompt_rows=421/10
[2026-07-24 04:03:51] PROGRESS format=triplet_published [1/9] format_est=100.0% overall_est=11.1% prompt_rows=425/10
[2026-07-24 04:03:56] PROGRESS format=triplet_published [1/9] format_est=100.0% overall_est=11.1% prompt_rows=431/10
[2026-07-24 04:04:56] PROGRESS format=triplet_published [1/9] format_est=100.0% overall_est=11.1% prompt_rows=431/10
[2026-07-24 04:05:01] PROGRESS format=triplet_published [1/9] format_est=100.0% overall_est=11.1% prompt_rows=441/10
[2026-07-24 04:06:01] PROGRESS format=triplet_published [1/9] format_est=100.0% overall_est=11.1% prompt_rows=441/10
[2026-07-24 04:06:06] PROGRESS format=triplet_published [1/9] format_est=100.0% overall_est=11.1% prompt_rows=445/10
[2026-07-24 04:06:11] PROGRESS format=triplet_published [1/9] format_est=100.0% overall_est=11.1% prompt_rows=451/10
[2026-07-24 04:07:12] PROGRESS format=triplet_published [1/9] format_est=100.0% overall_est=11.1% prompt_rows=451/10
[2026-07-24 04:07:17] PROGRESS format=triplet_published [1/9] format_est=100.0% overall_est=11.1% prompt_rows=461/10
[2026-07-24 04:08:17] PROGRESS format=triplet_published [1/9] format_est=100.0% overall_est=11.1% prompt_rows=461/10
[2026-07-24 04:08:22] PROGRESS format=triplet_published [1/9] format_est=100.0% overall_est=11.1% prompt_rows=471/10
[2026-07-24 04:09:22] PROGRESS format=triplet_published [1/9] format_est=100.0% overall_est=11.1% prompt_rows=471/10
[2026-07-24 04:09:32] PROGRESS format=triplet_published [1/9] format_est=100.0% overall_est=11.1% prompt_rows=481/10
[2026-07-24 04:10:33] PROGRESS format=triplet_published [1/9] format_est=100.0% overall_est=11.1% prompt_rows=482/10
[2026-07-24 04:10:38] PROGRESS format=triplet_published [1/9] format_est=100.0% overall_est=11.1% prompt_rows=491/10
[2026-07-24 04:11:38] PROGRESS format=triplet_published [1/9] format_est=100.0% overall_est=11.1% prompt_rows=493/10
[2026-07-24 04:11:43] PROGRESS format=triplet_published [1/9] format_est=100.0% overall_est=11.1% prompt_rows=501/10
[2026-07-24 04:12:43] PROGRESS format=triplet_published [1/9] format_est=100.0% overall_est=11.1% prompt_rows=502/10
[2026-07-24 04:12:48] PROGRESS format=triplet_published [1/9] format_est=100.0% overall_est=11.1% prompt_rows=511/10
[2026-07-24 04:13:49] PROGRESS format=triplet_published [1/9] format_est=100.0% overall_est=11.1% prompt_rows=511/10
[2026-07-24 04:13:54] PROGRESS format=triplet_published [1/9] format_est=100.0% overall_est=11.1% prompt_rows=521/10
[2026-07-24 04:14:54] PROGRESS format=triplet_published [1/9] format_est=100.0% overall_est=11.1% prompt_rows=521/10
[2026-07-24 04:14:59] PROGRESS format=triplet_published [1/9] format_est=100.0% overall_est=11.1% prompt_rows=528/10
[2026-07-24 04:15:04] PROGRESS format=triplet_published [1/9] format_est=100.0% overall_est=11.1% prompt_rows=531/10
[2026-07-24 04:16:04] PROGRESS format=triplet_published [1/9] format_est=100.0% overall_est=11.1% prompt_rows=531/10
[2026-07-24 04:16:09] PROGRESS format=triplet_published [1/9] format_est=100.0% overall_est=11.1% prompt_rows=541/10
[2026-07-24 04:17:10] PROGRESS format=triplet_published [1/9] format_est=100.0% overall_est=11.1% prompt_rows=541/10
[2026-07-24 04:17:20] PROGRESS format=triplet_published [1/9] format_est=100.0% overall_est=11.1% prompt_rows=551/10
[2026-07-24 04:18:20] PROGRESS format=triplet_published [1/9] format_est=100.0% overall_est=11.1% prompt_rows=551/10
[2026-07-24 04:18:25] PROGRESS format=triplet_published [1/9] format_est=100.0% overall_est=11.1% prompt_rows=555/10
[2026-07-24 04:18:30] PROGRESS format=triplet_published [1/9] format_est=100.0% overall_est=11.1% prompt_rows=560/10
[2026-07-24 04:18:45] PROGRESS format=triplet_published [1/9] format_est=100.0% overall_est=11.1% prompt_rows=561/10
[2026-07-24 04:19:45] PROGRESS format=triplet_published [1/9] format_est=100.0% overall_est=11.1% prompt_rows=561/10
[2026-07-24 04:19:51] PROGRESS format=triplet_published [1/9] format_est=100.0% overall_est=11.1% prompt_rows=571/10
[2026-07-24 04:20:51] PROGRESS format=triplet_published [1/9] format_est=100.0% overall_est=11.1% prompt_rows=571/10
[2026-07-24 04:20:56] PROGRESS format=triplet_published [1/9] format_est=100.0% overall_est=11.1% prompt_rows=578/10
[2026-07-24 04:21:01] PROGRESS format=triplet_published [1/9] format_est=100.0% overall_est=11.1% prompt_rows=581/10
[2026-07-24 04:22:01] PROGRESS format=triplet_published [1/9] format_est=100.0% overall_est=11.1% prompt_rows=582/10
[2026-07-24 04:22:06] PROGRESS format=triplet_published [1/9] format_est=100.0% overall_est=11.1% prompt_rows=591/10
[2026-07-24 04:23:07] PROGRESS format=triplet_published [1/9] format_est=100.0% overall_est=11.1% prompt_rows=591/10
[2026-07-24 04:23:12] PROGRESS format=triplet_published [1/9] format_est=100.0% overall_est=11.1% prompt_rows=592/10
[2026-07-24 04:23:17] PROGRESS format=triplet_published [1/9] format_est=100.0% overall_est=11.1% prompt_rows=601/10
[2026-07-24 04:24:17] PROGRESS format=triplet_published [1/9] format_est=100.0% overall_est=11.1% prompt_rows=601/10
[2026-07-24 04:24:22] PROGRESS format=triplet_published [1/9] format_est=100.0% overall_est=11.1% prompt_rows=611/10
[2026-07-24 04:25:22] PROGRESS format=triplet_published [1/9] format_est=100.0% overall_est=11.1% prompt_rows=611/10
[2026-07-24 04:25:28] PROGRESS format=triplet_published [1/9] format_est=100.0% overall_est=11.1% prompt_rows=620/10
[2026-07-24 04:25:33] PROGRESS format=triplet_published [1/9] format_est=100.0% overall_est=11.1% prompt_rows=621/10
[2026-07-24 04:26:33] PROGRESS format=triplet_published [1/9] format_est=100.0% overall_est=11.1% prompt_rows=631/10
[2026-07-24 04:27:33] PROGRESS format=triplet_published [1/9] format_est=100.0% overall_est=11.1% prompt_rows=631/10
[2026-07-24 04:27:38] PROGRESS format=triplet_published [1/9] format_est=100.0% overall_est=11.1% prompt_rows=641/10
[2026-07-24 04:28:38] PROGRESS format=triplet_published [1/9] format_est=100.0% overall_est=11.1% prompt_rows=641/10
[2026-07-24 04:28:43] PROGRESS format=triplet_published [1/9] format_est=100.0% overall_est=11.1% prompt_rows=651/10
[2026-07-24 04:29:44] PROGRESS format=triplet_published [1/9] format_est=100.0% overall_est=11.1% prompt_rows=651/10
[2026-07-24 04:29:49] PROGRESS format=triplet_published [1/9] format_est=100.0% overall_est=11.1% prompt_rows=661/10
[2026-07-24 04:30:49] PROGRESS format=triplet_published [1/9] format_est=100.0% overall_est=11.1% prompt_rows=661/10
[2026-07-24 04:30:54] PROGRESS format=triplet_published [1/9] format_est=100.0% overall_est=11.1% prompt_rows=671/10
[2026-07-24 04:31:54] PROGRESS format=triplet_published [1/9] format_est=100.0% overall_est=11.1% prompt_rows=671/10
[2026-07-24 04:32:04] PROGRESS format=triplet_published [1/9] format_est=100.0% overall_est=11.1% prompt_rows=681/10
[2026-07-24 04:33:05] PROGRESS format=triplet_published [1/9] format_est=100.0% overall_est=11.1% prompt_rows=681/10
[2026-07-24 04:33:10] PROGRESS format=triplet_published [1/9] format_est=100.0% overall_est=11.1% prompt_rows=690/10
[2026-07-24 04:33:15] PROGRESS format=triplet_published [1/9] format_est=100.0% overall_est=11.1% prompt_rows=691/10
[2026-07-24 04:34:15] PROGRESS format=triplet_published [1/9] format_est=100.0% overall_est=11.1% prompt_rows=691/10
[2026-07-24 04:34:20] PROGRESS format=triplet_published [1/9] format_est=100.0% overall_est=11.1% prompt_rows=701/10
[2026-07-24 04:35:21] PROGRESS format=triplet_published [1/9] format_est=100.0% overall_est=11.1% prompt_rows=701/10
[2026-07-24 04:35:31] PROGRESS format=triplet_published [1/9] format_est=100.0% overall_est=11.1% prompt_rows=711/10
[2026-07-24 04:36:31] PROGRESS format=triplet_published [1/9] format_est=100.0% overall_est=11.1% prompt_rows=711/10
[2026-07-24 04:36:36] PROGRESS format=triplet_published [1/9] format_est=100.0% overall_est=11.1% prompt_rows=712/10
[2026-07-24 04:36:41] PROGRESS format=triplet_published [1/9] format_est=100.0% overall_est=11.1% prompt_rows=721/10
[2026-07-24 04:37:41] PROGRESS format=triplet_published [1/9] format_est=100.0% overall_est=11.1% prompt_rows=721/10
[2026-07-24 04:37:46] PROGRESS format=triplet_published [1/9] format_est=100.0% overall_est=11.1% prompt_rows=731/10
[2026-07-24 04:38:47] PROGRESS format=triplet_published [1/9] format_est=100.0% overall_est=11.1% prompt_rows=731/10
[2026-07-24 04:38:57] PROGRESS format=triplet_published [1/9] format_est=100.0% overall_est=11.1% prompt_rows=741/10
[2026-07-24 04:39:57] PROGRESS format=triplet_published [1/9] format_est=100.0% overall_est=11.1% prompt_rows=741/10
[2026-07-24 04:40:02] PROGRESS format=triplet_published [1/9] format_est=100.0% overall_est=11.1% prompt_rows=748/10
[2026-07-24 04:40:07] PROGRESS format=triplet_published [1/9] format_est=100.0% overall_est=11.1% prompt_rows=751/10
[2026-07-24 04:41:07] PROGRESS format=triplet_published [1/9] format_est=100.0% overall_est=11.1% prompt_rows=751/10
[2026-07-24 04:41:12] PROGRESS format=triplet_published [1/9] format_est=100.0% overall_est=11.1% prompt_rows=761/10
[2026-07-24 04:42:13] PROGRESS format=triplet_published [1/9] format_est=100.0% overall_est=11.1% prompt_rows=761/10
[2026-07-24 04:42:18] PROGRESS format=triplet_published [1/9] format_est=100.0% overall_est=11.1% prompt_rows=769/10
[2026-07-24 04:42:23] PROGRESS format=triplet_published [1/9] format_est=100.0% overall_est=11.1% prompt_rows=771/10
[2026-07-24 04:43:23] PROGRESS format=triplet_published [1/9] format_est=100.0% overall_est=11.1% prompt_rows=771/10
[2026-07-24 04:43:28] PROGRESS format=triplet_published [1/9] format_est=100.0% overall_est=11.1% prompt_rows=781/10
[2026-07-24 04:44:29] PROGRESS format=triplet_published [1/9] format_est=100.0% overall_est=11.1% prompt_rows=781/10
[2026-07-24 04:44:34] PROGRESS format=triplet_published [1/9] format_est=100.0% overall_est=11.1% prompt_rows=791/10
[2026-07-24 04:45:34] PROGRESS format=triplet_published [1/9] format_est=100.0% overall_est=11.1% prompt_rows=791/10
[2026-07-24 04:45:44] PROGRESS format=triplet_published [1/9] format_est=100.0% overall_est=11.1% prompt_rows=801/10
[2026-07-24 04:46:44] PROGRESS format=triplet_published [1/9] format_est=100.0% overall_est=11.1% prompt_rows=801/10
[2026-07-24 04:46:49] PROGRESS format=triplet_published [1/9] format_est=100.0% overall_est=11.1% prompt_rows=805/10
[2026-07-24 04:46:54] PROGRESS format=triplet_published [1/9] format_est=100.0% overall_est=11.1% prompt_rows=811/10
[2026-07-24 04:47:55] PROGRESS format=triplet_published [1/9] format_est=100.0% overall_est=11.1% prompt_rows=811/10
[2026-07-24 04:48:00] PROGRESS format=triplet_published [1/9] format_est=100.0% overall_est=11.1% prompt_rows=821/10
[2026-07-24 04:49:00] PROGRESS format=triplet_published [1/9] format_est=100.0% overall_est=11.1% prompt_rows=821/10
[2026-07-24 04:49:10] PROGRESS format=triplet_published [1/9] format_est=100.0% overall_est=11.1% prompt_rows=831/10
[2026-07-24 04:50:10] PROGRESS format=triplet_published [1/9] format_est=100.0% overall_est=11.1% prompt_rows=831/10
[2026-07-24 04:50:15] PROGRESS format=triplet_published [1/9] format_est=100.0% overall_est=11.1% prompt_rows=838/10
[2026-07-24 04:50:20] PROGRESS format=triplet_published [1/9] format_est=100.0% overall_est=11.1% prompt_rows=840/10
[2026-07-24 04:50:30] PROGRESS format=triplet_published [1/9] format_est=100.0% overall_est=11.1% prompt_rows=841/10
[2026-07-24 04:51:31] PROGRESS format=triplet_published [1/9] format_est=100.0% overall_est=11.1% prompt_rows=841/10
[2026-07-24 04:51:36] PROGRESS format=triplet_published [1/9] format_est=100.0% overall_est=11.1% prompt_rows=845/10
[2026-07-24 04:51:41] PROGRESS format=triplet_published [1/9] format_est=100.0% overall_est=11.1% prompt_rows=851/10
[2026-07-24 04:52:41] PROGRESS format=triplet_published [1/9] format_est=100.0% overall_est=11.1% prompt_rows=855/10
[2026-07-24 04:52:46] PROGRESS format=triplet_published [1/9] format_est=100.0% overall_est=11.1% prompt_rows=861/10
[2026-07-24 04:53:47] PROGRESS format=triplet_published [1/9] format_est=100.0% overall_est=11.1% prompt_rows=866/10
[2026-07-24 04:53:52] PROGRESS format=triplet_published [1/9] format_est=100.0% overall_est=11.1% prompt_rows=871/10
[2026-07-24 04:54:52] PROGRESS format=triplet_published [1/9] format_est=100.0% overall_est=11.1% prompt_rows=881/10
[2026-07-24 04:55:52] PROGRESS format=triplet_published [1/9] format_est=100.0% overall_est=11.1% prompt_rows=881/10
[2026-07-24 04:55:57] PROGRESS format=triplet_published [1/9] format_est=100.0% overall_est=11.1% prompt_rows=888/10
[2026-07-24 04:56:02] PROGRESS format=triplet_published [1/9] format_est=100.0% overall_est=11.1% prompt_rows=891/10
[2026-07-24 04:57:03] PROGRESS format=triplet_published [1/9] format_est=100.0% overall_est=11.1% prompt_rows=894/10
[2026-07-24 04:57:08] PROGRESS format=triplet_published [1/9] format_est=100.0% overall_est=11.1% prompt_rows=901/10
[2026-07-24 04:58:08] PROGRESS format=triplet_published [1/9] format_est=100.0% overall_est=11.1% prompt_rows=901/10
[2026-07-24 04:58:13] PROGRESS format=triplet_published [1/9] format_est=100.0% overall_est=11.1% prompt_rows=911/10
[2026-07-24 04:59:13] PROGRESS format=triplet_published [1/9] format_est=100.0% overall_est=11.1% prompt_rows=911/10
[2026-07-24 04:59:19] PROGRESS format=triplet_published [1/9] format_est=100.0% overall_est=11.1% prompt_rows=915/10
[2026-07-24 04:59:24] PROGRESS format=triplet_published [1/9] format_est=100.0% overall_est=11.1% prompt_rows=921/10
[2026-07-24 05:00:24] PROGRESS format=triplet_published [1/9] format_est=100.0% overall_est=11.1% prompt_rows=921/10
[2026-07-24 05:00:29] PROGRESS format=triplet_published [1/9] format_est=100.0% overall_est=11.1% prompt_rows=930/10
[2026-07-24 05:00:34] PROGRESS format=triplet_published [1/9] format_est=100.0% overall_est=11.1% prompt_rows=931/10
[2026-07-24 05:01:35] PROGRESS format=triplet_published [1/9] format_est=100.0% overall_est=11.1% prompt_rows=931/10
[2026-07-24 05:01:40] PROGRESS format=triplet_published [1/9] format_est=100.0% overall_est=11.1% prompt_rows=936/10
[2026-07-24 05:01:45] PROGRESS format=triplet_published [1/9] format_est=100.0% overall_est=11.1% prompt_rows=941/10
[2026-07-24 05:02:45] PROGRESS format=triplet_published [1/9] format_est=100.0% overall_est=11.1% prompt_rows=941/10
[2026-07-24 05:02:50] PROGRESS format=triplet_published [1/9] format_est=100.0% overall_est=11.1% prompt_rows=951/10
[2026-07-24 05:03:50] PROGRESS format=triplet_published [1/9] format_est=100.0% overall_est=11.1% prompt_rows=951/10
[2026-07-24 05:03:55] PROGRESS format=triplet_published [1/9] format_est=100.0% overall_est=11.1% prompt_rows=961/10
[2026-07-24 05:04:56] PROGRESS format=triplet_published [1/9] format_est=100.0% overall_est=11.1% prompt_rows=961/10
[2026-07-24 05:05:01] PROGRESS format=triplet_published [1/9] format_est=100.0% overall_est=11.1% prompt_rows=964/10
[2026-07-24 05:05:06] PROGRESS format=triplet_published [1/9] format_est=100.0% overall_est=11.1% prompt_rows=971/10
[2026-07-24 05:06:06] PROGRESS format=triplet_published [1/9] format_est=100.0% overall_est=11.1% prompt_rows=972/10
[2026-07-24 05:06:11] PROGRESS format=triplet_published [1/9] format_est=100.0% overall_est=11.1% prompt_rows=981/10
[2026-07-24 05:07:12] PROGRESS format=triplet_published [1/9] format_est=100.0% overall_est=11.1% prompt_rows=981/10
[2026-07-24 05:07:17] PROGRESS format=triplet_published [1/9] format_est=100.0% overall_est=11.1% prompt_rows=991/10
[2026-07-24 05:08:17] PROGRESS format=triplet_published [1/9] format_est=100.0% overall_est=11.1% prompt_rows=991/10
[2026-07-24 05:08:27] PROGRESS format=triplet_published [1/9] format_est=100.0% overall_est=11.1% prompt_rows=1001/10
[2026-07-24 05:09:27] PROGRESS format=triplet_published [1/9] format_est=100.0% overall_est=11.1% prompt_rows=1001/10
[2026-07-24 05:09:32] PROGRESS format=triplet_published [1/9] format_est=100.0% overall_est=11.1% prompt_rows=1009/10
[2026-07-24 05:09:37] PROGRESS format=triplet_published [1/9] format_est=100.0% overall_est=11.1% prompt_rows=1011/10
[2026-07-24 05:10:38] PROGRESS format=triplet_published [1/9] format_est=100.0% overall_est=11.1% prompt_rows=1017/10
[2026-07-24 05:10:43] PROGRESS format=triplet_published [1/9] format_est=100.0% overall_est=11.1% prompt_rows=1021/10
[2026-07-24 05:11:43] PROGRESS format=triplet_published [1/9] format_est=100.0% overall_est=11.1% prompt_rows=1021/10
[2026-07-24 05:11:48] PROGRESS format=triplet_published [1/9] format_est=100.0% overall_est=11.1% prompt_rows=1031/10
[2026-07-24 05:12:49] PROGRESS format=triplet_published [1/9] format_est=100.0% overall_est=11.1% prompt_rows=1031/10
[2026-07-24 05:12:54] PROGRESS format=triplet_published [1/9] format_est=100.0% overall_est=11.1% prompt_rows=1041/10
[2026-07-24 05:13:54] PROGRESS format=triplet_published [1/9] format_est=100.0% overall_est=11.1% prompt_rows=1041/10
[2026-07-24 05:13:59] PROGRESS format=triplet_published [1/9] format_est=100.0% overall_est=11.1% prompt_rows=1051/10
[2026-07-24 05:14:59] PROGRESS format=triplet_published [1/9] format_est=100.0% overall_est=11.1% prompt_rows=1051/10
[2026-07-24 05:15:10] PROGRESS format=triplet_published [1/9] format_est=100.0% overall_est=11.1% prompt_rows=1061/10
[2026-07-24 05:16:10] PROGRESS format=triplet_published [1/9] format_est=100.0% overall_est=11.1% prompt_rows=1061/10
[2026-07-24 05:16:15] PROGRESS format=triplet_published [1/9] format_est=100.0% overall_est=11.1% prompt_rows=1071/10
[2026-07-24 05:17:15] PROGRESS format=triplet_published [1/9] format_est=100.0% overall_est=11.1% prompt_rows=1071/10
[2026-07-24 05:17:20] PROGRESS format=triplet_published [1/9] format_est=100.0% overall_est=11.1% prompt_rows=1081/10
[2026-07-24 05:18:21] PROGRESS format=triplet_published [1/9] format_est=100.0% overall_est=11.1% prompt_rows=1081/10
[2026-07-24 05:18:31] PROGRESS format=triplet_published [1/9] format_est=100.0% overall_est=11.1% prompt_rows=1091/10
[2026-07-24 05:19:31] PROGRESS format=triplet_published [1/9] format_est=100.0% overall_est=11.1% prompt_rows=1091/10
[2026-07-24 05:19:36] PROGRESS format=triplet_published [1/9] format_est=100.0% overall_est=11.1% prompt_rows=1095/10
[2026-07-24 05:19:41] PROGRESS format=triplet_published [1/9] format_est=100.0% overall_est=11.1% prompt_rows=1101/10
[2026-07-24 05:20:41] PROGRESS format=triplet_published [1/9] format_est=100.0% overall_est=11.1% prompt_rows=1102/10
[2026-07-24 05:20:47] PROGRESS format=triplet_published [1/9] format_est=100.0% overall_est=11.1% prompt_rows=1111/10
[2026-07-24 05:21:47] PROGRESS format=triplet_published [1/9] format_est=100.0% overall_est=11.1% prompt_rows=1111/10
[2026-07-24 05:21:52] PROGRESS format=triplet_published [1/9] format_est=100.0% overall_est=11.1% prompt_rows=1119/10
[2026-07-24 05:21:57] PROGRESS format=triplet_published [1/9] format_est=100.0% overall_est=11.1% prompt_rows=1120/10
[2026-07-24 05:22:07] PROGRESS format=triplet_published [1/9] format_est=100.0% overall_est=11.1% prompt_rows=1121/10
[2026-07-24 05:23:07] PROGRESS format=triplet_published [1/9] format_est=100.0% overall_est=11.1% prompt_rows=1121/10
[2026-07-24 05:23:12] PROGRESS format=triplet_published [1/9] format_est=100.0% overall_est=11.1% prompt_rows=1126/10
[2026-07-24 05:23:17] PROGRESS format=triplet_published [1/9] format_est=100.0% overall_est=11.1% prompt_rows=1131/10
[2026-07-24 05:24:18] PROGRESS format=triplet_published [1/9] format_est=100.0% overall_est=11.1% prompt_rows=1131/10
[2026-07-24 05:24:23] PROGRESS format=triplet_published [1/9] format_est=100.0% overall_est=11.1% prompt_rows=1141/10
[2026-07-24 05:25:23] PROGRESS format=triplet_published [1/9] format_est=100.0% overall_est=11.1% prompt_rows=1141/10
[2026-07-24 05:25:28] PROGRESS format=triplet_published [1/9] format_est=100.0% overall_est=11.1% prompt_rows=1148/10
[2026-07-24 05:25:33] PROGRESS format=triplet_published [1/9] format_est=100.0% overall_est=11.1% prompt_rows=1151/10
[2026-07-24 05:26:34] PROGRESS format=triplet_published [1/9] format_est=100.0% overall_est=11.1% prompt_rows=1160/10
[2026-07-24 05:26:39] PROGRESS format=triplet_published [1/9] format_est=100.0% overall_est=11.1% prompt_rows=1161/10
[2026-07-24 05:27:39] PROGRESS format=triplet_published [1/9] format_est=100.0% overall_est=11.1% prompt_rows=1161/10
[2026-07-24 05:27:44] PROGRESS format=triplet_published [1/9] format_est=100.0% overall_est=11.1% prompt_rows=1163/10
[2026-07-24 05:27:49] PROGRESS format=triplet_published [1/9] format_est=100.0% overall_est=11.1% prompt_rows=1171/10
[2026-07-24 05:28:49] PROGRESS format=triplet_published [1/9] format_est=100.0% overall_est=11.1% prompt_rows=1172/10
[2026-07-24 05:28:54] PROGRESS format=triplet_published [1/9] format_est=100.0% overall_est=11.1% prompt_rows=1181/10
[2026-07-24 05:29:55] PROGRESS format=triplet_published [1/9] format_est=100.0% overall_est=11.1% prompt_rows=1181/10
[2026-07-24 05:30:00] PROGRESS format=triplet_published [1/9] format_est=100.0% overall_est=11.1% prompt_rows=1191/10
[2026-07-24 05:31:00] PROGRESS format=triplet_published [1/9] format_est=100.0% overall_est=11.1% prompt_rows=1191/10
[2026-07-24 05:31:05] PROGRESS format=triplet_published [1/9] format_est=100.0% overall_est=11.1% prompt_rows=1201/10
[2026-07-24 05:32:06] PROGRESS format=triplet_published [1/9] format_est=100.0% overall_est=11.1% prompt_rows=1205/10
[2026-07-24 05:32:11] PROGRESS format=triplet_published [1/9] format_est=100.0% overall_est=11.1% prompt_rows=1211/10
[2026-07-24 05:33:11] PROGRESS format=triplet_published [1/9] format_est=100.0% overall_est=11.1% prompt_rows=1215/10
[2026-07-24 05:33:16] PROGRESS format=triplet_published [1/9] format_est=100.0% overall_est=11.1% prompt_rows=1221/10
[2026-07-24 05:33:56] PROGRESS format=triplet_published [1/9] format_est=100.0% overall_est=11.1% prompt_rows=1224/10
[2026-07-24 05:34:01] PROGRESS format=triplet_published [1/9] format_est=100.0% overall_est=11.1% prompt_rows=1231/10
[2026-07-24 05:34:41] PROGRESS format=triplet_published [1/9] format_est=100.0% overall_est=11.1% prompt_rows=1241/10
[2026-07-24 05:35:21] PROGRESS format=triplet_published [1/9] format_est=100.0% overall_est=11.1% prompt_rows=1243/10
[2026-07-24 05:35:27] PROGRESS format=triplet_published [1/9] format_est=100.0% overall_est=11.1% prompt_rows=1251/10
[2026-07-24 05:36:07] PROGRESS format=triplet_published [1/9] format_est=100.0% overall_est=11.1% prompt_rows=1261/10
[2026-07-24 05:36:47] PROGRESS format=triplet_published [1/9] format_est=100.0% overall_est=11.1% prompt_rows=1267/10
[2026-07-24 05:36:52] PROGRESS format=triplet_published [1/9] format_est=100.0% overall_est=11.1% prompt_rows=1271/10
[2026-07-24 05:37:32] PROGRESS format=triplet_published [1/9] format_est=100.0% overall_est=11.1% prompt_rows=1281/10
[2026-07-24 05:38:12] PROGRESS format=triplet_published [1/9] format_est=100.0% overall_est=11.1% prompt_rows=1284/10
[2026-07-24 05:38:17] PROGRESS format=triplet_published [1/9] format_est=100.0% overall_est=11.1% prompt_rows=1291/10
[2026-07-24 05:38:57] PROGRESS format=triplet_published [1/9] format_est=100.0% overall_est=11.1% prompt_rows=1301/10
[2026-07-24 05:39:37] PROGRESS format=triplet_published [1/9] format_est=100.0% overall_est=11.1% prompt_rows=1308/10
[2026-07-24 05:39:43] PROGRESS format=triplet_published [1/9] format_est=100.0% overall_est=11.1% prompt_rows=1311/10
[2026-07-24 05:40:23] PROGRESS format=triplet_published [1/9] format_est=100.0% overall_est=11.1% prompt_rows=1321/10
[2026-07-24 05:41:08] PROGRESS format=triplet_published [1/9] format_est=100.0% overall_est=11.1% prompt_rows=1331/10
[2026-07-24 05:41:48] PROGRESS format=triplet_published [1/9] format_est=100.0% overall_est=11.1% prompt_rows=1341/10
[2026-07-24 05:42:28] PROGRESS format=triplet_published [1/9] format_est=100.0% overall_est=11.1% prompt_rows=1343/10
[2026-07-24 05:42:33] PROGRESS format=triplet_published [1/9] format_est=100.0% overall_est=11.1% prompt_rows=1351/10
[2026-07-24 05:43:13] PROGRESS format=triplet_published [1/9] format_est=100.0% overall_est=11.1% prompt_rows=1361/10
[2026-07-24 05:43:59] PROGRESS format=triplet_published [1/9] format_est=100.0% overall_est=11.1% prompt_rows=1371/10
[2026-07-24 05:44:39] PROGRESS format=triplet_published [1/9] format_est=100.0% overall_est=11.1% prompt_rows=1375/10
[2026-07-24 05:44:44] PROGRESS format=triplet_published [1/9] format_est=100.0% overall_est=11.1% prompt_rows=1381/10
[2026-07-24 05:45:24] PROGRESS format=triplet_published [1/9] format_est=100.0% overall_est=11.1% prompt_rows=1391/10
[2026-07-24 05:46:04] PROGRESS format=triplet_published [1/9] format_est=100.0% overall_est=11.1% prompt_rows=1400/10
[2026-07-24 05:46:14] PROGRESS format=triplet_published [1/9] format_est=100.0% overall_est=11.1% prompt_rows=1401/10
[2026-07-24 05:46:54] PROGRESS format=triplet_published [1/9] format_est=100.0% overall_est=11.1% prompt_rows=1411/10
[2026-07-24 05:47:40] PROGRESS format=triplet_published [1/9] format_est=100.0% overall_est=11.1% prompt_rows=1421/10
[2026-07-24 05:48:20] PROGRESS format=triplet_published [1/9] format_est=100.0% overall_est=11.1% prompt_rows=1431/10
[2026-07-24 05:49:00] PROGRESS format=triplet_published [1/9] format_est=100.0% overall_est=11.1% prompt_rows=1433/10
[2026-07-24 05:49:05] PROGRESS format=triplet_published [1/9] format_est=100.0% overall_est=11.1% prompt_rows=1441/10
[2026-07-24 05:49:45] PROGRESS format=triplet_published [1/9] format_est=100.0% overall_est=11.1% prompt_rows=1451/10
[2026-07-24 05:50:25] PROGRESS format=triplet_published [1/9] format_est=100.0% overall_est=11.1% prompt_rows=1452/10
[2026-07-24 05:50:30] PROGRESS format=triplet_published [1/9] format_est=100.0% overall_est=11.1% prompt_rows=1461/10
[2026-07-24 05:51:10] PROGRESS format=triplet_published [1/9] format_est=100.0% overall_est=11.1% prompt_rows=1471/10
[2026-07-24 05:51:51] PROGRESS format=triplet_published [1/9] format_est=100.0% overall_est=11.1% prompt_rows=1478/10
[2026-07-24 05:51:56] PROGRESS format=triplet_published [1/9] format_est=100.0% overall_est=11.1% prompt_rows=1481/10
[2026-07-24 05:52:36] PROGRESS format=triplet_published [1/9] format_est=100.0% overall_est=11.1% prompt_rows=1491/10
[2026-07-24 05:53:16] PROGRESS format=triplet_published [1/9] format_est=100.0% overall_est=11.1% prompt_rows=1497/10
[2026-07-24 05:53:21] PROGRESS format=triplet_published [1/9] format_est=100.0% overall_est=11.1% prompt_rows=1501/10
[2026-07-24 05:54:01] PROGRESS format=triplet_published [1/9] format_est=100.0% overall_est=11.1% prompt_rows=1511/10
[2026-07-24 05:54:41] PROGRESS format=triplet_published [1/9] format_est=100.0% overall_est=11.1% prompt_rows=1516/10
[2026-07-24 05:54:46] PROGRESS format=triplet_published [1/9] format_est=100.0% overall_est=11.1% prompt_rows=1521/10
[2026-07-24 05:55:26] PROGRESS format=triplet_published [1/9] format_est=100.0% overall_est=11.1% prompt_rows=1531/10
[2026-07-24 05:56:07] PROGRESS format=triplet_published [1/9] format_est=100.0% overall_est=11.1% prompt_rows=1541/10
[2026-07-24 05:56:52] PROGRESS format=triplet_published [1/9] format_est=100.0% overall_est=11.1% prompt_rows=1551/10
[2026-07-24 05:57:32] PROGRESS format=triplet_published [1/9] format_est=100.0% overall_est=11.1% prompt_rows=1561/10
[2026-07-24 05:58:17] PROGRESS format=triplet_published [1/9] format_est=100.0% overall_est=11.1% prompt_rows=1571/10
[2026-07-24 05:58:57] PROGRESS format=triplet_published [1/9] format_est=100.0% overall_est=11.1% prompt_rows=1581/10
[2026-07-24 05:59:42] PROGRESS format=triplet_published [1/9] format_est=100.0% overall_est=11.1% prompt_rows=1591/10
[2026-07-24 06:00:23] PROGRESS format=triplet_published [1/9] format_est=100.0% overall_est=11.1% prompt_rows=1599/10
[2026-07-24 06:00:28] PROGRESS format=triplet_published [1/9] format_est=100.0% overall_est=11.1% prompt_rows=1601/10
[2026-07-24 06:01:08] PROGRESS format=triplet_published [1/9] format_est=100.0% overall_est=11.1% prompt_rows=1611/10
[2026-07-24 06:01:48] PROGRESS format=triplet_published [1/9] format_est=100.0% overall_est=11.1% prompt_rows=1621/10
[2026-07-24 06:02:28] PROGRESS format=triplet_published [1/9] format_est=100.0% overall_est=11.1% prompt_rows=1629/10
[2026-07-24 06:02:33] PROGRESS format=triplet_published [1/9] format_est=100.0% overall_est=11.1% prompt_rows=1631/10
[2026-07-24 06:03:13] PROGRESS format=triplet_published [1/9] format_est=100.0% overall_est=11.1% prompt_rows=1641/10
[2026-07-24 06:03:54] PROGRESS format=triplet_published [1/9] format_est=100.0% overall_est=11.1% prompt_rows=1644/10
[2026-07-24 06:03:59] PROGRESS format=triplet_published [1/9] format_est=100.0% overall_est=11.1% prompt_rows=1651/10
[2026-07-24 06:04:39] PROGRESS format=triplet_published [1/9] format_est=100.0% overall_est=11.1% prompt_rows=1661/10
[2026-07-24 06:05:19] PROGRESS format=triplet_published [1/9] format_est=100.0% overall_est=11.1% prompt_rows=1671/10
[2026-07-24 06:05:59] PROGRESS format=triplet_published [1/9] format_est=100.0% overall_est=11.1% prompt_rows=1677/10
[2026-07-24 06:06:04] PROGRESS format=triplet_published [1/9] format_est=100.0% overall_est=11.1% prompt_rows=1680/10
[2026-07-24 06:06:09] PROGRESS format=triplet_published [1/9] format_est=100.0% overall_est=11.1% prompt_rows=1681/10
[2026-07-24 06:06:49] PROGRESS format=triplet_published [1/9] format_est=100.0% overall_est=11.1% prompt_rows=1691/10
[2026-07-24 06:07:30] PROGRESS format=triplet_published [1/9] format_est=100.0% overall_est=11.1% prompt_rows=1698/10
[2026-07-24 06:07:35] PROGRESS format=triplet_published [1/9] format_est=100.0% overall_est=11.1% prompt_rows=1701/10
[2026-07-24 06:08:15] PROGRESS format=triplet_published [1/9] format_est=100.0% overall_est=11.1% prompt_rows=1711/10
[2026-07-24 06:08:55] PROGRESS format=triplet_published [1/9] format_est=100.0% overall_est=11.1% prompt_rows=1721/10
[2026-07-24 06:09:35] PROGRESS format=triplet_published [1/9] format_est=100.0% overall_est=11.1% prompt_rows=1724/10
[2026-07-24 06:09:40] PROGRESS format=triplet_published [1/9] format_est=100.0% overall_est=11.1% prompt_rows=1731/10
[2026-07-24 06:10:20] PROGRESS format=triplet_published [1/9] format_est=100.0% overall_est=11.1% prompt_rows=1741/10
[2026-07-24 06:11:01] PROGRESS format=triplet_published [1/9] format_est=100.0% overall_est=11.1% prompt_rows=1750/10
[2026-07-24 06:11:06] PROGRESS format=triplet_published [1/9] format_est=100.0% overall_est=11.1% prompt_rows=1751/10
[2026-07-24 06:11:41] PROGRESS format=triplet_published [1/9] format_est=100.0% overall_est=11.1% prompt_rows=1752/10
[2026-07-24 06:11:46] PROGRESS format=triplet_published [1/9] format_est=100.0% overall_est=11.1% prompt_rows=1761/10
[2026-07-24 06:12:26] PROGRESS format=triplet_published [1/9] format_est=100.0% overall_est=11.1% prompt_rows=1771/10
[2026-07-24 06:13:11] PROGRESS format=triplet_published [1/9] format_est=100.0% overall_est=11.1% prompt_rows=1781/10
[2026-07-24 06:13:51] PROGRESS format=triplet_published [1/9] format_est=100.0% overall_est=11.1% prompt_rows=1791/10
[2026-07-24 06:14:32] PROGRESS format=triplet_published [1/9] format_est=100.0% overall_est=11.1% prompt_rows=1798/10
[2026-07-24 06:14:37] PROGRESS format=triplet_published [1/9] format_est=100.0% overall_est=11.1% prompt_rows=1801/10
[2026-07-24 06:15:17] PROGRESS format=triplet_published [1/9] format_est=100.0% overall_est=11.1% prompt_rows=1811/10
[2026-07-24 06:15:57] PROGRESS format=triplet_published [1/9] format_est=100.0% overall_est=11.1% prompt_rows=1820/10
[2026-07-24 06:16:02] PROGRESS format=triplet_published [1/9] format_est=100.0% overall_est=11.1% prompt_rows=1821/10
[2026-07-24 06:16:42] PROGRESS format=triplet_published [1/9] format_est=100.0% overall_est=11.1% prompt_rows=1831/10
[2026-07-24 06:17:22] PROGRESS format=triplet_published [1/9] format_est=100.0% overall_est=11.1% prompt_rows=1841/10
[2026-07-24 06:18:03] PROGRESS format=triplet_published [1/9] format_est=100.0% overall_est=11.1% prompt_rows=1845/10
[2026-07-24 06:18:08] PROGRESS format=triplet_published [1/9] format_est=100.0% overall_est=11.1% prompt_rows=1851/10
[2026-07-24 06:18:48] PROGRESS format=triplet_published [1/9] format_est=100.0% overall_est=11.1% prompt_rows=1861/10
[2026-07-24 06:19:33] PROGRESS format=triplet_published [1/9] format_est=100.0% overall_est=11.1% prompt_rows=1871/10
[2026-07-24 06:20:13] PROGRESS format=triplet_published [1/9] format_est=100.0% overall_est=11.1% prompt_rows=1881/10
[2026-07-24 06:20:53] PROGRESS format=triplet_published [1/9] format_est=100.0% overall_est=11.1% prompt_rows=1888/10
[2026-07-24 06:20:58] PROGRESS format=triplet_published [1/9] format_est=100.0% overall_est=11.1% prompt_rows=1891/10
[2026-07-24 06:21:39] PROGRESS format=triplet_published [1/9] format_est=100.0% overall_est=11.1% prompt_rows=1901/10
[2026-07-24 06:22:19] PROGRESS format=triplet_published [1/9] format_est=100.0% overall_est=11.1% prompt_rows=1904/10
[2026-07-24 06:22:24] PROGRESS format=triplet_published [1/9] format_est=100.0% overall_est=11.1% prompt_rows=1911/10
[2026-07-24 06:23:04] PROGRESS format=triplet_published [1/9] format_est=100.0% overall_est=11.1% prompt_rows=1921/10
[2026-07-24 06:23:49] PROGRESS format=triplet_published [1/9] format_est=100.0% overall_est=11.1% prompt_rows=1931/10
[2026-07-24 06:24:29] PROGRESS format=triplet_published [1/9] format_est=100.0% overall_est=11.1% prompt_rows=1941/10
[2026-07-24 06:25:10] PROGRESS format=triplet_published [1/9] format_est=100.0% overall_est=11.1% prompt_rows=1950/10
[2026-07-24 06:25:15] PROGRESS format=triplet_published [1/9] format_est=100.0% overall_est=11.1% prompt_rows=1951/10
[2026-07-24 06:25:55] PROGRESS format=triplet_published [1/9] format_est=100.0% overall_est=11.1% prompt_rows=1960/10
[2026-07-24 06:26:00] PROGRESS format=triplet_published [1/9] format_est=100.0% overall_est=11.1% prompt_rows=1961/10
[2026-07-24 06:26:40] PROGRESS format=triplet_published [1/9] format_est=100.0% overall_est=11.1% prompt_rows=1962/10
[2026-07-24 06:26:45] PROGRESS format=triplet_published [1/9] format_est=100.0% overall_est=11.1% prompt_rows=1971/10
[2026-07-24 06:27:25] PROGRESS format=triplet_published [1/9] format_est=100.0% overall_est=11.1% prompt_rows=1981/10
[2026-07-24 06:28:06] PROGRESS format=triplet_published [1/9] format_est=100.0% overall_est=11.1% prompt_rows=1990/10
[2026-07-24 06:28:11] PROGRESS format=triplet_published [1/9] format_est=100.0% overall_est=11.1% prompt_rows=1991/10
[2026-07-24 06:28:51] PROGRESS format=triplet_published [1/9] format_est=100.0% overall_est=11.1% prompt_rows=2001/10
[2026-07-24 06:29:36] PROGRESS format=triplet_published [1/9] format_est=100.0% overall_est=11.1% prompt_rows=2011/10
[2026-07-24 06:30:16] PROGRESS format=triplet_published [1/9] format_est=100.0% overall_est=11.1% prompt_rows=2021/10
[2026-07-24 06:30:56] PROGRESS format=triplet_published [1/9] format_est=100.0% overall_est=11.1% prompt_rows=2023/10
[2026-07-24 06:31:01] PROGRESS format=triplet_published [1/9] format_est=100.0% overall_est=11.1% prompt_rows=2031/10
[2026-07-24 06:31:42] PROGRESS format=triplet_published [1/9] format_est=100.0% overall_est=11.1% prompt_rows=2041/10
[2026-07-24 06:32:27] PROGRESS format=triplet_published [1/9] format_est=100.0% overall_est=11.1% prompt_rows=2051/10
[2026-07-24 06:33:07] PROGRESS format=triplet_published [1/9] format_est=100.0% overall_est=11.1% prompt_rows=2061/10
[2026-07-24 06:33:52] PROGRESS format=triplet_published [1/9] format_est=100.0% overall_est=11.1% prompt_rows=2071/10
[2026-07-24 06:34:33] PROGRESS format=triplet_published [1/9] format_est=100.0% overall_est=11.1% prompt_rows=2081/10
[2026-07-24 06:35:13] PROGRESS format=triplet_published [1/9] format_est=100.0% overall_est=11.1% prompt_rows=2083/10
[2026-07-24 06:35:18] PROGRESS format=triplet_published [1/9] format_est=100.0% overall_est=11.1% prompt_rows=2091/10
[2026-07-24 06:35:58] PROGRESS format=triplet_published [1/9] format_est=100.0% overall_est=11.1% prompt_rows=2101/10
[2026-07-24 06:36:38] PROGRESS format=triplet_published [1/9] format_est=100.0% overall_est=11.1% prompt_rows=2106/10
[2026-07-24 06:36:43] PROGRESS format=triplet_published [1/9] format_est=100.0% overall_est=11.1% prompt_rows=2111/10
[2026-07-24 06:37:23] PROGRESS format=triplet_published [1/9] format_est=100.0% overall_est=11.1% prompt_rows=2121/10
[2026-07-24 06:38:04] PROGRESS format=triplet_published [1/9] format_est=100.0% overall_est=11.1% prompt_rows=2131/10
[2026-07-24 06:38:49] PROGRESS format=triplet_published [1/9] format_est=100.0% overall_est=11.1% prompt_rows=2141/10
[2026-07-24 06:39:29] PROGRESS format=triplet_published [1/9] format_est=100.0% overall_est=11.1% prompt_rows=2147/10
[2026-07-24 06:39:34] PROGRESS format=triplet_published [1/9] format_est=100.0% overall_est=11.1% prompt_rows=2151/10
[2026-07-24 06:40:14] PROGRESS format=triplet_published [1/9] format_est=100.0% overall_est=11.1% prompt_rows=2161/10
[2026-07-24 06:40:55] PROGRESS format=triplet_published [1/9] format_est=100.0% overall_est=11.1% prompt_rows=2171/10
[2026-07-24 06:41:40] PROGRESS format=triplet_published [1/9] format_est=100.0% overall_est=11.1% prompt_rows=2181/10
[2026-07-24 06:42:20] PROGRESS format=triplet_published [1/9] format_est=100.0% overall_est=11.1% prompt_rows=2191/10
[2026-07-24 06:43:00] PROGRESS format=triplet_published [1/9] format_est=100.0% overall_est=11.1% prompt_rows=2193/10
[2026-07-24 06:43:05] PROGRESS format=triplet_published [1/9] format_est=100.0% overall_est=11.1% prompt_rows=2201/10
[2026-07-24 06:43:45] PROGRESS format=triplet_published [1/9] format_est=100.0% overall_est=11.1% prompt_rows=2211/10
[2026-07-24 06:44:26] PROGRESS format=triplet_published [1/9] format_est=100.0% overall_est=11.1% prompt_rows=2218/10
[2026-07-24 06:44:31] PROGRESS format=triplet_published [1/9] format_est=100.0% overall_est=11.1% prompt_rows=2221/10
[2026-07-24 06:45:11] PROGRESS format=triplet_published [1/9] format_est=100.0% overall_est=11.1% prompt_rows=2231/10
[2026-07-24 06:45:56] PROGRESS format=triplet_published [1/9] format_est=100.0% overall_est=11.1% prompt_rows=2240/10
[2026-07-24 06:46:01] PROGRESS format=triplet_published [1/9] format_est=100.0% overall_est=11.1% prompt_rows=2241/10
[2026-07-24 06:46:41] PROGRESS format=triplet_published [1/9] format_est=100.0% overall_est=11.1% prompt_rows=2251/10
[2026-07-24 06:47:22] PROGRESS format=triplet_published [1/9] format_est=100.0% overall_est=11.1% prompt_rows=2258/10
[2026-07-24 06:47:27] PROGRESS format=triplet_published [1/9] format_est=100.0% overall_est=11.1% prompt_rows=2261/10
[2026-07-24 06:48:07] PROGRESS format=triplet_published [1/9] format_est=100.0% overall_est=11.1% prompt_rows=2271/10
[2026-07-24 06:48:52] PROGRESS format=triplet_published [1/9] format_est=100.0% overall_est=11.1% prompt_rows=2281/10
[2026-07-24 06:49:32] PROGRESS format=triplet_published [1/9] format_est=100.0% overall_est=11.1% prompt_rows=2291/10
[2026-07-24 06:50:12] PROGRESS format=triplet_published [1/9] format_est=100.0% overall_est=11.1% prompt_rows=2297/10
[2026-07-24 06:50:17] PROGRESS format=triplet_published [1/9] format_est=100.0% overall_est=11.1% prompt_rows=2301/10
[2026-07-24 06:50:58] PROGRESS format=triplet_published [1/9] format_est=100.0% overall_est=11.1% prompt_rows=2311/10
[2026-07-24 06:51:38] PROGRESS format=triplet_published [1/9] format_est=100.0% overall_est=11.1% prompt_rows=2316/10
[2026-07-24 06:51:43] PROGRESS format=triplet_published [1/9] format_est=100.0% overall_est=11.1% prompt_rows=2321/10
[2026-07-24 06:52:23] PROGRESS format=triplet_published [1/9] format_est=100.0% overall_est=11.1% prompt_rows=2331/10
[2026-07-24 06:53:03] PROGRESS format=triplet_published [1/9] format_est=100.0% overall_est=11.1% prompt_rows=2341/10
[2026-07-24 06:53:44] PROGRESS format=triplet_published [1/9] format_est=100.0% overall_est=11.1% prompt_rows=2343/10
[2026-07-24 06:53:49] PROGRESS format=triplet_published [1/9] format_est=100.0% overall_est=11.1% prompt_rows=2351/10
[2026-07-24 06:54:29] PROGRESS format=triplet_published [1/9] format_est=100.0% overall_est=11.1% prompt_rows=2360/10
[2026-07-24 06:54:34] PROGRESS format=triplet_published [1/9] format_est=100.0% overall_est=11.1% prompt_rows=2361/10
[2026-07-24 06:55:14] PROGRESS format=triplet_published [1/9] format_est=100.0% overall_est=11.1% prompt_rows=2371/10
[2026-07-24 06:55:59] PROGRESS format=triplet_published [1/9] format_est=100.0% overall_est=11.1% prompt_rows=2381/10
[2026-07-24 06:56:45] PROGRESS format=triplet_published [1/9] format_est=100.0% overall_est=11.1% prompt_rows=2391/10
[2026-07-24 06:57:25] PROGRESS format=triplet_published [1/9] format_est=100.0% overall_est=11.1% prompt_rows=2401/10
[2026-07-24 06:58:10] PROGRESS format=triplet_published [1/9] format_est=100.0% overall_est=11.1% prompt_rows=2411/10
[2026-07-24 06:58:50] PROGRESS format=triplet_published [1/9] format_est=100.0% overall_est=11.1% prompt_rows=2421/10
[2026-07-24 06:59:30] PROGRESS format=triplet_published [1/9] format_est=100.0% overall_est=11.1% prompt_rows=2422/10
[2026-07-24 06:59:35] PROGRESS format=triplet_published [1/9] format_est=100.0% overall_est=11.1% prompt_rows=2431/10
[2026-07-24 07:00:16] PROGRESS format=triplet_published [1/9] format_est=100.0% overall_est=11.1% prompt_rows=2441/10
[2026-07-24 07:01:01] PROGRESS format=triplet_published [1/9] format_est=100.0% overall_est=11.1% prompt_rows=2451/10
[2026-07-24 07:01:41] PROGRESS format=triplet_published [1/9] format_est=100.0% overall_est=11.1% prompt_rows=2460/10
[2026-07-24 07:01:46] PROGRESS format=triplet_published [1/9] format_est=100.0% overall_est=11.1% prompt_rows=2461/10
[2026-07-24 07:02:27] PROGRESS format=triplet_published [1/9] format_est=100.0% overall_est=11.1% prompt_rows=2471/10
[2026-07-24 07:03:07] PROGRESS format=triplet_published [1/9] format_est=100.0% overall_est=11.1% prompt_rows=2481/10
[2026-07-24 07:03:47] PROGRESS format=triplet_published [1/9] format_est=100.0% overall_est=11.1% prompt_rows=2487/10
[2026-07-24 07:03:52] PROGRESS format=triplet_published [1/9] format_est=100.0% overall_est=11.1% prompt_rows=2491/10
[2026-07-24 07:04:32] PROGRESS format=triplet_published [1/9] format_est=100.0% overall_est=11.1% prompt_rows=2500/10
[2026-07-24 07:04:37] PROGRESS format=triplet_published [1/9] format_est=100.0% overall_est=11.1% prompt_rows=2501/10
[2026-07-24 07:05:17] PROGRESS format=triplet_published [1/9] format_est=100.0% overall_est=11.1% prompt_rows=2511/10
[2026-07-24 07:05:58] PROGRESS format=triplet_published [1/9] format_est=100.0% overall_est=11.1% prompt_rows=2520/10
[2026-07-24 07:06:03] PROGRESS format=triplet_published [1/9] format_est=100.0% overall_est=11.1% prompt_rows=2521/10
[2026-07-24 07:06:43] PROGRESS format=triplet_published [1/9] format_est=100.0% overall_est=11.1% prompt_rows=2524/10
[2026-07-24 07:06:48] PROGRESS format=triplet_published [1/9] format_est=100.0% overall_est=11.1% prompt_rows=2531/10
[2026-07-24 07:07:28] PROGRESS format=triplet_published [1/9] format_est=100.0% overall_est=11.1% prompt_rows=2541/10
[2026-07-24 07:08:13] PROGRESS format=triplet_published [1/9] format_est=100.0% overall_est=11.1% prompt_rows=2551/10
[2026-07-24 07:08:54] PROGRESS format=triplet_published [1/9] format_est=100.0% overall_est=11.1% prompt_rows=2561/10
[2026-07-24 07:09:34] PROGRESS format=triplet_published [1/9] format_est=100.0% overall_est=11.1% prompt_rows=2565/10
[2026-07-24 07:09:39] PROGRESS format=triplet_published [1/9] format_est=100.0% overall_est=11.1% prompt_rows=2571/10
[2026-07-24 07:10:19] PROGRESS format=triplet_published [1/9] format_est=100.0% overall_est=11.1% prompt_rows=2581/10
[2026-07-24 07:11:04] PROGRESS format=triplet_published [1/9] format_est=100.0% overall_est=11.1% prompt_rows=2591/10
[2026-07-24 07:11:44] PROGRESS format=triplet_published [1/9] format_est=100.0% overall_est=11.1% prompt_rows=2601/10
[2026-07-24 07:12:25] PROGRESS format=triplet_published [1/9] format_est=100.0% overall_est=11.1% prompt_rows=2610/10
[2026-07-24 07:12:30] PROGRESS format=triplet_published [1/9] format_est=100.0% overall_est=11.1% prompt_rows=2611/10
[2026-07-24 07:13:10] PROGRESS format=triplet_published [1/9] format_est=100.0% overall_est=11.1% prompt_rows=2621/10
[2026-07-24 07:13:50] PROGRESS format=triplet_published [1/9] format_est=100.0% overall_est=11.1% prompt_rows=2623/10
[2026-07-24 07:13:55] PROGRESS format=triplet_published [1/9] format_est=100.0% overall_est=11.1% prompt_rows=2631/10
[2026-07-24 07:14:35] PROGRESS format=triplet_published [1/9] format_est=100.0% overall_est=11.1% prompt_rows=2641/10
[2026-07-24 07:15:16] PROGRESS format=triplet_published [1/9] format_est=100.0% overall_est=11.1% prompt_rows=2643/10
[2026-07-24 07:15:21] PROGRESS format=triplet_published [1/9] format_est=100.0% overall_est=11.1% prompt_rows=2651/10
[2026-07-24 07:16:01] PROGRESS format=triplet_published [1/9] format_est=100.0% overall_est=11.1% prompt_rows=2661/10
[2026-07-24 07:16:41] PROGRESS format=triplet_published [1/9] format_est=100.0% overall_est=11.1% prompt_rows=2669/10
[2026-07-24 07:16:46] PROGRESS format=triplet_published [1/9] format_est=100.0% overall_est=11.1% prompt_rows=2671/10
[2026-07-24 07:17:26] PROGRESS format=triplet_published [1/9] format_est=100.0% overall_est=11.1% prompt_rows=2680/10
[2026-07-24 07:17:31] PROGRESS format=triplet_published [1/9] format_est=100.0% overall_est=11.1% prompt_rows=2681/10
[2026-07-24 07:18:12] PROGRESS format=triplet_published [1/9] format_est=100.0% overall_est=11.1% prompt_rows=2691/10
[2026-07-24 07:18:52] PROGRESS format=triplet_published [1/9] format_est=100.0% overall_est=11.1% prompt_rows=2701/10
[2026-07-24 07:19:37] PROGRESS format=triplet_published [1/9] format_est=100.0% overall_est=11.1% prompt_rows=2711/10
[2026-07-24 07:20:17] PROGRESS format=triplet_published [1/9] format_est=100.0% overall_est=11.1% prompt_rows=2720/10
[2026-07-24 07:20:22] PROGRESS format=triplet_published [1/9] format_est=100.0% overall_est=11.1% prompt_rows=2721/10
[2026-07-24 07:21:03] PROGRESS format=triplet_published [1/9] format_est=100.0% overall_est=11.1% prompt_rows=2731/10
[2026-07-24 07:21:43] PROGRESS format=triplet_published [1/9] format_est=100.0% overall_est=11.1% prompt_rows=2741/10
[2026-07-24 07:22:23] PROGRESS format=triplet_published [1/9] format_est=100.0% overall_est=11.1% prompt_rows=2744/10
[2026-07-24 07:22:28] PROGRESS format=triplet_published [1/9] format_est=100.0% overall_est=11.1% prompt_rows=2751/10
[2026-07-24 07:23:08] PROGRESS format=triplet_published [1/9] format_est=100.0% overall_est=11.1% prompt_rows=2761/10
[2026-07-24 07:23:54] PROGRESS format=triplet_published [1/9] format_est=100.0% overall_est=11.1% prompt_rows=2771/10
[2026-07-24 07:24:34] PROGRESS format=triplet_published [1/9] format_est=100.0% overall_est=11.1% prompt_rows=2779/10
[2026-07-24 07:24:39] PROGRESS format=triplet_published [1/9] format_est=100.0% overall_est=11.1% prompt_rows=2781/10
[2026-07-24 07:25:19] PROGRESS format=triplet_published [1/9] format_est=100.0% overall_est=11.1% prompt_rows=2791/10
[2026-07-24 07:25:59] PROGRESS format=triplet_published [1/9] format_est=100.0% overall_est=11.1% prompt_rows=2800/10
[2026-07-24 07:26:01] PROGRESS format=triplet_published [1/9] format_est=100.0% overall_est=11.1% prompt_rows=2800/10
[2026-07-24 07:26:01] [1/9] DONE triplet_published; overall=11.1%; summaries updated
[2026-07-24 07:26:01] [2/9] START triplet_human -> C:\Users\hassa\OneDrive\Desktop\EmbodimentSemantic\vla_benchmarking\ablation_outputs\sg_format_ablation_2026_07_24_03_14_26\triplet_human
[2026-07-24 07:26:06] PROGRESS format=triplet_human [2/9] format_est=0.0% overall_est=11.1% prompt_rows=0/10
[2026-07-24 07:26:56] PROGRESS format=triplet_human [2/9] format_est=10.0% overall_est=12.2% prompt_rows=1/10
[2026-07-24 07:27:36] PROGRESS format=triplet_human [2/9] format_est=70.0% overall_est=18.9% prompt_rows=7/10
[2026-07-24 07:27:41] PROGRESS format=triplet_human [2/9] format_est=100.0% overall_est=22.2% prompt_rows=11/10
[2026-07-24 07:28:21] PROGRESS format=triplet_human [2/9] format_est=100.0% overall_est=22.2% prompt_rows=21/10
[2026-07-24 07:29:01] PROGRESS format=triplet_human [2/9] format_est=100.0% overall_est=22.2% prompt_rows=31/10
[2026-07-24 07:29:46] PROGRESS format=triplet_human [2/9] format_est=100.0% overall_est=22.2% prompt_rows=41/10
[2026-07-24 07:30:32] PROGRESS format=triplet_human [2/9] format_est=100.0% overall_est=22.2% prompt_rows=51/10
[2026-07-24 07:31:12] PROGRESS format=triplet_human [2/9] format_est=100.0% overall_est=22.2% prompt_rows=57/10
[2026-07-24 07:31:17] PROGRESS format=triplet_human [2/9] format_est=100.0% overall_est=22.2% prompt_rows=61/10
[2026-07-24 07:31:57] PROGRESS format=triplet_human [2/9] format_est=100.0% overall_est=22.2% prompt_rows=71/10
[2026-07-24 07:32:37] PROGRESS format=triplet_human [2/9] format_est=100.0% overall_est=22.2% prompt_rows=80/10
[2026-07-24 07:32:42] PROGRESS format=triplet_human [2/9] format_est=100.0% overall_est=22.2% prompt_rows=81/10
[2026-07-24 07:33:22] PROGRESS format=triplet_human [2/9] format_est=100.0% overall_est=22.2% prompt_rows=91/10
[2026-07-24 07:34:02] PROGRESS format=triplet_human [2/9] format_est=100.0% overall_est=22.2% prompt_rows=93/10
[2026-07-24 07:34:07] PROGRESS format=triplet_human [2/9] format_est=100.0% overall_est=22.2% prompt_rows=101/10
[2026-07-24 07:34:47] PROGRESS format=triplet_human [2/9] format_est=100.0% overall_est=22.2% prompt_rows=111/10
[2026-07-24 07:35:27] PROGRESS format=triplet_human [2/9] format_est=100.0% overall_est=22.2% prompt_rows=117/10
[2026-07-24 07:35:32] PROGRESS format=triplet_human [2/9] format_est=100.0% overall_est=22.2% prompt_rows=121/10
[2026-07-24 07:36:12] PROGRESS format=triplet_human [2/9] format_est=100.0% overall_est=22.2% prompt_rows=131/10
[2026-07-24 07:36:58] PROGRESS format=triplet_human [2/9] format_est=100.0% overall_est=22.2% prompt_rows=141/10
[2026-07-24 07:37:38] PROGRESS format=triplet_human [2/9] format_est=100.0% overall_est=22.2% prompt_rows=151/10
[2026-07-24 07:38:23] PROGRESS format=triplet_human [2/9] format_est=100.0% overall_est=22.2% prompt_rows=161/10
[2026-07-24 07:39:03] PROGRESS format=triplet_human [2/9] format_est=100.0% overall_est=22.2% prompt_rows=171/10
[2026-07-24 07:39:48] PROGRESS format=triplet_human [2/9] format_est=100.0% overall_est=22.2% prompt_rows=181/10
[2026-07-24 07:40:28] PROGRESS format=triplet_human [2/9] format_est=100.0% overall_est=22.2% prompt_rows=189/10
[2026-07-24 07:40:33] PROGRESS format=triplet_human [2/9] format_est=100.0% overall_est=22.2% prompt_rows=191/10
[2026-07-24 07:41:13] PROGRESS format=triplet_human [2/9] format_est=100.0% overall_est=22.2% prompt_rows=201/10
[2026-07-24 07:41:53] PROGRESS format=triplet_human [2/9] format_est=100.0% overall_est=22.2% prompt_rows=210/10
[2026-07-24 07:41:58] PROGRESS format=triplet_human [2/9] format_est=100.0% overall_est=22.2% prompt_rows=211/10
[2026-07-24 07:42:38] PROGRESS format=triplet_human [2/9] format_est=100.0% overall_est=22.2% prompt_rows=221/10
[2026-07-24 07:43:19] PROGRESS format=triplet_human [2/9] format_est=100.0% overall_est=22.2% prompt_rows=224/10
[2026-07-24 07:43:24] PROGRESS format=triplet_human [2/9] format_est=100.0% overall_est=22.2% prompt_rows=231/10
[2026-07-24 07:44:04] PROGRESS format=triplet_human [2/9] format_est=100.0% overall_est=22.2% prompt_rows=241/10
[2026-07-24 07:44:44] PROGRESS format=triplet_human [2/9] format_est=100.0% overall_est=22.2% prompt_rows=250/10
[2026-07-24 07:44:49] PROGRESS format=triplet_human [2/9] format_est=100.0% overall_est=22.2% prompt_rows=251/10
[2026-07-24 07:45:29] PROGRESS format=triplet_human [2/9] format_est=100.0% overall_est=22.2% prompt_rows=261/10
[2026-07-24 07:46:09] PROGRESS format=triplet_human [2/9] format_est=100.0% overall_est=22.2% prompt_rows=271/10
[2026-07-24 07:46:54] PROGRESS format=triplet_human [2/9] format_est=100.0% overall_est=22.2% prompt_rows=280/10
[2026-07-24 07:46:59] PROGRESS format=triplet_human [2/9] format_est=100.0% overall_est=22.2% prompt_rows=281/10
[2026-07-24 07:47:39] PROGRESS format=triplet_human [2/9] format_est=100.0% overall_est=22.2% prompt_rows=291/10
[2026-07-24 07:48:19] PROGRESS format=triplet_human [2/9] format_est=100.0% overall_est=22.2% prompt_rows=294/10
[2026-07-24 07:48:24] PROGRESS format=triplet_human [2/9] format_est=100.0% overall_est=22.2% prompt_rows=301/10
[2026-07-24 07:49:05] PROGRESS format=triplet_human [2/9] format_est=100.0% overall_est=22.2% prompt_rows=311/10
[2026-07-24 07:49:50] PROGRESS format=triplet_human [2/9] format_est=100.0% overall_est=22.2% prompt_rows=321/10
[2026-07-24 07:50:30] PROGRESS format=triplet_human [2/9] format_est=100.0% overall_est=22.2% prompt_rows=331/10
[2026-07-24 07:51:10] PROGRESS format=triplet_human [2/9] format_est=100.0% overall_est=22.2% prompt_rows=339/10
[2026-07-24 07:51:15] PROGRESS format=triplet_human [2/9] format_est=100.0% overall_est=22.2% prompt_rows=341/10
[2026-07-24 07:51:50] PROGRESS format=triplet_human [2/9] format_est=100.0% overall_est=22.2% prompt_rows=343/10
[2026-07-24 07:51:55] PROGRESS format=triplet_human [2/9] format_est=100.0% overall_est=22.2% prompt_rows=351/10
[2026-07-24 07:52:35] PROGRESS format=triplet_human [2/9] format_est=100.0% overall_est=22.2% prompt_rows=361/10
[2026-07-24 07:53:20] PROGRESS format=triplet_human [2/9] format_est=100.0% overall_est=22.2% prompt_rows=371/10
[2026-07-24 07:54:00] PROGRESS format=triplet_human [2/9] format_est=100.0% overall_est=22.2% prompt_rows=381/10
[2026-07-24 07:54:40] PROGRESS format=triplet_human [2/9] format_est=100.0% overall_est=22.2% prompt_rows=389/10
[2026-07-24 07:54:45] PROGRESS format=triplet_human [2/9] format_est=100.0% overall_est=22.2% prompt_rows=391/10
[2026-07-24 07:55:26] PROGRESS format=triplet_human [2/9] format_est=100.0% overall_est=22.2% prompt_rows=401/10
[2026-07-24 07:56:06] PROGRESS format=triplet_human [2/9] format_est=100.0% overall_est=22.2% prompt_rows=407/10
[2026-07-24 07:56:11] PROGRESS format=triplet_human [2/9] format_est=100.0% overall_est=22.2% prompt_rows=411/10
[2026-07-24 07:56:51] PROGRESS format=triplet_human [2/9] format_est=100.0% overall_est=22.2% prompt_rows=421/10
[2026-07-24 07:57:31] PROGRESS format=triplet_human [2/9] format_est=100.0% overall_est=22.2% prompt_rows=431/10
[2026-07-24 07:58:11] PROGRESS format=triplet_human [2/9] format_est=100.0% overall_est=22.2% prompt_rows=437/10
[2026-07-24 07:58:16] PROGRESS format=triplet_human [2/9] format_est=100.0% overall_est=22.2% prompt_rows=441/10
[2026-07-24 07:58:56] PROGRESS format=triplet_human [2/9] format_est=100.0% overall_est=22.2% prompt_rows=451/10
[2026-07-24 07:59:41] PROGRESS format=triplet_human [2/9] format_est=100.0% overall_est=22.2% prompt_rows=461/10
[2026-07-24 08:00:21] PROGRESS format=triplet_human [2/9] format_est=100.0% overall_est=22.2% prompt_rows=471/10
[2026-07-24 08:01:01] PROGRESS format=triplet_human [2/9] format_est=100.0% overall_est=22.2% prompt_rows=475/10
[2026-07-24 08:01:07] PROGRESS format=triplet_human [2/9] format_est=100.0% overall_est=22.2% prompt_rows=481/10
[2026-07-24 08:01:52] PROGRESS format=triplet_human [2/9] format_est=100.0% overall_est=22.2% prompt_rows=491/10
[2026-07-24 08:02:37] PROGRESS format=triplet_human [2/9] format_est=100.0% overall_est=22.2% prompt_rows=499/10
[2026-07-24 08:02:42] PROGRESS format=triplet_human [2/9] format_est=100.0% overall_est=22.2% prompt_rows=501/10
[2026-07-24 08:03:22] PROGRESS format=triplet_human [2/9] format_est=100.0% overall_est=22.2% prompt_rows=508/10
[2026-07-24 08:03:27] PROGRESS format=triplet_human [2/9] format_est=100.0% overall_est=22.2% prompt_rows=511/10
[2026-07-24 08:04:07] PROGRESS format=triplet_human [2/9] format_est=100.0% overall_est=22.2% prompt_rows=521/10
[2026-07-24 08:04:47] PROGRESS format=triplet_human [2/9] format_est=100.0% overall_est=22.2% prompt_rows=531/10
[2026-07-24 08:05:32] PROGRESS format=triplet_human [2/9] format_est=100.0% overall_est=22.2% prompt_rows=541/10
[2026-07-24 08:06:12] PROGRESS format=triplet_human [2/9] format_est=100.0% overall_est=22.2% prompt_rows=548/10
[2026-07-24 08:06:18] PROGRESS format=triplet_human [2/9] format_est=100.0% overall_est=22.2% prompt_rows=551/10
[2026-07-24 08:06:58] PROGRESS format=triplet_human [2/9] format_est=100.0% overall_est=22.2% prompt_rows=560/10
[2026-07-24 08:07:03] PROGRESS format=triplet_human [2/9] format_est=100.0% overall_est=22.2% prompt_rows=561/10
[2026-07-24 08:07:43] PROGRESS format=triplet_human [2/9] format_est=100.0% overall_est=22.2% prompt_rows=571/10
[2026-07-24 08:08:28] PROGRESS format=triplet_human [2/9] format_est=100.0% overall_est=22.2% prompt_rows=581/10
[2026-07-24 08:09:08] PROGRESS format=triplet_human [2/9] format_est=100.0% overall_est=22.2% prompt_rows=585/10
[2026-07-24 08:09:13] PROGRESS format=triplet_human [2/9] format_est=100.0% overall_est=22.2% prompt_rows=591/10
[2026-07-24 08:09:53] PROGRESS format=triplet_human [2/9] format_est=100.0% overall_est=22.2% prompt_rows=601/10
[2026-07-24 08:10:33] PROGRESS format=triplet_human [2/9] format_est=100.0% overall_est=22.2% prompt_rows=609/10
[2026-07-24 08:10:38] PROGRESS format=triplet_human [2/9] format_est=100.0% overall_est=22.2% prompt_rows=611/10
[2026-07-24 08:11:18] PROGRESS format=triplet_human [2/9] format_est=100.0% overall_est=22.2% prompt_rows=621/10
[2026-07-24 08:11:59] PROGRESS format=triplet_human [2/9] format_est=100.0% overall_est=22.2% prompt_rows=630/10
[2026-07-24 08:12:04] PROGRESS format=triplet_human [2/9] format_est=100.0% overall_est=22.2% prompt_rows=631/10
[2026-07-24 08:12:44] PROGRESS format=triplet_human [2/9] format_est=100.0% overall_est=22.2% prompt_rows=641/10
[2026-07-24 08:13:24] PROGRESS format=triplet_human [2/9] format_est=100.0% overall_est=22.2% prompt_rows=651/10
[2026-07-24 08:14:09] PROGRESS format=triplet_human [2/9] format_est=100.0% overall_est=22.2% prompt_rows=661/10
[2026-07-24 08:14:49] PROGRESS format=triplet_human [2/9] format_est=100.0% overall_est=22.2% prompt_rows=671/10
[2026-07-24 08:15:34] PROGRESS format=triplet_human [2/9] format_est=100.0% overall_est=22.2% prompt_rows=681/10
[2026-07-24 08:16:14] PROGRESS format=triplet_human [2/9] format_est=100.0% overall_est=22.2% prompt_rows=687/10
[2026-07-24 08:16:19] PROGRESS format=triplet_human [2/9] format_est=100.0% overall_est=22.2% prompt_rows=691/10
[2026-07-24 08:17:00] PROGRESS format=triplet_human [2/9] format_est=100.0% overall_est=22.2% prompt_rows=701/10
[2026-07-24 08:17:40] PROGRESS format=triplet_human [2/9] format_est=100.0% overall_est=22.2% prompt_rows=711/10
[2026-07-24 08:18:25] PROGRESS format=triplet_human [2/9] format_est=100.0% overall_est=22.2% prompt_rows=721/10
[2026-07-24 08:19:10] PROGRESS format=triplet_human [2/9] format_est=100.0% overall_est=22.2% prompt_rows=730/10
[2026-07-24 08:19:15] PROGRESS format=triplet_human [2/9] format_est=100.0% overall_est=22.2% prompt_rows=731/10
[2026-07-24 08:19:55] PROGRESS format=triplet_human [2/9] format_est=100.0% overall_est=22.2% prompt_rows=741/10
[2026-07-24 08:20:35] PROGRESS format=triplet_human [2/9] format_est=100.0% overall_est=22.2% prompt_rows=751/10
[2026-07-24 08:21:21] PROGRESS format=triplet_human [2/9] format_est=100.0% overall_est=22.2% prompt_rows=761/10
[2026-07-24 08:22:01] PROGRESS format=triplet_human [2/9] format_est=100.0% overall_est=22.2% prompt_rows=762/10
[2026-07-24 08:22:06] PROGRESS format=triplet_human [2/9] format_est=100.0% overall_est=22.2% prompt_rows=771/10
[2026-07-24 08:22:46] PROGRESS format=triplet_human [2/9] format_est=100.0% overall_est=22.2% prompt_rows=781/10
[2026-07-24 08:23:26] PROGRESS format=triplet_human [2/9] format_est=100.0% overall_est=22.2% prompt_rows=783/10
[2026-07-24 08:23:31] PROGRESS format=triplet_human [2/9] format_est=100.0% overall_est=22.2% prompt_rows=791/10
[2026-07-24 08:24:11] PROGRESS format=triplet_human [2/9] format_est=100.0% overall_est=22.2% prompt_rows=801/10
[2026-07-24 08:24:56] PROGRESS format=triplet_human [2/9] format_est=100.0% overall_est=22.2% prompt_rows=811/10
[2026-07-24 08:25:36] PROGRESS format=triplet_human [2/9] format_est=100.0% overall_est=22.2% prompt_rows=821/10
[2026-07-24 08:26:16] PROGRESS format=triplet_human [2/9] format_est=100.0% overall_est=22.2% prompt_rows=822/10
[2026-07-24 08:26:21] PROGRESS format=triplet_human [2/9] format_est=100.0% overall_est=22.2% prompt_rows=831/10
[2026-07-24 08:27:02] PROGRESS format=triplet_human [2/9] format_est=100.0% overall_est=22.2% prompt_rows=840/10
[2026-07-24 08:27:07] PROGRESS format=triplet_human [2/9] format_est=100.0% overall_est=22.2% prompt_rows=841/10
[2026-07-24 08:27:52] PROGRESS format=triplet_human [2/9] format_est=100.0% overall_est=22.2% prompt_rows=851/10
[2026-07-24 08:28:32] PROGRESS format=triplet_human [2/9] format_est=100.0% overall_est=22.2% prompt_rows=856/10
[2026-07-24 08:28:37] PROGRESS format=triplet_human [2/9] format_est=100.0% overall_est=22.2% prompt_rows=861/10
[2026-07-24 08:29:17] PROGRESS format=triplet_human [2/9] format_est=100.0% overall_est=22.2% prompt_rows=871/10
[2026-07-24 08:29:57] PROGRESS format=triplet_human [2/9] format_est=100.0% overall_est=22.2% prompt_rows=880/10
[2026-07-24 08:30:02] PROGRESS format=triplet_human [2/9] format_est=100.0% overall_est=22.2% prompt_rows=881/10
[2026-07-24 08:30:42] PROGRESS format=triplet_human [2/9] format_est=100.0% overall_est=22.2% prompt_rows=891/10
[2026-07-24 08:31:28] PROGRESS format=triplet_human [2/9] format_est=100.0% overall_est=22.2% prompt_rows=901/10
[2026-07-24 08:32:13] PROGRESS format=triplet_human [2/9] format_est=100.0% overall_est=22.2% prompt_rows=911/10
[2026-07-24 08:32:53] PROGRESS format=triplet_human [2/9] format_est=100.0% overall_est=22.2% prompt_rows=919/10
[2026-07-24 08:32:58] PROGRESS format=triplet_human [2/9] format_est=100.0% overall_est=22.2% prompt_rows=921/10
[2026-07-24 08:33:38] PROGRESS format=triplet_human [2/9] format_est=100.0% overall_est=22.2% prompt_rows=931/10
[2026-07-24 08:34:23] PROGRESS format=triplet_human [2/9] format_est=100.0% overall_est=22.2% prompt_rows=941/10
[2026-07-24 08:35:03] PROGRESS format=triplet_human [2/9] format_est=100.0% overall_est=22.2% prompt_rows=948/10
[2026-07-24 08:35:08] PROGRESS format=triplet_human [2/9] format_est=100.0% overall_est=22.2% prompt_rows=951/10
[2026-07-24 08:35:49] PROGRESS format=triplet_human [2/9] format_est=100.0% overall_est=22.2% prompt_rows=961/10
[2026-07-24 08:36:29] PROGRESS format=triplet_human [2/9] format_est=100.0% overall_est=22.2% prompt_rows=971/10
[2026-07-24 08:37:09] PROGRESS format=triplet_human [2/9] format_est=100.0% overall_est=22.2% prompt_rows=976/10
[2026-07-24 08:37:14] PROGRESS format=triplet_human [2/9] format_est=100.0% overall_est=22.2% prompt_rows=981/10
[2026-07-24 08:37:54] PROGRESS format=triplet_human [2/9] format_est=100.0% overall_est=22.2% prompt_rows=991/10
[2026-07-24 08:38:39] PROGRESS format=triplet_human [2/9] format_est=100.0% overall_est=22.2% prompt_rows=1001/10
[2026-07-24 08:39:19] PROGRESS format=triplet_human [2/9] format_est=100.0% overall_est=22.2% prompt_rows=1011/10
[2026-07-24 08:39:59] PROGRESS format=triplet_human [2/9] format_est=100.0% overall_est=22.2% prompt_rows=1014/10
[2026-07-24 08:40:04] PROGRESS format=triplet_human [2/9] format_est=100.0% overall_est=22.2% prompt_rows=1021/10
[2026-07-24 08:40:44] PROGRESS format=triplet_human [2/9] format_est=100.0% overall_est=22.2% prompt_rows=1031/10
[2026-07-24 08:41:30] PROGRESS format=triplet_human [2/9] format_est=100.0% overall_est=22.2% prompt_rows=1041/10
[2026-07-24 08:42:10] PROGRESS format=triplet_human [2/9] format_est=100.0% overall_est=22.2% prompt_rows=1051/10
[2026-07-24 08:42:50] PROGRESS format=triplet_human [2/9] format_est=100.0% overall_est=22.2% prompt_rows=1060/10
[2026-07-24 08:42:55] PROGRESS format=triplet_human [2/9] format_est=100.0% overall_est=22.2% prompt_rows=1061/10
[2026-07-24 08:43:35] PROGRESS format=triplet_human [2/9] format_est=100.0% overall_est=22.2% prompt_rows=1071/10
[2026-07-24 08:44:15] PROGRESS format=triplet_human [2/9] format_est=100.0% overall_est=22.2% prompt_rows=1077/10
[2026-07-24 08:44:20] PROGRESS format=triplet_human [2/9] format_est=100.0% overall_est=22.2% prompt_rows=1081/10
[2026-07-24 08:45:01] PROGRESS format=triplet_human [2/9] format_est=100.0% overall_est=22.2% prompt_rows=1091/10
[2026-07-24 08:45:41] PROGRESS format=triplet_human [2/9] format_est=100.0% overall_est=22.2% prompt_rows=1100/10
[2026-07-24 08:45:46] PROGRESS format=triplet_human [2/9] format_est=100.0% overall_est=22.2% prompt_rows=1101/10
[2026-07-24 08:46:21] PROGRESS format=triplet_human [2/9] format_est=100.0% overall_est=22.2% prompt_rows=1102/10
[2026-07-24 08:46:26] PROGRESS format=triplet_human [2/9] format_est=100.0% overall_est=22.2% prompt_rows=1111/10
[2026-07-24 08:47:06] PROGRESS format=triplet_human [2/9] format_est=100.0% overall_est=22.2% prompt_rows=1120/10
[2026-07-24 08:47:16] PROGRESS format=triplet_human [2/9] format_est=100.0% overall_est=22.2% prompt_rows=1121/10
[2026-07-24 08:47:56] PROGRESS format=triplet_human [2/9] format_est=100.0% overall_est=22.2% prompt_rows=1131/10
[2026-07-24 08:48:36] PROGRESS format=triplet_human [2/9] format_est=100.0% overall_est=22.2% prompt_rows=1134/10
[2026-07-24 08:48:41] PROGRESS format=triplet_human [2/9] format_est=100.0% overall_est=22.2% prompt_rows=1141/10
[2026-07-24 08:49:21] PROGRESS format=triplet_human [2/9] format_est=100.0% overall_est=22.2% prompt_rows=1151/10
[2026-07-24 08:50:02] PROGRESS format=triplet_human [2/9] format_est=100.0% overall_est=22.2% prompt_rows=1156/10
[2026-07-24 08:50:07] PROGRESS format=triplet_human [2/9] format_est=100.0% overall_est=22.2% prompt_rows=1161/10
[2026-07-24 08:50:47] PROGRESS format=triplet_human [2/9] format_est=100.0% overall_est=22.2% prompt_rows=1166/10
[2026-07-24 08:50:52] PROGRESS format=triplet_human [2/9] format_est=100.0% overall_est=22.2% prompt_rows=1171/10
[2026-07-24 08:51:32] PROGRESS format=triplet_human [2/9] format_est=100.0% overall_est=22.2% prompt_rows=1181/10
[2026-07-24 08:52:12] PROGRESS format=triplet_human [2/9] format_est=100.0% overall_est=22.2% prompt_rows=1189/10
[2026-07-24 08:52:17] PROGRESS format=triplet_human [2/9] format_est=100.0% overall_est=22.2% prompt_rows=1191/10
[2026-07-24 08:52:57] PROGRESS format=triplet_human [2/9] format_est=100.0% overall_est=22.2% prompt_rows=1201/10
[2026-07-24 08:53:42] PROGRESS format=triplet_human [2/9] format_est=100.0% overall_est=22.2% prompt_rows=1211/10
[2026-07-24 08:54:23] PROGRESS format=triplet_human [2/9] format_est=100.0% overall_est=22.2% prompt_rows=1220/10
[2026-07-24 08:54:28] PROGRESS format=triplet_human [2/9] format_est=100.0% overall_est=22.2% prompt_rows=1221/10
[2026-07-24 08:55:03] PROGRESS format=triplet_human [2/9] format_est=100.0% overall_est=22.2% prompt_rows=1222/10
[2026-07-24 08:55:08] PROGRESS format=triplet_human [2/9] format_est=100.0% overall_est=22.2% prompt_rows=1231/10
[2026-07-24 08:55:48] PROGRESS format=triplet_human [2/9] format_est=100.0% overall_est=22.2% prompt_rows=1241/10
[2026-07-24 08:56:28] PROGRESS format=triplet_human [2/9] format_est=100.0% overall_est=22.2% prompt_rows=1248/10
[2026-07-24 08:56:33] PROGRESS format=triplet_human [2/9] format_est=100.0% overall_est=22.2% prompt_rows=1251/10
[2026-07-24 08:57:13] PROGRESS format=triplet_human [2/9] format_est=100.0% overall_est=22.2% prompt_rows=1254/10
[2026-07-24 08:57:18] PROGRESS format=triplet_human [2/9] format_est=100.0% overall_est=22.2% prompt_rows=1261/10
[2026-07-24 08:57:59] PROGRESS format=triplet_human [2/9] format_est=100.0% overall_est=22.2% prompt_rows=1271/10
[2026-07-24 08:58:39] PROGRESS format=triplet_human [2/9] format_est=100.0% overall_est=22.2% prompt_rows=1274/10
[2026-07-24 08:58:44] PROGRESS format=triplet_human [2/9] format_est=100.0% overall_est=22.2% prompt_rows=1281/10
[2026-07-24 08:59:24] PROGRESS format=triplet_human [2/9] format_est=100.0% overall_est=22.2% prompt_rows=1291/10
[2026-07-24 09:00:09] PROGRESS format=triplet_human [2/9] format_est=100.0% overall_est=22.2% prompt_rows=1301/10
[2026-07-24 09:00:49] PROGRESS format=triplet_human [2/9] format_est=100.0% overall_est=22.2% prompt_rows=1306/10
[2026-07-24 09:00:54] PROGRESS format=triplet_human [2/9] format_est=100.0% overall_est=22.2% prompt_rows=1311/10
[2026-07-24 09:01:34] PROGRESS format=triplet_human [2/9] format_est=100.0% overall_est=22.2% prompt_rows=1321/10
[2026-07-24 09:02:15] PROGRESS format=triplet_human [2/9] format_est=100.0% overall_est=22.2% prompt_rows=1326/10
[2026-07-24 09:02:20] PROGRESS format=triplet_human [2/9] format_est=100.0% overall_est=22.2% prompt_rows=1331/10
[2026-07-24 09:03:00] PROGRESS format=triplet_human [2/9] format_est=100.0% overall_est=22.2% prompt_rows=1341/10
[2026-07-24 09:03:45] PROGRESS format=triplet_human [2/9] format_est=100.0% overall_est=22.2% prompt_rows=1351/10
[2026-07-24 09:04:25] PROGRESS format=triplet_human [2/9] format_est=100.0% overall_est=22.2% prompt_rows=1361/10
[2026-07-24 09:05:05] PROGRESS format=triplet_human [2/9] format_est=100.0% overall_est=22.2% prompt_rows=1362/10
[2026-07-24 09:05:10] PROGRESS format=triplet_human [2/9] format_est=100.0% overall_est=22.2% prompt_rows=1371/10
[2026-07-24 09:05:50] PROGRESS format=triplet_human [2/9] format_est=100.0% overall_est=22.2% prompt_rows=1381/10
[2026-07-24 09:06:31] PROGRESS format=triplet_human [2/9] format_est=100.0% overall_est=22.2% prompt_rows=1382/10
[2026-07-24 09:06:36] PROGRESS format=triplet_human [2/9] format_est=100.0% overall_est=22.2% prompt_rows=1391/10
[2026-07-24 09:07:16] PROGRESS format=triplet_human [2/9] format_est=100.0% overall_est=22.2% prompt_rows=1399/10
[2026-07-24 09:07:21] PROGRESS format=triplet_human [2/9] format_est=100.0% overall_est=22.2% prompt_rows=1400/10
[2026-07-24 09:07:26] PROGRESS format=triplet_human [2/9] format_est=100.0% overall_est=22.2% prompt_rows=1401/10
[2026-07-24 09:08:06] PROGRESS format=triplet_human [2/9] format_est=100.0% overall_est=22.2% prompt_rows=1407/10
[2026-07-24 09:08:11] PROGRESS format=triplet_human [2/9] format_est=100.0% overall_est=22.2% prompt_rows=1411/10
[2026-07-24 09:08:51] PROGRESS format=triplet_human [2/9] format_est=100.0% overall_est=22.2% prompt_rows=1421/10
[2026-07-24 09:09:36] PROGRESS format=triplet_human [2/9] format_est=100.0% overall_est=22.2% prompt_rows=1431/10
[2026-07-24 09:10:22] PROGRESS format=triplet_human [2/9] format_est=100.0% overall_est=22.2% prompt_rows=1441/10
[2026-07-24 09:11:02] PROGRESS format=triplet_human [2/9] format_est=100.0% overall_est=22.2% prompt_rows=1448/10
[2026-07-24 09:11:07] PROGRESS format=triplet_human [2/9] format_est=100.0% overall_est=22.2% prompt_rows=1451/10
[2026-07-24 09:11:47] PROGRESS format=triplet_human [2/9] format_est=100.0% overall_est=22.2% prompt_rows=1461/10
[2026-07-24 09:12:27] PROGRESS format=triplet_human [2/9] format_est=100.0% overall_est=22.2% prompt_rows=1467/10
[2026-07-24 09:12:32] PROGRESS format=triplet_human [2/9] format_est=100.0% overall_est=22.2% prompt_rows=1471/10
[2026-07-24 09:13:12] PROGRESS format=triplet_human [2/9] format_est=100.0% overall_est=22.2% prompt_rows=1478/10
[2026-07-24 09:13:17] PROGRESS format=triplet_human [2/9] format_est=100.0% overall_est=22.2% prompt_rows=1481/10
[2026-07-24 09:13:57] PROGRESS format=triplet_human [2/9] format_est=100.0% overall_est=22.2% prompt_rows=1491/10
[2026-07-24 09:14:43] PROGRESS format=triplet_human [2/9] format_est=100.0% overall_est=22.2% prompt_rows=1501/10
[2026-07-24 09:15:23] PROGRESS format=triplet_human [2/9] format_est=100.0% overall_est=22.2% prompt_rows=1505/10
[2026-07-24 09:15:28] PROGRESS format=triplet_human [2/9] format_est=100.0% overall_est=22.2% prompt_rows=1511/10
[2026-07-24 09:16:08] PROGRESS format=triplet_human [2/9] format_est=100.0% overall_est=22.2% prompt_rows=1514/10
[2026-07-24 09:16:13] PROGRESS format=triplet_human [2/9] format_est=100.0% overall_est=22.2% prompt_rows=1521/10
[2026-07-24 09:16:53] PROGRESS format=triplet_human [2/9] format_est=100.0% overall_est=22.2% prompt_rows=1531/10
[2026-07-24 09:17:38] PROGRESS format=triplet_human [2/9] format_est=100.0% overall_est=22.2% prompt_rows=1541/10
[2026-07-24 09:18:19] PROGRESS format=triplet_human [2/9] format_est=100.0% overall_est=22.2% prompt_rows=1547/10
[2026-07-24 09:18:24] PROGRESS format=triplet_human [2/9] format_est=100.0% overall_est=22.2% prompt_rows=1551/10
[2026-07-24 09:19:04] PROGRESS format=triplet_human [2/9] format_est=100.0% overall_est=22.2% prompt_rows=1561/10
[2026-07-24 09:19:49] PROGRESS format=triplet_human [2/9] format_est=100.0% overall_est=22.2% prompt_rows=1567/10
[2026-07-24 09:19:54] PROGRESS format=triplet_human [2/9] format_est=100.0% overall_est=22.2% prompt_rows=1571/10
[2026-07-24 09:20:34] PROGRESS format=triplet_human [2/9] format_est=100.0% overall_est=22.2% prompt_rows=1581/10
[2026-07-24 09:21:19] PROGRESS format=triplet_human [2/9] format_est=100.0% overall_est=22.2% prompt_rows=1591/10
[2026-07-24 09:22:05] PROGRESS format=triplet_human [2/9] format_est=100.0% overall_est=22.2% prompt_rows=1601/10
[2026-07-24 09:22:50] PROGRESS format=triplet_human [2/9] format_est=100.0% overall_est=22.2% prompt_rows=1611/10
[2026-07-24 09:23:35] PROGRESS format=triplet_human [2/9] format_est=100.0% overall_est=22.2% prompt_rows=1621/10
[2026-07-24 09:24:15] PROGRESS format=triplet_human [2/9] format_est=100.0% overall_est=22.2% prompt_rows=1627/10
[2026-07-24 09:24:20] PROGRESS format=triplet_human [2/9] format_est=100.0% overall_est=22.2% prompt_rows=1631/10
[2026-07-24 09:25:00] PROGRESS format=triplet_human [2/9] format_est=100.0% overall_est=22.2% prompt_rows=1641/10
[2026-07-24 09:25:40] PROGRESS format=triplet_human [2/9] format_est=100.0% overall_est=22.2% prompt_rows=1643/10
[2026-07-24 09:25:46] PROGRESS format=triplet_human [2/9] format_est=100.0% overall_est=22.2% prompt_rows=1651/10
[2026-07-24 09:26:26] PROGRESS format=triplet_human [2/9] format_est=100.0% overall_est=22.2% prompt_rows=1655/10
[2026-07-24 09:26:31] PROGRESS format=triplet_human [2/9] format_est=100.0% overall_est=22.2% prompt_rows=1661/10
[2026-07-24 09:27:11] PROGRESS format=triplet_human [2/9] format_est=100.0% overall_est=22.2% prompt_rows=1671/10
[2026-07-24 09:27:51] PROGRESS format=triplet_human [2/9] format_est=100.0% overall_est=22.2% prompt_rows=1675/10
[2026-07-24 09:27:56] PROGRESS format=triplet_human [2/9] format_est=100.0% overall_est=22.2% prompt_rows=1680/10
[2026-07-24 09:28:01] PROGRESS format=triplet_human [2/9] format_est=100.0% overall_est=22.2% prompt_rows=1681/10
[2026-07-24 09:28:41] PROGRESS format=triplet_human [2/9] format_est=100.0% overall_est=22.2% prompt_rows=1690/10
[2026-07-24 09:28:46] PROGRESS format=triplet_human [2/9] format_est=100.0% overall_est=22.2% prompt_rows=1691/10
[2026-07-24 09:29:27] PROGRESS format=triplet_human [2/9] format_est=100.0% overall_est=22.2% prompt_rows=1698/10
[2026-07-24 09:29:32] PROGRESS format=triplet_human [2/9] format_est=100.0% overall_est=22.2% prompt_rows=1701/10
[2026-07-24 09:30:12] PROGRESS format=triplet_human [2/9] format_est=100.0% overall_est=22.2% prompt_rows=1711/10
[2026-07-24 09:30:52] PROGRESS format=triplet_human [2/9] format_est=100.0% overall_est=22.2% prompt_rows=1721/10
[2026-07-24 09:31:32] PROGRESS format=triplet_human [2/9] format_est=100.0% overall_est=22.2% prompt_rows=1725/10
[2026-07-24 09:31:37] PROGRESS format=triplet_human [2/9] format_est=100.0% overall_est=22.2% prompt_rows=1731/10
[2026-07-24 09:32:17] PROGRESS format=triplet_human [2/9] format_est=100.0% overall_est=22.2% prompt_rows=1732/10
[2026-07-24 09:32:22] PROGRESS format=triplet_human [2/9] format_est=100.0% overall_est=22.2% prompt_rows=1741/10
[2026-07-24 09:33:02] PROGRESS format=triplet_human [2/9] format_est=100.0% overall_est=22.2% prompt_rows=1747/10
[2026-07-24 09:33:08] PROGRESS format=triplet_human [2/9] format_est=100.0% overall_est=22.2% prompt_rows=1751/10
[2026-07-24 09:33:48] PROGRESS format=triplet_human [2/9] format_est=100.0% overall_est=22.2% prompt_rows=1761/10
[2026-07-24 09:34:28] PROGRESS format=triplet_human [2/9] format_est=100.0% overall_est=22.2% prompt_rows=1769/10
[2026-07-24 09:34:33] PROGRESS format=triplet_human [2/9] format_est=100.0% overall_est=22.2% prompt_rows=1771/10
[2026-07-24 09:35:13] PROGRESS format=triplet_human [2/9] format_est=100.0% overall_est=22.2% prompt_rows=1781/10
[2026-07-24 09:35:58] PROGRESS format=triplet_human [2/9] format_est=100.0% overall_est=22.2% prompt_rows=1791/10
[2026-07-24 09:36:38] PROGRESS format=triplet_human [2/9] format_est=100.0% overall_est=22.2% prompt_rows=1801/10
[2026-07-24 09:37:19] PROGRESS format=triplet_human [2/9] format_est=100.0% overall_est=22.2% prompt_rows=1804/10
[2026-07-24 09:37:24] PROGRESS format=triplet_human [2/9] format_est=100.0% overall_est=22.2% prompt_rows=1811/10
[2026-07-24 09:38:04] PROGRESS format=triplet_human [2/9] format_est=100.0% overall_est=22.2% prompt_rows=1821/10
[2026-07-24 09:38:49] PROGRESS format=triplet_human [2/9] format_est=100.0% overall_est=22.2% prompt_rows=1831/10
[2026-07-24 09:39:29] PROGRESS format=triplet_human [2/9] format_est=100.0% overall_est=22.2% prompt_rows=1832/10
[2026-07-24 09:39:34] PROGRESS format=triplet_human [2/9] format_est=100.0% overall_est=22.2% prompt_rows=1841/10
[2026-07-24 09:40:14] PROGRESS format=triplet_human [2/9] format_est=100.0% overall_est=22.2% prompt_rows=1851/10
[2026-07-24 09:40:55] PROGRESS format=triplet_human [2/9] format_est=100.0% overall_est=22.2% prompt_rows=1858/10
[2026-07-24 09:41:00] PROGRESS format=triplet_human [2/9] format_est=100.0% overall_est=22.2% prompt_rows=1861/10
[2026-07-24 09:41:40] PROGRESS format=triplet_human [2/9] format_est=100.0% overall_est=22.2% prompt_rows=1871/10
[2026-07-24 09:42:25] PROGRESS format=triplet_human [2/9] format_est=100.0% overall_est=22.2% prompt_rows=1881/10
[2026-07-24 09:43:05] PROGRESS format=triplet_human [2/9] format_est=100.0% overall_est=22.2% prompt_rows=1891/10
[2026-07-24 09:43:45] PROGRESS format=triplet_human [2/9] format_est=100.0% overall_est=22.2% prompt_rows=1893/10
[2026-07-24 09:43:50] PROGRESS format=triplet_human [2/9] format_est=100.0% overall_est=22.2% prompt_rows=1901/10
[2026-07-24 09:44:31] PROGRESS format=triplet_human [2/9] format_est=100.0% overall_est=22.2% prompt_rows=1911/10
[2026-07-24 09:45:11] PROGRESS format=triplet_human [2/9] format_est=100.0% overall_est=22.2% prompt_rows=1912/10
[2026-07-24 09:45:16] PROGRESS format=triplet_human [2/9] format_est=100.0% overall_est=22.2% prompt_rows=1921/10
[2026-07-24 09:45:56] PROGRESS format=triplet_human [2/9] format_est=100.0% overall_est=22.2% prompt_rows=1931/10
[2026-07-24 09:46:41] PROGRESS format=triplet_human [2/9] format_est=100.0% overall_est=22.2% prompt_rows=1936/10
[2026-07-24 09:46:46] PROGRESS format=triplet_human [2/9] format_est=100.0% overall_est=22.2% prompt_rows=1941/10
[2026-07-24 09:47:32] PROGRESS format=triplet_human [2/9] format_est=100.0% overall_est=22.2% prompt_rows=1949/10
[2026-07-24 09:47:37] PROGRESS format=triplet_human [2/9] format_est=100.0% overall_est=22.2% prompt_rows=1951/10
[2026-07-24 09:48:17] PROGRESS format=triplet_human [2/9] format_est=100.0% overall_est=22.2% prompt_rows=1956/10
[2026-07-24 09:48:22] PROGRESS format=triplet_human [2/9] format_est=100.0% overall_est=22.2% prompt_rows=1960/10
[2026-07-24 09:48:27] PROGRESS format=triplet_human [2/9] format_est=100.0% overall_est=22.2% prompt_rows=1961/10
[2026-07-24 09:49:12] PROGRESS format=triplet_human [2/9] format_est=100.0% overall_est=22.2% prompt_rows=1971/10
[2026-07-24 09:49:52] PROGRESS format=triplet_human [2/9] format_est=100.0% overall_est=22.2% prompt_rows=1980/10
[2026-07-24 09:49:57] PROGRESS format=triplet_human [2/9] format_est=100.0% overall_est=22.2% prompt_rows=1981/10
[2026-07-24 09:50:38] PROGRESS format=triplet_human [2/9] format_est=100.0% overall_est=22.2% prompt_rows=1991/10
[2026-07-24 09:51:18] PROGRESS format=triplet_human [2/9] format_est=100.0% overall_est=22.2% prompt_rows=2001/10
[2026-07-24 09:52:03] PROGRESS format=triplet_human [2/9] format_est=100.0% overall_est=22.2% prompt_rows=2010/10
[2026-07-24 09:52:08] PROGRESS format=triplet_human [2/9] format_est=100.0% overall_est=22.2% prompt_rows=2011/10
[2026-07-24 09:52:48] PROGRESS format=triplet_human [2/9] format_est=100.0% overall_est=22.2% prompt_rows=2021/10
[2026-07-24 09:53:28] PROGRESS format=triplet_human [2/9] format_est=100.0% overall_est=22.2% prompt_rows=2026/10
[2026-07-24 09:53:33] PROGRESS format=triplet_human [2/9] format_est=100.0% overall_est=22.2% prompt_rows=2031/10
[2026-07-24 09:54:14] PROGRESS format=triplet_human [2/9] format_est=100.0% overall_est=22.2% prompt_rows=2041/10
[2026-07-24 09:54:54] PROGRESS format=triplet_human [2/9] format_est=100.0% overall_est=22.2% prompt_rows=2047/10
[2026-07-24 09:54:59] PROGRESS format=triplet_human [2/9] format_est=100.0% overall_est=22.2% prompt_rows=2051/10
[2026-07-24 09:55:39] PROGRESS format=triplet_human [2/9] format_est=100.0% overall_est=22.2% prompt_rows=2061/10
[2026-07-24 09:56:19] PROGRESS format=triplet_human [2/9] format_est=100.0% overall_est=22.2% prompt_rows=2066/10
[2026-07-24 09:56:24] PROGRESS format=triplet_human [2/9] format_est=100.0% overall_est=22.2% prompt_rows=2071/10
[2026-07-24 09:57:05] PROGRESS format=triplet_human [2/9] format_est=100.0% overall_est=22.2% prompt_rows=2081/10
[2026-07-24 09:57:45] PROGRESS format=triplet_human [2/9] format_est=100.0% overall_est=22.2% prompt_rows=2091/10
[2026-07-24 09:58:30] PROGRESS format=triplet_human [2/9] format_est=100.0% overall_est=22.2% prompt_rows=2101/10
[2026-07-24 09:59:10] PROGRESS format=triplet_human [2/9] format_est=100.0% overall_est=22.2% prompt_rows=2105/10
[2026-07-24 09:59:15] PROGRESS format=triplet_human [2/9] format_est=100.0% overall_est=22.2% prompt_rows=2111/10
[2026-07-24 09:59:55] PROGRESS format=triplet_human [2/9] format_est=100.0% overall_est=22.2% prompt_rows=2121/10
[2026-07-24 10:00:36] PROGRESS format=triplet_human [2/9] format_est=100.0% overall_est=22.2% prompt_rows=2128/10
[2026-07-24 10:00:41] PROGRESS format=triplet_human [2/9] format_est=100.0% overall_est=22.2% prompt_rows=2131/10
[2026-07-24 10:01:21] PROGRESS format=triplet_human [2/9] format_est=100.0% overall_est=22.2% prompt_rows=2141/10
[2026-07-24 10:02:06] PROGRESS format=triplet_human [2/9] format_est=100.0% overall_est=22.2% prompt_rows=2151/10
[2026-07-24 10:02:46] PROGRESS format=triplet_human [2/9] format_est=100.0% overall_est=22.2% prompt_rows=2157/10
[2026-07-24 10:02:51] PROGRESS format=triplet_human [2/9] format_est=100.0% overall_est=22.2% prompt_rows=2161/10
[2026-07-24 10:03:32] PROGRESS format=triplet_human [2/9] format_est=100.0% overall_est=22.2% prompt_rows=2171/10
[2026-07-24 10:04:12] PROGRESS format=triplet_human [2/9] format_est=100.0% overall_est=22.2% prompt_rows=2178/10
[2026-07-24 10:04:17] PROGRESS format=triplet_human [2/9] format_est=100.0% overall_est=22.2% prompt_rows=2181/10
[2026-07-24 10:04:57] PROGRESS format=triplet_human [2/9] format_est=100.0% overall_est=22.2% prompt_rows=2188/10
[2026-07-24 10:05:02] PROGRESS format=triplet_human [2/9] format_est=100.0% overall_est=22.2% prompt_rows=2191/10
[2026-07-24 10:05:42] PROGRESS format=triplet_human [2/9] format_est=100.0% overall_est=22.2% prompt_rows=2201/10
[2026-07-24 10:06:22] PROGRESS format=triplet_human [2/9] format_est=100.0% overall_est=22.2% prompt_rows=2211/10
[2026-07-24 10:07:03] PROGRESS format=triplet_human [2/9] format_est=100.0% overall_est=22.2% prompt_rows=2214/10
[2026-07-24 10:07:08] PROGRESS format=triplet_human [2/9] format_est=100.0% overall_est=22.2% prompt_rows=2221/10
[2026-07-24 10:07:48] PROGRESS format=triplet_human [2/9] format_est=100.0% overall_est=22.2% prompt_rows=2231/10
[2026-07-24 10:08:33] PROGRESS format=triplet_human [2/9] format_est=100.0% overall_est=22.2% prompt_rows=2240/10
[2026-07-24 10:08:38] PROGRESS format=triplet_human [2/9] format_est=100.0% overall_est=22.2% prompt_rows=2241/10
[2026-07-24 10:09:18] PROGRESS format=triplet_human [2/9] format_est=100.0% overall_est=22.2% prompt_rows=2242/10
[2026-07-24 10:09:23] PROGRESS format=triplet_human [2/9] format_est=100.0% overall_est=22.2% prompt_rows=2251/10
[2026-07-24 10:10:03] PROGRESS format=triplet_human [2/9] format_est=100.0% overall_est=22.2% prompt_rows=2261/10
[2026-07-24 10:10:44] PROGRESS format=triplet_human [2/9] format_est=100.0% overall_est=22.2% prompt_rows=2262/10
[2026-07-24 10:10:49] PROGRESS format=triplet_human [2/9] format_est=100.0% overall_est=22.2% prompt_rows=2271/10
[2026-07-24 10:11:29] PROGRESS format=triplet_human [2/9] format_est=100.0% overall_est=22.2% prompt_rows=2274/10
[2026-07-24 10:11:34] PROGRESS format=triplet_human [2/9] format_est=100.0% overall_est=22.2% prompt_rows=2281/10
[2026-07-24 10:12:14] PROGRESS format=triplet_human [2/9] format_est=100.0% overall_est=22.2% prompt_rows=2291/10
[2026-07-24 10:12:54] PROGRESS format=triplet_human [2/9] format_est=100.0% overall_est=22.2% prompt_rows=2293/10
[2026-07-24 10:12:59] PROGRESS format=triplet_human [2/9] format_est=100.0% overall_est=22.2% prompt_rows=2301/10
[2026-07-24 10:13:40] PROGRESS format=triplet_human [2/9] format_est=100.0% overall_est=22.2% prompt_rows=2311/10
[2026-07-24 10:14:25] PROGRESS format=triplet_human [2/9] format_est=100.0% overall_est=22.2% prompt_rows=2321/10
[2026-07-24 10:15:05] PROGRESS format=triplet_human [2/9] format_est=100.0% overall_est=22.2% prompt_rows=2324/10
[2026-07-24 10:15:10] PROGRESS format=triplet_human [2/9] format_est=100.0% overall_est=22.2% prompt_rows=2331/10
[2026-07-24 10:15:50] PROGRESS format=triplet_human [2/9] format_est=100.0% overall_est=22.2% prompt_rows=2341/10
[2026-07-24 10:16:30] PROGRESS format=triplet_human [2/9] format_est=100.0% overall_est=22.2% prompt_rows=2345/10
[2026-07-24 10:16:36] PROGRESS format=triplet_human [2/9] format_est=100.0% overall_est=22.2% prompt_rows=2351/10
[2026-07-24 10:17:16] PROGRESS format=triplet_human [2/9] format_est=100.0% overall_est=22.2% prompt_rows=2361/10
[2026-07-24 10:18:01] PROGRESS format=triplet_human [2/9] format_est=100.0% overall_est=22.2% prompt_rows=2371/10
[2026-07-24 10:18:46] PROGRESS format=triplet_human [2/9] format_est=100.0% overall_est=22.2% prompt_rows=2381/10
[2026-07-24 10:19:26] PROGRESS format=triplet_human [2/9] format_est=100.0% overall_est=22.2% prompt_rows=2385/10
[2026-07-24 10:19:31] PROGRESS format=triplet_human [2/9] format_est=100.0% overall_est=22.2% prompt_rows=2391/10
[2026-07-24 10:20:12] PROGRESS format=triplet_human [2/9] format_est=100.0% overall_est=22.2% prompt_rows=2401/10
[2026-07-24 10:20:57] PROGRESS format=triplet_human [2/9] format_est=100.0% overall_est=22.2% prompt_rows=2411/10
[2026-07-24 10:21:42] PROGRESS format=triplet_human [2/9] format_est=100.0% overall_est=22.2% prompt_rows=2421/10
[2026-07-24 10:22:22] PROGRESS format=triplet_human [2/9] format_est=100.0% overall_est=22.2% prompt_rows=2426/10
[2026-07-24 10:22:27] PROGRESS format=triplet_human [2/9] format_est=100.0% overall_est=22.2% prompt_rows=2431/10
[2026-07-24 10:23:08] PROGRESS format=triplet_human [2/9] format_est=100.0% overall_est=22.2% prompt_rows=2441/10
[2026-07-24 10:23:53] PROGRESS format=triplet_human [2/9] format_est=100.0% overall_est=22.2% prompt_rows=2451/10
[2026-07-24 10:24:33] PROGRESS format=triplet_human [2/9] format_est=100.0% overall_est=22.2% prompt_rows=2452/10
[2026-07-24 10:24:38] PROGRESS format=triplet_human [2/9] format_est=100.0% overall_est=22.2% prompt_rows=2461/10
[2026-07-24 10:25:18] PROGRESS format=triplet_human [2/9] format_est=100.0% overall_est=22.2% prompt_rows=2471/10
[2026-07-24 10:25:58] PROGRESS format=triplet_human [2/9] format_est=100.0% overall_est=22.2% prompt_rows=2474/10
[2026-07-24 10:26:04] PROGRESS format=triplet_human [2/9] format_est=100.0% overall_est=22.2% prompt_rows=2481/10
[2026-07-24 10:26:44] PROGRESS format=triplet_human [2/9] format_est=100.0% overall_est=22.2% prompt_rows=2491/10
[2026-07-24 10:27:29] PROGRESS format=triplet_human [2/9] format_est=100.0% overall_est=22.2% prompt_rows=2501/10
[2026-07-24 10:28:09] PROGRESS format=triplet_human [2/9] format_est=100.0% overall_est=22.2% prompt_rows=2502/10
[2026-07-24 10:28:14] PROGRESS format=triplet_human [2/9] format_est=100.0% overall_est=22.2% prompt_rows=2511/10
[2026-07-24 10:28:54] PROGRESS format=triplet_human [2/9] format_est=100.0% overall_est=22.2% prompt_rows=2520/10
[2026-07-24 10:29:04] PROGRESS format=triplet_human [2/9] format_est=100.0% overall_est=22.2% prompt_rows=2521/10
[2026-07-24 10:29:45] PROGRESS format=triplet_human [2/9] format_est=100.0% overall_est=22.2% prompt_rows=2529/10
[2026-07-24 10:29:50] PROGRESS format=triplet_human [2/9] format_est=100.0% overall_est=22.2% prompt_rows=2531/10
[2026-07-24 10:30:30] PROGRESS format=triplet_human [2/9] format_est=100.0% overall_est=22.2% prompt_rows=2541/10
[2026-07-24 10:31:15] PROGRESS format=triplet_human [2/9] format_est=100.0% overall_est=22.2% prompt_rows=2551/10
[2026-07-24 10:31:55] PROGRESS format=triplet_human [2/9] format_est=100.0% overall_est=22.2% prompt_rows=2554/10
[2026-07-24 10:32:00] PROGRESS format=triplet_human [2/9] format_est=100.0% overall_est=22.2% prompt_rows=2561/10
[2026-07-24 10:32:41] PROGRESS format=triplet_human [2/9] format_est=100.0% overall_est=22.2% prompt_rows=2571/10
[2026-07-24 10:33:21] PROGRESS format=triplet_human [2/9] format_est=100.0% overall_est=22.2% prompt_rows=2572/10
[2026-07-24 10:33:26] PROGRESS format=triplet_human [2/9] format_est=100.0% overall_est=22.2% prompt_rows=2581/10
[2026-07-24 10:34:11] PROGRESS format=triplet_human [2/9] format_est=100.0% overall_est=22.2% prompt_rows=2591/10
[2026-07-24 10:34:52] PROGRESS format=triplet_human [2/9] format_est=100.0% overall_est=22.2% prompt_rows=2595/10
[2026-07-24 10:34:57] PROGRESS format=triplet_human [2/9] format_est=100.0% overall_est=22.2% prompt_rows=2601/10
[2026-07-24 10:35:37] PROGRESS format=triplet_human [2/9] format_est=100.0% overall_est=22.2% prompt_rows=2611/10
[2026-07-24 10:36:22] PROGRESS format=triplet_human [2/9] format_est=100.0% overall_est=22.2% prompt_rows=2621/10
[2026-07-24 10:37:02] PROGRESS format=triplet_human [2/9] format_est=100.0% overall_est=22.2% prompt_rows=2628/10
[2026-07-24 10:37:07] PROGRESS format=triplet_human [2/9] format_est=100.0% overall_est=22.2% prompt_rows=2631/10
[2026-07-24 10:37:48] PROGRESS format=triplet_human [2/9] format_est=100.0% overall_est=22.2% prompt_rows=2641/10
[2026-07-24 10:38:33] PROGRESS format=triplet_human [2/9] format_est=100.0% overall_est=22.2% prompt_rows=2651/10
[2026-07-24 10:39:18] PROGRESS format=triplet_human [2/9] format_est=100.0% overall_est=22.2% prompt_rows=2661/10
[2026-07-24 10:39:58] PROGRESS format=triplet_human [2/9] format_est=100.0% overall_est=22.2% prompt_rows=2669/10
[2026-07-24 10:40:03] PROGRESS format=triplet_human [2/9] format_est=100.0% overall_est=22.2% prompt_rows=2671/10
[2026-07-24 10:40:44] PROGRESS format=triplet_human [2/9] format_est=100.0% overall_est=22.2% prompt_rows=2681/10
[2026-07-24 10:41:29] PROGRESS format=triplet_human [2/9] format_est=100.0% overall_est=22.2% prompt_rows=2691/10
[2026-07-24 10:42:09] PROGRESS format=triplet_human [2/9] format_est=100.0% overall_est=22.2% prompt_rows=2700/10
[2026-07-24 10:42:14] PROGRESS format=triplet_human [2/9] format_est=100.0% overall_est=22.2% prompt_rows=2701/10
[2026-07-24 10:42:49] PROGRESS format=triplet_human [2/9] format_est=100.0% overall_est=22.2% prompt_rows=2702/10
[2026-07-24 10:42:54] PROGRESS format=triplet_human [2/9] format_est=100.0% overall_est=22.2% prompt_rows=2711/10
[2026-07-24 10:43:35] PROGRESS format=triplet_human [2/9] format_est=100.0% overall_est=22.2% prompt_rows=2721/10
[2026-07-24 10:44:15] PROGRESS format=triplet_human [2/9] format_est=100.0% overall_est=22.2% prompt_rows=2722/10
[2026-07-24 10:44:20] PROGRESS format=triplet_human [2/9] format_est=100.0% overall_est=22.2% prompt_rows=2731/10
[2026-07-24 10:45:00] PROGRESS format=triplet_human [2/9] format_est=100.0% overall_est=22.2% prompt_rows=2741/10
[2026-07-24 10:45:45] PROGRESS format=triplet_human [2/9] format_est=100.0% overall_est=22.2% prompt_rows=2751/10
[2026-07-24 10:46:26] PROGRESS format=triplet_human [2/9] format_est=100.0% overall_est=22.2% prompt_rows=2759/10
[2026-07-24 10:46:31] PROGRESS format=triplet_human [2/9] format_est=100.0% overall_est=22.2% prompt_rows=2761/10
[2026-07-24 10:47:11] PROGRESS format=triplet_human [2/9] format_est=100.0% overall_est=22.2% prompt_rows=2771/10
[2026-07-24 10:47:51] PROGRESS format=triplet_human [2/9] format_est=100.0% overall_est=22.2% prompt_rows=2777/10
[2026-07-24 10:47:56] PROGRESS format=triplet_human [2/9] format_est=100.0% overall_est=22.2% prompt_rows=2781/10
[2026-07-24 10:48:36] PROGRESS format=triplet_human [2/9] format_est=100.0% overall_est=22.2% prompt_rows=2791/10
[2026-07-24 10:49:17] PROGRESS format=triplet_human [2/9] format_est=100.0% overall_est=22.2% prompt_rows=2795/10
[2026-07-24 10:49:21] PROGRESS format=triplet_human [2/9] format_est=100.0% overall_est=22.2% prompt_rows=2800/10
[2026-07-24 10:49:21] [2/9] DONE triplet_human; overall=22.2%; summaries updated
[2026-07-24 10:49:21] [3/9] START triplet_human_bar -> C:\Users\hassa\OneDrive\Desktop\EmbodimentSemantic\vla_benchmarking\ablation_outputs\sg_format_ablation_2026_07_24_03_14_26\triplet_human_bar
[2026-07-24 10:49:26] PROGRESS format=triplet_human_bar [3/9] format_est=0.0% overall_est=22.2% prompt_rows=0/10
[2026-07-24 10:50:26] PROGRESS format=triplet_human_bar [3/9] format_est=0.0% overall_est=22.2% prompt_rows=0/10
[2026-07-24 10:51:26] PROGRESS format=triplet_human_bar [3/9] format_est=0.0% overall_est=22.2% prompt_rows=0/10
[2026-07-24 10:52:26] PROGRESS format=triplet_human_bar [3/9] format_est=0.0% overall_est=22.2% prompt_rows=0/10
[2026-07-24 10:53:26] PROGRESS format=triplet_human_bar [3/9] format_est=0.0% overall_est=22.2% prompt_rows=0/10
[2026-07-24 10:53:39] PROGRESS format=triplet_human_bar [3/9] format_est=0.0% overall_est=33.3% prompt_rows=0/10
[2026-07-24 10:53:39] [3/9] FAILED triplet_human_bar exit_code=1
